onset_beat,duration_beat,onset_quarter,duration_quarter,onset_div,duration_div,pitch,voice,id,divs_pq
0.0,1.5,0.0,1.5,0,18,48,5,P05_p5n3,12
0.0,1.0,0.0,1.0,0,12,48,1,P04_p4n0,12
0.0,1.0,0.0,1.0,0,12,55,1,P03_p3n0,12
0.0,1.5,0.0,1.5,0,18,55,5,P05_p5n4,12
0.0,1.5,0.0,1.5,0,18,60,5,P05_p5n5,12
0.0,1.5,0.0,1.5,0,18,63,1,P05_p5n0,12
0.0,1.0,0.0,1.0,0,12,63,1,P02_p2n0,12
0.0,1.5,0.0,1.5,0,18,67,1,P05_p5n1,12
0.0,1.0,0.0,1.0,0,12,72,1,P01_p1n0,12
0.0,1.5,0.0,1.5,0,18,72,1,P05_p5n2,12
1.0,0.5,1.0,0.5,12,6,48,1,P04_p4n1,12
1.0,0.5,1.0,0.5,12,6,55,1,P03_p3n1,12
1.0,0.5,1.0,0.5,12,6,63,1,P02_p2n1,12
1.0,0.5,1.0,0.5,12,6,72,1,P01_p1n1,12
1.5,1.5,1.5,1.5,18,18,48,5,P05_p5n9,12
1.5,1.5,1.5,1.5,18,18,48,1,P04_p4n2,12
1.5,1.5,1.5,1.5,18,18,55,1,P03_p3n2,12
1.5,1.5,1.5,1.5,18,18,55,5,P05_p5n10,12
1.5,1.5,1.5,1.5,18,18,60,5,P05_p5n11,12
1.5,1.5,1.5,1.5,18,18,63,1,P05_p5n6,12
1.5,1.5,1.5,1.5,18,18,63,1,P02_p2n2,12
1.5,1.5,1.5,1.5,18,18,67,1,P05_p5n7,12
1.5,1.5,1.5,1.5,18,18,72,1,P05_p5n8,12
1.5,1.5,1.5,1.5,18,18,72,1,P01_p1n2,12
3.0,1.0,3.0,1.0,36,12,48,5,P05_p5n15,12
3.0,1.0,3.0,1.0,36,12,48,1,P04_p4n3,12
3.0,1.0,3.0,1.0,36,12,55,5,P05_p5n16,12
3.0,1.0,3.0,1.0,36,12,55,1,P03_p3n3,12
3.0,1.0,3.0,1.0,36,12,60,5,P05_p5n17,12
3.0,1.0,3.0,1.0,36,12,63,1,P05_p5n12,12
3.0,1.0,3.0,1.0,36,12,63,1,P02_p2n3,12
3.0,1.0,3.0,1.0,36,12,67,1,P05_p5n13,12
3.0,1.0,3.0,1.0,36,12,72,1,P01_p1n3,12
3.0,1.0,3.0,1.0,36,12,72,1,P05_p5n14,12
4.0,1.0,4.0,1.0,48,12,48,1,P04_p4n4,12
4.0,1.5,4.0,1.5,48,18,48,5,P05_p5n21,12
4.0,1.0,4.0,1.0,48,12,56,1,P03_p3n4,12
4.0,1.5,4.0,1.5,48,18,56,5,P05_p5n22,12
4.0,1.5,4.0,1.5,48,18,60,5,P05_p5n23,12
4.0,1.0,4.0,1.0,48,12,65,1,P02_p2n4,12
4.0,1.5,4.0,1.5,48,18,65,1,P05_p5n18,12
4.0,1.5,4.0,1.5,48,18,68,1,P05_p5n19,12
4.0,1.5,4.0,1.5,48,18,74,1,P05_p5n20,12
4.0,1.0,4.0,1.0,48,12,74,1,P01_p1n4,12
5.0,0.5,5.0,0.5,60,6,48,1,P04_p4n5,12
5.0,0.5,5.0,0.5,60,6,56,1,P03_p3n5,12
5.0,0.5,5.0,0.5,60,6,65,1,P02_p2n5,12
5.0,0.5,5.0,0.5,60,6,74,1,P01_p1n5,12
5.5,1.5,5.5,1.5,66,18,48,1,P04_p4n6,12
5.5,1.5,5.5,1.5,66,18,48,5,P05_p5n27,12
5.5,1.5,5.5,1.5,66,18,56,1,P03_p3n6,12
5.5,1.5,5.5,1.5,66,18,56,5,P05_p5n28,12
5.5,1.5,5.5,1.5,66,18,60,5,P05_p5n29,12
5.5,1.5,5.5,1.5,66,18,65,1,P02_p2n6,12
5.5,1.0,5.5,1.0,66,12,65,1,P05_p5n24,12
5.5,1.0,5.5,1.0,66,12,68,1,P05_p5n25,12
5.5,1.5,5.5,1.5,66,18,74,1,P01_p1n6,12
5.5,1.0,5.5,1.0,66,12,74,1,P05_p5n26,12
6.5,0.5,6.5,0.5,78,6,74,1,P05_p5n30,12
7.0,1.0,7.0,1.0,84,12,48,5,P05_p5n32,12
7.0,1.0,7.0,1.0,84,12,56,5,P05_p5n33,12
7.0,1.0,7.0,1.0,84,12,60,5,P05_p5n34,12
7.0,0.5,7.0,0.5,84,6,75,1,P05_p5n31,12
7.5,0.5,7.5,0.5,90,6,76,1,P05_p5n35,12
8.0,1.5,8.0,1.5,96,18,47,5,P05_p5n39,12
8.0,1.0,8.0,1.0,96,12,47,1,P04_p4n8,12
8.0,1.5,8.0,1.5,96,18,56,5,P05_p5n40,12
8.0,1.5,8.0,1.5,96,18,62,5,P05_p5n41,12
8.0,1.0,8.0,1.0,96,12,62,1,P03_p3n8,12
8.0,1.5,8.0,1.5,96,18,68,1,P05_p5n36,12
8.0,1.0,8.0,1.0,96,12,68,1,P02_p2n8,12
8.0,1.5,8.0,1.5,96,18,74,1,P05_p5n37,12
8.0,1.0,8.0,1.0,96,12,77,1,P01_p1n8,12
8.0,1.5,8.0,1.5,96,18,77,1,P05_p5n38,12
9.0,0.5,9.0,0.5,108,6,47,1,P04_p4n9,12
9.0,0.5,9.0,0.5,108,6,62,1,P03_p3n9,12
9.0,0.5,9.0,0.5,108,6,68,1,P02_p2n9,12
9.0,0.5,9.0,0.5,108,6,77,1,P01_p1n9,12
9.5,1.5,9.5,1.5,114,18,47,5,P05_p5n45,12
9.5,1.5,9.5,1.5,114,18,47,1,P04_p4n10,12
9.5,1.5,9.5,1.5,114,18,56,5,P05_p5n46,12
9.5,1.5,9.5,1.5,114,18,62,5,P05_p5n47,12
9.5,1.5,9.5,1.5,114,18,62,1,P03_p3n10,12
9.5,1.5,9.5,1.5,114,18,68,1,P05_p5n42,12
9.5,1.5,9.5,1.5,114,18,68,1,P02_p2n10,12
9.5,1.5,9.5,1.5,114,18,74,1,P05_p5n43,12
9.5,1.5,9.5,1.5,114,18,77,1,P01_p1n10,12
9.5,1.5,9.5,1.5,114,18,77,1,P05_p5n44,12
11.0,1.0,11.0,1.0,132,12,47,5,P05_p5n51,12
11.0,1.0,11.0,1.0,132,12,47,1,P04_p4n11,12
11.0,1.0,11.0,1.0,132,12,56,5,P05_p5n52,12
11.0,1.0,11.0,1.0,132,12,56,1,P03_p3n11,12
11.0,1.0,11.0,1.0,132,12,62,5,P05_p5n53,12
11.0,1.0,11.0,1.0,132,12,65,1,P02_p2n11,12
11.0,1.0,11.0,1.0,132,12,65,1,P05_p5n48,12
11.0,1.0,11.0,1.0,132,12,68,1,P05_p5n49,12
11.0,1.0,11.0,1.0,132,12,74,1,P01_p1n11,12
11.0,1.0,11.0,1.0,132,12,74,1,P05_p5n50,12
12.0,1.0,12.0,1.0,144,12,48,1,P04_p4n12,12
12.0,1.5,12.0,1.5,144,18,48,5,P05_p5n57,12
12.0,1.5,12.0,1.5,144,18,55,5,P05_p5n58,12
12.0,1.0,12.0,1.0,144,12,55,1,P03_p3n12,12
12.0,1.5,12.0,1.5,144,18,60,5,P05_p5n59,12
12.0,1.5,12.0,1.5,144,18,67,1,P05_p5n54,12
12.0,1.5,12.0,1.5,144,18,74,1,P05_p5n55,12
12.0,1.0,12.0,1.0,144,12,74,1,P02_p2n12,12
12.0,1.0,12.0,1.0,144,12,75,1,P01_p1n12,12
12.0,1.5,12.0,1.5,144,18,75,1,P05_p5n56,12
13.0,0.5,13.0,0.5,156,6,48,1,P04_p4n13,12
13.0,0.5,13.0,0.5,156,6,63,1,P03_p3n13,12
13.0,0.5,13.0,0.5,156,6,67,1,P02_p2n13,12
13.0,0.5,13.0,0.5,156,6,72,1,P01_p1n13,12
13.5,1.5,13.5,1.5,162,18,48,1,P04_p4n14,12
13.5,1.5,13.5,1.5,162,18,48,5,P05_p5n63,12
13.5,1.5,13.5,1.5,162,18,55,5,P05_p5n64,12
13.5,1.5,13.5,1.5,162,18,60,5,P05_p5n65,12
13.5,1.0,13.5,1.0,162,12,63,1,P05_p5n60,12
13.5,1.5,13.5,1.5,162,18,63,1,P03_p3n14,12
13.5,1.5,13.5,1.5,162,18,67,1,P02_p2n14,12
13.5,1.0,13.5,1.0,162,12,67,1,P05_p5n61,12
13.5,1.0,13.5,1.0,162,12,72,1,P05_p5n62,12
13.5,1.5,13.5,1.5,162,18,72,1,P01_p1n14,12
14.5,0.5,14.5,0.5,174,6,63,1,P05_p5n66,12
14.5,0.5,14.5,0.5,174,6,70,1,P05_p5n67,12
15.0,1.0,15.0,1.0,180,12,48,5,P05_p5n69,12
15.0,1.0,15.0,1.0,180,12,55,5,P05_p5n70,12
15.0,1.0,15.0,1.0,180,12,60,5,P05_p5n71,12
15.0,0.5,15.0,0.5,180,6,69,1,P05_p5n68,12
15.5,0.5,15.5,0.5,186,6,68,1,P05_p5n72,12
16.0,4.0,16.0,4.0,192,48,48,5,P05_p5n75,12
16.0,1.0,16.0,1.0,192,12,48,1,P04_p4n16,12
16.0,4.0,16.0,4.0,192,48,55,5,P05_p5n76,12
16.0,1.0,16.0,1.0,192,12,55,1,P03_p3n16,12
16.0,4.0,16.0,4.0,192,48,60,5,P05_p5n77,12
16.0,4.0,16.0,4.0,192,48,63,1,P05_p5n73,12
16.0,1.0,16.0,1.0,192,12,63,1,P02_p2n16,12
16.0,4.0,16.0,4.0,192,48,67,1,P05_p5n74,12
16.0,1.0,16.0,1.0,192,12,67,1,P01_p1n16,12
17.0,0.5,17.0,0.5,204,6,48,1,P04_p4n17,12
17.0,0.5,17.0,0.5,204,6,55,1,P03_p3n17,12
17.0,0.5,17.0,0.5,204,6,63,1,P02_p2n17,12
17.0,0.5,17.0,0.5,204,6,67,1,P01_p1n17,12
17.5,1.5,17.5,1.5,210,18,48,1,P04_p4n18,12
17.5,1.5,17.5,1.5,210,18,55,1,P03_p3n18,12
17.5,1.5,17.5,1.5,210,18,63,1,P02_p2n18,12
17.5,1.0,17.5,1.0,210,12,67,1,P01_p1n18,12
18.5,0.5,18.5,0.5,222,6,72,1,P01_p1n19,12
19.0,1.0,19.0,1.0,228,12,48,1,P04_p4n19,12
19.0,1.0,19.0,1.0,228,12,55,1,P03_p3n19,12
19.0,1.0,19.0,1.0,228,12,60,1,P02_p2n19,12
19.0,0.5,19.0,0.5,228,6,67,1,P01_p1n20,12
19.5,0.5,19.5,0.5,234,6,63,1,P01_p1n21,12
20.0,4.0,20.0,4.0,240,48,48,5,P05_p5n80,12
20.0,1.0,20.0,1.0,240,12,48,1,P04_p4n20,12
20.0,4.0,20.0,4.0,240,48,57,5,P05_p5n81,12
20.0,1.0,20.0,1.0,240,12,57,1,P03_p3n20,12
20.0,4.0,20.0,4.0,240,48,62,1,P05_p5n78,12
20.0,1.0,20.0,1.0,240,12,62,1,P02_p2n20,12
20.0,1.0,20.0,1.0,240,12,66,1,P01_p1n22,12
20.0,4.0,20.0,4.0,240,48,66,1,P05_p5n79,12
21.0,0.5,21.0,0.5,252,6,48,1,P04_p4n21,12
21.0,0.5,21.0,0.5,252,6,57,1,P03_p3n21,12
21.0,0.5,21.0,0.5,252,6,62,1,P02_p2n21,12
21.0,0.5,21.0,0.5,252,6,66,1,P01_p1n23,12
21.5,1.5,21.5,1.5,258,18,48,1,P04_p4n22,12
21.5,1.5,21.5,1.5,258,18,57,1,P03_p3n22,12
21.5,1.5,21.5,1.5,258,18,62,1,P02_p2n22,12
21.5,1.5,21.5,1.5,258,18,66,1,P01_p1n24,12
24.0,4.0,24.0,4.0,288,48,48,5,P05_p5n84,12
24.0,1.0,24.0,1.0,288,12,48,1,P04_p4n24,12
24.0,1.0,24.0,1.0,288,12,56,1,P03_p3n24,12
24.0,4.0,24.0,4.0,288,48,56,5,P05_p5n85,12
24.0,4.0,24.0,4.0,288,48,61,1,P05_p5n82,12
24.0,1.0,24.0,1.0,288,12,61,1,P02_p2n24,12
24.0,1.0,24.0,1.0,288,12,65,1,P01_p1n26,12
24.0,4.0,24.0,4.0,288,48,65,1,P05_p5n83,12
25.0,0.5,25.0,0.5,300,6,48,1,P04_p4n25,12
25.0,0.5,25.0,0.5,300,6,56,1,P03_p3n25,12
25.0,0.5,25.0,0.5,300,6,61,1,P02_p2n25,12
25.0,0.5,25.0,0.5,300,6,65,1,P01_p1n27,12
25.5,1.5,25.5,1.5,306,18,48,1,P04_p4n26,12
25.5,1.5,25.5,1.5,306,18,56,1,P03_p3n26,12
25.5,1.5,25.5,1.5,306,18,61,1,P02_p2n26,12
25.5,1.5,25.5,1.5,306,18,65,1,P01_p1n28,12
27.0,1.0,27.0,1.0,324,12,48,1,P04_p4n27,12
27.0,1.0,27.0,1.0,324,12,56,1,P03_p3n27,12
27.0,1.0,27.0,1.0,324,12,61,1,P02_p2n27,12
27.0,1.0,27.0,1.0,324,12,65,1,P01_p1n29,12
28.0,1.5,28.0,1.5,336,18,48,6,P05_p5n89,12
28.0,1.0,28.0,1.0,336,12,48,1,P04_p4n28,12
28.0,4.0,28.0,4.0,336,48,55,5,P05_p5n88,12
28.0,1.0,28.0,1.0,336,12,55,1,P03_p3n28,12
28.0,3.0,28.0,3.0,336,36,60,1,P05_p5n86,12
28.0,1.0,28.0,1.0,336,12,60,1,P02_p2n28,12
28.0,1.0,28.0,1.0,336,12,63,1,P01_p1n30,12
28.0,3.0,28.0,3.0,336,36,63,1,P05_p5n87,12
29.0,0.5,29.0,0.5,348,6,48,1,P04_p4n29,12
29.0,0.5,29.0,0.5,348,6,55,1,P03_p3n29,12
29.0,0.5,29.0,0.5,348,6,60,1,P02_p2n29,12
29.0,0.5,29.0,0.5,348,6,63,1,P01_p1n31,12
29.5,1.5,29.5,1.5,354,18,48,6,P05_p5n90,12
29.5,1.5,29.5,1.5,354,18,48,1,P04_p4n30,12
29.5,1.5,29.5,1.5,354,18,55,1,P03_p3n30,12
29.5,1.5,29.5,1.5,354,18,60,1,P02_p2n30,12
29.5,1.5,29.5,1.5,354,18,63,1,P01_p1n32,12
31.0,1.0,31.0,1.0,372,12,46,1,P04_p4n31,12
31.0,1.0,31.0,1.0,372,12,46,6,P05_p5n93,12
31.0,1.0,31.0,1.0,372,12,55,1,P03_p3n31,12
31.0,0.5,31.0,0.5,372,6,62,1,P05_p5n91,12
31.0,0.5,31.0,0.5,372,6,62,1,P02_p2n31,12
31.0,0.5,31.0,0.5,372,6,65,1,P01_p1n33,12
31.0,0.5,31.0,0.5,372,6,65,1,P05_p5n92,12
31.5,0.5,31.5,0.5,378,6,63,1,P05_p5n94,12
31.5,0.5,31.5,0.5,378,6,63,1,P02_p2n32,12
31.5,0.5,31.5,0.5,378,6,67,1,P05_p5n95,12
31.5,0.5,31.5,0.5,378,6,67,1,P01_p1n34,12
32.0,3.0,32.0,3.0,384,36,44,1,P04_p4n32,12
32.0,4.0,32.0,4.0,384,48,44,5,P05_p5n98,12
32.0,4.0,32.0,4.0,384,48,54,5,P05_p5n99,12
32.0,2.0,32.0,2.0,384,24,54,1,P03_p3n32,12
32.0,1.0,32.0,1.0,384,12,60,1,P05_p5n96,12
32.0,1.0,32.0,1.0,384,12,60,1,P02_p2n33,12
32.0,1.0,32.0,1.0,384,12,68,1,P01_p1n35,12
32.0,1.0,32.0,1.0,384,12,68,1,P05_p5n97,12
33.0,1.0,33.0,1.0,396,12,66,1,P02_p2n34,12
33.0,1.0,33.0,1.0,396,12,66,1,P05_p5n100,12
33.0,1.0,33.0,1.0,396,12,75,1,P05_p5n101,12
33.0,1.0,33.0,1.0,396,12,75,1,P01_p1n36,12
34.0,1.0,34.0,1.0,408,12,56,1,P03_p3n33,12
34.0,1.0,34.0,1.0,408,12,65,1,P02_p2n35,12
34.0,1.0,34.0,1.0,408,12,65,1,P05_p5n102,12
34.0,1.0,34.0,1.0,408,12,74,1,P05_p5n103,12
34.0,1.0,34.0,1.0,408,12,74,1,P01_p1n37,12
35.0,1.0,35.0,1.0,420,12,44,1,P04_p4n33,12
35.0,1.0,35.0,1.0,420,12,54,1,P03_p3n34,12
35.0,1.0,35.0,1.0,420,12,63,1,P05_p5n104,12
35.0,1.0,35.0,1.0,420,12,63,1,P02_p2n36,12
35.0,1.0,35.0,1.0,420,12,72,1,P01_p1n38,12
35.0,1.0,35.0,1.0,420,12,72,1,P05_p5n105,12
36.0,3.0,36.0,3.0,432,36,43,1,P04_p4n34,12
36.0,3.0,36.0,3.0,432,36,43,5,P05_p5n109,12
36.0,3.0,36.0,3.0,432,36,53,5,P05_p5n110,12
36.0,3.0,36.0,3.0,432,36,55,1,P03_p3n35,12
36.0,3.0,36.0,3.0,432,36,62,1,P05_p5n106,12
36.0,3.0,36.0,3.0,432,36,62,1,P02_p2n37,12
36.0,3.0,36.0,3.0,432,36,68,1,P05_p5n107,12
36.0,3.0,36.0,3.0,432,36,68,1,P02_p2n38,12
36.0,3.0,36.0,3.0,432,36,72,1,P01_p1n39,12
36.0,3.0,36.0,3.0,432,36,72,1,P05_p5n108,12
39.0,1.0,39.0,1.0,468,12,24,5,P05_p5n112,12
40.0,1.0,40.0,1.0,480,12,36,5,P05_p5n114,12
40.5,1.0,40.5,1.0,486,12,62,1,P05_p5n115,12
40.5,1.0,40.5,1.0,486,12,63,1,P05_p5n116,12
40.5,1.0,40.5,1.0,486,12,67,1,P05_p5n117,12
41.0,1.0,41.0,1.0,492,12,24,5,P05_p5n118,12
41.5,0.5,41.5,0.5,498,6,62,1,P05_p5n119,12
41.5,0.5,41.5,0.5,498,6,63,1,P05_p5n120,12
41.5,0.5,41.5,0.5,498,6,67,1,P05_p5n121,12
42.0,1.0,42.0,1.0,504,12,36,5,P05_p5n125,12
42.0,0.25,42.0,0.25,504,3,62,1,P05_p5n122,12
42.0,0.25,42.0,0.25,504,3,63,1,P05_p5n123,12
42.0,0.25,42.0,0.25,504,3,67,1,P05_p5n124,12
42.25,0.25,42.25,0.25,507,3,62,1,P05_p5n126,12
42.25,0.25,42.25,0.25,507,3,63,1,P05_p5n127,12
42.25,0.25,42.25,0.25,507,3,67,1,P05_p5n128,12
42.5,1.5,42.5,1.5,510,18,62,1,P05_p5n129,12
42.5,1.5,42.5,1.5,510,18,63,1,P05_p5n130,12
42.5,1.5,42.5,1.5,510,18,67,1,P05_p5n131,12
43.0,1.0,43.0,1.0,516,12,24,5,P05_p5n132,12
44.0,1.0,44.0,1.0,528,12,36,5,P05_p5n134,12
44.5,0.5,44.5,0.5,534,6,54,1,P05_p5n135,12
45.0,1.0,45.0,1.0,540,12,24,5,P05_p5n137,12
45.0,0.5,45.0,0.5,540,6,55,1,P05_p5n136,12
45.5,0.5,45.5,0.5,546,6,63,1,P05_p5n138,12
46.0,1.0,46.0,1.0,552,12,36,5,P05_p5n140,12
46.0,0.5,46.0,0.5,552,6,59,1,P05_p5n139,12
46.5,0.5,46.5,0.5,558,6,60,1,P05_p5n141,12
47.0,1.0,47.0,1.0,564,12,24,5,P05_p5n143,12
47.0,0.5,47.0,0.5,564,6,68,1,P05_p5n142,12
47.5,0.5,47.5,0.5,570,6,67,1,P05_p5n144,12
48.0,1.0,48.0,1.0,576,12,36,5,P05_p5n146,12
48.5,1.0,48.5,1.0,582,12,62,1,P05_p5n147,12
48.5,1.0,48.5,1.0,582,12,63,1,P05_p5n148,12
48.5,1.0,48.5,1.0,582,12,67,1,P05_p5n149,12
49.0,1.0,49.0,1.0,588,12,24,5,P05_p5n150,12
49.5,0.5,49.5,0.5,594,6,62,1,P05_p5n151,12
49.5,0.5,49.5,0.5,594,6,63,1,P05_p5n152,12
49.5,0.5,49.5,0.5,594,6,67,1,P05_p5n153,12
50.0,1.0,50.0,1.0,600,12,36,5,P05_p5n157,12
50.0,0.25,50.0,0.25,600,3,62,1,P05_p5n154,12
50.0,0.25,50.0,0.25,600,3,63,1,P05_p5n155,12
50.0,0.25,50.0,0.25,600,3,67,1,P05_p5n156,12
50.25,0.25,50.25,0.25,603,3,62,1,P05_p5n158,12
50.25,0.25,50.25,0.25,603,3,63,1,P05_p5n159,12
50.25,0.25,50.25,0.25,603,3,67,1,P05_p5n160,12
50.5,1.5,50.5,1.5,606,18,62,1,P05_p5n161,12
50.5,1.5,50.5,1.5,606,18,63,1,P05_p5n162,12
50.5,1.5,50.5,1.5,606,18,67,1,P05_p5n163,12
51.0,1.0,51.0,1.0,612,12,24,5,P05_p5n164,12
52.0,1.0,52.0,1.0,624,12,36,5,P05_p5n166,12
52.5,1.0,52.5,1.0,630,12,55,1,P05_p5n167,12
52.5,1.0,52.5,1.0,630,12,63,1,P05_p5n168,12
53.0,1.0,53.0,1.0,636,12,24,5,P05_p5n169,12
53.5,0.5,53.5,0.5,642,6,54,1,P05_p5n170,12
53.5,0.5,53.5,0.5,642,6,62,1,P05_p5n171,12
54.0,1.0,54.0,1.0,648,12,36,5,P05_p5n174,12
54.0,0.5,54.0,0.5,648,6,54,1,P05_p5n172,12
54.0,0.5,54.0,0.5,648,6,62,1,P05_p5n173,12
54.5,0.5,54.5,0.5,654,6,53,1,P05_p5n175,12
54.5,0.5,54.5,0.5,654,6,61,1,P05_p5n176,12
55.0,1.0,55.0,1.0,660,12,24,5,P05_p5n179,12
55.0,0.5,55.0,0.5,660,6,53,1,P05_p5n177,12
55.0,0.5,55.0,0.5,660,6,61,1,P05_p5n178,12
55.5,0.5,55.5,0.5,666,6,51,1,P05_p5n180,12
55.5,0.5,55.5,0.5,666,6,60,1,P05_p5n181,12
56.0,1.0,56.0,1.0,672,12,36,5,P05_p5n185,12
56.0,1.0,56.0,1.0,672,12,60,1,P05_p5n182,12
56.0,1.0,56.0,1.0,672,12,63,1,P05_p5n183,12
56.0,1.0,56.0,1.0,672,12,67,1,P05_p5n184,12
56.5,1.0,56.5,1.0,678,12,48,1,P04_p4n41,12
57.0,1.0,57.0,1.0,684,12,24,5,P05_p5n187,12
57.5,0.25,57.5,0.25,690,3,47,1,P04_p4n42,12
57.75,0.25,57.75,0.25,693,3,48,1,P04_p4n43,12
58.0,1.0,58.0,1.0,696,12,36,5,P05_p5n191,12
58.0,1.5,58.0,1.5,696,18,50,1,P04_p4n44,12
58.0,1.0,58.0,1.0,696,12,60,1,P05_p5n188,12
58.0,1.0,58.0,1.0,696,12,63,1,P05_p5n189,12
58.0,1.0,58.0,1.0,696,12,67,1,P05_p5n190,12
59.0,1.0,59.0,1.0,708,12,24,5,P05_p5n193,12
59.5,0.25,59.5,0.25,714,3,48,1,P04_p4n45,12
59.75,0.25,59.75,0.25,717,3,50,1,P04_p4n46,12
60.0,1.0,60.0,1.0,720,12,36,5,P05_p5n197,12
60.0,0.25,60.0,0.25,720,3,51,1,P04_p4n47,12
60.0,1.0,60.0,1.0,720,12,60,1,P05_p5n194,12
60.0,1.0,60.0,1.0,720,12,63,1,P05_p5n195,12
60.0,1.0,60.0,1.0,720,12,67,1,P05_p5n196,12
60.25,0.25,60.25,0.25,723,3,50,1,P04_p4n48,12
60.5,1.0,60.5,1.0,726,12,51,1,P04_p4n49,12
61.0,1.0,61.0,1.0,732,12,24,5,P05_p5n199,12
61.5,0.5,61.5,0.5,738,6,48,1,P04_p4n50,12
62.0,1.0,62.0,1.0,744,12,36,5,P05_p5n203,12
62.0,1.5,62.0,1.5,744,18,56,1,P04_p4n51,12
62.0,1.0,62.0,1.0,744,12,60,1,P05_p5n200,12
62.0,1.0,62.0,1.0,744,12,63,1,P05_p5n201,12
62.0,1.0,62.0,1.0,744,12,67,1,P05_p5n202,12
63.0,1.0,63.0,1.0,756,12,24,5,P05_p5n205,12
63.5,0.25,63.5,0.25,762,3,55,1,P04_p4n52,12
63.75,0.25,63.75,0.25,765,3,53,1,P04_p4n53,12
64.0,1.0,64.0,1.0,768,12,36,5,P05_p5n209,12
64.0,0.5,64.0,0.5,768,6,55,1,P04_p4n54,12
64.0,1.0,64.0,1.0,768,12,60,1,P05_p5n206,12
64.0,1.0,64.0,1.0,768,12,63,1,P05_p5n207,12
64.0,1.0,64.0,1.0,768,12,67,1,P05_p5n208,12
64.5,0.5,64.5,0.5,774,6,48,1,P04_p4n55,12
65.0,1.0,65.0,1.0,780,12,24,5,P05_p5n211,12
65.0,1.5,65.0,1.5,780,18,53,1,P04_p4n56,12
66.0,1.0,66.0,1.0,792,12,36,5,P05_p5n215,12
66.0,1.0,66.0,1.0,792,12,60,1,P05_p5n212,12
66.0,1.0,66.0,1.0,792,12,63,1,P05_p5n213,12
66.0,1.0,66.0,1.0,792,12,67,1,P05_p5n214,12
66.5,0.25,66.5,0.25,798,3,51,1,P04_p4n58,12
66.75,0.25,66.75,0.25,801,3,50,1,P04_p4n59,12
67.0,1.0,67.0,1.0,804,12,24,5,P05_p5n217,12
67.0,1.0,67.0,1.0,804,12,51,1,P04_p4n60,12
68.0,1.0,68.0,1.0,816,12,36,5,P05_p5n221,12
68.0,1.0,68.0,1.0,816,12,60,1,P05_p5n218,12
68.0,1.0,68.0,1.0,816,12,63,1,P05_p5n219,12
68.0,1.0,68.0,1.0,816,12,67,1,P05_p5n220,12
68.5,1.0,68.5,1.0,822,12,48,1,P04_p4n62,12
69.0,1.0,69.0,1.0,828,12,24,5,P05_p5n223,12
69.5,0.25,69.5,0.25,834,3,47,1,P04_p4n63,12
69.75,0.25,69.75,0.25,837,3,48,1,P04_p4n64,12
70.0,1.0,70.0,1.0,840,12,36,5,P05_p5n227,12
70.0,1.5,70.0,1.5,840,18,50,1,P04_p4n65,12
70.0,1.0,70.0,1.0,840,12,60,1,P05_p5n224,12
70.0,1.0,70.0,1.0,840,12,63,1,P05_p5n225,12
70.0,1.0,70.0,1.0,840,12,67,1,P05_p5n226,12
71.0,1.0,71.0,1.0,852,12,24,5,P05_p5n229,12
71.5,0.25,71.5,0.25,858,3,51,1,P04_p4n66,12
71.75,0.25,71.75,0.25,861,3,53,1,P04_p4n67,12
72.0,1.0,72.0,1.0,864,12,36,5,P05_p5n233,12
72.0,0.25,72.0,0.25,864,3,51,1,P04_p4n68,12
72.0,1.0,72.0,1.0,864,12,60,1,P05_p5n230,12
72.0,1.0,72.0,1.0,864,12,63,1,P05_p5n231,12
72.0,1.0,72.0,1.0,864,12,67,1,P05_p5n232,12
72.25,0.25,72.25,0.25,867,3,50,1,P04_p4n69,12
72.5,1.5,72.5,1.5,870,18,48,1,P04_p4n70,12
72.5,1.0,72.5,1.0,870,12,55,1,P03_p3n46,12
73.0,1.0,73.0,1.0,876,12,24,5,P05_p5n235,12
73.5,0.25,73.5,0.25,882,3,53,1,P03_p3n47,12
73.75,0.25,73.75,0.25,885,3,55,1,P03_p3n48,12
74.0,1.0,74.0,1.0,888,12,36,5,P05_p5n239,12
74.0,1.5,74.0,1.5,888,18,56,1,P03_p3n49,12
74.0,1.0,74.0,1.0,888,12,60,1,P05_p5n236,12
74.0,1.0,74.0,1.0,888,12,63,1,P05_p5n237,12
74.0,1.0,74.0,1.0,888,12,67,1,P05_p5n238,12
74.5,1.0,74.5,1.0,894,12,48,1,P04_p4n72,12
75.0,1.0,75.0,1.0,900,12,24,5,P05_p5n241,12
75.5,0.5,75.5,0.5,906,6,48,1,P04_p4n73,12
75.5,0.25,75.5,0.25,906,3,55,1,P03_p3n50,12
75.75,0.25,75.75,0.25,909,3,56,1,P03_p3n51,12
76.0,1.0,76.0,1.0,912,12,36,5,P05_p5n245,12
76.0,2.0,76.0,2.0,912,24,48,1,P04_p4n74,12
76.0,0.25,76.0,0.25,912,3,58,1,P03_p3n52,12
76.0,1.0,76.0,1.0,912,12,60,1,P05_p5n242,12
76.0,1.0,76.0,1.0,912,12,63,1,P05_p5n243,12
76.0,1.0,76.0,1.0,912,12,67,1,P05_p5n244,12
76.25,0.25,76.25,0.25,915,3,56,1,P03_p3n53,12
76.5,1.0,76.5,1.0,918,12,58,1,P03_p3n54,12
77.0,1.0,77.0,1.0,924,12,24,5,P05_p5n247,12
77.5,0.5,77.5,0.5,930,6,55,1,P03_p3n55,12
78.0,1.0,78.0,1.0,936,12,36,5,P05_p5n251,12
78.0,1.0,78.0,1.0,936,12,60,1,P05_p5n248,12
78.0,1.5,78.0,1.5,936,18,63,1,P03_p3n56,12
78.0,1.0,78.0,1.0,936,12,63,1,P05_p5n249,12
78.0,1.0,78.0,1.0,936,12,67,1,P05_p5n250,12
78.5,1.0,78.5,1.0,942,12,48,1,P04_p4n76,12
79.0,1.0,79.0,1.0,948,12,24,5,P05_p5n253,12
79.5,1.0,79.5,1.0,954,12,48,1,P04_p4n77,12
79.5,0.25,79.5,0.25,954,3,62,1,P03_p3n57,12
79.75,0.25,79.75,0.25,957,3,60,1,P03_p3n58,12
80.0,1.0,80.0,1.0,960,12,36,5,P05_p5n257,12
80.0,1.0,80.0,1.0,960,12,60,1,P05_p5n254,12
80.0,0.5,80.0,0.5,960,6,62,1,P03_p3n59,12
80.0,1.0,80.0,1.0,960,12,63,1,P05_p5n255,12
80.0,1.0,80.0,1.0,960,12,67,1,P05_p5n256,12
80.5,0.5,80.5,0.5,966,6,48,1,P04_p4n79,12
80.5,0.5,80.5,0.5,966,6,55,1,P03_p3n60,12
81.0,1.0,81.0,1.0,972,12,24,5,P05_p5n259,12
81.0,1.0,81.0,1.0,972,12,48,1,P04_p4n80,12
81.0,1.5,81.0,1.5,972,18,60,1,P03_p3n61,12
82.0,1.0,82.0,1.0,984,12,36,5,P05_p5n263,12
82.0,1.0,82.0,1.0,984,12,60,1,P05_p5n260,12
82.0,1.0,82.0,1.0,984,12,63,1,P05_p5n261,12
82.0,1.0,82.0,1.0,984,12,67,1,P05_p5n262,12
82.5,1.0,82.5,1.0,990,12,48,1,P04_p4n82,12
82.5,0.25,82.5,0.25,990,3,58,1,P03_p3n63,12
82.75,0.25,82.75,0.25,993,3,56,1,P03_p3n64,12
83.0,1.0,83.0,1.0,996,12,24,5,P05_p5n265,12
83.0,1.0,83.0,1.0,996,12,58,1,P03_p3n65,12
83.5,0.5,83.5,0.5,1002,6,48,1,P04_p4n83,12
84.0,1.0,84.0,1.0,1008,12,36,5,P05_p5n269,12
84.0,2.0,84.0,2.0,1008,24,48,1,P04_p4n84,12
84.0,1.0,84.0,1.0,1008,12,60,1,P05_p5n266,12
84.0,1.0,84.0,1.0,1008,12,63,1,P05_p5n267,12
84.0,1.0,84.0,1.0,1008,12,67,1,P05_p5n268,12
84.5,1.0,84.5,1.0,1014,12,55,1,P03_p3n67,12
85.0,1.0,85.0,1.0,1020,12,24,5,P05_p5n271,12
85.5,0.25,85.5,0.25,1026,3,53,1,P03_p3n68,12
85.75,0.25,85.75,0.25,1029,3,55,1,P03_p3n69,12
86.0,1.0,86.0,1.0,1032,12,36,5,P05_p5n275,12
86.0,1.5,86.0,1.5,1032,18,56,1,P03_p3n70,12
86.0,1.0,86.0,1.0,1032,12,60,1,P05_p5n272,12
86.0,1.0,86.0,1.0,1032,12,63,1,P05_p5n273,12
86.0,1.0,86.0,1.0,1032,12,67,1,P05_p5n274,12
86.5,1.0,86.5,1.0,1038,12,48,1,P04_p4n86,12
87.0,1.0,87.0,1.0,1044,12,24,5,P05_p5n277,12
87.5,1.0,87.5,1.0,1050,12,48,1,P04_p4n87,12
87.5,0.25,87.5,0.25,1050,3,58,1,P03_p3n71,12
87.75,0.25,87.75,0.25,1053,3,60,1,P03_p3n72,12
88.0,1.0,88.0,1.0,1056,12,36,5,P05_p5n281,12
88.0,0.25,88.0,0.25,1056,3,58,1,P03_p3n73,12
88.0,1.0,88.0,1.0,1056,12,60,1,P05_p5n278,12
88.0,1.0,88.0,1.0,1056,12,63,1,P05_p5n279,12
88.0,1.0,88.0,1.0,1056,12,67,1,P05_p5n280,12
88.25,0.25,88.25,0.25,1059,3,56,1,P03_p3n74,12
88.5,0.5,88.5,0.5,1062,6,48,1,P04_p4n89,12
88.5,1.5,88.5,1.5,1062,18,55,1,P03_p3n75,12
88.5,1.0,88.5,1.0,1062,12,60,1,P02_p2n53,12
89.0,1.0,89.0,1.0,1068,12,24,5,P05_p5n283,12
89.0,1.0,89.0,1.0,1068,12,48,1,P04_p4n90,12
89.5,0.25,89.5,0.25,1074,3,59,1,P02_p2n54,12
89.75,0.25,89.75,0.25,1077,3,60,1,P02_p2n55,12
90.0,1.0,90.0,1.0,1080,12,36,5,P05_p5n287,12
90.0,1.0,90.0,1.0,1080,12,60,1,P05_p5n284,12
90.0,1.5,90.0,1.5,1080,18,62,1,P02_p2n56,12
90.0,1.0,90.0,1.0,1080,12,63,1,P05_p5n285,12
90.0,1.0,90.0,1.0,1080,12,67,1,P05_p5n286,12
90.5,1.0,90.5,1.0,1086,12,48,1,P04_p4n92,12
90.5,1.0,90.5,1.0,1086,12,56,1,P03_p3n77,12
91.0,1.0,91.0,1.0,1092,12,24,5,P05_p5n289,12
91.5,0.5,91.5,0.5,1098,6,48,1,P04_p4n93,12
91.5,0.5,91.5,0.5,1098,6,56,1,P03_p3n78,12
91.5,0.25,91.5,0.25,1098,3,60,1,P02_p2n57,12
91.75,0.25,91.75,0.25,1101,3,62,1,P02_p2n58,12
92.0,1.0,92.0,1.0,1104,12,36,5,P05_p5n293,12
92.0,2.0,92.0,2.0,1104,24,48,1,P04_p4n94,12
92.0,2.0,92.0,2.0,1104,24,55,1,P03_p3n79,12
92.0,1.0,92.0,1.0,1104,12,60,1,P05_p5n290,12
92.0,0.25,92.0,0.25,1104,3,63,1,P02_p2n59,12
92.0,1.0,92.0,1.0,1104,12,63,1,P05_p5n291,12
92.0,1.0,92.0,1.0,1104,12,67,1,P05_p5n292,12
92.25,0.25,92.25,0.25,1107,3,62,1,P02_p2n60,12
92.5,1.0,92.5,1.0,1110,12,63,1,P02_p2n61,12
93.0,1.0,93.0,1.0,1116,12,24,5,P05_p5n295,12
93.5,0.5,93.5,0.5,1122,6,60,1,P02_p2n62,12
94.0,1.0,94.0,1.0,1128,12,36,5,P05_p5n299,12
94.0,1.0,94.0,1.0,1128,12,60,1,P05_p5n296,12
94.0,1.0,94.0,1.0,1128,12,63,1,P05_p5n297,12
94.0,1.0,94.0,1.0,1128,12,67,1,P05_p5n298,12
94.0,1.5,94.0,1.5,1128,18,68,1,P02_p2n63,12
94.5,1.0,94.5,1.0,1134,12,48,1,P04_p4n96,12
94.5,1.0,94.5,1.0,1134,12,53,1,P03_p3n81,12
95.0,1.0,95.0,1.0,1140,12,24,5,P05_p5n301,12
95.5,1.0,95.5,1.0,1146,12,48,1,P04_p4n97,12
95.5,1.0,95.5,1.0,1146,12,62,1,P03_p3n82,12
95.5,0.25,95.5,0.25,1146,3,67,1,P02_p2n64,12
95.75,0.25,95.75,0.25,1149,3,65,1,P02_p2n65,12
96.0,1.0,96.0,1.0,1152,12,36,5,P05_p5n305,12
96.0,1.0,96.0,1.0,1152,12,60,1,P05_p5n302,12
96.0,1.0,96.0,1.0,1152,12,63,1,P05_p5n303,12
96.0,1.0,96.0,1.0,1152,12,67,1,P05_p5n304,12
96.0,0.5,96.0,0.5,1152,6,67,1,P02_p2n66,12
96.5,0.5,96.5,0.5,1158,6,48,1,P04_p4n99,12
96.5,0.5,96.5,0.5,1158,6,60,1,P03_p3n84,12
96.5,0.5,96.5,0.5,1158,6,60,1,P02_p2n67,12
97.0,1.0,97.0,1.0,1164,12,24,5,P05_p5n307,12
97.0,1.0,97.0,1.0,1164,12,48,1,P04_p4n100,12
97.0,1.0,97.0,1.0,1164,12,60,1,P03_p3n85,12
97.0,1.5,97.0,1.5,1164,18,65,1,P02_p2n68,12
98.0,1.0,98.0,1.0,1176,12,36,5,P05_p5n311,12
98.0,1.0,98.0,1.0,1176,12,60,1,P05_p5n308,12
98.0,1.0,98.0,1.0,1176,12,63,1,P05_p5n309,12
98.0,1.0,98.0,1.0,1176,12,67,1,P05_p5n310,12
98.5,1.0,98.5,1.0,1182,12,48,1,P04_p4n102,12
98.5,1.0,98.5,1.0,1182,12,58,1,P03_p3n87,12
98.5,0.25,98.5,0.25,1182,3,63,1,P02_p2n70,12
98.75,0.25,98.75,0.25,1185,3,62,1,P02_p2n71,12
99.0,1.0,99.0,1.0,1188,12,24,5,P05_p5n313,12
99.0,1.0,99.0,1.0,1188,12,63,1,P02_p2n72,12
99.5,0.5,99.5,0.5,1194,6,48,1,P04_p4n103,12
99.5,0.5,99.5,0.5,1194,6,57,1,P03_p3n88,12
100.0,1.0,100.0,1.0,1200,12,36,5,P05_p5n317,12
100.0,2.0,100.0,2.0,1200,24,48,1,P04_p4n104,12
100.0,2.0,100.0,2.0,1200,24,56,1,P03_p3n89,12
100.0,1.0,100.0,1.0,1200,12,60,1,P05_p5n314,12
100.0,1.0,100.0,1.0,1200,12,63,1,P05_p5n315,12
100.0,1.0,100.0,1.0,1200,12,67,1,P05_p5n316,12
100.5,1.0,100.5,1.0,1206,12,60,1,P02_p2n74,12
101.0,1.0,101.0,1.0,1212,12,24,5,P05_p5n319,12
101.5,0.25,101.5,0.25,1218,3,59,1,P02_p2n75,12
101.75,0.25,101.75,0.25,1221,3,60,1,P02_p2n76,12
102.0,1.0,102.0,1.0,1224,12,36,5,P05_p5n323,12
102.0,1.0,102.0,1.0,1224,12,60,1,P05_p5n320,12
102.0,1.5,102.0,1.5,1224,18,62,1,P02_p2n77,12
102.0,1.0,102.0,1.0,1224,12,63,1,P05_p5n321,12
102.0,1.0,102.0,1.0,1224,12,67,1,P05_p5n322,12
102.5,1.0,102.5,1.0,1230,12,48,1,P04_p4n106,12
102.5,1.0,102.5,1.0,1230,12,54,1,P03_p3n91,12
103.0,1.0,103.0,1.0,1236,12,24,5,P05_p5n325,12
103.5,1.0,103.5,1.0,1242,12,48,1,P04_p4n107,12
103.5,1.0,103.5,1.0,1242,12,56,1,P03_p3n92,12
103.5,0.25,103.5,0.25,1242,3,63,1,P02_p2n78,12
103.75,0.25,103.75,0.25,1245,3,65,1,P02_p2n79,12
104.0,1.0,104.0,1.0,1248,12,36,5,P05_p5n329,12
104.0,1.0,104.0,1.0,1248,12,60,1,P05_p5n326,12
104.0,0.25,104.0,0.25,1248,3,63,1,P02_p2n80,12
104.0,1.0,104.0,1.0,1248,12,63,1,P05_p5n327,12
104.0,1.0,104.0,1.0,1248,12,67,1,P05_p5n328,12
104.25,0.25,104.25,0.25,1251,3,62,1,P02_p2n81,12
104.5,0.5,104.5,0.5,1254,6,48,1,P04_p4n109,12
104.5,0.5,104.5,0.5,1254,6,55,1,P03_p3n94,12
104.5,1.5,104.5,1.5,1254,18,60,1,P02_p2n82,12
104.5,1.0,104.5,1.0,1254,12,67,1,P01_p1n58,12
105.0,1.0,105.0,1.0,1260,12,24,5,P05_p5n331,12
105.0,1.0,105.0,1.0,1260,12,48,1,P04_p4n110,12
105.0,1.0,105.0,1.0,1260,12,55,1,P03_p3n95,12
105.5,0.25,105.5,0.25,1266,3,65,1,P01_p1n59,12
105.75,0.25,105.75,0.25,1269,3,67,1,P01_p1n60,12
106.0,1.0,106.0,1.0,1272,12,36,5,P05_p5n335,12
106.0,1.0,106.0,1.0,1272,12,60,1,P05_p5n332,12
106.0,1.0,106.0,1.0,1272,12,63,1,P05_p5n333,12
106.0,1.0,106.0,1.0,1272,12,67,1,P05_p5n334,12
106.0,1.5,106.0,1.5,1272,18,68,1,P01_p1n61,12
106.5,1.0,106.5,1.0,1278,12,48,1,P04_p4n112,12
106.5,1.0,106.5,1.0,1278,12,53,1,P03_p3n97,12
106.5,1.0,106.5,1.0,1278,12,62,1,P02_p2n84,12
107.0,1.0,107.0,1.0,1284,12,24,5,P05_p5n337,12
107.5,0.5,107.5,0.5,1290,6,48,1,P04_p4n113,12
107.5,0.5,107.5,0.5,1290,6,53,1,P03_p3n98,12
107.5,0.5,107.5,0.5,1290,6,62,1,P02_p2n85,12
107.5,0.25,107.5,0.25,1290,3,67,1,P01_p1n62,12
107.75,0.25,107.75,0.25,1293,3,68,1,P01_p1n63,12
108.0,1.0,108.0,1.0,1296,12,36,5,P05_p5n341,12
108.0,2.0,108.0,2.0,1296,24,48,1,P04_p4n114,12
108.0,2.0,108.0,2.0,1296,24,55,1,P03_p3n99,12
108.0,1.0,108.0,1.0,1296,12,60,1,P05_p5n338,12
108.0,2.0,108.0,2.0,1296,24,63,1,P02_p2n86,12
108.0,1.0,108.0,1.0,1296,12,63,1,P05_p5n339,12
108.0,1.0,108.0,1.0,1296,12,67,1,P05_p5n340,12
108.0,0.25,108.0,0.25,1296,3,70,1,P01_p1n64,12
108.25,0.25,108.25,0.25,1299,3,68,1,P01_p1n65,12
108.5,1.0,108.5,1.0,1302,12,70,1,P01_p1n66,12
109.0,1.0,109.0,1.0,1308,12,24,5,P05_p5n343,12
109.5,0.5,109.5,0.5,1314,6,67,1,P01_p1n67,12
110.0,1.0,110.0,1.0,1320,12,36,5,P05_p5n347,12
110.0,1.0,110.0,1.0,1320,12,60,1,P05_p5n344,12
110.0,1.0,110.0,1.0,1320,12,63,1,P05_p5n345,12
110.0,1.0,110.0,1.0,1320,12,67,1,P05_p5n346,12
110.0,1.5,110.0,1.5,1320,18,75,1,P01_p1n68,12
110.5,1.0,110.5,1.0,1326,12,48,1,P04_p4n116,12
110.5,1.0,110.5,1.0,1326,12,57,1,P03_p3n101,12
110.5,1.0,110.5,1.0,1326,12,66,1,P02_p2n88,12
111.0,1.0,111.0,1.0,1332,12,24,5,P05_p5n349,12
111.5,1.0,111.5,1.0,1338,12,48,1,P04_p4n117,12
111.5,1.0,111.5,1.0,1338,12,56,1,P03_p3n102,12
111.5,1.0,111.5,1.0,1338,12,65,1,P02_p2n89,12
111.5,0.25,111.5,0.25,1338,3,74,1,P01_p1n69,12
111.75,0.25,111.75,0.25,1341,3,72,1,P01_p1n70,12
112.0,1.0,112.0,1.0,1344,12,36,5,P05_p5n353,12
112.0,1.0,112.0,1.0,1344,12,60,1,P05_p5n350,12
112.0,1.0,112.0,1.0,1344,12,63,1,P05_p5n351,12
112.0,1.0,112.0,1.0,1344,12,67,1,P05_p5n352,12
112.0,0.5,112.0,0.5,1344,6,74,1,P01_p1n71,12
112.5,0.5,112.5,0.5,1350,6,48,1,P04_p4n119,12
112.5,0.5,112.5,0.5,1350,6,55,1,P03_p3n104,12
112.5,0.5,112.5,0.5,1350,6,63,1,P02_p2n91,12
112.5,0.5,112.5,0.5,1350,6,67,1,P01_p1n72,12
113.0,1.0,113.0,1.0,1356,12,24,5,P05_p5n355,12
113.0,1.0,113.0,1.0,1356,12,48,1,P04_p4n120,12
113.0,1.0,113.0,1.0,1356,12,55,1,P03_p3n105,12
113.0,1.0,113.0,1.0,1356,12,63,1,P02_p2n92,12
113.0,1.5,113.0,1.5,1356,18,72,1,P01_p1n73,12
114.0,1.0,114.0,1.0,1368,12,36,5,P05_p5n359,12
114.0,1.0,114.0,1.0,1368,12,60,1,P05_p5n356,12
114.0,1.0,114.0,1.0,1368,12,63,1,P05_p5n357,12
114.0,1.0,114.0,1.0,1368,12,67,1,P05_p5n358,12
114.5,1.0,114.5,1.0,1374,12,48,1,P04_p4n122,12
114.5,1.0,114.5,1.0,1374,12,53,1,P03_p3n107,12
114.5,1.0,114.5,1.0,1374,12,62,1,P02_p2n94,12
114.5,0.25,114.5,0.25,1374,3,70,1,P01_p1n75,12
114.75,0.25,114.75,0.25,1377,3,68,1,P01_p1n76,12
115.0,1.0,115.0,1.0,1380,12,24,5,P05_p5n361,12
115.0,1.0,115.0,1.0,1380,12,70,1,P01_p1n77,12
115.5,0.5,115.5,0.5,1386,6,48,1,P04_p4n123,12
115.5,0.5,115.5,0.5,1386,6,53,1,P03_p3n108,12
115.5,0.5,115.5,0.5,1386,6,62,1,P02_p2n95,12
116.0,1.0,116.0,1.0,1392,12,36,5,P05_p5n365,12
116.0,2.0,116.0,2.0,1392,24,48,1,P04_p4n124,12
116.0,2.0,116.0,2.0,1392,24,55,1,P03_p3n109,12
116.0,1.0,116.0,1.0,1392,12,60,1,P05_p5n362,12
116.0,2.0,116.0,2.0,1392,24,63,1,P02_p2n96,12
116.0,1.0,116.0,1.0,1392,12,63,1,P05_p5n363,12
116.0,1.0,116.0,1.0,1392,12,67,1,P05_p5n364,12
116.5,1.0,116.5,1.0,1398,12,67,1,P01_p1n79,12
117.0,1.0,117.0,1.0,1404,12,24,5,P05_p5n367,12
117.5,0.25,117.5,0.25,1410,3,65,1,P01_p1n80,12
117.75,0.25,117.75,0.25,1413,3,67,1,P01_p1n81,12
118.0,1.0,118.0,1.0,1416,12,36,5,P05_p5n371,12
118.0,1.0,118.0,1.0,1416,12,60,1,P05_p5n368,12
118.0,1.0,118.0,1.0,1416,12,63,1,P05_p5n369,12
118.0,1.0,118.0,1.0,1416,12,67,1,P05_p5n370,12
118.0,1.5,118.0,1.5,1416,18,68,1,P01_p1n82,12
118.5,1.0,118.5,1.0,1422,12,48,1,P04_p4n126,12
118.5,1.0,118.5,1.0,1422,12,54,1,P03_p3n111,12
118.5,1.0,118.5,1.0,1422,12,62,1,P02_p2n98,12
119.0,1.0,119.0,1.0,1428,12,24,5,P05_p5n373,12
119.5,1.0,119.5,1.0,1434,12,48,1,P04_p4n127,12
119.5,1.0,119.5,1.0,1434,12,56,1,P03_p3n112,12
119.5,1.0,119.5,1.0,1434,12,62,1,P02_p2n99,12
119.5,0.25,119.5,0.25,1434,3,70,1,P01_p1n83,12
119.75,0.25,119.75,0.25,1437,3,72,1,P01_p1n84,12
120.0,1.0,120.0,1.0,1440,12,36,5,P05_p5n375,12
120.0,0.25,120.0,0.25,1440,3,70,1,P01_p1n85,12
120.25,0.25,120.25,0.25,1443,3,68,1,P01_p1n86,12
120.5,0.5,120.5,0.5,1446,6,48,1,P04_p4n129,12
120.5,0.5,120.5,0.5,1446,6,55,1,P03_p3n114,12
120.5,0.5,120.5,0.5,1446,6,60,1,P02_p2n101,12
120.5,3.5,120.5,3.5,1446,42,67,1,P01_p1n87,12
121.0,1.0,121.0,1.0,1452,12,46,5,P05_p5n378,12
121.0,3.0,121.0,3.0,1452,36,55,1,P03_p3n115,12
121.0,1.0,121.0,1.0,1452,12,58,1,P05_p5n376,12
121.0,1.0,121.0,1.0,1452,12,58,1,P04_p4n130,12
121.0,3.0,121.0,3.0,1452,36,60,1,P02_p2n102,12
121.0,1.0,121.0,1.0,1452,12,70,1,P05_p5n377,12
122.0,1.0,122.0,1.0,1464,12,44,5,P05_p5n381,12
122.0,1.0,122.0,1.0,1464,12,56,1,P05_p5n379,12
122.0,1.0,122.0,1.0,1464,12,56,1,P04_p4n131,12
122.0,1.0,122.0,1.0,1464,12,68,1,P05_p5n380,12
123.0,1.0,123.0,1.0,1476,12,43,5,P05_p5n384,12
123.0,1.0,123.0,1.0,1476,12,55,1,P04_p4n132,12
123.0,1.0,123.0,1.0,1476,12,55,1,P05_p5n382,12
123.0,1.0,123.0,1.0,1476,12,67,1,P05_p5n383,12
124.0,1.0,124.0,1.0,1488,12,41,5,P05_p5n386,12
124.0,1.0,124.0,1.0,1488,12,53,1,P04_p4n133,12
124.5,1.5,124.5,1.5,1494,18,56,1,P05_p5n387,12
124.5,1.0,124.5,1.0,1494,12,60,1,P03_p3n118,12
124.5,1.0,124.5,1.0,1494,12,63,1,P02_p2n105,12
124.5,1.5,124.5,1.5,1494,18,63,1,P05_p5n388,12
124.5,1.0,124.5,1.0,1494,12,68,1,P01_p1n90,12
125.0,1.0,125.0,1.0,1500,12,39,5,P05_p5n389,12
125.0,1.0,125.0,1.0,1500,12,51,1,P04_p4n134,12
125.5,0.25,125.5,0.25,1506,3,62,1,P03_p3n119,12
125.5,0.5,125.5,0.5,1506,6,63,1,P02_p2n106,12
125.5,0.25,125.5,0.25,1506,3,67,1,P01_p1n91,12
125.75,0.25,125.75,0.25,1509,3,60,1,P03_p3n120,12
125.75,0.25,125.75,0.25,1509,3,68,1,P01_p1n92,12
126.0,1.0,126.0,1.0,1512,12,38,5,P05_p5n391,12
126.0,1.0,126.0,1.0,1512,12,50,1,P04_p4n135,12
126.0,1.0,126.0,1.0,1512,12,58,1,P03_p3n121,12
126.0,0.5,126.0,0.5,1512,6,68,1,P02_p2n107,12
126.0,1.5,126.0,1.5,1512,18,70,1,P01_p1n93,12
126.5,1.5,126.5,1.5,1518,18,56,1,P05_p5n392,12
126.5,1.5,126.5,1.5,1518,18,62,1,P05_p5n393,12
126.5,0.5,126.5,0.5,1518,6,67,1,P02_p2n108,12
127.0,1.0,127.0,1.0,1524,12,34,5,P05_p5n394,12
127.0,1.0,127.0,1.0,1524,12,46,1,P04_p4n136,12
127.0,1.0,127.0,1.0,1524,12,56,1,P03_p3n122,12
127.0,1.0,127.0,1.0,1524,12,66,1,P02_p2n109,12
127.5,0.25,127.5,0.25,1530,3,72,1,P01_p1n94,12
127.75,0.25,127.75,0.25,1533,3,74,1,P01_p1n95,12
128.0,1.0,128.0,1.0,1536,12,43,5,P05_p5n396,12
128.0,1.0,128.0,1.0,1536,12,55,1,P04_p4n137,12
128.0,0.25,128.0,0.25,1536,3,72,1,P01_p1n96,12
128.25,0.25,128.25,0.25,1539,3,70,1,P01_p1n97,12
128.5,1.5,128.5,1.5,1542,18,58,1,P05_p5n397,12
128.5,1.0,128.5,1.0,1542,12,62,1,P03_p3n124,12
128.5,1.0,128.5,1.0,1542,12,65,1,P02_p2n111,12
128.5,1.5,128.5,1.5,1542,18,65,1,P05_p5n398,12
128.5,3.5,128.5,3.5,1542,42,72,1,P01_p1n98,12
129.0,1.0,129.0,1.0,1548,12,41,5,P05_p5n399,12
129.0,1.0,129.0,1.0,1548,12,53,1,P04_p4n138,12
129.5,0.25,129.5,0.25,1554,3,60,1,P03_p3n125,12
129.5,0.25,129.5,0.25,1554,3,63,1,P02_p2n112,12
129.75,0.25,129.75,0.25,1557,3,59,1,P03_p3n126,12
129.75,0.25,129.75,0.25,1557,3,62,1,P02_p2n113,12
130.0,1.0,130.0,1.0,1560,12,40,5,P05_p5n401,12
130.0,1.0,130.0,1.0,1560,12,52,1,P04_p4n139,12
130.0,0.5,130.0,0.5,1560,6,60,1,P03_p3n127,12
130.0,0.5,130.0,0.5,1560,6,61,1,P02_p2n114,12
130.5,1.5,130.5,1.5,1566,18,58,1,P05_p5n402,12
130.5,0.25,130.5,0.25,1566,3,58,1,P03_p3n128,12
130.5,1.5,130.5,1.5,1566,18,61,1,P05_p5n403,12
130.5,0.5,130.5,0.5,1566,6,61,1,P02_p2n115,12
130.5,1.5,130.5,1.5,1566,18,64,1,P05_p5n404,12
130.75,0.25,130.75,0.25,1569,3,57,1,P03_p3n129,12
131.0,1.0,131.0,1.0,1572,12,36,5,P05_p5n405,12
131.0,1.0,131.0,1.0,1572,12,48,1,P04_p4n140,12
131.0,0.5,131.0,0.5,1572,6,58,1,P03_p3n130,12
131.0,0.5,131.0,0.5,1572,6,60,1,P02_p2n116,12
131.5,0.25,131.5,0.25,1578,3,56,1,P03_p3n131,12
131.5,0.5,131.5,0.5,1578,6,64,1,P02_p2n117,12
131.75,0.25,131.75,0.25,1581,3,55,1,P03_p3n132,12
132.0,1.0,132.0,1.0,1584,12,41,5,P05_p5n407,12
132.0,1.0,132.0,1.0,1584,12,53,1,P04_p4n141,12
132.0,3.0,132.0,3.0,1584,36,67,1,P02_p2n118,12
132.5,1.5,132.5,1.5,1590,18,56,1,P05_p5n408,12
132.5,1.0,132.5,1.0,1590,12,60,1,P03_p3n134,12
132.5,1.5,132.5,1.5,1590,18,63,1,P05_p5n409,12
132.5,1.0,132.5,1.0,1590,12,68,1,P01_p1n101,12
133.0,1.0,133.0,1.0,1596,12,53,1,P04_p4n142,12
133.0,1.0,133.0,1.0,1596,12,53,5,P05_p5n410,12
133.5,0.25,133.5,0.25,1602,3,62,1,P03_p3n135,12
133.5,0.25,133.5,0.25,1602,3,70,1,P01_p1n102,12
133.75,0.25,133.75,0.25,1605,3,63,1,P03_p3n136,12
133.75,0.25,133.75,0.25,1605,3,72,1,P01_p1n103,12
134.0,1.0,134.0,1.0,1608,12,46,1,P04_p4n143,12
134.0,1.0,134.0,1.0,1608,12,46,5,P05_p5n412,12
134.0,1.5,134.0,1.5,1608,18,62,1,P03_p3n137,12
134.0,1.5,134.0,1.5,1608,18,70,1,P01_p1n104,12
134.5,1.5,134.5,1.5,1614,18,56,1,P05_p5n413,12
134.5,1.5,134.5,1.5,1614,18,62,1,P05_p5n414,12
135.0,1.0,135.0,1.0,1620,12,34,5,P05_p5n415,12
135.0,1.0,135.0,1.0,1620,12,46,1,P04_p4n144,12
135.0,1.0,135.0,1.0,1620,12,68,1,P02_p2n119,12
135.5,0.25,135.5,0.25,1626,3,63,1,P03_p3n138,12
135.5,0.25,135.5,0.25,1626,3,72,1,P01_p1n105,12
135.75,0.25,135.75,0.25,1629,3,62,1,P03_p3n139,12
135.75,0.25,135.75,0.25,1629,3,74,1,P01_p1n106,12
136.0,2.0,136.0,2.0,1632,24,39,5,P05_p5n419,12
136.0,2.0,136.0,2.0,1632,24,51,1,P04_p4n145,12
136.0,1.0,136.0,1.0,1632,12,56,2,P05_p5n418,12
136.0,2.0,136.0,2.0,1632,24,61,1,P03_p3n140,12
136.0,2.0,136.0,2.0,1632,24,61,1,P05_p5n416,12
136.0,2.0,136.0,2.0,1632,24,65,1,P05_p5n417,12
136.0,1.0,136.0,1.0,1632,12,68,1,P02_p2n120,12
136.0,0.6666666865348816,136.0,0.6666666865348816,1632,8,77,1,P01_p1n107,12
136.6666717529297,0.6666666865348816,136.6666717529297,0.6666666865348816,1640,8,75,1,P01_p1n108,12
137.0,1.0,137.0,1.0,1644,12,55,2,P05_p5n420,12
137.0,1.0,137.0,1.0,1644,12,67,1,P02_p2n121,12
137.3333282470703,0.3333333432674408,137.3333282470703,0.3333333432674408,1648,4,75,1,P01_p1n109,12
137.6666717529297,0.3333333432674408,137.6666717529297,0.3333333432674408,1652,4,71,1,P01_p1n110,12
138.0,2.0,138.0,2.0,1656,24,40,5,P05_p5n424,12
138.0,2.0,138.0,2.0,1656,24,52,1,P04_p4n146,12
138.0,2.0,138.0,2.0,1656,24,55,1,P05_p5n421,12
138.0,1.0,138.0,1.0,1656,12,60,1,P03_p3n141,12
138.0,2.0,138.0,2.0,1656,24,60,1,P05_p5n422,12
138.0,2.0,138.0,2.0,1656,24,67,1,P02_p2n122,12
138.0,2.0,138.0,2.0,1656,24,67,1,P05_p5n423,12
138.0,0.6666666865348816,138.0,0.6666666865348816,1656,8,74,1,P01_p1n111,12
138.6666717529297,0.6666666865348816,138.6666717529297,0.6666666865348816,1664,8,72,1,P01_p1n112,12
139.0,1.0,139.0,1.0,1668,12,61,1,P03_p3n142,12
139.3333282470703,0.3333333432674408,139.3333282470703,0.3333333432674408,1672,4,72,1,P01_p1n113,12
139.6666717529297,0.3333333432674408,139.6666717529297,0.3333333432674408,1676,4,70,1,P01_p1n114,12
140.0,1.0,140.0,1.0,1680,12,41,5,P05_p5n426,12
140.0,1.0,140.0,1.0,1680,12,53,1,P04_p4n147,12
140.5,1.5,140.5,1.5,1686,18,56,1,P05_p5n427,12
140.5,1.0,140.5,1.0,1686,12,60,1,P03_p3n144,12
140.5,1.0,140.5,1.0,1686,12,63,1,P02_p2n124,12
140.5,1.5,140.5,1.5,1686,18,63,1,P05_p5n428,12
140.5,1.0,140.5,1.0,1686,12,68,1,P01_p1n116,12
141.0,1.0,141.0,1.0,1692,12,39,5,P05_p5n429,12
141.0,1.0,141.0,1.0,1692,12,51,1,P04_p4n148,12
141.5,0.25,141.5,0.25,1698,3,62,1,P03_p3n145,12
141.5,0.5,141.5,0.5,1698,6,63,1,P02_p2n125,12
141.5,0.25,141.5,0.25,1698,3,67,1,P01_p1n117,12
141.75,0.25,141.75,0.25,1701,3,60,1,P03_p3n146,12
141.75,0.25,141.75,0.25,1701,3,68,1,P01_p1n118,12
142.0,1.0,142.0,1.0,1704,12,38,5,P05_p5n431,12
142.0,1.0,142.0,1.0,1704,12,50,1,P04_p4n149,12
142.0,1.0,142.0,1.0,1704,12,58,1,P03_p3n147,12
142.0,0.5,142.0,0.5,1704,6,68,1,P02_p2n126,12
142.0,1.5,142.0,1.5,1704,18,70,1,P01_p1n119,12
142.5,1.5,142.5,1.5,1710,18,56,1,P05_p5n432,12
142.5,1.5,142.5,1.5,1710,18,62,1,P05_p5n433,12
142.5,0.5,142.5,0.5,1710,6,67,1,P02_p2n127,12
143.0,1.0,143.0,1.0,1716,12,34,5,P05_p5n434,12
143.0,1.0,143.0,1.0,1716,12,46,1,P04_p4n150,12
143.0,1.0,143.0,1.0,1716,12,56,1,P03_p3n148,12
143.0,1.0,143.0,1.0,1716,12,66,1,P02_p2n128,12
143.5,0.25,143.5,0.25,1722,3,72,1,P01_p1n120,12
143.75,0.25,143.75,0.25,1725,3,74,1,P01_p1n121,12
144.0,0.5,144.0,0.5,1728,6,31,5,P05_p5n436,12
144.0,0.25,144.0,0.25,1728,3,72,1,P01_p1n122,12
144.25,0.25,144.25,0.25,1731,3,70,1,P01_p1n123,12
144.5,1.0,144.5,1.0,1734,12,43,5,P05_p5n439,12
144.5,1.0,144.5,1.0,1734,12,55,1,P04_p4n152,12
144.5,1.0,144.5,1.0,1734,12,58,1,P05_p5n437,12
144.5,1.0,144.5,1.0,1734,12,58,1,P03_p3n150,12
144.5,1.0,144.5,1.0,1734,12,65,1,P05_p5n438,12
144.5,1.0,144.5,1.0,1734,12,65,1,P02_p2n130,12
144.5,1.5,144.5,1.5,1734,18,72,1,P01_p1n124,12
145.5,0.5,145.5,0.5,1746,6,43,5,P05_p5n442,12
145.5,0.5,145.5,0.5,1746,6,55,1,P04_p4n153,12
145.5,0.5,145.5,0.5,1746,6,58,1,P05_p5n440,12
145.5,0.5,145.5,0.5,1746,6,58,1,P03_p3n151,12
145.5,0.5,145.5,0.5,1746,6,65,1,P05_p5n441,12
145.5,0.5,145.5,0.5,1746,6,65,1,P02_p2n131,12
146.0,1.0,146.0,1.0,1752,12,43,5,P05_p5n445,12
146.0,1.0,146.0,1.0,1752,12,55,1,P04_p4n154,12
146.0,1.0,146.0,1.0,1752,12,58,1,P05_p5n443,12
146.0,1.0,146.0,1.0,1752,12,58,1,P03_p3n152,12
146.0,1.0,146.0,1.0,1752,12,65,1,P05_p5n444,12
146.0,1.0,146.0,1.0,1752,12,65,1,P02_p2n132,12
146.0,1.0,146.0,1.0,1752,12,70,1,P01_p1n125,12
147.0,1.0,147.0,1.0,1764,12,42,5,P05_p5n448,12
147.0,1.0,147.0,1.0,1764,12,54,1,P04_p4n155,12
147.0,1.0,147.0,1.0,1764,12,57,1,P05_p5n446,12
147.0,1.0,147.0,1.0,1764,12,57,1,P03_p3n153,12
147.0,1.0,147.0,1.0,1764,12,64,1,P02_p2n133,12
147.0,1.0,147.0,1.0,1764,12,64,1,P05_p5n447,12
147.0,1.0,147.0,1.0,1764,12,71,1,P01_p1n126,12
148.0,1.0,148.0,1.0,1776,12,41,5,P05_p5n450,12
148.0,2.0,148.0,2.0,1776,24,53,1,P04_p4n156,12
148.0,3.0,148.0,3.0,1776,36,56,1,P03_p3n154,12
148.0,3.0,148.0,3.0,1776,36,63,1,P02_p2n134,12
148.0,1.0,148.0,1.0,1776,12,72,1,P01_p1n127,12
148.5,1.5,148.5,1.5,1782,18,56,1,P05_p5n451,12
148.5,1.5,148.5,1.5,1782,18,63,1,P05_p5n452,12
149.0,1.0,149.0,1.0,1788,12,53,5,P05_p5n453,12
149.0,0.5,149.0,0.5,1788,6,70,1,P01_p1n128,12
149.5,0.5,149.5,0.5,1794,6,68,1,P01_p1n129,12
150.0,1.0,150.0,1.0,1800,12,46,5,P05_p5n455,12
150.0,2.0,150.0,2.0,1800,24,46,1,P04_p4n157,12
150.0,0.25,150.0,0.25,1800,3,67,1,P01_p1n130,12
150.25,0.25,150.25,0.25,1803,3,66,1,P01_p1n131,12
150.5,1.5,150.5,1.5,1806,18,56,1,P05_p5n456,12
150.5,1.5,150.5,1.5,1806,18,62,1,P05_p5n457,12
150.5,1.0,150.5,1.0,1806,12,70,1,P01_p1n132,12
151.0,1.0,151.0,1.0,1812,12,46,5,P05_p5n458,12
151.0,1.0,151.0,1.0,1812,12,59,1,P03_p3n155,12
151.0,1.0,151.0,1.0,1812,12,62,1,P02_p2n135,12
151.5,0.5,151.5,0.5,1818,6,68,1,P01_p1n133,12
152.0,0.6666666865348816,152.0,0.6666666865348816,1824,8,51,5,P05_p5n462,12
152.0,2.0,152.0,2.0,1824,24,51,1,P04_p4n158,12
152.0,1.5,152.0,1.5,1824,18,58,1,P03_p3n156,12
152.0,2.0,152.0,2.0,1824,24,58,1,P05_p5n459,12
152.0,2.0,152.0,2.0,1824,24,62,1,P02_p2n136,12
152.0,2.0,152.0,2.0,1824,24,62,1,P05_p5n460,12
152.0,1.5,152.0,1.5,1824,18,67,1,P01_p1n134,12
152.0,2.0,152.0,2.0,1824,24,67,1,P05_p5n461,12
152.6666717529297,0.6666666865348816,152.6666717529297,0.6666666865348816,1832,8,55,5,P05_p5n463,12
153.3333282470703,0.3333333432674408,153.3333282470703,0.3333333432674408,1840,4,53,5,P05_p5n464,12
153.5,0.25,153.5,0.25,1842,3,57,1,P03_p3n157,12
153.5,0.25,153.5,0.25,1842,3,65,1,P01_p1n135,12
153.6666717529297,0.3333333432674408,153.6666717529297,0.3333333432674408,1844,4,51,5,P05_p5n465,12
153.75,0.25,153.75,0.25,1845,3,58,1,P03_p3n158,12
153.75,0.25,153.75,0.25,1845,3,67,1,P01_p1n136,12
154.0,0.6666666865348816,154.0,0.6666666865348816,1848,8,50,5,P05_p5n469,12
154.0,2.0,154.0,2.0,1848,24,50,1,P04_p4n159,12
154.0,2.0,154.0,2.0,1848,24,59,1,P03_p3n159,12
154.0,2.0,154.0,2.0,1848,24,59,1,P05_p5n466,12
154.0,2.0,154.0,2.0,1848,24,65,1,P05_p5n467,12
154.0,2.0,154.0,2.0,1848,24,65,1,P02_p2n137,12
154.0,2.0,154.0,2.0,1848,24,68,1,P05_p5n468,12
154.0,2.0,154.0,2.0,1848,24,68,1,P01_p1n137,12
154.6666717529297,0.6666666865348816,154.6666717529297,0.6666666865348816,1856,8,53,5,P05_p5n470,12
155.3333282470703,0.3333333432674408,155.3333282470703,0.3333333432674408,1864,4,51,5,P05_p5n471,12
155.6666717529297,0.3333333432674408,155.6666717529297,0.3333333432674408,1868,4,50,5,P05_p5n472,12
156.0,1.0,156.0,1.0,1872,12,48,5,P05_p5n476,12
156.0,1.5,156.0,1.5,1872,18,60,1,P05_p5n473,12
156.0,1.5,156.0,1.5,1872,18,63,1,P05_p5n474,12
156.0,1.5,156.0,1.5,1872,18,67,1,P05_p5n475,12
156.5,1.0,156.5,1.0,1878,12,48,1,P04_p4n161,12
156.5,1.0,156.5,1.0,1878,12,60,1,P02_p2n139,12
157.0,1.0,157.0,1.0,1884,12,47,5,P05_p5n477,12
157.5,0.25,157.5,0.25,1890,3,47,1,P04_p4n162,12
157.5,0.25,157.5,0.25,1890,3,59,1,P02_p2n140,12
157.5,1.5,157.5,1.5,1890,18,60,1,P05_p5n478,12
157.5,1.5,157.5,1.5,1890,18,63,1,P05_p5n479,12
157.5,1.5,157.5,1.5,1890,18,67,1,P05_p5n480,12
157.75,0.25,157.75,0.25,1893,3,48,1,P04_p4n163,12
157.75,0.25,157.75,0.25,1893,3,60,1,P02_p2n141,12
158.0,1.0,158.0,1.0,1896,12,46,5,P05_p5n481,12
158.0,1.5,158.0,1.5,1896,18,50,1,P04_p4n164,12
158.0,1.5,158.0,1.5,1896,18,62,1,P02_p2n142,12
158.5,1.0,158.5,1.0,1902,12,60,1,P03_p3n162,12
158.5,1.0,158.5,1.0,1902,12,72,1,P01_p1n140,12
159.0,1.0,159.0,1.0,1908,12,45,5,P05_p5n485,12
159.0,1.0,159.0,1.0,1908,12,60,1,P05_p5n482,12
159.0,1.0,159.0,1.0,1908,12,63,1,P05_p5n483,12
159.0,1.0,159.0,1.0,1908,12,67,1,P05_p5n484,12
159.5,0.25,159.5,0.25,1914,3,48,1,P04_p4n165,12
159.5,0.25,159.5,0.25,1914,3,60,1,P02_p2n143,12
159.5,0.5,159.5,0.5,1914,6,60,1,P03_p3n163,12
159.5,0.5,159.5,0.5,1914,6,72,1,P01_p1n141,12
159.75,0.25,159.75,0.25,1917,3,50,1,P04_p4n166,12
159.75,0.25,159.75,0.25,1917,3,62,1,P02_p2n144,12
160.0,1.0,160.0,1.0,1920,12,44,5,P05_p5n489,12
160.0,0.25,160.0,0.25,1920,3,51,1,P04_p4n167,12
160.0,1.0,160.0,1.0,1920,12,60,1,P05_p5n486,12
160.0,2.0,160.0,2.0,1920,24,60,1,P03_p3n164,12
160.0,0.25,160.0,0.25,1920,3,63,1,P02_p2n145,12
160.0,1.0,160.0,1.0,1920,12,67,1,P05_p5n487,12
160.0,1.0,160.0,1.0,1920,12,72,1,P05_p5n488,12
160.0,2.0,160.0,2.0,1920,24,72,1,P01_p1n142,12
160.25,0.25,160.25,0.25,1923,3,50,1,P04_p4n168,12
160.25,0.25,160.25,0.25,1923,3,62,1,P02_p2n146,12
160.5,1.0,160.5,1.0,1926,12,51,1,P04_p4n169,12
160.5,1.0,160.5,1.0,1926,12,63,1,P02_p2n147,12
161.0,1.0,161.0,1.0,1932,12,43,5,P05_p5n493,12
161.0,1.0,161.0,1.0,1932,12,58,1,P05_p5n490,12
161.0,1.0,161.0,1.0,1932,12,65,1,P05_p5n491,12
161.0,1.0,161.0,1.0,1932,12,70,1,P05_p5n492,12
161.5,0.5,161.5,0.5,1938,6,48,1,P04_p4n170,12
161.5,0.5,161.5,0.5,1938,6,60,1,P02_p2n148,12
162.0,1.0,162.0,1.0,1944,12,41,5,P05_p5n497,12
162.0,1.5,162.0,1.5,1944,18,56,1,P04_p4n171,12
162.0,2.0,162.0,2.0,1944,24,56,2,P05_p5n495,12
162.0,1.0,162.0,1.0,1944,12,63,1,P05_p5n494,12
162.0,2.0,162.0,2.0,1944,24,68,2,P05_p5n496,12
162.0,1.5,162.0,1.5,1944,18,68,1,P02_p2n149,12
162.5,1.0,162.5,1.0,1950,12,60,1,P03_p3n166,12
162.5,1.0,162.5,1.0,1950,12,72,1,P01_p1n144,12
163.0,1.0,163.0,1.0,1956,12,34,5,P05_p5n499,12
163.0,1.0,163.0,1.0,1956,12,62,1,P05_p5n498,12
163.5,0.25,163.5,0.25,1962,3,55,1,P04_p4n172,12
163.5,1.0,163.5,1.0,1962,12,60,1,P03_p3n167,12
163.5,0.25,163.5,0.25,1962,3,67,1,P02_p2n150,12
163.5,1.0,163.5,1.0,1962,12,72,1,P01_p1n145,12
163.75,0.25,163.75,0.25,1965,3,53,1,P04_p4n173,12
163.75,0.25,163.75,0.25,1965,3,65,1,P02_p2n151,12
164.0,1.0,164.0,1.0,1968,12,39,5,P05_p5n503,12
164.0,0.5,164.0,0.5,1968,6,55,1,P04_p4n174,12
164.0,1.0,164.0,1.0,1968,12,55,1,P05_p5n500,12
164.0,1.0,164.0,1.0,1968,12,62,1,P05_p5n501,12
164.0,0.5,164.0,0.5,1968,6,67,1,P02_p2n152,12
164.0,1.0,164.0,1.0,1968,12,67,1,P05_p5n502,12
164.5,0.5,164.5,0.5,1974,6,48,1,P04_p4n175,12
164.5,0.5,164.5,0.5,1974,6,60,1,P02_p2n153,12
164.5,0.5,164.5,0.5,1974,6,60,1,P03_p3n169,12
164.5,0.5,164.5,0.5,1974,6,72,1,P01_p1n147,12
165.0,1.0,165.0,1.0,1980,12,38,5,P05_p5n507,12
165.0,1.5,165.0,1.5,1980,18,53,1,P04_p4n176,12
165.0,1.0,165.0,1.0,1980,12,56,1,P05_p5n504,12
165.0,1.0,165.0,1.0,1980,12,60,1,P05_p5n505,12
165.0,1.0,165.0,1.0,1980,12,60,1,P03_p3n170,12
165.0,1.5,165.0,1.5,1980,18,65,1,P02_p2n154,12
165.0,1.0,165.0,1.0,1980,12,65,1,P05_p5n506,12
165.0,1.0,165.0,1.0,1980,12,72,1,P01_p1n148,12
166.0,1.0,166.0,1.0,1992,12,36,5,P05_p5n511,12
166.0,1.0,166.0,1.0,1992,12,58,1,P05_p5n508,12
166.0,1.0,166.0,1.0,1992,12,63,1,P05_p5n509,12
166.0,1.0,166.0,1.0,1992,12,67,1,P05_p5n510,12
166.5,0.25,166.5,0.25,1998,3,51,1,P04_p4n178,12
166.5,1.0,166.5,1.0,1998,12,60,1,P03_p3n172,12
166.5,0.25,166.5,0.25,1998,3,63,1,P02_p2n156,12
166.5,1.0,166.5,1.0,1998,12,72,1,P01_p1n150,12
166.75,0.25,166.75,0.25,2001,3,50,1,P04_p4n179,12
166.75,0.25,166.75,0.25,2001,3,62,1,P02_p2n157,12
167.0,1.0,167.0,1.0,2004,12,34,5,P05_p5n515,12
167.0,1.0,167.0,1.0,2004,12,51,1,P04_p4n180,12
167.0,1.0,167.0,1.0,2004,12,61,1,P05_p5n512,12
167.0,1.0,167.0,1.0,2004,12,63,1,P02_p2n158,12
167.0,1.0,167.0,1.0,2004,12,63,1,P05_p5n513,12
167.0,1.0,167.0,1.0,2004,12,67,1,P05_p5n514,12
167.5,0.5,167.5,0.5,2010,6,60,1,P03_p3n173,12
167.5,0.5,167.5,0.5,2010,6,72,1,P01_p1n151,12
168.0,1.0,168.0,1.0,2016,12,33,5,P05_p5n519,12
168.0,1.5,168.0,1.5,2016,18,60,1,P05_p5n516,12
168.0,2.0,168.0,2.0,2016,24,60,1,P03_p3n174,12
168.0,1.5,168.0,1.5,2016,18,63,1,P05_p5n517,12
168.0,1.5,168.0,1.5,2016,18,67,1,P05_p5n518,12
168.0,2.0,168.0,2.0,2016,24,72,1,P01_p1n152,12
168.5,1.0,168.5,1.0,2022,12,48,1,P04_p4n182,12
168.5,1.0,168.5,1.0,2022,12,60,1,P02_p2n160,12
169.0,1.0,169.0,1.0,2028,12,33,5,P05_p5n520,12
169.5,0.25,169.5,0.25,2034,3,47,1,P04_p4n183,12
169.5,0.25,169.5,0.25,2034,3,59,1,P02_p2n161,12
169.5,0.5,169.5,0.5,2034,6,60,1,P05_p5n521,12
169.5,0.5,169.5,0.5,2034,6,63,1,P05_p5n522,12
169.5,0.5,169.5,0.5,2034,6,67,1,P05_p5n523,12
169.75,0.25,169.75,0.25,2037,3,48,1,P04_p4n184,12
169.75,0.25,169.75,0.25,2037,3,60,1,P02_p2n162,12
170.0,1.0,170.0,1.0,2040,12,32,5,P05_p5n525,12
170.0,1.5,170.0,1.5,2040,18,50,1,P04_p4n185,12
170.0,1.5,170.0,1.5,2040,18,62,1,P02_p2n163,12
170.5,0.5,170.5,0.5,2046,6,60,1,P05_p5n526,12
170.5,1.0,170.5,1.0,2046,12,60,1,P03_p3n176,12
170.5,0.5,170.5,0.5,2046,6,66,1,P05_p5n527,12
170.5,1.0,170.5,1.0,2046,12,72,1,P01_p1n154,12
171.0,1.0,171.0,1.0,2052,12,31,5,P05_p5n529,12
171.5,0.25,171.5,0.25,2058,3,51,1,P04_p4n186,12
171.5,0.5,171.5,0.5,2058,6,59,1,P05_p5n530,12
171.5,1.0,171.5,1.0,2058,12,60,1,P03_p3n177,12
171.5,0.25,171.5,0.25,2058,3,63,1,P02_p2n164,12
171.5,0.5,171.5,0.5,2058,6,65,1,P05_p5n531,12
171.5,1.0,171.5,1.0,2058,12,72,1,P01_p1n155,12
171.75,0.25,171.75,0.25,2061,3,53,1,P04_p4n187,12
171.75,0.25,171.75,0.25,2061,3,65,1,P02_p2n165,12
172.0,1.0,172.0,1.0,2064,12,36,5,P05_p5n533,12
172.0,0.25,172.0,0.25,2064,3,51,1,P04_p4n188,12
172.0,0.25,172.0,0.25,2064,3,63,1,P02_p2n166,12
172.25,0.25,172.25,0.25,2067,3,50,1,P04_p4n189,12
172.25,0.25,172.25,0.25,2067,3,62,1,P02_p2n167,12
172.5,1.5,172.5,1.5,2070,18,48,1,P04_p4n190,12
172.5,0.5,172.5,0.5,2070,6,54,1,P05_p5n534,12
172.5,1.5,172.5,1.5,2070,18,60,1,P02_p2n168,12
172.5,0.5,172.5,0.5,2070,6,60,1,P03_p3n179,12
172.5,0.5,172.5,0.5,2070,6,72,1,P01_p1n157,12
173.0,1.0,173.0,1.0,2076,12,48,5,P05_p5n536,12
173.0,0.5,173.0,0.5,2076,6,55,1,P05_p5n535,12
173.0,1.0,173.0,1.0,2076,12,60,1,P03_p3n180,12
173.0,1.0,173.0,1.0,2076,12,72,1,P01_p1n158,12
173.5,0.5,173.5,0.5,2082,6,62,1,P05_p5n537,12
174.0,1.0,174.0,1.0,2088,12,46,5,P05_p5n540,12
174.0,0.75,174.0,0.75,2088,9,56,1,P05_p5n538,12
174.0,0.75,174.0,0.75,2088,9,62,1,P03_p3n181,12
174.0,0.75,174.0,0.75,2088,9,62,1,P05_p5n539,12
174.0,0.75,174.0,0.75,2088,9,74,1,P01_p1n159,12
174.75,0.25,174.75,0.25,2097,3,56,1,P05_p5n541,12
174.75,0.25,174.75,0.25,2097,3,62,1,P03_p3n182,12
174.75,0.25,174.75,0.25,2097,3,62,1,P05_p5n542,12
174.75,0.25,174.75,0.25,2097,3,74,1,P01_p1n160,12
175.0,1.0,175.0,1.0,2100,12,46,5,P05_p5n545,12
175.0,0.5,175.0,0.5,2100,6,56,1,P05_p5n543,12
175.0,0.5,175.0,0.5,2100,6,62,1,P03_p3n183,12
175.0,0.5,175.0,0.5,2100,6,62,1,P05_p5n544,12
175.0,0.5,175.0,0.5,2100,6,74,1,P01_p1n161,12
175.5,0.5,175.5,0.5,2106,6,56,1,P05_p5n546,12
175.5,0.5,175.5,0.5,2106,6,60,1,P05_p5n547,12
175.5,0.5,175.5,0.5,2106,6,63,1,P05_p5n548,12
175.5,0.5,175.5,0.5,2106,6,63,1,P03_p3n184,12
175.5,0.5,175.5,0.5,2106,6,75,1,P01_p1n162,12
176.0,1.0,176.0,1.0,2112,12,44,5,P05_p5n550,12
176.0,1.0,176.0,1.0,2112,12,65,1,P03_p3n185,12
176.0,1.0,176.0,1.0,2112,12,77,1,P01_p1n163,12
176.5,1.0,176.5,1.0,2118,12,55,1,P04_p4n193,12
176.5,1.5,176.5,1.5,2118,18,60,1,P05_p5n551,12
176.5,1.5,176.5,1.5,2118,18,63,1,P05_p5n552,12
176.5,1.5,176.5,1.5,2118,18,67,1,P05_p5n553,12
176.5,1.0,176.5,1.0,2118,12,67,1,P02_p2n171,12
177.0,1.0,177.0,1.0,2124,12,44,5,P05_p5n554,12
177.0,1.0,177.0,1.0,2124,12,67,1,P03_p3n186,12
177.0,1.0,177.0,1.0,2124,12,79,1,P01_p1n164,12
177.5,0.25,177.5,0.25,2130,3,53,1,P04_p4n194,12
177.5,0.25,177.5,0.25,2130,3,65,1,P02_p2n172,12
177.75,0.25,177.75,0.25,2133,3,55,1,P04_p4n195,12
177.75,0.25,177.75,0.25,2133,3,67,1,P02_p2n173,12
178.0,1.0,178.0,1.0,2136,12,43,5,P05_p5n556,12
178.0,1.5,178.0,1.5,2136,18,56,1,P04_p4n196,12
178.0,1.5,178.0,1.5,2136,18,68,1,P02_p2n174,12
178.5,1.5,178.5,1.5,2142,18,59,1,P05_p5n557,12
178.5,1.5,178.5,1.5,2142,18,65,1,P05_p5n558,12
178.5,1.0,178.5,1.0,2142,12,67,1,P03_p3n188,12
178.5,1.5,178.5,1.5,2142,18,68,1,P05_p5n559,12
178.5,1.0,178.5,1.0,2142,12,79,1,P01_p1n166,12
179.0,1.0,179.0,1.0,2148,12,43,5,P05_p5n560,12
179.5,0.25,179.5,0.25,2154,3,55,1,P04_p4n197,12
179.5,0.25,179.5,0.25,2154,3,67,1,P02_p2n175,12
179.5,0.5,179.5,0.5,2154,6,67,1,P03_p3n189,12
179.5,0.5,179.5,0.5,2154,6,79,1,P01_p1n167,12
179.75,0.25,179.75,0.25,2157,3,56,1,P04_p4n198,12
179.75,0.25,179.75,0.25,2157,3,68,1,P02_p2n176,12
180.0,1.0,180.0,1.0,2160,12,41,5,P05_p5n562,12
180.0,0.25,180.0,0.25,2160,3,58,1,P04_p4n199,12
180.0,2.0,180.0,2.0,2160,24,67,1,P03_p3n190,12
180.0,0.25,180.0,0.25,2160,3,70,1,P02_p2n177,12
180.0,2.0,180.0,2.0,2160,24,79,1,P01_p1n168,12
180.25,0.25,180.25,0.25,2163,3,56,1,P04_p4n200,12
180.25,0.25,180.25,0.25,2163,3,68,1,P02_p2n178,12
180.5,1.0,180.5,1.0,2166,12,58,1,P04_p4n201,12
180.5,1.5,180.5,1.5,2166,18,60,1,P05_p5n563,12
180.5,1.5,180.5,1.5,2166,18,63,1,P05_p5n564,12
180.5,1.5,180.5,1.5,2166,18,68,1,P05_p5n565,12
180.5,1.0,180.5,1.0,2166,12,70,1,P02_p2n179,12
181.0,1.0,181.0,1.0,2172,12,41,5,P05_p5n566,12
181.5,0.5,181.5,0.5,2178,6,55,1,P04_p4n202,12
181.5,0.5,181.5,0.5,2178,6,67,1,P02_p2n180,12
182.0,1.0,182.0,1.0,2184,12,39,5,P05_p5n568,12
182.0,1.5,182.0,1.5,2184,18,63,1,P04_p4n203,12
182.0,1.5,182.0,1.5,2184,18,75,1,P02_p2n181,12
182.5,1.5,182.5,1.5,2190,18,60,1,P05_p5n569,12
182.5,1.5,182.5,1.5,2190,18,67,1,P05_p5n570,12
182.5,1.0,182.5,1.0,2190,12,67,1,P03_p3n192,12
182.5,1.5,182.5,1.5,2190,18,72,1,P05_p5n571,12
182.5,1.0,182.5,1.0,2190,12,79,1,P01_p1n170,12
183.0,1.0,183.0,1.0,2196,12,39,5,P05_p5n572,12
183.5,0.25,183.5,0.25,2202,3,62,1,P04_p4n204,12
183.5,1.0,183.5,1.0,2202,12,67,1,P03_p3n193,12
183.5,0.25,183.5,0.25,2202,3,74,1,P02_p2n182,12
183.5,1.0,183.5,1.0,2202,12,79,1,P01_p1n171,12
183.75,0.25,183.75,0.25,2205,3,60,1,P04_p4n205,12
183.75,0.25,183.75,0.25,2205,3,72,1,P02_p2n183,12
184.0,1.0,184.0,1.0,2208,12,38,5,P05_p5n574,12
184.0,0.5,184.0,0.5,2208,6,62,1,P04_p4n206,12
184.0,0.5,184.0,0.5,2208,6,74,1,P02_p2n184,12
184.5,0.5,184.5,0.5,2214,6,55,1,P04_p4n207,12
184.5,1.5,184.5,1.5,2214,18,58,1,P05_p5n575,12
184.5,1.5,184.5,1.5,2214,18,65,1,P05_p5n576,12
184.5,0.5,184.5,0.5,2214,6,67,1,P02_p2n185,12
184.5,0.5,184.5,0.5,2214,6,67,1,P03_p3n195,12
184.5,1.5,184.5,1.5,2214,18,70,1,P05_p5n577,12
184.5,0.5,184.5,0.5,2214,6,79,1,P01_p1n173,12
185.0,1.0,185.0,1.0,2220,12,38,5,P05_p5n578,12
185.0,0.5,185.0,0.5,2220,6,60,1,P04_p4n208,12
185.0,1.0,185.0,1.0,2220,12,67,1,P03_p3n196,12
185.0,0.5,185.0,0.5,2220,6,72,1,P02_p2n186,12
185.0,1.0,185.0,1.0,2220,12,79,1,P01_p1n174,12
185.5,0.25,185.5,0.25,2226,3,58,1,P04_p4n209,12
185.5,0.25,185.5,0.25,2226,3,70,1,P02_p2n187,12
185.75,0.25,185.75,0.25,2229,3,60,1,P04_p4n210,12
185.75,0.25,185.75,0.25,2229,3,72,1,P02_p2n188,12
186.0,1.0,186.0,1.0,2232,12,37,5,P05_p5n582,12
186.0,0.25,186.0,0.25,2232,3,58,1,P04_p4n211,12
186.0,1.0,186.0,1.0,2232,12,58,1,P05_p5n579,12
186.0,1.0,186.0,1.0,2232,12,65,1,P05_p5n580,12
186.0,0.25,186.0,0.25,2232,3,70,1,P02_p2n189,12
186.0,1.0,186.0,1.0,2232,12,70,1,P05_p5n581,12
186.25,0.25,186.25,0.25,2235,3,56,1,P04_p4n212,12
186.25,0.25,186.25,0.25,2235,3,68,1,P02_p2n190,12
186.5,1.5,186.5,1.5,2238,18,58,1,P04_p4n213,12
186.5,1.0,186.5,1.0,2238,12,67,1,P03_p3n198,12
186.5,1.5,186.5,1.5,2238,18,70,1,P02_p2n191,12
186.5,1.0,186.5,1.0,2238,12,79,1,P01_p1n176,12
187.0,1.0,187.0,1.0,2244,12,36,5,P05_p5n585,12
187.0,1.0,187.0,1.0,2244,12,58,1,P05_p5n583,12
187.0,1.0,187.0,1.0,2244,12,64,1,P05_p5n584,12
187.5,0.5,187.5,0.5,2250,6,67,1,P03_p3n199,12
187.5,0.5,187.5,0.5,2250,6,79,1,P01_p1n177,12
188.0,1.0,188.0,1.0,2256,12,41,5,P05_p5n587,12
188.0,2.0,188.0,2.0,2256,24,67,1,P03_p3n200,12
188.0,2.0,188.0,2.0,2256,24,79,1,P01_p1n178,12
188.5,1.0,188.5,1.0,2262,12,55,1,P04_p4n215,12
188.5,1.5,188.5,1.5,2262,18,56,1,P05_p5n588,12
188.5,1.5,188.5,1.5,2262,18,63,1,P05_p5n589,12
188.5,1.0,188.5,1.0,2262,12,67,1,P02_p2n193,12
189.0,1.0,189.0,1.0,2268,12,41,5,P05_p5n590,12
189.5,0.25,189.5,0.25,2274,3,53,1,P04_p4n216,12
189.5,0.25,189.5,0.25,2274,3,65,1,P02_p2n194,12
189.75,0.25,189.75,0.25,2277,3,55,1,P04_p4n217,12
189.75,0.25,189.75,0.25,2277,3,67,1,P02_p2n195,12
190.0,1.0,190.0,1.0,2280,12,46,5,P05_p5n592,12
190.0,1.5,190.0,1.5,2280,18,56,1,P04_p4n218,12
190.0,1.5,190.0,1.5,2280,18,68,1,P02_p2n196,12
190.5,1.5,190.5,1.5,2286,18,56,1,P05_p5n593,12
190.5,1.5,190.5,1.5,2286,18,62,1,P05_p5n594,12
190.5,1.0,190.5,1.0,2286,12,67,1,P03_p3n202,12
190.5,1.0,190.5,1.0,2286,12,79,1,P01_p1n180,12
191.0,1.0,191.0,1.0,2292,12,34,5,P05_p5n595,12
191.5,0.25,191.5,0.25,2298,3,58,1,P04_p4n219,12
191.5,1.0,191.5,1.0,2298,12,67,1,P03_p3n203,12
191.5,0.25,191.5,0.25,2298,3,70,1,P02_p2n197,12
191.5,1.0,191.5,1.0,2298,12,79,1,P01_p1n181,12
191.75,0.25,191.75,0.25,2301,3,60,1,P04_p4n220,12
191.75,0.25,191.75,0.25,2301,3,72,1,P02_p2n198,12
192.0,1.0,192.0,1.0,2304,12,39,5,P05_p5n597,12
192.0,0.25,192.0,0.25,2304,3,58,1,P04_p4n221,12
192.0,0.25,192.0,0.25,2304,3,70,1,P02_p2n199,12
192.25,0.25,192.25,0.25,2307,3,56,1,P04_p4n222,12
192.25,0.25,192.25,0.25,2307,3,68,1,P02_p2n200,12
192.5,1.5,192.5,1.5,2310,18,55,1,P04_p4n223,12
192.5,1.5,192.5,1.5,2310,18,67,1,P02_p2n201,12
192.5,0.5,192.5,0.5,2310,6,67,1,P03_p3n205,12
192.5,1.0,192.5,1.0,2310,12,70,1,P05_p5n598,12
192.5,0.5,192.5,0.5,2310,6,79,1,P01_p1n183,12
193.0,1.0,193.0,1.0,2316,12,39,5,P05_p5n599,12
193.0,1.0,193.0,1.0,2316,12,67,1,P03_p3n206,12
193.0,1.0,193.0,1.0,2316,12,79,1,P01_p1n184,12
193.5,0.25,193.5,0.25,2322,3,69,1,P05_p5n600,12
193.75,0.25,193.75,0.25,2325,3,70,1,P05_p5n601,12
194.0,1.0,194.0,1.0,2328,12,38,5,P05_p5n604,12
194.0,1.5,194.0,1.5,2328,18,65,1,P05_p5n602,12
194.0,1.5,194.0,1.5,2328,18,71,1,P05_p5n603,12
194.5,1.0,194.5,1.0,2334,12,67,1,P02_p2n203,12
194.5,1.0,194.5,1.0,2334,12,71,1,P01_p1n186,12
195.0,1.0,195.0,1.0,2340,12,38,5,P05_p5n605,12
195.5,0.5,195.5,0.5,2346,6,65,1,P02_p2n204,12
195.5,0.25,195.5,0.25,2346,3,70,1,P05_p5n606,12
195.5,0.5,195.5,0.5,2346,6,74,1,P01_p1n187,12
195.75,0.25,195.75,0.25,2349,3,71,1,P05_p5n607,12
196.0,1.0,196.0,1.0,2352,12,36,5,P05_p5n610,12
196.0,2.0,196.0,2.0,2352,24,63,1,P02_p2n205,12
196.0,0.25,196.0,0.25,2352,3,63,1,P05_p5n608,12
196.0,0.25,196.0,0.25,2352,3,72,1,P05_p5n609,12
196.0,2.0,196.0,2.0,2352,24,72,1,P01_p1n188,12
196.25,0.25,196.25,0.25,2355,3,71,1,P05_p5n611,12
196.5,1.0,196.5,1.0,2358,12,48,1,P04_p4n226,12
196.5,1.0,196.5,1.0,2358,12,55,1,P03_p3n209,12
196.5,1.0,196.5,1.0,2358,12,63,1,P05_p5n612,12
196.5,1.0,196.5,1.0,2358,12,72,1,P05_p5n613,12
197.0,1.0,197.0,1.0,2364,12,36,5,P05_p5n614,12
197.5,0.5,197.5,0.5,2370,6,48,1,P04_p4n227,12
197.5,0.5,197.5,0.5,2370,6,58,1,P03_p3n210,12
197.5,0.5,197.5,0.5,2370,6,67,1,P05_p5n615,12
198.0,1.0,198.0,1.0,2376,12,41,5,P05_p5n618,12
198.0,2.0,198.0,2.0,2376,24,53,1,P04_p4n228,12
198.0,2.0,198.0,2.0,2376,24,56,1,P03_p3n211,12
198.0,1.5,198.0,1.5,2376,18,68,1,P05_p5n616,12
198.0,1.5,198.0,1.5,2376,18,75,1,P05_p5n617,12
198.5,1.0,198.5,1.0,2382,12,67,1,P02_p2n207,12
198.5,1.0,198.5,1.0,2382,12,75,1,P01_p1n190,12
199.0,1.0,199.0,1.0,2388,12,41,5,P05_p5n619,12
199.5,1.0,199.5,1.0,2394,12,67,1,P02_p2n208,12
199.5,0.25,199.5,0.25,2394,3,74,1,P05_p5n620,12
199.5,1.0,199.5,1.0,2394,12,75,1,P01_p1n191,12
199.75,0.25,199.75,0.25,2397,3,72,1,P05_p5n621,12
200.0,1.0,200.0,1.0,2400,12,34,5,P05_p5n624,12
200.0,0.5,200.0,0.5,2400,6,68,1,P05_p5n622,12
200.0,0.5,200.0,0.5,2400,6,74,1,P05_p5n623,12
200.5,1.0,200.5,1.0,2406,12,46,1,P04_p4n230,12
200.5,1.0,200.5,1.0,2406,12,56,1,P03_p3n213,12
200.5,0.5,200.5,0.5,2406,6,66,1,P02_p2n210,12
200.5,0.5,200.5,0.5,2406,6,66,1,P05_p5n625,12
200.5,0.5,200.5,0.5,2406,6,72,1,P01_p1n193,12
201.0,1.0,201.0,1.0,2412,12,39,5,P05_p5n628,12
201.0,1.0,201.0,1.0,2412,12,66,1,P02_p2n211,12
201.0,0.5,201.0,0.5,2412,6,67,1,P05_p5n626,12
201.0,1.0,201.0,1.0,2412,12,74,1,P01_p1n194,12
201.0,0.5,201.0,0.5,2412,6,74,1,P05_p5n627,12
201.5,1.0,201.5,1.0,2418,12,46,1,P04_p4n231,12
201.5,1.0,201.5,1.0,2418,12,56,1,P03_p3n214,12
201.5,0.25,201.5,0.25,2418,3,72,1,P05_p5n629,12
201.75,0.25,201.75,0.25,2421,3,74,1,P05_p5n630,12
202.0,1.0,202.0,1.0,2424,12,39,5,P05_p5n632,12
202.0,0.25,202.0,0.25,2424,3,72,1,P05_p5n631,12
202.25,0.25,202.25,0.25,2427,3,70,1,P05_p5n633,12
202.5,0.5,202.5,0.5,2430,6,51,1,P04_p4n233,12
202.5,0.5,202.5,0.5,2430,6,60,1,P03_p3n216,12
202.5,1.0,202.5,1.0,2430,12,67,1,P02_p2n213,12
202.5,1.5,202.5,1.5,2430,18,67,1,P05_p5n634,12
202.5,1.5,202.5,1.5,2430,18,72,1,P05_p5n635,12
202.5,1.0,202.5,1.0,2430,12,77,1,P01_p1n196,12
203.0,1.0,203.0,1.0,2436,12,32,5,P05_p5n636,12
203.0,1.0,203.0,1.0,2436,12,51,1,P04_p4n234,12
203.0,1.0,203.0,1.0,2436,12,58,1,P03_p3n217,12
203.5,0.5,203.5,0.5,2442,6,70,1,P02_p2n214,12
203.5,0.5,203.5,0.5,2442,6,74,1,P01_p1n197,12
204.0,1.0,204.0,1.0,2448,12,38,5,P05_p5n638,12
204.0,2.0,204.0,2.0,2448,24,69,1,P02_p2n215,12
204.0,3.0,204.0,3.0,2448,36,75,1,P01_p1n198,12
204.5,1.0,204.5,1.0,2454,12,54,1,P04_p4n236,12
204.5,1.0,204.5,1.0,2454,12,60,1,P03_p3n219,12
204.5,1.0,204.5,1.0,2454,12,66,1,P05_p5n639,12
204.5,1.0,204.5,1.0,2454,12,78,1,P05_p5n640,12
205.0,1.0,205.0,1.0,2460,12,38,5,P05_p5n641,12
205.5,0.5,205.5,0.5,2466,6,54,1,P04_p4n237,12
205.5,0.5,205.5,0.5,2466,6,60,1,P03_p3n220,12
205.5,0.25,205.5,0.25,2466,3,65,1,P05_p5n642,12
205.5,0.25,205.5,0.25,2466,3,77,1,P05_p5n643,12
205.75,0.25,205.75,0.25,2469,3,66,1,P05_p5n644,12
205.75,0.25,205.75,0.25,2469,3,78,1,P05_p5n645,12
206.0,1.0,206.0,1.0,2472,12,43,5,P05_p5n648,12
206.0,1.0,206.0,1.0,2472,12,53,1,P04_p4n238,12
206.0,1.0,206.0,1.0,2472,12,60,1,P03_p3n221,12
206.0,1.0,206.0,1.0,2472,12,67,1,P05_p5n646,12
206.0,2.0,206.0,2.0,2472,24,68,1,P02_p2n216,12
206.0,1.0,206.0,1.0,2472,12,79,1,P05_p5n647,12
207.0,1.0,207.0,1.0,2484,12,31,5,P05_p5n651,12
207.0,1.0,207.0,1.0,2484,12,53,1,P04_p4n239,12
207.0,1.0,207.0,1.0,2484,12,59,1,P03_p3n222,12
207.0,0.5,207.0,0.5,2484,6,68,1,P05_p5n649,12
207.0,1.0,207.0,1.0,2484,12,74,1,P01_p1n199,12
207.0,0.5,207.0,0.5,2484,6,80,1,P05_p5n650,12
207.5,0.5,207.5,0.5,2490,6,70,1,P05_p5n652,12
207.5,0.5,207.5,0.5,2490,6,82,1,P05_p5n653,12
208.0,1.0,208.0,1.0,2496,12,36,5,P05_p5n655,12
208.0,2.0,208.0,2.0,2496,24,51,1,P04_p4n240,12
208.0,2.0,208.0,2.0,2496,24,60,1,P03_p3n223,12
208.0,2.0,208.0,2.0,2496,24,67,1,P02_p2n217,12
208.0,2.0,208.0,2.0,2496,24,72,1,P01_p1n200,12
208.5,1.0,208.5,1.0,2502,12,60,1,P05_p5n656,12
209.0,1.0,209.0,1.0,2508,12,48,5,P05_p5n657,12
209.5,0.25,209.5,0.25,2514,3,59,1,P05_p5n658,12
209.75,0.25,209.75,0.25,2517,3,60,1,P05_p5n659,12
210.0,1.0,210.0,1.0,2520,12,34,5,P05_p5n662,12
210.0,1.5,210.0,1.5,2520,18,56,1,P05_p5n660,12
210.0,1.5,210.0,1.5,2520,18,62,1,P05_p5n661,12
211.0,1.0,211.0,1.0,2532,12,46,5,P05_p5n663,12
211.5,0.25,211.5,0.25,2538,3,60,1,P05_p5n664,12
211.75,0.25,211.75,0.25,2541,3,62,1,P05_p5n665,12
212.0,1.0,212.0,1.0,2544,12,32,5,P05_p5n668,12
212.0,0.25,212.0,0.25,2544,3,55,1,P05_p5n666,12
212.0,0.25,212.0,0.25,2544,3,60,1,P05_p5n667,12
212.25,0.25,212.25,0.25,2547,3,58,1,P05_p5n669,12
212.5,1.0,212.5,1.0,2550,12,55,1,P05_p5n670,12
212.5,1.0,212.5,1.0,2550,12,60,1,P05_p5n671,12
213.0,1.0,213.0,1.0,2556,12,44,5,P05_p5n672,12
213.5,0.25,213.5,0.25,2562,3,58,1,P05_p5n673,12
213.75,0.25,213.75,0.25,2565,3,56,1,P05_p5n674,12
214.0,1.0,214.0,1.0,2568,12,43,5,P05_p5n677,12
214.0,1.0,214.0,1.0,2568,12,50,5,P05_p5n678,12
214.0,0.5,214.0,0.5,2568,6,53,1,P05_p5n675,12
214.0,0.5,214.0,0.5,2568,6,58,1,P05_p5n676,12
214.5,0.25,214.5,0.25,2574,3,56,1,P05_p5n679,12
214.75,0.25,214.75,0.25,2577,3,55,1,P05_p5n680,12
215.0,1.0,215.0,1.0,2580,12,41,5,P05_p5n683,12
215.0,1.0,215.0,1.0,2580,12,48,5,P05_p5n684,12
215.0,0.5,215.0,0.5,2580,6,51,1,P05_p5n681,12
215.0,0.5,215.0,0.5,2580,6,56,1,P05_p5n682,12
215.5,0.25,215.5,0.25,2586,3,55,1,P05_p5n685,12
215.75,0.25,215.75,0.25,2589,3,53,1,P05_p5n686,12
216.0,1.0,216.0,1.0,2592,12,39,5,P05_p5n688,12
216.5,1.0,216.5,1.0,2598,12,55,1,P05_p5n689,12
217.0,1.0,217.0,1.0,2604,12,51,5,P05_p5n690,12
217.5,0.25,217.5,0.25,2610,3,53,1,P05_p5n691,12
217.75,0.25,217.75,0.25,2613,3,55,1,P05_p5n692,12
218.0,1.0,218.0,1.0,2616,12,44,5,P05_p5n694,12
218.0,1.5,218.0,1.5,2616,18,55,1,P05_p5n693,12
219.0,1.0,219.0,1.0,2628,12,32,5,P05_p5n695,12
219.5,0.25,219.5,0.25,2634,3,53,1,P05_p5n696,12
219.75,0.25,219.75,0.25,2637,3,55,1,P05_p5n697,12
220.0,1.0,220.0,1.0,2640,12,38,5,P05_p5n699,12
220.0,1.5,220.0,1.5,2640,18,55,1,P05_p5n698,12
221.0,1.0,221.0,1.0,2652,12,50,5,P05_p5n700,12
221.5,0.25,221.5,0.25,2658,3,53,1,P05_p5n701,12
221.75,0.25,221.75,0.25,2661,3,55,1,P05_p5n702,12
222.0,0.5,222.0,0.5,2664,6,43,5,P05_p5n704,12
222.0,0.25,222.0,0.25,2664,3,55,1,P05_p5n703,12
222.25,0.25,222.25,0.25,2667,3,53,1,P05_p5n705,12
222.5,0.5,222.5,0.5,2670,6,41,5,P05_p5n707,12
222.5,1.5,222.5,1.5,2670,18,55,1,P05_p5n706,12
223.0,0.5,223.0,0.5,2676,6,39,5,P05_p5n708,12
223.5,0.5,223.5,0.5,2682,6,38,5,P05_p5n709,12
224.0,1.0,224.0,1.0,2688,12,36,5,P05_p5n711,12
224.5,1.0,224.5,1.0,2694,12,72,1,P05_p5n713,12
224.5,0.0,224.5,0.0,2694,0,84,1,P05_p5n712,12
225.0,1.0,225.0,1.0,2700,12,48,5,P05_p5n714,12
225.5,0.25,225.5,0.25,2706,3,70,1,P05_p5n715,12
225.75,0.25,225.75,0.25,2709,3,72,1,P05_p5n716,12
226.0,1.0,226.0,1.0,2712,12,34,5,P05_p5n719,12
226.0,1.5,226.0,1.5,2712,18,68,1,P05_p5n717,12
226.0,1.5,226.0,1.5,2712,18,74,1,P05_p5n718,12
227.0,1.0,227.0,1.0,2724,12,46,5,P05_p5n720,12
227.5,0.25,227.5,0.25,2730,3,72,1,P05_p5n721,12
227.75,0.25,227.75,0.25,2733,3,74,1,P05_p5n722,12
228.0,1.0,228.0,1.0,2736,12,32,5,P05_p5n725,12
228.0,0.25,228.0,0.25,2736,3,67,1,P05_p5n723,12
228.0,0.25,228.0,0.25,2736,3,72,1,P05_p5n724,12
228.25,0.25,228.25,0.25,2739,3,70,1,P05_p5n726,12
228.5,0.75,228.5,0.75,2742,9,72,1,P05_p5n727,12
229.0,1.0,229.0,1.0,2748,12,44,5,P05_p5n729,12
229.25,0.25,229.25,0.25,2751,3,65,1,P05_p5n730,12
229.5,0.25,229.5,0.25,2754,3,67,1,P05_p5n731,12
229.75,0.25,229.75,0.25,2757,3,68,1,P05_p5n732,12
230.0,1.0,230.0,1.0,2760,12,43,5,P05_p5n735,12
230.0,0.5,230.0,0.5,2760,6,65,1,P05_p5n733,12
230.0,0.5,230.0,0.5,2760,6,70,1,P05_p5n734,12
230.5,0.25,230.5,0.25,2766,3,68,1,P05_p5n736,12
230.75,0.25,230.75,0.25,2769,3,67,1,P05_p5n737,12
231.0,1.0,231.0,1.0,2772,12,41,5,P05_p5n740,12
231.0,0.5,231.0,0.5,2772,6,63,1,P05_p5n738,12
231.0,0.5,231.0,0.5,2772,6,68,1,P05_p5n739,12
231.5,0.25,231.5,0.25,2778,3,67,1,P05_p5n741,12
231.75,0.25,231.75,0.25,2781,3,65,1,P05_p5n742,12
232.0,1.0,232.0,1.0,2784,12,39,5,P05_p5n744,12
232.5,1.0,232.5,1.0,2790,12,62,1,P05_p5n745,12
232.5,1.0,232.5,1.0,2790,12,67,1,P05_p5n746,12
233.0,1.0,233.0,1.0,2796,12,39,5,P05_p5n747,12
233.5,0.25,233.5,0.25,2802,3,65,1,P05_p5n748,12
233.75,0.25,233.75,0.25,2805,3,67,1,P05_p5n749,12
234.0,1.0,234.0,1.0,2808,12,44,5,P05_p5n752,12
234.0,1.5,234.0,1.5,2808,18,60,1,P05_p5n750,12
234.0,1.5,234.0,1.5,2808,18,67,1,P05_p5n751,12
235.0,1.0,235.0,1.0,2820,12,44,5,P05_p5n753,12
235.5,0.25,235.5,0.25,2826,3,65,1,P05_p5n754,12
235.75,0.25,235.75,0.25,2829,3,67,1,P05_p5n755,12
236.0,1.0,236.0,1.0,2832,12,38,5,P05_p5n758,12
236.0,1.5,236.0,1.5,2832,18,60,1,P05_p5n756,12
236.0,1.5,236.0,1.5,2832,18,67,1,P05_p5n757,12
237.0,1.0,237.0,1.0,2844,12,38,5,P05_p5n759,12
237.5,0.25,237.5,0.25,2850,3,65,1,P05_p5n760,12
237.75,0.25,237.75,0.25,2853,3,67,1,P05_p5n761,12
238.0,0.5,238.0,0.5,2856,6,43,5,P05_p5n764,12
238.0,0.25,238.0,0.25,2856,3,60,1,P05_p5n762,12
238.0,0.25,238.0,0.25,2856,3,67,1,P05_p5n763,12
238.25,0.25,238.25,0.25,2859,3,65,1,P05_p5n765,12
238.5,0.5,238.5,0.5,2862,6,41,5,P05_p5n768,12
238.5,1.5,238.5,1.5,2862,18,59,1,P05_p5n766,12
238.5,1.5,238.5,1.5,2862,18,67,1,P05_p5n767,12
239.0,0.5,239.0,0.5,2868,6,39,5,P05_p5n769,12
239.5,0.5,239.5,0.5,2874,6,38,5,P05_p5n770,12
240.0,1.5,240.0,1.5,2880,18,36,5,P05_p5n772,12
240.0,0.5,240.0,0.5,2880,6,63,1,P05_p5n771,12
240.5,0.5,240.5,0.5,2886,6,60,1,P05_p5n773,12
241.0,0.5,241.0,0.5,2892,6,55,1,P05_p5n774,12
241.5,1.5,241.5,1.5,2898,18,48,5,P05_p5n776,12
241.5,0.5,241.5,0.5,2898,6,63,1,P05_p5n775,12
242.0,0.5,242.0,0.5,2904,6,60,1,P05_p5n777,12
242.5,0.5,242.5,0.5,2910,6,55,1,P05_p5n778,12
243.0,1.0,243.0,1.0,2916,12,48,5,P05_p5n780,12
243.0,0.25,243.0,0.25,2916,3,63,1,P05_p5n779,12
243.25,0.25,243.25,0.25,2919,3,60,1,P05_p5n781,12
243.5,0.5,243.5,0.5,2922,6,55,1,P05_p5n782,12
244.0,1.5,244.0,1.5,2928,18,48,5,P05_p5n784,12
244.0,0.5,244.0,0.5,2928,6,63,1,P05_p5n783,12
244.5,0.5,244.5,0.5,2934,6,60,1,P05_p5n785,12
245.0,0.5,245.0,0.5,2940,6,55,1,P05_p5n786,12
245.5,1.5,245.5,1.5,2946,18,48,5,P05_p5n788,12
245.5,0.5,245.5,0.5,2946,6,63,1,P05_p5n787,12
246.0,0.5,246.0,0.5,2952,6,60,1,P05_p5n789,12
246.5,0.5,246.5,0.5,2958,6,55,1,P05_p5n790,12
247.0,1.0,247.0,1.0,2964,12,48,5,P05_p5n792,12
247.0,0.25,247.0,0.25,2964,3,63,1,P05_p5n791,12
247.25,0.25,247.25,0.25,2967,3,60,1,P05_p5n793,12
247.5,0.5,247.5,0.5,2970,6,55,1,P05_p5n794,12
248.0,1.5,248.0,1.5,2976,18,48,5,P05_p5n796,12
248.0,2.0,248.0,2.0,2976,24,60,1,P03_p3n234,12
248.0,0.5,248.0,0.5,2976,6,63,1,P05_p5n795,12
248.5,0.5,248.5,0.5,2982,6,60,1,P05_p5n797,12
249.0,0.5,249.0,0.5,2988,6,55,1,P05_p5n798,12
249.5,1.5,249.5,1.5,2994,18,48,5,P05_p5n800,12
249.5,0.5,249.5,0.5,2994,6,63,1,P05_p5n799,12
250.0,1.5,250.0,1.5,3000,18,60,1,P03_p3n235,12
250.0,0.5,250.0,0.5,3000,6,60,1,P05_p5n801,12
250.5,0.5,250.5,0.5,3006,6,55,1,P05_p5n802,12
251.0,1.0,251.0,1.0,3012,12,48,5,P05_p5n804,12
251.0,0.25,251.0,0.25,3012,3,63,1,P05_p5n803,12
251.25,0.25,251.25,0.25,3015,3,60,1,P05_p5n805,12
251.5,0.5,251.5,0.5,3018,6,55,1,P05_p5n806,12
251.5,0.5,251.5,0.5,3018,6,62,1,P03_p3n236,12
252.0,1.5,252.0,1.5,3024,18,46,5,P05_p5n808,12
252.0,0.5,252.0,0.5,3024,6,63,1,P05_p5n807,12
252.0,1.0,252.0,1.0,3024,12,63,1,P03_p3n237,12
252.5,0.5,252.5,0.5,3030,6,60,1,P05_p5n809,12
253.0,0.5,253.0,0.5,3036,6,55,1,P05_p5n810,12
253.0,1.0,253.0,1.0,3036,12,60,1,P03_p3n238,12
253.5,1.5,253.5,1.5,3042,18,46,5,P05_p5n812,12
253.5,0.5,253.5,0.5,3042,6,63,1,P05_p5n811,12
254.0,0.5,254.0,0.5,3048,6,60,1,P05_p5n813,12
254.5,0.5,254.5,0.5,3054,6,55,1,P05_p5n814,12
254.5,1.0,254.5,1.0,3054,12,63,1,P03_p3n240,12
255.0,1.0,255.0,1.0,3060,12,46,5,P05_p5n816,12
255.0,0.25,255.0,0.25,3060,3,63,1,P05_p5n815,12
255.25,0.25,255.25,0.25,3063,3,60,1,P05_p5n817,12
255.5,0.5,255.5,0.5,3066,6,55,1,P05_p5n818,12
255.5,0.25,255.5,0.25,3066,3,62,1,P03_p3n241,12
255.75,0.25,255.75,0.25,3069,3,63,1,P03_p3n242,12
256.0,1.5,256.0,1.5,3072,18,44,5,P05_p5n820,12
256.0,3.5,256.0,3.5,3072,42,60,1,P03_p3n243,12
256.5,0.5,256.5,0.5,3078,6,55,1,P05_p5n821,12
257.0,0.5,257.0,0.5,3084,6,55,1,P05_p5n822,12
257.5,1.5,257.5,1.5,3090,18,44,5,P05_p5n824,12
257.5,0.5,257.5,0.5,3090,6,60,1,P05_p5n823,12
258.0,0.5,258.0,0.5,3096,6,60,1,P05_p5n825,12
258.5,0.5,258.5,0.5,3102,6,63,1,P05_p5n826,12
259.0,1.0,259.0,1.0,3108,12,44,5,P05_p5n828,12
259.0,0.25,259.0,0.25,3108,3,63,1,P05_p5n827,12
259.25,0.25,259.25,0.25,3111,3,62,1,P05_p5n829,12
259.5,0.5,259.5,0.5,3114,6,60,1,P05_p5n830,12
259.5,0.5,259.5,0.5,3114,6,62,1,P03_p3n245,12
260.0,1.5,260.0,1.5,3120,18,50,5,P05_p5n832,12
260.0,2.0,260.0,2.0,3120,24,63,1,P03_p3n246,12
260.5,0.5,260.5,0.5,3126,6,54,1,P05_p5n833,12
261.0,1.0,261.0,1.0,3132,12,54,1,P05_p5n834,12
261.0,1.0,261.0,1.0,3132,12,60,1,P05_p5n835,12
261.0,1.0,261.0,1.0,3132,12,63,1,P05_p5n836,12
261.5,0.5,261.5,0.5,3138,6,50,5,P05_p5n837,12
262.0,1.5,262.0,1.5,3144,18,43,5,P05_p5n839,12
262.0,2.0,262.0,2.0,3144,24,62,1,P03_p3n247,12
262.5,1.5,262.5,1.5,3150,18,53,1,P05_p5n840,12
262.5,1.5,262.5,1.5,3150,18,59,1,P05_p5n841,12
262.5,1.5,262.5,1.5,3150,18,62,1,P05_p5n842,12
263.5,0.5,263.5,0.5,3162,6,43,5,P05_p5n843,12
264.0,1.5,264.0,1.5,3168,18,48,5,P05_p5n845,12
264.0,2.0,264.0,2.0,3168,24,60,1,P03_p3n248,12
264.0,0.5,264.0,0.5,3168,6,63,1,P05_p5n844,12
264.5,0.5,264.5,0.5,3174,6,60,1,P05_p5n846,12
265.0,0.5,265.0,0.5,3180,6,55,1,P05_p5n847,12
265.5,1.5,265.5,1.5,3186,18,48,5,P05_p5n849,12
265.5,0.5,265.5,0.5,3186,6,63,1,P05_p5n848,12
266.0,1.5,266.0,1.5,3192,18,60,1,P03_p3n249,12
266.0,0.5,266.0,0.5,3192,6,60,1,P05_p5n850,12
266.5,0.5,266.5,0.5,3198,6,55,1,P05_p5n851,12
267.0,1.0,267.0,1.0,3204,12,48,5,P05_p5n853,12
267.0,0.25,267.0,0.25,3204,3,63,1,P05_p5n852,12
267.25,0.25,267.25,0.25,3207,3,60,1,P05_p5n854,12
267.5,0.5,267.5,0.5,3210,6,55,1,P05_p5n855,12
267.5,0.5,267.5,0.5,3210,6,62,1,P03_p3n250,12
268.0,1.5,268.0,1.5,3216,18,46,5,P05_p5n857,12
268.0,1.0,268.0,1.0,3216,12,63,1,P03_p3n251,12
268.0,0.5,268.0,0.5,3216,6,63,1,P05_p5n856,12
268.5,0.5,268.5,0.5,3222,6,60,1,P05_p5n858,12
269.0,0.5,269.0,0.5,3228,6,55,1,P05_p5n859,12
269.0,1.0,269.0,1.0,3228,12,60,1,P03_p3n252,12
269.5,1.5,269.5,1.5,3234,18,46,5,P05_p5n861,12
269.5,0.5,269.5,0.5,3234,6,63,1,P05_p5n860,12
270.0,0.5,270.0,0.5,3240,6,60,1,P05_p5n862,12
270.5,0.5,270.5,0.5,3246,6,55,1,P05_p5n863,12
270.5,1.0,270.5,1.0,3246,12,63,1,P03_p3n254,12
271.0,1.0,271.0,1.0,3252,12,46,5,P05_p5n865,12
271.0,0.25,271.0,0.25,3252,3,63,1,P05_p5n864,12
271.25,0.25,271.25,0.25,3255,3,60,1,P05_p5n866,12
271.5,0.5,271.5,0.5,3258,6,55,1,P05_p5n867,12
271.5,0.25,271.5,0.25,3258,3,62,1,P03_p3n255,12
271.75,0.25,271.75,0.25,3261,3,63,1,P03_p3n256,12
272.0,1.0,272.0,1.0,3264,12,45,5,P05_p5n869,12
272.0,3.5,272.0,3.5,3264,42,60,1,P03_p3n257,12
272.5,0.5,272.5,0.5,3270,6,55,1,P05_p5n870,12
273.0,1.0,273.0,1.0,3276,12,33,5,P05_p5n874,12
273.0,1.0,273.0,1.0,3276,12,55,1,P05_p5n871,12
273.0,1.0,273.0,1.0,3276,12,60,1,P05_p5n872,12
273.0,1.0,273.0,1.0,3276,12,63,1,P05_p5n873,12
274.0,1.0,274.0,1.0,3288,12,38,5,P05_p5n876,12
274.5,1.5,274.5,1.5,3294,18,54,1,P05_p5n877,12
274.5,1.5,274.5,1.5,3294,18,60,1,P05_p5n878,12
274.5,1.5,274.5,1.5,3294,18,63,1,P05_p5n879,12
275.0,1.0,275.0,1.0,3300,12,50,5,P05_p5n880,12
275.5,0.5,275.5,0.5,3306,6,62,1,P03_p3n259,12
276.0,2.0,276.0,2.0,3312,24,43,6,P05_p5n883,12
276.0,1.0,276.0,1.0,3312,12,58,1,P03_p3n260,12
276.5,0.5,276.5,0.5,3318,6,50,5,P05_p5n885,12
276.5,1.0,276.5,1.0,3318,12,69,1,P05_p5n884,12
277.0,1.0,277.0,1.0,3324,12,58,1,P03_p3n261,12
277.0,1.0,277.0,1.0,3324,12,58,5,P05_p5n886,12
277.5,0.25,277.5,0.25,3330,3,70,1,P05_p5n887,12
277.75,0.25,277.75,0.25,3333,3,74,1,P05_p5n888,12
278.0,2.0,278.0,2.0,3336,24,36,6,P05_p5n893,12
278.0,1.0,278.0,1.0,3336,12,70,1,P05_p5n889,12
278.0,1.0,278.0,1.0,3336,12,73,1,P05_p5n890,12
278.0,1.0,278.0,1.0,3336,12,76,1,P05_p5n891,12
278.0,1.0,278.0,1.0,3336,12,81,1,P05_p5n892,12
278.5,0.5,278.5,0.5,3342,6,43,5,P05_p5n895,12
278.5,1.0,278.5,1.0,3342,12,61,1,P03_p3n263,12
279.0,1.0,279.0,1.0,3348,12,52,5,P05_p5n897,12
279.0,1.0,279.0,1.0,3348,12,79,1,P05_p5n896,12
279.5,0.25,279.5,0.25,3354,3,60,1,P03_p3n264,12
279.75,0.25,279.75,0.25,3357,3,58,1,P03_p3n265,12
280.0,2.0,280.0,2.0,3360,24,41,6,P05_p5n900,12
280.0,1.0,280.0,1.0,3360,12,56,1,P03_p3n266,12
280.5,0.5,280.5,0.5,3366,6,48,5,P05_p5n902,12
280.5,1.0,280.5,1.0,3366,12,67,1,P05_p5n901,12
281.0,1.0,281.0,1.0,3372,12,56,5,P05_p5n903,12
281.0,1.0,281.0,1.0,3372,12,56,1,P03_p3n267,12
281.5,0.25,281.5,0.25,3378,3,68,1,P05_p5n904,12
281.75,0.25,281.75,0.25,3381,3,72,1,P05_p5n905,12
282.0,2.0,282.0,2.0,3384,24,46,6,P05_p5n910,12
282.0,0.25,282.0,0.25,3384,3,68,1,P05_p5n906,12
282.0,0.25,282.0,0.25,3384,3,71,1,P05_p5n907,12
282.0,0.25,282.0,0.25,3384,3,74,1,P05_p5n908,12
282.0,0.25,282.0,0.25,3384,3,79,1,P05_p5n909,12
282.25,0.25,282.25,0.25,3387,3,77,1,P05_p5n912,12
282.5,0.5,282.5,0.5,3390,6,53,5,P05_p5n917,12
282.5,1.0,282.5,1.0,3390,12,59,1,P03_p3n269,12
282.5,1.5,282.5,1.5,3390,18,68,1,P05_p5n913,12
282.5,1.5,282.5,1.5,3390,18,71,1,P05_p5n914,12
282.5,1.5,282.5,1.5,3390,18,74,1,P05_p5n915,12
282.5,1.5,282.5,1.5,3390,18,79,1,P05_p5n916,12
283.0,1.0,283.0,1.0,3396,12,56,5,P05_p5n918,12
283.5,0.25,283.5,0.25,3402,3,58,1,P03_p3n270,12
283.75,0.25,283.75,0.25,3405,3,56,1,P03_p3n271,12
284.0,1.0,284.0,1.0,3408,12,39,5,P05_p5n920,12
284.0,2.0,284.0,2.0,3408,24,55,1,P03_p3n272,12
284.5,1.0,284.5,1.0,3414,12,77,1,P05_p5n921,12
285.0,1.0,285.0,1.0,3420,12,39,5,P05_p5n922,12
285.5,0.25,285.5,0.25,3426,3,74,1,P05_p5n923,12
285.75,0.25,285.75,0.25,3429,3,70,1,P05_p5n924,12
286.0,1.0,286.0,1.0,3432,12,44,5,P05_p5n926,12
286.0,0.5,286.0,0.5,3432,6,67,1,P05_p5n925,12
286.5,1.0,286.5,1.0,3438,12,58,1,P03_p3n274,12
286.5,1.0,286.5,1.0,3438,12,65,1,P05_p5n927,12
287.0,1.0,287.0,1.0,3444,12,32,5,P05_p5n928,12
287.5,0.25,287.5,0.25,3450,3,56,1,P03_p3n275,12
287.5,0.25,287.5,0.25,3450,3,70,1,P05_p5n929,12
287.75,0.25,287.75,0.25,3453,3,55,1,P03_p3n276,12
287.75,0.25,287.75,0.25,3453,3,68,1,P05_p5n930,12
288.0,1.5,288.0,1.5,3456,18,38,5,P05_p5n932,12
288.0,3.5,288.0,3.5,3456,42,53,1,P03_p3n277,12
288.0,0.5,288.0,0.5,3456,6,67,1,P05_p5n931,12
288.5,0.5,288.5,0.5,3462,6,60,1,P05_p5n933,12
289.0,0.5,289.0,0.5,3468,6,56,1,P05_p5n934,12
289.5,1.5,289.5,1.5,3474,18,38,5,P05_p5n936,12
289.5,0.5,289.5,0.5,3474,6,67,1,P05_p5n935,12
290.0,0.5,290.0,0.5,3480,6,60,1,P05_p5n937,12
290.5,0.5,290.5,0.5,3486,6,56,1,P05_p5n938,12
291.0,1.0,291.0,1.0,3492,12,38,5,P05_p5n940,12
291.0,0.25,291.0,0.25,3492,3,67,1,P05_p5n939,12
291.25,0.25,291.25,0.25,3495,3,60,1,P05_p5n941,12
291.5,0.25,291.5,0.25,3498,3,55,1,P03_p3n279,12
291.5,0.5,291.5,0.5,3498,6,56,1,P05_p5n942,12
291.75,0.25,291.75,0.25,3501,3,56,1,P03_p3n280,12
292.0,1.5,292.0,1.5,3504,18,43,5,P05_p5n944,12
292.0,4.0,292.0,4.0,3504,48,55,1,P03_p3n281,12
292.0,0.5,292.0,0.5,3504,6,67,1,P05_p5n943,12
292.5,0.5,292.5,0.5,3510,6,59,1,P05_p5n945,12
293.0,0.5,293.0,0.5,3516,6,56,1,P05_p5n946,12
293.5,1.5,293.5,1.5,3522,18,43,5,P05_p5n948,12
293.5,0.5,293.5,0.5,3522,6,67,1,P05_p5n947,12
294.0,0.5,294.0,0.5,3528,6,59,1,P05_p5n949,12
294.5,0.5,294.5,0.5,3534,6,56,1,P05_p5n950,12
295.0,1.0,295.0,1.0,3540,12,43,5,P05_p5n952,12
295.0,0.25,295.0,0.25,3540,3,67,1,P05_p5n951,12
295.25,0.25,295.25,0.25,3543,3,59,1,P05_p5n953,12
295.5,0.5,295.5,0.5,3546,6,56,1,P05_p5n954,12
296.0,4.0,296.0,4.0,3552,48,48,5,P05_p5n957,12
296.0,2.0,296.0,2.0,3552,24,72,1,P01_p1n223,12
296.5,0.5,296.5,0.5,3558,6,55,1,P05_p5n958,12
296.5,0.5,296.5,0.5,3558,6,60,1,P05_p5n959,12
296.5,0.5,296.5,0.5,3558,6,63,1,P05_p5n960,12
297.0,0.5,297.0,0.5,3564,6,55,1,P05_p5n961,12
297.0,0.5,297.0,0.5,3564,6,60,1,P05_p5n962,12
297.0,0.5,297.0,0.5,3564,6,63,1,P05_p5n963,12
297.0,1.0,297.0,1.0,3564,12,72,1,P02_p2n241,12
297.5,1.5,297.5,1.5,3570,18,39,6,P05_p5n965,12
298.0,0.5,298.0,0.5,3576,6,60,1,P05_p5n966,12
298.0,0.5,298.0,0.5,3576,6,63,1,P05_p5n967,12
298.0,0.5,298.0,0.5,3576,6,67,1,P05_p5n968,12
298.0,1.0,298.0,1.0,3576,12,70,1,P02_p2n242,12
298.0,1.5,298.0,1.5,3576,18,72,1,P01_p1n224,12
298.5,0.5,298.5,0.5,3582,6,60,1,P05_p5n969,12
298.5,0.5,298.5,0.5,3582,6,63,1,P05_p5n970,12
298.5,0.5,298.5,0.5,3582,6,67,1,P05_p5n971,12
299.0,1.0,299.0,1.0,3588,12,39,6,P05_p5n973,12
299.0,1.0,299.0,1.0,3588,12,68,1,P02_p2n243,12
299.5,0.5,299.5,0.5,3594,6,63,1,P05_p5n974,12
299.5,0.5,299.5,0.5,3594,6,67,1,P05_p5n975,12
299.5,0.5,299.5,0.5,3594,6,72,1,P05_p5n976,12
299.5,0.5,299.5,0.5,3594,6,74,1,P01_p1n225,12
300.0,4.0,300.0,4.0,3600,48,46,5,P05_p5n979,12
300.0,2.0,300.0,2.0,3600,24,68,1,P02_p2n244,12
300.0,1.0,300.0,1.0,3600,12,75,1,P01_p1n226,12
300.5,0.5,300.5,0.5,3606,6,55,1,P05_p5n980,12
300.5,0.5,300.5,0.5,3606,6,60,1,P05_p5n981,12
300.5,0.5,300.5,0.5,3606,6,63,1,P05_p5n982,12
301.0,0.5,301.0,0.5,3612,6,55,1,P05_p5n983,12
301.0,0.5,301.0,0.5,3612,6,60,1,P05_p5n984,12
301.0,0.5,301.0,0.5,3612,6,63,1,P05_p5n985,12
301.0,1.0,301.0,1.0,3612,12,72,1,P01_p1n227,12
301.5,1.5,301.5,1.5,3618,18,38,6,P05_p5n987,12
302.0,0.5,302.0,0.5,3624,6,60,1,P05_p5n988,12
302.0,0.5,302.0,0.5,3624,6,63,1,P05_p5n989,12
302.0,0.5,302.0,0.5,3624,6,67,1,P05_p5n990,12
302.0,2.0,302.0,2.0,3624,24,67,1,P02_p2n245,12
302.5,0.5,302.5,0.5,3630,6,60,1,P05_p5n991,12
302.5,0.5,302.5,0.5,3630,6,63,1,P05_p5n992,12
302.5,0.5,302.5,0.5,3630,6,67,1,P05_p5n993,12
302.5,1.0,302.5,1.0,3630,12,75,1,P01_p1n229,12
303.0,1.0,303.0,1.0,3636,12,38,6,P05_p5n995,12
303.5,0.5,303.5,0.5,3642,6,63,1,P05_p5n996,12
303.5,0.5,303.5,0.5,3642,6,67,1,P05_p5n997,12
303.5,0.5,303.5,0.5,3642,6,72,1,P05_p5n998,12
303.5,0.25,303.5,0.25,3642,3,74,1,P01_p1n230,12
303.75,0.25,303.75,0.25,3645,3,75,1,P01_p1n231,12
304.0,4.0,304.0,4.0,3648,48,44,5,P05_p5n1001,12
304.0,3.5,304.0,3.5,3648,42,72,1,P01_p1n232,12
304.5,0.5,304.5,0.5,3654,6,63,1,P05_p5n1002,12
304.5,0.5,304.5,0.5,3654,6,67,1,P05_p5n1003,12
304.5,0.5,304.5,0.5,3654,6,72,1,P05_p5n1004,12
305.0,0.5,305.0,0.5,3660,6,63,1,P05_p5n1005,12
305.0,0.5,305.0,0.5,3660,6,67,1,P05_p5n1006,12
305.0,1.0,305.0,1.0,3660,12,70,1,P02_p2n247,12
305.0,0.5,305.0,0.5,3660,6,72,1,P05_p5n1007,12
305.5,1.5,305.5,1.5,3666,18,36,6,P05_p5n1009,12
306.0,0.5,306.0,0.5,3672,6,60,1,P05_p5n1010,12
306.0,0.5,306.0,0.5,3672,6,63,1,P05_p5n1011,12
306.0,0.5,306.0,0.5,3672,6,67,1,P05_p5n1012,12
306.0,1.0,306.0,1.0,3672,12,68,1,P02_p2n248,12
306.5,0.5,306.5,0.5,3678,6,60,1,P05_p5n1013,12
306.5,0.5,306.5,0.5,3678,6,63,1,P05_p5n1014,12
306.5,0.5,306.5,0.5,3678,6,67,1,P05_p5n1015,12
307.0,1.0,307.0,1.0,3684,12,36,6,P05_p5n1017,12
307.0,1.0,307.0,1.0,3684,12,67,1,P02_p2n249,12
307.5,0.5,307.5,0.5,3690,6,55,1,P05_p5n1018,12
307.5,0.5,307.5,0.5,3690,6,60,1,P05_p5n1019,12
307.5,0.5,307.5,0.5,3690,6,63,1,P05_p5n1020,12
307.5,0.5,307.5,0.5,3690,6,74,1,P01_p1n234,12
308.0,1.0,308.0,1.0,3696,12,50,5,P05_p5n1022,12
308.0,2.0,308.0,2.0,3696,24,67,1,P02_p2n250,12
308.0,2.0,308.0,2.0,3696,24,75,1,P01_p1n235,12
308.5,1.5,308.5,1.5,3702,18,55,1,P05_p5n1023,12
308.5,1.5,308.5,1.5,3702,18,60,1,P05_p5n1024,12
308.5,1.5,308.5,1.5,3702,18,63,1,P05_p5n1025,12
309.0,1.0,309.0,1.0,3708,12,50,5,P05_p5n1026,12
310.0,1.0,310.0,1.0,3720,12,44,5,P05_p5n1029,12
310.0,1.0,310.0,1.0,3720,12,54,1,P05_p5n1027,12
310.0,1.0,310.0,1.0,3720,12,60,1,P05_p5n1028,12
310.0,1.0,310.0,1.0,3720,12,66,1,P02_p2n251,12
310.0,2.0,310.0,2.0,3720,24,74,1,P01_p1n236,12
311.0,1.0,311.0,1.0,3732,12,43,5,P05_p5n1032,12
311.0,1.0,311.0,1.0,3732,12,53,1,P05_p5n1030,12
311.0,1.0,311.0,1.0,3732,12,59,1,P05_p5n1031,12
311.0,1.0,311.0,1.0,3732,12,65,1,P02_p2n252,12
312.0,4.0,312.0,4.0,3744,48,48,5,P05_p5n1035,12
312.0,4.0,312.0,4.0,3744,48,63,1,P02_p2n253,12
312.0,2.0,312.0,2.0,3744,24,72,1,P01_p1n237,12
312.5,0.5,312.5,0.5,3750,6,55,1,P05_p5n1036,12
312.5,0.5,312.5,0.5,3750,6,60,1,P05_p5n1037,12
312.5,0.5,312.5,0.5,3750,6,63,1,P05_p5n1038,12
313.0,1.0,313.0,1.0,3756,12,51,1,P04_p4n268,12
313.0,0.5,313.0,0.5,3756,6,55,1,P05_p5n1039,12
313.0,0.5,313.0,0.5,3756,6,60,1,P05_p5n1040,12
313.0,0.5,313.0,0.5,3756,6,63,1,P05_p5n1041,12
313.5,1.5,313.5,1.5,3762,18,36,6,P05_p5n1043,12
314.0,1.0,314.0,1.0,3768,12,53,1,P04_p4n269,12
314.0,0.5,314.0,0.5,3768,6,60,1,P05_p5n1044,12
314.0,0.5,314.0,0.5,3768,6,63,1,P05_p5n1045,12
314.0,0.5,314.0,0.5,3768,6,67,1,P05_p5n1046,12
314.0,1.5,314.0,1.5,3768,18,72,1,P01_p1n238,12
314.5,0.5,314.5,0.5,3774,6,60,1,P05_p5n1047,12
314.5,0.5,314.5,0.5,3774,6,63,1,P05_p5n1048,12
314.5,0.5,314.5,0.5,3774,6,67,1,P05_p5n1049,12
315.0,1.0,315.0,1.0,3780,12,36,6,P05_p5n1051,12
315.0,1.0,315.0,1.0,3780,12,55,1,P04_p4n270,12
315.5,0.5,315.5,0.5,3786,6,63,1,P05_p5n1052,12
315.5,0.5,315.5,0.5,3786,6,67,1,P05_p5n1053,12
315.5,0.5,315.5,0.5,3786,6,72,1,P05_p5n1054,12
315.5,0.5,315.5,0.5,3786,6,74,1,P01_p1n239,12
316.0,4.0,316.0,4.0,3792,48,46,5,P05_p5n1057,12
316.0,2.0,316.0,2.0,3792,24,55,1,P04_p4n271,12
316.0,4.0,316.0,4.0,3792,48,63,1,P02_p2n254,12
316.0,1.0,316.0,1.0,3792,12,75,1,P01_p1n240,12
316.5,0.5,316.5,0.5,3798,6,55,1,P05_p5n1058,12
316.5,0.5,316.5,0.5,3798,6,60,1,P05_p5n1059,12
316.5,0.5,316.5,0.5,3798,6,63,1,P05_p5n1060,12
317.0,0.5,317.0,0.5,3804,6,55,1,P05_p5n1061,12
317.0,1.0,317.0,1.0,3804,12,55,1,P03_p3n288,12
317.0,0.5,317.0,0.5,3804,6,60,1,P05_p5n1062,12
317.0,0.5,317.0,0.5,3804,6,63,1,P05_p5n1063,12
317.0,1.0,317.0,1.0,3804,12,72,1,P01_p1n241,12
317.5,1.5,317.5,1.5,3810,18,34,6,P05_p5n1065,12
318.0,1.0,318.0,1.0,3816,12,55,1,P04_p4n272,12
318.0,1.0,318.0,1.0,3816,12,56,1,P03_p3n289,12
318.0,0.5,318.0,0.5,3816,6,60,1,P05_p5n1066,12
318.0,0.5,318.0,0.5,3816,6,63,1,P05_p5n1067,12
318.0,0.5,318.0,0.5,3816,6,67,1,P05_p5n1068,12
318.5,0.5,318.5,0.5,3822,6,60,1,P05_p5n1069,12
318.5,0.5,318.5,0.5,3822,6,63,1,P05_p5n1070,12
318.5,0.5,318.5,0.5,3822,6,67,1,P05_p5n1071,12
318.5,1.0,318.5,1.0,3822,12,75,1,P01_p1n243,12
319.0,1.0,319.0,1.0,3828,12,34,6,P05_p5n1073,12
319.0,1.0,319.0,1.0,3828,12,53,1,P04_p4n273,12
319.0,1.0,319.0,1.0,3828,12,58,1,P03_p3n290,12
319.5,0.5,319.5,0.5,3834,6,63,1,P05_p5n1074,12
319.5,0.5,319.5,0.5,3834,6,67,1,P05_p5n1075,12
319.5,0.5,319.5,0.5,3834,6,72,1,P05_p5n1076,12
319.5,0.25,319.5,0.25,3834,3,74,1,P01_p1n244,12
319.75,0.25,319.75,0.25,3837,3,75,1,P01_p1n245,12
320.0,1.5,320.0,1.5,3840,18,45,5,P05_p5n1078,12
320.0,2.0,320.0,2.0,3840,24,51,1,P04_p4n274,12
320.0,2.0,320.0,2.0,3840,24,60,1,P03_p3n291,12
320.0,3.5,320.0,3.5,3840,42,72,1,P01_p1n246,12
320.5,0.5,320.5,0.5,3846,6,55,1,P05_p5n1079,12
320.5,0.5,320.5,0.5,3846,6,60,1,P05_p5n1080,12
320.5,0.5,320.5,0.5,3846,6,63,1,P05_p5n1081,12
321.0,0.5,321.0,0.5,3852,6,55,1,P05_p5n1082,12
321.0,0.5,321.0,0.5,3852,6,60,1,P05_p5n1083,12
321.0,0.5,321.0,0.5,3852,6,63,1,P05_p5n1084,12
321.0,1.0,321.0,1.0,3852,12,67,1,P02_p2n256,12
321.5,0.5,321.5,0.5,3858,6,45,5,P05_p5n1086,12
322.0,1.5,322.0,1.5,3864,18,38,5,P05_p5n1088,12
322.0,2.0,322.0,2.0,3864,24,50,1,P04_p4n275,12
322.0,2.0,322.0,2.0,3864,24,60,1,P03_p3n292,12
322.0,1.0,322.0,1.0,3864,12,67,1,P02_p2n257,12
322.5,1.0,322.5,1.0,3870,12,54,1,P05_p5n1089,12
322.5,1.0,322.5,1.0,3870,12,60,1,P05_p5n1090,12
322.5,1.0,322.5,1.0,3870,12,63,1,P05_p5n1091,12
323.0,1.0,323.0,1.0,3876,12,66,1,P02_p2n258,12
323.5,0.5,323.5,0.5,3882,6,38,5,P05_p5n1093,12
323.5,0.5,323.5,0.5,3882,6,74,1,P01_p1n248,12
324.0,2.0,324.0,2.0,3888,24,55,1,P04_p4n276,12
324.0,2.0,324.0,2.0,3888,24,58,1,P05_p5n1094,12
324.0,2.0,324.0,2.0,3888,24,62,1,P05_p5n1095,12
324.0,2.0,324.0,2.0,3888,24,65,1,P03_p3n293,12
324.0,2.0,324.0,2.0,3888,24,65,1,P05_p5n1096,12
324.0,1.0,324.0,1.0,3888,12,70,1,P01_p1n249,12
324.5,0.5,324.5,0.5,3894,6,43,5,P05_p5n1098,12
324.5,1.0,324.5,1.0,3894,12,69,1,P02_p2n260,12
325.0,0.5,325.0,0.5,3900,6,50,5,P05_p5n1099,12
325.0,1.0,325.0,1.0,3900,12,70,1,P01_p1n250,12
325.5,0.5,325.5,0.5,3906,6,55,5,P05_p5n1100,12
325.5,0.25,325.5,0.25,3906,3,67,1,P02_p2n261,12
325.75,0.25,325.75,0.25,3909,3,65,1,P02_p2n262,12
326.0,2.0,326.0,2.0,3912,24,58,1,P05_p5n1101,12
326.0,1.0,326.0,1.0,3912,12,58,1,P04_p4n277,12
326.0,2.0,326.0,2.0,3912,24,61,1,P05_p5n1102,12
326.0,1.0,326.0,1.0,3912,12,64,1,P03_p3n294,12
326.0,2.0,326.0,2.0,3912,24,64,1,P05_p5n1103,12
326.0,1.0,326.0,1.0,3912,12,69,1,P02_p2n263,12
326.5,0.5,326.5,0.5,3918,6,36,5,P05_p5n1105,12
326.5,1.0,326.5,1.0,3918,12,73,1,P01_p1n252,12
327.0,0.5,327.0,0.5,3924,6,43,5,P05_p5n1106,12
327.0,1.0,327.0,1.0,3924,12,67,1,P02_p2n264,12
327.5,0.5,327.5,0.5,3930,6,48,5,P05_p5n1107,12
327.5,0.5,327.5,0.5,3930,6,58,1,P04_p4n279,12
327.5,0.5,327.5,0.5,3930,6,64,1,P03_p3n296,12
327.5,0.25,327.5,0.25,3930,3,72,1,P01_p1n253,12
327.75,0.25,327.75,0.25,3933,3,70,1,P01_p1n254,12
328.0,2.0,328.0,2.0,3936,24,53,1,P04_p4n280,12
328.0,2.0,328.0,2.0,3936,24,56,1,P05_p5n1108,12
328.0,2.0,328.0,2.0,3936,24,60,1,P05_p5n1109,12
328.0,2.0,328.0,2.0,3936,24,63,1,P03_p3n297,12
328.0,2.0,328.0,2.0,3936,24,63,1,P05_p5n1110,12
328.0,1.0,328.0,1.0,3936,12,68,1,P01_p1n255,12
328.5,0.5,328.5,0.5,3942,6,41,5,P05_p5n1112,12
328.5,1.0,328.5,1.0,3942,12,67,1,P02_p2n266,12
329.0,0.5,329.0,0.5,3948,6,48,5,P05_p5n1113,12
329.0,1.0,329.0,1.0,3948,12,68,1,P01_p1n256,12
329.5,0.5,329.5,0.5,3954,6,53,5,P05_p5n1114,12
329.5,0.25,329.5,0.25,3954,3,65,1,P02_p2n267,12
329.75,0.25,329.75,0.25,3957,3,63,1,P02_p2n268,12
330.0,2.0,330.0,2.0,3960,24,56,1,P04_p4n281,12
330.0,2.0,330.0,2.0,3960,24,56,1,P05_p5n1115,12
330.0,2.0,330.0,2.0,3960,24,59,1,P05_p5n1116,12
330.0,2.0,330.0,2.0,3960,24,62,1,P05_p5n1117,12
330.0,2.0,330.0,2.0,3960,24,62,1,P03_p3n298,12
330.0,1.0,330.0,1.0,3960,12,67,1,P02_p2n269,12
330.5,0.5,330.5,0.5,3966,6,34,5,P05_p5n1119,12
330.5,1.0,330.5,1.0,3966,12,71,1,P01_p1n258,12
331.0,0.5,331.0,0.5,3972,6,41,5,P05_p5n1120,12
331.0,1.0,331.0,1.0,3972,12,65,1,P02_p2n270,12
331.5,0.5,331.5,0.5,3978,6,46,5,P05_p5n1121,12
331.5,0.25,331.5,0.25,3978,3,70,1,P01_p1n259,12
331.75,0.25,331.75,0.25,3981,3,68,1,P01_p1n260,12
332.0,2.0,332.0,2.0,3984,24,51,1,P04_p4n282,12
332.0,2.0,332.0,2.0,3984,24,55,1,P05_p5n1122,12
332.0,2.0,332.0,2.0,3984,24,58,1,P05_p5n1123,12
332.0,2.0,332.0,2.0,3984,24,62,1,P05_p5n1124,12
332.0,2.0,332.0,2.0,3984,24,62,1,P03_p3n299,12
332.0,2.0,332.0,2.0,3984,24,67,1,P01_p1n261,12
332.5,0.5,332.5,0.5,3990,6,39,5,P05_p5n1126,12
332.5,1.0,332.5,1.0,3990,12,65,1,P02_p2n272,12
333.0,0.5,333.0,0.5,3996,6,46,5,P05_p5n1127,12
333.5,0.5,333.5,0.5,4002,6,51,5,P05_p5n1128,12
333.5,0.25,333.5,0.25,4002,3,62,1,P02_p2n273,12
333.75,0.25,333.75,0.25,4005,3,65,1,P02_p2n274,12
334.0,2.0,334.0,2.0,4008,24,55,1,P05_p5n1129,12
334.0,1.0,334.0,1.0,4008,12,56,1,P04_p4n283,12
334.0,2.0,334.0,2.0,4008,24,60,1,P05_p5n1130,12
334.0,1.0,334.0,1.0,4008,12,60,1,P03_p3n300,12
334.0,1.0,334.0,1.0,4008,12,63,1,P02_p2n275,12
334.0,2.0,334.0,2.0,4008,24,63,1,P05_p5n1131,12
334.5,0.5,334.5,0.5,4014,6,44,5,P05_p5n1133,12
334.5,1.0,334.5,1.0,4014,12,70,1,P01_p1n263,12
335.0,0.5,335.0,0.5,4020,6,39,5,P05_p5n1134,12
335.0,0.5,335.0,0.5,4020,6,63,1,P02_p2n276,12
335.5,0.5,335.5,0.5,4026,6,32,5,P05_p5n1135,12
335.5,0.5,335.5,0.5,4026,6,56,1,P04_p4n285,12
335.5,0.5,335.5,0.5,4026,6,60,1,P03_p3n302,12
335.5,0.5,335.5,0.5,4026,6,62,1,P02_p2n277,12
335.5,0.25,335.5,0.25,4026,3,68,1,P01_p1n264,12
335.75,0.25,335.75,0.25,4029,3,67,1,P01_p1n265,12
336.0,1.5,336.0,1.5,4032,18,38,5,P05_p5n1137,12
336.0,4.0,336.0,4.0,4032,48,50,1,P04_p4n286,12
336.0,4.0,336.0,4.0,4032,48,56,1,P03_p3n303,12
336.0,2.0,336.0,2.0,4032,24,60,1,P02_p2n278,12
336.0,3.5,336.0,3.5,4032,42,65,1,P01_p1n266,12
336.5,0.5,336.5,0.5,4038,6,56,1,P05_p5n1138,12
336.5,0.5,336.5,0.5,4038,6,60,1,P05_p5n1139,12
336.5,0.5,336.5,0.5,4038,6,65,1,P05_p5n1140,12
337.0,0.5,337.0,0.5,4044,6,56,1,P05_p5n1141,12
337.0,0.5,337.0,0.5,4044,6,60,1,P05_p5n1142,12
337.0,0.5,337.0,0.5,4044,6,65,1,P05_p5n1143,12
337.5,1.5,337.5,1.5,4050,18,38,5,P05_p5n1145,12
338.0,0.5,338.0,0.5,4056,6,56,1,P05_p5n1146,12
338.0,0.5,338.0,0.5,4056,6,60,1,P05_p5n1147,12
338.0,1.0,338.0,1.0,4056,12,62,1,P02_p2n279,12
338.0,0.5,338.0,0.5,4056,6,65,1,P05_p5n1148,12
338.5,0.5,338.5,0.5,4062,6,56,1,P05_p5n1149,12
338.5,0.5,338.5,0.5,4062,6,60,1,P05_p5n1150,12
338.5,0.5,338.5,0.5,4062,6,65,1,P05_p5n1151,12
339.0,1.0,339.0,1.0,4068,12,38,5,P05_p5n1153,12
339.0,1.0,339.0,1.0,4068,12,60,1,P02_p2n280,12
339.5,0.5,339.5,0.5,4074,6,56,1,P05_p5n1154,12
339.5,0.5,339.5,0.5,4074,6,60,1,P05_p5n1155,12
339.5,0.5,339.5,0.5,4074,6,65,1,P05_p5n1156,12
339.5,0.25,339.5,0.25,4074,3,67,1,P01_p1n268,12
339.75,0.25,339.75,0.25,4077,3,68,1,P01_p1n269,12
340.0,1.5,340.0,1.5,4080,18,43,5,P05_p5n1158,12
340.0,4.0,340.0,4.0,4080,48,55,1,P03_p3n304,12
340.0,4.0,340.0,4.0,4080,48,55,1,P04_p4n287,12
340.0,4.0,340.0,4.0,4080,48,59,1,P02_p2n281,12
340.0,4.0,340.0,4.0,4080,48,67,1,P01_p1n270,12
340.5,0.5,340.5,0.5,4086,6,56,1,P05_p5n1159,12
340.5,0.5,340.5,0.5,4086,6,59,1,P05_p5n1160,12
340.5,0.5,340.5,0.5,4086,6,65,1,P05_p5n1161,12
341.0,0.5,341.0,0.5,4092,6,56,1,P05_p5n1162,12
341.0,0.5,341.0,0.5,4092,6,59,1,P05_p5n1163,12
341.0,0.5,341.0,0.5,4092,6,65,1,P05_p5n1164,12
341.5,1.5,341.5,1.5,4098,18,43,5,P05_p5n1166,12
342.0,0.5,342.0,0.5,4104,6,56,1,P05_p5n1167,12
342.0,0.5,342.0,0.5,4104,6,59,1,P05_p5n1168,12
342.0,0.5,342.0,0.5,4104,6,65,1,P05_p5n1169,12
342.5,0.5,342.5,0.5,4110,6,56,1,P05_p5n1170,12
342.5,0.5,342.5,0.5,4110,6,59,1,P05_p5n1171,12
342.5,0.5,342.5,0.5,4110,6,65,1,P05_p5n1172,12
343.0,1.0,343.0,1.0,4116,12,43,5,P05_p5n1174,12
343.5,0.5,343.5,0.5,4122,6,56,1,P05_p5n1175,12
343.5,0.5,343.5,0.5,4122,6,59,1,P05_p5n1176,12
343.5,0.5,343.5,0.5,4122,6,65,1,P05_p5n1177,12
344.0,1.5,344.0,1.5,4128,18,36,5,P05_p5n1181,12
344.0,0.5,344.0,0.5,4128,6,60,1,P05_p5n1178,12
344.0,0.5,344.0,0.5,4128,6,63,1,P05_p5n1179,12
344.0,0.5,344.0,0.5,4128,6,67,1,P05_p5n1180,12
344.0,1.5,344.0,1.5,4128,18,72,1,P01_p1n271,12
344.5,0.5,344.5,0.5,4134,6,60,1,P05_p5n1182,12
344.5,0.5,344.5,0.5,4134,6,63,1,P05_p5n1183,12
344.5,0.5,344.5,0.5,4134,6,67,1,P05_p5n1184,12
345.0,0.5,345.0,0.5,4140,6,60,1,P05_p5n1185,12
345.0,0.5,345.0,0.5,4140,6,63,1,P05_p5n1186,12
345.0,0.5,345.0,0.5,4140,6,67,1,P05_p5n1187,12
345.5,1.5,345.5,1.5,4146,18,36,5,P05_p5n1191,12
345.5,0.5,345.5,0.5,4146,6,60,1,P05_p5n1188,12
345.5,0.5,345.5,0.5,4146,6,63,1,P05_p5n1189,12
345.5,0.5,345.5,0.5,4146,6,67,1,P05_p5n1190,12
345.5,2.0,345.5,2.0,4146,24,72,1,P01_p1n272,12
346.0,0.5,346.0,0.5,4152,6,60,1,P05_p5n1192,12
346.0,0.5,346.0,0.5,4152,6,63,1,P05_p5n1193,12
346.0,0.5,346.0,0.5,4152,6,67,1,P05_p5n1194,12
346.5,0.5,346.5,0.5,4158,6,48,1,P04_p4n290,12
346.5,0.5,346.5,0.5,4158,6,60,1,P05_p5n1195,12
346.5,0.5,346.5,0.5,4158,6,63,1,P05_p5n1196,12
346.5,0.5,346.5,0.5,4158,6,67,1,P05_p5n1197,12
347.0,1.0,347.0,1.0,4164,12,36,5,P05_p5n1201,12
347.0,0.5,347.0,0.5,4164,6,48,1,P04_p4n291,12
347.0,0.5,347.0,0.5,4164,6,60,1,P05_p5n1198,12
347.0,0.5,347.0,0.5,4164,6,63,1,P05_p5n1199,12
347.0,0.5,347.0,0.5,4164,6,67,1,P05_p5n1200,12
347.5,0.5,347.5,0.5,4170,6,48,1,P04_p4n292,12
347.5,0.5,347.5,0.5,4170,6,60,1,P05_p5n1202,12
347.5,0.5,347.5,0.5,4170,6,63,1,P05_p5n1203,12
347.5,0.5,347.5,0.5,4170,6,67,1,P05_p5n1204,12
347.5,0.5,347.5,0.5,4170,6,74,1,P01_p1n274,12
348.0,1.5,348.0,1.5,4176,18,38,5,P05_p5n1208,12
348.0,1.5,348.0,1.5,4176,18,50,1,P04_p4n293,12
348.0,0.5,348.0,0.5,4176,6,60,1,P05_p5n1205,12
348.0,0.5,348.0,0.5,4176,6,63,1,P05_p5n1206,12
348.0,0.5,348.0,0.5,4176,6,66,1,P05_p5n1207,12
348.0,1.5,348.0,1.5,4176,18,75,1,P01_p1n275,12
348.5,0.5,348.5,0.5,4182,6,60,1,P05_p5n1209,12
348.5,0.5,348.5,0.5,4182,6,63,1,P05_p5n1210,12
348.5,0.5,348.5,0.5,4182,6,66,1,P05_p5n1211,12
349.0,0.5,349.0,0.5,4188,6,60,1,P05_p5n1212,12
349.0,0.5,349.0,0.5,4188,6,63,1,P05_p5n1213,12
349.0,0.5,349.0,0.5,4188,6,66,1,P05_p5n1214,12
349.5,1.5,349.5,1.5,4194,18,38,5,P05_p5n1218,12
349.5,1.5,349.5,1.5,4194,18,50,1,P04_p4n294,12
349.5,0.5,349.5,0.5,4194,6,60,1,P05_p5n1215,12
349.5,0.5,349.5,0.5,4194,6,63,1,P05_p5n1216,12
349.5,0.5,349.5,0.5,4194,6,66,1,P05_p5n1217,12
349.5,0.5,349.5,0.5,4194,6,72,1,P01_p1n276,12
350.0,0.5,350.0,0.5,4200,6,60,1,P05_p5n1219,12
350.0,0.5,350.0,0.5,4200,6,63,1,P05_p5n1220,12
350.0,0.5,350.0,0.5,4200,6,66,1,P05_p5n1221,12
350.5,0.5,350.5,0.5,4206,6,60,1,P05_p5n1222,12
350.5,0.5,350.5,0.5,4206,6,63,1,P05_p5n1223,12
350.5,0.5,350.5,0.5,4206,6,66,1,P05_p5n1224,12
350.5,1.0,350.5,1.0,4206,12,75,1,P01_p1n278,12
351.0,1.0,351.0,1.0,4212,12,38,5,P05_p5n1228,12
351.0,0.5,351.0,0.5,4212,6,60,1,P05_p5n1225,12
351.0,0.5,351.0,0.5,4212,6,63,1,P05_p5n1226,12
351.0,0.5,351.0,0.5,4212,6,66,1,P05_p5n1227,12
351.5,0.5,351.5,0.5,4218,6,60,1,P05_p5n1229,12
351.5,0.5,351.5,0.5,4218,6,63,1,P05_p5n1230,12
351.5,0.5,351.5,0.5,4218,6,66,1,P05_p5n1231,12
351.5,0.25,351.5,0.25,4218,3,74,1,P01_p1n279,12
351.75,0.25,351.75,0.25,4221,3,75,1,P01_p1n280,12
352.0,1.5,352.0,1.5,4224,18,39,5,P05_p5n1235,12
352.0,1.5,352.0,1.5,4224,18,51,1,P04_p4n296,12
352.0,0.5,352.0,0.5,4224,6,60,1,P05_p5n1232,12
352.0,0.5,352.0,0.5,4224,6,63,1,P05_p5n1233,12
352.0,0.5,352.0,0.5,4224,6,67,1,P05_p5n1234,12
352.0,1.5,352.0,1.5,4224,18,67,1,P02_p2n284,12
352.0,2.0,352.0,2.0,4224,24,72,1,P01_p1n281,12
352.5,0.5,352.5,0.5,4230,6,60,1,P05_p5n1236,12
352.5,0.5,352.5,0.5,4230,6,63,1,P05_p5n1237,12
352.5,0.5,352.5,0.5,4230,6,67,1,P05_p5n1238,12
353.0,0.5,353.0,0.5,4236,6,60,1,P05_p5n1239,12
353.0,0.5,353.0,0.5,4236,6,63,1,P05_p5n1240,12
353.0,0.5,353.0,0.5,4236,6,67,1,P05_p5n1241,12
353.5,1.5,353.5,1.5,4242,18,39,5,P05_p5n1245,12
353.5,1.5,353.5,1.5,4242,18,51,1,P04_p4n297,12
353.5,0.5,353.5,0.5,4242,6,60,1,P05_p5n1242,12
353.5,0.5,353.5,0.5,4242,6,63,1,P05_p5n1243,12
353.5,0.5,353.5,0.5,4242,6,67,1,P05_p5n1244,12
353.5,2.0,353.5,2.0,4242,24,67,1,P02_p2n285,12
354.0,0.5,354.0,0.5,4248,6,60,1,P05_p5n1246,12
354.0,0.5,354.0,0.5,4248,6,63,1,P05_p5n1247,12
354.0,0.5,354.0,0.5,4248,6,67,1,P05_p5n1248,12
354.5,0.5,354.5,0.5,4254,6,60,1,P05_p5n1249,12
354.5,0.5,354.5,0.5,4254,6,60,1,P03_p3n309,12
354.5,0.5,354.5,0.5,4254,6,63,1,P05_p5n1250,12
354.5,0.5,354.5,0.5,4254,6,67,1,P05_p5n1251,12
354.5,1.0,354.5,1.0,4254,12,75,1,P01_p1n283,12
355.0,1.0,355.0,1.0,4260,12,39,5,P05_p5n1255,12
355.0,1.0,355.0,1.0,4260,12,51,1,P04_p4n298,12
355.0,0.5,355.0,0.5,4260,6,60,1,P03_p3n310,12
355.0,0.5,355.0,0.5,4260,6,60,1,P05_p5n1252,12
355.0,0.5,355.0,0.5,4260,6,63,1,P05_p5n1253,12
355.0,0.5,355.0,0.5,4260,6,67,1,P05_p5n1254,12
355.5,0.5,355.5,0.5,4266,6,60,1,P03_p3n311,12
355.5,0.5,355.5,0.5,4266,6,60,1,P05_p5n1256,12
355.5,0.5,355.5,0.5,4266,6,63,1,P05_p5n1257,12
355.5,0.5,355.5,0.5,4266,6,67,1,P05_p5n1258,12
355.5,0.5,355.5,0.5,4266,6,67,1,P02_p2n287,12
355.5,0.5,355.5,0.5,4266,6,74,1,P01_p1n284,12
356.0,1.5,356.0,1.5,4272,18,40,5,P05_p5n1262,12
356.0,1.5,356.0,1.5,4272,18,52,1,P04_p4n299,12
356.0,1.5,356.0,1.5,4272,18,58,1,P03_p3n312,12
356.0,0.5,356.0,0.5,4272,6,60,1,P05_p5n1259,12
356.0,0.5,356.0,0.5,4272,6,67,1,P05_p5n1260,12
356.0,1.5,356.0,1.5,4272,18,68,1,P02_p2n288,12
356.0,0.5,356.0,0.5,4272,6,72,1,P05_p5n1261,12
356.0,1.5,356.0,1.5,4272,18,73,1,P01_p1n285,12
356.5,0.5,356.5,0.5,4278,6,60,1,P05_p5n1263,12
356.5,0.5,356.5,0.5,4278,6,67,1,P05_p5n1264,12
356.5,0.5,356.5,0.5,4278,6,72,1,P05_p5n1265,12
357.0,0.5,357.0,0.5,4284,6,60,1,P05_p5n1266,12
357.0,0.5,357.0,0.5,4284,6,67,1,P05_p5n1267,12
357.0,0.5,357.0,0.5,4284,6,72,1,P05_p5n1268,12
357.5,1.5,357.5,1.5,4290,18,40,5,P05_p5n1272,12
357.5,1.0,357.5,1.0,4290,12,52,1,P04_p4n300,12
357.5,1.5,357.5,1.5,4290,18,58,1,P03_p3n313,12
357.5,0.5,357.5,0.5,4290,6,60,1,P05_p5n1269,12
357.5,0.5,357.5,0.5,4290,6,67,1,P02_p2n289,12
357.5,0.5,357.5,0.5,4290,6,67,1,P05_p5n1270,12
357.5,2.5,357.5,2.5,4290,30,72,1,P01_p1n286,12
357.5,0.5,357.5,0.5,4290,6,72,1,P05_p5n1271,12
358.0,0.5,358.0,0.5,4296,6,60,1,P05_p5n1273,12
358.0,0.5,358.0,0.5,4296,6,67,1,P05_p5n1274,12
358.0,0.5,358.0,0.5,4296,6,72,1,P05_p5n1275,12
358.5,0.5,358.5,0.5,4302,6,48,1,P04_p4n301,12
358.5,0.5,358.5,0.5,4302,6,60,1,P05_p5n1276,12
358.5,0.5,358.5,0.5,4302,6,67,1,P05_p5n1277,12
358.5,0.5,358.5,0.5,4302,6,70,1,P02_p2n291,12
358.5,0.5,358.5,0.5,4302,6,72,1,P05_p5n1278,12
359.0,1.0,359.0,1.0,4308,12,40,5,P05_p5n1282,12
359.0,0.5,359.0,0.5,4308,6,48,1,P04_p4n302,12
359.0,0.5,359.0,0.5,4308,6,60,1,P05_p5n1279,12
359.0,0.5,359.0,0.5,4308,6,67,1,P05_p5n1280,12
359.0,0.5,359.0,0.5,4308,6,68,1,P02_p2n292,12
359.0,0.5,359.0,0.5,4308,6,72,1,P05_p5n1281,12
359.5,0.5,359.5,0.5,4314,6,48,1,P04_p4n303,12
359.5,0.5,359.5,0.5,4314,6,60,1,P05_p5n1283,12
359.5,0.5,359.5,0.5,4314,6,67,1,P02_p2n293,12
359.5,0.5,359.5,0.5,4314,6,67,1,P05_p5n1284,12
359.5,0.5,359.5,0.5,4314,6,72,1,P05_p5n1285,12
360.0,1.5,360.0,1.5,4320,18,41,5,P05_p5n1289,12
360.0,1.5,360.0,1.5,4320,18,53,1,P04_p4n304,12
360.0,0.5,360.0,0.5,4320,6,56,1,P05_p5n1286,12
360.0,0.5,360.0,0.5,4320,6,63,1,P05_p5n1287,12
360.0,1.5,360.0,1.5,4320,18,63,1,P03_p3n315,12
360.0,0.5,360.0,0.5,4320,6,68,1,P05_p5n1288,12
360.0,1.5,360.0,1.5,4320,18,68,1,P02_p2n294,12
360.0,1.5,360.0,1.5,4320,18,72,1,P01_p1n288,12
360.5,0.5,360.5,0.5,4326,6,56,1,P05_p5n1290,12
360.5,0.5,360.5,0.5,4326,6,63,1,P05_p5n1291,12
360.5,0.5,360.5,0.5,4326,6,68,1,P05_p5n1292,12
361.0,0.5,361.0,0.5,4332,6,56,1,P05_p5n1293,12
361.0,0.5,361.0,0.5,4332,6,63,1,P05_p5n1294,12
361.0,0.5,361.0,0.5,4332,6,68,1,P05_p5n1295,12
361.5,1.5,361.5,1.5,4338,18,41,5,P05_p5n1299,12
361.5,1.5,361.5,1.5,4338,18,53,1,P04_p4n305,12
361.5,0.5,361.5,0.5,4338,6,56,1,P05_p5n1296,12
361.5,0.5,361.5,0.5,4338,6,63,1,P05_p5n1297,12
361.5,1.5,361.5,1.5,4338,18,63,1,P03_p3n316,12
361.5,0.5,361.5,0.5,4338,6,68,1,P02_p2n295,12
361.5,0.5,361.5,0.5,4338,6,68,1,P05_p5n1298,12
361.5,2.0,361.5,2.0,4338,24,72,1,P01_p1n289,12
362.0,0.5,362.0,0.5,4344,6,56,1,P05_p5n1300,12
362.0,0.5,362.0,0.5,4344,6,63,1,P05_p5n1301,12
362.0,0.5,362.0,0.5,4344,6,68,1,P05_p5n1302,12
362.5,0.5,362.5,0.5,4350,6,56,1,P05_p5n1303,12
362.5,0.5,362.5,0.5,4350,6,63,1,P05_p5n1304,12
362.5,0.5,362.5,0.5,4350,6,68,1,P05_p5n1305,12
362.5,0.5,362.5,0.5,4350,6,72,1,P02_p2n297,12
363.0,1.0,363.0,1.0,4356,12,41,5,P05_p5n1309,12
363.0,0.5,363.0,0.5,4356,6,56,1,P05_p5n1306,12
363.0,1.0,363.0,1.0,4356,12,63,1,P03_p3n317,12
363.0,0.5,363.0,0.5,4356,6,63,1,P05_p5n1307,12
363.0,0.5,363.0,0.5,4356,6,68,1,P05_p5n1308,12
363.0,0.5,363.0,0.5,4356,6,70,1,P02_p2n298,12
363.5,0.5,363.5,0.5,4362,6,56,1,P05_p5n1310,12
363.5,0.5,363.5,0.5,4362,6,63,1,P05_p5n1311,12
363.5,0.5,363.5,0.5,4362,6,68,1,P02_p2n299,12
363.5,0.5,363.5,0.5,4362,6,68,1,P05_p5n1312,12
363.5,0.5,363.5,0.5,4362,6,74,1,P01_p1n291,12
364.0,1.5,364.0,1.5,4368,18,43,5,P05_p5n1316,12
364.0,1.5,364.0,1.5,4368,18,55,1,P04_p4n307,12
364.0,0.5,364.0,0.5,4368,6,58,1,P05_p5n1313,12
364.0,1.5,364.0,1.5,4368,18,62,1,P03_p3n318,12
364.0,0.5,364.0,0.5,4368,6,65,1,P05_p5n1314,12
364.0,1.5,364.0,1.5,4368,18,70,1,P02_p2n300,12
364.0,0.5,364.0,0.5,4368,6,70,1,P05_p5n1315,12
364.0,1.5,364.0,1.5,4368,18,75,1,P01_p1n292,12
364.5,0.5,364.5,0.5,4374,6,58,1,P05_p5n1317,12
364.5,0.5,364.5,0.5,4374,6,65,1,P05_p5n1318,12
364.5,0.5,364.5,0.5,4374,6,70,1,P05_p5n1319,12
365.0,0.5,365.0,0.5,4380,6,58,1,P05_p5n1320,12
365.0,0.5,365.0,0.5,4380,6,65,1,P05_p5n1321,12
365.0,0.5,365.0,0.5,4380,6,70,1,P05_p5n1322,12
365.5,1.5,365.5,1.5,4386,18,43,5,P05_p5n1326,12
365.5,1.5,365.5,1.5,4386,18,55,1,P04_p4n308,12
365.5,0.5,365.5,0.5,4386,6,58,1,P05_p5n1323,12
365.5,1.0,365.5,1.0,4386,12,62,1,P03_p3n319,12
365.5,0.5,365.5,0.5,4386,6,65,1,P05_p5n1324,12
365.5,2.5,365.5,2.5,4386,30,70,1,P02_p2n301,12
365.5,0.5,365.5,0.5,4386,6,70,1,P05_p5n1325,12
365.5,0.5,365.5,0.5,4386,6,72,1,P01_p1n293,12
366.0,0.5,366.0,0.5,4392,6,58,1,P05_p5n1327,12
366.0,0.5,366.0,0.5,4392,6,65,1,P05_p5n1328,12
366.0,0.5,366.0,0.5,4392,6,70,1,P05_p5n1329,12
366.5,0.5,366.5,0.5,4398,6,58,1,P05_p5n1330,12
366.5,0.5,366.5,0.5,4398,6,62,1,P03_p3n320,12
366.5,0.5,366.5,0.5,4398,6,65,1,P05_p5n1331,12
366.5,0.5,366.5,0.5,4398,6,70,1,P05_p5n1332,12
366.5,1.0,366.5,1.0,4398,12,75,1,P01_p1n295,12
367.0,1.0,367.0,1.0,4404,12,43,5,P05_p5n1336,12
367.0,1.0,367.0,1.0,4404,12,55,1,P04_p4n309,12
367.0,0.5,367.0,0.5,4404,6,58,1,P05_p5n1333,12
367.0,0.5,367.0,0.5,4404,6,63,1,P03_p3n321,12
367.0,0.5,367.0,0.5,4404,6,65,1,P05_p5n1334,12
367.0,0.5,367.0,0.5,4404,6,70,1,P05_p5n1335,12
367.5,0.5,367.5,0.5,4410,6,58,1,P05_p5n1337,12
367.5,0.5,367.5,0.5,4410,6,65,1,P05_p5n1338,12
367.5,0.5,367.5,0.5,4410,6,65,1,P03_p3n322,12
367.5,0.5,367.5,0.5,4410,6,70,1,P05_p5n1339,12
367.5,0.25,367.5,0.25,4410,3,74,1,P01_p1n296,12
367.75,0.25,367.75,0.25,4413,3,75,1,P01_p1n297,12
368.0,1.5,368.0,1.5,4416,18,44,5,P05_p5n1343,12
368.0,1.5,368.0,1.5,4416,18,56,1,P04_p4n310,12
368.0,0.5,368.0,0.5,4416,6,60,1,P05_p5n1340,12
368.0,1.5,368.0,1.5,4416,18,63,1,P03_p3n323,12
368.0,0.5,368.0,0.5,4416,6,67,1,P05_p5n1341,12
368.0,1.5,368.0,1.5,4416,18,67,1,P02_p2n303,12
368.0,2.0,368.0,2.0,4416,24,72,1,P01_p1n298,12
368.0,0.5,368.0,0.5,4416,6,72,1,P05_p5n1342,12
368.5,0.5,368.5,0.5,4422,6,60,1,P05_p5n1344,12
368.5,0.5,368.5,0.5,4422,6,67,1,P05_p5n1345,12
368.5,0.5,368.5,0.5,4422,6,72,1,P05_p5n1346,12
369.0,0.5,369.0,0.5,4428,6,60,1,P05_p5n1347,12
369.0,0.5,369.0,0.5,4428,6,67,1,P05_p5n1348,12
369.0,0.5,369.0,0.5,4428,6,72,1,P05_p5n1349,12
369.5,1.0,369.5,1.0,4434,12,44,5,P05_p5n1353,12
369.5,1.0,369.5,1.0,4434,12,56,1,P04_p4n311,12
369.5,0.5,369.5,0.5,4434,6,60,1,P05_p5n1350,12
369.5,1.5,369.5,1.5,4434,18,63,1,P03_p3n324,12
369.5,0.5,369.5,0.5,4434,6,67,1,P05_p5n1351,12
369.5,2.0,369.5,2.0,4434,24,67,1,P02_p2n304,12
369.5,0.5,369.5,0.5,4434,6,72,1,P05_p5n1352,12
370.0,0.5,370.0,0.5,4440,6,60,1,P05_p5n1354,12
370.0,0.5,370.0,0.5,4440,6,67,1,P05_p5n1355,12
370.0,0.5,370.0,0.5,4440,6,72,1,P05_p5n1356,12
370.5,0.5,370.5,0.5,4446,6,44,5,P05_p5n1361,12
370.5,0.5,370.5,0.5,4446,6,56,1,P04_p4n312,12
370.5,0.5,370.5,0.5,4446,6,60,1,P05_p5n1358,12
370.5,0.5,370.5,0.5,4446,6,67,1,P05_p5n1359,12
370.5,0.5,370.5,0.5,4446,6,72,1,P05_p5n1360,12
370.5,1.0,370.5,1.0,4446,12,75,1,P01_p1n300,12
371.0,0.5,371.0,0.5,4452,6,46,5,P05_p5n1365,12
371.0,0.5,371.0,0.5,4452,6,58,1,P04_p4n313,12
371.0,0.5,371.0,0.5,4452,6,60,1,P05_p5n1362,12
371.0,1.0,371.0,1.0,4452,12,63,1,P03_p3n325,12
371.0,0.5,371.0,0.5,4452,6,67,1,P05_p5n1363,12
371.0,0.5,371.0,0.5,4452,6,72,1,P05_p5n1364,12
371.5,0.5,371.5,0.5,4458,6,48,5,P05_p5n1369,12
371.5,0.5,371.5,0.5,4458,6,60,1,P04_p4n314,12
371.5,0.5,371.5,0.5,4458,6,60,1,P05_p5n1366,12
371.5,0.5,371.5,0.5,4458,6,67,1,P05_p5n1367,12
371.5,0.5,371.5,0.5,4458,6,67,1,P02_p2n306,12
371.5,0.5,371.5,0.5,4458,6,72,1,P05_p5n1368,12
371.5,0.5,371.5,0.5,4458,6,74,1,P01_p1n301,12
372.0,1.5,372.0,1.5,4464,18,50,5,P05_p5n1374,12
372.0,1.5,372.0,1.5,4464,18,62,1,P04_p4n315,12
372.0,1.5,372.0,1.5,4464,18,63,1,P03_p3n326,12
372.0,0.5,372.0,0.5,4464,6,63,1,P05_p5n1370,12
372.0,0.5,372.0,0.5,4464,6,66,1,P05_p5n1371,12
372.0,3.0,372.0,3.0,4464,36,66,1,P02_p2n307,12
372.0,0.5,372.0,0.5,4464,6,69,1,P05_p5n1372,12
372.0,0.5,372.0,0.5,4464,6,74,1,P05_p5n1373,12
372.0,3.0,372.0,3.0,4464,36,74,1,P01_p1n302,12
372.5,0.5,372.5,0.5,4470,6,63,1,P05_p5n1375,12
372.5,0.5,372.5,0.5,4470,6,66,1,P05_p5n1376,12
372.5,0.5,372.5,0.5,4470,6,69,1,P05_p5n1377,12
372.5,0.5,372.5,0.5,4470,6,74,1,P05_p5n1378,12
373.0,0.5,373.0,0.5,4476,6,63,1,P05_p5n1379,12
373.0,0.5,373.0,0.5,4476,6,66,1,P05_p5n1380,12
373.0,0.5,373.0,0.5,4476,6,69,1,P05_p5n1381,12
373.0,0.5,373.0,0.5,4476,6,74,1,P05_p5n1382,12
373.5,1.5,373.5,1.5,4482,18,48,5,P05_p5n1387,12
373.5,1.5,373.5,1.5,4482,18,60,1,P04_p4n316,12
373.5,1.5,373.5,1.5,4482,18,63,1,P03_p3n327,12
373.5,0.5,373.5,0.5,4482,6,63,1,P05_p5n1383,12
373.5,0.5,373.5,0.5,4482,6,66,1,P05_p5n1384,12
373.5,0.5,373.5,0.5,4482,6,69,1,P05_p5n1385,12
373.5,0.5,373.5,0.5,4482,6,74,1,P05_p5n1386,12
374.0,0.5,374.0,0.5,4488,6,63,1,P05_p5n1388,12
374.0,0.5,374.0,0.5,4488,6,66,1,P05_p5n1389,12
374.0,0.5,374.0,0.5,4488,6,69,1,P05_p5n1390,12
374.0,0.5,374.0,0.5,4488,6,74,1,P05_p5n1391,12
374.5,0.5,374.5,0.5,4494,6,63,1,P05_p5n1392,12
374.5,0.5,374.5,0.5,4494,6,66,1,P05_p5n1393,12
374.5,0.5,374.5,0.5,4494,6,69,1,P05_p5n1394,12
374.5,0.5,374.5,0.5,4494,6,74,1,P05_p5n1395,12
375.0,1.0,375.0,1.0,4500,12,47,5,P05_p5n1400,12
375.0,1.0,375.0,1.0,4500,12,59,1,P04_p4n317,12
375.0,1.0,375.0,1.0,4500,12,62,1,P03_p3n328,12
375.0,0.5,375.0,0.5,4500,6,62,1,P05_p5n1396,12
375.0,0.5,375.0,0.5,4500,6,65,1,P05_p5n1397,12
375.0,1.0,375.0,1.0,4500,12,67,1,P02_p2n308,12
375.0,0.5,375.0,0.5,4500,6,68,1,P05_p5n1398,12
375.0,0.5,375.0,0.5,4500,6,74,1,P05_p5n1399,12
375.0,1.0,375.0,1.0,4500,12,74,1,P01_p1n303,12
375.5,0.5,375.5,0.5,4506,6,62,1,P05_p5n1401,12
375.5,0.5,375.5,0.5,4506,6,65,1,P05_p5n1402,12
375.5,0.5,375.5,0.5,4506,6,68,1,P05_p5n1403,12
375.5,0.5,375.5,0.5,4506,6,74,1,P05_p5n1404,12
376.0,4.0,376.0,4.0,4512,48,46,5,P05_p5n1406,12
376.0,2.5,376.0,2.5,4512,30,67,1,P02_p2n309,12
376.0,0.5,376.0,0.5,4512,6,72,1,P05_p5n1405,12
376.5,0.5,376.5,0.5,4518,6,67,1,P05_p5n1407,12
377.0,1.0,377.0,1.0,4524,12,58,1,P04_p4n319,12
377.0,1.0,377.0,1.0,4524,12,60,1,P03_p3n330,12
377.0,0.5,377.0,0.5,4524,6,64,1,P05_p5n1408,12
377.5,0.5,377.5,0.5,4530,6,72,1,P05_p5n1409,12
378.0,1.0,378.0,1.0,4536,12,58,1,P04_p4n320,12
378.0,1.0,378.0,1.0,4536,12,60,1,P03_p3n331,12
378.0,0.5,378.0,0.5,4536,6,67,1,P05_p5n1410,12
378.5,1.0,378.5,1.0,4542,12,60,1,P02_p2n311,12
378.5,0.5,378.5,0.5,4542,6,64,1,P05_p5n1411,12
379.0,1.0,379.0,1.0,4548,12,58,1,P04_p4n321,12
379.0,1.0,379.0,1.0,4548,12,60,1,P03_p3n332,12
379.0,0.5,379.0,0.5,4548,6,72,1,P05_p5n1412,12
379.5,0.25,379.5,0.25,4554,3,64,1,P02_p2n312,12
379.5,0.5,379.5,0.5,4554,6,67,1,P05_p5n1413,12
379.75,0.25,379.75,0.25,4557,3,67,1,P02_p2n313,12
380.0,2.0,380.0,2.0,4560,24,57,1,P04_p4n322,12
380.0,4.0,380.0,4.0,4560,48,60,1,P05_p5n1414,12
380.0,2.0,380.0,2.0,4560,24,60,1,P03_p3n333,12
380.0,4.0,380.0,4.0,4560,48,65,1,P05_p5n1415,12
380.0,2.0,380.0,2.0,4560,24,67,1,P02_p2n314,12
380.0,4.0,380.0,4.0,4560,48,69,1,P05_p5n1416,12
380.0,4.0,380.0,4.0,4560,48,72,1,P05_p5n1417,12
380.5,0.5,380.5,0.5,4566,6,41,5,P05_p5n1419,12
381.0,0.5,381.0,0.5,4572,6,45,5,P05_p5n1420,12
381.0,1.0,381.0,1.0,4572,12,72,1,P01_p1n306,12
381.5,0.5,381.5,0.5,4578,6,48,5,P05_p5n1421,12
382.0,0.5,382.0,0.5,4584,6,55,5,P05_p5n1422,12
382.0,2.0,382.0,2.0,4584,24,57,1,P04_p4n323,12
382.0,2.0,382.0,2.0,4584,24,60,1,P03_p3n334,12
382.0,2.0,382.0,2.0,4584,24,65,1,P02_p2n315,12
382.0,1.5,382.0,1.5,4584,18,72,1,P01_p1n307,12
382.5,0.5,382.5,0.5,4590,6,53,5,P05_p5n1423,12
383.0,0.5,383.0,0.5,4596,6,58,5,P05_p5n1424,12
383.5,0.5,383.5,0.5,4602,6,57,5,P05_p5n1425,12
383.5,0.5,383.5,0.5,4602,6,74,1,P01_p1n308,12
384.0,0.5,384.0,0.5,4608,6,60,5,P05_p5n1429,12
384.0,4.0,384.0,4.0,4608,48,62,1,P05_p5n1426,12
384.0,4.0,384.0,4.0,4608,48,65,1,P05_p5n1427,12
384.0,2.5,384.0,2.5,4608,30,65,1,P02_p2n316,12
384.0,4.0,384.0,4.0,4608,48,70,1,P05_p5n1428,12
384.0,2.0,384.0,2.0,4608,24,72,1,P01_p1n309,12
384.5,0.5,384.5,0.5,4614,6,58,5,P05_p5n1430,12
385.0,1.0,385.0,1.0,4620,12,56,1,P04_p4n325,12
385.0,1.0,385.0,1.0,4620,12,58,1,P03_p3n336,12
385.0,0.5,385.0,0.5,4620,6,58,5,P05_p5n1431,12
385.5,0.5,385.5,0.5,4626,6,56,5,P05_p5n1432,12
386.0,0.5,386.0,0.5,4632,6,56,5,P05_p5n1433,12
386.0,1.0,386.0,1.0,4632,12,56,1,P04_p4n326,12
386.0,1.0,386.0,1.0,4632,12,58,1,P03_p3n337,12
386.0,2.0,386.0,2.0,4632,24,70,1,P01_p1n310,12
386.5,0.5,386.5,0.5,4638,6,55,5,P05_p5n1434,12
386.5,1.0,386.5,1.0,4638,12,58,1,P02_p2n318,12
387.0,0.5,387.0,0.5,4644,6,55,5,P05_p5n1435,12
387.0,1.0,387.0,1.0,4644,12,56,1,P04_p4n327,12
387.0,1.0,387.0,1.0,4644,12,58,1,P03_p3n338,12
387.5,0.5,387.5,0.5,4650,6,53,5,P05_p5n1436,12
387.5,0.25,387.5,0.25,4650,3,62,1,P02_p2n319,12
387.75,0.25,387.75,0.25,4653,3,65,1,P02_p2n320,12
388.0,2.0,388.0,2.0,4656,24,55,1,P04_p4n328,12
388.0,4.0,388.0,4.0,4656,48,58,1,P05_p5n1437,12
388.0,2.0,388.0,2.0,4656,24,58,1,P03_p3n339,12
388.0,4.0,388.0,4.0,4656,48,63,1,P05_p5n1438,12
388.0,2.0,388.0,2.0,4656,24,65,1,P02_p2n321,12
388.0,4.0,388.0,4.0,4656,48,67,1,P05_p5n1439,12
388.0,4.0,388.0,4.0,4656,48,70,1,P05_p5n1440,12
388.5,0.5,388.5,0.5,4662,6,39,5,P05_p5n1442,12
389.0,0.5,389.0,0.5,4668,6,43,5,P05_p5n1443,12
389.0,1.0,389.0,1.0,4668,12,70,1,P01_p1n312,12
389.5,0.5,389.5,0.5,4674,6,46,5,P05_p5n1444,12
390.0,0.5,390.0,0.5,4680,6,53,5,P05_p5n1445,12
390.0,2.0,390.0,2.0,4680,24,55,1,P04_p4n329,12
390.0,2.0,390.0,2.0,4680,24,58,1,P03_p3n340,12
390.0,2.0,390.0,2.0,4680,24,63,1,P02_p2n322,12
390.0,1.5,390.0,1.5,4680,18,70,1,P01_p1n313,12
390.5,0.5,390.5,0.5,4686,6,51,5,P05_p5n1446,12
391.0,0.25,391.0,0.25,4692,3,56,5,P05_p5n1447,12
391.25,0.25,391.25,0.25,4695,3,55,5,P05_p5n1448,12
391.5,1.0,391.5,1.0,4698,12,58,5,P05_p5n1449,12
391.5,0.5,391.5,0.5,4698,6,72,1,P01_p1n314,12
392.0,4.0,392.0,4.0,4704,48,60,1,P05_p5n1450,12
392.0,2.5,392.0,2.5,4704,30,63,1,P02_p2n323,12
392.0,4.0,392.0,4.0,4704,48,63,1,P05_p5n1451,12
392.0,4.0,392.0,4.0,4704,48,68,1,P05_p5n1452,12
392.0,2.0,392.0,2.0,4704,24,70,1,P01_p1n315,12
392.5,0.5,392.5,0.5,4710,6,56,5,P05_p5n1454,12
393.0,1.0,393.0,1.0,4716,12,54,1,P04_p4n331,12
393.0,1.0,393.0,1.0,4716,12,56,1,P03_p3n342,12
393.0,0.5,393.0,0.5,4716,6,56,5,P05_p5n1455,12
393.5,0.5,393.5,0.5,4722,6,54,5,P05_p5n1456,12
394.0,1.0,394.0,1.0,4728,12,54,1,P04_p4n332,12
394.0,0.5,394.0,0.5,4728,6,54,5,P05_p5n1457,12
394.0,1.0,394.0,1.0,4728,12,56,1,P03_p3n343,12
394.0,1.0,394.0,1.0,4728,12,68,1,P01_p1n316,12
394.5,0.5,394.5,0.5,4734,6,53,5,P05_p5n1458,12
394.5,1.0,394.5,1.0,4734,12,56,1,P02_p2n325,12
395.0,0.5,395.0,0.5,4740,6,53,5,P05_p5n1459,12
395.0,1.0,395.0,1.0,4740,12,54,1,P04_p4n333,12
395.0,1.0,395.0,1.0,4740,12,56,1,P03_p3n344,12
395.0,1.0,395.0,1.0,4740,12,63,1,P01_p1n317,12
395.5,0.5,395.5,0.5,4746,6,51,5,P05_p5n1460,12
395.5,0.25,395.5,0.25,4746,3,60,1,P02_p2n326,12
395.75,0.25,395.75,0.25,4749,3,63,1,P02_p2n327,12
396.0,1.5,396.0,1.5,4752,18,53,1,P04_p4n334,12
396.0,1.5,396.0,1.5,4752,18,56,1,P03_p3n345,12
396.0,4.0,396.0,4.0,4752,48,56,1,P05_p5n1461,12
396.0,4.0,396.0,4.0,4752,48,61,1,P05_p5n1462,12
396.0,1.5,396.0,1.5,4752,18,63,1,P02_p2n328,12
396.0,4.0,396.0,4.0,4752,48,65,1,P05_p5n1463,12
396.0,4.0,396.0,4.0,4752,48,68,1,P05_p5n1464,12
396.0,1.5,396.0,1.5,4752,18,70,1,P01_p1n318,12
396.5,0.5,396.5,0.5,4758,6,37,5,P05_p5n1466,12
397.0,0.5,397.0,0.5,4764,6,41,5,P05_p5n1467,12
397.5,0.5,397.5,0.5,4770,6,44,5,P05_p5n1468,12
397.5,1.5,397.5,1.5,4770,18,53,1,P04_p4n335,12
397.5,1.0,397.5,1.0,4770,12,56,1,P03_p3n346,12
397.5,1.0,397.5,1.0,4770,12,61,1,P02_p2n329,12
397.5,1.0,397.5,1.0,4770,12,68,1,P01_p1n319,12
398.0,0.5,398.0,0.5,4776,6,51,5,P05_p5n1469,12
398.5,0.5,398.5,0.5,4782,6,49,5,P05_p5n1470,12
398.5,1.0,398.5,1.0,4782,12,65,1,P03_p3n347,12
398.5,1.0,398.5,1.0,4782,12,68,1,P02_p2n331,12
398.5,1.0,398.5,1.0,4782,12,73,1,P01_p1n321,12
399.0,1.0,399.0,1.0,4788,12,53,1,P04_p4n336,12
399.0,0.5,399.0,0.5,4788,6,58,5,P05_p5n1471,12
399.5,0.5,399.5,0.5,4794,6,56,5,P05_p5n1472,12
399.5,0.5,399.5,0.5,4794,6,63,1,P03_p3n348,12
399.5,0.5,399.5,0.5,4794,6,67,1,P02_p2n332,12
399.5,0.5,399.5,0.5,4794,6,72,1,P01_p1n322,12
400.0,1.0,400.0,1.0,4800,12,55,5,P05_p5n1476,12
400.0,1.5,400.0,1.5,4800,18,55,1,P04_p4n337,12
400.0,1.5,400.0,1.5,4800,18,59,1,P05_p5n1473,12
400.0,1.5,400.0,1.5,4800,18,62,1,P03_p3n349,12
400.0,1.5,400.0,1.5,4800,18,62,1,P05_p5n1474,12
400.0,1.5,400.0,1.5,4800,18,65,1,P02_p2n333,12
400.0,1.5,400.0,1.5,4800,18,67,1,P05_p5n1475,12
400.0,1.5,400.0,1.5,4800,18,71,1,P01_p1n323,12
401.0,1.0,401.0,1.0,4812,12,53,5,P05_p5n1478,12
401.0,0.0,401.0,0.0,4812,0,54,5,P05_p5n1477,12
401.5,1.5,401.5,1.5,4818,18,55,1,P04_p4n338,12
401.5,1.5,401.5,1.5,4818,18,59,1,P05_p5n1479,12
401.5,1.0,401.5,1.0,4818,12,59,1,P03_p3n350,12
401.5,1.0,401.5,1.0,4818,12,62,1,P02_p2n334,12
401.5,1.5,401.5,1.5,4818,18,62,1,P05_p5n1480,12
401.5,1.5,401.5,1.5,4818,18,67,1,P05_p5n1481,12
401.5,1.0,401.5,1.0,4818,12,67,1,P01_p1n324,12
402.0,1.0,402.0,1.0,4824,12,50,5,P05_p5n1482,12
402.5,1.0,402.5,1.0,4830,12,58,1,P03_p3n351,12
402.5,1.0,402.5,1.0,4830,12,61,1,P02_p2n335,12
402.5,1.0,402.5,1.0,4830,12,66,1,P01_p1n325,12
403.0,1.0,403.0,1.0,4836,12,43,5,P05_p5n1486,12
403.0,1.0,403.0,1.0,4836,12,55,1,P04_p4n339,12
403.0,1.0,403.0,1.0,4836,12,59,1,P05_p5n1483,12
403.0,1.0,403.0,1.0,4836,12,62,1,P05_p5n1484,12
403.0,1.0,403.0,1.0,4836,12,67,1,P05_p5n1485,12
403.5,0.5,403.5,0.5,4842,6,59,1,P03_p3n352,12
403.5,0.5,403.5,0.5,4842,6,62,1,P02_p2n336,12
403.5,0.5,403.5,0.5,4842,6,67,1,P01_p1n326,12
404.0,1.0,404.0,1.0,4848,12,44,5,P05_p5n1488,12
404.0,2.0,404.0,2.0,4848,24,50,1,P04_p4n340,12
404.0,2.0,404.0,2.0,4848,24,60,1,P03_p3n353,12
404.0,2.0,404.0,2.0,4848,24,65,1,P02_p2n337,12
404.0,2.0,404.0,2.0,4848,24,68,1,P01_p1n327,12
405.0,1.0,405.0,1.0,4860,12,56,5,P05_p5n1493,12
405.0,0.5,405.0,0.5,4860,6,67,1,P05_p5n1492,12
405.0,0.0,405.0,0.0,4860,0,68,1,P05_p5n1491,12
405.0,0.0,405.0,0.0,4860,0,69,1,P05_p5n1490,12
405.0,0.0,405.0,0.0,4860,0,70,1,P05_p5n1489,12
405.5,0.5,405.5,0.5,4866,6,68,1,P05_p5n1494,12
406.0,1.0,406.0,1.0,4872,12,43,5,P05_p5n1498,12
406.0,2.0,406.0,2.0,4872,24,55,1,P04_p4n341,12
406.0,2.0,406.0,2.0,4872,24,59,1,P03_p3n354,12
406.0,0.5,406.0,0.5,4872,6,65,1,P05_p5n1495,12
406.0,2.0,406.0,2.0,4872,24,65,1,P02_p2n338,12
406.0,2.0,406.0,2.0,4872,24,67,1,P01_p1n328,12
406.0,0.5,406.0,0.5,4872,6,70,1,P05_p5n1496,12
406.0,0.5,406.0,0.5,4872,6,75,1,P05_p5n1497,12
406.5,0.5,406.5,0.5,4878,6,74,1,P05_p5n1499,12
407.0,0.5,407.0,0.5,4884,6,55,5,P05_p5n1501,12
407.0,0.5,407.0,0.5,4884,6,73,1,P05_p5n1500,12
407.5,0.25,407.5,0.25,4890,3,44,5,P05_p5n1503,12
407.5,0.5,407.5,0.5,4890,6,74,1,P05_p5n1502,12
407.75,0.25,407.75,0.25,4893,3,45,5,P05_p5n1504,12
408.0,4.0,408.0,4.0,4896,48,46,6,P05_p5n1507,12
408.0,0.5,408.0,0.5,4896,6,46,5,P05_p5n1506,12
408.0,2.5,408.0,2.5,4896,30,79,1,P05_p5n1505,12
408.5,0.5,408.5,0.5,4902,6,55,5,P05_p5n1508,12
409.0,0.5,409.0,0.5,4908,6,64,5,P05_p5n1509,12
409.5,0.5,409.5,0.5,4914,6,60,5,P05_p5n1510,12
410.0,0.5,410.0,0.5,4920,6,58,5,P05_p5n1512,12
410.5,0.5,410.5,0.5,4926,6,55,5,P05_p5n1514,12
410.5,1.0,410.5,1.0,4926,12,72,1,P05_p5n1513,12
411.0,0.5,411.0,0.5,4932,6,52,5,P05_p5n1515,12
411.5,0.5,411.5,0.5,4938,6,48,5,P05_p5n1517,12
411.5,0.25,411.5,0.25,4938,3,76,1,P05_p5n1516,12
411.75,0.25,411.75,0.25,4941,3,79,1,P05_p5n1518,12
412.0,1.5,412.0,1.5,4944,18,45,6,P05_p5n1520,12
412.0,0.5,412.0,0.5,4944,6,79,1,P05_p5n1519,12
412.5,0.5,412.5,0.5,4950,6,53,5,P05_p5n1523,12
412.5,0.5,412.5,0.5,4950,6,77,1,P05_p5n1522,12
413.0,0.5,413.0,0.5,4956,6,60,5,P05_p5n1525,12
413.0,0.5,413.0,0.5,4956,6,77,1,P05_p5n1524,12
413.5,1.5,413.5,1.5,4962,18,45,6,P05_p5n1527,12
413.5,0.5,413.5,0.5,4962,6,72,1,P05_p5n1526,12
414.0,0.5,414.0,0.5,4968,6,53,5,P05_p5n1530,12
414.0,0.5,414.0,0.5,4968,6,72,1,P05_p5n1529,12
414.5,0.5,414.5,0.5,4974,6,60,5,P05_p5n1532,12
414.5,0.5,414.5,0.5,4974,6,69,1,P05_p5n1531,12
415.0,0.5,415.0,0.5,4980,6,41,6,P05_p5n1534,12
415.0,0.5,415.0,0.5,4980,6,67,1,P05_p5n1533,12
415.5,0.5,415.5,0.5,4986,6,43,6,P05_p5n1537,12
415.5,0.5,415.5,0.5,4986,6,65,1,P05_p5n1536,12
416.0,0.5,416.0,0.5,4992,6,44,5,P05_p5n1539,12
416.0,4.0,416.0,4.0,4992,48,44,6,P05_p5n1540,12
416.0,2.5,416.0,2.5,4992,30,77,1,P05_p5n1538,12
416.5,0.5,416.5,0.5,4998,6,53,5,P05_p5n1541,12
417.0,0.5,417.0,0.5,5004,6,62,5,P05_p5n1542,12
417.5,0.5,417.5,0.5,5010,6,58,5,P05_p5n1543,12
418.0,0.5,418.0,0.5,5016,6,56,5,P05_p5n1545,12
418.5,0.5,418.5,0.5,5022,6,53,5,P05_p5n1547,12
418.5,1.0,418.5,1.0,5022,12,70,1,P05_p5n1546,12
419.0,0.5,419.0,0.5,5028,6,50,5,P05_p5n1548,12
419.5,0.5,419.5,0.5,5034,6,46,5,P05_p5n1550,12
419.5,0.25,419.5,0.25,5034,3,74,1,P05_p5n1549,12
419.75,0.25,419.75,0.25,5037,3,77,1,P05_p5n1551,12
420.0,1.5,420.0,1.5,5040,18,43,6,P05_p5n1553,12
420.0,0.5,420.0,0.5,5040,6,77,1,P05_p5n1552,12
420.5,0.5,420.5,0.5,5046,6,51,5,P05_p5n1556,12
420.5,0.5,420.5,0.5,5046,6,75,1,P05_p5n1555,12
421.0,0.5,421.0,0.5,5052,6,58,5,P05_p5n1558,12
421.0,0.5,421.0,0.5,5052,6,74,1,P05_p5n1557,12
421.5,1.5,421.5,1.5,5058,18,43,6,P05_p5n1560,12
421.5,0.5,421.5,0.5,5058,6,75,1,P05_p5n1559,12
422.0,0.5,422.0,0.5,5064,6,51,5,P05_p5n1563,12
422.0,0.25,422.0,0.25,5064,3,77,1,P05_p5n1562,12
422.25,0.25,422.25,0.25,5067,3,79,1,P05_p5n1564,12
422.5,0.5,422.5,0.5,5070,6,58,5,P05_p5n1566,12
422.5,0.25,422.5,0.25,5070,3,80,1,P05_p5n1565,12
422.75,0.25,422.75,0.25,5073,3,82,1,P05_p5n1567,12
423.0,0.5,423.0,0.5,5076,6,39,6,P05_p5n1569,12
423.0,0.25,423.0,0.25,5076,3,83,1,P05_p5n1568,12
423.25,0.25,423.25,0.25,5079,3,84,1,P05_p5n1571,12
423.5,0.25,423.5,0.25,5082,3,40,6,P05_p5n1573,12
423.5,0.25,423.5,0.25,5082,3,85,1,P05_p5n1572,12
423.75,0.25,423.75,0.25,5085,3,41,6,P05_p5n1575,12
423.75,0.25,423.75,0.25,5085,3,86,1,P05_p5n1574,12
424.0,4.0,424.0,4.0,5088,48,42,6,P05_p5n1578,12
424.0,0.5,424.0,0.5,5088,6,42,5,P05_p5n1577,12
424.0,0.5,424.0,0.5,5088,6,87,1,P05_p5n1576,12
424.5,0.5,424.5,0.5,5094,6,51,5,P05_p5n1580,12
424.5,0.5,424.5,0.5,5094,6,80,1,P05_p5n1579,12
425.0,0.5,425.0,0.5,5100,6,60,5,P05_p5n1582,12
425.0,0.5,425.0,0.5,5100,6,80,1,P05_p5n1581,12
425.5,0.5,425.5,0.5,5106,6,56,5,P05_p5n1584,12
425.5,0.5,425.5,0.5,5106,6,82,1,P05_p5n1583,12
426.0,0.5,426.0,0.5,5112,6,54,5,P05_p5n1586,12
426.0,0.5,426.0,0.5,5112,6,84,1,P05_p5n1585,12
426.5,0.5,426.5,0.5,5118,6,51,5,P05_p5n1588,12
426.5,0.5,426.5,0.5,5118,6,85,1,P05_p5n1587,12
427.0,0.5,427.0,0.5,5124,6,48,5,P05_p5n1590,12
427.0,0.5,427.0,0.5,5124,6,86,1,P05_p5n1589,12
427.5,0.5,427.5,0.5,5130,6,44,5,P05_p5n1592,12
427.5,0.5,427.5,0.5,5130,6,87,1,P05_p5n1591,12
428.0,2.0,428.0,2.0,5136,24,41,6,P05_p5n1594,12
428.0,1.0,428.0,1.0,5136,12,87,1,P05_p5n1593,12
428.5,0.5,428.5,0.5,5142,6,49,5,P05_p5n1596,12
429.0,0.5,429.0,0.5,5148,6,56,5,P05_p5n1598,12
429.0,0.5,429.0,0.5,5148,6,85,1,P05_p5n1597,12
429.5,0.5,429.5,0.5,5154,6,49,5,P05_p5n1600,12
429.5,0.5,429.5,0.5,5154,6,84,1,P05_p5n1599,12
430.0,0.5,430.0,0.5,5160,6,41,6,P05_p5n1602,12
430.0,0.3333333432674408,430.0,0.3333333432674408,5160,4,87,1,P05_p5n1601,12
430.3333435058594,0.3333333432674408,430.3333435058594,0.3333333432674408,5164,4,85,1,P05_p5n1604,12
430.5,0.5,430.5,0.5,5166,6,40,6,P05_p5n1605,12
430.6666564941406,0.3333333432674408,430.6666564941406,0.3333333432674408,5168,4,84,1,P05_p5n1606,12
431.0,0.5,431.0,0.5,5172,6,41,6,P05_p5n1608,12
431.0,0.3333333432674408,431.0,0.3333333432674408,5172,4,87,1,P05_p5n1607,12
431.3333435058594,0.3333333432674408,431.3333435058594,0.3333333432674408,5176,4,85,1,P05_p5n1609,12
431.5,0.5,431.5,0.5,5178,6,42,6,P05_p5n1610,12
431.6666564941406,0.3333333432674408,431.6666564941406,0.3333333432674408,5180,4,84,1,P05_p5n1611,12
432.0,1.5,432.0,1.5,5184,18,43,5,P05_p5n1613,12
432.0,0.5,432.0,0.5,5184,6,84,1,P05_p5n1612,12
432.5,0.5,432.5,0.5,5190,6,80,1,P05_p5n1614,12
433.0,0.5,433.0,0.5,5196,6,77,1,P05_p5n1615,12
433.5,1.5,433.5,1.5,5202,18,43,5,P05_p5n1617,12
433.5,0.5,433.5,0.5,5202,6,74,1,P05_p5n1616,12
434.0,0.5,434.0,0.5,5208,6,72,1,P05_p5n1618,12
434.5,0.5,434.5,0.5,5214,6,68,1,P05_p5n1619,12
435.0,1.0,435.0,1.0,5220,12,43,5,P05_p5n1621,12
435.0,0.5,435.0,0.5,5220,6,65,1,P05_p5n1620,12
435.5,0.5,435.5,0.5,5226,6,62,1,P05_p5n1622,12
436.0,1.5,436.0,1.5,5232,18,43,5,P05_p5n1624,12
436.0,4.0,436.0,4.0,5232,48,72,1,P05_p5n1623,12
436.5,0.5,436.5,0.5,5238,6,65,2,P05_p5n1626,12
437.0,0.5,437.0,0.5,5244,6,62,2,P05_p5n1627,12
437.5,1.5,437.5,1.5,5250,18,43,5,P05_p5n1629,12
437.5,0.5,437.5,0.5,5250,6,68,2,P05_p5n1628,12
438.0,0.5,438.0,0.5,5256,6,65,2,P05_p5n1630,12
438.5,0.5,438.5,0.5,5262,6,62,2,P05_p5n1631,12
439.0,1.0,439.0,1.0,5268,12,43,5,P05_p5n1633,12
439.0,0.5,439.0,0.5,5268,6,68,2,P05_p5n1632,12
439.5,0.5,439.5,0.5,5274,6,65,2,P05_p5n1634,12
440.0,4.0,440.0,4.0,5280,48,43,5,P05_p5n1638,12
440.0,4.0,440.0,4.0,5280,48,62,1,P05_p5n1635,12
440.0,4.0,440.0,4.0,5280,48,67,1,P05_p5n1636,12
440.0,4.0,440.0,4.0,5280,48,70,1,P05_p5n1637,12
444.0,0.75,444.0,0.75,5328,9,60,5,P05_p5n1640,12
444.75,0.25,444.75,0.25,5337,3,60,5,P05_p5n1641,12
445.0,0.5,445.0,0.5,5340,6,59,5,P05_p5n1642,12
445.5,0.5,445.5,0.5,5346,6,59,5,P05_p5n1643,12
446.0,1.0,446.0,1.0,5352,12,58,5,P05_p5n1644,12
447.0,1.0,447.0,1.0,5364,12,57,5,P05_p5n1645,12
448.0,0.75,448.0,0.75,5376,9,56,5,P05_p5n1647,12
448.75,0.25,448.75,0.25,5385,3,56,5,P05_p5n1648,12
449.0,0.5,449.0,0.5,5388,6,55,5,P05_p5n1649,12
449.5,0.5,449.5,0.5,5394,6,55,5,P05_p5n1650,12
450.0,1.0,450.0,1.0,5400,12,53,5,P05_p5n1651,12
451.0,1.0,451.0,1.0,5412,12,46,5,P05_p5n1652,12
452.0,0.75,452.0,0.75,5424,9,51,5,P05_p5n1654,12
452.75,0.25,452.75,0.25,5433,3,51,5,P05_p5n1655,12
453.0,0.5,453.0,0.5,5436,6,50,5,P05_p5n1656,12
453.5,0.5,453.5,0.5,5442,6,50,5,P05_p5n1657,12
454.0,1.0,454.0,1.0,5448,12,48,5,P05_p5n1658,12
455.0,0.5,455.0,0.5,5460,6,46,5,P05_p5n1659,12
455.5,0.5,455.5,0.5,5466,6,46,5,P05_p5n1660,12
456.0,1.5,456.0,1.5,5472,18,45,5,P05_p5n1662,12
457.5,0.5,457.5,0.5,5490,6,45,5,P05_p5n1663,12
458.0,0.5,458.0,0.5,5496,6,44,5,P05_p5n1664,12
458.5,0.5,458.5,0.5,5502,6,55,5,P05_p5n1665,12
459.0,0.25,459.0,0.25,5508,3,56,5,P05_p5n1666,12
459.25,0.25,459.25,0.25,5511,3,56,5,P05_p5n1667,12
459.5,0.25,459.5,0.25,5514,3,58,5,P05_p5n1668,12
459.75,0.25,459.75,0.25,5517,3,59,5,P05_p5n1669,12
460.0,0.75,460.0,0.75,5520,9,60,5,P05_p5n1671,12
460.75,0.25,460.75,0.25,5529,3,60,5,P05_p5n1672,12
461.0,0.5,461.0,0.5,5532,6,59,5,P05_p5n1673,12
461.5,0.5,461.5,0.5,5538,6,59,5,P05_p5n1674,12
462.0,1.0,462.0,1.0,5544,12,58,5,P05_p5n1676,12
462.5,0.5,462.5,0.5,5550,6,60,1,P05_p5n1677,12
463.0,1.0,463.0,1.0,5556,12,57,5,P05_p5n1679,12
463.0,0.25,463.0,0.25,5556,3,61,1,P05_p5n1678,12
463.25,0.25,463.25,0.25,5559,3,62,1,P05_p5n1680,12
463.5,0.25,463.5,0.25,5562,3,63,1,P05_p5n1681,12
463.75,0.25,463.75,0.25,5565,3,63,1,P05_p5n1682,12
464.0,0.75,464.0,0.75,5568,9,56,5,P05_p5n1684,12
464.0,0.75,464.0,0.75,5568,9,65,1,P05_p5n1683,12
464.75,0.25,464.75,0.25,5577,3,56,5,P05_p5n1686,12
464.75,0.25,464.75,0.25,5577,3,65,1,P05_p5n1685,12
465.0,0.5,465.0,0.5,5580,6,55,5,P05_p5n1688,12
465.0,0.5,465.0,0.5,5580,6,64,1,P05_p5n1687,12
465.5,0.5,465.5,0.5,5586,6,55,5,P05_p5n1690,12
465.5,0.5,465.5,0.5,5586,6,64,1,P05_p5n1689,12
466.0,1.0,466.0,1.0,5592,12,53,5,P05_p5n1692,12
466.0,0.5,466.0,0.5,5592,6,63,1,P05_p5n1691,12
466.5,0.5,466.5,0.5,5598,6,62,1,P05_p5n1693,12
467.0,1.0,467.0,1.0,5604,12,46,5,P05_p5n1695,12
467.0,0.25,467.0,0.25,5604,3,63,1,P05_p5n1694,12
467.25,0.25,467.25,0.25,5607,3,63,1,P05_p5n1696,12
467.5,0.25,467.5,0.25,5610,3,65,1,P05_p5n1697,12
467.75,0.25,467.75,0.25,5613,3,66,1,P05_p5n1698,12
468.0,0.75,468.0,0.75,5616,9,51,5,P05_p5n1700,12
468.0,0.75,468.0,0.75,5616,9,62,5,P05_p5n1701,12
468.0,0.75,468.0,0.75,5616,9,67,1,P05_p5n1699,12
468.75,0.25,468.75,0.25,5625,3,51,5,P05_p5n1703,12
468.75,0.25,468.75,0.25,5625,3,62,5,P05_p5n1704,12
468.75,0.25,468.75,0.25,5625,3,67,1,P05_p5n1702,12
469.0,0.5,469.0,0.5,5628,6,50,5,P05_p5n1706,12
469.0,0.5,469.0,0.5,5628,6,60,5,P05_p5n1707,12
469.0,0.5,469.0,0.5,5628,6,65,1,P05_p5n1705,12
469.5,0.5,469.5,0.5,5634,6,50,5,P05_p5n1709,12
469.5,0.5,469.5,0.5,5634,6,60,5,P05_p5n1710,12
469.5,0.5,469.5,0.5,5634,6,65,1,P05_p5n1708,12
470.0,1.0,470.0,1.0,5640,12,48,5,P05_p5n1712,12
470.0,1.0,470.0,1.0,5640,12,63,1,P05_p5n1711,12
471.0,0.5,471.0,0.5,5652,6,46,5,P05_p5n1715,12
471.0,0.5,471.0,0.5,5652,6,61,1,P05_p5n1713,12
471.0,0.5,471.0,0.5,5652,6,67,1,P05_p5n1714,12
471.5,0.5,471.5,0.5,5658,6,46,5,P05_p5n1717,12
471.5,0.5,471.5,0.5,5658,6,67,1,P05_p5n1716,12
472.0,1.5,472.0,1.5,5664,18,44,6,P05_p5n1719,12
472.0,0.5,472.0,0.5,5664,6,75,1,P05_p5n1718,12
472.5,0.5,472.5,0.5,5670,6,54,5,P05_p5n1722,12
472.5,1.0,472.5,1.0,5670,12,77,1,P05_p5n1721,12
473.0,0.5,473.0,0.5,5676,6,60,5,P05_p5n1723,12
473.5,0.5,473.5,0.5,5682,6,44,6,P05_p5n1725,12
473.5,0.25,473.5,0.25,5682,3,75,1,P05_p5n1724,12
473.75,0.25,473.75,0.25,5685,3,74,1,P05_p5n1727,12
474.0,1.0,474.0,1.0,5688,12,44,6,P05_p5n1731,12
474.0,0.5,474.0,0.5,5688,6,66,1,P05_p5n1728,12
474.0,0.5,474.0,0.5,5688,6,72,1,P05_p5n1729,12
474.0,0.5,474.0,0.5,5688,6,74,1,P05_p5n1730,12
474.5,1.0,474.5,1.0,5694,12,75,1,P05_p5n1733,12
475.0,1.0,475.0,1.0,5700,12,43,6,P05_p5n1734,12
475.5,0.25,475.5,0.25,5706,3,65,1,P05_p5n1735,12
475.5,0.25,475.5,0.25,5706,3,70,1,P05_p5n1736,12
475.5,0.25,475.5,0.25,5706,3,74,1,P05_p5n1737,12
475.75,0.25,475.75,0.25,5709,3,73,1,P05_p5n1738,12
476.0,2.0,476.0,2.0,5712,24,48,6,P05_p5n1741,12
476.0,0.75,476.0,0.75,5712,9,72,1,P05_p5n1739,12
476.0,0.75,476.0,0.75,5712,9,84,1,P05_p5n1740,12
476.5,0.5,476.5,0.5,5718,6,55,5,P05_p5n1743,12
476.75,0.25,476.75,0.25,5721,3,72,1,P05_p5n1744,12
476.75,0.25,476.75,0.25,5721,3,84,1,P05_p5n1745,12
477.0,1.0,477.0,1.0,5724,12,63,5,P05_p5n1748,12
477.0,0.5,477.0,0.5,5724,6,70,1,P05_p5n1746,12
477.0,0.5,477.0,0.5,5724,6,83,1,P05_p5n1747,12
477.5,0.5,477.5,0.5,5730,6,70,1,P05_p5n1749,12
477.5,0.5,477.5,0.5,5730,6,83,1,P05_p5n1750,12
478.0,2.0,478.0,2.0,5736,24,48,6,P05_p5n1753,12
478.0,1.0,478.0,1.0,5736,12,70,1,P05_p5n1751,12
478.0,1.0,478.0,1.0,5736,12,82,1,P05_p5n1752,12
478.5,0.5,478.5,0.5,5742,6,55,5,P05_p5n1755,12
479.0,1.0,479.0,1.0,5748,12,63,5,P05_p5n1758,12
479.0,1.0,479.0,1.0,5748,12,69,1,P05_p5n1756,12
479.0,1.0,479.0,1.0,5748,12,81,1,P05_p5n1757,12
480.0,2.0,480.0,2.0,5760,24,41,6,P05_p5n1761,12
480.0,0.75,480.0,0.75,5760,9,68,2,P05_p5n1760,12
480.0,0.75,480.0,0.75,5760,9,77,1,P05_p5n1759,12
480.5,0.5,480.5,0.5,5766,6,48,5,P05_p5n1763,12
480.75,0.25,480.75,0.25,5769,3,68,2,P05_p5n1765,12
480.75,0.25,480.75,0.25,5769,3,77,1,P05_p5n1764,12
481.0,1.0,481.0,1.0,5772,12,56,5,P05_p5n1768,12
481.0,0.5,481.0,0.5,5772,6,67,2,P05_p5n1767,12
481.0,0.5,481.0,0.5,5772,6,76,1,P05_p5n1766,12
481.5,0.5,481.5,0.5,5778,6,67,2,P05_p5n1770,12
481.5,0.5,481.5,0.5,5778,6,76,1,P05_p5n1769,12
482.0,2.0,482.0,2.0,5784,24,41,6,P05_p5n1774,12
482.0,1.0,482.0,1.0,5784,12,65,2,P05_p5n1772,12
482.0,1.0,482.0,1.0,5784,12,68,2,P05_p5n1773,12
482.0,1.0,482.0,1.0,5784,12,75,1,P05_p5n1771,12
482.5,0.5,482.5,0.5,5790,6,51,5,P05_p5n1776,12
483.0,1.0,483.0,1.0,5796,12,56,5,P05_p5n1780,12
483.0,1.0,483.0,1.0,5796,12,65,2,P05_p5n1778,12
483.0,1.0,483.0,1.0,5796,12,68,2,P05_p5n1779,12
483.0,1.0,483.0,1.0,5796,12,74,1,P05_p5n1777,12
484.0,1.0,484.0,1.0,5808,12,51,5,P05_p5n1784,12
484.0,1.0,484.0,1.0,5808,12,58,5,P05_p5n1785,12
484.0,1.0,484.0,1.0,5808,12,62,1,P05_p5n1781,12
484.0,1.0,484.0,1.0,5808,12,67,1,P05_p5n1782,12
484.0,1.0,484.0,1.0,5808,12,74,1,P05_p5n1783,12
485.0,1.0,485.0,1.0,5820,12,50,5,P05_p5n1789,12
485.0,1.0,485.0,1.0,5820,12,56,5,P05_p5n1790,12
485.0,1.0,485.0,1.0,5820,12,60,1,P05_p5n1786,12
485.0,1.0,485.0,1.0,5820,12,65,1,P05_p5n1787,12
485.0,1.0,485.0,1.0,5820,12,72,1,P05_p5n1788,12
486.0,1.0,486.0,1.0,5832,12,48,5,P05_p5n1794,12
486.0,1.0,486.0,1.0,5832,12,55,5,P05_p5n1795,12
486.0,1.0,486.0,1.0,5832,12,58,1,P05_p5n1791,12
486.0,1.0,486.0,1.0,5832,12,63,1,P05_p5n1792,12
486.0,1.0,486.0,1.0,5832,12,70,1,P05_p5n1793,12
487.0,1.0,487.0,1.0,5844,12,55,5,P05_p5n1799,12
487.0,1.0,487.0,1.0,5844,12,58,5,P05_p5n1800,12
487.0,1.0,487.0,1.0,5844,12,61,5,P05_p5n1801,12
487.0,1.0,487.0,1.0,5844,12,63,5,P05_p5n1802,12
487.0,1.0,487.0,1.0,5844,12,67,1,P05_p5n1796,12
487.0,1.0,487.0,1.0,5844,12,73,1,P05_p5n1797,12
487.0,1.0,487.0,1.0,5844,12,79,1,P05_p5n1798,12
488.0,2.0,488.0,2.0,5856,24,51,6,P05_p5n1804,12
488.0,1.5,488.0,1.5,5856,18,78,1,P05_p5n1803,12
488.5,0.5,488.5,0.5,5862,6,56,5,P05_p5n1808,12
488.5,0.5,488.5,0.5,5862,6,72,2,P05_p5n1807,12
489.0,0.5,489.0,0.5,5868,6,66,5,P05_p5n1810,12
489.0,0.25,489.0,0.25,5868,3,69,2,P05_p5n1809,12
489.5,0.5,489.5,0.5,5874,6,56,5,P05_p5n1812,12
489.5,0.5,489.5,0.5,5874,6,78,1,P05_p5n1811,12
490.0,2.0,490.0,2.0,5880,24,50,6,P05_p5n1815,12
490.0,1.5,490.0,1.5,5880,18,77,1,P05_p5n1814,12
490.5,0.5,490.5,0.5,5886,6,56,5,P05_p5n1819,12
490.5,0.5,490.5,0.5,5886,6,70,2,P05_p5n1818,12
491.0,0.5,491.0,0.5,5892,6,65,5,P05_p5n1821,12
491.0,0.25,491.0,0.25,5892,3,68,2,P05_p5n1820,12
491.5,0.5,491.5,0.5,5898,6,56,5,P05_p5n1823,12
491.5,0.5,491.5,0.5,5898,6,77,1,P05_p5n1822,12
492.0,0.75,492.0,0.75,5904,9,48,5,P05_p5n1827,12
492.0,0.75,492.0,0.75,5904,9,60,1,P04_p4n363,12
492.0,4.0,492.0,4.0,5904,48,67,1,P05_p5n1825,12
492.0,4.0,492.0,4.0,5904,48,75,1,P05_p5n1826,12
492.75,0.25,492.75,0.25,5913,3,60,1,P04_p4n364,12
492.75,0.25,492.75,0.25,5913,3,60,5,P05_p5n1828,12
493.0,0.5,493.0,0.5,5916,6,59,5,P05_p5n1829,12
493.0,0.5,493.0,0.5,5916,6,59,1,P04_p4n365,12
493.5,0.5,493.5,0.5,5922,6,59,5,P05_p5n1830,12
493.5,0.5,493.5,0.5,5922,6,59,1,P04_p4n366,12
494.0,1.0,494.0,1.0,5928,12,58,1,P04_p4n367,12
494.0,1.0,494.0,1.0,5928,12,58,5,P05_p5n1831,12
495.0,1.0,495.0,1.0,5940,12,56,5,P05_p5n1832,12
495.0,1.0,495.0,1.0,5940,12,57,1,P04_p4n368,12
496.0,0.75,496.0,0.75,5952,9,56,6,P05_p5n1835,12
496.0,0.75,496.0,0.75,5952,9,56,1,P04_p4n369,12
496.0,0.75,496.0,0.75,5952,9,65,1,P03_p3n377,12
496.0,0.75,496.0,0.75,5952,9,65,5,P05_p5n1834,12
496.75,0.25,496.75,0.25,5961,3,56,6,P05_p5n1837,12
496.75,0.25,496.75,0.25,5961,3,56,1,P04_p4n370,12
496.75,0.25,496.75,0.25,5961,3,65,5,P05_p5n1836,12
496.75,0.25,496.75,0.25,5961,3,65,1,P03_p3n378,12
497.0,0.5,497.0,0.5,5964,6,55,6,P05_p5n1839,12
497.0,0.5,497.0,0.5,5964,6,55,1,P04_p4n371,12
497.0,0.5,497.0,0.5,5964,6,64,5,P05_p5n1838,12
497.0,0.5,497.0,0.5,5964,6,64,1,P03_p3n379,12
497.5,0.5,497.5,0.5,5970,6,55,6,P05_p5n1841,12
497.5,0.5,497.5,0.5,5970,6,55,1,P04_p4n372,12
497.5,0.5,497.5,0.5,5970,6,64,5,P05_p5n1840,12
497.5,0.5,497.5,0.5,5970,6,64,1,P03_p3n380,12
498.0,1.0,498.0,1.0,5976,12,53,1,P04_p4n373,12
498.0,1.0,498.0,1.0,5976,12,53,6,P05_p5n1843,12
498.0,1.0,498.0,1.0,5976,12,63,5,P05_p5n1842,12
498.0,1.0,498.0,1.0,5976,12,63,1,P03_p3n381,12
499.0,1.0,499.0,1.0,5988,12,46,1,P04_p4n374,12
499.0,1.0,499.0,1.0,5988,12,46,6,P05_p5n1845,12
499.0,1.0,499.0,1.0,5988,12,62,5,P05_p5n1844,12
499.0,1.0,499.0,1.0,5988,12,62,1,P03_p3n382,12
500.0,0.75,500.0,0.75,6000,9,51,5,P05_p5n1848,12
500.0,0.75,500.0,0.75,6000,9,51,1,P04_p4n375,12
500.0,0.75,500.0,0.75,6000,9,62,1,P03_p3n383,12
500.0,0.75,500.0,0.75,6000,9,62,1,P05_p5n1846,12
500.0,0.75,500.0,0.75,6000,9,67,1,P05_p5n1847,12
500.0,0.75,500.0,0.75,6000,9,67,1,P02_p2n362,12
500.75,0.25,500.75,0.25,6009,3,51,5,P05_p5n1851,12
500.75,0.25,500.75,0.25,6009,3,51,1,P04_p4n376,12
500.75,0.25,500.75,0.25,6009,3,62,1,P03_p3n384,12
500.75,0.25,500.75,0.25,6009,3,62,1,P05_p5n1849,12
500.75,0.25,500.75,0.25,6009,3,67,1,P05_p5n1850,12
500.75,0.25,500.75,0.25,6009,3,67,1,P02_p2n363,12
501.0,0.5,501.0,0.5,6012,6,50,1,P04_p4n377,12
501.0,0.5,501.0,0.5,6012,6,50,5,P05_p5n1854,12
501.0,0.5,501.0,0.5,6012,6,60,1,P03_p3n385,12
501.0,0.5,501.0,0.5,6012,6,60,1,P05_p5n1852,12
501.0,0.5,501.0,0.5,6012,6,65,1,P02_p2n364,12
501.0,0.5,501.0,0.5,6012,6,65,1,P05_p5n1853,12
501.5,0.5,501.5,0.5,6018,6,50,1,P04_p4n378,12
501.5,0.5,501.5,0.5,6018,6,50,5,P05_p5n1857,12
501.5,0.5,501.5,0.5,6018,6,60,1,P03_p3n386,12
501.5,0.5,501.5,0.5,6018,6,60,1,P05_p5n1855,12
501.5,0.5,501.5,0.5,6018,6,65,1,P05_p5n1856,12
501.5,0.5,501.5,0.5,6018,6,65,1,P02_p2n365,12
502.0,1.0,502.0,1.0,6024,12,48,5,P05_p5n1860,12
502.0,1.0,502.0,1.0,6024,12,48,1,P04_p4n379,12
502.0,1.0,502.0,1.0,6024,12,58,1,P05_p5n1858,12
502.0,1.0,502.0,1.0,6024,12,63,1,P05_p5n1859,12
502.0,1.0,502.0,1.0,6024,12,63,1,P02_p2n366,12
502.0,1.0,502.0,1.0,6024,12,63,1,P03_p3n387,12
503.0,0.5,503.0,0.5,6036,6,46,1,P04_p4n380,12
503.0,0.5,503.0,0.5,6036,6,46,5,P05_p5n1864,12
503.0,1.0,503.0,1.0,6036,12,61,1,P02_p2n367,12
503.0,0.5,503.0,0.5,6036,6,61,1,P05_p5n1861,12
503.0,0.5,503.0,0.5,6036,6,63,1,P05_p5n1862,12
503.0,0.5,503.0,0.5,6036,6,67,1,P03_p3n388,12
503.0,0.5,503.0,0.5,6036,6,67,1,P05_p5n1863,12
503.5,0.5,503.5,0.5,6042,6,46,1,P04_p4n381,12
503.5,0.5,503.5,0.5,6042,6,46,5,P05_p5n1868,12
503.5,0.5,503.5,0.5,6042,6,61,1,P05_p5n1865,12
503.5,0.5,503.5,0.5,6042,6,63,1,P05_p5n1866,12
503.5,0.5,503.5,0.5,6042,6,67,1,P03_p3n389,12
503.5,0.5,503.5,0.5,6042,6,67,1,P01_p1n355,12
503.5,0.5,503.5,0.5,6042,6,67,1,P05_p5n1867,12
504.0,2.0,504.0,2.0,6048,24,45,5,P05_p5n1870,12
504.0,2.0,504.0,2.0,6048,24,45,1,P04_p4n382,12
504.0,0.75,504.0,0.75,6048,9,60,1,P02_p2n368,12
504.0,2.0,504.0,2.0,6048,24,66,1,P03_p3n390,12
504.0,2.0,504.0,2.0,6048,24,75,1,P01_p1n356,12
504.5,0.5,504.5,0.5,6054,6,60,1,P05_p5n1871,12
504.75,0.25,504.75,0.25,6057,3,60,1,P02_p2n369,12
505.0,0.5,505.0,0.5,6060,6,60,1,P02_p2n370,12
505.0,0.5,505.0,0.5,6060,6,63,1,P05_p5n1872,12
505.5,0.5,505.5,0.5,6066,6,60,1,P02_p2n371,12
505.5,0.5,505.5,0.5,6066,6,66,1,P05_p5n1873,12
506.0,1.0,506.0,1.0,6072,12,44,5,P05_p5n1876,12
506.0,1.0,506.0,1.0,6072,12,44,1,P04_p4n383,12
506.0,1.0,506.0,1.0,6072,12,60,1,P05_p5n1874,12
506.0,1.0,506.0,1.0,6072,12,60,1,P02_p2n372,12
506.0,2.0,506.0,2.0,6072,24,65,1,P03_p3n391,12
506.0,1.0,506.0,1.0,6072,12,65,1,P05_p5n1875,12
506.0,2.0,506.0,2.0,6072,24,74,1,P01_p1n357,12
507.0,1.0,507.0,1.0,6084,12,43,1,P04_p4n384,12
507.0,1.0,507.0,1.0,6084,12,43,5,P05_p5n1879,12
507.0,1.0,507.0,1.0,6084,12,59,1,P02_p2n373,12
507.0,1.0,507.0,1.0,6084,12,59,1,P05_p5n1877,12
507.0,1.0,507.0,1.0,6084,12,65,1,P05_p5n1878,12
508.0,2.0,508.0,2.0,6096,24,48,6,P05_p5n1882,12
508.0,4.0,508.0,4.0,6096,48,48,1,P04_p4n385,12
508.0,4.0,508.0,4.0,6096,48,63,1,P03_p3n392,12
508.0,4.0,508.0,4.0,6096,48,72,1,P01_p1n358,12
508.0,0.75,508.0,0.75,6096,9,72,1,P02_p2n374,12
508.0,0.75,508.0,0.75,6096,9,72,1,P05_p5n1880,12
508.0,0.75,508.0,0.75,6096,9,84,1,P05_p5n1881,12
508.5,0.5,508.5,0.5,6102,6,55,5,P05_p5n1884,12
508.75,0.25,508.75,0.25,6105,3,72,1,P05_p5n1885,12
508.75,0.25,508.75,0.25,6105,3,72,1,P02_p2n375,12
508.75,0.25,508.75,0.25,6105,3,84,1,P05_p5n1886,12
509.0,1.0,509.0,1.0,6108,12,63,5,P05_p5n1889,12
509.0,0.5,509.0,0.5,6108,6,71,1,P02_p2n376,12
509.0,0.5,509.0,0.5,6108,6,71,1,P05_p5n1887,12
509.0,0.5,509.0,0.5,6108,6,83,1,P05_p5n1888,12
509.5,0.5,509.5,0.5,6114,6,71,1,P05_p5n1890,12
509.5,0.5,509.5,0.5,6114,6,71,1,P02_p2n377,12
509.5,0.5,509.5,0.5,6114,6,83,1,P05_p5n1891,12
510.0,2.0,510.0,2.0,6120,24,48,6,P05_p5n1894,12
510.0,1.0,510.0,1.0,6120,12,70,1,P02_p2n378,12
510.0,1.0,510.0,1.0,6120,12,70,1,P05_p5n1892,12
510.0,1.0,510.0,1.0,6120,12,82,1,P05_p5n1893,12
510.5,0.5,510.5,0.5,6126,6,55,5,P05_p5n1896,12
511.0,1.0,511.0,1.0,6132,12,63,5,P05_p5n1899,12
511.0,1.0,511.0,1.0,6132,12,68,1,P05_p5n1897,12
511.0,1.0,511.0,1.0,6132,12,69,1,P02_p2n379,12
511.0,1.0,511.0,1.0,6132,12,80,1,P05_p5n1898,12
512.0,2.0,512.0,2.0,6144,24,41,6,P05_p5n1902,12
512.0,0.75,512.0,0.75,6144,9,68,1,P02_p2n380,12
512.0,0.75,512.0,0.75,6144,9,68,2,P05_p5n1901,12
512.0,0.75,512.0,0.75,6144,9,77,1,P01_p1n359,12
512.0,0.75,512.0,0.75,6144,9,77,1,P05_p5n1900,12
512.5,0.5,512.5,0.5,6150,6,48,5,P05_p5n1904,12
512.75,0.25,512.75,0.25,6153,3,68,1,P02_p2n381,12
512.75,0.25,512.75,0.25,6153,3,68,2,P05_p5n1906,12
512.75,0.25,512.75,0.25,6153,3,77,1,P01_p1n360,12
512.75,0.25,512.75,0.25,6153,3,77,1,P05_p5n1905,12
513.0,1.0,513.0,1.0,6156,12,56,5,P05_p5n1909,12
513.0,0.5,513.0,0.5,6156,6,67,2,P05_p5n1908,12
513.0,0.5,513.0,0.5,6156,6,67,1,P02_p2n382,12
513.0,0.5,513.0,0.5,6156,6,76,1,P01_p1n361,12
513.0,0.5,513.0,0.5,6156,6,76,1,P05_p5n1907,12
513.5,0.5,513.5,0.5,6162,6,67,2,P05_p5n1911,12
513.5,0.5,513.5,0.5,6162,6,67,1,P02_p2n383,12
513.5,0.5,513.5,0.5,6162,6,76,1,P05_p5n1910,12
513.5,0.5,513.5,0.5,6162,6,76,1,P01_p1n362,12
514.0,2.0,514.0,2.0,6168,24,41,6,P05_p5n1915,12
514.0,1.0,514.0,1.0,6168,12,65,2,P05_p5n1913,12
514.0,1.0,514.0,1.0,6168,12,65,1,P02_p2n384,12
514.0,1.0,514.0,1.0,6168,12,68,2,P05_p5n1914,12
514.0,1.0,514.0,1.0,6168,12,75,1,P01_p1n363,12
514.0,1.0,514.0,1.0,6168,12,75,1,P05_p5n1912,12
514.5,0.5,514.5,0.5,6174,6,51,5,P05_p5n1917,12
515.0,1.0,515.0,1.0,6180,12,56,5,P05_p5n1921,12
515.0,1.0,515.0,1.0,6180,12,58,1,P02_p2n385,12
515.0,1.0,515.0,1.0,6180,12,65,2,P05_p5n1919,12
515.0,1.0,515.0,1.0,6180,12,68,2,P05_p5n1920,12
515.0,1.0,515.0,1.0,6180,12,74,1,P01_p1n364,12
515.0,1.0,515.0,1.0,6180,12,74,1,P05_p5n1918,12
516.0,1.0,516.0,1.0,6192,12,51,5,P05_p5n1925,12
516.0,0.75,516.0,0.75,6192,9,55,1,P03_p3n394,12
516.0,1.0,516.0,1.0,6192,12,58,5,P05_p5n1926,12
516.0,1.0,516.0,1.0,6192,12,62,1,P05_p5n1922,12
516.0,0.75,516.0,0.75,6192,9,63,1,P02_p2n386,12
516.0,1.0,516.0,1.0,6192,12,67,1,P05_p5n1923,12
516.0,1.0,516.0,1.0,6192,12,74,1,P05_p5n1924,12
516.0,0.75,516.0,0.75,6192,9,74,1,P01_p1n365,12
516.75,0.25,516.75,0.25,6201,3,55,1,P03_p3n395,12
516.75,0.25,516.75,0.25,6201,3,63,1,P02_p2n387,12
516.75,0.25,516.75,0.25,6201,3,74,1,P01_p1n366,12
517.0,1.0,517.0,1.0,6204,12,50,5,P05_p5n1930,12
517.0,0.5,517.0,0.5,6204,6,56,1,P03_p3n396,12
517.0,1.0,517.0,1.0,6204,12,56,5,P05_p5n1931,12
517.0,1.0,517.0,1.0,6204,12,60,1,P05_p5n1927,12
517.0,0.5,517.0,0.5,6204,6,62,1,P02_p2n388,12
517.0,1.0,517.0,1.0,6204,12,65,1,P05_p5n1928,12
517.0,0.5,517.0,0.5,6204,6,72,1,P01_p1n367,12
517.0,1.0,517.0,1.0,6204,12,72,1,P05_p5n1929,12
517.5,0.5,517.5,0.5,6210,6,56,1,P03_p3n397,12
517.5,0.5,517.5,0.5,6210,6,62,1,P02_p2n389,12
517.5,0.5,517.5,0.5,6210,6,72,1,P01_p1n368,12
518.0,1.0,518.0,1.0,6216,12,48,5,P05_p5n1935,12
518.0,1.0,518.0,1.0,6216,12,55,5,P05_p5n1936,12
518.0,1.0,518.0,1.0,6216,12,58,1,P05_p5n1932,12
518.0,1.0,518.0,1.0,6216,12,60,1,P02_p2n390,12
518.0,1.0,518.0,1.0,6216,12,63,1,P03_p3n398,12
518.0,1.0,518.0,1.0,6216,12,63,1,P05_p5n1933,12
518.0,1.0,518.0,1.0,6216,12,70,1,P05_p5n1934,12
518.0,1.0,518.0,1.0,6216,12,75,1,P01_p1n369,12
519.0,1.0,519.0,1.0,6228,12,55,5,P05_p5n1940,12
519.0,0.5,519.0,0.5,6228,6,58,1,P02_p2n391,12
519.0,1.0,519.0,1.0,6228,12,58,5,P05_p5n1941,12
519.0,1.0,519.0,1.0,6228,12,61,1,P03_p3n399,12
519.0,1.0,519.0,1.0,6228,12,61,5,P05_p5n1942,12
519.0,1.0,519.0,1.0,6228,12,63,5,P05_p5n1943,12
519.0,1.0,519.0,1.0,6228,12,67,1,P05_p5n1937,12
519.0,1.0,519.0,1.0,6228,12,73,1,P05_p5n1938,12
519.0,1.0,519.0,1.0,6228,12,79,1,P05_p5n1939,12
519.0,0.5,519.0,0.5,6228,6,79,1,P01_p1n370,12
519.5,0.5,519.5,0.5,6234,6,43,1,P04_p4n390,12
519.5,0.5,519.5,0.5,6234,6,70,1,P02_p2n392,12
519.5,0.5,519.5,0.5,6234,6,79,1,P01_p1n371,12
520.0,2.0,520.0,2.0,6240,24,51,6,P05_p5n1945,12
520.0,2.0,520.0,2.0,6240,24,51,1,P04_p4n391,12
520.0,0.75,520.0,0.75,6240,9,60,1,P03_p3n400,12
520.0,2.0,520.0,2.0,6240,24,69,1,P02_p2n393,12
520.0,2.0,520.0,2.0,6240,24,78,1,P01_p1n372,12
520.0,1.5,520.0,1.5,6240,18,78,1,P05_p5n1944,12
520.5,0.5,520.5,0.5,6246,6,56,5,P05_p5n1949,12
520.5,0.5,520.5,0.5,6246,6,72,2,P05_p5n1948,12
520.75,0.25,520.75,0.25,6249,3,60,1,P03_p3n401,12
521.0,0.5,521.0,0.5,6252,6,60,1,P03_p3n402,12
521.0,0.5,521.0,0.5,6252,6,66,5,P05_p5n1951,12
521.0,0.25,521.0,0.25,6252,3,69,2,P05_p5n1950,12
521.5,0.5,521.5,0.5,6258,6,56,5,P05_p5n1953,12
521.5,0.5,521.5,0.5,6258,6,60,1,P03_p3n403,12
521.5,0.5,521.5,0.5,6258,6,78,1,P05_p5n1952,12
522.0,2.0,522.0,2.0,6264,24,50,1,P04_p4n392,12
522.0,2.0,522.0,2.0,6264,24,50,6,P05_p5n1956,12
522.0,1.0,522.0,1.0,6264,12,60,1,P03_p3n404,12
522.0,2.0,522.0,2.0,6264,24,68,1,P02_p2n394,12
522.0,2.0,522.0,2.0,6264,24,77,1,P01_p1n373,12
522.0,1.5,522.0,1.5,6264,18,77,1,P05_p5n1955,12
522.5,0.5,522.5,0.5,6270,6,56,5,P05_p5n1960,12
522.5,0.5,522.5,0.5,6270,6,70,2,P05_p5n1959,12
523.0,1.0,523.0,1.0,6276,12,59,1,P03_p3n405,12
523.0,0.5,523.0,0.5,6276,6,65,5,P05_p5n1962,12
523.0,0.25,523.0,0.25,6276,3,68,2,P05_p5n1961,12
523.5,0.5,523.5,0.5,6282,6,56,5,P05_p5n1964,12
523.5,0.5,523.5,0.5,6282,6,77,1,P05_p5n1963,12
524.0,3.5,524.0,3.5,6288,42,48,1,P04_p4n393,12
524.0,3.5,524.0,3.5,6288,42,60,1,P03_p3n406,12
524.0,4.0,524.0,4.0,6288,48,67,1,P05_p5n1966,12
524.0,3.5,524.0,3.5,6288,42,67,1,P02_p2n395,12
524.0,3.5,524.0,3.5,6288,42,75,1,P01_p1n374,12
524.0,4.0,524.0,4.0,6288,48,75,1,P05_p5n1967,12
524.5,0.5,524.5,0.5,6294,6,35,5,P05_p5n1969,12
525.0,0.5,525.0,0.5,6300,6,36,5,P05_p5n1970,12
525.5,0.5,525.5,0.5,6306,6,39,5,P05_p5n1971,12
526.0,0.25,526.0,0.25,6312,3,44,5,P05_p5n1972,12
526.25,0.25,526.25,0.25,6315,3,43,5,P05_p5n1973,12
526.5,1.0,526.5,1.0,6318,12,42,5,P05_p5n1974,12
527.5,0.5,527.5,0.5,6330,6,43,5,P05_p5n1975,12
528.0,0.75,528.0,0.75,6336,9,48,5,P05_p5n1979,12
528.0,0.75,528.0,0.75,6336,9,60,1,P04_p4n396,12
528.0,1.5,528.0,1.5,6336,18,60,1,P05_p5n1976,12
528.0,1.5,528.0,1.5,6336,18,63,1,P05_p5n1977,12
528.0,1.5,528.0,1.5,6336,18,67,1,P05_p5n1978,12
528.0,0.75,528.0,0.75,6336,9,72,1,P01_p1n377,12
528.5,1.0,528.5,1.0,6342,12,60,1,P03_p3n410,12
528.5,1.0,528.5,1.0,6342,12,60,1,P02_p2n399,12
528.75,0.25,528.75,0.25,6345,3,48,5,P05_p5n1980,12
528.75,0.25,528.75,0.25,6345,3,60,1,P04_p4n397,12
528.75,0.25,528.75,0.25,6345,3,72,1,P01_p1n378,12
529.0,1.0,529.0,1.0,6348,12,46,5,P05_p5n1981,12
529.0,0.5,529.0,0.5,6348,6,59,1,P04_p4n398,12
529.0,0.5,529.0,0.5,6348,6,71,1,P01_p1n379,12
529.5,0.5,529.5,0.5,6354,6,59,1,P04_p4n399,12
529.5,0.25,529.5,0.25,6354,3,59,1,P02_p2n400,12
529.5,0.25,529.5,0.25,6354,3,59,1,P03_p3n411,12
529.5,1.5,529.5,1.5,6354,18,60,1,P05_p5n1982,12
529.5,1.5,529.5,1.5,6354,18,63,1,P05_p5n1983,12
529.5,1.5,529.5,1.5,6354,18,67,1,P05_p5n1984,12
529.5,0.5,529.5,0.5,6354,6,71,1,P01_p1n380,12
529.75,0.25,529.75,0.25,6357,3,60,1,P03_p3n412,12
529.75,0.25,529.75,0.25,6357,3,60,1,P02_p2n401,12
530.0,1.0,530.0,1.0,6360,12,46,5,P05_p5n1985,12
530.0,1.0,530.0,1.0,6360,12,58,1,P04_p4n400,12
530.0,1.5,530.0,1.5,6360,18,62,1,P02_p2n402,12
530.0,1.5,530.0,1.5,6360,18,62,1,P03_p3n413,12
530.0,1.0,530.0,1.0,6360,12,70,1,P01_p1n381,12
531.0,1.0,531.0,1.0,6372,12,45,5,P05_p5n1989,12
531.0,1.0,531.0,1.0,6372,12,57,1,P04_p4n401,12
531.0,1.0,531.0,1.0,6372,12,60,1,P05_p5n1986,12
531.0,1.0,531.0,1.0,6372,12,63,1,P05_p5n1987,12
531.0,1.0,531.0,1.0,6372,12,67,1,P05_p5n1988,12
531.0,1.0,531.0,1.0,6372,12,69,1,P01_p1n382,12
531.5,0.25,531.5,0.25,6378,3,60,1,P03_p3n414,12
531.5,0.25,531.5,0.25,6378,3,60,1,P02_p2n403,12
531.75,0.25,531.75,0.25,6381,3,62,1,P02_p2n404,12
531.75,0.25,531.75,0.25,6381,3,62,1,P03_p3n415,12
532.0,0.75,532.0,0.75,6384,9,44,5,P05_p5n1993,12
532.0,0.75,532.0,0.75,6384,9,56,1,P04_p4n402,12
532.0,1.0,532.0,1.0,6384,12,60,1,P05_p5n1990,12
532.0,0.25,532.0,0.25,6384,3,63,1,P02_p2n405,12
532.0,0.25,532.0,0.25,6384,3,63,1,P03_p3n416,12
532.0,1.0,532.0,1.0,6384,12,67,1,P05_p5n1991,12
532.0,0.75,532.0,0.75,6384,9,68,1,P01_p1n383,12
532.0,1.0,532.0,1.0,6384,12,72,1,P05_p5n1992,12
532.25,0.25,532.25,0.25,6387,3,62,1,P02_p2n406,12
532.25,0.25,532.25,0.25,6387,3,62,1,P03_p3n417,12
532.5,1.0,532.5,1.0,6390,12,63,1,P02_p2n407,12
532.5,1.0,532.5,1.0,6390,12,63,1,P03_p3n418,12
532.75,0.25,532.75,0.25,6393,3,44,5,P05_p5n1994,12
532.75,0.25,532.75,0.25,6393,3,56,1,P04_p4n403,12
532.75,0.25,532.75,0.25,6393,3,68,1,P01_p1n384,12
533.0,1.0,533.0,1.0,6396,12,43,5,P05_p5n1998,12
533.0,0.5,533.0,0.5,6396,6,55,1,P04_p4n404,12
533.0,1.0,533.0,1.0,6396,12,58,1,P05_p5n1995,12
533.0,1.0,533.0,1.0,6396,12,65,1,P05_p5n1996,12
533.0,0.5,533.0,0.5,6396,6,67,1,P01_p1n385,12
533.0,1.0,533.0,1.0,6396,12,70,1,P05_p5n1997,12
533.5,0.5,533.5,0.5,6402,6,55,1,P04_p4n405,12
533.5,0.5,533.5,0.5,6402,6,60,1,P03_p3n419,12
533.5,0.5,533.5,0.5,6402,6,60,1,P02_p2n408,12
533.5,0.5,533.5,0.5,6402,6,67,1,P01_p1n386,12
534.0,1.0,534.0,1.0,6408,12,41,5,P05_p5n2002,12
534.0,1.0,534.0,1.0,6408,12,53,1,P04_p4n406,12
534.0,2.0,534.0,2.0,6408,24,56,2,P05_p5n2000,12
534.0,1.0,534.0,1.0,6408,12,63,1,P05_p5n1999,12
534.0,1.5,534.0,1.5,6408,18,63,1,P03_p3n420,12
534.0,1.0,534.0,1.0,6408,12,65,1,P01_p1n387,12
534.0,1.5,534.0,1.5,6408,18,68,1,P02_p2n409,12
534.0,2.0,534.0,2.0,6408,24,68,2,P05_p5n2001,12
535.0,1.0,535.0,1.0,6420,12,34,5,P05_p5n2004,12
535.0,1.0,535.0,1.0,6420,12,46,1,P04_p4n407,12
535.0,1.0,535.0,1.0,6420,12,62,1,P05_p5n2003,12
535.0,1.0,535.0,1.0,6420,12,70,1,P01_p1n388,12
535.5,0.25,535.5,0.25,6426,3,62,1,P03_p3n421,12
535.5,0.25,535.5,0.25,6426,3,67,1,P02_p2n410,12
535.75,0.25,535.75,0.25,6429,3,60,1,P03_p3n422,12
535.75,0.25,535.75,0.25,6429,3,65,1,P02_p2n411,12
536.0,0.75,536.0,0.75,6432,9,39,5,P05_p5n2008,12
536.0,0.75,536.0,0.75,6432,9,51,1,P04_p4n408,12
536.0,1.0,536.0,1.0,6432,12,55,1,P05_p5n2005,12
536.0,1.0,536.0,1.0,6432,12,62,1,P05_p5n2006,12
536.0,0.5,536.0,0.5,6432,6,62,1,P03_p3n423,12
536.0,0.5,536.0,0.5,6432,6,67,1,P02_p2n412,12
536.0,1.0,536.0,1.0,6432,12,67,1,P05_p5n2007,12
536.0,0.75,536.0,0.75,6432,9,75,1,P01_p1n389,12
536.5,0.5,536.5,0.5,6438,6,55,1,P03_p3n424,12
536.5,0.5,536.5,0.5,6438,6,60,1,P02_p2n413,12
536.75,0.25,536.75,0.25,6441,3,39,5,P05_p5n2009,12
536.75,0.25,536.75,0.25,6441,3,51,1,P04_p4n409,12
536.75,0.25,536.75,0.25,6441,3,75,1,P01_p1n390,12
537.0,1.0,537.0,1.0,6444,12,38,5,P05_p5n2013,12
537.0,0.5,537.0,0.5,6444,6,50,1,P04_p4n410,12
537.0,1.0,537.0,1.0,6444,12,56,1,P05_p5n2010,12
537.0,1.5,537.0,1.5,6444,18,60,1,P03_p3n425,12
537.0,1.0,537.0,1.0,6444,12,60,1,P05_p5n2011,12
537.0,1.0,537.0,1.0,6444,12,65,1,P05_p5n2012,12
537.0,1.5,537.0,1.5,6444,18,65,1,P02_p2n414,12
537.0,0.5,537.0,0.5,6444,6,74,1,P01_p1n391,12
537.5,0.5,537.5,0.5,6450,6,50,1,P04_p4n411,12
537.5,0.5,537.5,0.5,6450,6,74,1,P01_p1n392,12
538.0,1.0,538.0,1.0,6456,12,36,5,P05_p5n2017,12
538.0,1.0,538.0,1.0,6456,12,48,1,P04_p4n412,12
538.0,1.0,538.0,1.0,6456,12,58,1,P05_p5n2014,12
538.0,1.0,538.0,1.0,6456,12,63,1,P05_p5n2015,12
538.0,1.0,538.0,1.0,6456,12,67,1,P05_p5n2016,12
538.0,1.0,538.0,1.0,6456,12,72,1,P01_p1n393,12
538.5,0.25,538.5,0.25,6462,3,58,1,P03_p3n427,12
538.5,0.25,538.5,0.25,6462,3,63,1,P02_p2n416,12
538.75,0.25,538.75,0.25,6465,3,56,1,P03_p3n428,12
538.75,0.25,538.75,0.25,6465,3,62,1,P02_p2n417,12
539.0,0.5,539.0,0.5,6468,6,34,5,P05_p5n2021,12
539.0,0.5,539.0,0.5,6468,6,46,1,P04_p4n413,12
539.0,1.0,539.0,1.0,6468,12,58,1,P03_p3n429,12
539.0,1.0,539.0,1.0,6468,12,61,1,P05_p5n2018,12
539.0,1.0,539.0,1.0,6468,12,63,1,P02_p2n418,12
539.0,1.0,539.0,1.0,6468,12,63,1,P05_p5n2019,12
539.0,1.0,539.0,1.0,6468,12,67,1,P05_p5n2020,12
539.0,0.5,539.0,0.5,6468,6,70,1,P01_p1n394,12
539.5,0.5,539.5,0.5,6474,6,34,5,P05_p5n2022,12
539.5,0.5,539.5,0.5,6474,6,46,1,P04_p4n414,12
539.5,0.5,539.5,0.5,6474,6,70,1,P01_p1n395,12
540.0,1.0,540.0,1.0,6480,12,33,5,P05_p5n2024,12
540.0,2.0,540.0,2.0,6480,24,45,1,P04_p4n415,12
540.0,4.0,540.0,4.0,6480,48,72,1,P01_p1n396,12
540.5,1.0,540.5,1.0,6486,12,55,1,P03_p3n431,12
540.5,1.0,540.5,1.0,6486,12,60,1,P02_p2n420,12
540.5,1.5,540.5,1.5,6486,18,60,1,P05_p5n2025,12
540.5,1.5,540.5,1.5,6486,18,63,1,P05_p5n2026,12
540.5,1.5,540.5,1.5,6486,18,67,1,P05_p5n2027,12
541.0,1.0,541.0,1.0,6492,12,45,5,P05_p5n2028,12
541.5,0.5,541.5,0.5,6498,6,55,1,P03_p3n432,12
541.5,0.25,541.5,0.25,6498,3,59,1,P02_p2n421,12
541.75,0.25,541.75,0.25,6501,3,60,1,P02_p2n422,12
542.0,1.0,542.0,1.0,6504,12,38,5,P05_p5n2030,12
542.0,1.0,542.0,1.0,6504,12,50,1,P04_p4n416,12
542.0,1.0,542.0,1.0,6504,12,54,1,P03_p3n433,12
542.0,1.5,542.0,1.5,6504,18,62,1,P02_p2n423,12
542.5,1.5,542.5,1.5,6510,18,60,1,P05_p5n2031,12
542.5,1.5,542.5,1.5,6510,18,63,1,P05_p5n2032,12
542.5,1.5,542.5,1.5,6510,18,66,1,P05_p5n2033,12
543.0,1.0,543.0,1.0,6516,12,50,5,P05_p5n2034,12
543.5,0.5,543.5,0.5,6522,6,50,1,P04_p4n418,12
543.5,0.5,543.5,0.5,6522,6,57,1,P03_p3n435,12
543.5,0.25,543.5,0.25,6522,3,63,1,P02_p2n424,12
543.75,0.25,543.75,0.25,6525,3,65,1,P02_p2n425,12
544.0,1.0,544.0,1.0,6528,12,38,5,P05_p5n2036,12
544.0,2.0,544.0,2.0,6528,24,50,1,P04_p4n419,12
544.0,2.0,544.0,2.0,6528,24,56,1,P03_p3n436,12
544.0,0.25,544.0,0.25,6528,3,67,1,P02_p2n426,12
544.0,3.0,544.0,3.0,6528,36,72,1,P01_p1n397,12
544.25,0.25,544.25,0.25,6531,3,68,1,P02_p2n427,12
544.5,1.0,544.5,1.0,6534,12,56,1,P05_p5n2037,12
544.5,1.0,544.5,1.0,6534,12,60,1,P05_p5n2038,12
544.5,1.0,544.5,1.0,6534,12,67,1,P05_p5n2039,12
544.5,3.5,544.5,3.5,6534,42,67,1,P02_p2n428,12
545.0,1.0,545.0,1.0,6540,12,50,5,P05_p5n2040,12
545.5,0.25,545.5,0.25,6546,3,68,1,P05_p5n2041,12
545.75,0.25,545.75,0.25,6549,3,72,1,P05_p5n2042,12
546.0,1.0,546.0,1.0,6552,12,43,5,P05_p5n2046,12
546.0,2.0,546.0,2.0,6552,24,55,1,P03_p3n437,12
546.0,2.0,546.0,2.0,6552,24,55,1,P04_p4n420,12
546.0,0.5,546.0,0.5,6552,6,68,1,P05_p5n2043,12
546.0,0.5,546.0,0.5,6552,6,72,1,P05_p5n2044,12
546.0,0.5,546.0,0.5,6552,6,79,1,P05_p5n2045,12
546.5,0.5,546.5,0.5,6558,6,77,1,P05_p5n2047,12
547.0,1.0,547.0,1.0,6564,12,31,5,P05_p5n2052,12
547.0,1.0,547.0,1.0,6564,12,71,1,P01_p1n398,12
547.0,0.5,547.0,0.5,6564,6,71,1,P05_p5n2048,12
547.0,0.5,547.0,0.5,6564,6,74,1,P05_p5n2049,12
547.0,0.5,547.0,0.5,6564,6,77,1,P05_p5n2050,12
547.0,0.5,547.0,0.5,6564,6,82,1,P05_p5n2051,12
547.5,0.5,547.5,0.5,6570,6,80,1,P05_p5n2053,12
548.0,1.0,548.0,1.0,6576,12,36,5,P05_p5n2058,12
548.0,0.75,548.0,0.75,6576,9,48,1,P04_p4n421,12
548.0,0.75,548.0,0.75,6576,9,67,1,P05_p5n2054,12
548.0,0.75,548.0,0.75,6576,9,72,1,P05_p5n2055,12
548.0,0.75,548.0,0.75,6576,9,75,1,P05_p5n2056,12
548.0,0.75,548.0,0.75,6576,9,79,1,P01_p1n399,12
548.0,0.75,548.0,0.75,6576,9,79,1,P05_p5n2057,12
548.5,1.0,548.5,1.0,6582,12,67,1,P02_p2n431,12
548.75,0.25,548.75,0.25,6585,3,48,1,P04_p4n422,12
548.75,0.25,548.75,0.25,6585,3,67,1,P05_p5n2059,12
548.75,0.25,548.75,0.25,6585,3,72,1,P05_p5n2060,12
548.75,0.25,548.75,0.25,6585,3,75,1,P05_p5n2061,12
548.75,0.25,548.75,0.25,6585,3,79,1,P01_p1n400,12
548.75,0.25,548.75,0.25,6585,3,79,1,P05_p5n2062,12
549.0,1.0,549.0,1.0,6588,12,48,5,P05_p5n2067,12
549.0,0.5,549.0,0.5,6588,6,48,1,P04_p4n423,12
549.0,0.5,549.0,0.5,6588,6,66,1,P05_p5n2063,12
549.0,0.5,549.0,0.5,6588,6,72,1,P05_p5n2064,12
549.0,0.5,549.0,0.5,6588,6,75,1,P05_p5n2065,12
549.0,0.5,549.0,0.5,6588,6,78,1,P05_p5n2066,12
549.0,0.5,549.0,0.5,6588,6,78,1,P01_p1n401,12
549.5,0.5,549.5,0.5,6594,6,48,1,P04_p4n424,12
549.5,0.5,549.5,0.5,6594,6,66,1,P05_p5n2068,12
549.5,0.25,549.5,0.25,6594,3,66,1,P02_p2n432,12
549.5,0.5,549.5,0.5,6594,6,72,1,P05_p5n2069,12
549.5,0.5,549.5,0.5,6594,6,75,1,P05_p5n2070,12
549.5,0.5,549.5,0.5,6594,6,78,1,P01_p1n402,12
549.5,0.5,549.5,0.5,6594,6,78,1,P05_p5n2071,12
549.75,0.25,549.75,0.25,6597,3,67,1,P02_p2n433,12
550.0,1.0,550.0,1.0,6600,12,36,5,P05_p5n2076,12
550.0,1.0,550.0,1.0,6600,12,48,1,P04_p4n425,12
550.0,1.0,550.0,1.0,6600,12,65,1,P05_p5n2072,12
550.0,1.5,550.0,1.5,6600,18,68,1,P02_p2n434,12
550.0,1.0,550.0,1.0,6600,12,72,1,P05_p5n2073,12
550.0,1.0,550.0,1.0,6600,12,75,1,P05_p5n2074,12
550.0,1.0,550.0,1.0,6600,12,77,1,P01_p1n403,12
550.0,1.0,550.0,1.0,6600,12,77,1,P05_p5n2075,12
550.5,1.0,550.5,1.0,6606,12,60,1,P03_p3n440,12
551.0,1.0,551.0,1.0,6612,12,43,5,P05_p5n2080,12
551.0,1.0,551.0,1.0,6612,12,55,1,P04_p4n426,12
551.0,1.0,551.0,1.0,6612,12,65,1,P05_p5n2077,12
551.0,1.0,551.0,1.0,6612,12,72,1,P05_p5n2078,12
551.0,1.0,551.0,1.0,6612,12,75,1,P01_p1n404,12
551.0,1.0,551.0,1.0,6612,12,75,1,P05_p5n2079,12
551.5,0.5,551.5,0.5,6618,6,60,1,P03_p3n441,12
551.5,0.25,551.5,0.25,6618,3,67,1,P02_p2n435,12
551.75,0.25,551.75,0.25,6621,3,68,1,P02_p2n436,12
552.0,1.0,552.0,1.0,6624,12,41,5,P05_p5n2084,12
552.0,0.75,552.0,0.75,6624,9,53,1,P04_p4n427,12
552.0,2.0,552.0,2.0,6624,24,60,1,P03_p3n442,12
552.0,0.75,552.0,0.75,6624,9,65,1,P05_p5n2081,12
552.0,0.75,552.0,0.75,6624,9,68,1,P05_p5n2082,12
552.0,0.25,552.0,0.25,6624,3,70,1,P02_p2n437,12
552.0,0.75,552.0,0.75,6624,9,75,1,P05_p5n2083,12
552.0,0.75,552.0,0.75,6624,9,75,1,P01_p1n405,12
552.25,0.25,552.25,0.25,6627,3,68,1,P02_p2n438,12
552.5,1.0,552.5,1.0,6630,12,70,1,P02_p2n439,12
552.75,0.25,552.75,0.25,6633,3,53,1,P04_p4n428,12
552.75,0.25,552.75,0.25,6633,3,65,1,P05_p5n2085,12
552.75,0.25,552.75,0.25,6633,3,68,1,P05_p5n2086,12
552.75,0.25,552.75,0.25,6633,3,75,1,P05_p5n2087,12
552.75,0.25,552.75,0.25,6633,3,75,1,P01_p1n406,12
553.0,1.0,553.0,1.0,6636,12,53,5,P05_p5n2091,12
553.0,0.5,553.0,0.5,6636,6,53,1,P04_p4n429,12
553.0,0.5,553.0,0.5,6636,6,65,1,P05_p5n2088,12
553.0,0.5,553.0,0.5,6636,6,68,1,P05_p5n2089,12
553.0,0.5,553.0,0.5,6636,6,74,1,P01_p1n407,12
553.0,0.5,553.0,0.5,6636,6,74,1,P05_p5n2090,12
553.5,0.5,553.5,0.5,6642,6,53,1,P04_p4n430,12
553.5,0.5,553.5,0.5,6642,6,60,1,P02_p2n440,12
553.5,0.5,553.5,0.5,6642,6,65,1,P05_p5n2092,12
553.5,0.5,553.5,0.5,6642,6,68,1,P05_p5n2093,12
553.5,0.5,553.5,0.5,6642,6,74,1,P01_p1n408,12
553.5,0.5,553.5,0.5,6642,6,74,1,P05_p5n2094,12
554.0,1.0,554.0,1.0,6648,12,41,5,P05_p5n2098,12
554.0,1.0,554.0,1.0,6648,12,53,1,P04_p4n431,12
554.0,1.0,554.0,1.0,6648,12,65,1,P05_p5n2095,12
554.0,1.0,554.0,1.0,6648,12,68,1,P05_p5n2096,12
554.0,1.5,554.0,1.5,6648,18,68,1,P02_p2n441,12
554.0,1.0,554.0,1.0,6648,12,72,1,P05_p5n2097,12
554.0,1.0,554.0,1.0,6648,12,72,1,P01_p1n409,12
554.5,1.0,554.5,1.0,6654,12,62,1,P03_p3n444,12
555.0,1.0,555.0,1.0,6660,12,44,5,P05_p5n2102,12
555.0,1.0,555.0,1.0,6660,12,56,1,P04_p4n432,12
555.0,1.0,555.0,1.0,6660,12,65,1,P05_p5n2099,12
555.0,1.0,555.0,1.0,6660,12,68,1,P05_p5n2100,12
555.0,1.0,555.0,1.0,6660,12,71,1,P01_p1n410,12
555.0,1.0,555.0,1.0,6660,12,71,1,P05_p5n2101,12
555.5,0.5,555.5,0.5,6666,6,62,1,P03_p3n445,12
555.5,0.25,555.5,0.25,6666,3,67,1,P02_p2n442,12
555.75,0.25,555.75,0.25,6669,3,65,1,P02_p2n443,12
556.0,1.0,556.0,1.0,6672,12,36,5,P05_p5n2106,12
556.0,0.75,556.0,0.75,6672,9,60,1,P04_p4n433,12
556.0,0.75,556.0,0.75,6672,9,60,1,P05_p5n2103,12
556.0,2.0,556.0,2.0,6672,24,63,1,P03_p3n446,12
556.0,0.75,556.0,0.75,6672,9,63,1,P05_p5n2104,12
556.0,0.5,556.0,0.5,6672,6,67,1,P02_p2n444,12
556.0,0.75,556.0,0.75,6672,9,70,1,P05_p5n2105,12
556.0,0.75,556.0,0.75,6672,9,70,1,P01_p1n411,12
556.5,0.5,556.5,0.5,6678,6,60,1,P02_p2n445,12
556.75,0.25,556.75,0.25,6681,3,60,1,P04_p4n434,12
556.75,0.25,556.75,0.25,6681,3,60,1,P05_p5n2107,12
556.75,0.25,556.75,0.25,6681,3,63,1,P05_p5n2108,12
556.75,0.25,556.75,0.25,6681,3,70,1,P05_p5n2109,12
556.75,0.25,556.75,0.25,6681,3,70,1,P01_p1n412,12
557.0,1.0,557.0,1.0,6684,12,48,5,P05_p5n2113,12
557.0,0.5,557.0,0.5,6684,6,60,1,P04_p4n435,12
557.0,0.5,557.0,0.5,6684,6,60,1,P05_p5n2110,12
557.0,0.5,557.0,0.5,6684,6,63,1,P05_p5n2111,12
557.0,1.5,557.0,1.5,6684,18,65,1,P02_p2n446,12
557.0,0.5,557.0,0.5,6684,6,69,1,P05_p5n2112,12
557.0,0.5,557.0,0.5,6684,6,69,1,P01_p1n413,12
557.5,0.5,557.5,0.5,6690,6,48,1,P04_p4n436,12
557.5,0.5,557.5,0.5,6690,6,60,1,P05_p5n2114,12
557.5,0.5,557.5,0.5,6690,6,63,1,P05_p5n2115,12
557.5,0.5,557.5,0.5,6690,6,69,1,P05_p5n2116,12
557.5,0.5,557.5,0.5,6690,6,69,1,P01_p1n414,12
558.0,1.0,558.0,1.0,6696,12,36,5,P05_p5n2120,12
558.0,1.0,558.0,1.0,6696,12,48,1,P04_p4n437,12
558.0,1.0,558.0,1.0,6696,12,60,1,P05_p5n2117,12
558.0,1.0,558.0,1.0,6696,12,63,1,P05_p5n2118,12
558.0,1.0,558.0,1.0,6696,12,68,1,P01_p1n415,12
558.0,1.0,558.0,1.0,6696,12,68,1,P05_p5n2119,12
558.5,1.0,558.5,1.0,6702,12,60,1,P03_p3n448,12
558.5,0.25,558.5,0.25,6702,3,63,1,P02_p2n448,12
558.75,0.25,558.75,0.25,6705,3,62,1,P02_p2n449,12
559.0,0.5,559.0,0.5,6708,6,36,5,P05_p5n2124,12
559.0,0.5,559.0,0.5,6708,6,48,1,P04_p4n438,12
559.0,1.0,559.0,1.0,6708,12,60,1,P05_p5n2121,12
559.0,1.0,559.0,1.0,6708,12,63,1,P02_p2n450,12
559.0,1.0,559.0,1.0,6708,12,63,1,P05_p5n2122,12
559.0,1.0,559.0,1.0,6708,12,67,1,P05_p5n2123,12
559.0,0.5,559.0,0.5,6708,6,67,1,P01_p1n416,12
559.5,0.5,559.5,0.5,6714,6,48,5,P05_p5n2125,12
559.5,0.5,559.5,0.5,6714,6,48,1,P04_p4n439,12
559.5,0.5,559.5,0.5,6714,6,58,1,P03_p3n449,12
559.5,0.5,559.5,0.5,6714,6,67,1,P01_p1n417,12
560.0,2.0,560.0,2.0,6720,24,48,1,P04_p4n440,12
560.0,2.0,560.0,2.0,6720,24,57,1,P05_p5n2126,12
560.0,2.0,560.0,2.0,6720,24,57,1,P03_p3n450,12
560.0,2.0,560.0,2.0,6720,24,62,1,P05_p5n2127,12
560.0,2.0,560.0,2.0,6720,24,66,1,P01_p1n418,12
560.0,2.0,560.0,2.0,6720,24,66,1,P05_p5n2128,12
560.5,0.5,560.5,0.5,6726,6,36,5,P05_p5n2130,12
560.5,0.5,560.5,0.5,6726,6,48,5,P05_p5n2131,12
560.5,1.0,560.5,1.0,6726,12,62,1,P02_p2n452,12
561.0,0.5,561.0,0.5,6732,6,36,5,P05_p5n2132,12
561.0,0.5,561.0,0.5,6732,6,48,5,P05_p5n2133,12
561.5,0.5,561.5,0.5,6738,6,36,5,P05_p5n2134,12
561.5,0.5,561.5,0.5,6738,6,48,5,P05_p5n2135,12
561.5,0.25,561.5,0.25,6738,3,63,1,P02_p2n453,12
561.75,0.25,561.75,0.25,6741,3,62,1,P02_p2n454,12
562.0,2.0,562.0,2.0,6744,24,48,1,P04_p4n441,12
562.0,2.0,562.0,2.0,6744,24,56,1,P05_p5n2136,12
562.0,2.0,562.0,2.0,6744,24,61,1,P05_p5n2137,12
562.0,1.5,562.0,1.5,6744,18,61,1,P02_p2n455,12
562.0,2.0,562.0,2.0,6744,24,65,1,P05_p5n2138,12
562.0,2.0,562.0,2.0,6744,24,65,1,P01_p1n419,12
562.5,0.5,562.5,0.5,6750,6,36,5,P05_p5n2140,12
562.5,0.5,562.5,0.5,6750,6,48,5,P05_p5n2141,12
562.5,1.0,562.5,1.0,6750,12,58,1,P03_p3n452,12
563.0,0.5,563.0,0.5,6756,6,36,5,P05_p5n2142,12
563.0,0.5,563.0,0.5,6756,6,48,5,P05_p5n2143,12
563.5,0.5,563.5,0.5,6762,6,36,5,P05_p5n2144,12
563.5,0.5,563.5,0.5,6762,6,48,5,P05_p5n2145,12
563.5,0.5,563.5,0.5,6762,6,56,1,P03_p3n453,12
563.5,0.25,563.5,0.25,6762,3,63,1,P02_p2n456,12
563.75,0.25,563.75,0.25,6765,3,61,1,P02_p2n457,12
564.0,3.5,564.0,3.5,6768,42,48,1,P04_p4n442,12
564.0,4.0,564.0,4.0,6768,48,55,1,P05_p5n2146,12
564.0,3.5,564.0,3.5,6768,42,55,1,P03_p3n454,12
564.0,0.25,564.0,0.25,6768,3,60,1,P02_p2n458,12
564.0,4.0,564.0,4.0,6768,48,60,1,P05_p5n2147,12
564.0,3.5,564.0,3.5,6768,42,64,1,P01_p1n420,12
564.0,4.0,564.0,4.0,6768,48,64,1,P05_p5n2148,12
564.25,0.25,564.25,0.25,6771,3,58,1,P02_p2n459,12
564.5,0.5,564.5,0.5,6774,6,44,5,P05_p5n2150,12
564.5,3.0,564.5,3.0,6774,36,60,1,P02_p2n460,12
565.0,0.5,565.0,0.5,6780,6,43,5,P05_p5n2151,12
565.5,0.5,565.5,0.5,6786,6,48,5,P05_p5n2152,12
566.0,0.6666666865348816,566.0,0.6666666865348816,6792,8,46,5,P05_p5n2153,12
566.6666870117188,0.6666666865348816,566.6666870117188,0.6666666865348816,6800,8,44,5,P05_p5n2154,12
567.3333129882812,0.3333333432674408,567.3333129882812,0.3333333432674408,6808,4,43,5,P05_p5n2155,12
567.6666870117188,0.3333333432674408,567.6666870117188,0.3333333432674408,6812,4,42,5,P05_p5n2156,12
568.0,1.0,568.0,1.0,6816,12,41,5,P05_p5n2160,12
568.0,1.0,568.0,1.0,6816,12,56,1,P05_p5n2157,12
568.0,1.0,568.0,1.0,6816,12,60,1,P05_p5n2158,12
568.0,1.0,568.0,1.0,6816,12,65,1,P05_p5n2159,12
568.5,1.0,568.5,1.0,6822,12,60,1,P02_p2n465,12
569.0,1.0,569.0,1.0,6828,12,39,5,P05_p5n2164,12
569.0,1.0,569.0,1.0,6828,12,55,1,P05_p5n2161,12
569.0,1.0,569.0,1.0,6828,12,60,1,P05_p5n2162,12
569.0,1.0,569.0,1.0,6828,12,67,1,P05_p5n2163,12
569.5,0.25,569.5,0.25,6834,3,59,1,P02_p2n466,12
569.75,0.25,569.75,0.25,6837,3,60,1,P02_p2n467,12
570.0,1.0,570.0,1.0,6840,12,39,5,P05_p5n2168,12
570.0,1.0,570.0,1.0,6840,12,60,1,P05_p5n2165,12
570.0,0.5,570.0,0.5,6840,6,62,1,P02_p2n468,12
570.0,1.0,570.0,1.0,6840,12,67,1,P05_p5n2166,12
570.0,1.0,570.0,1.0,6840,12,72,1,P05_p5n2167,12
570.5,0.25,570.5,0.25,6846,3,60,1,P02_p2n469,12
570.75,0.25,570.75,0.25,6849,3,62,1,P02_p2n470,12
571.0,1.0,571.0,1.0,6852,12,38,5,P05_p5n2172,12
571.0,1.0,571.0,1.0,6852,12,60,1,P05_p5n2169,12
571.0,0.25,571.0,0.25,6852,3,63,1,P02_p2n471,12
571.0,1.0,571.0,1.0,6852,12,66,1,P05_p5n2170,12
571.0,1.0,571.0,1.0,6852,12,72,1,P05_p5n2171,12
571.25,0.25,571.25,0.25,6855,3,62,1,P02_p2n472,12
571.5,0.5,571.5,0.5,6858,6,63,1,P02_p2n473,12
572.0,1.0,572.0,1.0,6864,12,37,5,P05_p5n2176,12
572.0,1.0,572.0,1.0,6864,12,59,1,P05_p5n2173,12
572.0,1.0,572.0,1.0,6864,12,65,1,P05_p5n2174,12
572.0,1.0,572.0,1.0,6864,12,71,1,P05_p5n2175,12
572.5,1.0,572.5,1.0,6870,12,65,1,P02_p2n475,12
573.0,1.0,573.0,1.0,6876,12,36,5,P05_p5n2180,12
573.0,1.0,573.0,1.0,6876,12,58,1,P05_p5n2177,12
573.0,1.0,573.0,1.0,6876,12,64,1,P05_p5n2178,12
573.0,1.0,573.0,1.0,6876,12,70,1,P05_p5n2179,12
573.5,0.25,573.5,0.25,6882,3,64,1,P02_p2n476,12
573.75,0.25,573.75,0.25,6885,3,65,1,P02_p2n477,12
574.0,1.0,574.0,1.0,6888,12,35,5,P05_p5n2184,12
574.0,1.0,574.0,1.0,6888,12,57,1,P05_p5n2181,12
574.0,1.0,574.0,1.0,6888,12,63,1,P05_p5n2182,12
574.0,0.5,574.0,0.5,6888,6,67,1,P02_p2n478,12
574.0,1.0,574.0,1.0,6888,12,69,1,P05_p5n2183,12
574.5,0.25,574.5,0.25,6894,3,65,1,P02_p2n479,12
574.75,0.25,574.75,0.25,6897,3,67,1,P02_p2n480,12
575.0,1.0,575.0,1.0,6900,12,34,5,P05_p5n2188,12
575.0,1.0,575.0,1.0,6900,12,56,1,P05_p5n2185,12
575.0,1.0,575.0,1.0,6900,12,62,1,P05_p5n2186,12
575.0,1.0,575.0,1.0,6900,12,68,1,P05_p5n2187,12
575.0,0.25,575.0,0.25,6900,3,68,1,P02_p2n481,12
575.25,0.25,575.25,0.25,6903,3,67,1,P02_p2n482,12
575.5,0.5,575.5,0.5,6906,6,68,1,P02_p2n483,12
576.0,1.0,576.0,1.0,6912,12,39,5,P05_p5n2192,12
576.0,1.0,576.0,1.0,6912,12,55,1,P05_p5n2189,12
576.0,1.0,576.0,1.0,6912,12,62,1,P05_p5n2190,12
576.0,0.5,576.0,0.5,6912,6,67,1,P02_p2n484,12
576.0,1.0,576.0,1.0,6912,12,67,1,P05_p5n2191,12
576.5,0.25,576.5,0.25,6918,3,70,1,P02_p2n485,12
576.75,0.25,576.75,0.25,6921,3,68,1,P02_p2n486,12
577.0,1.0,577.0,1.0,6924,12,38,5,P05_p5n2196,12
577.0,1.0,577.0,1.0,6924,12,56,1,P05_p5n2193,12
577.0,1.0,577.0,1.0,6924,12,60,1,P05_p5n2194,12
577.0,1.0,577.0,1.0,6924,12,65,1,P05_p5n2195,12
577.0,0.5,577.0,0.5,6924,6,67,1,P02_p2n487,12
577.5,0.25,577.5,0.25,6930,3,70,1,P02_p2n488,12
577.75,0.25,577.75,0.25,6933,3,68,1,P02_p2n489,12
578.0,1.0,578.0,1.0,6936,12,36,5,P05_p5n2200,12
578.0,1.0,578.0,1.0,6936,12,55,1,P05_p5n2197,12
578.0,1.0,578.0,1.0,6936,12,58,1,P05_p5n2198,12
578.0,1.0,578.0,1.0,6936,12,63,1,P05_p5n2199,12
578.0,0.25,578.0,0.25,6936,3,67,1,P02_p2n490,12
578.25,0.25,578.25,0.25,6939,3,65,1,P02_p2n491,12
578.5,0.5,578.5,0.5,6942,6,67,1,P02_p2n492,12
579.0,1.0,579.0,1.0,6948,12,34,5,P05_p5n2204,12
579.0,1.0,579.0,1.0,6948,12,61,1,P05_p5n2201,12
579.0,1.0,579.0,1.0,6948,12,63,1,P05_p5n2202,12
579.0,1.0,579.0,1.0,6948,12,67,1,P05_p5n2203,12
579.25,0.25,579.25,0.25,6951,3,67,1,P02_p2n494,12
579.5,0.25,579.5,0.25,6954,3,68,1,P02_p2n495,12
579.75,0.25,579.75,0.25,6957,3,70,1,P02_p2n496,12
580.0,2.0,580.0,2.0,6960,24,33,5,P05_p5n2206,12
580.0,0.5,580.0,0.5,6960,6,72,1,P02_p2n497,12
580.5,1.5,580.5,1.5,6966,18,60,1,P05_p5n2207,12
580.5,1.5,580.5,1.5,6966,18,63,1,P05_p5n2208,12
580.5,0.25,580.5,0.25,6966,3,67,1,P02_p2n498,12
580.5,1.5,580.5,1.5,6966,18,67,1,P05_p5n2209,12
580.75,0.25,580.75,0.25,6969,3,72,1,P02_p2n499,12
581.0,2.0,581.0,2.0,6972,24,72,1,P02_p2n500,12
581.5,0.5,581.5,0.5,6978,6,57,1,P04_p4n450,12
581.5,0.5,581.5,0.5,6978,6,60,1,P03_p3n462,12
581.5,0.5,581.5,0.5,6978,6,75,1,P01_p1n428,12
582.0,1.0,582.0,1.0,6984,12,32,5,P05_p5n2212,12
582.0,1.0,582.0,1.0,6984,12,56,1,P04_p4n451,12
582.0,1.0,582.0,1.0,6984,12,60,1,P05_p5n2210,12
582.0,2.0,582.0,2.0,6984,24,65,1,P03_p3n463,12
582.0,1.0,582.0,1.0,6984,12,65,1,P05_p5n2211,12
582.0,2.0,582.0,2.0,6984,24,74,1,P01_p1n429,12
583.0,1.0,583.0,1.0,6996,12,31,5,P05_p5n2215,12
583.0,1.0,583.0,1.0,6996,12,55,1,P04_p4n452,12
583.0,1.0,583.0,1.0,6996,12,59,1,P05_p5n2213,12
583.0,1.0,583.0,1.0,6996,12,65,1,P05_p5n2214,12
583.0,1.0,583.0,1.0,6996,12,71,1,P02_p2n501,12
584.0,2.0,584.0,2.0,7008,24,48,6,P05_p5n2218,12
584.0,4.0,584.0,4.0,7008,48,63,1,P03_p3n464,12
584.0,0.75,584.0,0.75,7008,9,72,1,P02_p2n502,12
584.0,4.0,584.0,4.0,7008,48,72,1,P01_p1n430,12
584.0,0.75,584.0,0.75,7008,9,72,1,P05_p5n2216,12
584.0,0.75,584.0,0.75,7008,9,84,1,P05_p5n2217,12
584.5,1.0,584.5,1.0,7014,12,48,1,P04_p4n454,12
584.5,0.5,584.5,0.5,7014,6,55,5,P05_p5n2220,12
584.75,0.25,584.75,0.25,7017,3,72,1,P02_p2n503,12
584.75,0.25,584.75,0.25,7017,3,72,1,P05_p5n2221,12
584.75,0.25,584.75,0.25,7017,3,84,1,P05_p5n2222,12
585.0,1.0,585.0,1.0,7020,12,63,5,P05_p5n2225,12
585.0,0.5,585.0,0.5,7020,6,71,1,P05_p5n2223,12
585.0,0.5,585.0,0.5,7020,6,71,1,P02_p2n504,12
585.0,0.5,585.0,0.5,7020,6,83,1,P05_p5n2224,12
585.5,0.25,585.5,0.25,7026,3,47,1,P04_p4n455,12
585.5,0.5,585.5,0.5,7026,6,71,1,P05_p5n2226,12
585.5,0.5,585.5,0.5,7026,6,71,1,P02_p2n505,12
585.5,0.5,585.5,0.5,7026,6,83,1,P05_p5n2227,12
585.75,0.25,585.75,0.25,7029,3,48,1,P04_p4n456,12
586.0,2.0,586.0,2.0,7032,24,48,6,P05_p5n2230,12
586.0,0.5,586.0,0.5,7032,6,50,1,P04_p4n457,12
586.0,1.0,586.0,1.0,7032,12,70,1,P02_p2n506,12
586.0,1.0,586.0,1.0,7032,12,70,1,P05_p5n2228,12
586.0,1.0,586.0,1.0,7032,12,82,1,P05_p5n2229,12
586.5,0.25,586.5,0.25,7038,3,48,1,P04_p4n458,12
586.5,0.5,586.5,0.5,7038,6,55,5,P05_p5n2232,12
586.75,0.25,586.75,0.25,7041,3,50,1,P04_p4n459,12
587.0,0.25,587.0,0.25,7044,3,51,1,P04_p4n460,12
587.0,1.0,587.0,1.0,7044,12,63,5,P05_p5n2235,12
587.0,1.0,587.0,1.0,7044,12,69,1,P05_p5n2233,12
587.0,1.0,587.0,1.0,7044,12,69,1,P02_p2n507,12
587.0,1.0,587.0,1.0,7044,12,81,1,P05_p5n2234,12
587.25,0.25,587.25,0.25,7047,3,50,1,P04_p4n461,12
587.5,0.5,587.5,0.5,7050,6,51,1,P04_p4n462,12
588.0,3.0,588.0,3.0,7056,36,41,6,P05_p5n2238,12
588.0,0.75,588.0,0.75,7056,9,68,2,P05_p5n2237,12
588.0,0.75,588.0,0.75,7056,9,68,1,P02_p2n508,12
588.0,0.75,588.0,0.75,7056,9,77,1,P05_p5n2236,12
588.0,0.75,588.0,0.75,7056,9,77,1,P01_p1n431,12
588.5,0.5,588.5,0.5,7062,6,48,5,P05_p5n2240,12
588.5,1.0,588.5,1.0,7062,12,53,1,P04_p4n464,12
588.75,0.25,588.75,0.25,7065,3,68,2,P05_p5n2242,12
588.75,0.25,588.75,0.25,7065,3,68,1,P02_p2n509,12
588.75,0.25,588.75,0.25,7065,3,77,1,P05_p5n2241,12
588.75,0.25,588.75,0.25,7065,3,77,1,P01_p1n432,12
589.0,2.0,589.0,2.0,7068,24,56,5,P05_p5n2245,12
589.0,0.5,589.0,0.5,7068,6,67,1,P02_p2n510,12
589.0,0.5,589.0,0.5,7068,6,67,2,P05_p5n2244,12
589.0,0.5,589.0,0.5,7068,6,76,1,P01_p1n433,12
589.0,0.5,589.0,0.5,7068,6,76,1,P05_p5n2243,12
589.5,0.25,589.5,0.25,7074,3,52,1,P04_p4n465,12
589.5,0.5,589.5,0.5,7074,6,67,1,P02_p2n511,12
589.5,0.5,589.5,0.5,7074,6,67,2,P05_p5n2247,12
589.5,0.5,589.5,0.5,7074,6,76,1,P01_p1n434,12
589.5,0.5,589.5,0.5,7074,6,76,1,P05_p5n2246,12
589.75,0.25,589.75,0.25,7077,3,53,1,P04_p4n466,12
590.0,0.5,590.0,0.5,7080,6,55,1,P04_p4n467,12
590.0,1.0,590.0,1.0,7080,12,65,1,P02_p2n512,12
590.0,1.0,590.0,1.0,7080,12,65,2,P05_p5n2249,12
590.0,1.0,590.0,1.0,7080,12,68,2,P05_p5n2250,12
590.0,1.0,590.0,1.0,7080,12,75,1,P05_p5n2248,12
590.0,1.0,590.0,1.0,7080,12,75,1,P01_p1n435,12
590.5,0.25,590.5,0.25,7086,3,53,1,P04_p4n468,12
590.75,0.25,590.75,0.25,7089,3,55,1,P04_p4n469,12
591.0,1.0,591.0,1.0,7092,12,46,5,P05_p5n2255,12
591.0,1.0,591.0,1.0,7092,12,53,5,P05_p5n2256,12
591.0,1.0,591.0,1.0,7092,12,56,5,P05_p5n2257,12
591.0,0.25,591.0,0.25,7092,3,56,1,P04_p4n470,12
591.0,1.0,591.0,1.0,7092,12,58,1,P02_p2n513,12
591.0,1.0,591.0,1.0,7092,12,58,2,P05_p5n2253,12
591.0,1.0,591.0,1.0,7092,12,68,2,P05_p5n2254,12
591.0,1.0,591.0,1.0,7092,12,74,1,P01_p1n436,12
591.0,1.0,591.0,1.0,7092,12,74,1,P05_p5n2252,12
591.25,0.25,591.25,0.25,7095,3,55,1,P04_p4n471,12
591.5,0.5,591.5,0.5,7098,6,56,1,P04_p4n472,12
592.0,1.0,592.0,1.0,7104,12,51,5,P05_p5n2261,12
592.0,0.5,592.0,0.5,7104,6,55,1,P04_p4n473,12
592.0,1.0,592.0,1.0,7104,12,58,5,P05_p5n2262,12
592.0,1.0,592.0,1.0,7104,12,62,1,P05_p5n2258,12
592.0,0.75,592.0,0.75,7104,9,63,1,P02_p2n514,12
592.0,1.0,592.0,1.0,7104,12,67,1,P05_p5n2259,12
592.0,0.75,592.0,0.75,7104,9,74,1,P01_p1n437,12
592.0,1.0,592.0,1.0,7104,12,74,1,P05_p5n2260,12
592.5,0.25,592.5,0.25,7110,3,58,1,P04_p4n474,12
592.75,0.25,592.75,0.25,7113,3,56,1,P04_p4n475,12
592.75,0.25,592.75,0.25,7113,3,63,1,P02_p2n515,12
592.75,0.25,592.75,0.25,7113,3,74,1,P01_p1n438,12
593.0,1.0,593.0,1.0,7116,12,50,5,P05_p5n2266,12
593.0,0.5,593.0,0.5,7116,6,55,1,P04_p4n476,12
593.0,1.0,593.0,1.0,7116,12,56,5,P05_p5n2267,12
593.0,1.0,593.0,1.0,7116,12,60,1,P05_p5n2263,12
593.0,0.5,593.0,0.5,7116,6,62,1,P02_p2n516,12
593.0,1.0,593.0,1.0,7116,12,65,1,P05_p5n2264,12
593.0,1.0,593.0,1.0,7116,12,72,1,P05_p5n2265,12
593.0,0.5,593.0,0.5,7116,6,72,1,P01_p1n439,12
593.5,0.25,593.5,0.25,7122,3,58,1,P04_p4n477,12
593.5,0.5,593.5,0.5,7122,6,62,1,P02_p2n517,12
593.5,0.5,593.5,0.5,7122,6,72,1,P01_p1n440,12
593.75,0.25,593.75,0.25,7125,3,56,1,P04_p4n478,12
594.0,1.0,594.0,1.0,7128,12,48,5,P05_p5n2271,12
594.0,1.0,594.0,1.0,7128,12,55,5,P05_p5n2272,12
594.0,0.25,594.0,0.25,7128,3,55,1,P04_p4n479,12
594.0,1.0,594.0,1.0,7128,12,58,1,P05_p5n2268,12
594.0,1.0,594.0,1.0,7128,12,60,1,P02_p2n518,12
594.0,1.0,594.0,1.0,7128,12,63,1,P05_p5n2269,12
594.0,1.0,594.0,1.0,7128,12,70,1,P05_p5n2270,12
594.0,1.0,594.0,1.0,7128,12,75,1,P01_p1n441,12
594.25,0.25,594.25,0.25,7131,3,53,1,P04_p4n480,12
594.5,0.5,594.5,0.5,7134,6,55,1,P04_p4n481,12
595.0,1.0,595.0,1.0,7140,12,55,5,P05_p5n2276,12
595.0,1.0,595.0,1.0,7140,12,58,5,P05_p5n2277,12
595.0,0.5,595.0,0.5,7140,6,58,1,P02_p2n519,12
595.0,1.0,595.0,1.0,7140,12,61,5,P05_p5n2278,12
595.0,1.0,595.0,1.0,7140,12,63,5,P05_p5n2279,12
595.0,1.0,595.0,1.0,7140,12,67,1,P05_p5n2273,12
595.0,1.0,595.0,1.0,7140,12,73,1,P05_p5n2274,12
595.0,1.0,595.0,1.0,7140,12,79,1,P05_p5n2275,12
595.0,0.5,595.0,0.5,7140,6,79,1,P01_p1n442,12
595.25,0.25,595.25,0.25,7143,3,55,1,P04_p4n483,12
595.5,0.5,595.5,0.5,7146,6,55,1,P03_p3n469,12
595.5,0.25,595.5,0.25,7146,3,56,1,P04_p4n484,12
595.5,0.5,595.5,0.5,7146,6,70,1,P02_p2n520,12
595.5,0.5,595.5,0.5,7146,6,79,1,P01_p1n443,12
595.75,0.25,595.75,0.25,7149,3,58,1,P04_p4n485,12
596.0,2.0,596.0,2.0,7152,24,51,6,P05_p5n2281,12
596.0,0.5,596.0,0.5,7152,6,60,1,P04_p4n486,12
596.0,2.0,596.0,2.0,7152,24,63,1,P03_p3n470,12
596.0,2.0,596.0,2.0,7152,24,69,1,P02_p2n521,12
596.0,2.0,596.0,2.0,7152,24,78,1,P01_p1n444,12
596.0,1.5,596.0,1.5,7152,18,78,1,P05_p5n2280,12
596.5,0.25,596.5,0.25,7158,3,55,1,P04_p4n487,12
596.5,0.5,596.5,0.5,7158,6,57,5,P05_p5n2285,12
596.5,0.5,596.5,0.5,7158,6,72,2,P05_p5n2284,12
596.75,0.25,596.75,0.25,7161,3,60,1,P04_p4n488,12
597.0,2.0,597.0,2.0,7164,24,60,1,P04_p4n489,12
597.0,0.5,597.0,0.5,7164,6,66,5,P05_p5n2287,12
597.0,0.25,597.0,0.25,7164,3,69,2,P05_p5n2286,12
597.5,0.5,597.5,0.5,7170,6,57,5,P05_p5n2289,12
597.5,0.5,597.5,0.5,7170,6,78,1,P05_p5n2288,12
598.0,2.0,598.0,2.0,7176,24,50,6,P05_p5n2292,12
598.0,2.0,598.0,2.0,7176,24,62,1,P03_p3n471,12
598.0,2.0,598.0,2.0,7176,24,68,1,P02_p2n522,12
598.0,2.0,598.0,2.0,7176,24,77,1,P01_p1n445,12
598.0,1.5,598.0,1.5,7176,18,77,1,P05_p5n2291,12
598.5,0.5,598.5,0.5,7182,6,56,5,P05_p5n2296,12
598.5,0.5,598.5,0.5,7182,6,71,2,P05_p5n2295,12
599.0,1.0,599.0,1.0,7188,12,59,1,P04_p4n490,12
599.0,0.5,599.0,0.5,7188,6,65,5,P05_p5n2298,12
599.0,0.25,599.0,0.25,7188,3,68,2,P05_p5n2297,12
599.5,0.5,599.5,0.5,7194,6,56,5,P05_p5n2300,12
599.5,0.5,599.5,0.5,7194,6,77,1,P05_p5n2299,12
600.0,1.0,600.0,1.0,7200,12,48,5,P05_p5n2305,12
600.0,1.0,600.0,1.0,7200,12,60,1,P04_p4n491,12
600.0,1.0,600.0,1.0,7200,12,60,1,P03_p3n472,12
600.0,1.0,600.0,1.0,7200,12,60,5,P05_p5n2306,12
600.0,1.0,600.0,1.0,7200,12,67,1,P02_p2n523,12
600.0,0.75,600.0,0.75,7200,9,67,1,P05_p5n2302,12
600.0,0.75,600.0,0.75,7200,9,72,1,P05_p5n2303,12
600.0,0.75,600.0,0.75,7200,9,75,1,P05_p5n2304,12
600.0,1.0,600.0,1.0,7200,12,75,1,P01_p1n446,12
600.75,0.25,600.75,0.25,7209,3,63,1,P05_p5n2307,12
601.0,1.0,601.0,1.0,7212,12,50,5,P05_p5n2310,12
601.0,0.5,601.0,0.5,7212,6,60,1,P05_p5n2308,12
601.0,0.5,601.0,0.5,7212,6,65,1,P05_p5n2309,12
601.5,0.5,601.5,0.5,7218,6,60,1,P05_p5n2311,12
601.5,0.5,601.5,0.5,7218,6,65,1,P05_p5n2312,12
602.0,1.0,602.0,1.0,7224,12,44,5,P05_p5n2315,12
602.0,1.0,602.0,1.0,7224,12,60,1,P05_p5n2313,12
602.0,1.0,602.0,1.0,7224,12,66,1,P05_p5n2314,12
603.0,1.0,603.0,1.0,7236,12,43,5,P05_p5n2318,12
603.0,1.0,603.0,1.0,7236,12,59,1,P05_p5n2316,12
603.0,1.0,603.0,1.0,7236,12,67,1,P05_p5n2317,12
604.0,0.75,604.0,0.75,7248,9,48,1,P04_p4n494,12
604.0,4.0,604.0,4.0,7248,48,48,5,P05_p5n2320,12
604.0,1.0,604.0,1.0,7248,12,55,1,P05_p5n2319,12
604.0,0.75,604.0,0.75,7248,9,55,1,P03_p3n475,12
604.5,1.0,604.5,1.0,7254,12,60,1,P02_p2n527,12
604.75,0.25,604.75,0.25,7257,3,48,1,P04_p4n495,12
604.75,0.25,604.75,0.25,7257,3,55,1,P03_p3n476,12
605.0,0.5,605.0,0.5,7260,6,48,1,P04_p4n496,12
605.0,0.5,605.0,0.5,7260,6,56,1,P03_p3n477,12
605.0,1.0,605.0,1.0,7260,12,56,1,P05_p5n2321,12
605.5,0.5,605.5,0.5,7266,6,48,1,P04_p4n497,12
605.5,0.5,605.5,0.5,7266,6,56,1,P03_p3n478,12
605.5,0.25,605.5,0.25,7266,3,59,1,P02_p2n528,12
605.75,0.25,605.75,0.25,7269,3,60,1,P02_p2n529,12
606.0,1.0,606.0,1.0,7272,12,48,1,P04_p4n498,12
606.0,1.0,606.0,1.0,7272,12,57,1,P03_p3n479,12
606.0,1.0,606.0,1.0,7272,12,57,1,P05_p5n2322,12
606.0,1.5,606.0,1.5,7272,18,62,1,P02_p2n530,12
607.0,1.0,607.0,1.0,7284,12,48,1,P04_p4n499,12
607.0,1.0,607.0,1.0,7284,12,58,1,P05_p5n2323,12
607.0,1.0,607.0,1.0,7284,12,58,1,P03_p3n480,12
607.5,0.25,607.5,0.25,7290,3,60,1,P02_p2n531,12
607.75,0.25,607.75,0.25,7293,3,62,1,P02_p2n532,12
608.0,2.0,608.0,2.0,7296,24,41,5,P05_p5n2325,12
608.0,2.0,608.0,2.0,7296,24,53,5,P05_p5n2326,12
608.0,0.75,608.0,0.75,7296,9,53,1,P04_p4n500,12
608.0,0.75,608.0,0.75,7296,9,59,1,P03_p3n481,12
608.0,1.0,608.0,1.0,7296,12,59,1,P05_p5n2324,12
608.0,0.25,608.0,0.25,7296,3,63,1,P02_p2n533,12
608.25,0.25,608.25,0.25,7299,3,62,1,P02_p2n534,12
608.5,1.0,608.5,1.0,7302,12,63,1,P02_p2n535,12
608.75,0.25,608.75,0.25,7305,3,53,1,P04_p4n501,12
608.75,0.25,608.75,0.25,7305,3,59,1,P03_p3n482,12
609.0,0.5,609.0,0.5,7308,6,53,1,P04_p4n502,12
609.0,0.5,609.0,0.5,7308,6,60,1,P03_p3n483,12
609.0,1.0,609.0,1.0,7308,12,60,1,P05_p5n2327,12
609.5,0.5,609.5,0.5,7314,6,53,1,P04_p4n503,12
609.5,0.5,609.5,0.5,7314,6,60,1,P02_p2n536,12
609.5,0.5,609.5,0.5,7314,6,60,1,P03_p3n484,12
610.0,1.0,610.0,1.0,7320,12,46,5,P05_p5n2330,12
610.0,1.0,610.0,1.0,7320,12,46,1,P04_p4n504,12
610.0,1.0,610.0,1.0,7320,12,56,1,P05_p5n2328,12
610.0,1.0,610.0,1.0,7320,12,61,1,P05_p5n2329,12
610.0,1.0,610.0,1.0,7320,12,61,1,P03_p3n485,12
610.0,1.5,610.0,1.5,7320,18,68,1,P02_p2n537,12
611.0,1.0,611.0,1.0,7332,12,39,5,P05_p5n2333,12
611.0,1.0,611.0,1.0,7332,12,51,1,P04_p4n505,12
611.0,1.0,611.0,1.0,7332,12,55,1,P05_p5n2331,12
611.0,1.0,611.0,1.0,7332,12,59,1,P03_p3n486,12
611.0,1.0,611.0,1.0,7332,12,59,1,P05_p5n2332,12
611.5,0.25,611.5,0.25,7338,3,67,1,P02_p2n538,12
611.75,0.25,611.75,0.25,7341,3,65,1,P02_p2n539,12
612.0,1.0,612.0,1.0,7344,12,44,5,P05_p5n2336,12
612.0,1.0,612.0,1.0,7344,12,55,1,P05_p5n2334,12
612.0,1.0,612.0,1.0,7344,12,56,1,P04_p4n506,12
612.0,1.5,612.0,1.5,7344,18,60,1,P03_p3n487,12
612.0,1.0,612.0,1.0,7344,12,60,1,P05_p5n2335,12
612.0,0.5,612.0,0.5,7344,6,67,1,P02_p2n540,12
612.5,0.5,612.5,0.5,7350,6,60,1,P02_p2n541,12
613.0,1.0,613.0,1.0,7356,12,38,5,P05_p5n2339,12
613.0,1.0,613.0,1.0,7356,12,50,1,P04_p4n507,12
613.0,1.0,613.0,1.0,7356,12,53,1,P05_p5n2337,12
613.0,1.0,613.0,1.0,7356,12,60,1,P05_p5n2338,12
613.0,1.5,613.0,1.5,7356,18,65,1,P02_p2n542,12
613.5,0.5,613.5,0.5,7362,6,60,1,P03_p3n488,12
614.0,1.0,614.0,1.0,7368,12,43,5,P05_p5n2342,12
614.0,1.0,614.0,1.0,7368,12,53,1,P05_p5n2340,12
614.0,1.0,614.0,1.0,7368,12,55,1,P04_p4n508,12
614.0,1.0,614.0,1.0,7368,12,60,1,P03_p3n489,12
614.0,1.0,614.0,1.0,7368,12,60,1,P05_p5n2341,12
614.5,0.25,614.5,0.25,7374,3,63,1,P02_p2n544,12
614.75,0.25,614.75,0.25,7377,3,62,1,P02_p2n545,12
615.0,1.0,615.0,1.0,7380,12,31,5,P05_p5n2345,12
615.0,1.0,615.0,1.0,7380,12,43,1,P04_p4n509,12
615.0,1.0,615.0,1.0,7380,12,53,1,P05_p5n2343,12
615.0,1.0,615.0,1.0,7380,12,59,1,P03_p3n490,12
615.0,1.0,615.0,1.0,7380,12,59,1,P05_p5n2344,12
615.0,1.0,615.0,1.0,7380,12,63,1,P02_p2n546,12
616.0,0.75,616.0,0.75,7392,9,60,1,P02_p2n547,12
616.0,1.0,616.0,1.0,7392,12,60,1,P05_p5n2346,12
616.0,1.0,616.0,1.0,7392,12,67,1,P05_p5n2347,12
616.0,0.75,616.0,0.75,7392,9,67,1,P01_p1n452,12
616.5,0.5,616.5,0.5,7398,6,36,5,P05_p5n2349,12
616.5,1.0,616.5,1.0,7398,12,48,1,P04_p4n511,12
616.5,0.5,616.5,0.5,7398,6,48,5,P05_p5n2350,12
616.5,1.0,616.5,1.0,7398,12,60,1,P03_p3n492,12
616.75,0.25,616.75,0.25,7401,3,60,1,P02_p2n548,12
616.75,0.25,616.75,0.25,7401,3,67,1,P01_p1n453,12
617.0,0.5,617.0,0.5,7404,6,36,5,P05_p5n2353,12
617.0,0.5,617.0,0.5,7404,6,48,5,P05_p5n2354,12
617.0,0.5,617.0,0.5,7404,6,60,1,P02_p2n549,12
617.0,1.0,617.0,1.0,7404,12,60,1,P05_p5n2351,12
617.0,0.5,617.0,0.5,7404,6,68,1,P01_p1n454,12
617.0,1.0,617.0,1.0,7404,12,68,1,P05_p5n2352,12
617.5,0.5,617.5,0.5,7410,6,36,5,P05_p5n2355,12
617.5,0.25,617.5,0.25,7410,3,47,1,P04_p4n512,12
617.5,0.5,617.5,0.5,7410,6,48,5,P05_p5n2356,12
617.5,0.25,617.5,0.25,7410,3,59,1,P03_p3n493,12
617.5,0.5,617.5,0.5,7410,6,60,1,P02_p2n550,12
617.5,0.5,617.5,0.5,7410,6,68,1,P01_p1n455,12
617.75,0.25,617.75,0.25,7413,3,48,1,P04_p4n513,12
617.75,0.25,617.75,0.25,7413,3,60,1,P03_p3n494,12
618.0,1.5,618.0,1.5,7416,18,50,1,P04_p4n514,12
618.0,1.0,618.0,1.0,7416,12,60,1,P02_p2n551,12
618.0,1.0,618.0,1.0,7416,12,60,1,P05_p5n2357,12
618.0,1.5,618.0,1.5,7416,18,62,1,P03_p3n495,12
618.0,1.0,618.0,1.0,7416,12,69,1,P05_p5n2358,12
618.0,1.0,618.0,1.0,7416,12,69,1,P01_p1n456,12
618.5,0.5,618.5,0.5,7422,6,36,5,P05_p5n2360,12
618.5,0.5,618.5,0.5,7422,6,48,5,P05_p5n2361,12
619.0,0.5,619.0,0.5,7428,6,36,5,P05_p5n2364,12
619.0,0.5,619.0,0.5,7428,6,48,5,P05_p5n2365,12
619.0,1.0,619.0,1.0,7428,12,60,1,P02_p2n552,12
619.0,1.0,619.0,1.0,7428,12,60,1,P05_p5n2362,12
619.0,1.0,619.0,1.0,7428,12,70,1,P01_p1n457,12
619.0,1.0,619.0,1.0,7428,12,70,1,P05_p5n2363,12
619.5,0.5,619.5,0.5,7434,6,36,5,P05_p5n2366,12
619.5,0.25,619.5,0.25,7434,3,48,1,P04_p4n515,12
619.5,0.5,619.5,0.5,7434,6,48,5,P05_p5n2367,12
619.5,0.25,619.5,0.25,7434,3,60,1,P03_p3n496,12
619.75,0.25,619.75,0.25,7437,3,50,1,P04_p4n516,12
619.75,0.25,619.75,0.25,7437,3,62,1,P03_p3n497,12
620.0,0.25,620.0,0.25,7440,3,51,1,P04_p4n517,12
620.0,0.25,620.0,0.25,7440,3,63,1,P03_p3n498,12
620.0,0.75,620.0,0.75,7440,9,65,1,P02_p2n553,12
620.0,1.0,620.0,1.0,7440,12,65,1,P05_p5n2368,12
620.0,0.75,620.0,0.75,7440,9,71,1,P01_p1n458,12
620.0,1.0,620.0,1.0,7440,12,71,1,P05_p5n2369,12
620.25,0.25,620.25,0.25,7443,3,50,1,P04_p4n518,12
620.25,0.25,620.25,0.25,7443,3,62,1,P03_p3n499,12
620.5,0.5,620.5,0.5,7446,6,36,5,P05_p5n2371,12
620.5,0.5,620.5,0.5,7446,6,48,5,P05_p5n2372,12
620.5,1.0,620.5,1.0,7446,12,51,1,P04_p4n519,12
620.5,1.5,620.5,1.5,7446,18,63,1,P03_p3n500,12
620.75,0.25,620.75,0.25,7449,3,65,1,P02_p2n554,12
620.75,0.25,620.75,0.25,7449,3,71,1,P01_p1n459,12
621.0,0.5,621.0,0.5,7452,6,36,5,P05_p5n2375,12
621.0,0.5,621.0,0.5,7452,6,48,5,P05_p5n2376,12
621.0,0.5,621.0,0.5,7452,6,65,1,P02_p2n555,12
621.0,1.0,621.0,1.0,7452,12,65,1,P05_p5n2373,12
621.0,0.5,621.0,0.5,7452,6,72,1,P01_p1n460,12
621.0,1.0,621.0,1.0,7452,12,72,1,P05_p5n2374,12
621.5,0.5,621.5,0.5,7458,6,36,5,P05_p5n2377,12
621.5,0.5,621.5,0.5,7458,6,48,1,P04_p4n520,12
621.5,0.5,621.5,0.5,7458,6,48,5,P05_p5n2378,12
621.5,0.5,621.5,0.5,7458,6,65,1,P02_p2n556,12
621.5,0.5,621.5,0.5,7458,6,72,1,P01_p1n461,12
622.0,1.5,622.0,1.5,7464,18,56,1,P04_p4n521,12
622.0,1.0,622.0,1.0,7464,12,63,1,P05_p5n2379,12
622.0,1.0,622.0,1.0,7464,12,65,1,P02_p2n557,12
622.0,1.0,622.0,1.0,7464,12,68,1,P05_p5n2380,12
622.0,1.0,622.0,1.0,7464,12,73,1,P01_p1n462,12
622.0,1.0,622.0,1.0,7464,12,73,1,P05_p5n2381,12
622.5,0.5,622.5,0.5,7470,6,36,5,P05_p5n2383,12
622.5,0.5,622.5,0.5,7470,6,48,5,P05_p5n2384,12
622.5,0.5,622.5,0.5,7470,6,60,1,P03_p3n502,12
623.0,0.5,623.0,0.5,7476,6,36,5,P05_p5n2388,12
623.0,0.5,623.0,0.5,7476,6,48,5,P05_p5n2389,12
623.0,1.5,623.0,1.5,7476,18,61,1,P03_p3n503,12
623.0,1.0,623.0,1.0,7476,12,63,1,P05_p5n2385,12
623.0,1.0,623.0,1.0,7476,12,63,1,P02_p2n558,12
623.0,1.0,623.0,1.0,7476,12,67,1,P05_p5n2386,12
623.0,1.0,623.0,1.0,7476,12,71,1,P01_p1n463,12
623.0,1.0,623.0,1.0,7476,12,71,1,P05_p5n2387,12
623.5,0.5,623.5,0.5,7482,6,36,5,P05_p5n2390,12
623.5,0.5,623.5,0.5,7482,6,48,5,P05_p5n2391,12
623.5,0.25,623.5,0.25,7482,3,55,1,P04_p4n522,12
623.75,0.25,623.75,0.25,7485,3,53,1,P04_p4n523,12
624.0,0.5,624.0,0.5,7488,6,55,1,P04_p4n524,12
624.0,1.5,624.0,1.5,7488,18,60,1,P05_p5n2392,12
624.0,1.5,624.0,1.5,7488,18,68,1,P05_p5n2393,12
624.0,1.5,624.0,1.5,7488,18,68,1,P02_p2n559,12
624.0,1.5,624.0,1.5,7488,18,72,1,P01_p1n464,12
624.0,1.5,624.0,1.5,7488,18,72,1,P05_p5n2394,12
624.5,0.5,624.5,0.5,7494,6,36,5,P05_p5n2396,12
624.5,0.5,624.5,0.5,7494,6,48,1,P04_p4n525,12
624.5,0.5,624.5,0.5,7494,6,48,5,P05_p5n2397,12
624.5,0.25,624.5,0.25,7494,3,60,1,P03_p3n505,12
624.75,0.25,624.75,0.25,7497,3,58,1,P03_p3n506,12
625.0,0.5,625.0,0.5,7500,6,36,5,P05_p5n2398,12
625.0,0.5,625.0,0.5,7500,6,48,5,P05_p5n2399,12
625.0,1.5,625.0,1.5,7500,18,53,1,P04_p4n526,12
625.0,0.5,625.0,0.5,7500,6,60,1,P03_p3n507,12
625.5,0.5,625.5,0.5,7506,6,36,5,P05_p5n2403,12
625.5,0.5,625.5,0.5,7506,6,48,5,P05_p5n2404,12
625.5,0.5,625.5,0.5,7506,6,56,1,P03_p3n508,12
625.5,0.5,625.5,0.5,7506,6,60,1,P05_p5n2400,12
625.5,0.5,625.5,0.5,7506,6,68,1,P05_p5n2401,12
625.5,0.5,625.5,0.5,7506,6,68,1,P02_p2n560,12
625.5,0.5,625.5,0.5,7506,6,72,1,P01_p1n465,12
625.5,0.5,625.5,0.5,7506,6,72,1,P05_p5n2402,12
626.0,0.5,626.0,0.5,7512,6,60,1,P03_p3n509,12
626.0,1.0,626.0,1.0,7512,12,60,1,P05_p5n2405,12
626.0,1.0,626.0,1.0,7512,12,68,1,P05_p5n2406,12
626.0,1.0,626.0,1.0,7512,12,68,1,P02_p2n561,12
626.0,1.0,626.0,1.0,7512,12,72,1,P05_p5n2407,12
626.0,1.0,626.0,1.0,7512,12,72,1,P01_p1n466,12
626.5,0.5,626.5,0.5,7518,6,31,5,P05_p5n2409,12
626.5,0.5,626.5,0.5,7518,6,43,5,P05_p5n2410,12
626.5,0.25,626.5,0.25,7518,3,51,1,P04_p4n528,12
626.5,0.25,626.5,0.25,7518,3,59,1,P03_p3n510,12
626.75,0.25,626.75,0.25,7521,3,53,1,P04_p4n529,12
626.75,0.25,626.75,0.25,7521,3,60,1,P03_p3n511,12
627.0,0.5,627.0,0.5,7524,6,31,5,P05_p5n2414,12
627.0,0.5,627.0,0.5,7524,6,43,5,P05_p5n2415,12
627.0,1.0,627.0,1.0,7524,12,55,1,P04_p4n530,12
627.0,1.0,627.0,1.0,7524,12,59,1,P05_p5n2411,12
627.0,1.0,627.0,1.0,7524,12,62,1,P03_p3n512,12
627.0,1.0,627.0,1.0,7524,12,67,1,P02_p2n562,12
627.0,1.0,627.0,1.0,7524,12,67,1,P05_p5n2412,12
627.0,1.0,627.0,1.0,7524,12,71,1,P01_p1n467,12
627.0,1.0,627.0,1.0,7524,12,71,1,P05_p5n2413,12
627.5,0.5,627.5,0.5,7530,6,31,5,P05_p5n2416,12
627.5,0.5,627.5,0.5,7530,6,43,5,P05_p5n2417,12
628.0,0.75,628.0,0.75,7536,9,48,5,P05_p5n2421,12
628.0,0.75,628.0,0.75,7536,9,60,1,P04_p4n531,12
628.0,1.5,628.0,1.5,7536,18,60,1,P05_p5n2418,12
628.0,1.5,628.0,1.5,7536,18,63,1,P05_p5n2419,12
628.0,1.5,628.0,1.5,7536,18,67,1,P05_p5n2420,12
628.0,0.75,628.0,0.75,7536,9,72,1,P02_p2n563,12
628.5,1.0,628.5,1.0,7542,12,60,1,P03_p3n514,12
628.5,1.0,628.5,1.0,7542,12,72,1,P01_p1n469,12
628.75,0.25,628.75,0.25,7545,3,48,5,P05_p5n2422,12
628.75,0.25,628.75,0.25,7545,3,60,1,P04_p4n532,12
628.75,0.25,628.75,0.25,7545,3,72,1,P02_p2n564,12
629.0,0.5,629.0,0.5,7548,6,47,5,P05_p5n2423,12
629.0,0.5,629.0,0.5,7548,6,59,1,P04_p4n533,12
629.0,0.5,629.0,0.5,7548,6,71,1,P02_p2n565,12
629.5,0.5,629.5,0.5,7554,6,47,5,P05_p5n2427,12
629.5,0.5,629.5,0.5,7554,6,59,1,P04_p4n534,12
629.5,0.25,629.5,0.25,7554,3,59,1,P03_p3n515,12
629.5,1.5,629.5,1.5,7554,18,60,1,P05_p5n2424,12
629.5,1.5,629.5,1.5,7554,18,63,1,P05_p5n2425,12
629.5,1.5,629.5,1.5,7554,18,67,1,P05_p5n2426,12
629.5,0.25,629.5,0.25,7554,3,71,1,P01_p1n470,12
629.5,0.5,629.5,0.5,7554,6,71,1,P02_p2n566,12
629.75,0.25,629.75,0.25,7557,3,60,1,P03_p3n516,12
629.75,0.25,629.75,0.25,7557,3,72,1,P01_p1n471,12
630.0,1.0,630.0,1.0,7560,12,46,5,P05_p5n2428,12
630.0,1.0,630.0,1.0,7560,12,58,1,P04_p4n535,12
630.0,1.5,630.0,1.5,7560,18,62,1,P03_p3n517,12
630.0,1.0,630.0,1.0,7560,12,70,1,P02_p2n567,12
630.0,1.5,630.0,1.5,7560,18,74,1,P01_p1n472,12
631.0,1.0,631.0,1.0,7572,12,45,5,P05_p5n2432,12
631.0,1.0,631.0,1.0,7572,12,57,1,P04_p4n536,12
631.0,1.0,631.0,1.0,7572,12,60,1,P05_p5n2429,12
631.0,1.0,631.0,1.0,7572,12,63,1,P05_p5n2430,12
631.0,1.0,631.0,1.0,7572,12,67,1,P05_p5n2431,12
631.0,1.0,631.0,1.0,7572,12,69,1,P02_p2n568,12
631.5,0.25,631.5,0.25,7578,3,60,1,P03_p3n518,12
631.5,0.25,631.5,0.25,7578,3,72,1,P01_p1n473,12
631.75,0.25,631.75,0.25,7581,3,62,1,P03_p3n519,12
631.75,0.25,631.75,0.25,7581,3,74,1,P01_p1n474,12
632.0,0.75,632.0,0.75,7584,9,44,5,P05_p5n2436,12
632.0,0.75,632.0,0.75,7584,9,56,1,P04_p4n537,12
632.0,1.0,632.0,1.0,7584,12,60,1,P05_p5n2433,12
632.0,0.25,632.0,0.25,7584,3,63,1,P03_p3n520,12
632.0,1.0,632.0,1.0,7584,12,67,1,P05_p5n2434,12
632.0,0.75,632.0,0.75,7584,9,68,1,P02_p2n569,12
632.0,1.0,632.0,1.0,7584,12,72,1,P05_p5n2435,12
632.0,0.25,632.0,0.25,7584,3,75,1,P01_p1n475,12
632.25,0.25,632.25,0.25,7587,3,62,1,P03_p3n521,12
632.25,0.25,632.25,0.25,7587,3,74,1,P01_p1n476,12
632.5,1.0,632.5,1.0,7590,12,63,1,P03_p3n522,12
632.5,1.0,632.5,1.0,7590,12,75,1,P01_p1n477,12
632.75,0.25,632.75,0.25,7593,3,44,5,P05_p5n2437,12
632.75,0.25,632.75,0.25,7593,3,56,1,P04_p4n538,12
632.75,0.25,632.75,0.25,7593,3,68,1,P02_p2n570,12
633.0,0.5,633.0,0.5,7596,6,43,5,P05_p5n2441,12
633.0,0.5,633.0,0.5,7596,6,55,1,P04_p4n539,12
633.0,1.0,633.0,1.0,7596,12,58,1,P05_p5n2438,12
633.0,1.0,633.0,1.0,7596,12,65,1,P05_p5n2439,12
633.0,0.5,633.0,0.5,7596,6,67,1,P02_p2n571,12
633.0,1.0,633.0,1.0,7596,12,70,1,P05_p5n2440,12
633.5,0.5,633.5,0.5,7602,6,43,5,P05_p5n2442,12
633.5,0.5,633.5,0.5,7602,6,55,1,P04_p4n540,12
633.5,0.5,633.5,0.5,7602,6,60,1,P03_p3n523,12
633.5,0.5,633.5,0.5,7602,6,67,1,P02_p2n572,12
633.5,0.5,633.5,0.5,7602,6,72,1,P01_p1n478,12
634.0,1.0,634.0,1.0,7608,12,41,5,P05_p5n2446,12
634.0,1.0,634.0,1.0,7608,12,53,1,P04_p4n541,12
634.0,2.0,634.0,2.0,7608,24,56,1,P05_p5n2443,12
634.0,1.5,634.0,1.5,7608,18,63,1,P03_p3n524,12
634.0,1.0,634.0,1.0,7608,12,63,2,P05_p5n2445,12
634.0,2.0,634.0,2.0,7608,24,68,1,P05_p5n2444,12
634.0,1.0,634.0,1.0,7608,12,68,1,P02_p2n573,12
634.0,1.5,634.0,1.5,7608,18,80,1,P01_p1n479,12
635.0,1.0,635.0,1.0,7620,12,34,5,P05_p5n2448,12
635.0,1.0,635.0,1.0,7620,12,46,1,P04_p4n542,12
635.0,1.0,635.0,1.0,7620,12,62,2,P05_p5n2447,12
635.0,1.0,635.0,1.0,7620,12,68,1,P02_p2n574,12
635.5,0.25,635.5,0.25,7626,3,62,1,P03_p3n525,12
635.5,0.25,635.5,0.25,7626,3,79,1,P01_p1n480,12
635.75,0.25,635.75,0.25,7629,3,60,1,P03_p3n526,12
635.75,0.25,635.75,0.25,7629,3,77,1,P01_p1n481,12
636.0,0.75,636.0,0.75,7632,9,39,5,P05_p5n2452,12
636.0,0.75,636.0,0.75,7632,9,51,1,P04_p4n543,12
636.0,1.0,636.0,1.0,7632,12,55,1,P05_p5n2449,12
636.0,1.0,636.0,1.0,7632,12,62,1,P05_p5n2450,12
636.0,0.5,636.0,0.5,7632,6,62,1,P03_p3n527,12
636.0,1.0,636.0,1.0,7632,12,67,1,P05_p5n2451,12
636.0,0.75,636.0,0.75,7632,9,70,1,P02_p2n575,12
636.0,0.5,636.0,0.5,7632,6,79,1,P01_p1n482,12
636.5,0.5,636.5,0.5,7638,6,55,1,P03_p3n528,12
636.5,0.5,636.5,0.5,7638,6,72,1,P01_p1n483,12
636.75,0.25,636.75,0.25,7641,3,39,5,P05_p5n2453,12
636.75,0.25,636.75,0.25,7641,3,51,1,P04_p4n544,12
636.75,0.25,636.75,0.25,7641,3,67,1,P02_p2n576,12
637.0,0.5,637.0,0.5,7644,6,38,5,P05_p5n2457,12
637.0,0.5,637.0,0.5,7644,6,50,1,P04_p4n545,12
637.0,1.0,637.0,1.0,7644,12,56,1,P05_p5n2454,12
637.0,1.5,637.0,1.5,7644,18,60,1,P03_p3n529,12
637.0,1.0,637.0,1.0,7644,12,60,1,P05_p5n2455,12
637.0,1.0,637.0,1.0,7644,12,65,1,P05_p5n2456,12
637.0,0.5,637.0,0.5,7644,6,68,1,P02_p2n577,12
637.0,1.5,637.0,1.5,7644,18,77,1,P01_p1n484,12
637.5,0.5,637.5,0.5,7650,6,38,5,P05_p5n2458,12
637.5,0.5,637.5,0.5,7650,6,50,1,P04_p4n546,12
637.5,0.5,637.5,0.5,7650,6,65,1,P02_p2n578,12
638.0,1.0,638.0,1.0,7656,12,36,5,P05_p5n2462,12
638.0,1.0,638.0,1.0,7656,12,48,1,P04_p4n547,12
638.0,1.0,638.0,1.0,7656,12,58,1,P05_p5n2459,12
638.0,1.0,638.0,1.0,7656,12,63,1,P05_p5n2460,12
638.0,1.0,638.0,1.0,7656,12,67,1,P05_p5n2461,12
638.0,1.0,638.0,1.0,7656,12,67,1,P02_p2n579,12
638.5,0.25,638.5,0.25,7662,3,58,1,P03_p3n531,12
638.5,0.25,638.5,0.25,7662,3,75,1,P01_p1n486,12
638.75,0.25,638.75,0.25,7665,3,56,1,P03_p3n532,12
638.75,0.25,638.75,0.25,7665,3,74,1,P01_p1n487,12
639.0,0.5,639.0,0.5,7668,6,34,5,P05_p5n2466,12
639.0,0.5,639.0,0.5,7668,6,46,1,P04_p4n548,12
639.0,1.0,639.0,1.0,7668,12,58,1,P03_p3n533,12
639.0,1.0,639.0,1.0,7668,12,61,1,P05_p5n2463,12
639.0,1.0,639.0,1.0,7668,12,63,1,P05_p5n2464,12
639.0,1.0,639.0,1.0,7668,12,67,1,P05_p5n2465,12
639.0,1.0,639.0,1.0,7668,12,67,1,P02_p2n580,12
639.0,1.0,639.0,1.0,7668,12,75,1,P01_p1n488,12
639.5,0.5,639.5,0.5,7674,6,34,5,P05_p5n2467,12
639.5,0.5,639.5,0.5,7674,6,46,1,P04_p4n549,12
640.0,2.0,640.0,2.0,7680,24,33,5,P05_p5n2471,12
640.0,2.0,640.0,2.0,7680,24,45,1,P04_p4n550,12
640.0,2.0,640.0,2.0,7680,24,45,5,P05_p5n2472,12
640.0,2.0,640.0,2.0,7680,24,60,1,P05_p5n2468,12
640.0,2.0,640.0,2.0,7680,24,63,1,P05_p5n2469,12
640.0,2.0,640.0,2.0,7680,24,67,1,P05_p5n2470,12
640.5,1.0,640.5,1.0,7686,12,55,1,P03_p3n535,12
640.5,1.0,640.5,1.0,7686,12,63,1,P02_p2n582,12
640.5,1.0,640.5,1.0,7686,12,72,1,P01_p1n490,12
641.5,0.25,641.5,0.25,7698,3,54,1,P03_p3n536,12
641.5,0.25,641.5,0.25,7698,3,62,1,P02_p2n583,12
641.5,0.25,641.5,0.25,7698,3,71,1,P01_p1n491,12
641.75,0.25,641.75,0.25,7701,3,55,1,P03_p3n537,12
641.75,0.25,641.75,0.25,7701,3,63,1,P02_p2n584,12
641.75,0.25,641.75,0.25,7701,3,72,1,P01_p1n492,12
642.0,1.0,642.0,1.0,7704,12,32,5,P05_p5n2475,12
642.0,1.0,642.0,1.0,7704,12,44,1,P04_p4n551,12
642.0,1.0,642.0,1.0,7704,12,44,5,P05_p5n2476,12
642.0,1.0,642.0,1.0,7704,12,60,1,P03_p3n538,12
642.0,1.0,642.0,1.0,7704,12,60,1,P05_p5n2473,12
642.0,1.5,642.0,1.5,7704,18,65,1,P02_p2n585,12
642.0,1.0,642.0,1.0,7704,12,66,1,P05_p5n2474,12
642.0,1.5,642.0,1.5,7704,18,74,1,P01_p1n493,12
643.0,1.0,643.0,1.0,7716,12,31,5,P05_p5n2479,12
643.0,1.0,643.0,1.0,7716,12,43,5,P05_p5n2480,12
643.0,1.0,643.0,1.0,7716,12,43,1,P04_p4n552,12
643.0,1.0,643.0,1.0,7716,12,59,1,P03_p3n539,12
643.0,1.0,643.0,1.0,7716,12,59,1,P05_p5n2477,12
643.0,1.0,643.0,1.0,7716,12,65,1,P05_p5n2478,12
643.5,0.25,643.5,0.25,7722,3,67,1,P02_p2n586,12
643.5,0.25,643.5,0.25,7722,3,75,1,P01_p1n494,12
643.75,0.25,643.75,0.25,7725,3,68,1,P02_p2n587,12
643.75,0.25,643.75,0.25,7725,3,77,1,P01_p1n495,12
644.0,1.0,644.0,1.0,7728,12,36,5,P05_p5n2483,12
644.0,3.5,644.0,3.5,7728,42,48,1,P04_p4n553,12
644.0,3.5,644.0,3.5,7728,42,60,1,P03_p3n540,12
644.0,1.0,644.0,1.0,7728,12,60,1,P05_p5n2481,12
644.0,1.0,644.0,1.0,7728,12,63,1,P05_p5n2482,12
644.0,0.25,644.0,0.25,7728,3,67,1,P02_p2n588,12
644.0,0.25,644.0,0.25,7728,3,75,1,P01_p1n496,12
644.25,0.25,644.25,0.25,7731,3,65,1,P02_p2n589,12
644.25,0.25,644.25,0.25,7731,3,74,1,P01_p1n497,12
644.5,3.0,644.5,3.0,7734,36,63,1,P02_p2n590,12
644.5,3.0,644.5,3.0,7734,36,72,1,P01_p1n498,12
645.0,3.0,645.0,3.0,7740,36,84,1,P05_p5n2484,12
648.0,1.0,648.0,1.0,7776,12,48,5,P05_p5n2488,12
648.5,1.0,648.5,1.0,7782,12,48,1,P04_p4n557,12
648.5,1.0,648.5,1.0,7782,12,55,1,P03_p3n544,12
648.5,1.0,648.5,1.0,7782,12,63,1,P02_p2n595,12
648.5,1.0,648.5,1.0,7782,12,72,1,P05_p5n2489,12
648.5,1.0,648.5,1.0,7782,12,72,1,P01_p1n503,12
648.5,1.0,648.5,1.0,7782,12,75,1,P05_p5n2490,12
648.5,1.0,648.5,1.0,7782,12,79,1,P05_p5n2491,12
648.5,1.0,648.5,1.0,7782,12,84,1,P05_p5n2492,12
649.0,1.0,649.0,1.0,7788,12,36,5,P05_p5n2493,12
649.5,0.5,649.5,0.5,7794,6,48,1,P04_p4n558,12
649.5,0.5,649.5,0.5,7794,6,55,1,P03_p3n545,12
649.5,0.5,649.5,0.5,7794,6,63,1,P02_p2n596,12
649.5,0.5,649.5,0.5,7794,6,72,1,P05_p5n2494,12
649.5,0.5,649.5,0.5,7794,6,72,1,P01_p1n504,12
649.5,0.5,649.5,0.5,7794,6,75,1,P05_p5n2495,12
649.5,0.5,649.5,0.5,7794,6,79,1,P05_p5n2496,12
649.5,0.5,649.5,0.5,7794,6,84,1,P05_p5n2497,12
650.0,2.0,650.0,2.0,7800,24,48,1,P04_p4n559,12
650.0,1.0,650.0,1.0,7800,12,48,5,P05_p5n2502,12
650.0,2.0,650.0,2.0,7800,24,55,1,P03_p3n546,12
650.0,2.0,650.0,2.0,7800,24,63,1,P02_p2n597,12
650.0,2.0,650.0,2.0,7800,24,72,1,P05_p5n2498,12
650.0,2.0,650.0,2.0,7800,24,72,1,P01_p1n505,12
650.0,2.0,650.0,2.0,7800,24,75,1,P05_p5n2499,12
650.0,2.0,650.0,2.0,7800,24,79,1,P05_p5n2500,12
650.0,2.0,650.0,2.0,7800,24,84,1,P05_p5n2501,12
651.0,1.0,651.0,1.0,7812,12,36,5,P05_p5n2503,12
652.0,1.0,652.0,1.0,7824,12,48,5,P05_p5n2505,12
652.5,1.0,652.5,1.0,7830,12,48,1,P04_p4n561,12
652.5,1.0,652.5,1.0,7830,12,56,1,P03_p3n548,12
652.5,1.0,652.5,1.0,7830,12,65,1,P02_p2n599,12
652.5,1.0,652.5,1.0,7830,12,72,1,P01_p1n507,12
652.5,1.0,652.5,1.0,7830,12,72,1,P05_p5n2506,12
652.5,1.0,652.5,1.0,7830,12,77,1,P05_p5n2507,12
652.5,1.0,652.5,1.0,7830,12,80,1,P05_p5n2508,12
652.5,1.0,652.5,1.0,7830,12,84,1,P05_p5n2509,12
653.0,1.0,653.0,1.0,7836,12,36,5,P05_p5n2510,12
653.5,1.0,653.5,1.0,7842,12,48,1,P04_p4n562,12
653.5,1.0,653.5,1.0,7842,12,56,1,P03_p3n549,12
653.5,1.0,653.5,1.0,7842,12,65,1,P02_p2n600,12
653.5,1.0,653.5,1.0,7842,12,72,1,P01_p1n508,12
653.5,1.0,653.5,1.0,7842,12,72,1,P05_p5n2511,12
653.5,1.0,653.5,1.0,7842,12,77,1,P05_p5n2512,12
653.5,1.0,653.5,1.0,7842,12,80,1,P05_p5n2513,12
653.5,1.0,653.5,1.0,7842,12,84,1,P05_p5n2514,12
654.0,1.0,654.0,1.0,7848,12,48,5,P05_p5n2519,12
654.5,0.5,654.5,0.5,7854,6,48,1,P04_p4n564,12
654.5,0.5,654.5,0.5,7854,6,56,1,P03_p3n551,12
654.5,0.5,654.5,0.5,7854,6,65,1,P02_p2n602,12
654.5,0.5,654.5,0.5,7854,6,72,1,P01_p1n510,12
654.5,0.5,654.5,0.5,7854,6,72,1,P05_p5n2520,12
654.5,0.5,654.5,0.5,7854,6,77,1,P05_p5n2521,12
654.5,0.5,654.5,0.5,7854,6,80,1,P05_p5n2522,12
654.5,0.5,654.5,0.5,7854,6,84,1,P05_p5n2523,12
655.0,1.0,655.0,1.0,7860,12,36,5,P05_p5n2528,12
655.0,1.0,655.0,1.0,7860,12,48,1,P04_p4n565,12
655.0,1.0,655.0,1.0,7860,12,56,1,P03_p3n552,12
655.0,1.0,655.0,1.0,7860,12,65,1,P02_p2n603,12
655.0,1.0,655.0,1.0,7860,12,72,1,P01_p1n511,12
655.0,1.0,655.0,1.0,7860,12,72,1,P05_p5n2524,12
655.0,1.0,655.0,1.0,7860,12,77,1,P05_p5n2525,12
655.0,1.0,655.0,1.0,7860,12,80,1,P05_p5n2526,12
655.0,1.0,655.0,1.0,7860,12,84,1,P05_p5n2527,12
656.0,1.0,656.0,1.0,7872,12,48,5,P05_p5n2530,12
656.5,1.0,656.5,1.0,7878,12,48,1,P04_p4n567,12
656.5,1.0,656.5,1.0,7878,12,62,1,P03_p3n554,12
656.5,1.0,656.5,1.0,7878,12,68,1,P02_p2n605,12
656.5,1.0,656.5,1.0,7878,12,72,1,P01_p1n513,12
656.5,1.0,656.5,1.0,7878,12,74,1,P05_p5n2531,12
656.5,1.0,656.5,1.0,7878,12,77,1,P05_p5n2532,12
656.5,1.0,656.5,1.0,7878,12,80,1,P05_p5n2533,12
656.5,1.0,656.5,1.0,7878,12,84,1,P05_p5n2534,12
657.0,1.0,657.0,1.0,7884,12,36,5,P05_p5n2535,12
657.5,0.5,657.5,0.5,7890,6,48,1,P04_p4n568,12
657.5,0.5,657.5,0.5,7890,6,62,1,P03_p3n555,12
657.5,0.5,657.5,0.5,7890,6,68,1,P02_p2n606,12
657.5,0.5,657.5,0.5,7890,6,72,1,P01_p1n514,12
657.5,0.5,657.5,0.5,7890,6,74,1,P05_p5n2536,12
657.5,0.5,657.5,0.5,7890,6,77,1,P05_p5n2537,12
657.5,0.5,657.5,0.5,7890,6,80,1,P05_p5n2538,12
657.5,0.5,657.5,0.5,7890,6,84,1,P05_p5n2539,12
658.0,2.0,658.0,2.0,7896,24,48,1,P04_p4n569,12
658.0,1.0,658.0,1.0,7896,12,48,5,P05_p5n2544,12
658.0,2.0,658.0,2.0,7896,24,62,1,P03_p3n556,12
658.0,2.0,658.0,2.0,7896,24,68,1,P02_p2n607,12
658.0,2.0,658.0,2.0,7896,24,72,1,P01_p1n515,12
658.0,2.0,658.0,2.0,7896,24,74,1,P05_p5n2540,12
658.0,2.0,658.0,2.0,7896,24,77,1,P05_p5n2541,12
658.0,2.0,658.0,2.0,7896,24,80,1,P05_p5n2542,12
658.0,2.0,658.0,2.0,7896,24,84,1,P05_p5n2543,12
659.0,1.0,659.0,1.0,7908,12,36,5,P05_p5n2545,12
660.0,1.0,660.0,1.0,7920,12,48,5,P05_p5n2547,12
660.5,1.0,660.5,1.0,7926,12,48,1,P04_p4n571,12
660.5,1.0,660.5,1.0,7926,12,62,1,P03_p3n558,12
660.5,1.0,660.5,1.0,7926,12,63,1,P02_p2n609,12
660.5,1.0,660.5,1.0,7926,12,72,1,P01_p1n517,12
660.5,1.0,660.5,1.0,7926,12,74,1,P05_p5n2548,12
660.5,1.0,660.5,1.0,7926,12,75,1,P05_p5n2549,12
660.5,1.0,660.5,1.0,7926,12,79,1,P05_p5n2550,12
660.5,1.0,660.5,1.0,7926,12,84,1,P05_p5n2551,12
661.0,1.0,661.0,1.0,7932,12,36,5,P05_p5n2552,12
661.5,1.0,661.5,1.0,7938,12,48,1,P04_p4n572,12
661.5,1.0,661.5,1.0,7938,12,62,1,P03_p3n559,12
661.5,1.0,661.5,1.0,7938,12,63,1,P02_p2n610,12
661.5,1.0,661.5,1.0,7938,12,72,1,P01_p1n518,12
661.5,1.0,661.5,1.0,7938,12,74,1,P05_p5n2553,12
661.5,1.0,661.5,1.0,7938,12,75,1,P05_p5n2554,12
661.5,1.0,661.5,1.0,7938,12,79,1,P05_p5n2555,12
661.5,1.0,661.5,1.0,7938,12,84,1,P05_p5n2556,12
662.0,1.0,662.0,1.0,7944,12,48,5,P05_p5n2561,12
662.5,0.5,662.5,0.5,7950,6,48,1,P04_p4n574,12
662.5,0.5,662.5,0.5,7950,6,55,1,P03_p3n561,12
662.5,0.5,662.5,0.5,7950,6,63,1,P02_p2n612,12
662.5,0.5,662.5,0.5,7950,6,72,1,P01_p1n520,12
662.5,0.5,662.5,0.5,7950,6,72,1,P05_p5n2562,12
662.5,0.5,662.5,0.5,7950,6,75,1,P05_p5n2563,12
662.5,0.5,662.5,0.5,7950,6,79,1,P05_p5n2564,12
662.5,0.5,662.5,0.5,7950,6,84,1,P05_p5n2565,12
663.0,1.0,663.0,1.0,7956,12,36,5,P05_p5n2570,12
663.0,1.0,663.0,1.0,7956,12,48,1,P04_p4n575,12
663.0,1.0,663.0,1.0,7956,12,55,1,P03_p3n562,12
663.0,1.0,663.0,1.0,7956,12,63,1,P02_p2n613,12
663.0,1.0,663.0,1.0,7956,12,72,1,P05_p5n2566,12
663.0,1.0,663.0,1.0,7956,12,72,1,P01_p1n521,12
663.0,1.0,663.0,1.0,7956,12,75,1,P05_p5n2567,12
663.0,1.0,663.0,1.0,7956,12,79,1,P05_p5n2568,12
663.0,1.0,663.0,1.0,7956,12,84,1,P05_p5n2569,12
664.0,3.0,664.0,3.0,7968,36,36,5,P05_p5n2574,12
664.0,3.0,664.0,3.0,7968,36,48,5,P05_p5n2575,12
664.0,3.0,664.0,3.0,7968,36,60,1,P05_p5n2571,12
664.0,3.0,664.0,3.0,7968,36,63,1,P05_p5n2572,12
664.0,3.0,664.0,3.0,7968,36,67,1,P05_p5n2573,12
664.5,1.0,664.5,1.0,7974,12,48,1,P04_p4n577,12
664.5,1.0,664.5,1.0,7974,12,55,1,P03_p3n564,12
664.5,1.0,664.5,1.0,7974,12,63,1,P02_p2n615,12
664.5,1.0,664.5,1.0,7974,12,67,1,P01_p1n523,12
665.5,0.5,665.5,0.5,7986,6,48,1,P04_p4n578,12
665.5,0.5,665.5,0.5,7986,6,55,1,P03_p3n565,12
665.5,0.5,665.5,0.5,7986,6,63,1,P02_p2n616,12
665.5,0.5,665.5,0.5,7986,6,67,1,P01_p1n524,12
666.0,2.0,666.0,2.0,7992,24,48,1,P04_p4n579,12
666.0,2.0,666.0,2.0,7992,24,55,1,P03_p3n566,12
666.0,2.0,666.0,2.0,7992,24,63,1,P02_p2n617,12
666.0,2.0,666.0,2.0,7992,24,67,1,P01_p1n525,12
667.0,1.0,667.0,1.0,8004,12,36,5,P05_p5n2579,12
667.0,1.0,667.0,1.0,8004,12,48,5,P05_p5n2580,12
667.0,1.0,667.0,1.0,8004,12,60,1,P05_p5n2576,12
667.0,1.0,667.0,1.0,8004,12,63,1,P05_p5n2577,12
667.0,1.0,667.0,1.0,8004,12,67,1,P05_p5n2578,12
668.0,7.0,668.0,7.0,8016,84,36,5,P05_p5n2584,12
668.0,7.0,668.0,7.0,8016,84,48,5,P05_p5n2585,12
668.0,4.0,668.0,4.0,8016,48,57,1,P05_p5n2581,12
668.0,4.0,668.0,4.0,8016,48,62,1,P05_p5n2582,12
668.0,4.0,668.0,4.0,8016,48,66,1,P05_p5n2583,12
668.5,1.0,668.5,1.0,8022,12,48,1,P04_p4n581,12
668.5,1.0,668.5,1.0,8022,12,57,1,P03_p3n568,12
668.5,1.0,668.5,1.0,8022,12,62,1,P02_p2n619,12
668.5,1.0,668.5,1.0,8022,12,66,1,P01_p1n527,12
669.5,1.0,669.5,1.0,8034,12,48,1,P04_p4n582,12
669.5,1.0,669.5,1.0,8034,12,57,1,P03_p3n569,12
669.5,1.0,669.5,1.0,8034,12,62,1,P02_p2n620,12
669.5,1.0,669.5,1.0,8034,12,66,1,P01_p1n528,12
670.5,0.5,670.5,0.5,8046,6,48,1,P04_p4n584,12
670.5,0.5,670.5,0.5,8046,6,57,1,P03_p3n571,12
670.5,0.5,670.5,0.5,8046,6,62,1,P02_p2n622,12
670.5,0.5,670.5,0.5,8046,6,66,1,P01_p1n530,12
671.0,1.0,671.0,1.0,8052,12,48,1,P04_p4n585,12
671.0,1.0,671.0,1.0,8052,12,57,1,P03_p3n572,12
671.0,1.0,671.0,1.0,8052,12,62,1,P02_p2n623,12
671.0,1.0,671.0,1.0,8052,12,66,1,P01_p1n531,12
672.0,3.0,672.0,3.0,8064,36,56,1,P05_p5n2586,12
672.0,3.0,672.0,3.0,8064,36,61,1,P05_p5n2587,12
672.0,3.0,672.0,3.0,8064,36,65,1,P05_p5n2588,12
672.5,1.0,672.5,1.0,8070,12,48,1,P04_p4n587,12
672.5,1.0,672.5,1.0,8070,12,56,1,P03_p3n574,12
672.5,1.0,672.5,1.0,8070,12,61,1,P02_p2n625,12
672.5,1.0,672.5,1.0,8070,12,65,1,P01_p1n533,12
673.5,0.5,673.5,0.5,8082,6,48,1,P04_p4n588,12
673.5,0.5,673.5,0.5,8082,6,56,1,P03_p3n575,12
673.5,0.5,673.5,0.5,8082,6,61,1,P02_p2n626,12
673.5,0.5,673.5,0.5,8082,6,65,1,P01_p1n534,12
674.0,1.0,674.0,1.0,8088,12,48,1,P04_p4n589,12
674.0,1.0,674.0,1.0,8088,12,56,1,P03_p3n576,12
674.0,1.0,674.0,1.0,8088,12,61,1,P02_p2n627,12
674.0,1.0,674.0,1.0,8088,12,65,1,P01_p1n535,12
675.0,1.0,675.0,1.0,8100,12,36,5,P05_p5n2594,12
675.0,1.0,675.0,1.0,8100,12,48,1,P04_p4n590,12
675.0,1.0,675.0,1.0,8100,12,48,5,P05_p5n2595,12
675.0,1.0,675.0,1.0,8100,12,56,1,P05_p5n2591,12
675.0,1.0,675.0,1.0,8100,12,56,1,P03_p3n577,12
675.0,1.0,675.0,1.0,8100,12,61,1,P02_p2n628,12
675.0,1.0,675.0,1.0,8100,12,61,1,P05_p5n2592,12
675.0,1.0,675.0,1.0,8100,12,65,1,P05_p5n2593,12
675.0,1.0,675.0,1.0,8100,12,65,1,P01_p1n536,12
676.0,1.0,676.0,1.0,8112,12,36,5,P05_p5n2599,12
676.0,2.0,676.0,2.0,8112,24,48,1,P04_p4n591,12
676.0,1.0,676.0,1.0,8112,12,48,5,P05_p5n2600,12
676.0,2.0,676.0,2.0,8112,24,55,1,P03_p3n578,12
676.0,7.0,676.0,7.0,8112,84,55,1,P05_p5n2596,12
676.0,7.0,676.0,7.0,8112,84,60,1,P05_p5n2597,12
676.0,2.0,676.0,2.0,8112,24,60,1,P02_p2n629,12
676.0,7.0,676.0,7.0,8112,84,63,1,P05_p5n2598,12
676.0,2.0,676.0,2.0,8112,24,63,1,P01_p1n537,12
677.0,1.0,677.0,1.0,8124,12,36,5,P05_p5n2601,12
677.0,1.0,677.0,1.0,8124,12,48,5,P05_p5n2602,12
678.0,1.0,678.0,1.0,8136,12,36,5,P05_p5n2603,12
678.0,5.0,678.0,5.0,8136,60,48,1,P04_p4n592,12
678.0,1.0,678.0,1.0,8136,12,48,5,P05_p5n2604,12
678.0,5.0,678.0,5.0,8136,60,55,1,P03_p3n579,12
678.0,5.0,678.0,5.0,8136,60,60,1,P02_p2n630,12
678.0,5.0,678.0,5.0,8136,60,63,1,P01_p1n538,12
679.0,1.0,679.0,1.0,8148,12,36,5,P05_p5n2605,12
679.0,1.0,679.0,1.0,8148,12,48,5,P05_p5n2606,12
680.0,1.0,680.0,1.0,8160,12,36,5,P05_p5n2610,12
680.0,1.0,680.0,1.0,8160,12,48,5,P05_p5n2611,12
681.0,1.0,681.0,1.0,8172,12,36,5,P05_p5n2612,12
681.0,1.0,681.0,1.0,8172,12,48,5,P05_p5n2613,12
682.0,1.0,682.0,1.0,8184,12,36,5,P05_p5n2614,12
682.0,1.0,682.0,1.0,8184,12,48,5,P05_p5n2615,12
683.0,1.0,683.0,1.0,8196,12,46,5,P05_p5n2618,12
683.0,1.0,683.0,1.0,8196,12,46,1,P04_p4n594,12
683.0,1.0,683.0,1.0,8196,12,55,1,P03_p3n581,12
683.0,0.5,683.0,0.5,8196,6,62,1,P05_p5n2616,12
683.0,0.5,683.0,0.5,8196,6,62,1,P02_p2n632,12
683.0,0.5,683.0,0.5,8196,6,65,1,P05_p5n2617,12
683.0,0.5,683.0,0.5,8196,6,65,1,P01_p1n540,12
683.5,0.5,683.5,0.5,8202,6,63,1,P05_p5n2619,12
683.5,0.5,683.5,0.5,8202,6,63,1,P02_p2n633,12
683.5,0.5,683.5,0.5,8202,6,67,1,P05_p5n2620,12
683.5,0.5,683.5,0.5,8202,6,67,1,P01_p1n541,12
684.0,4.0,684.0,4.0,8208,48,44,6,P05_p5n2624,12
684.0,3.0,684.0,3.0,8208,36,44,1,P04_p4n595,12
684.0,2.0,684.0,2.0,8208,24,54,1,P03_p3n582,12
684.0,2.0,684.0,2.0,8208,24,54,5,P05_p5n2623,12
684.0,1.0,684.0,1.0,8208,12,60,1,P05_p5n2621,12
684.0,1.0,684.0,1.0,8208,12,60,1,P02_p2n634,12
684.0,1.0,684.0,1.0,8208,12,68,1,P01_p1n542,12
684.0,1.0,684.0,1.0,8208,12,68,1,P05_p5n2622,12
685.0,1.0,685.0,1.0,8220,12,66,1,P05_p5n2625,12
685.0,1.0,685.0,1.0,8220,12,66,1,P02_p2n635,12
685.0,1.0,685.0,1.0,8220,12,75,1,P05_p5n2626,12
685.0,1.0,685.0,1.0,8220,12,75,1,P01_p1n543,12
686.0,1.0,686.0,1.0,8232,12,56,1,P03_p3n583,12
686.0,1.0,686.0,1.0,8232,12,56,5,P05_p5n2629,12
686.0,1.0,686.0,1.0,8232,12,65,1,P02_p2n636,12
686.0,1.0,686.0,1.0,8232,12,65,1,P05_p5n2627,12
686.0,1.0,686.0,1.0,8232,12,74,1,P01_p1n544,12
686.0,1.0,686.0,1.0,8232,12,74,1,P05_p5n2628,12
687.0,1.0,687.0,1.0,8244,12,44,1,P04_p4n596,12
687.0,1.0,687.0,1.0,8244,12,54,5,P05_p5n2632,12
687.0,1.0,687.0,1.0,8244,12,54,1,P03_p3n584,12
687.0,1.0,687.0,1.0,8244,12,63,1,P05_p5n2630,12
687.0,1.0,687.0,1.0,8244,12,63,1,P02_p2n637,12
687.0,1.0,687.0,1.0,8244,12,72,1,P05_p5n2631,12
687.0,1.0,687.0,1.0,8244,12,72,1,P01_p1n545,12
688.0,3.0,688.0,3.0,8256,36,43,1,P04_p4n597,12
688.0,4.0,688.0,4.0,8256,48,43,5,P05_p5n2635,12
688.0,3.0,688.0,3.0,8256,36,55,1,P03_p3n585,12
688.0,4.0,688.0,4.0,8256,48,55,5,P05_p5n2636,12
688.0,4.0,688.0,4.0,8256,48,62,1,P05_p5n2633,12
688.0,3.0,688.0,3.0,8256,36,62,1,P02_p2n638,12
688.0,3.0,688.0,3.0,8256,36,71,1,P01_p1n546,12
688.0,4.0,688.0,4.0,8256,48,71,1,P05_p5n2634,12
