path_idx,score_frame_idx,audio_frame_idx
0,0,0
1,0,1
2,0,2
3,0,3
4,0,4
5,0,5
6,0,6
7,0,7
8,0,8
9,0,9
10,1,10
11,2,11
12,3,12
13,4,13
14,5,14
15,6,15
16,7,16
17,8,17
18,9,18
19,10,19
20,11,20
21,12,21
22,13,22
23,14,23
24,15,24
25,16,25
26,17,26
27,18,27
28,19,28
29,20,29
30,21,30
31,22,31
32,23,32
33,24,33
34,25,34
35,26,35
36,27,36
37,28,37
38,29,38
39,30,39
40,31,40
41,32,41
42,33,42
43,34,43
44,35,44
45,36,45
46,37,46
47,38,47
48,39,48
49,40,49
50,41,50
51,42,51
52,43,52
53,44,53
54,45,54
55,46,55
56,47,56
57,48,57
58,49,58
59,50,59
60,51,60
61,52,61
62,53,62
63,54,63
64,55,64
65,56,64
66,57,64
67,58,64
68,59,64
69,60,64
70,61,64
71,62,65
72,63,66
73,64,67
74,65,68
75,66,69
76,67,70
77,68,71
78,69,72
79,70,73
80,71,74
81,72,75
82,73,76
83,74,77
84,75,78
85,76,79
86,77,80
87,78,81
88,79,82
89,80,83
90,81,83
91,82,83
92,83,83
93,84,83
94,85,83
95,86,83
96,87,83
97,88,83
98,89,83
99,90,83
100,91,83
101,92,83
102,93,83
103,94,83
104,95,83
105,96,83
106,97,83
107,98,83
108,99,83
109,100,83
110,101,83
111,102,83
112,103,83
113,104,83
114,105,84
115,106,85
116,107,86
117,108,87
118,109,88
119,110,89
120,111,90
121,112,91
122,113,92
123,114,93
124,115,94
125,116,95
126,117,96
127,118,97
128,119,98
129,120,99
130,121,100
131,122,101
132,123,102
133,124,103
134,125,104
135,126,105
136,127,106
137,128,107
138,129,108
139,130,109
140,131,110
141,132,111
142,133,112
143,134,113
144,135,114
145,136,115
146,137,116
147,138,117
148,139,118
149,140,119
150,141,120
151,142,121
152,143,122
153,144,123
154,145,124
155,146,125
156,147,126
157,148,127
158,149,128
159,150,129
160,151,130
161,152,131
162,153,132
163,154,133
164,155,134
165,156,135
166,157,136
167,158,137
168,159,138
169,160,139
170,161,140
171,162,141
172,163,142
173,164,143
174,165,144
175,166,145
176,167,146
177,168,147
178,169,148
179,170,149
180,171,150
181,172,151
182,173,152
183,174,153
184,175,153
185,176,153
186,177,153
187,178,153
188,179,153
189,180,153
190,181,153
191,182,153
192,183,153
193,184,153
194,185,153
195,186,153
196,187,153
197,188,153
198,189,153
199,190,153
200,191,153
201,192,153
202,193,153
203,194,153
204,195,153
205,196,153
206,197,153
207,198,153
208,199,153
209,200,154
210,201,155
211,202,155
212,203,155
213,204,155
214,205,155
215,206,155
216,207,155
217,208,155
218,209,155
219,210,155
220,211,155
221,212,155
222,213,155
223,214,155
224,215,155
225,216,155
226,217,155
227,218,155
228,219,155
229,220,155
230,221,155
231,222,155
232,223,155
233,224,155
234,225,155
235,226,155
236,227,155
237,228,155
238,229,155
239,230,155
240,231,155
241,232,155
242,233,155
243,234,155
244,235,155
245,236,155
246,237,155
247,238,155
248,239,155
249,240,156
250,241,156
251,242,157
252,243,158
253,244,159
254,245,160
255,246,161
256,247,162
257,248,163
258,249,164
259,250,165
260,251,166
261,252,167
262,253,168
263,254,169
264,255,170
265,256,171
266,257,172
267,258,173
268,259,174
269,260,175
270,261,176
271,262,177
272,263,178
273,264,179
274,265,180
275,266,181
276,267,182
277,268,183
278,269,184
279,270,185
280,271,186
281,272,187
282,273,188
283,274,189
284,275,190
285,276,191
286,277,192
287,278,193
288,279,194
289,280,195
290,281,196
291,282,197
292,283,198
293,284,199
294,285,200
295,286,201
296,287,202
297,288,203
298,289,204
299,290,205
300,291,206
301,292,207
302,293,208
303,294,209
304,295,210
305,296,211
306,297,212
307,298,213
308,299,214
309,300,215
310,301,216
311,302,217
312,303,218
313,304,219
314,305,220
315,306,221
316,307,222
317,308,223
318,309,224
319,310,225
320,311,226
321,312,227
322,313,228
323,314,229
324,315,230
325,316,231
326,317,232
327,318,233
328,319,233
329,320,233
330,321,233
331,322,233
332,323,233
333,324,233
334,325,233
335,326,233
336,327,233
337,328,233
338,329,233
339,330,233
340,331,233
341,332,233
342,333,233
343,334,233
344,335,233
345,336,233
346,337,233
347,338,233
348,339,233
349,340,233
350,341,233
351,342,233
352,343,233
353,344,233
354,345,233
355,346,233
356,347,233
357,348,233
358,349,233
359,350,233
360,351,233
361,352,233
362,353,233
363,354,233
364,355,233
365,356,233
366,357,233
367,358,233
368,359,233
369,360,233
370,361,233
371,362,233
372,363,233
373,364,233
374,365,233
375,366,233
376,367,233
377,368,233
378,369,233
379,370,233
380,371,233
381,372,233
382,373,233
383,374,233
384,375,233
385,376,233
386,377,233
387,378,233
388,379,233
389,380,233
390,381,233
391,382,233
392,383,233
393,384,233
394,385,233
395,386,233
396,387,233
397,388,233
398,389,233
399,390,233
400,391,233
401,392,233
402,393,233
403,394,233
404,395,233
405,396,233
406,397,233
407,398,233
408,399,233
409,400,233
410,401,233
411,402,233
412,403,233
413,404,233
414,405,233
415,406,233
416,407,233
417,408,233
418,409,233
419,410,233
420,411,233
421,412,233
422,413,233
423,414,233
424,415,233
425,416,233
426,417,233
427,418,233
428,419,233
429,420,233
430,421,233
431,422,233
432,423,233
433,424,233
434,425,233
435,426,233
436,427,233
437,428,233
438,429,233
439,430,233
440,431,233
441,432,233
442,433,233
443,434,233
444,435,233
445,436,233
446,437,233
447,438,233
448,439,233
449,440,233
450,441,233
451,442,233
452,443,233
453,444,233
454,445,233
455,446,233
456,447,233
457,448,233
458,449,233
459,450,233
460,451,233
461,452,233
462,453,233
463,454,233
464,455,233
465,456,233
466,457,233
467,458,233
468,459,233
469,460,233
470,461,233
471,462,233
472,463,233
473,464,233
474,465,233
475,466,233
476,467,233
477,468,233
478,469,233
479,470,233
480,471,233
481,472,233
482,473,233
483,474,233
484,475,233
485,476,233
486,477,233
487,478,233
488,479,233
489,480,233
490,481,233
491,482,233
492,483,233
493,484,233
494,485,233
495,486,233
496,487,233
497,488,233
498,489,233
499,490,233
500,491,233
501,492,233
502,493,233
503,494,233
504,495,233
505,496,233
506,497,233
507,498,233
508,499,233
509,500,233
510,501,233
511,502,233
512,503,233
513,504,233
514,505,233
515,506,233
516,507,233
517,508,233
518,509,233
519,510,233
520,511,233
521,512,233
522,513,233
523,514,233
524,515,233
525,516,233
526,517,233
527,518,233
528,519,233
529,520,234
530,521,234
531,522,234
532,523,234
533,524,234
534,525,234
535,526,234
536,527,234
537,528,234
538,529,234
539,530,234
540,531,234
541,532,234
542,533,234
543,534,234
544,535,234
545,536,234
546,537,234
547,538,234
548,539,234
549,540,234
550,541,234
551,542,234
552,543,234
553,544,234
554,545,234
555,546,234
556,547,234
557,548,234
558,549,234
559,550,234
560,551,234
561,552,234
562,553,234
563,554,234
564,555,234
565,556,234
566,557,234
567,558,234
568,559,234
569,560,234
570,561,234
571,562,234
572,563,234
573,564,234
574,565,234
575,566,235
576,567,236
577,568,237
578,569,238
579,570,239
580,571,240
581,572,241
582,573,242
583,574,243
584,575,244
585,576,245
586,577,246
587,578,247
588,579,248
589,580,249
590,581,250
591,582,251
592,583,252
593,584,253
594,585,254
595,586,255
596,587,256
597,588,257
598,589,257
599,590,257
600,591,257
601,592,257
602,593,257
603,594,257
604,595,257
605,596,257
606,597,257
607,598,257
608,599,257
609,600,257
610,601,257
611,602,257
612,603,257
613,604,257
614,605,257
615,606,257
616,607,257
617,608,257
618,609,257
619,610,257
620,611,257
621,612,257
622,613,257
623,614,257
624,615,257
625,616,257
626,617,257
627,618,257
628,619,257
629,620,257
630,621,257
631,622,257
632,623,257
633,624,257
634,625,257
635,626,257
636,627,257
637,628,257
638,629,257
639,630,257
640,631,257
641,632,257
642,633,257
643,634,257
644,635,257
645,636,258
646,637,259
647,638,260
648,639,261
649,640,262
650,641,263
651,642,264
652,643,264
653,644,264
654,645,264
655,646,265
656,647,266
657,648,267
658,649,268
659,650,269
660,651,270
661,652,271
662,653,272
663,654,273
664,655,274
665,656,275
666,657,276
667,658,277
668,659,278
669,660,279
670,661,280
671,662,281
672,663,282
673,664,283
674,665,284
675,666,285
676,667,286
677,668,287
678,669,288
679,670,289
680,671,290
681,672,291
682,673,292
683,674,293
684,675,294
685,676,295
686,677,296
687,678,297
688,679,298
689,680,299
690,681,300
691,682,301
692,683,302
693,684,303
694,685,304
695,686,305
696,687,306
697,688,307
698,689,308
699,690,309
700,691,310
701,692,311
702,693,312
703,694,313
704,695,314
705,696,315
706,697,316
707,698,317
708,699,318
709,700,319
710,701,320
711,702,321
712,703,322
713,704,323
714,705,324
715,706,325
716,707,326
717,708,327
718,709,328
719,710,329
720,711,330
721,712,331
722,713,332
723,714,332
724,715,332
725,716,333
726,717,334
727,718,335
728,719,336
729,720,337
730,721,338
731,722,339
732,723,340
733,724,341
734,725,342
735,726,343
736,727,344
737,728,345
738,729,346
739,730,347
740,731,348
741,732,349
742,733,350
743,734,351
744,735,352
745,736,353
746,737,354
747,738,355
748,739,355
749,740,355
750,741,355
751,742,355
752,743,355
753,744,355
754,745,355
755,746,355
756,747,355
757,748,355
758,749,355
759,750,355
760,751,355
761,752,355
762,753,355
763,754,355
764,755,355
765,756,355
766,757,355
767,758,355
768,759,355
769,760,356
770,761,357
771,762,358
772,763,359
773,764,360
774,765,361
775,766,362
776,767,363
777,768,364
778,769,365
779,770,365
780,771,365
781,772,365
782,773,365
783,774,365
784,775,365
785,776,365
786,777,365
787,778,365
788,779,365
789,780,365
790,781,365
791,782,365
792,783,365
793,784,365
794,785,365
795,786,365
796,787,365
797,788,365
798,789,365
799,790,365
800,791,365
801,792,365
802,793,366
803,794,367
804,795,368
805,796,369
806,797,370
807,798,371
808,799,372
809,800,373
810,801,374
811,802,375
812,803,376
813,804,376
814,805,376
815,806,376
816,807,376
817,808,376
818,809,376
819,810,376
820,811,376
821,812,376
822,813,376
823,814,376
824,815,376
825,816,376
826,817,376
827,818,376
828,819,376
829,820,376
830,821,376
831,822,376
832,823,376
833,824,376
834,825,376
835,826,376
836,827,376
837,828,376
838,829,376
839,830,376
840,831,376
841,832,376
842,833,376
843,834,376
844,835,377
845,836,378
846,837,379
847,838,380
848,839,381
849,840,382
850,841,383
851,842,384
852,843,385
853,844,386
854,845,387
855,846,388
856,847,389
857,848,390
858,849,391
859,850,392
860,851,393
861,852,394
862,853,395
863,854,396
864,855,397
865,856,397
866,857,397
867,858,397
868,859,397
869,860,397
870,861,397
871,862,397
872,863,397
873,864,397
874,865,397
875,866,397
876,867,397
877,868,397
878,869,397
879,870,397
880,871,397
881,872,397
882,873,397
883,874,397
884,875,397
885,876,397
886,877,398
887,878,399
888,879,400
889,880,401
890,881,402
891,882,403
892,883,404
893,884,405
894,885,406
895,886,407
896,887,408
897,888,409
898,889,410
899,890,411
900,891,412
901,892,413
902,893,414
903,894,415
904,895,416
905,896,417
906,897,417
907,898,417
908,899,417
909,900,417
910,901,417
911,902,417
912,903,417
913,904,417
914,905,417
915,906,417
916,907,418
917,908,418
918,909,418
919,910,418
920,911,418
921,912,418
922,913,418
923,914,418
924,915,418
925,916,418
926,917,418
927,918,418
928,919,418
929,920,418
930,921,418
931,922,418
932,923,418
933,924,418
934,925,418
935,926,418
936,927,418
937,928,418
938,929,418
939,930,418
940,931,418
941,932,418
942,933,418
943,934,418
944,935,418
945,936,418
946,937,418
947,938,418
948,939,418
949,940,418
950,941,418
951,942,418
952,943,418
953,944,418
954,945,418
955,946,418
956,947,418
957,948,418
958,949,418
959,950,418
960,951,418
961,952,418
962,953,418
963,954,418
964,955,418
965,956,418
966,957,418
967,958,418
968,959,418
969,960,418
970,961,418
971,962,418
972,963,418
973,964,418
974,965,418
975,966,418
976,967,418
977,968,418
978,969,418
979,970,418
980,971,418
981,972,418
982,973,418
983,974,418
984,975,418
985,976,418
986,977,419
987,978,420
988,979,421
989,980,422
990,981,423
991,982,424
992,983,425
993,984,426
994,985,427
995,986,428
996,987,429
997,988,430
998,989,431
999,990,432
1000,991,433
1001,992,434
1002,993,435
1003,994,436
1004,995,437
1005,996,438
1006,997,439
1007,998,440
1008,999,441
1009,1000,442
1010,1001,443
1011,1002,444
1012,1003,445
1013,1004,446
1014,1005,447
1015,1006,448
1016,1007,449
1017,1008,450
1018,1009,451
1019,1010,452
1020,1011,453
1021,1012,454
1022,1013,455
1023,1014,456
1024,1015,457
1025,1016,458
1026,1017,459
1027,1018,460
1028,1019,461
1029,1020,461
1030,1021,461
1031,1022,461
1032,1023,461
1033,1024,461
1034,1025,461
1035,1026,461
1036,1027,461
1037,1028,461
1038,1029,461
1039,1030,461
1040,1031,461
1041,1032,461
1042,1033,461
1043,1034,461
1044,1035,461
1045,1036,461
1046,1037,461
1047,1038,461
1048,1039,461
1049,1040,461
1050,1041,462
1051,1042,463
1052,1043,464
1053,1044,465
1054,1045,466
1055,1046,467
1056,1047,468
1057,1048,469
1058,1049,470
1059,1050,471
1060,1051,472
1061,1052,473
1062,1053,474
1063,1054,475
1064,1055,476
1065,1056,477
1066,1057,478
1067,1058,479
1068,1059,480
1069,1060,481
1070,1061,482
1071,1062,483
1072,1063,484
1073,1064,485
1074,1065,486
1075,1066,487
1076,1067,488
1077,1068,489
1078,1069,490
1079,1070,491
1080,1071,492
1081,1072,493
1082,1073,494
1083,1074,495
1084,1075,496
1085,1076,497
1086,1077,498
1087,1078,499
1088,1079,500
1089,1080,501
1090,1081,502
1091,1082,503
1092,1083,504
1093,1084,505
1094,1085,506
1095,1086,507
1096,1087,508
1097,1088,509
1098,1089,510
1099,1090,511
1100,1091,512
1101,1092,513
1102,1093,514
1103,1094,515
1104,1095,515
1105,1096,515
1106,1097,515
1107,1098,515
1108,1099,515
1109,1100,515
1110,1101,515
1111,1102,515
1112,1103,515
1113,1104,515
1114,1105,515
1115,1106,515
1116,1107,515
1117,1108,515
1118,1109,515
1119,1110,515
1120,1111,515
1121,1112,515
1122,1113,515
1123,1114,515
1124,1115,516
1125,1116,517
1126,1117,518
1127,1118,519
1128,1119,520
1129,1120,521
1130,1121,522
1131,1122,523
1132,1123,524
1133,1124,524
1134,1125,524
1135,1126,524
1136,1127,524
1137,1128,524
1138,1129,524
1139,1130,524
1140,1131,524
1141,1132,524
1142,1133,524
1143,1134,524
1144,1135,524
1145,1136,525
1146,1137,526
1147,1138,527
1148,1139,528
1149,1140,529
1150,1141,530
1151,1142,531
1152,1143,532
1153,1144,533
1154,1145,534
1155,1146,535
1156,1147,536
1157,1148,537
1158,1149,538
1159,1150,538
1160,1151,539
1161,1152,540
1162,1153,541
1163,1154,542
1164,1155,543
1165,1156,544
1166,1157,545
1167,1158,546
1168,1159,547
1169,1160,548
1170,1161,549
1171,1162,550
1172,1163,551
1173,1164,552
1174,1165,553
1175,1166,554
1176,1167,555
1177,1168,555
1178,1169,555
1179,1170,555
1180,1171,555
1181,1172,555
1182,1173,555
1183,1174,555
1184,1175,555
1185,1176,555
1186,1177,555
1187,1178,555
1188,1179,555
1189,1180,555
1190,1181,555
1191,1182,555
1192,1183,555
1193,1184,555
1194,1185,555
1195,1186,555
1196,1187,555
1197,1188,555
1198,1189,555
1199,1190,555
1200,1191,555
1201,1192,555
1202,1193,555
1203,1194,556
1204,1195,557
1205,1196,558
1206,1197,559
1207,1198,560
1208,1199,561
1209,1200,562
1210,1201,563
1211,1202,564
1212,1203,565
1213,1204,566
1214,1205,567
1215,1206,568
1216,1207,569
1217,1208,570
1218,1209,571
1219,1210,572
1220,1211,573
1221,1212,574
1222,1213,575
1223,1214,576
1224,1215,577
1225,1216,578
1226,1217,579
1227,1218,580
1228,1219,581
1229,1220,582
1230,1221,583
1231,1222,584
1232,1223,584
1233,1224,584
1234,1225,585
1235,1226,586
1236,1227,587
1237,1228,588
1238,1229,589
1239,1230,590
1240,1231,591
1241,1232,592
1242,1233,593
1243,1234,594
1244,1235,595
1245,1236,595
1246,1237,595
1247,1238,595
1248,1239,595
1249,1240,595
1250,1241,595
1251,1242,595
1252,1243,595
1253,1244,595
1254,1245,595
1255,1246,595
1256,1247,595
1257,1248,595
1258,1249,595
1259,1250,595
1260,1251,595
1261,1252,595
1262,1253,595
1263,1254,595
1264,1255,595
1265,1256,595
1266,1257,595
1267,1258,595
1268,1259,595
1269,1260,595
1270,1261,595
1271,1262,595
1272,1263,595
1273,1264,595
1274,1265,595
1275,1266,595
1276,1267,595
1277,1268,595
1278,1269,595
1279,1270,595
1280,1271,595
1281,1272,595
1282,1273,595
1283,1274,595
1284,1275,595
1285,1276,595
1286,1277,595
1287,1278,595
1288,1279,596
1289,1280,597
1290,1281,597
1291,1282,597
1292,1283,597
1293,1284,597
1294,1285,597
1295,1286,597
1296,1287,597
1297,1288,597
1298,1289,597
1299,1290,597
1300,1291,597
1301,1292,597
1302,1293,597
1303,1294,597
1304,1295,597
1305,1296,597
1306,1297,597
1307,1298,597
1308,1299,597
1309,1300,598
1310,1301,599
1311,1302,600
1312,1303,601
1313,1304,602
1314,1305,603
1315,1306,604
1316,1307,605
1317,1308,606
1318,1309,607
1319,1310,608
1320,1311,609
1321,1312,610
1322,1313,611
1323,1314,612
1324,1315,613
1325,1316,614
1326,1317,615
1327,1318,616
1328,1319,617
1329,1320,618
1330,1321,618
1331,1322,618
1332,1323,618
1333,1324,618
1334,1325,618
1335,1326,618
1336,1327,618
1337,1328,618
1338,1329,618
1339,1330,618
1340,1331,618
1341,1332,618
1342,1333,618
1343,1334,618
1344,1335,618
1345,1336,618
1346,1337,618
1347,1338,618
1348,1339,618
1349,1340,618
1350,1341,618
1351,1342,618
1352,1343,618
1353,1344,618
1354,1345,618
1355,1346,618
1356,1347,618
1357,1348,618
1358,1349,618
1359,1350,618
1360,1351,618
1361,1352,618
1362,1353,618
1363,1354,618
1364,1355,618
1365,1356,618
1366,1357,618
1367,1358,618
1368,1359,619
1369,1360,620
1370,1361,621
1371,1362,622
1372,1363,623
1373,1364,624
1374,1365,625
1375,1366,626
1376,1367,627
1377,1368,628
1378,1369,629
1379,1370,630
1380,1371,631
1381,1372,632
1382,1373,633
1383,1374,634
1384,1375,635
1385,1376,636
1386,1377,637
1387,1378,637
1388,1379,638
1389,1380,639
1390,1381,640
1391,1382,641
1392,1383,642
1393,1384,643
1394,1385,644
1395,1386,645
1396,1387,646
1397,1388,647
1398,1389,648
1399,1390,649
1400,1391,650
1401,1392,651
1402,1393,652
1403,1394,653
1404,1395,654
1405,1396,655
1406,1397,656
1407,1398,657
1408,1399,658
1409,1400,659
1410,1401,660
1411,1402,661
1412,1403,661
1413,1404,661
1414,1405,661
1415,1406,661
1416,1407,661
1417,1408,661
1418,1409,661
1419,1410,661
1420,1411,661
1421,1412,661
1422,1413,661
1423,1414,661
1424,1415,661
1425,1416,661
1426,1417,661
1427,1418,661
1428,1419,661
1429,1420,661
1430,1421,661
1431,1422,661
1432,1423,661
1433,1424,662
1434,1425,663
1435,1426,664
1436,1427,665
1437,1428,666
1438,1429,667
1439,1430,668
1440,1431,669
1441,1432,670
1442,1433,671
1443,1434,672
1444,1435,673
1445,1436,674
1446,1437,675
1447,1438,676
1448,1439,677
1449,1440,678
1450,1441,679
1451,1442,679
1452,1443,679
1453,1444,679
1454,1445,679
1455,1446,679
1456,1447,679
1457,1448,679
1458,1449,679
1459,1450,679
1460,1451,679
1461,1452,679
1462,1453,680
1463,1454,681
1464,1455,682
1465,1456,683
1466,1457,684
1467,1458,685
1468,1459,686
1469,1460,687
1470,1461,688
1471,1462,689
1472,1463,689
1473,1464,689
1474,1465,689
1475,1466,689
1476,1467,689
1477,1468,689
1478,1469,689
1479,1470,689
1480,1471,689
1481,1472,689
1482,1473,689
1483,1474,689
1484,1475,689
1485,1476,689
1486,1477,689
1487,1478,689
1488,1479,690
1489,1480,691
1490,1481,692
1491,1482,693
1492,1483,694
1493,1484,695
1494,1485,696
1495,1486,697
1496,1487,698
1497,1488,699
1498,1489,700
1499,1490,701
1500,1491,702
1501,1492,703
1502,1493,704
1503,1494,705
1504,1495,706
1505,1496,707
1506,1497,708
1507,1498,709
1508,1499,710
1509,1500,711
1510,1501,711
1511,1502,711
1512,1503,711
1513,1504,712
1514,1505,713
1515,1506,714
1516,1507,715
1517,1508,716
1518,1509,717
1519,1510,718
1520,1511,719
1521,1512,720
1522,1513,721
1523,1514,722
1524,1515,723
1525,1516,724
1526,1517,725
1527,1518,726
1528,1519,727
1529,1520,728
1530,1521,729
1531,1522,730
1532,1523,731
1533,1524,732
1534,1525,733
1535,1526,734
1536,1527,735
1537,1528,736
1538,1529,737
1539,1530,737
1540,1531,737
1541,1532,737
1542,1533,737
1543,1534,737
1544,1535,737
1545,1536,737
1546,1537,737
1547,1538,737
1548,1539,737
1549,1540,737
1550,1541,737
1551,1542,737
1552,1543,737
1553,1544,737
1554,1545,737
1555,1546,737
1556,1547,737
1557,1548,737
1558,1549,737
1559,1550,737
1560,1551,737
1561,1552,737
1562,1553,737
1563,1554,737
1564,1555,737
1565,1556,737
1566,1557,737
1567,1558,737
1568,1559,737
1569,1560,737
1570,1561,737
1571,1562,737
1572,1563,738
1573,1564,739
1574,1565,740
1575,1566,741
1576,1567,742
1577,1568,743
1578,1569,744
1579,1570,745
1580,1571,746
1581,1572,747
1582,1573,748
1583,1574,749
1584,1575,750
1585,1576,751
1586,1577,752
1587,1578,753
1588,1579,754
1589,1580,755
1590,1581,756
1591,1582,757
1592,1583,758
1593,1584,759
1594,1585,760
1595,1586,761
1596,1587,762
1597,1588,763
1598,1589,764
1599,1590,765
1600,1591,766
1601,1592,767
1602,1593,768
1603,1594,769
1604,1595,769
1605,1596,769
1606,1597,769
1607,1598,769
1608,1599,770
1609,1600,771
1610,1601,772
1611,1602,772
1612,1603,772
1613,1604,772
1614,1605,772
1615,1606,772
1616,1607,772
1617,1608,772
1618,1609,772
1619,1610,772
1620,1611,772
1621,1612,772
1622,1613,772
1623,1614,772
1624,1615,772
1625,1616,772
1626,1617,772
1627,1618,772
1628,1619,772
1629,1620,772
1630,1621,772
1631,1622,772
1632,1623,772
1633,1624,772
1634,1625,772
1635,1626,772
1636,1627,772
1637,1628,772
1638,1629,772
1639,1630,772
1640,1631,772
1641,1632,772
1642,1633,772
1643,1634,772
1644,1635,772
1645,1636,772
1646,1637,773
1647,1638,774
1648,1639,775
1649,1640,776
1650,1641,777
1651,1642,778
1652,1643,779
1653,1644,780
1654,1645,781
1655,1646,782
1656,1647,783
1657,1648,784
1658,1649,785
1659,1650,786
1660,1651,787
1661,1652,788
1662,1653,789
1663,1654,790
1664,1655,790
1665,1656,790
1666,1657,790
1667,1658,790
1668,1659,790
1669,1660,790
1670,1661,790
1671,1662,790
1672,1663,790
1673,1664,790
1674,1665,790
1675,1666,790
1676,1667,790
1677,1668,790
1678,1669,790
1679,1670,790
1680,1671,790
1681,1672,790
1682,1673,790
1683,1674,790
1684,1675,790
1685,1676,791
1686,1677,792
1687,1678,793
1688,1679,794
1689,1680,795
1690,1681,796
1691,1682,797
1692,1683,797
1693,1684,797
1694,1685,797
1695,1686,797
1696,1687,797
1697,1688,797
1698,1689,797
1699,1690,797
1700,1691,797
1701,1692,797
1702,1693,797
1703,1694,797
1704,1695,797
1705,1696,797
1706,1697,797
1707,1698,797
1708,1699,797
1709,1700,797
1710,1701,797
1711,1702,798
1712,1703,799
1713,1704,800
1714,1705,801
1715,1706,802
1716,1707,803
1717,1708,804
1718,1709,805
1719,1710,806
1720,1711,807
1721,1712,808
1722,1713,809
1723,1714,810
1724,1715,811
1725,1716,812
1726,1717,813
1727,1718,814
1728,1719,815
1729,1720,816
1730,1721,817
1731,1722,818
1732,1723,819
1733,1724,820
1734,1725,821
1735,1726,822
1736,1727,822
1737,1728,822
1738,1729,822
1739,1730,822
1740,1731,822
1741,1732,822
1742,1733,822
1743,1734,822
1744,1735,822
1745,1736,822
1746,1737,822
1747,1738,822
1748,1739,822
1749,1740,822
1750,1741,822
1751,1742,822
1752,1743,822
1753,1744,822
1754,1745,822
1755,1746,822
1756,1747,823
1757,1748,824
1758,1749,825
1759,1750,826
1760,1751,827
1761,1752,828
1762,1753,829
1763,1754,830
1764,1755,831
1765,1756,832
1766,1757,833
1767,1758,834
1768,1759,835
1769,1760,836
1770,1761,837
1771,1762,838
1772,1763,838
1773,1764,838
1774,1765,838
1775,1766,838
1776,1767,838
1777,1768,838
1778,1769,838
1779,1770,838
1780,1771,838
1781,1772,838
1782,1773,838
1783,1774,838
1784,1775,838
1785,1776,838
1786,1777,838
1787,1778,838
1788,1779,838
1789,1780,838
1790,1781,838
1791,1782,838
1792,1783,838
1793,1784,838
1794,1785,838
1795,1786,838
1796,1787,838
1797,1788,838
1798,1789,838
1799,1790,838
1800,1791,838
1801,1792,838
1802,1793,838
1803,1794,838
1804,1795,838
1805,1796,838
1806,1797,838
1807,1798,838
1808,1799,838
1809,1800,839
1810,1801,840
1811,1802,841
1812,1803,842
1813,1804,843
1814,1805,844
1815,1806,845
1816,1807,846
1817,1808,847
1818,1809,848
1819,1810,849
1820,1811,850
1821,1812,851
1822,1813,852
1823,1814,853
1824,1815,854
1825,1816,855
1826,1817,856
1827,1818,857
1828,1819,858
1829,1820,858
1830,1821,858
1831,1822,858
1832,1823,858
1833,1824,858
1834,1825,858
1835,1826,858
1836,1827,858
1837,1828,859
1838,1829,860
1839,1830,861
1840,1831,862
1841,1832,863
1842,1833,864
1843,1834,865
1844,1835,866
1845,1836,867
1846,1837,868
1847,1838,869
1848,1839,870
1849,1840,871
1850,1841,872
1851,1842,873
1852,1843,874
1853,1844,875
1854,1845,876
1855,1846,877
1856,1847,878
1857,1848,879
1858,1849,880
1859,1850,881
1860,1851,882
1861,1852,883
1862,1853,884
1863,1854,885
1864,1855,886
1865,1856,887
1866,1857,888
1867,1858,889
1868,1859,890
1869,1860,891
1870,1861,892
1871,1862,893
1872,1863,894
1873,1864,895
1874,1865,896
1875,1866,897
1876,1867,898
1877,1868,899
1878,1869,900
1879,1870,901
1880,1871,902
1881,1872,903
1882,1873,904
1883,1874,905
1884,1875,906
1885,1876,907
1886,1877,908
1887,1878,909
1888,1879,910
1889,1880,911
1890,1881,912
1891,1882,913
1892,1883,914
1893,1884,915
1894,1885,916
1895,1886,917
1896,1887,918
1897,1888,919
1898,1889,920
1899,1890,921
1900,1891,922
1901,1892,923
1902,1893,924
1903,1894,925
1904,1895,926
1905,1896,927
1906,1897,928
1907,1898,929
1908,1899,930
1909,1900,931
1910,1901,932
1911,1902,933
1912,1903,934
1913,1904,935
1914,1905,936
1915,1906,937
1916,1907,938
1917,1908,938
1918,1909,938
1919,1910,938
1920,1911,938
1921,1912,938
1922,1913,938
1923,1914,938
1924,1915,938
1925,1916,938
1926,1917,938
1927,1918,938
1928,1919,938
1929,1920,938
1930,1921,938
1931,1922,938
1932,1923,938
1933,1924,938
1934,1925,938
1935,1926,938
1936,1927,938
1937,1928,938
1938,1929,938
1939,1930,938
1940,1931,938
1941,1932,938
1942,1933,938
1943,1934,938
1944,1935,938
1945,1936,938
1946,1937,938
1947,1938,938
1948,1939,938
1949,1940,938
1950,1941,938
1951,1942,938
1952,1943,938
1953,1944,938
1954,1945,938
1955,1946,938
1956,1947,938
1957,1948,938
1958,1949,938
1959,1950,938
1960,1951,938
1961,1952,938
1962,1953,938
1963,1954,938
1964,1955,938
1965,1956,938
1966,1957,938
1967,1958,938
1968,1959,938
1969,1960,939
1970,1961,939
1971,1962,939
1972,1963,939
1973,1964,939
1974,1965,939
1975,1966,939
1976,1967,939
1977,1968,939
1978,1969,939
1979,1970,939
1980,1971,939
1981,1972,939
1982,1973,939
1983,1974,939
1984,1975,939
1985,1976,939
1986,1977,939
1987,1978,939
1988,1979,939
1989,1980,939
1990,1981,939
1991,1982,939
1992,1983,939
1993,1984,939
1994,1985,939
1995,1986,939
1996,1987,939
1997,1988,939
1998,1989,939
1999,1990,939
2000,1991,939
2001,1992,939
2002,1993,939
2003,1994,939
2004,1995,939
2005,1996,939
2006,1997,940
2007,1998,941
2008,1999,942
2009,2000,943
2010,2001,944
2011,2002,945
2012,2003,946
2013,2004,947
2014,2005,948
2015,2006,949
2016,2007,950
2017,2008,951
2018,2009,952
2019,2010,953
2020,2011,954
2021,2012,955
2022,2013,956
2023,2014,957
2024,2015,958
2025,2016,959
2026,2017,960
2027,2018,961
2028,2019,962
2029,2020,963
2030,2021,964
2031,2022,965
2032,2023,966
2033,2024,967
2034,2025,968
2035,2026,969
2036,2027,970
2037,2028,971
2038,2029,972
2039,2030,973
2040,2031,974
2041,2032,975
2042,2033,976
2043,2034,977
2044,2035,978
2045,2036,979
2046,2037,980
2047,2038,981
2048,2039,982
2049,2040,983
2050,2041,983
2051,2042,983
2052,2043,983
2053,2044,983
2054,2045,983
2055,2046,983
2056,2047,983
2057,2048,983
2058,2049,983
2059,2050,983
2060,2051,983
2061,2052,983
2062,2053,983
2063,2054,983
2064,2055,983
2065,2056,983
2066,2057,983
2067,2058,983
2068,2059,983
2069,2060,983
2070,2061,983
2071,2062,983
2072,2063,983
2073,2064,983
2074,2065,983
2075,2066,983
2076,2067,983
2077,2068,983
2078,2069,983
2079,2070,983
2080,2071,983
2081,2072,983
2082,2073,983
2083,2074,983
2084,2075,983
2085,2076,983
2086,2077,983
2087,2078,983
2088,2079,983
2089,2080,983
2090,2081,983
2091,2082,983
2092,2083,983
2093,2084,983
2094,2085,983
2095,2086,983
2096,2087,983
2097,2088,983
2098,2089,983
2099,2090,983
2100,2091,983
2101,2092,983
2102,2093,983
2103,2094,983
2104,2095,983
2105,2096,983
2106,2097,983
2107,2098,983
2108,2099,983
2109,2100,983
2110,2101,983
2111,2102,983
2112,2103,983
2113,2104,983
2114,2105,983
2115,2106,983
2116,2107,983
2117,2108,983
2118,2109,983
2119,2110,983
2120,2111,983
2121,2112,983
2122,2113,983
2123,2114,983
2124,2115,983
2125,2116,983
2126,2117,983
2127,2118,983
2128,2119,983
2129,2120,984
2130,2121,985
2131,2122,986
2132,2123,987
2133,2124,988
2134,2125,989
2135,2126,990
2136,2127,991
2137,2128,992
2138,2129,993
2139,2130,994
2140,2131,995
2141,2132,996
2142,2133,997
2143,2134,998
2144,2135,999
2145,2136,1000
2146,2137,1001
2147,2138,1002
2148,2139,1003
2149,2140,1004
2150,2141,1005
2151,2142,1006
2152,2143,1007
2153,2144,1008
2154,2145,1009
2155,2146,1010
2156,2147,1011
2157,2148,1012
2158,2149,1013
2159,2150,1014
2160,2151,1015
2161,2152,1016
2162,2153,1017
2163,2154,1018
2164,2155,1019
2165,2156,1020
2166,2157,1021
2167,2158,1022
2168,2159,1023
2169,2160,1024
2170,2160,1025
2171,2160,1026
2172,2160,1027
2173,2161,1028
2174,2162,1029
2175,2163,1030
2176,2164,1031
2177,2165,1032
2178,2166,1033
2179,2167,1034
2180,2168,1035
2181,2169,1036
2182,2170,1037
2183,2171,1038
2184,2172,1039
2185,2173,1040
2186,2174,1041
2187,2175,1042
2188,2176,1043
2189,2177,1044
2190,2178,1045
2191,2179,1046
2192,2180,1047
2193,2181,1048
2194,2182,1049
2195,2183,1050
2196,2184,1051
2197,2185,1052
2198,2186,1053
2199,2187,1054
2200,2188,1055
2201,2189,1055
2202,2190,1055
2203,2191,1055
2204,2192,1055
2205,2193,1055
2206,2194,1055
2207,2195,1055
2208,2196,1055
2209,2197,1055
2210,2198,1055
2211,2199,1055
2212,2200,1055
2213,2201,1055
2214,2202,1055
2215,2203,1055
2216,2204,1055
2217,2205,1055
2218,2206,1055
2219,2207,1055
2220,2208,1055
2221,2209,1055
2222,2210,1055
2223,2211,1055
2224,2212,1055
2225,2213,1055
2226,2214,1055
2227,2215,1055
2228,2216,1055
2229,2217,1055
2230,2218,1055
2231,2219,1055
2232,2220,1055
2233,2221,1055
2234,2222,1055
2235,2223,1055
2236,2224,1055
2237,2225,1055
2238,2226,1055
2239,2227,1055
2240,2228,1055
2241,2229,1055
2242,2230,1055
2243,2231,1055
2244,2232,1056
2245,2233,1057
2246,2234,1058
2247,2235,1059
2248,2236,1060
2249,2237,1061
2250,2238,1062
2251,2239,1063
2252,2240,1064
2253,2241,1065
2254,2242,1066
2255,2243,1067
2256,2244,1068
2257,2245,1069
2258,2246,1070
2259,2247,1071
2260,2248,1072
2261,2249,1073
2262,2250,1074
2263,2251,1075
2264,2252,1076
2265,2253,1077
2266,2254,1078
2267,2255,1079
2268,2256,1080
2269,2257,1081
2270,2258,1082
2271,2259,1083
2272,2260,1084
2273,2261,1085
2274,2262,1086
2275,2263,1087
2276,2264,1088
2277,2265,1088
2278,2266,1088
2279,2267,1088
2280,2268,1088
2281,2269,1088
2282,2270,1088
2283,2271,1088
2284,2272,1088
2285,2273,1088
2286,2274,1088
2287,2275,1088
2288,2276,1088
2289,2277,1088
2290,2278,1089
2291,2279,1090
2292,2280,1091
2293,2281,1092
2294,2282,1092
2295,2283,1092
2296,2284,1092
2297,2285,1093
2298,2286,1094
2299,2287,1095
2300,2288,1096
2301,2289,1097
2302,2290,1098
2303,2291,1099
2304,2292,1100
2305,2293,1101
2306,2294,1102
2307,2295,1103
2308,2296,1104
2309,2297,1105
2310,2298,1106
2311,2299,1107
2312,2300,1108
2313,2301,1109
2314,2302,1110
2315,2303,1111
2316,2304,1112
2317,2305,1113
2318,2306,1114
2319,2307,1115
2320,2308,1116
2321,2309,1117
2322,2310,1118
2323,2311,1119
2324,2312,1120
2325,2313,1120
2326,2314,1120
2327,2315,1120
2328,2316,1120
2329,2317,1121
2330,2318,1122
2331,2319,1123
2332,2320,1124
2333,2321,1125
2334,2322,1126
2335,2323,1127
2336,2324,1128
2337,2325,1129
2338,2326,1130
2339,2327,1131
2340,2328,1132
2341,2329,1133
2342,2330,1134
2343,2331,1135
2344,2332,1136
2345,2333,1137
2346,2334,1138
2347,2335,1139
2348,2336,1140
2349,2337,1141
2350,2338,1142
2351,2339,1143
2352,2340,1144
2353,2341,1145
2354,2342,1146
2355,2343,1147
2356,2344,1148
2357,2345,1149
2358,2346,1150
2359,2347,1151
2360,2348,1152
2361,2349,1153
2362,2350,1154
2363,2351,1155
2364,2352,1156
2365,2353,1157
2366,2354,1158
2367,2355,1159
2368,2356,1160
2369,2357,1161
2370,2358,1162
2371,2359,1163
2372,2360,1164
2373,2361,1165
2374,2362,1166
2375,2363,1167
2376,2364,1168
2377,2365,1169
2378,2366,1170
2379,2367,1171
2380,2368,1172
2381,2369,1173
2382,2370,1174
2383,2371,1175
2384,2372,1176
2385,2373,1177
2386,2374,1178
2387,2375,1179
2388,2376,1180
2389,2377,1181
2390,2378,1182
2391,2379,1183
2392,2380,1184
2393,2381,1185
2394,2382,1186
2395,2383,1187
2396,2384,1188
2397,2385,1189
2398,2386,1190
2399,2387,1191
2400,2388,1192
2401,2389,1193
2402,2390,1194
2403,2391,1195
2404,2392,1196
2405,2393,1197
2406,2394,1198
2407,2395,1199
2408,2396,1200
2409,2397,1201
2410,2398,1202
2411,2399,1203
2412,2400,1204
2413,2401,1205
2414,2402,1206
2415,2403,1207
2416,2404,1208
2417,2405,1208
2418,2406,1208
2419,2407,1208
2420,2408,1208
2421,2409,1208
2422,2410,1208
2423,2411,1208
2424,2412,1208
2425,2413,1208
2426,2414,1208
2427,2415,1208
2428,2416,1208
2429,2417,1208
2430,2418,1208
2431,2419,1208
2432,2420,1208
2433,2421,1208
2434,2422,1208
2435,2423,1209
2436,2424,1210
2437,2425,1211
2438,2426,1212
2439,2427,1213
2440,2428,1214
2441,2429,1215
2442,2430,1216
2443,2431,1217
2444,2432,1218
2445,2433,1219
2446,2434,1220
2447,2435,1221
2448,2436,1222
2449,2437,1223
2450,2438,1224
2451,2439,1225
2452,2440,1226
2453,2441,1227
2454,2442,1228
2455,2443,1229
2456,2444,1230
2457,2445,1231
2458,2446,1232
2459,2447,1233
2460,2448,1234
2461,2449,1234
2462,2450,1234
2463,2451,1234
2464,2452,1234
2465,2453,1234
2466,2454,1234
2467,2455,1234
2468,2456,1234
2469,2457,1234
2470,2458,1234
2471,2459,1234
2472,2460,1234
2473,2461,1234
2474,2462,1234
2475,2463,1234
2476,2464,1234
2477,2465,1234
2478,2466,1234
2479,2467,1234
2480,2468,1234
2481,2469,1234
2482,2470,1234
2483,2471,1234
2484,2472,1234
2485,2473,1234
2486,2474,1234
2487,2475,1234
2488,2476,1234
2489,2477,1234
2490,2478,1234
2491,2479,1234
2492,2480,1234
2493,2481,1234
2494,2482,1234
2495,2483,1234
2496,2484,1234
2497,2485,1234
2498,2486,1234
2499,2487,1234
2500,2488,1234
2501,2489,1234
2502,2490,1234
2503,2491,1234
2504,2492,1234
2505,2493,1234
2506,2494,1234
2507,2495,1234
2508,2496,1234
2509,2497,1234
2510,2498,1234
2511,2499,1234
2512,2500,1234
2513,2501,1234
2514,2502,1234
2515,2503,1234
2516,2504,1234
2517,2505,1234
2518,2506,1234
2519,2507,1234
2520,2508,1234
2521,2509,1234
2522,2510,1234
2523,2511,1234
2524,2512,1234
2525,2513,1234
2526,2514,1234
2527,2515,1234
2528,2516,1234
2529,2517,1234
2530,2518,1234
2531,2519,1234
2532,2520,1234
2533,2521,1234
2534,2522,1234
2535,2523,1234
2536,2524,1234
2537,2525,1234
2538,2526,1234
2539,2527,1234
2540,2528,1234
2541,2529,1234
2542,2530,1234
2543,2531,1234
2544,2532,1234
2545,2533,1234
2546,2534,1234
2547,2535,1234
2548,2536,1234
2549,2537,1234
2550,2538,1234
2551,2539,1234
2552,2540,1234
2553,2541,1234
2554,2542,1234
2555,2543,1234
2556,2544,1234
2557,2545,1234
2558,2546,1234
2559,2547,1234
2560,2548,1234
2561,2549,1234
2562,2550,1234
2563,2551,1234
2564,2552,1234
2565,2553,1234
2566,2554,1234
2567,2555,1234
2568,2556,1234
2569,2557,1234
2570,2558,1234
2571,2559,1234
2572,2560,1234
2573,2561,1234
2574,2562,1234
2575,2563,1234
2576,2564,1234
2577,2565,1234
2578,2566,1234
2579,2567,1234
2580,2568,1234
2581,2569,1234
2582,2570,1234
2583,2571,1234
2584,2572,1234
2585,2573,1234
2586,2574,1234
2587,2575,1234
2588,2576,1234
2589,2577,1234
2590,2578,1234
2591,2579,1234
2592,2580,1235
2593,2581,1236
2594,2582,1237
2595,2583,1238
2596,2584,1239
2597,2585,1239
2598,2586,1239
2599,2587,1239
2600,2588,1239
2601,2589,1239
2602,2590,1239
2603,2591,1239
2604,2592,1239
2605,2593,1239
2606,2594,1239
2607,2595,1239
2608,2596,1239
2609,2597,1239
2610,2598,1239
2611,2599,1240
2612,2600,1241
2613,2601,1242
2614,2602,1242
2615,2603,1242
2616,2604,1242
2617,2605,1242
2618,2606,1242
2619,2607,1242
2620,2608,1242
2621,2609,1242
2622,2610,1242
2623,2611,1242
2624,2612,1242
2625,2613,1242
2626,2614,1242
2627,2615,1242
2628,2616,1242
2629,2617,1242
2630,2618,1242
2631,2619,1243
2632,2620,1244
2633,2621,1245
2634,2622,1246
2635,2623,1247
2636,2624,1248
2637,2625,1249
2638,2626,1250
2639,2627,1251
2640,2628,1252
2641,2629,1253
2642,2630,1254
2643,2631,1255
2644,2632,1256
2645,2633,1257
2646,2634,1258
2647,2635,1259
2648,2636,1260
2649,2637,1261
2650,2638,1262
2651,2639,1263
2652,2640,1264
2653,2641,1265
2654,2642,1266
2655,2643,1267
2656,2644,1268
2657,2645,1269
2658,2646,1270
2659,2647,1271
2660,2648,1272
2661,2649,1273
2662,2650,1274
2663,2651,1275
2664,2652,1276
2665,2653,1277
2666,2654,1278
2667,2655,1279
2668,2656,1280
2669,2657,1281
2670,2658,1282
2671,2659,1283
2672,2660,1283
2673,2661,1283
2674,2662,1283
2675,2663,1283
2676,2664,1283
2677,2665,1283
2678,2666,1283
2679,2667,1283
2680,2668,1283
2681,2669,1283
2682,2670,1283
2683,2671,1283
2684,2672,1283
2685,2673,1283
2686,2674,1283
2687,2675,1283
2688,2676,1283
2689,2677,1283
2690,2678,1283
2691,2679,1283
2692,2680,1284
2693,2681,1285
2694,2682,1286
2695,2683,1287
2696,2684,1288
2697,2685,1289
2698,2686,1290
2699,2687,1291
2700,2688,1292
2701,2689,1293
2702,2690,1293
2703,2691,1293
2704,2692,1293
2705,2693,1293
2706,2694,1293
2707,2695,1293
2708,2696,1293
2709,2697,1293
2710,2698,1293
2711,2699,1293
2712,2700,1293
2713,2701,1293
2714,2702,1293
2715,2703,1293
2716,2704,1293
2717,2705,1293
2718,2706,1293
2719,2707,1293
2720,2708,1293
2721,2709,1294
2722,2710,1295
2723,2711,1296
2724,2712,1297
2725,2713,1298
2726,2714,1299
2727,2715,1300
2728,2716,1301
2729,2717,1302
2730,2718,1303
2731,2719,1304
2732,2720,1305
2733,2721,1306
2734,2722,1307
2735,2723,1308
2736,2724,1309
2737,2725,1310
2738,2726,1311
2739,2727,1312
2740,2728,1312
2741,2729,1312
2742,2730,1312
2743,2731,1312
2744,2732,1312
2745,2733,1312
2746,2734,1313
2747,2735,1314
2748,2736,1315
2749,2737,1316
2750,2738,1317
2751,2739,1318
2752,2740,1319
2753,2741,1320
2754,2742,1321
2755,2743,1321
2756,2744,1321
2757,2745,1321
2758,2746,1321
2759,2747,1321
2760,2748,1321
2761,2749,1321
2762,2750,1321
2763,2751,1321
2764,2752,1321
2765,2753,1321
2766,2754,1321
2767,2755,1321
2768,2756,1321
2769,2757,1322
2770,2758,1323
2771,2759,1324
2772,2760,1325
2773,2761,1326
2774,2762,1327
2775,2763,1328
2776,2764,1329
2777,2765,1330
2778,2766,1331
2779,2767,1332
2780,2768,1333
2781,2769,1334
2782,2770,1335
2783,2771,1336
2784,2772,1337
2785,2773,1338
2786,2774,1339
2787,2775,1340
2788,2776,1341
2789,2777,1342
2790,2778,1343
2791,2779,1344
2792,2780,1345
2793,2781,1346
2794,2782,1347
2795,2783,1348
2796,2784,1349
2797,2785,1350
2798,2786,1351
2799,2787,1352
2800,2788,1353
2801,2789,1354
2802,2790,1354
2803,2791,1354
2804,2792,1354
2805,2793,1354
2806,2794,1354
2807,2795,1354
2808,2796,1354
2809,2797,1355
2810,2798,1356
2811,2799,1357
2812,2800,1358
2813,2801,1359
2814,2802,1360
2815,2803,1361
2816,2804,1362
2817,2805,1363
2818,2806,1364
2819,2807,1365
2820,2808,1366
2821,2809,1367
2822,2810,1368
2823,2811,1369
2824,2812,1370
2825,2813,1371
2826,2814,1372
2827,2815,1373
2828,2816,1374
2829,2817,1375
2830,2818,1376
2831,2819,1377
2832,2820,1378
2833,2821,1379
2834,2822,1380
2835,2823,1381
2836,2824,1382
2837,2825,1383
2838,2826,1384
2839,2827,1385
2840,2828,1386
2841,2829,1387
2842,2830,1388
2843,2831,1389
2844,2832,1390
2845,2833,1390
2846,2834,1390
2847,2835,1390
2848,2836,1390
2849,2837,1390
2850,2838,1390
2851,2839,1390
2852,2840,1390
2853,2841,1390
2854,2842,1390
2855,2843,1390
2856,2844,1390
2857,2845,1390
2858,2846,1390
2859,2847,1390
2860,2848,1390
2861,2849,1390
2862,2850,1390
2863,2851,1390
2864,2852,1390
2865,2853,1390
2866,2854,1390
2867,2855,1390
2868,2856,1390
2869,2857,1390
2870,2858,1390
2871,2859,1390
2872,2860,1390
2873,2861,1390
2874,2862,1390
2875,2863,1390
2876,2864,1390
2877,2865,1391
2878,2866,1392
2879,2867,1393
2880,2868,1394
2881,2869,1395
2882,2870,1396
2883,2871,1397
2884,2872,1398
2885,2873,1399
2886,2874,1400
2887,2875,1401
2888,2876,1402
2889,2877,1403
2890,2878,1404
2891,2879,1405
2892,2880,1406
2893,2881,1407
2894,2882,1408
2895,2883,1409
2896,2884,1410
2897,2885,1411
2898,2886,1412
2899,2887,1413
2900,2888,1414
2901,2889,1415
2902,2890,1416
2903,2891,1417
2904,2892,1417
2905,2893,1417
2906,2894,1417
2907,2895,1417
2908,2896,1417
2909,2897,1417
2910,2898,1417
2911,2899,1417
2912,2900,1417
2913,2901,1417
2914,2902,1417
2915,2903,1417
2916,2904,1417
2917,2905,1417
2918,2906,1417
2919,2907,1417
2920,2908,1417
2921,2909,1417
2922,2910,1417
2923,2911,1417
2924,2912,1417
2925,2913,1417
2926,2914,1417
2927,2915,1417
2928,2916,1417
2929,2917,1417
2930,2918,1417
2931,2919,1417
2932,2920,1418
2933,2921,1418
2934,2922,1418
2935,2923,1418
2936,2924,1418
2937,2925,1418
2938,2926,1418
2939,2927,1418
2940,2928,1418
2941,2929,1418
2942,2930,1418
2943,2931,1418
2944,2932,1418
2945,2933,1418
2946,2934,1418
2947,2935,1418
2948,2936,1418
2949,2937,1418
2950,2938,1418
2951,2939,1418
2952,2940,1418
2953,2941,1418
2954,2942,1418
2955,2943,1418
2956,2944,1418
2957,2945,1418
2958,2946,1418
2959,2947,1418
2960,2948,1418
2961,2949,1418
2962,2950,1418
2963,2951,1418
2964,2952,1418
2965,2953,1418
2966,2954,1418
2967,2955,1418
2968,2956,1418
2969,2957,1419
2970,2958,1420
2971,2959,1421
2972,2960,1422
2973,2961,1423
2974,2962,1424
2975,2963,1425
2976,2964,1426
2977,2965,1427
2978,2966,1428
2979,2967,1429
2980,2968,1430
2981,2969,1431
2982,2970,1432
2983,2971,1433
2984,2972,1433
2985,2973,1433
2986,2974,1433
2987,2975,1433
2988,2976,1433
2989,2977,1433
2990,2978,1433
2991,2979,1433
2992,2980,1434
2993,2981,1435
2994,2982,1436
2995,2983,1437
2996,2984,1438
2997,2985,1439
2998,2986,1440
2999,2987,1440
3000,2988,1440
3001,2989,1440
3002,2990,1440
3003,2991,1440
3004,2992,1440
3005,2993,1440
3006,2994,1440
3007,2995,1440
3008,2996,1440
3009,2997,1440
3010,2998,1440
3011,2999,1440
3012,3000,1441
3013,3001,1442
3014,3002,1443
3015,3003,1444
3016,3004,1445
3017,3005,1446
3018,3006,1447
3019,3007,1448
3020,3008,1449
3021,3009,1450
3022,3010,1451
3023,3011,1452
3024,3012,1453
3025,3013,1454
3026,3014,1455
3027,3015,1456
3028,3016,1457
3029,3017,1458
3030,3018,1459
3031,3019,1460
3032,3020,1461
3033,3021,1461
3034,3022,1461
3035,3023,1461
3036,3024,1462
3037,3025,1463
3038,3026,1464
3039,3027,1465
3040,3028,1466
3041,3029,1467
3042,3030,1468
3043,3031,1469
3044,3032,1470
3045,3033,1471
3046,3034,1472
3047,3035,1473
3048,3036,1474
3049,3037,1475
3050,3038,1476
3051,3039,1477
3052,3040,1478
3053,3041,1479
3054,3042,1480
3055,3043,1481
3056,3044,1482
3057,3045,1483
3058,3046,1484
3059,3047,1484
3060,3048,1484
3061,3049,1484
3062,3050,1484
3063,3051,1484
3064,3052,1484
3065,3053,1484
3066,3054,1484
3067,3055,1484
3068,3056,1484
3069,3057,1484
3070,3058,1484
3071,3059,1484
3072,3060,1484
3073,3061,1484
3074,3062,1484
3075,3063,1484
3076,3064,1484
3077,3065,1484
3078,3066,1484
3079,3067,1484
3080,3068,1484
3081,3069,1484
3082,3070,1484
3083,3071,1484
3084,3072,1484
3085,3073,1484
3086,3074,1484
3087,3075,1484
3088,3076,1484
3089,3077,1484
3090,3078,1484
3091,3079,1484
3092,3080,1484
3093,3081,1484
3094,3082,1484
3095,3083,1484
3096,3084,1484
3097,3085,1485
3098,3086,1486
3099,3087,1487
3100,3088,1488
3101,3089,1489
3102,3090,1490
3103,3091,1491
3104,3092,1492
3105,3093,1493
3106,3094,1494
3107,3095,1495
3108,3096,1496
3109,3097,1497
3110,3098,1498
3111,3099,1499
3112,3100,1500
3113,3101,1501
3114,3102,1502
3115,3103,1503
3116,3104,1504
3117,3105,1504
3118,3106,1504
3119,3107,1504
3120,3108,1504
3121,3109,1504
3122,3110,1504
3123,3111,1504
3124,3112,1504
3125,3113,1504
3126,3114,1504
3127,3115,1504
3128,3116,1504
3129,3117,1504
3130,3118,1504
3131,3119,1504
3132,3120,1505
3133,3121,1506
3134,3122,1507
3135,3123,1508
3136,3124,1509
3137,3125,1510
3138,3126,1511
3139,3127,1512
3140,3128,1513
3141,3129,1513
3142,3130,1513
3143,3131,1513
3144,3132,1513
3145,3133,1513
3146,3134,1513
3147,3135,1513
3148,3136,1513
3149,3137,1513
3150,3138,1513
3151,3139,1513
3152,3140,1513
3153,3141,1513
3154,3142,1513
3155,3143,1513
3156,3144,1514
3157,3145,1515
3158,3146,1516
3159,3147,1517
3160,3148,1518
3161,3149,1519
3162,3150,1520
3163,3151,1521
3164,3152,1521
3165,3153,1521
3166,3154,1521
3167,3155,1521
3168,3156,1522
3169,3157,1523
3170,3158,1524
3171,3159,1525
3172,3160,1526
3173,3161,1526
3174,3162,1526
3175,3163,1526
3176,3164,1526
3177,3165,1526
3178,3166,1526
3179,3167,1526
3180,3168,1526
3181,3169,1526
3182,3170,1526
3183,3171,1526
3184,3172,1527
3185,3173,1528
3186,3174,1529
3187,3175,1530
3188,3176,1531
3189,3177,1532
3190,3178,1533
3191,3179,1534
3192,3180,1534
3193,3181,1534
3194,3182,1534
3195,3183,1534
3196,3184,1534
3197,3185,1534
3198,3186,1534
3199,3187,1534
3200,3188,1534
3201,3189,1534
3202,3190,1534
3203,3191,1534
3204,3192,1534
3205,3193,1534
3206,3194,1534
3207,3195,1535
3208,3196,1536
3209,3197,1537
3210,3198,1538
3211,3199,1539
3212,3200,1540
3213,3201,1541
3214,3202,1542
3215,3203,1543
3216,3204,1544
3217,3205,1544
3218,3206,1544
3219,3207,1544
3220,3208,1544
3221,3209,1544
3222,3210,1544
3223,3211,1544
3224,3212,1544
3225,3213,1544
3226,3214,1544
3227,3215,1544
3228,3216,1544
3229,3217,1544
3230,3218,1544
3231,3219,1544
3232,3220,1544
3233,3221,1544
3234,3222,1545
3235,3223,1546
3236,3224,1547
3237,3225,1548
3238,3226,1549
3239,3227,1550
3240,3228,1551
3241,3229,1552
3242,3230,1553
3243,3231,1554
3244,3232,1555
3245,3233,1556
3246,3234,1557
3247,3235,1558
3248,3236,1559
3249,3237,1560
3250,3238,1561
3251,3239,1562
3252,3240,1563
3253,3241,1564
3254,3242,1565
3255,3243,1566
3256,3244,1567
3257,3245,1568
3258,3246,1569
3259,3247,1570
3260,3248,1571
3261,3249,1572
3262,3250,1573
3263,3251,1574
3264,3252,1575
3265,3253,1576
3266,3254,1576
3267,3255,1576
3268,3256,1576
3269,3257,1576
3270,3258,1576
3271,3259,1576
3272,3260,1576
3273,3261,1576
3274,3262,1576
3275,3263,1576
3276,3264,1576
3277,3265,1576
3278,3266,1576
3279,3267,1576
3280,3268,1576
3281,3269,1576
3282,3270,1576
3283,3271,1576
3284,3272,1576
3285,3273,1576
3286,3274,1576
3287,3275,1576
3288,3276,1576
3289,3277,1577
3290,3278,1578
3291,3279,1579
3292,3280,1580
3293,3281,1581
3294,3282,1582
3295,3283,1583
3296,3284,1584
3297,3285,1585
3298,3286,1586
3299,3287,1586
3300,3288,1586
3301,3289,1586
3302,3290,1586
3303,3291,1586
3304,3292,1586
3305,3293,1586
3306,3294,1586
3307,3295,1586
3308,3296,1586
3309,3297,1586
3310,3298,1586
3311,3299,1586
3312,3300,1586
3313,3301,1586
3314,3302,1586
3315,3303,1586
3316,3304,1586
3317,3305,1586
3318,3306,1586
3319,3307,1586
3320,3308,1586
3321,3309,1586
3322,3310,1586
3323,3311,1586
3324,3312,1586
3325,3313,1586
3326,3314,1586
3327,3315,1586
3328,3316,1586
3329,3317,1586
3330,3318,1586
3331,3319,1586
3332,3320,1586
3333,3321,1586
3334,3322,1586
3335,3323,1586
3336,3324,1586
3337,3325,1586
3338,3326,1586
3339,3327,1586
3340,3328,1586
3341,3329,1586
3342,3330,1586
3343,3331,1586
3344,3332,1586
3345,3333,1586
3346,3334,1586
3347,3335,1586
3348,3336,1586
3349,3337,1586
3350,3338,1586
3351,3339,1586
3352,3340,1586
3353,3341,1586
3354,3342,1586
3355,3343,1586
3356,3344,1586
3357,3345,1586
3358,3346,1586
3359,3347,1586
3360,3348,1586
3361,3349,1586
3362,3350,1586
3363,3351,1586
3364,3352,1586
3365,3353,1586
3366,3354,1586
3367,3355,1586
3368,3356,1586
3369,3357,1586
3370,3358,1586
3371,3359,1586
3372,3360,1586
3373,3361,1586
3374,3362,1586
3375,3363,1586
3376,3364,1586
3377,3365,1586
3378,3366,1586
3379,3367,1586
3380,3368,1586
3381,3369,1586
3382,3370,1586
3383,3371,1586
3384,3372,1586
3385,3373,1586
3386,3374,1586
3387,3375,1586
3388,3376,1586
3389,3377,1586
3390,3378,1586
3391,3379,1586
3392,3380,1586
3393,3381,1586
3394,3382,1586
3395,3383,1586
3396,3384,1586
3397,3385,1586
3398,3386,1587
3399,3387,1588
3400,3388,1589
3401,3389,1590
3402,3390,1591
3403,3391,1592
3404,3392,1593
3405,3393,1594
3406,3394,1595
3407,3395,1596
3408,3396,1597
3409,3397,1598
3410,3398,1599
3411,3399,1600
3412,3400,1601
3413,3401,1602
3414,3402,1603
3415,3403,1604
3416,3404,1605
3417,3405,1606
3418,3406,1607
3419,3407,1608
3420,3408,1609
3421,3409,1610
3422,3410,1611
3423,3411,1612
3424,3412,1613
3425,3413,1614
3426,3414,1615
3427,3415,1616
3428,3416,1617
3429,3417,1618
3430,3418,1619
3431,3419,1620
3432,3420,1621
3433,3421,1622
3434,3422,1623
3435,3423,1624
3436,3424,1625
3437,3425,1626
3438,3426,1627
3439,3427,1628
3440,3428,1629
3441,3429,1630
3442,3430,1631
3443,3431,1632
3444,3432,1633
3445,3433,1634
3446,3434,1635
3447,3435,1636
3448,3436,1637
3449,3437,1638
3450,3438,1639
3451,3439,1640
3452,3440,1641
3453,3441,1642
3454,3442,1643
3455,3443,1644
3456,3444,1645
3457,3445,1646
3458,3446,1647
3459,3447,1648
3460,3448,1649
3461,3449,1650
3462,3450,1651
3463,3451,1652
3464,3452,1653
3465,3453,1654
3466,3454,1655
3467,3455,1656
3468,3456,1657
3469,3457,1658
3470,3458,1659
3471,3459,1660
3472,3460,1661
3473,3461,1662
3474,3462,1663
3475,3463,1664
3476,3464,1665
3477,3465,1666
3478,3466,1667
3479,3467,1668
3480,3468,1669
3481,3469,1670
3482,3470,1671
3483,3471,1672
3484,3472,1673
3485,3473,1674
3486,3474,1675
3487,3475,1676
3488,3476,1677
3489,3477,1678
3490,3478,1679
3491,3479,1680
3492,3480,1681
3493,3481,1682
3494,3482,1683
3495,3483,1684
3496,3484,1685
3497,3485,1686
3498,3486,1687
3499,3487,1688
3500,3488,1689
3501,3489,1690
3502,3490,1691
3503,3491,1692
3504,3492,1692
3505,3493,1692
3506,3494,1692
3507,3495,1692
3508,3496,1692
3509,3497,1692
3510,3498,1692
3511,3499,1692
3512,3500,1692
3513,3501,1692
3514,3502,1693
3515,3503,1694
3516,3504,1695
3517,3505,1696
3518,3506,1697
3519,3507,1698
3520,3508,1699
3521,3509,1700
3522,3510,1701
3523,3511,1702
3524,3512,1703
3525,3513,1704
3526,3514,1705
3527,3515,1706
3528,3516,1707
3529,3517,1708
3530,3518,1709
3531,3519,1710
3532,3520,1711
3533,3521,1712
3534,3522,1713
3535,3523,1714
3536,3524,1715
3537,3525,1716
3538,3526,1717
3539,3527,1718
3540,3528,1718
3541,3529,1718
3542,3530,1718
3543,3531,1718
3544,3532,1718
3545,3533,1718
3546,3534,1718
3547,3535,1718
3548,3536,1718
3549,3537,1718
3550,3538,1718
3551,3539,1718
3552,3540,1718
3553,3541,1718
3554,3542,1718
3555,3543,1718
3556,3544,1718
3557,3545,1718
3558,3546,1718
3559,3547,1718
3560,3548,1718
3561,3549,1718
3562,3550,1718
3563,3551,1718
3564,3552,1718
3565,3553,1718
3566,3554,1718
3567,3555,1719
3568,3556,1720
3569,3557,1721
3570,3558,1722
3571,3559,1723
3572,3560,1724
3573,3561,1725
3574,3562,1726
3575,3563,1727
3576,3564,1728
3577,3565,1729
3578,3566,1730
3579,3567,1731
3580,3568,1732
3581,3569,1733
3582,3570,1734
3583,3571,1735
3584,3572,1736
3585,3573,1737
3586,3574,1738
3587,3575,1739
3588,3576,1740
3589,3577,1741
3590,3578,1742
3591,3579,1743
3592,3580,1744
3593,3581,1744
3594,3582,1744
3595,3583,1744
3596,3584,1744
3597,3585,1744
3598,3586,1745
3599,3587,1746
3600,3588,1746
3601,3589,1746
3602,3590,1746
3603,3591,1746
3604,3592,1746
3605,3593,1746
3606,3594,1746
3607,3595,1746
3608,3596,1746
3609,3597,1746
3610,3598,1746
3611,3599,1746
3612,3600,1746
3613,3601,1746
3614,3602,1746
3615,3603,1746
3616,3604,1746
3617,3605,1746
3618,3606,1746
3619,3607,1746
3620,3608,1746
3621,3609,1747
3622,3610,1748
3623,3611,1749
3624,3612,1750
3625,3613,1751
3626,3614,1752
3627,3615,1753
3628,3616,1754
3629,3617,1755
3630,3618,1756
3631,3619,1757
3632,3620,1758
3633,3621,1759
3634,3622,1759
3635,3623,1760
3636,3624,1761
3637,3625,1762
3638,3626,1763
3639,3627,1764
3640,3628,1765
3641,3629,1766
3642,3630,1767
3643,3631,1768
3644,3632,1769
3645,3633,1770
3646,3634,1771
3647,3635,1772
3648,3636,1773
3649,3637,1774
3650,3638,1775
3651,3639,1776
3652,3640,1777
3653,3641,1778
3654,3642,1779
3655,3643,1779
3656,3644,1779
3657,3645,1779
3658,3646,1779
3659,3647,1779
3660,3648,1779
3661,3649,1779
3662,3650,1779
3663,3651,1779
3664,3652,1779
3665,3653,1779
3666,3654,1779
3667,3655,1779
3668,3656,1779
3669,3657,1779
3670,3658,1779
3671,3659,1779
3672,3660,1779
3673,3661,1779
3674,3662,1779
3675,3663,1779
3676,3664,1779
3677,3665,1779
3678,3666,1779
3679,3667,1779
3680,3668,1779
3681,3669,1779
3682,3670,1779
3683,3671,1779
3684,3672,1779
3685,3673,1779
3686,3674,1779
3687,3675,1779
3688,3676,1779
3689,3677,1780
3690,3678,1781
3691,3679,1782
3692,3680,1783
3693,3681,1784
3694,3682,1785
3695,3683,1786
3696,3684,1787
3697,3685,1788
3698,3686,1789
3699,3687,1790
3700,3688,1790
3701,3689,1790
3702,3690,1790
3703,3691,1790
3704,3692,1790
3705,3693,1790
3706,3694,1790
3707,3695,1790
3708,3696,1790
3709,3697,1790
3710,3698,1790
3711,3699,1790
3712,3700,1790
3713,3701,1790
3714,3702,1790
3715,3703,1790
3716,3704,1791
3717,3705,1792
3718,3706,1793
3719,3707,1794
3720,3708,1795
3721,3709,1796
3722,3710,1797
3723,3711,1798
3724,3712,1799
3725,3713,1800
3726,3714,1801
3727,3715,1802
3728,3716,1803
3729,3717,1804
3730,3718,1805
3731,3719,1806
3732,3720,1807
3733,3721,1808
3734,3722,1809
3735,3723,1810
3736,3724,1811
3737,3725,1812
3738,3726,1813
3739,3727,1814
3740,3728,1815
3741,3729,1816
3742,3730,1817
3743,3731,1817
3744,3732,1817
3745,3733,1817
3746,3734,1817
3747,3735,1817
3748,3736,1817
3749,3737,1817
3750,3738,1817
3751,3739,1817
3752,3740,1817
3753,3741,1817
3754,3742,1817
3755,3743,1817
3756,3744,1817
3757,3745,1817
3758,3746,1817
3759,3747,1817
3760,3748,1817
3761,3749,1817
3762,3750,1817
3763,3751,1817
3764,3752,1818
3765,3753,1819
3766,3754,1820
3767,3755,1821
3768,3756,1822
3769,3757,1823
3770,3758,1824
3771,3759,1825
3772,3760,1826
3773,3761,1827
3774,3762,1828
3775,3763,1828
3776,3764,1828
3777,3765,1828
3778,3766,1828
3779,3767,1828
3780,3768,1828
3781,3769,1828
3782,3770,1828
3783,3771,1828
3784,3772,1828
3785,3773,1829
3786,3774,1830
3787,3775,1831
3788,3776,1832
3789,3777,1833
3790,3778,1834
3791,3779,1835
3792,3780,1836
3793,3781,1837
3794,3782,1838
3795,3783,1839
3796,3784,1840
3797,3785,1841
3798,3786,1842
3799,3787,1843
3800,3788,1844
3801,3789,1845
3802,3790,1846
3803,3791,1846
3804,3792,1846
3805,3793,1847
3806,3794,1848
3807,3795,1849
3808,3796,1850
3809,3797,1851
3810,3798,1852
3811,3799,1853
3812,3800,1854
3813,3801,1855
3814,3802,1856
3815,3803,1857
3816,3804,1858
3817,3805,1859
3818,3806,1860
3819,3807,1861
3820,3808,1862
3821,3809,1862
3822,3810,1862
3823,3811,1862
3824,3812,1862
3825,3813,1862
3826,3814,1862
3827,3815,1862
3828,3816,1862
3829,3817,1862
3830,3818,1862
3831,3819,1862
3832,3820,1862
3833,3821,1862
3834,3822,1863
3835,3823,1864
3836,3824,1865
3837,3825,1866
3838,3826,1867
3839,3827,1868
3840,3828,1869
3841,3829,1870
3842,3830,1871
3843,3831,1871
3844,3832,1871
3845,3833,1871
3846,3834,1871
3847,3835,1871
3848,3836,1871
3849,3837,1871
3850,3838,1871
3851,3839,1871
3852,3840,1871
3853,3841,1871
3854,3842,1871
3855,3843,1871
3856,3844,1871
3857,3845,1871
3858,3846,1871
3859,3847,1872
3860,3848,1873
3861,3849,1874
3862,3850,1875
3863,3851,1876
3864,3852,1877
3865,3853,1878
3866,3854,1879
3867,3855,1880
3868,3856,1881
3869,3857,1881
3870,3858,1881
3871,3859,1881
3872,3860,1881
3873,3861,1881
3874,3862,1881
3875,3863,1881
3876,3864,1881
3877,3865,1881
3878,3866,1881
3879,3867,1881
3880,3868,1882
3881,3869,1883
3882,3870,1884
3883,3871,1885
3884,3872,1886
3885,3873,1887
3886,3874,1888
3887,3875,1889
3888,3876,1890
3889,3877,1891
3890,3878,1892
3891,3879,1893
3892,3880,1894
3893,3881,1895
3894,3882,1896
3895,3883,1897
3896,3884,1897
3897,3885,1897
3898,3886,1897
3899,3887,1897
3900,3888,1897
3901,3889,1897
3902,3890,1897
3903,3891,1897
3904,3892,1897
3905,3893,1897
3906,3894,1897
3907,3895,1897
3908,3896,1897
3909,3897,1897
3910,3898,1897
3911,3899,1897
3912,3900,1897
3913,3901,1897
3914,3902,1897
3915,3903,1897
3916,3904,1897
3917,3905,1897
3918,3906,1897
3919,3907,1897
3920,3908,1897
3921,3909,1897
3922,3910,1897
3923,3911,1897
3924,3912,1897
3925,3913,1897
3926,3914,1897
3927,3915,1897
3928,3916,1897
3929,3917,1897
3930,3918,1897
3931,3919,1897
3932,3920,1897
3933,3921,1897
3934,3922,1897
3935,3923,1897
3936,3924,1897
3937,3925,1897
3938,3926,1897
3939,3927,1897
3940,3928,1897
3941,3929,1897
3942,3930,1897
3943,3931,1897
3944,3932,1897
3945,3933,1897
3946,3934,1897
3947,3935,1897
3948,3936,1897
3949,3937,1897
3950,3938,1897
3951,3939,1897
3952,3940,1897
3953,3941,1897
3954,3942,1897
3955,3943,1897
3956,3944,1897
3957,3945,1897
3958,3946,1897
3959,3947,1897
3960,3948,1898
3961,3949,1899
3962,3950,1900
3963,3951,1901
3964,3952,1902
3965,3953,1903
3966,3954,1904
3967,3955,1905
3968,3956,1906
3969,3957,1907
3970,3958,1908
3971,3959,1909
3972,3960,1910
3973,3961,1911
3974,3962,1912
3975,3963,1913
3976,3964,1914
3977,3965,1915
3978,3966,1916
3979,3967,1917
3980,3968,1918
3981,3969,1919
3982,3970,1920
3983,3971,1921
3984,3972,1922
3985,3973,1923
3986,3974,1924
3987,3975,1925
3988,3976,1926
3989,3977,1927
3990,3978,1928
3991,3979,1929
3992,3980,1930
3993,3981,1931
3994,3982,1932
3995,3983,1933
3996,3984,1934
3997,3985,1935
3998,3986,1936
3999,3987,1937
4000,3988,1938
4001,3989,1939
4002,3990,1940
4003,3991,1941
4004,3992,1942
4005,3993,1943
4006,3994,1944
4007,3995,1945
4008,3996,1946
4009,3997,1947
4010,3998,1948
4011,3999,1949
4012,4000,1950
4013,4001,1951
4014,4002,1952
4015,4003,1953
4016,4004,1954
4017,4005,1955
4018,4006,1956
4019,4007,1957
4020,4008,1958
4021,4009,1959
4022,4010,1960
4023,4011,1961
4024,4012,1961
4025,4013,1961
4026,4014,1961
4027,4015,1961
4028,4016,1961
4029,4017,1961
4030,4018,1961
4031,4019,1961
4032,4020,1961
4033,4021,1961
4034,4022,1961
4035,4023,1961
4036,4024,1961
4037,4025,1961
4038,4026,1961
4039,4027,1961
4040,4028,1961
4041,4029,1961
4042,4030,1961
4043,4031,1961
4044,4032,1961
4045,4033,1961
4046,4034,1961
4047,4035,1962
4048,4036,1963
4049,4037,1964
4050,4038,1965
4051,4039,1966
4052,4040,1967
4053,4041,1968
4054,4042,1969
4055,4043,1970
4056,4044,1971
4057,4045,1972
4058,4046,1972
4059,4047,1972
4060,4048,1972
4061,4049,1972
4062,4050,1972
4063,4051,1972
4064,4052,1972
4065,4053,1972
4066,4054,1972
4067,4055,1973
4068,4056,1974
4069,4057,1975
4070,4058,1976
4071,4059,1977
4072,4060,1978
4073,4061,1979
4074,4062,1980
4075,4063,1981
4076,4064,1982
4077,4065,1983
4078,4066,1984
4079,4067,1984
4080,4068,1984
4081,4069,1984
4082,4070,1984
4083,4071,1984
4084,4072,1984
4085,4073,1984
4086,4074,1984
4087,4075,1984
4088,4076,1984
4089,4077,1984
4090,4078,1985
4091,4079,1986
4092,4080,1987
4093,4081,1988
4094,4082,1989
4095,4083,1990
4096,4084,1991
4097,4085,1992
4098,4086,1993
4099,4087,1994
4100,4088,1995
4101,4089,1995
4102,4090,1995
4103,4091,1995
4104,4092,1995
4105,4093,1995
4106,4094,1995
4107,4095,1995
4108,4096,1995
4109,4097,1995
4110,4098,1995
4111,4099,1995
4112,4100,1995
4113,4101,1995
4114,4102,1995
4115,4103,1995
4116,4104,1995
4117,4105,1995
4118,4106,1995
4119,4107,1995
4120,4108,1995
4121,4109,1995
4122,4110,1995
4123,4111,1995
4124,4112,1995
4125,4113,1995
4126,4114,1995
4127,4115,1995
4128,4116,1995
4129,4117,1995
4130,4118,1995
4131,4119,1995
4132,4120,1996
4133,4121,1997
4134,4122,1998
4135,4123,1999
4136,4124,2000
4137,4125,2001
4138,4126,2002
4139,4127,2003
4140,4128,2004
4141,4129,2005
4142,4130,2006
4143,4131,2007
4144,4132,2008
4145,4133,2009
4146,4134,2010
4147,4135,2011
4148,4136,2012
4149,4137,2013
4150,4138,2014
4151,4139,2015
4152,4140,2016
4153,4141,2017
4154,4142,2018
4155,4143,2019
4156,4144,2020
4157,4145,2021
4158,4146,2022
4159,4147,2023
4160,4148,2024
4161,4149,2025
4162,4150,2026
4163,4151,2027
4164,4152,2028
4165,4153,2029
4166,4154,2030
4167,4155,2031
4168,4156,2032
4169,4157,2033
4170,4158,2034
4171,4159,2035
4172,4160,2036
4173,4161,2037
4174,4162,2038
4175,4163,2039
4176,4164,2040
4177,4165,2041
4178,4166,2042
4179,4167,2043
4180,4168,2044
4181,4169,2045
4182,4170,2046
4183,4171,2047
4184,4172,2048
4185,4173,2049
4186,4174,2050
4187,4175,2051
4188,4176,2051
4189,4177,2051
4190,4178,2051
4191,4179,2051
4192,4180,2051
4193,4181,2051
4194,4182,2051
4195,4183,2051
4196,4184,2051
4197,4185,2051
4198,4186,2052
4199,4187,2053
4200,4188,2054
4201,4189,2055
4202,4190,2056
4203,4191,2057
4204,4192,2058
4205,4193,2059
4206,4194,2060
4207,4195,2061
4208,4196,2062
4209,4197,2063
4210,4198,2064
4211,4199,2065
4212,4200,2066
4213,4201,2067
4214,4202,2068
4215,4203,2069
4216,4204,2070
4217,4205,2071
4218,4206,2072
4219,4207,2073
4220,4208,2074
4221,4209,2075
4222,4210,2076
4223,4211,2077
4224,4212,2078
4225,4213,2078
4226,4214,2078
4227,4215,2078
4228,4216,2078
4229,4217,2078
4230,4218,2078
4231,4219,2078
4232,4220,2078
4233,4221,2078
4234,4222,2078
4235,4223,2078
4236,4224,2078
4237,4225,2078
4238,4226,2078
4239,4227,2078
4240,4228,2078
4241,4229,2078
4242,4230,2078
4243,4231,2078
4244,4232,2078
4245,4233,2078
4246,4234,2078
4247,4235,2078
4248,4236,2078
4249,4237,2078
4250,4238,2078
4251,4239,2078
4252,4240,2078
4253,4241,2078
4254,4242,2078
4255,4243,2078
4256,4244,2078
4257,4245,2078
4258,4246,2078
4259,4247,2078
4260,4248,2078
4261,4249,2078
4262,4250,2078
4263,4251,2078
4264,4252,2078
4265,4253,2078
4266,4254,2078
4267,4255,2078
4268,4256,2078
4269,4257,2079
4270,4258,2080
4271,4259,2081
4272,4260,2082
4273,4261,2083
4274,4262,2084
4275,4263,2085
4276,4264,2086
4277,4265,2087
4278,4266,2088
4279,4267,2089
4280,4268,2090
4281,4269,2091
4282,4270,2092
4283,4271,2093
4284,4272,2094
4285,4273,2095
4286,4274,2096
4287,4275,2097
4288,4276,2098
4289,4277,2099
4290,4278,2100
4291,4279,2101
4292,4280,2102
4293,4281,2103
4294,4282,2104
4295,4283,2105
4296,4284,2106
4297,4285,2107
4298,4286,2108
4299,4287,2109
4300,4288,2110
4301,4289,2110
4302,4290,2110
4303,4291,2110
4304,4292,2110
4305,4293,2111
4306,4294,2112
4307,4295,2113
4308,4296,2114
4309,4297,2115
4310,4298,2116
4311,4299,2117
4312,4300,2118
4313,4301,2119
4314,4302,2119
4315,4303,2119
4316,4304,2119
4317,4305,2119
4318,4306,2119
4319,4307,2119
4320,4308,2119
4321,4309,2119
4322,4310,2120
4323,4311,2121
4324,4312,2122
4325,4313,2123
4326,4314,2124
4327,4315,2125
4328,4316,2126
4329,4317,2127
4330,4318,2128
4331,4319,2129
4332,4320,2130
4333,4321,2131
4334,4322,2132
4335,4323,2133
4336,4324,2134
4337,4325,2135
4338,4326,2136
4339,4327,2137
4340,4328,2138
4341,4329,2139
4342,4330,2140
4343,4331,2141
4344,4332,2142
4345,4333,2143
4346,4334,2144
4347,4335,2145
4348,4336,2146
4349,4337,2147
4350,4338,2147
4351,4339,2147
4352,4340,2147
4353,4341,2147
4354,4342,2147
4355,4343,2147
4356,4344,2147
4357,4345,2147
4358,4346,2147
4359,4347,2147
4360,4348,2147
4361,4349,2147
4362,4350,2147
4363,4351,2147
4364,4352,2147
4365,4353,2147
4366,4354,2147
4367,4355,2147
4368,4356,2147
4369,4357,2147
4370,4358,2147
4371,4359,2147
4372,4360,2148
4373,4361,2149
4374,4362,2149
4375,4363,2149
4376,4364,2149
4377,4365,2149
4378,4366,2149
4379,4367,2149
4380,4368,2149
4381,4369,2149
4382,4370,2149
4383,4371,2149
4384,4372,2149
4385,4373,2149
4386,4374,2149
4387,4375,2149
4388,4376,2149
4389,4377,2149
4390,4378,2149
4391,4379,2149
4392,4380,2149
4393,4381,2149
4394,4382,2149
4395,4383,2149
4396,4384,2149
4397,4385,2149
4398,4386,2149
4399,4387,2149
4400,4388,2149
4401,4389,2149
4402,4390,2149
4403,4391,2149
4404,4392,2149
4405,4393,2149
4406,4394,2149
4407,4395,2149
4408,4396,2149
4409,4397,2149
4410,4398,2149
4411,4399,2149
4412,4400,2149
4413,4401,2149
4414,4402,2149
4415,4403,2149
4416,4404,2149
4417,4405,2149
4418,4406,2149
4419,4407,2149
4420,4408,2149
4421,4409,2149
4422,4410,2149
4423,4411,2149
4424,4412,2149
4425,4413,2150
4426,4414,2151
4427,4415,2152
4428,4416,2153
4429,4417,2154
4430,4418,2155
4431,4419,2156
4432,4420,2157
4433,4421,2158
4434,4422,2158
4435,4423,2158
4436,4424,2158
4437,4425,2158
4438,4426,2158
4439,4427,2158
4440,4428,2158
4441,4429,2158
4442,4430,2158
4443,4431,2158
4444,4432,2158
4445,4433,2158
4446,4434,2158
4447,4435,2158
4448,4436,2158
4449,4437,2159
4450,4438,2160
4451,4439,2161
4452,4440,2162
4453,4441,2163
4454,4442,2164
4455,4443,2165
4456,4444,2166
4457,4445,2167
4458,4446,2168
4459,4447,2169
4460,4448,2170
4461,4449,2171
4462,4450,2172
4463,4451,2173
4464,4452,2174
4465,4453,2175
4466,4454,2176
4467,4455,2177
4468,4456,2178
4469,4457,2179
4470,4458,2180
4471,4459,2181
4472,4460,2182
4473,4461,2182
4474,4462,2182
4475,4463,2182
4476,4464,2182
4477,4465,2182
4478,4466,2182
4479,4467,2182
4480,4468,2182
4481,4469,2182
4482,4470,2182
4483,4471,2182
4484,4472,2182
4485,4473,2182
4486,4474,2182
4487,4475,2182
4488,4476,2182
4489,4477,2182
4490,4478,2182
4491,4479,2182
4492,4480,2182
4493,4481,2182
4494,4482,2182
4495,4483,2182
4496,4484,2182
4497,4485,2182
4498,4486,2182
4499,4487,2182
4500,4488,2182
4501,4489,2182
4502,4490,2182
4503,4491,2182
4504,4492,2182
4505,4493,2182
4506,4494,2183
4507,4495,2184
4508,4496,2185
4509,4497,2186
4510,4498,2187
4511,4499,2188
4512,4500,2189
4513,4501,2190
4514,4502,2191
4515,4503,2192
4516,4504,2193
4517,4505,2194
4518,4506,2195
4519,4507,2195
4520,4508,2195
4521,4509,2196
4522,4510,2197
4523,4511,2198
4524,4512,2199
4525,4513,2200
4526,4514,2201
4527,4515,2202
4528,4516,2203
4529,4517,2204
4530,4518,2205
4531,4519,2206
4532,4520,2207
4533,4521,2208
4534,4522,2209
4535,4523,2210
4536,4524,2211
4537,4525,2212
4538,4526,2213
4539,4527,2214
4540,4528,2214
4541,4529,2214
4542,4530,2214
4543,4531,2214
4544,4532,2214
4545,4533,2214
4546,4534,2214
4547,4535,2214
4548,4536,2214
4549,4537,2214
4550,4538,2214
4551,4539,2214
4552,4540,2214
4553,4541,2214
4554,4542,2214
4555,4543,2214
4556,4544,2214
4557,4545,2214
4558,4546,2214
4559,4547,2214
4560,4548,2214
4561,4549,2214
4562,4550,2214
4563,4551,2215
4564,4552,2216
4565,4553,2217
4566,4554,2218
4567,4555,2219
4568,4556,2220
4569,4557,2221
4570,4558,2222
4571,4559,2223
4572,4560,2224
4573,4561,2225
4574,4562,2226
4575,4563,2227
4576,4564,2228
4577,4565,2229
4578,4566,2230
4579,4567,2231
4580,4568,2232
4581,4569,2233
4582,4570,2234
4583,4571,2235
4584,4572,2236
4585,4573,2237
4586,4574,2238
4587,4575,2238
4588,4576,2238
4589,4577,2238
4590,4578,2238
4591,4579,2238
4592,4580,2238
4593,4581,2238
4594,4582,2238
4595,4583,2238
4596,4584,2238
4597,4585,2238
4598,4586,2238
4599,4587,2238
4600,4588,2238
4601,4589,2238
4602,4590,2238
4603,4591,2238
4604,4592,2238
4605,4593,2239
4606,4594,2240
4607,4595,2241
4608,4596,2242
4609,4597,2243
4610,4598,2244
4611,4599,2245
4612,4600,2246
4613,4601,2247
4614,4602,2248
4615,4603,2249
4616,4604,2250
4617,4605,2251
4618,4606,2252
4619,4607,2253
4620,4608,2254
4621,4609,2255
4622,4610,2256
4623,4611,2257
4624,4612,2258
4625,4613,2259
4626,4614,2260
4627,4615,2261
4628,4616,2262
4629,4617,2263
4630,4618,2264
4631,4619,2265
4632,4620,2266
4633,4621,2266
4634,4622,2266
4635,4623,2266
4636,4624,2266
4637,4625,2266
4638,4626,2266
4639,4627,2266
4640,4628,2266
4641,4629,2266
4642,4630,2266
4643,4631,2266
4644,4632,2266
4645,4633,2266
4646,4634,2266
4647,4635,2266
4648,4636,2266
4649,4637,2266
4650,4638,2266
4651,4639,2266
4652,4640,2266
4653,4641,2266
4654,4642,2266
4655,4643,2266
4656,4644,2266
4657,4645,2266
4658,4646,2266
4659,4647,2266
4660,4648,2266
4661,4649,2266
4662,4650,2266
4663,4651,2266
4664,4652,2266
4665,4653,2266
4666,4654,2266
4667,4655,2266
4668,4656,2266
4669,4657,2266
4670,4658,2266
4671,4659,2266
4672,4660,2266
4673,4661,2266
4674,4662,2266
4675,4663,2266
4676,4664,2266
4677,4665,2266
4678,4666,2266
4679,4667,2266
4680,4668,2266
4681,4669,2266
4682,4670,2266
4683,4671,2266
4684,4672,2266
4685,4673,2266
4686,4674,2266
4687,4675,2266
4688,4676,2266
4689,4677,2266
4690,4678,2266
4691,4679,2266
4692,4680,2266
4693,4681,2266
4694,4682,2266
4695,4683,2266
4696,4684,2266
4697,4685,2266
4698,4686,2266
4699,4687,2266
4700,4688,2266
4701,4689,2266
4702,4690,2266
4703,4691,2266
4704,4692,2266
4705,4693,2266
4706,4694,2266
4707,4695,2266
4708,4696,2266
4709,4697,2266
4710,4698,2266
4711,4699,2266
4712,4700,2266
4713,4701,2266
4714,4702,2266
4715,4703,2266
4716,4704,2266
4717,4705,2266
4718,4706,2266
4719,4707,2266
4720,4708,2266
4721,4709,2266
4722,4710,2266
4723,4711,2266
4724,4712,2266
4725,4713,2266
4726,4714,2266
4727,4715,2266
4728,4716,2266
4729,4717,2266
4730,4718,2266
4731,4719,2266
4732,4720,2266
4733,4721,2266
4734,4722,2266
4735,4723,2266
4736,4724,2266
4737,4725,2266
4738,4726,2266
4739,4727,2266
4740,4728,2266
4741,4729,2266
4742,4730,2266
4743,4731,2266
4744,4732,2266
4745,4733,2266
4746,4734,2266
4747,4735,2266
4748,4736,2266
4749,4737,2266
4750,4738,2266
4751,4739,2266
4752,4740,2266
4753,4741,2266
4754,4742,2266
4755,4743,2266
4756,4744,2266
4757,4745,2266
4758,4746,2266
4759,4747,2266
4760,4748,2266
4761,4749,2266
4762,4750,2266
4763,4751,2266
4764,4752,2266
4765,4753,2266
4766,4754,2266
4767,4755,2266
4768,4756,2266
4769,4757,2266
4770,4758,2266
4771,4759,2266
4772,4760,2266
4773,4761,2266
4774,4762,2266
4775,4763,2266
4776,4764,2266
4777,4765,2266
4778,4766,2266
4779,4767,2266
4780,4768,2266
4781,4769,2266
4782,4770,2266
4783,4771,2266
4784,4772,2267
4785,4773,2268
4786,4774,2269
4787,4775,2270
4788,4776,2271
4789,4777,2272
4790,4778,2273
4791,4779,2274
4792,4780,2275
4793,4781,2276
4794,4782,2277
4795,4783,2278
4796,4784,2279
4797,4785,2280
4798,4786,2281
4799,4787,2282
4800,4788,2283
4801,4789,2284
4802,4790,2285
4803,4791,2286
4804,4792,2287
4805,4793,2288
4806,4794,2289
4807,4795,2290
4808,4796,2291
4809,4797,2292
4810,4798,2293
4811,4799,2294
4812,4800,2295
4813,4801,2296
4814,4802,2297
4815,4803,2298
4816,4804,2299
4817,4805,2300
4818,4806,2301
4819,4807,2302
4820,4808,2303
4821,4809,2304
4822,4810,2305
4823,4811,2306
4824,4812,2307
4825,4813,2308
4826,4814,2309
4827,4815,2310
4828,4816,2311
4829,4817,2312
4830,4818,2313
4831,4819,2314
4832,4820,2315
4833,4821,2316
4834,4822,2317
4835,4823,2318
4836,4824,2319
4837,4825,2320
4838,4826,2321
4839,4827,2322
4840,4828,2323
4841,4829,2324
4842,4830,2325
4843,4831,2326
4844,4832,2327
4845,4833,2328
4846,4834,2329
4847,4835,2330
4848,4836,2331
4849,4837,2332
4850,4838,2333
4851,4839,2334
4852,4840,2335
4853,4841,2336
4854,4842,2336
4855,4843,2336
4856,4844,2336
4857,4845,2336
4858,4846,2336
4859,4847,2336
4860,4848,2336
4861,4849,2336
4862,4850,2336
4863,4851,2336
4864,4852,2336
4865,4853,2336
4866,4854,2336
4867,4855,2336
4868,4856,2336
4869,4857,2336
4870,4858,2336
4871,4859,2336
4872,4860,2336
4873,4861,2336
4874,4862,2336
4875,4863,2336
4876,4864,2336
4877,4865,2336
4878,4866,2336
4879,4867,2336
4880,4868,2336
4881,4869,2336
4882,4870,2336
4883,4871,2336
4884,4872,2336
4885,4873,2336
4886,4874,2337
4887,4875,2338
4888,4876,2339
4889,4877,2340
4890,4878,2341
4891,4879,2342
4892,4880,2343
4893,4881,2344
4894,4882,2345
4895,4883,2346
4896,4884,2347
4897,4885,2348
4898,4886,2349
4899,4887,2350
4900,4888,2351
4901,4889,2352
4902,4890,2353
4903,4891,2354
4904,4892,2355
4905,4893,2356
4906,4894,2357
4907,4895,2358
4908,4896,2359
4909,4897,2360
4910,4898,2361
4911,4899,2362
4912,4900,2363
4913,4901,2364
4914,4902,2364
4915,4903,2364
4916,4904,2364
4917,4905,2364
4918,4906,2364
4919,4907,2364
4920,4908,2365
4921,4909,2366
4922,4910,2367
4923,4911,2368
4924,4912,2369
4925,4913,2370
4926,4914,2371
4927,4915,2372
4928,4916,2373
4929,4917,2374
4930,4918,2375
4931,4919,2376
4932,4920,2377
4933,4921,2378
4934,4922,2379
4935,4923,2380
4936,4924,2381
4937,4925,2382
4938,4926,2382
4939,4927,2382
4940,4928,2382
4941,4929,2382
4942,4930,2382
4943,4931,2382
4944,4932,2382
4945,4933,2382
4946,4934,2382
4947,4935,2382
4948,4936,2382
4949,4937,2382
4950,4938,2382
4951,4939,2382
4952,4940,2382
4953,4941,2382
4954,4942,2382
4955,4943,2382
4956,4944,2382
4957,4945,2382
4958,4946,2382
4959,4947,2382
4960,4948,2382
4961,4949,2382
4962,4950,2382
4963,4951,2382
4964,4952,2383
4965,4953,2384
4966,4954,2385
4967,4955,2386
4968,4956,2387
4969,4957,2388
4970,4958,2389
4971,4959,2390
4972,4960,2391
4973,4961,2392
4974,4962,2393
4975,4963,2394
4976,4964,2395
4977,4965,2396
4978,4966,2397
4979,4967,2398
4980,4968,2399
4981,4969,2400
4982,4970,2401
4983,4971,2402
4984,4972,2403
4985,4973,2404
4986,4974,2405
4987,4975,2406
4988,4976,2407
4989,4977,2408
4990,4978,2409
4991,4979,2410
4992,4980,2411
4993,4981,2412
4994,4982,2413
4995,4983,2414
4996,4984,2415
4997,4985,2416
4998,4986,2417
4999,4987,2418
5000,4988,2419
5001,4989,2419
5002,4990,2419
5003,4991,2419
5004,4992,2419
5005,4993,2419
5006,4994,2419
5007,4995,2419
5008,4996,2419
5009,4997,2419
5010,4998,2419
5011,4999,2420
5012,5000,2421
5013,5001,2422
5014,5002,2423
5015,5003,2424
5016,5004,2425
5017,5005,2426
5018,5006,2427
5019,5007,2428
5020,5008,2429
5021,5009,2430
5022,5010,2431
5023,5011,2432
5024,5012,2433
5025,5013,2434
5026,5014,2435
5027,5015,2436
5028,5016,2437
5029,5017,2438
5030,5018,2439
5031,5019,2440
5032,5020,2441
5033,5021,2442
5034,5022,2443
5035,5023,2444
5036,5024,2445
5037,5025,2446
5038,5026,2447
5039,5027,2448
5040,5028,2449
5041,5029,2450
5042,5030,2451
5043,5031,2452
5044,5032,2453
5045,5033,2454
5046,5034,2455
5047,5035,2456
5048,5036,2457
5049,5037,2457
5050,5038,2457
5051,5039,2457
5052,5040,2458
5053,5041,2458
5054,5042,2458
5055,5043,2458
5056,5044,2458
5057,5045,2458
5058,5046,2458
5059,5047,2458
5060,5048,2458
5061,5049,2458
5062,5050,2458
5063,5051,2458
5064,5052,2458
5065,5053,2458
5066,5054,2458
5067,5055,2458
5068,5056,2458
5069,5057,2458
5070,5058,2458
5071,5059,2458
5072,5060,2458
5073,5061,2458
5074,5062,2458
5075,5063,2459
5076,5064,2460
5077,5065,2461
5078,5066,2462
5079,5067,2463
5080,5068,2464
5081,5069,2465
5082,5070,2466
5083,5071,2467
5084,5072,2468
5085,5073,2469
5086,5074,2470
5087,5075,2471
5088,5076,2472
5089,5077,2473
5090,5078,2474
5091,5079,2475
5092,5080,2476
5093,5081,2477
5094,5082,2478
5095,5083,2479
5096,5084,2480
5097,5085,2481
5098,5086,2482
5099,5087,2483
5100,5088,2484
5101,5089,2485
5102,5090,2486
5103,5091,2487
5104,5092,2488
5105,5093,2489
5106,5094,2490
5107,5095,2491
5108,5096,2492
5109,5097,2493
5110,5098,2494
5111,5099,2495
5112,5100,2496
5113,5101,2497
5114,5102,2498
5115,5103,2499
5116,5104,2500
5117,5105,2501
5118,5106,2502
5119,5107,2503
5120,5108,2504
5121,5109,2505
5122,5110,2506
5123,5111,2507
5124,5112,2508
5125,5113,2509
5126,5114,2510
5127,5115,2511
5128,5116,2512
5129,5117,2513
5130,5118,2514
5131,5119,2515
5132,5120,2516
5133,5121,2517
5134,5122,2518
5135,5123,2519
5136,5124,2520
5137,5125,2521
5138,5126,2522
5139,5127,2523
5140,5128,2524
5141,5129,2525
5142,5130,2526
5143,5131,2527
5144,5132,2528
5145,5133,2529
5146,5134,2530
5147,5135,2531
5148,5136,2532
5149,5137,2533
5150,5138,2534
5151,5139,2535
5152,5140,2536
5153,5141,2537
5154,5142,2538
5155,5143,2539
5156,5144,2540
5157,5145,2541
5158,5146,2542
5159,5147,2543
5160,5148,2544
5161,5149,2545
5162,5150,2546
5163,5151,2547
5164,5152,2548
5165,5153,2549
5166,5154,2550
5167,5155,2551
5168,5156,2552
5169,5157,2553
5170,5158,2554
5171,5159,2555
5172,5160,2556
5173,5161,2557
5174,5162,2558
5175,5163,2558
5176,5164,2558
5177,5165,2558
5178,5166,2558
5179,5167,2558
5180,5168,2558
5181,5169,2558
5182,5170,2558
5183,5171,2558
5184,5172,2558
5185,5173,2558
5186,5174,2558
5187,5175,2558
5188,5176,2558
5189,5177,2558
5190,5178,2558
5191,5179,2558
5192,5180,2558
5193,5181,2558
5194,5182,2558
5195,5183,2558
5196,5184,2558
5197,5185,2558
5198,5186,2558
5199,5187,2558
5200,5188,2558
5201,5189,2558
5202,5190,2558
5203,5191,2558
5204,5192,2558
5205,5193,2558
5206,5194,2558
5207,5195,2558
5208,5196,2558
5209,5197,2558
5210,5198,2558
5211,5199,2558
5212,5200,2558
5213,5201,2558
5214,5202,2558
5215,5203,2558
5216,5204,2558
5217,5205,2558
5218,5206,2558
5219,5207,2558
5220,5208,2558
5221,5209,2558
5222,5210,2558
5223,5211,2558
5224,5212,2558
5225,5213,2558
5226,5214,2558
5227,5215,2558
5228,5216,2558
5229,5217,2558
5230,5218,2558
5231,5219,2558
5232,5220,2558
5233,5221,2558
5234,5222,2558
5235,5223,2558
5236,5224,2558
5237,5225,2558
5238,5226,2558
5239,5227,2558
5240,5228,2558
5241,5229,2558
5242,5230,2558
5243,5231,2558
5244,5232,2558
5245,5233,2558
5246,5234,2558
5247,5235,2558
5248,5236,2558
5249,5237,2558
5250,5238,2558
5251,5239,2558
5252,5240,2558
5253,5241,2558
5254,5242,2558
5255,5243,2558
5256,5244,2558
5257,5245,2558
5258,5246,2558
5259,5247,2558
5260,5248,2558
5261,5249,2558
5262,5250,2558
5263,5251,2558
5264,5252,2558
5265,5253,2558
5266,5254,2558
5267,5255,2558
5268,5256,2558
5269,5257,2558
5270,5258,2558
5271,5259,2558
5272,5260,2558
5273,5261,2558
5274,5262,2558
5275,5263,2558
5276,5264,2558
5277,5265,2558
5278,5266,2558
5279,5267,2558
5280,5268,2558
5281,5269,2558
5282,5270,2558
5283,5271,2558
5284,5272,2558
5285,5273,2558
5286,5274,2558
5287,5275,2558
5288,5276,2558
5289,5277,2558
5290,5278,2558
5291,5279,2559
5292,5280,2560
5293,5281,2560
5294,5282,2560
5295,5283,2560
5296,5284,2560
5297,5285,2560
5298,5286,2560
5299,5287,2560
5300,5288,2560
5301,5289,2560
5302,5290,2560
5303,5291,2560
5304,5292,2560
5305,5293,2560
5306,5294,2560
5307,5295,2560
5308,5296,2560
5309,5297,2560
5310,5298,2560
5311,5299,2560
5312,5300,2560
5313,5301,2560
5314,5302,2560
5315,5303,2560
5316,5304,2560
5317,5305,2560
5318,5306,2560
5319,5307,2560
5320,5308,2560
5321,5309,2560
5322,5310,2560
5323,5311,2560
5324,5312,2561
5325,5313,2562
5326,5314,2563
5327,5315,2564
5328,5316,2565
5329,5317,2566
5330,5318,2567
5331,5319,2568
5332,5320,2569
5333,5321,2570
5334,5322,2571
5335,5323,2572
5336,5324,2572
5337,5325,2572
5338,5326,2572
5339,5327,2572
5340,5328,2572
5341,5329,2572
5342,5330,2573
5343,5331,2574
5344,5332,2575
5345,5333,2576
5346,5334,2577
5347,5335,2578
5348,5336,2579
5349,5337,2580
5350,5338,2581
5351,5339,2582
5352,5340,2583
5353,5341,2584
5354,5342,2585
5355,5343,2586
5356,5344,2587
5357,5345,2588
5358,5346,2589
5359,5347,2590
5360,5348,2591
5361,5349,2592
5362,5350,2593
5363,5351,2594
5364,5352,2595
5365,5353,2596
5366,5354,2597
5367,5355,2598
5368,5356,2599
5369,5357,2600
5370,5358,2601
5371,5359,2602
5372,5360,2603
5373,5361,2604
5374,5362,2605
5375,5363,2606
5376,5364,2607
5377,5365,2608
5378,5366,2609
5379,5367,2610
5380,5368,2611
5381,5369,2612
5382,5370,2613
5383,5371,2614
5384,5372,2615
5385,5373,2616
5386,5374,2617
5387,5375,2618
5388,5376,2619
5389,5377,2620
5390,5378,2621
5391,5379,2622
5392,5380,2623
5393,5381,2624
5394,5382,2625
5395,5383,2626
5396,5384,2627
5397,5385,2628
5398,5386,2629
5399,5387,2630
5400,5388,2631
5401,5389,2632
5402,5390,2633
5403,5391,2634
5404,5392,2635
5405,5393,2636
5406,5394,2637
5407,5395,2638
5408,5396,2639
5409,5397,2640
5410,5398,2641
5411,5399,2642
5412,5400,2643
5413,5401,2644
5414,5402,2645
5415,5403,2646
5416,5404,2647
5417,5405,2648
5418,5406,2649
5419,5407,2650
5420,5408,2651
5421,5409,2652
5422,5410,2653
5423,5411,2654
5424,5412,2655
5425,5413,2656
5426,5414,2657
5427,5415,2658
5428,5416,2659
5429,5417,2660
5430,5418,2661
5431,5419,2662
5432,5420,2663
5433,5421,2664
5434,5422,2665
5435,5423,2666
5436,5424,2667
5437,5425,2668
5438,5426,2669
5439,5427,2670
5440,5428,2671
5441,5429,2672
5442,5430,2673
5443,5431,2674
5444,5432,2675
5445,5433,2676
5446,5434,2677
5447,5435,2678
5448,5436,2679
5449,5437,2680
5450,5438,2680
5451,5439,2680
5452,5440,2680
5453,5441,2680
5454,5442,2680
5455,5443,2680
5456,5444,2680
5457,5445,2680
5458,5446,2680
5459,5447,2680
5460,5448,2680
5461,5449,2680
5462,5450,2680
5463,5451,2680
5464,5452,2680
5465,5453,2680
5466,5454,2680
5467,5455,2680
5468,5456,2680
5469,5457,2680
5470,5458,2680
5471,5459,2680
5472,5460,2680
5473,5461,2680
5474,5462,2680
5475,5463,2680
5476,5464,2680
5477,5465,2680
5478,5466,2680
5479,5467,2680
5480,5468,2680
5481,5469,2680
5482,5470,2680
5483,5471,2680
5484,5472,2680
5485,5473,2680
5486,5474,2680
5487,5475,2680
5488,5476,2680
5489,5477,2680
5490,5478,2680
5491,5479,2680
5492,5480,2680
5493,5481,2680
5494,5482,2680
5495,5483,2680
5496,5484,2680
5497,5485,2680
5498,5486,2680
5499,5487,2680
5500,5488,2680
5501,5489,2680
5502,5490,2680
5503,5491,2680
5504,5492,2680
5505,5493,2680
5506,5494,2680
5507,5495,2680
5508,5496,2680
5509,5497,2680
5510,5498,2680
5511,5499,2680
5512,5500,2680
5513,5501,2680
5514,5502,2680
5515,5503,2680
5516,5504,2680
5517,5505,2680
5518,5506,2680
5519,5507,2680
5520,5508,2680
5521,5509,2680
5522,5510,2680
5523,5511,2680
5524,5512,2680
5525,5513,2680
5526,5514,2681
5527,5515,2682
5528,5516,2683
5529,5517,2684
5530,5518,2685
5531,5519,2686
5532,5520,2687
5533,5521,2687
5534,5522,2687
5535,5523,2687
5536,5524,2687
5537,5525,2687
5538,5526,2687
5539,5527,2687
5540,5528,2687
5541,5529,2687
5542,5530,2687
5543,5531,2687
5544,5532,2687
5545,5533,2687
5546,5534,2687
5547,5535,2687
5548,5536,2687
5549,5537,2687
5550,5538,2687
5551,5539,2687
5552,5540,2687
5553,5541,2687
5554,5542,2687
5555,5543,2687
5556,5544,2687
5557,5545,2687
5558,5546,2687
5559,5547,2687
5560,5548,2687
5561,5549,2687
5562,5550,2687
5563,5551,2687
5564,5552,2687
5565,5553,2687
5566,5554,2687
5567,5555,2687
5568,5556,2687
5569,5557,2687
5570,5558,2687
5571,5559,2688
5572,5560,2689
5573,5561,2690
5574,5562,2691
5575,5563,2692
5576,5564,2693
5577,5565,2694
5578,5566,2695
5579,5567,2696
5580,5568,2697
5581,5569,2698
5582,5570,2698
5583,5571,2698
5584,5572,2698
5585,5573,2698
5586,5574,2698
5587,5575,2699
5588,5576,2700
5589,5577,2701
5590,5578,2702
5591,5579,2703
5592,5580,2704
5593,5581,2705
5594,5582,2705
5595,5583,2705
5596,5584,2705
5597,5585,2705
5598,5586,2705
5599,5587,2705
5600,5588,2705
5601,5589,2705
5602,5590,2705
5603,5591,2705
5604,5592,2705
5605,5593,2705
5606,5594,2705
5607,5595,2706
5608,5596,2707
5609,5597,2708
5610,5598,2709
5611,5599,2710
5612,5600,2711
5613,5601,2712
5614,5602,2713
5615,5603,2714
5616,5604,2715
5617,5605,2716
5618,5606,2717
5619,5607,2718
5620,5608,2719
5621,5609,2720
5622,5610,2721
5623,5611,2722
5624,5612,2723
5625,5613,2724
5626,5614,2725
5627,5615,2726
5628,5616,2727
5629,5617,2727
5630,5618,2728
5631,5619,2729
5632,5620,2730
5633,5621,2731
5634,5622,2732
5635,5623,2733
5636,5624,2734
5637,5625,2735
5638,5626,2736
5639,5627,2737
5640,5628,2738
5641,5629,2739
5642,5630,2740
5643,5631,2741
5644,5632,2742
5645,5633,2743
5646,5634,2744
5647,5635,2745
5648,5636,2746
5649,5637,2747
5650,5638,2748
5651,5639,2749
5652,5640,2750
5653,5641,2751
5654,5642,2752
5655,5643,2753
5656,5644,2754
5657,5645,2755
5658,5646,2756
5659,5647,2757
5660,5648,2758
5661,5649,2759
5662,5650,2760
5663,5651,2761
5664,5652,2762
5665,5653,2763
5666,5654,2764
5667,5655,2765
5668,5656,2766
5669,5657,2767
5670,5658,2768
5671,5659,2769
5672,5660,2770
5673,5661,2771
5674,5662,2772
5675,5663,2773
5676,5664,2774
5677,5665,2775
5678,5666,2776
5679,5667,2777
5680,5668,2778
5681,5669,2779
5682,5670,2780
5683,5671,2781
5684,5672,2782
5685,5673,2783
5686,5674,2784
5687,5675,2785
5688,5676,2786
5689,5677,2787
5690,5678,2788
5691,5679,2789
5692,5680,2790
5693,5681,2791
5694,5682,2792
5695,5683,2793
5696,5684,2794
5697,5685,2795
5698,5686,2796
5699,5687,2797
5700,5688,2798
5701,5689,2799
5702,5690,2800
5703,5691,2801
5704,5692,2802
5705,5693,2803
5706,5694,2804
5707,5695,2805
5708,5696,2806
5709,5697,2807
5710,5698,2808
5711,5699,2809
5712,5700,2810
5713,5701,2811
5714,5702,2812
5715,5703,2813
5716,5704,2814
5717,5705,2815
5718,5706,2816
5719,5707,2817
5720,5708,2818
5721,5709,2819
5722,5710,2820
5723,5711,2821
5724,5712,2822
5725,5713,2823
5726,5714,2824
5727,5715,2825
5728,5716,2826
5729,5717,2827
5730,5718,2828
5731,5719,2829
5732,5720,2830
5733,5721,2831
5734,5722,2832
5735,5723,2833
5736,5724,2834
5737,5725,2835
5738,5726,2836
5739,5727,2837
5740,5728,2838
5741,5729,2839
5742,5730,2840
5743,5731,2841
5744,5732,2842
5745,5733,2843
5746,5734,2844
5747,5735,2845
5748,5736,2846
5749,5737,2847
5750,5738,2848
5751,5739,2849
5752,5740,2850
5753,5741,2851
5754,5742,2852
5755,5743,2853
5756,5744,2854
5757,5745,2855
5758,5746,2856
5759,5747,2857
5760,5748,2858
5761,5749,2859
5762,5750,2860
5763,5751,2861
5764,5752,2862
5765,5753,2863
5766,5754,2864
5767,5755,2865
5768,5756,2866
5769,5757,2867
5770,5758,2868
5771,5759,2869
5772,5760,2870
5773,5761,2871
5774,5762,2872
5775,5763,2873
5776,5764,2874
5777,5765,2875
5778,5766,2876
5779,5767,2877
5780,5768,2878
5781,5769,2879
5782,5770,2880
5783,5771,2881
5784,5772,2882
5785,5773,2883
5786,5774,2884
5787,5775,2885
5788,5776,2886
5789,5777,2887
5790,5778,2888
5791,5779,2889
5792,5780,2890
5793,5781,2891
5794,5782,2892
5795,5783,2893
5796,5784,2894
5797,5785,2895
5798,5786,2896
5799,5787,2897
5800,5788,2898
5801,5789,2899
5802,5790,2900
5803,5791,2901
5804,5792,2902
5805,5793,2903
5806,5794,2904
5807,5795,2905
5808,5796,2906
5809,5797,2907
5810,5798,2908
5811,5799,2909
5812,5800,2910
5813,5801,2910
5814,5802,2910
5815,5803,2910
5816,5804,2910
5817,5805,2910
5818,5806,2910
5819,5807,2910
5820,5808,2910
5821,5809,2910
5822,5810,2910
5823,5811,2910
5824,5812,2910
5825,5813,2910
5826,5814,2910
5827,5815,2910
5828,5816,2910
5829,5817,2910
5830,5818,2910
5831,5819,2910
5832,5820,2910
5833,5821,2910
5834,5822,2910
5835,5823,2910
5836,5824,2910
5837,5825,2910
5838,5826,2910
5839,5827,2910
5840,5828,2910
5841,5829,2910
5842,5830,2910
5843,5831,2910
5844,5832,2910
5845,5833,2910
5846,5834,2910
5847,5835,2910
5848,5836,2910
5849,5837,2910
5850,5838,2910
5851,5839,2910
5852,5840,2910
5853,5841,2910
5854,5842,2910
5855,5843,2910
5856,5844,2910
5857,5845,2910
5858,5846,2910
5859,5847,2910
5860,5848,2910
5861,5849,2910
5862,5850,2910
5863,5851,2910
5864,5852,2910
5865,5853,2910
5866,5854,2910
5867,5855,2910
5868,5856,2910
5869,5857,2910
5870,5858,2910
5871,5859,2910
5872,5860,2910
5873,5861,2910
5874,5862,2910
5875,5863,2910
5876,5864,2910
5877,5865,2910
5878,5866,2910
5879,5867,2910
5880,5868,2910
5881,5869,2910
5882,5870,2910
5883,5871,2910
5884,5872,2910
5885,5873,2910
5886,5874,2910
5887,5875,2910
5888,5876,2910
5889,5877,2910
5890,5878,2910
5891,5879,2910
5892,5880,2910
5893,5881,2910
5894,5882,2910
5895,5883,2910
5896,5884,2910
5897,5885,2910
5898,5886,2910
5899,5887,2910
5900,5888,2910
5901,5889,2910
5902,5890,2910
5903,5891,2910
5904,5892,2910
5905,5893,2910
5906,5894,2910
5907,5895,2910
5908,5896,2910
5909,5897,2910
5910,5898,2910
5911,5899,2910
5912,5900,2910
5913,5901,2910
5914,5902,2910
5915,5903,2911
5916,5904,2912
5917,5905,2913
5918,5906,2914
5919,5907,2915
5920,5908,2916
5921,5909,2917
5922,5910,2918
5923,5911,2919
5924,5912,2920
5925,5913,2921
5926,5914,2922
5927,5915,2923
5928,5916,2924
5929,5917,2925
5930,5918,2926
5931,5919,2927
5932,5920,2928
5933,5921,2929
5934,5922,2930
5935,5923,2931
5936,5924,2932
5937,5925,2933
5938,5926,2934
5939,5927,2935
5940,5928,2936
5941,5929,2937
5942,5930,2938
5943,5931,2939
5944,5932,2940
5945,5933,2941
5946,5934,2942
5947,5935,2943
5948,5936,2944
5949,5937,2945
5950,5938,2946
5951,5939,2947
5952,5940,2948
5953,5941,2949
5954,5942,2950
5955,5943,2951
5956,5944,2952
5957,5945,2953
5958,5946,2954
5959,5947,2955
5960,5948,2956
5961,5949,2957
5962,5950,2958
5963,5951,2959
5964,5952,2960
5965,5953,2961
5966,5954,2961
5967,5955,2961
5968,5956,2961
5969,5957,2961
5970,5958,2961
5971,5959,2961
5972,5960,2962
5973,5960,2963
5974,5960,2964
5975,5960,2965
5976,5960,2966
5977,5961,2967
5978,5962,2968
5979,5963,2969
5980,5964,2970
5981,5965,2971
5982,5966,2972
5983,5967,2973
5984,5968,2974
5985,5969,2975
5986,5970,2976
5987,5971,2977
5988,5972,2977
5989,5973,2977
5990,5974,2977
5991,5975,2977
5992,5976,2977
5993,5977,2977
5994,5978,2977
5995,5979,2977
5996,5980,2977
5997,5981,2977
5998,5982,2977
5999,5983,2977
6000,5984,2977
6001,5985,2977
6002,5986,2977
6003,5987,2977
6004,5988,2977
6005,5989,2977
6006,5990,2977
6007,5991,2977
6008,5992,2977
6009,5993,2977
6010,5994,2977
6011,5995,2977
6012,5996,2977
6013,5997,2977
6014,5998,2977
6015,5999,2977
6016,6000,2977
6017,6001,2977
6018,6002,2977
6019,6003,2977
6020,6004,2977
6021,6005,2977
6022,6006,2977
6023,6007,2977
6024,6008,2977
6025,6009,2977
6026,6010,2977
6027,6011,2977
6028,6012,2977
6029,6013,2977
6030,6014,2977
6031,6015,2977
6032,6016,2977
6033,6017,2977
6034,6018,2977
6035,6019,2977
6036,6020,2977
6037,6021,2977
6038,6022,2977
6039,6023,2977
6040,6024,2977
6041,6025,2977
6042,6026,2977
6043,6027,2977
6044,6028,2977
6045,6029,2977
6046,6030,2977
6047,6031,2977
6048,6032,2977
6049,6033,2978
6050,6034,2979
6051,6035,2980
6052,6036,2981
6053,6037,2982
6054,6038,2983
6055,6039,2984
6056,6040,2985
6057,6041,2986
6058,6042,2987
6059,6043,2988
6060,6044,2989
6061,6045,2990
6062,6046,2991
6063,6047,2992
6064,6048,2993
6065,6049,2994
6066,6050,2995
6067,6051,2996
6068,6052,2997
6069,6053,2998
6070,6054,2998
6071,6055,2998
6072,6056,2998
6073,6057,2998
6074,6058,2998
6075,6059,2998
6076,6060,2998
6077,6061,2998
6078,6062,2998
6079,6063,2998
6080,6064,2998
6081,6065,2998
6082,6066,2998
6083,6067,2998
6084,6068,2998
6085,6069,2998
6086,6070,2998
6087,6071,2998
6088,6072,2998
6089,6073,2998
6090,6074,2998
6091,6075,2998
6092,6076,2998
6093,6077,2998
6094,6078,2998
6095,6079,2998
6096,6080,2998
6097,6081,2998
6098,6082,2998
6099,6083,2998
6100,6084,2998
6101,6085,2998
6102,6086,2998
6103,6087,2998
6104,6088,2998
6105,6089,2998
6106,6090,2998
6107,6091,2998
6108,6092,2998
6109,6093,2998
6110,6094,2998
6111,6095,2999
6112,6096,3000
6113,6097,3001
6114,6098,3002
6115,6099,3003
6116,6100,3004
6117,6101,3005
6118,6102,3006
6119,6103,3007
6120,6104,3008
6121,6105,3009
6122,6106,3010
6123,6107,3011
6124,6108,3012
6125,6109,3013
6126,6110,3014
6127,6111,3015
6128,6112,3016
6129,6113,3017
6130,6114,3018
6131,6115,3019
6132,6116,3020
6133,6117,3021
6134,6118,3022
6135,6119,3023
6136,6120,3024
6137,6121,3025
6138,6122,3026
6139,6123,3027
6140,6124,3028
6141,6125,3029
6142,6126,3030
6143,6127,3031
6144,6128,3032
6145,6129,3033
6146,6130,3034
6147,6131,3035
6148,6132,3036
6149,6133,3037
6150,6134,3038
6151,6135,3039
6152,6136,3040
6153,6137,3041
6154,6138,3042
6155,6139,3043
6156,6140,3044
6157,6141,3045
6158,6142,3046
6159,6143,3047
6160,6144,3048
6161,6145,3049
6162,6146,3050
6163,6147,3051
6164,6148,3052
6165,6149,3053
6166,6150,3054
6167,6151,3055
6168,6152,3056
6169,6153,3057
6170,6154,3057
6171,6155,3057
6172,6156,3057
6173,6157,3057
6174,6158,3057
6175,6159,3057
6176,6160,3057
6177,6161,3057
6178,6162,3057
6179,6163,3057
6180,6164,3057
6181,6165,3057
6182,6166,3057
6183,6167,3057
6184,6168,3057
6185,6169,3057
6186,6170,3057
6187,6171,3057
6188,6172,3057
6189,6173,3057
6190,6174,3057
6191,6175,3057
6192,6176,3057
6193,6177,3057
6194,6178,3057
6195,6179,3057
6196,6180,3057
6197,6181,3057
6198,6182,3057
6199,6183,3057
6200,6184,3057
6201,6185,3057
6202,6186,3057
6203,6187,3057
6204,6188,3057
6205,6189,3057
6206,6190,3058
6207,6191,3059
6208,6192,3060
6209,6193,3061
6210,6194,3062
6211,6195,3063
6212,6196,3064
6213,6197,3065
6214,6198,3066
6215,6199,3067
6216,6200,3068
6217,6201,3069
6218,6202,3070
6219,6203,3071
6220,6204,3072
6221,6205,3073
6222,6206,3073
6223,6207,3073
6224,6208,3073
6225,6209,3073
6226,6210,3073
6227,6211,3073
6228,6212,3073
6229,6213,3073
6230,6214,3073
6231,6215,3073
6232,6216,3073
6233,6217,3073
6234,6218,3073
6235,6219,3073
6236,6220,3073
6237,6221,3073
6238,6222,3073
6239,6223,3073
6240,6224,3073
6241,6225,3073
6242,6226,3073
6243,6227,3073
6244,6228,3073
6245,6229,3073
6246,6230,3073
6247,6231,3073
6248,6232,3073
6249,6233,3074
6250,6234,3075
6251,6235,3076
6252,6236,3077
6253,6237,3078
6254,6238,3079
6255,6239,3080
6256,6240,3081
6257,6241,3082
6258,6242,3083
6259,6243,3084
6260,6244,3085
6261,6245,3086
6262,6246,3087
6263,6247,3088
6264,6248,3089
6265,6249,3090
6266,6250,3091
6267,6251,3092
6268,6252,3093
6269,6253,3094
6270,6254,3095
6271,6255,3096
6272,6256,3097
6273,6257,3098
6274,6258,3099
6275,6259,3100
6276,6260,3101
6277,6261,3102
6278,6262,3103
6279,6263,3104
6280,6264,3105
6281,6265,3106
6282,6266,3107
6283,6267,3108
6284,6268,3109
6285,6269,3110
6286,6270,3111
6287,6271,3112
6288,6272,3113
6289,6273,3114
6290,6274,3115
6291,6275,3116
6292,6276,3117
6293,6277,3118
6294,6278,3119
6295,6279,3120
6296,6280,3121
6297,6281,3122
6298,6282,3123
6299,6283,3124
6300,6284,3125
6301,6285,3126
6302,6286,3127
6303,6287,3128
6304,6288,3129
6305,6289,3130
6306,6290,3131
6307,6291,3132
6308,6292,3132
6309,6293,3132
6310,6294,3132
6311,6295,3132
6312,6296,3132
6313,6297,3132
6314,6298,3132
6315,6299,3132
6316,6300,3132
6317,6301,3132
6318,6302,3132
6319,6303,3132
6320,6304,3132
6321,6305,3132
6322,6306,3132
6323,6307,3132
6324,6308,3132
6325,6309,3132
6326,6310,3132
6327,6311,3132
6328,6312,3132
6329,6313,3132
6330,6314,3132
6331,6315,3132
6332,6316,3132
6333,6317,3132
6334,6318,3132
6335,6319,3132
6336,6320,3132
6337,6321,3132
6338,6322,3132
6339,6323,3132
6340,6324,3132
6341,6325,3132
6342,6326,3132
6343,6327,3132
6344,6328,3132
6345,6329,3132
6346,6330,3132
6347,6331,3132
6348,6332,3132
6349,6333,3132
6350,6334,3132
6351,6335,3132
6352,6336,3132
6353,6337,3132
6354,6338,3132
6355,6339,3132
6356,6340,3132
6357,6341,3132
6358,6342,3132
6359,6343,3132
6360,6344,3132
6361,6345,3132
6362,6346,3132
6363,6347,3132
6364,6348,3132
6365,6349,3132
6366,6350,3132
6367,6351,3132
6368,6352,3132
6369,6353,3132
6370,6354,3132
6371,6355,3132
6372,6356,3132
6373,6357,3132
6374,6358,3132
6375,6359,3132
6376,6360,3133
6377,6360,3134
6378,6360,3135
6379,6360,3136
6380,6360,3137
6381,6360,3138
6382,6360,3139
6383,6360,3140
6384,6360,3141
6385,6360,3142
6386,6360,3143
6387,6360,3144
6388,6360,3145
6389,6360,3146
6390,6360,3147
6391,6361,3148
6392,6362,3149
6393,6363,3150
6394,6364,3151
6395,6365,3152
6396,6366,3153
6397,6367,3154
6398,6368,3155
6399,6369,3156
6400,6370,3157
6401,6371,3158
6402,6372,3159
6403,6373,3160
6404,6374,3161
6405,6375,3162
6406,6376,3163
6407,6377,3164
6408,6378,3165
6409,6379,3166
6410,6380,3167
6411,6381,3168
6412,6382,3169
6413,6383,3170
6414,6384,3171
6415,6385,3172
6416,6386,3173
6417,6387,3174
6418,6388,3175
6419,6389,3176
6420,6390,3177
6421,6391,3178
6422,6392,3179
6423,6393,3180
6424,6394,3181
6425,6395,3182
6426,6396,3183
6427,6397,3184
6428,6398,3185
6429,6399,3186
6430,6400,3187
6431,6401,3188
6432,6402,3189
6433,6403,3190
6434,6404,3191
6435,6405,3192
6436,6406,3193
6437,6407,3194
6438,6408,3195
6439,6409,3196
6440,6410,3197
6441,6411,3198
6442,6412,3199
6443,6413,3200
6444,6414,3201
6445,6415,3202
6446,6416,3203
6447,6417,3204
6448,6418,3205
6449,6419,3206
6450,6420,3207
6451,6421,3208
6452,6422,3209
6453,6423,3210
6454,6424,3211
6455,6425,3212
6456,6426,3213
6457,6427,3213
6458,6428,3213
6459,6429,3213
6460,6430,3213
6461,6431,3213
6462,6432,3213
6463,6433,3213
6464,6434,3213
6465,6435,3213
6466,6436,3213
6467,6437,3213
6468,6438,3213
6469,6439,3213
6470,6440,3213
6471,6441,3213
6472,6442,3213
6473,6443,3213
6474,6444,3213
6475,6445,3213
6476,6446,3213
6477,6447,3213
6478,6448,3213
6479,6449,3213
6480,6450,3213
6481,6451,3213
6482,6452,3213
6483,6453,3213
6484,6454,3213
6485,6455,3213
6486,6456,3213
6487,6457,3213
6488,6458,3213
6489,6459,3213
6490,6460,3213
6491,6461,3213
6492,6462,3213
6493,6463,3213
6494,6464,3213
6495,6465,3213
6496,6466,3213
6497,6467,3213
6498,6468,3213
6499,6469,3213
6500,6470,3213
6501,6471,3213
6502,6472,3213
6503,6473,3213
6504,6474,3213
6505,6475,3213
6506,6476,3213
6507,6477,3213
6508,6478,3213
6509,6479,3213
6510,6480,3213
6511,6481,3213
6512,6482,3213
6513,6483,3213
6514,6484,3213
6515,6485,3213
6516,6486,3213
6517,6487,3213
6518,6488,3213
6519,6489,3213
6520,6490,3213
6521,6491,3213
6522,6492,3213
6523,6493,3213
6524,6494,3213
6525,6495,3213
6526,6496,3213
6527,6497,3213
6528,6498,3213
6529,6499,3213
6530,6500,3213
6531,6501,3213
6532,6502,3213
6533,6503,3213
6534,6504,3213
6535,6505,3213
6536,6506,3213
6537,6507,3213
6538,6508,3213
6539,6509,3213
6540,6510,3214
6541,6511,3215
6542,6512,3216
6543,6513,3217
6544,6514,3218
6545,6515,3219
6546,6516,3220
6547,6517,3221
6548,6518,3222
6549,6519,3223
6550,6520,3224
6551,6521,3225
6552,6522,3226
6553,6523,3226
6554,6524,3227
6555,6525,3228
6556,6526,3229
6557,6527,3230
6558,6528,3231
6559,6529,3232
6560,6530,3233
6561,6531,3234
6562,6532,3235
6563,6533,3236
6564,6534,3237
6565,6535,3238
6566,6536,3239
6567,6537,3240
6568,6538,3241
6569,6539,3242
6570,6540,3243
6571,6541,3244
6572,6542,3245
6573,6543,3246
6574,6544,3247
6575,6545,3248
6576,6546,3249
6577,6547,3250
6578,6548,3251
6579,6549,3252
6580,6550,3253
6581,6551,3254
6582,6552,3255
6583,6553,3256
6584,6554,3257
6585,6555,3258
6586,6556,3259
6587,6557,3260
6588,6558,3261
6589,6559,3262
6590,6560,3263
6591,6561,3264
6592,6562,3265
6593,6563,3266
6594,6564,3267
6595,6565,3268
6596,6566,3268
6597,6567,3268
6598,6568,3268
6599,6569,3268
6600,6570,3268
6601,6571,3268
6602,6572,3268
6603,6573,3268
6604,6574,3268
6605,6575,3268
6606,6576,3268
6607,6577,3268
6608,6578,3268
6609,6579,3268
6610,6580,3268
6611,6581,3268
6612,6582,3268
6613,6583,3268
6614,6584,3268
6615,6585,3268
6616,6586,3268
6617,6587,3268
6618,6588,3268
6619,6589,3268
6620,6590,3268
6621,6591,3268
6622,6592,3268
6623,6593,3268
6624,6594,3268
6625,6595,3268
6626,6596,3268
6627,6597,3268
6628,6598,3268
6629,6599,3269
6630,6600,3270
6631,6601,3271
6632,6602,3272
6633,6603,3272
6634,6604,3272
6635,6605,3272
6636,6606,3272
6637,6607,3272
6638,6608,3272
6639,6609,3272
6640,6610,3272
6641,6611,3272
6642,6612,3272
6643,6613,3272
6644,6614,3272
6645,6615,3272
6646,6616,3272
6647,6617,3272
6648,6618,3272
6649,6619,3272
6650,6620,3272
6651,6621,3272
6652,6622,3272
6653,6623,3272
6654,6624,3272
6655,6625,3272
6656,6626,3272
6657,6627,3272
6658,6628,3272
6659,6629,3272
6660,6630,3272
6661,6631,3273
6662,6632,3274
6663,6633,3275
6664,6634,3276
6665,6635,3277
6666,6636,3278
6667,6637,3279
6668,6638,3280
6669,6639,3281
6670,6640,3282
6671,6641,3283
6672,6642,3284
6673,6643,3285
6674,6644,3286
6675,6645,3287
6676,6646,3288
6677,6647,3289
6678,6648,3290
6679,6649,3291
6680,6650,3292
6681,6651,3293
6682,6652,3294
6683,6653,3295
6684,6654,3296
6685,6655,3297
6686,6656,3297
6687,6657,3297
6688,6658,3297
6689,6659,3297
6690,6660,3297
6691,6661,3297
6692,6662,3297
6693,6663,3297
6694,6664,3297
6695,6665,3297
6696,6666,3297
6697,6667,3297
6698,6668,3297
6699,6669,3297
6700,6670,3297
6701,6671,3297
6702,6672,3297
6703,6673,3297
6704,6674,3297
6705,6675,3297
6706,6676,3297
6707,6677,3297
6708,6678,3297
6709,6679,3298
6710,6680,3299
6711,6681,3300
6712,6682,3301
6713,6683,3302
6714,6684,3303
6715,6685,3304
6716,6686,3305
6717,6687,3306
6718,6688,3307
6719,6689,3308
6720,6690,3309
6721,6691,3310
6722,6692,3311
6723,6693,3312
6724,6694,3313
6725,6695,3314
6726,6696,3315
6727,6697,3316
6728,6698,3317
6729,6699,3318
6730,6700,3319
6731,6701,3319
6732,6702,3319
6733,6703,3320
6734,6704,3321
6735,6705,3322
6736,6706,3323
6737,6707,3324
6738,6708,3325
6739,6709,3325
6740,6710,3325
6741,6711,3325
6742,6712,3325
6743,6713,3325
6744,6714,3326
6745,6715,3327
6746,6716,3328
6747,6717,3329
6748,6718,3330
6749,6719,3331
6750,6720,3332
6751,6721,3333
6752,6722,3334
6753,6723,3335
6754,6724,3336
6755,6725,3337
6756,6726,3338
6757,6727,3339
6758,6728,3340
6759,6729,3341
6760,6730,3342
6761,6731,3343
6762,6732,3344
6763,6733,3345
6764,6734,3346
6765,6735,3347
6766,6736,3348
6767,6737,3349
6768,6738,3350
6769,6739,3351
6770,6740,3352
6771,6741,3353
6772,6742,3354
6773,6743,3355
6774,6744,3356
6775,6745,3357
6776,6746,3358
6777,6747,3358
6778,6748,3358
6779,6749,3358
6780,6750,3359
6781,6751,3360
6782,6752,3361
6783,6753,3362
6784,6754,3363
6785,6755,3364
6786,6756,3365
6787,6757,3366
6788,6758,3367
6789,6759,3368
6790,6760,3369
6791,6761,3370
6792,6762,3371
6793,6763,3372
6794,6764,3373
6795,6765,3374
6796,6766,3375
6797,6767,3376
6798,6768,3377
6799,6769,3378
6800,6770,3379
6801,6771,3380
6802,6772,3380
6803,6773,3380
6804,6774,3380
6805,6775,3380
6806,6776,3380
6807,6777,3380
6808,6778,3380
6809,6779,3380
6810,6780,3380
6811,6781,3380
6812,6782,3380
6813,6783,3380
6814,6784,3380
6815,6785,3380
6816,6786,3380
6817,6787,3380
6818,6788,3380
6819,6789,3380
6820,6790,3380
6821,6791,3380
6822,6792,3380
6823,6793,3380
6824,6794,3380
6825,6795,3380
6826,6796,3380
6827,6797,3380
6828,6798,3380
6829,6799,3380
6830,6800,3380
6831,6801,3380
6832,6802,3380
6833,6803,3380
6834,6804,3380
6835,6805,3380
6836,6806,3380
6837,6807,3380
6838,6808,3380
6839,6809,3380
6840,6810,3380
6841,6811,3380
6842,6812,3380
6843,6813,3380
6844,6814,3380
6845,6815,3380
6846,6816,3380
6847,6817,3380
6848,6818,3380
6849,6819,3380
6850,6820,3380
6851,6821,3380
6852,6822,3380
6853,6823,3380
6854,6824,3380
6855,6825,3380
6856,6826,3380
6857,6827,3380
6858,6828,3380
6859,6829,3380
6860,6830,3380
6861,6831,3380
6862,6832,3380
6863,6833,3380
6864,6834,3380
6865,6835,3380
6866,6836,3380
6867,6837,3380
6868,6838,3380
6869,6839,3381
6870,6840,3382
6871,6841,3383
6872,6842,3384
6873,6843,3385
6874,6844,3386
6875,6845,3387
6876,6846,3388
6877,6847,3389
6878,6848,3390
6879,6849,3391
6880,6850,3392
6881,6851,3393
6882,6852,3394
6883,6853,3395
6884,6854,3396
6885,6855,3397
6886,6856,3398
6887,6857,3399
6888,6858,3400
6889,6859,3401
6890,6860,3402
6891,6861,3403
6892,6862,3404
6893,6863,3405
6894,6864,3406
6895,6865,3407
6896,6866,3408
6897,6867,3409
6898,6868,3410
6899,6869,3411
6900,6870,3412
6901,6871,3413
6902,6872,3414
6903,6873,3415
6904,6874,3416
6905,6875,3417
6906,6876,3418
6907,6877,3419
6908,6878,3420
6909,6879,3421
6910,6880,3422
6911,6881,3423
6912,6882,3424
6913,6883,3425
6914,6884,3426
6915,6885,3427
6916,6886,3428
6917,6887,3429
6918,6888,3430
6919,6889,3431
6920,6890,3432
6921,6891,3433
6922,6892,3434
6923,6893,3435
6924,6894,3436
6925,6895,3436
6926,6896,3436
6927,6897,3436
6928,6898,3436
6929,6899,3436
6930,6900,3436
6931,6901,3436
6932,6902,3436
6933,6903,3436
6934,6904,3436
6935,6905,3436
6936,6906,3436
6937,6907,3436
6938,6908,3436
6939,6909,3437
6940,6910,3438
6941,6911,3439
6942,6912,3440
6943,6913,3441
6944,6914,3442
6945,6915,3443
6946,6916,3444
6947,6917,3445
6948,6918,3446
6949,6919,3447
6950,6920,3448
6951,6921,3449
6952,6922,3449
6953,6923,3449
6954,6924,3449
6955,6925,3449
6956,6926,3449
6957,6927,3449
6958,6928,3449
6959,6929,3449
6960,6930,3449
6961,6931,3449
6962,6932,3449
6963,6933,3449
6964,6934,3449
6965,6935,3449
6966,6936,3449
6967,6937,3449
6968,6938,3449
6969,6939,3449
6970,6940,3449
6971,6941,3449
6972,6942,3449
6973,6943,3449
6974,6944,3449
6975,6945,3449
6976,6946,3449
6977,6947,3449
6978,6948,3449
6979,6949,3449
6980,6950,3449
6981,6951,3449
6982,6952,3449
6983,6953,3449
6984,6954,3449
6985,6955,3449
6986,6956,3449
6987,6957,3449
6988,6958,3449
6989,6959,3449
6990,6960,3449
6991,6961,3449
6992,6962,3449
6993,6963,3449
6994,6964,3449
6995,6965,3449
6996,6966,3449
6997,6967,3449
6998,6968,3449
6999,6969,3449
7000,6970,3449
7001,6971,3449
7002,6972,3449
7003,6973,3449
7004,6974,3449
7005,6975,3449
7006,6976,3449
7007,6977,3449
7008,6978,3449
7009,6979,3449
7010,6980,3449
7011,6981,3449
7012,6982,3449
7013,6983,3449
7014,6984,3449
7015,6985,3449
7016,6986,3449
7017,6987,3449
7018,6988,3449
7019,6989,3449
7020,6990,3449
7021,6991,3449
7022,6992,3449
7023,6993,3449
7024,6994,3449
7025,6995,3449
7026,6996,3449
7027,6997,3449
7028,6998,3449
7029,6999,3450
7030,7000,3451
7031,7001,3452
7032,7002,3453
7033,7003,3454
7034,7004,3455
7035,7005,3456
7036,7006,3457
7037,7007,3458
7038,7008,3459
7039,7009,3460
7040,7010,3461
7041,7011,3461
7042,7012,3461
7043,7013,3461
7044,7014,3461
7045,7015,3461
7046,7016,3461
7047,7017,3461
7048,7018,3461
7049,7019,3461
7050,7020,3461
7051,7021,3461
7052,7022,3461
7053,7023,3461
7054,7024,3461
7055,7025,3461
7056,7026,3461
7057,7027,3461
7058,7028,3461
7059,7029,3461
7060,7030,3461
7061,7031,3461
7062,7032,3461
7063,7033,3461
7064,7034,3461
7065,7035,3461
7066,7036,3462
7067,7037,3463
7068,7038,3464
7069,7039,3465
7070,7040,3466
7071,7041,3467
7072,7042,3468
7073,7043,3469
7074,7044,3470
7075,7045,3471
7076,7046,3471
7077,7047,3472
7078,7048,3473
7079,7049,3474
7080,7050,3475
7081,7051,3476
7082,7052,3477
7083,7053,3478
7084,7054,3479
7085,7055,3480
7086,7056,3481
7087,7057,3482
7088,7058,3483
7089,7059,3484
7090,7060,3485
7091,7061,3486
7092,7062,3487
7093,7063,3488
7094,7064,3489
7095,7065,3490
7096,7066,3491
7097,7067,3492
7098,7068,3493
7099,7069,3494
7100,7070,3495
7101,7071,3496
7102,7072,3497
7103,7073,3498
7104,7074,3499
7105,7075,3500
7106,7076,3501
7107,7077,3502
7108,7078,3503
7109,7079,3504
7110,7080,3505
7111,7081,3506
7112,7082,3507
7113,7083,3508
7114,7084,3509
7115,7085,3510
7116,7086,3511
7117,7087,3512
7118,7088,3513
7119,7089,3514
7120,7090,3515
7121,7091,3516
7122,7092,3517
7123,7093,3518
7124,7094,3519
7125,7095,3520
7126,7096,3521
7127,7097,3522
7128,7098,3523
7129,7099,3523
7130,7100,3523
7131,7101,3523
7132,7102,3523
7133,7103,3523
7134,7104,3523
7135,7105,3523
7136,7106,3523
7137,7107,3523
7138,7108,3523
7139,7109,3523
7140,7110,3523
7141,7111,3523
7142,7112,3523
7143,7113,3523
7144,7114,3523
7145,7115,3523
7146,7116,3523
7147,7117,3523
7148,7118,3523
7149,7119,3523
7150,7120,3524
7151,7121,3525
7152,7122,3526
7153,7123,3527
7154,7124,3528
7155,7125,3529
7156,7126,3530
7157,7127,3531
7158,7128,3532
7159,7129,3533
7160,7130,3534
7161,7131,3535
7162,7132,3536
7163,7133,3537
7164,7134,3538
7165,7135,3538
7166,7136,3538
7167,7137,3538
7168,7138,3538
7169,7139,3538
7170,7140,3538
7171,7141,3538
7172,7142,3538
7173,7143,3538
7174,7144,3538
7175,7145,3538
7176,7146,3538
7177,7147,3538
7178,7148,3538
7179,7149,3538
7180,7150,3538
7181,7151,3538
7182,7152,3538
7183,7153,3538
7184,7154,3538
7185,7155,3539
7186,7156,3540
7187,7157,3541
7188,7158,3542
7189,7159,3543
7190,7160,3544
7191,7161,3545
7192,7162,3546
7193,7163,3547
7194,7164,3548
7195,7165,3549
7196,7166,3550
7197,7167,3551
7198,7168,3552
7199,7169,3553
7200,7170,3554
7201,7171,3555
7202,7172,3556
7203,7173,3557
7204,7174,3558
7205,7175,3559
7206,7176,3560
7207,7177,3561
7208,7178,3562
7209,7179,3563
7210,7180,3564
7211,7181,3565
7212,7182,3566
7213,7183,3567
7214,7184,3568
7215,7185,3569
7216,7186,3570
7217,7187,3571
7218,7188,3572
7219,7189,3573
7220,7190,3574
7221,7191,3575
7222,7192,3576
7223,7193,3577
7224,7194,3578
7225,7195,3579
7226,7196,3580
7227,7197,3581
7228,7198,3582
7229,7199,3583
7230,7200,3584
7231,7201,3585
7232,7202,3586
7233,7203,3587
7234,7204,3588
7235,7205,3589
7236,7206,3590
7237,7207,3591
7238,7208,3592
7239,7209,3592
7240,7210,3592
7241,7211,3592
7242,7212,3592
7243,7213,3592
7244,7214,3592
7245,7215,3592
7246,7216,3592
7247,7217,3592
7248,7218,3592
7249,7219,3592
7250,7220,3592
7251,7221,3592
7252,7222,3592
7253,7223,3592
7254,7224,3592
7255,7225,3592
7256,7226,3592
7257,7227,3592
7258,7228,3592
7259,7229,3592
7260,7230,3592
7261,7231,3592
7262,7232,3592
7263,7233,3592
7264,7234,3592
7265,7235,3592
7266,7236,3592
7267,7237,3592
7268,7238,3592
7269,7239,3592
7270,7240,3592
7271,7241,3592
7272,7242,3592
7273,7243,3592
7274,7244,3592
7275,7245,3592
7276,7246,3592
7277,7247,3592
7278,7248,3592
7279,7249,3592
7280,7250,3592
7281,7251,3592
7282,7252,3592
7283,7253,3592
7284,7254,3592
7285,7255,3592
7286,7256,3592
7287,7257,3592
7288,7258,3592
7289,7259,3592
7290,7260,3592
7291,7261,3592
7292,7262,3592
7293,7263,3592
7294,7264,3592
7295,7265,3592
7296,7266,3592
7297,7267,3592
7298,7268,3592
7299,7269,3592
7300,7270,3592
7301,7271,3592
7302,7272,3592
7303,7273,3592
7304,7274,3592
7305,7275,3592
7306,7276,3592
7307,7277,3592
7308,7278,3593
7309,7279,3594
7310,7280,3595
7311,7281,3596
7312,7282,3597
7313,7283,3598
7314,7284,3599
7315,7285,3600
7316,7286,3601
7317,7287,3602
7318,7288,3603
7319,7289,3604
7320,7290,3605
7321,7291,3606
7322,7292,3607
7323,7293,3608
7324,7294,3609
7325,7295,3610
7326,7296,3611
7327,7297,3612
7328,7298,3613
7329,7299,3614
7330,7300,3615
7331,7301,3615
7332,7302,3615
7333,7303,3615
7334,7304,3615
7335,7305,3615
7336,7306,3615
7337,7307,3615
7338,7308,3615
7339,7309,3615
7340,7310,3615
7341,7311,3616
7342,7312,3617
7343,7313,3618
7344,7314,3619
7345,7315,3620
7346,7316,3621
7347,7317,3622
7348,7318,3623
7349,7319,3624
7350,7320,3625
7351,7321,3626
7352,7322,3627
7353,7323,3628
7354,7324,3629
7355,7325,3630
7356,7326,3631
7357,7327,3632
7358,7328,3633
7359,7329,3634
7360,7330,3635
7361,7331,3636
7362,7332,3637
7363,7333,3638
7364,7334,3639
7365,7335,3640
7366,7336,3641
7367,7337,3642
7368,7338,3643
7369,7339,3644
7370,7340,3645
7371,7341,3646
7372,7342,3647
7373,7343,3648
7374,7344,3649
7375,7345,3650
7376,7346,3651
7377,7347,3652
7378,7348,3653
7379,7349,3654
7380,7350,3655
7381,7351,3656
7382,7352,3657
7383,7353,3658
7384,7354,3659
7385,7355,3660
7386,7356,3661
7387,7357,3662
7388,7358,3663
7389,7359,3664
7390,7360,3665
7391,7361,3666
7392,7362,3667
7393,7363,3668
7394,7364,3669
7395,7365,3670
7396,7366,3671
7397,7367,3672
7398,7368,3672
7399,7369,3672
7400,7370,3672
7401,7371,3672
7402,7372,3672
7403,7373,3672
7404,7374,3672
7405,7375,3672
7406,7376,3672
7407,7377,3672
7408,7378,3672
7409,7379,3672
7410,7380,3672
7411,7381,3672
7412,7382,3672
7413,7383,3672
7414,7384,3672
7415,7385,3672
7416,7386,3672
7417,7387,3672
7418,7388,3672
7419,7389,3672
7420,7390,3672
7421,7391,3672
7422,7392,3672
7423,7393,3672
7424,7394,3672
7425,7395,3672
7426,7396,3672
7427,7397,3672
7428,7398,3672
7429,7399,3672
7430,7400,3672
7431,7401,3672
7432,7402,3672
7433,7403,3672
7434,7404,3672
7435,7405,3672
7436,7406,3672
7437,7407,3672
7438,7408,3672
7439,7409,3672
7440,7410,3672
7441,7411,3672
7442,7412,3672
7443,7413,3672
7444,7414,3672
7445,7415,3672
7446,7416,3672
7447,7417,3672
7448,7418,3672
7449,7419,3672
7450,7420,3672
7451,7421,3672
7452,7422,3672
7453,7423,3672
7454,7424,3672
7455,7425,3672
7456,7426,3672
7457,7427,3672
7458,7428,3672
7459,7429,3672
7460,7430,3672
7461,7431,3672
7462,7432,3672
7463,7433,3672
7464,7434,3672
7465,7435,3672
7466,7436,3672
7467,7437,3672
7468,7438,3672
7469,7439,3673
7470,7440,3674
7471,7441,3675
7472,7442,3676
7473,7443,3677
7474,7444,3678
7475,7445,3679
7476,7446,3680
7477,7447,3681
7478,7448,3682
7479,7449,3683
7480,7450,3684
7481,7451,3685
7482,7452,3686
7483,7453,3687
7484,7454,3688
7485,7455,3689
7486,7456,3690
7487,7457,3691
7488,7458,3692
7489,7459,3692
7490,7460,3692
7491,7461,3692
7492,7462,3693
7493,7463,3694
7494,7464,3695
7495,7465,3696
7496,7466,3697
7497,7467,3698
7498,7468,3699
7499,7469,3700
7500,7470,3701
7501,7471,3702
7502,7472,3703
7503,7473,3704
7504,7474,3705
7505,7475,3706
7506,7476,3707
7507,7477,3708
7508,7478,3709
7509,7479,3710
7510,7480,3711
7511,7481,3712
7512,7482,3713
7513,7483,3714
7514,7484,3715
7515,7485,3716
7516,7486,3717
7517,7487,3718
7518,7488,3719
7519,7489,3720
7520,7490,3721
7521,7491,3722
7522,7492,3723
7523,7493,3724
7524,7494,3725
7525,7495,3726
7526,7496,3727
7527,7497,3728
7528,7498,3729
7529,7499,3730
7530,7500,3731
7531,7501,3731
7532,7502,3731
7533,7503,3731
7534,7504,3732
7535,7505,3733
7536,7506,3734
7537,7507,3735
7538,7508,3736
7539,7509,3736
7540,7510,3736
7541,7511,3736
7542,7512,3736
7543,7513,3736
7544,7514,3736
7545,7515,3736
7546,7516,3736
7547,7517,3736
7548,7518,3736
7549,7519,3736
7550,7520,3736
7551,7521,3736
7552,7522,3736
7553,7523,3736
7554,7524,3736
7555,7525,3736
7556,7526,3736
7557,7527,3736
7558,7528,3736
7559,7529,3736
7560,7530,3736
7561,7531,3736
7562,7532,3736
7563,7533,3736
7564,7534,3736
7565,7535,3736
7566,7536,3736
7567,7537,3736
7568,7538,3736
7569,7539,3736
7570,7540,3736
7571,7541,3736
7572,7542,3736
7573,7543,3736
7574,7544,3736
7575,7545,3736
7576,7546,3736
7577,7547,3736
7578,7548,3736
7579,7549,3736
7580,7550,3736
7581,7551,3736
7582,7552,3736
7583,7553,3736
7584,7554,3737
7585,7555,3738
7586,7556,3739
7587,7557,3740
7588,7558,3741
7589,7559,3742
7590,7560,3743
7591,7561,3744
7592,7562,3745
7593,7563,3746
7594,7564,3747
7595,7565,3748
7596,7566,3749
7597,7567,3750
7598,7568,3751
7599,7569,3751
7600,7570,3751
7601,7571,3751
7602,7572,3751
7603,7573,3751
7604,7574,3751
7605,7575,3751
7606,7576,3751
7607,7577,3751
7608,7578,3751
7609,7579,3751
7610,7580,3751
7611,7581,3751
7612,7582,3751
7613,7583,3751
7614,7584,3751
7615,7585,3752
7616,7586,3753
7617,7587,3754
7618,7588,3755
7619,7589,3756
7620,7590,3757
7621,7591,3758
7622,7592,3759
7623,7593,3760
7624,7594,3761
7625,7595,3762
7626,7596,3763
7627,7597,3764
7628,7598,3765
7629,7599,3766
7630,7600,3767
7631,7601,3768
7632,7602,3769
7633,7603,3770
7634,7604,3771
7635,7605,3772
7636,7606,3773
7637,7607,3774
7638,7608,3775
7639,7609,3775
7640,7610,3775
7641,7611,3775
7642,7612,3775
7643,7613,3775
7644,7614,3775
7645,7615,3775
7646,7616,3775
7647,7617,3775
7648,7618,3775
7649,7619,3775
7650,7620,3775
7651,7621,3775
7652,7622,3775
7653,7623,3775
7654,7624,3775
7655,7625,3775
7656,7626,3775
7657,7627,3775
7658,7628,3775
7659,7629,3775
7660,7630,3775
7661,7631,3775
7662,7632,3775
7663,7633,3775
7664,7634,3775
7665,7635,3775
7666,7636,3775
7667,7637,3775
7668,7638,3776
7669,7639,3777
7670,7640,3778
7671,7641,3779
7672,7642,3780
7673,7643,3781
7674,7644,3781
7675,7645,3781
7676,7646,3781
7677,7647,3781
7678,7648,3781
7679,7649,3781
7680,7650,3781
7681,7651,3781
7682,7652,3781
7683,7653,3781
7684,7654,3781
7685,7655,3781
7686,7656,3781
7687,7657,3781
7688,7658,3781
7689,7659,3781
7690,7660,3781
7691,7661,3781
7692,7662,3781
7693,7663,3781
7694,7664,3781
7695,7665,3781
7696,7666,3781
7697,7667,3781
7698,7668,3781
7699,7669,3781
7700,7670,3781
7701,7671,3781
7702,7672,3782
7703,7673,3783
7704,7674,3784
7705,7675,3785
7706,7676,3786
7707,7677,3787
7708,7678,3788
7709,7679,3789
7710,7680,3790
7711,7681,3791
7712,7682,3792
7713,7683,3793
7714,7684,3794
7715,7685,3795
7716,7686,3796
7717,7687,3797
7718,7688,3798
7719,7689,3799
7720,7690,3800
7721,7691,3801
7722,7692,3802
7723,7693,3803
7724,7694,3804
7725,7695,3805
7726,7696,3805
7727,7697,3805
7728,7698,3806
7729,7699,3807
7730,7700,3808
7731,7701,3809
7732,7702,3810
7733,7703,3811
7734,7704,3812
7735,7705,3813
7736,7706,3814
7737,7707,3815
7738,7708,3816
7739,7709,3817
7740,7710,3818
7741,7711,3819
7742,7712,3820
7743,7713,3821
7744,7714,3822
7745,7715,3823
7746,7716,3824
7747,7717,3825
7748,7718,3826
7749,7719,3827
7750,7720,3828
7751,7721,3829
7752,7722,3830
7753,7723,3831
7754,7724,3832
7755,7725,3833
7756,7726,3834
7757,7727,3835
7758,7728,3836
7759,7729,3837
7760,7730,3838
7761,7731,3839
7762,7732,3840
7763,7733,3840
7764,7734,3840
7765,7735,3840
7766,7736,3840
7767,7737,3840
7768,7738,3840
7769,7739,3840
7770,7740,3840
7771,7741,3840
7772,7742,3841
7773,7743,3842
7774,7744,3843
7775,7745,3844
7776,7746,3845
7777,7747,3846
7778,7748,3847
7779,7749,3848
7780,7750,3849
7781,7751,3850
7782,7752,3851
7783,7753,3852
7784,7754,3853
7785,7755,3854
7786,7756,3855
7787,7757,3856
7788,7758,3857
7789,7759,3858
7790,7760,3859
7791,7761,3859
7792,7762,3859
7793,7763,3859
7794,7764,3859
7795,7765,3859
7796,7766,3859
7797,7767,3859
7798,7768,3859
7799,7769,3859
7800,7770,3859
7801,7771,3859
7802,7772,3859
7803,7773,3859
7804,7774,3859
7805,7775,3859
7806,7776,3859
7807,7777,3859
7808,7778,3859
7809,7779,3859
7810,7780,3859
7811,7781,3859
7812,7782,3859
7813,7783,3859
7814,7784,3859
7815,7785,3859
7816,7786,3859
7817,7787,3859
7818,7788,3859
7819,7789,3859
7820,7790,3859
7821,7791,3859
7822,7792,3859
7823,7793,3859
7824,7794,3859
7825,7795,3859
7826,7796,3859
7827,7797,3859
7828,7798,3859
7829,7799,3859
7830,7800,3860
7831,7801,3860
7832,7802,3860
7833,7803,3860
7834,7804,3860
7835,7805,3860
7836,7806,3860
7837,7807,3860
7838,7808,3860
7839,7809,3860
7840,7810,3860
7841,7811,3860
7842,7812,3860
7843,7813,3860
7844,7814,3860
7845,7815,3860
7846,7816,3860
7847,7817,3861
7848,7818,3862
7849,7819,3863
7850,7820,3864
7851,7821,3865
7852,7822,3866
7853,7823,3867
7854,7824,3868
7855,7825,3869
7856,7826,3870
7857,7827,3871
7858,7828,3872
7859,7829,3873
7860,7830,3874
7861,7831,3875
7862,7832,3876
7863,7833,3877
7864,7834,3878
7865,7835,3879
7866,7836,3880
7867,7837,3881
7868,7838,3882
7869,7839,3883
7870,7840,3884
7871,7841,3885
7872,7842,3886
7873,7843,3887
7874,7844,3888
7875,7845,3889
7876,7846,3890
7877,7847,3891
7878,7848,3892
7879,7849,3893
7880,7850,3894
7881,7851,3895
7882,7852,3896
7883,7853,3897
7884,7854,3898
7885,7855,3899
7886,7856,3900
7887,7857,3901
7888,7858,3902
7889,7859,3903
7890,7860,3904
7891,7861,3905
7892,7862,3906
7893,7863,3907
7894,7864,3908
7895,7865,3909
7896,7866,3910
7897,7867,3911
7898,7868,3912
7899,7869,3913
7900,7870,3914
7901,7871,3915
7902,7872,3916
7903,7873,3917
7904,7874,3918
7905,7875,3919
7906,7876,3920
7907,7877,3921
7908,7878,3922
7909,7879,3923
7910,7880,3924
7911,7881,3925
7912,7882,3926
7913,7883,3927
7914,7884,3928
7915,7885,3929
7916,7886,3930
7917,7887,3931
7918,7888,3932
7919,7889,3933
7920,7890,3934
7921,7891,3935
7922,7892,3936
7923,7893,3937
7924,7894,3938
7925,7895,3939
7926,7896,3940
7927,7897,3941
7928,7898,3942
7929,7899,3943
7930,7900,3944
7931,7901,3945
7932,7902,3946
7933,7903,3947
7934,7904,3948
7935,7905,3949
7936,7906,3950
7937,7907,3951
7938,7908,3952
7939,7909,3953
7940,7910,3954
7941,7911,3955
7942,7912,3956
7943,7913,3957
7944,7914,3957
7945,7915,3957
7946,7916,3957
7947,7917,3957
7948,7918,3957
7949,7919,3958
7950,7920,3959
7951,7921,3960
7952,7922,3960
7953,7923,3960
7954,7924,3960
7955,7925,3960
7956,7926,3960
7957,7927,3960
7958,7928,3960
7959,7929,3960
7960,7930,3960
7961,7931,3960
7962,7932,3960
7963,7933,3961
7964,7934,3962
7965,7935,3963
7966,7936,3964
7967,7937,3965
7968,7938,3966
7969,7939,3967
7970,7940,3968
7971,7941,3969
7972,7942,3970
7973,7943,3971
7974,7944,3972
7975,7945,3973
7976,7946,3974
7977,7947,3975
7978,7948,3976
7979,7949,3977
7980,7950,3978
7981,7951,3979
7982,7952,3980
7983,7953,3981
7984,7954,3982
7985,7955,3983
7986,7956,3984
7987,7957,3985
7988,7958,3986
7989,7959,3987
7990,7960,3988
7991,7961,3989
7992,7962,3990
7993,7963,3991
7994,7964,3992
7995,7965,3993
7996,7966,3994
7997,7967,3995
7998,7968,3996
7999,7969,3997
8000,7970,3998
8001,7971,3999
8002,7972,4000
8003,7973,4001
8004,7974,4001
8005,7975,4001
8006,7976,4001
8007,7977,4001
8008,7978,4001
8009,7979,4001
8010,7980,4001
8011,7981,4001
8012,7982,4001
8013,7983,4001
8014,7984,4001
8015,7985,4001
8016,7986,4001
8017,7987,4001
8018,7988,4001
8019,7989,4001
8020,7990,4001
8021,7991,4001
8022,7992,4001
8023,7993,4001
8024,7994,4001
8025,7995,4001
8026,7996,4001
8027,7997,4001
8028,7998,4001
8029,7999,4001
8030,8000,4001
8031,8001,4001
8032,8002,4001
8033,8003,4001
8034,8004,4001
8035,8005,4001
8036,8006,4001
8037,8007,4001
8038,8008,4001
8039,8009,4001
8040,8010,4001
8041,8011,4001
8042,8012,4001
8043,8013,4001
8044,8014,4001
8045,8015,4001
8046,8016,4001
8047,8017,4001
8048,8018,4001
8049,8019,4001
8050,8020,4001
8051,8021,4001
8052,8022,4001
8053,8023,4001
8054,8024,4001
8055,8025,4001
8056,8026,4001
8057,8027,4001
8058,8028,4001
8059,8029,4001
8060,8030,4001
8061,8031,4001
8062,8032,4001
8063,8033,4001
8064,8034,4001
8065,8035,4001
8066,8036,4001
8067,8037,4001
8068,8038,4001
8069,8039,4002
8070,8040,4003
8071,8041,4004
8072,8042,4005
8073,8043,4006
8074,8044,4006
8075,8045,4006
8076,8046,4006
8077,8047,4006
8078,8048,4006
8079,8049,4006
8080,8050,4006
8081,8051,4006
8082,8052,4006
8083,8053,4006
8084,8054,4006
8085,8055,4006
8086,8056,4006
8087,8057,4006
8088,8058,4006
8089,8059,4006
8090,8060,4006
8091,8061,4006
8092,8062,4006
8093,8063,4006
8094,8064,4006
8095,8065,4006
8096,8066,4006
8097,8067,4006
8098,8068,4006
8099,8069,4006
8100,8070,4006
8101,8071,4006
8102,8072,4006
8103,8073,4006
8104,8074,4006
8105,8075,4007
8106,8076,4008
8107,8077,4009
8108,8078,4010
8109,8079,4011
8110,8080,4012
8111,8081,4013
8112,8082,4014
8113,8083,4015
8114,8084,4016
8115,8085,4017
8116,8086,4018
8117,8087,4019
8118,8088,4020
8119,8089,4021
8120,8090,4022
8121,8091,4023
8122,8092,4024
8123,8093,4025
8124,8094,4026
8125,8095,4026
8126,8096,4026
8127,8097,4026
8128,8098,4026
8129,8099,4026
8130,8100,4026
8131,8101,4026
8132,8102,4026
8133,8103,4026
8134,8104,4026
8135,8105,4026
8136,8106,4026
8137,8107,4026
8138,8108,4026
8139,8109,4026
8140,8110,4026
8141,8111,4026
8142,8112,4026
8143,8113,4026
8144,8114,4026
8145,8115,4026
8146,8116,4027
8147,8117,4028
8148,8118,4029
8149,8119,4030
8150,8120,4031
8151,8121,4032
8152,8122,4033
8153,8123,4034
8154,8124,4035
8155,8125,4035
8156,8126,4035
8157,8127,4035
8158,8128,4035
8159,8129,4035
8160,8130,4035
8161,8131,4035
8162,8132,4035
8163,8133,4035
8164,8134,4035
8165,8135,4035
8166,8136,4035
8167,8137,4035
8168,8138,4035
8169,8139,4035
8170,8140,4035
8171,8141,4035
8172,8142,4035
8173,8143,4035
8174,8144,4035
8175,8145,4035
8176,8146,4035
8177,8147,4036
8178,8148,4037
8179,8149,4038
8180,8150,4039
8181,8151,4040
8182,8152,4041
8183,8153,4042
8184,8154,4043
8185,8155,4044
8186,8156,4045
8187,8157,4046
8188,8158,4047
8189,8159,4048
8190,8160,4049
8191,8161,4050
8192,8162,4051
8193,8163,4052
8194,8164,4053
8195,8165,4054
8196,8166,4055
8197,8167,4056
8198,8168,4057
8199,8169,4058
8200,8170,4059
8201,8171,4060
8202,8172,4061
8203,8173,4061
8204,8174,4061
8205,8175,4061
8206,8176,4061
8207,8177,4061
8208,8178,4061
8209,8179,4061
8210,8180,4061
8211,8181,4061
8212,8182,4061
8213,8183,4061
8214,8184,4061
8215,8185,4061
8216,8186,4061
8217,8187,4061
8218,8188,4061
8219,8189,4061
8220,8190,4061
8221,8191,4061
8222,8192,4061
8223,8193,4061
8224,8194,4062
8225,8195,4063
8226,8196,4064
8227,8197,4065
8228,8198,4066
8229,8199,4067
8230,8200,4068
8231,8201,4069
8232,8202,4070
8233,8203,4071
8234,8204,4072
8235,8205,4073
8236,8206,4074
8237,8207,4075
8238,8208,4076
8239,8209,4077
8240,8210,4078
8241,8211,4079
8242,8212,4080
8243,8213,4081
8244,8214,4082
8245,8215,4083
8246,8216,4084
8247,8217,4085
8248,8218,4086
8249,8219,4087
8250,8220,4087
8251,8221,4087
8252,8222,4087
8253,8223,4087
8254,8224,4087
8255,8225,4087
8256,8226,4087
8257,8227,4087
8258,8228,4087
8259,8229,4087
8260,8230,4087
8261,8231,4087
8262,8232,4087
8263,8233,4087
8264,8234,4087
8265,8235,4087
8266,8236,4087
8267,8237,4087
8268,8238,4087
8269,8239,4087
8270,8240,4087
8271,8241,4087
8272,8242,4087
8273,8243,4087
8274,8244,4087
8275,8245,4087
8276,8246,4087
8277,8247,4087
8278,8248,4087
8279,8249,4087
8280,8250,4087
8281,8251,4087
8282,8252,4087
8283,8253,4087
8284,8254,4087
8285,8255,4087
8286,8256,4087
8287,8257,4087
8288,8258,4087
8289,8259,4087
8290,8260,4087
8291,8261,4088
8292,8262,4089
8293,8263,4090
8294,8264,4091
8295,8265,4092
8296,8266,4093
8297,8267,4094
8298,8268,4095
8299,8269,4096
8300,8270,4097
8301,8271,4098
8302,8272,4099
8303,8273,4100
8304,8274,4101
8305,8275,4102
8306,8276,4103
8307,8277,4104
8308,8278,4105
8309,8279,4106
8310,8280,4107
8311,8281,4108
8312,8282,4109
8313,8283,4110
8314,8284,4111
8315,8285,4112
8316,8286,4113
8317,8287,4114
8318,8288,4115
8319,8289,4116
8320,8290,4117
8321,8291,4118
8322,8292,4119
8323,8293,4120
8324,8294,4121
8325,8295,4122
8326,8296,4123
8327,8297,4124
8328,8298,4125
8329,8299,4126
8330,8300,4127
8331,8301,4128
8332,8302,4129
8333,8303,4130
8334,8304,4131
8335,8305,4132
8336,8306,4133
8337,8307,4134
8338,8308,4135
8339,8309,4136
8340,8310,4137
8341,8311,4138
8342,8312,4139
8343,8313,4140
8344,8314,4141
8345,8315,4142
8346,8316,4143
8347,8317,4144
8348,8318,4145
8349,8319,4146
8350,8320,4147
8351,8321,4148
8352,8322,4149
8353,8323,4150
8354,8324,4151
8355,8325,4152
8356,8326,4153
8357,8327,4154
8358,8328,4154
8359,8329,4154
8360,8330,4154
8361,8331,4154
8362,8332,4154
8363,8333,4154
8364,8334,4154
8365,8335,4154
8366,8336,4154
8367,8337,4154
8368,8338,4154
8369,8339,4154
8370,8340,4154
8371,8341,4154
8372,8342,4154
8373,8343,4154
8374,8344,4154
8375,8345,4154
8376,8346,4154
8377,8347,4154
8378,8348,4154
8379,8349,4154
8380,8350,4154
8381,8351,4154
8382,8352,4154
8383,8353,4154
8384,8354,4154
8385,8355,4154
8386,8356,4154
8387,8357,4154
8388,8358,4154
8389,8359,4155
8390,8360,4156
8391,8360,4157
8392,8360,4158
8393,8360,4159
8394,8360,4160
8395,8360,4161
8396,8360,4162
8397,8360,4163
8398,8360,4164
8399,8360,4165
8400,8360,4166
8401,8360,4167
8402,8360,4168
8403,8360,4169
8404,8360,4170
8405,8360,4171
8406,8360,4172
8407,8360,4173
8408,8360,4174
8409,8360,4175
8410,8360,4176
8411,8360,4177
8412,8360,4178
8413,8360,4179
8414,8360,4180
8415,8360,4181
8416,8360,4182
8417,8360,4183
8418,8360,4184
8419,8360,4185
8420,8360,4186
8421,8360,4187
8422,8360,4188
8423,8360,4189
8424,8360,4190
8425,8360,4191
8426,8360,4192
8427,8361,4193
8428,8362,4194
8429,8363,4195
8430,8364,4195
8431,8365,4195
8432,8366,4195
8433,8367,4195
8434,8368,4195
8435,8369,4195
8436,8370,4195
8437,8371,4195
8438,8372,4195
8439,8373,4195
8440,8374,4195
8441,8375,4195
8442,8376,4195
8443,8377,4195
8444,8378,4195
8445,8379,4195
8446,8380,4195
8447,8381,4195
8448,8382,4195
8449,8383,4195
8450,8384,4195
8451,8385,4195
8452,8386,4195
8453,8387,4195
8454,8388,4195
8455,8389,4195
8456,8390,4195
8457,8391,4195
8458,8392,4195
8459,8393,4195
8460,8394,4195
8461,8395,4195
8462,8396,4195
8463,8397,4195
8464,8398,4195
8465,8399,4195
8466,8400,4195
8467,8401,4195
8468,8402,4195
8469,8403,4195
8470,8404,4195
8471,8405,4195
8472,8406,4195
8473,8407,4195
8474,8408,4195
8475,8409,4195
8476,8410,4195
8477,8411,4195
8478,8412,4195
8479,8413,4195
8480,8414,4195
8481,8415,4195
8482,8416,4195
8483,8417,4195
8484,8418,4195
8485,8419,4195
8486,8420,4195
8487,8421,4195
8488,8422,4195
8489,8423,4195
8490,8424,4195
8491,8425,4195
8492,8426,4195
8493,8427,4195
8494,8428,4195
8495,8429,4195
8496,8430,4195
8497,8431,4195
8498,8432,4195
8499,8433,4195
8500,8434,4195
8501,8435,4195
8502,8436,4195
8503,8437,4195
8504,8438,4195
8505,8439,4195
8506,8440,4196
8507,8441,4197
8508,8442,4198
8509,8443,4199
8510,8444,4200
8511,8445,4201
8512,8446,4202
8513,8447,4203
8514,8448,4204
8515,8449,4205
8516,8450,4205
8517,8451,4205
8518,8452,4205
8519,8453,4205
8520,8454,4205
8521,8455,4205
8522,8456,4205
8523,8457,4205
8524,8458,4205
8525,8459,4205
8526,8460,4205
8527,8461,4205
8528,8462,4205
8529,8463,4205
8530,8464,4205
8531,8465,4205
8532,8466,4205
8533,8467,4205
8534,8468,4205
8535,8469,4205
8536,8470,4205
8537,8471,4206
8538,8472,4207
8539,8473,4208
8540,8474,4209
8541,8475,4210
8542,8476,4211
8543,8477,4212
8544,8478,4213
8545,8479,4214
8546,8480,4215
8547,8481,4216
8548,8482,4217
8549,8483,4218
8550,8484,4219
8551,8485,4220
8552,8486,4221
8553,8487,4222
8554,8488,4223
8555,8489,4224
8556,8490,4225
8557,8491,4226
8558,8492,4227
8559,8493,4228
8560,8494,4228
8561,8495,4228
8562,8496,4228
8563,8497,4228
8564,8498,4228
8565,8499,4228
8566,8500,4228
8567,8501,4228
8568,8502,4228
8569,8503,4228
8570,8504,4228
8571,8505,4228
8572,8506,4228
8573,8507,4228
8574,8508,4228
8575,8509,4228
8576,8510,4228
8577,8511,4228
8578,8512,4228
8579,8513,4228
8580,8514,4228
8581,8515,4228
8582,8516,4228
8583,8517,4228
8584,8518,4229
8585,8519,4230
8586,8520,4231
8587,8521,4232
8588,8522,4233
8589,8523,4234
8590,8524,4235
8591,8525,4236
8592,8526,4237
8593,8527,4238
8594,8528,4239
8595,8529,4240
8596,8530,4241
8597,8531,4242
8598,8532,4243
8599,8533,4244
8600,8534,4245
8601,8535,4246
8602,8536,4247
8603,8537,4248
8604,8538,4249
8605,8539,4250
8606,8540,4251
8607,8541,4252
8608,8542,4253
8609,8543,4254
8610,8544,4255
8611,8545,4256
8612,8546,4257
8613,8547,4258
8614,8548,4259
8615,8549,4260
8616,8550,4261
8617,8551,4262
8618,8552,4263
8619,8553,4264
8620,8554,4265
8621,8555,4266
8622,8556,4267
8623,8557,4268
8624,8558,4268
8625,8559,4268
8626,8560,4268
8627,8561,4268
8628,8562,4268
8629,8563,4268
8630,8564,4268
8631,8565,4268
8632,8566,4268
8633,8567,4268
8634,8568,4268
8635,8569,4268
8636,8570,4268
8637,8571,4268
8638,8572,4268
8639,8573,4268
8640,8574,4268
8641,8575,4268
8642,8576,4268
8643,8577,4268
8644,8578,4268
8645,8579,4268
8646,8580,4268
8647,8581,4268
8648,8582,4268
8649,8583,4268
8650,8584,4268
8651,8585,4268
8652,8586,4268
8653,8587,4268
8654,8588,4268
8655,8589,4268
8656,8590,4268
8657,8591,4268
8658,8592,4269
8659,8593,4270
8660,8594,4271
8661,8595,4272
8662,8596,4273
8663,8597,4274
8664,8598,4275
8665,8599,4276
8666,8600,4277
8667,8601,4278
8668,8602,4279
8669,8603,4280
8670,8604,4281
8671,8605,4282
8672,8606,4283
8673,8607,4284
8674,8608,4285
8675,8609,4286
8676,8610,4287
8677,8611,4288
8678,8612,4289
8679,8613,4290
8680,8614,4291
8681,8615,4292
8682,8616,4293
8683,8617,4294
8684,8618,4295
8685,8619,4296
8686,8620,4297
8687,8621,4298
8688,8622,4299
8689,8623,4300
8690,8624,4301
8691,8625,4302
8692,8626,4303
8693,8627,4304
8694,8628,4305
8695,8629,4305
8696,8630,4305
8697,8631,4305
8698,8632,4305
8699,8633,4305
8700,8634,4305
8701,8635,4305
8702,8636,4305
8703,8637,4305
8704,8638,4305
8705,8639,4305
8706,8640,4305
8707,8641,4305
8708,8642,4305
8709,8643,4305
8710,8644,4305
8711,8645,4305
8712,8646,4305
8713,8647,4305
8714,8648,4305
8715,8649,4305
8716,8650,4305
8717,8651,4305
8718,8652,4305
8719,8653,4305
8720,8654,4305
8721,8655,4305
8722,8656,4305
8723,8657,4305
8724,8658,4305
8725,8659,4305
8726,8660,4305
8727,8661,4305
8728,8662,4305
8729,8663,4305
8730,8664,4305
8731,8665,4305
8732,8666,4305
8733,8667,4305
8734,8668,4305
8735,8669,4305
8736,8670,4306
8737,8671,4307
8738,8672,4308
8739,8673,4309
8740,8674,4310
8741,8675,4311
8742,8676,4312
8743,8677,4313
8744,8678,4314
8745,8679,4315
8746,8680,4316
8747,8680,4317
8748,8680,4318
8749,8680,4319
8750,8680,4320
8751,8680,4321
8752,8680,4322
8753,8680,4323
8754,8680,4324
8755,8680,4325
8756,8680,4326
8757,8680,4327
8758,8680,4328
8759,8680,4329
8760,8680,4330
8761,8680,4331
8762,8680,4332
8763,8680,4333
8764,8680,4334
8765,8680,4335
8766,8680,4336
8767,8680,4337
8768,8680,4338
8769,8680,4339
8770,8680,4340
8771,8680,4341
8772,8680,4342
8773,8680,4343
8774,8680,4344
8775,8680,4345
8776,8680,4346
8777,8680,4347
8778,8680,4348
8779,8680,4349
8780,8680,4350
8781,8680,4351
8782,8680,4352
8783,8680,4353
8784,8680,4354
8785,8680,4355
8786,8680,4356
8787,8680,4357
8788,8680,4358
8789,8680,4359
8790,8680,4360
8791,8680,4361
8792,8680,4362
8793,8680,4363
8794,8680,4364
8795,8680,4365
8796,8680,4366
8797,8680,4367
8798,8680,4368
8799,8680,4369
8800,8680,4370
8801,8681,4371
8802,8682,4372
8803,8683,4373
8804,8684,4374
8805,8685,4375
8806,8686,4376
8807,8687,4377
8808,8688,4378
8809,8689,4379
8810,8690,4380
8811,8691,4381
8812,8692,4382
8813,8693,4383
8814,8694,4384
8815,8695,4385
8816,8696,4386
8817,8697,4387
8818,8698,4388
8819,8699,4389
8820,8700,4390
8821,8701,4391
8822,8702,4392
8823,8703,4393
8824,8704,4394
8825,8705,4395
8826,8706,4396
8827,8707,4397
8828,8708,4398
8829,8709,4399
8830,8710,4400
8831,8711,4401
8832,8712,4402
8833,8713,4403
8834,8714,4404
8835,8715,4405
8836,8716,4406
8837,8717,4407
8838,8718,4408
8839,8719,4409
8840,8720,4410
8841,8721,4411
8842,8722,4412
8843,8723,4413
8844,8724,4414
8845,8725,4415
8846,8726,4416
8847,8727,4417
8848,8728,4418
8849,8729,4419
8850,8730,4420
8851,8731,4421
8852,8732,4422
8853,8733,4423
8854,8734,4424
8855,8735,4425
8856,8736,4426
8857,8737,4427
8858,8738,4428
8859,8739,4429
8860,8740,4430
8861,8741,4431
8862,8742,4432
8863,8743,4433
8864,8744,4434
8865,8745,4435
8866,8746,4436
8867,8747,4437
8868,8748,4438
8869,8749,4439
8870,8750,4440
8871,8751,4441
8872,8752,4442
8873,8753,4443
8874,8754,4444
8875,8755,4445
8876,8756,4446
8877,8757,4447
8878,8758,4448
8879,8759,4449
8880,8760,4450
8881,8761,4451
8882,8762,4452
8883,8763,4453
8884,8764,4454
8885,8765,4455
8886,8766,4456
8887,8767,4457
8888,8768,4458
8889,8769,4459
8890,8770,4460
8891,8771,4461
8892,8772,4462
8893,8773,4463
8894,8774,4464
8895,8775,4465
8896,8776,4466
8897,8777,4467
8898,8778,4468
8899,8779,4469
8900,8780,4470
8901,8781,4471
8902,8782,4472
8903,8783,4473
8904,8784,4474
8905,8785,4475
8906,8786,4476
8907,8787,4477
8908,8788,4478
8909,8789,4479
8910,8790,4480
8911,8791,4481
8912,8792,4482
8913,8793,4483
8914,8794,4484
8915,8795,4485
8916,8796,4486
8917,8797,4487
8918,8798,4488
8919,8799,4489
8920,8800,4490
8921,8801,4491
8922,8802,4492
8923,8803,4493
8924,8804,4494
8925,8805,4495
8926,8806,4496
8927,8807,4497
8928,8808,4498
8929,8809,4499
8930,8810,4500
8931,8811,4501
8932,8812,4502
8933,8813,4503
8934,8814,4504
8935,8815,4505
8936,8816,4506
8937,8817,4507
8938,8818,4508
8939,8819,4509
8940,8820,4510
8941,8821,4511
8942,8822,4512
8943,8823,4513
8944,8824,4514
8945,8825,4515
8946,8826,4516
8947,8827,4517
8948,8828,4518
8949,8829,4519
8950,8830,4520
8951,8831,4521
8952,8832,4522
8953,8833,4523
8954,8834,4524
8955,8835,4525
8956,8836,4526
8957,8837,4527
8958,8838,4528
8959,8839,4529
8960,8840,4530
8961,8840,4531
8962,8840,4532
8963,8840,4533
8964,8840,4534
8965,8840,4535
8966,8840,4536
8967,8840,4537
8968,8840,4538
8969,8840,4539
8970,8840,4540
8971,8840,4541
8972,8840,4542
8973,8840,4543
8974,8840,4544
8975,8840,4545
8976,8840,4546
8977,8840,4547
8978,8840,4548
8979,8840,4549
8980,8840,4550
8981,8840,4551
8982,8840,4552
8983,8840,4553
8984,8840,4554
8985,8840,4555
8986,8840,4556
8987,8840,4557
8988,8840,4558
8989,8840,4559
8990,8840,4560
8991,8840,4561
8992,8840,4562
8993,8840,4563
8994,8840,4564
8995,8840,4565
8996,8840,4566
8997,8840,4567
8998,8840,4568
8999,8840,4569
9000,8840,4570
9001,8840,4571
9002,8840,4572
9003,8840,4573
9004,8840,4574
9005,8840,4575
9006,8840,4576
9007,8840,4577
9008,8840,4578
9009,8840,4579
9010,8840,4580
9011,8840,4581
9012,8840,4582
9013,8840,4583
9014,8840,4584
9015,8840,4585
9016,8840,4586
9017,8840,4587
9018,8840,4588
9019,8840,4589
9020,8840,4590
9021,8840,4591
9022,8840,4592
9023,8840,4593
9024,8840,4594
9025,8840,4595
9026,8840,4596
9027,8840,4597
9028,8840,4598
9029,8840,4599
9030,8840,4600
9031,8840,4601
9032,8840,4602
9033,8840,4603
9034,8840,4604
9035,8840,4605
9036,8840,4606
9037,8840,4607
9038,8840,4608
9039,8840,4609
9040,8840,4610
9041,8840,4611
9042,8840,4612
9043,8840,4613
9044,8840,4614
9045,8840,4615
9046,8840,4616
9047,8840,4617
9048,8840,4618
9049,8840,4619
9050,8840,4620
9051,8840,4621
9052,8840,4622
9053,8840,4623
9054,8840,4624
9055,8840,4625
9056,8840,4626
9057,8840,4627
9058,8840,4628
9059,8840,4629
9060,8840,4630
9061,8840,4631
9062,8840,4632
9063,8840,4633
9064,8840,4634
9065,8840,4635
9066,8840,4636
9067,8840,4637
9068,8840,4638
9069,8840,4639
9070,8840,4640
9071,8840,4641
9072,8840,4642
9073,8840,4643
9074,8840,4644
9075,8840,4645
9076,8840,4646
9077,8840,4647
9078,8840,4648
9079,8840,4649
9080,8840,4650
9081,8840,4651
9082,8840,4652
9083,8840,4653
9084,8840,4654
9085,8840,4655
9086,8840,4656
9087,8840,4657
9088,8840,4658
9089,8840,4659
9090,8840,4660
9091,8840,4661
9092,8840,4662
9093,8840,4663
9094,8840,4664
9095,8840,4665
9096,8840,4666
9097,8840,4667
9098,8840,4668
9099,8840,4669
9100,8840,4670
9101,8840,4671
9102,8840,4672
9103,8840,4673
9104,8840,4674
9105,8840,4675
9106,8840,4676
9107,8840,4677
9108,8840,4678
9109,8840,4679
9110,8840,4680
9111,8840,4681
9112,8840,4682
9113,8840,4683
9114,8840,4684
9115,8840,4685
9116,8840,4686
9117,8840,4687
9118,8840,4688
9119,8840,4689
9120,8840,4690
9121,8840,4691
9122,8840,4692
9123,8840,4693
9124,8840,4694
9125,8840,4695
9126,8840,4696
9127,8840,4697
9128,8840,4698
9129,8840,4699
9130,8840,4700
9131,8840,4701
9132,8840,4702
9133,8840,4703
9134,8840,4704
9135,8840,4705
9136,8840,4706
9137,8840,4707
9138,8840,4708
9139,8840,4709
9140,8840,4710
9141,8840,4711
9142,8840,4712
9143,8840,4713
9144,8840,4714
9145,8840,4715
9146,8840,4716
9147,8840,4717
9148,8840,4718
9149,8840,4719
9150,8840,4720
9151,8840,4721
9152,8840,4722
9153,8840,4723
9154,8840,4724
9155,8840,4725
9156,8840,4726
9157,8840,4727
9158,8840,4728
9159,8840,4729
9160,8840,4730
9161,8840,4731
9162,8840,4732
9163,8840,4733
9164,8840,4734
9165,8840,4735
9166,8840,4736
9167,8840,4737
9168,8840,4738
9169,8840,4739
9170,8840,4740
9171,8840,4741
9172,8840,4742
9173,8840,4743
9174,8840,4744
9175,8840,4745
9176,8840,4746
9177,8840,4747
9178,8840,4748
9179,8840,4749
9180,8840,4750
9181,8840,4751
9182,8840,4752
9183,8840,4753
9184,8840,4754
9185,8840,4755
9186,8840,4756
9187,8840,4757
9188,8840,4758
9189,8840,4759
9190,8840,4760
9191,8840,4761
9192,8840,4762
9193,8840,4763
9194,8840,4764
9195,8840,4765
9196,8840,4766
9197,8840,4767
9198,8840,4768
9199,8840,4769
9200,8840,4770
9201,8840,4771
9202,8840,4772
9203,8840,4773
9204,8840,4774
9205,8840,4775
9206,8840,4776
9207,8840,4777
9208,8840,4778
9209,8840,4779
9210,8840,4780
9211,8840,4781
9212,8840,4782
9213,8840,4783
9214,8840,4784
9215,8840,4785
9216,8840,4786
9217,8840,4787
9218,8840,4788
9219,8840,4789
9220,8840,4790
9221,8840,4791
9222,8840,4792
9223,8840,4793
9224,8840,4794
9225,8840,4795
9226,8840,4796
9227,8840,4797
9228,8840,4798
9229,8840,4799
9230,8840,4800
9231,8840,4801
9232,8840,4802
9233,8840,4803
9234,8840,4804
9235,8840,4805
9236,8840,4806
9237,8840,4807
9238,8840,4808
9239,8840,4809
9240,8840,4810
9241,8840,4811
9242,8840,4812
9243,8840,4813
9244,8840,4814
9245,8840,4815
9246,8840,4816
9247,8840,4817
9248,8840,4818
9249,8840,4819
9250,8840,4820
9251,8840,4821
9252,8840,4822
9253,8840,4823
9254,8840,4824
9255,8840,4825
9256,8840,4826
9257,8840,4827
9258,8840,4828
9259,8840,4829
9260,8840,4830
9261,8840,4831
9262,8840,4832
9263,8840,4833
9264,8840,4834
9265,8840,4835
9266,8840,4836
9267,8840,4837
9268,8840,4838
9269,8840,4839
9270,8840,4840
9271,8840,4841
9272,8840,4842
9273,8840,4843
9274,8840,4844
9275,8840,4845
9276,8840,4846
9277,8840,4847
9278,8840,4848
9279,8840,4849
9280,8840,4850
9281,8840,4851
9282,8840,4852
9283,8840,4853
9284,8840,4854
9285,8840,4855
9286,8840,4856
9287,8840,4857
9288,8840,4858
9289,8840,4859
9290,8840,4860
9291,8840,4861
9292,8840,4862
9293,8840,4863
9294,8840,4864
9295,8840,4865
9296,8840,4866
9297,8840,4867
9298,8840,4868
9299,8840,4869
9300,8840,4870
9301,8840,4871
9302,8840,4872
9303,8840,4873
9304,8840,4874
9305,8840,4875
9306,8840,4876
9307,8840,4877
9308,8840,4878
9309,8840,4879
9310,8840,4880
9311,8840,4881
9312,8840,4882
9313,8840,4883
9314,8840,4884
9315,8840,4885
9316,8840,4886
9317,8840,4887
9318,8840,4888
9319,8840,4889
9320,8840,4890
9321,8840,4891
9322,8840,4892
9323,8840,4893
9324,8840,4894
9325,8840,4895
9326,8840,4896
9327,8840,4897
9328,8840,4898
9329,8840,4899
9330,8840,4900
9331,8840,4901
9332,8840,4902
9333,8840,4903
9334,8840,4904
9335,8840,4905
9336,8840,4906
9337,8840,4907
9338,8840,4908
9339,8840,4909
9340,8840,4910
9341,8840,4911
9342,8840,4912
9343,8840,4913
9344,8840,4914
9345,8840,4915
9346,8840,4916
9347,8840,4917
9348,8840,4918
9349,8840,4919
9350,8840,4920
9351,8840,4921
9352,8840,4922
9353,8840,4923
9354,8840,4924
9355,8840,4925
9356,8840,4926
9357,8840,4927
9358,8840,4928
9359,8840,4929
9360,8840,4930
9361,8840,4931
9362,8840,4932
9363,8840,4933
9364,8840,4934
9365,8840,4935
9366,8840,4936
9367,8840,4937
9368,8840,4938
9369,8840,4939
9370,8840,4940
9371,8840,4941
9372,8840,4942
9373,8840,4943
9374,8840,4944
9375,8840,4945
9376,8840,4946
9377,8840,4947
9378,8840,4948
9379,8840,4949
9380,8840,4950
9381,8840,4951
9382,8840,4952
9383,8840,4953
9384,8840,4954
9385,8840,4955
9386,8840,4956
9387,8840,4957
9388,8840,4958
9389,8840,4959
9390,8840,4960
9391,8840,4961
9392,8840,4962
9393,8840,4963
9394,8840,4964
9395,8840,4965
9396,8840,4966
9397,8840,4967
9398,8840,4968
9399,8840,4969
9400,8840,4970
9401,8840,4971
9402,8840,4972
9403,8840,4973
9404,8840,4974
9405,8840,4975
9406,8840,4976
9407,8840,4977
9408,8840,4978
9409,8840,4979
9410,8840,4980
9411,8840,4981
9412,8840,4982
9413,8840,4983
9414,8840,4984
9415,8840,4985
9416,8840,4986
9417,8840,4987
9418,8840,4988
9419,8840,4989
9420,8840,4990
9421,8840,4991
9422,8840,4992
9423,8840,4993
9424,8840,4994
9425,8840,4995
9426,8840,4996
9427,8840,4997
9428,8840,4998
9429,8840,4999
9430,8840,5000
9431,8840,5001
9432,8840,5002
9433,8840,5003
9434,8840,5004
9435,8840,5005
9436,8840,5006
9437,8840,5007
9438,8840,5008
9439,8840,5009
9440,8840,5010
9441,8840,5011
9442,8840,5012
9443,8840,5013
9444,8840,5014
9445,8840,5015
9446,8840,5016
9447,8840,5017
9448,8840,5018
9449,8840,5019
9450,8840,5020
9451,8840,5021
9452,8840,5022
9453,8840,5023
9454,8840,5024
9455,8840,5025
9456,8840,5026
9457,8840,5027
9458,8840,5028
9459,8840,5029
9460,8840,5030
9461,8840,5031
9462,8840,5032
9463,8840,5033
9464,8840,5034
9465,8840,5035
9466,8840,5036
9467,8840,5037
9468,8840,5038
9469,8840,5039
9470,8840,5040
9471,8840,5041
9472,8840,5042
9473,8840,5043
9474,8840,5044
9475,8840,5045
9476,8840,5046
9477,8840,5047
9478,8840,5048
9479,8840,5049
9480,8840,5050
9481,8840,5051
9482,8840,5052
9483,8840,5053
9484,8840,5054
9485,8840,5055
9486,8840,5056
9487,8840,5057
9488,8840,5058
9489,8840,5059
9490,8840,5060
9491,8840,5061
9492,8840,5062
9493,8840,5063
9494,8840,5064
9495,8840,5065
9496,8840,5066
9497,8840,5067
9498,8840,5068
9499,8840,5069
9500,8840,5070
9501,8840,5071
9502,8840,5072
9503,8840,5073
9504,8840,5074
9505,8840,5075
9506,8840,5076
9507,8840,5077
9508,8840,5078
9509,8840,5079
9510,8840,5080
9511,8840,5081
9512,8840,5082
9513,8840,5083
9514,8840,5084
9515,8840,5085
9516,8840,5086
9517,8840,5087
9518,8840,5088
9519,8840,5089
9520,8840,5090
9521,8840,5091
9522,8840,5092
9523,8840,5093
9524,8840,5094
9525,8840,5095
9526,8840,5096
9527,8840,5097
9528,8840,5098
9529,8840,5099
9530,8840,5100
9531,8840,5101
9532,8840,5102
9533,8840,5103
9534,8840,5104
9535,8840,5105
9536,8840,5106
9537,8840,5107
9538,8840,5108
9539,8840,5109
9540,8840,5110
9541,8840,5111
9542,8840,5112
9543,8840,5113
9544,8840,5114
9545,8840,5115
9546,8840,5116
9547,8840,5117
9548,8840,5118
9549,8840,5119
9550,8840,5120
9551,8840,5121
9552,8840,5122
9553,8840,5123
9554,8840,5124
9555,8840,5125
9556,8840,5126
9557,8840,5127
9558,8840,5128
9559,8840,5129
9560,8840,5130
9561,8840,5131
9562,8840,5132
9563,8840,5133
9564,8840,5134
9565,8840,5135
9566,8840,5136
9567,8840,5137
9568,8840,5138
9569,8840,5139
9570,8840,5140
9571,8840,5141
9572,8840,5142
9573,8840,5143
9574,8840,5144
9575,8840,5145
9576,8840,5146
9577,8840,5147
9578,8840,5148
9579,8840,5149
9580,8840,5150
9581,8840,5151
9582,8840,5152
9583,8840,5153
9584,8840,5154
9585,8840,5155
9586,8840,5156
9587,8840,5157
9588,8840,5158
9589,8840,5159
9590,8840,5160
9591,8840,5161
9592,8840,5162
9593,8840,5163
9594,8840,5164
9595,8840,5165
9596,8840,5166
9597,8840,5167
9598,8840,5168
9599,8840,5169
9600,8840,5170
9601,8840,5171
9602,8840,5172
9603,8840,5173
9604,8840,5174
9605,8840,5175
9606,8840,5176
9607,8840,5177
9608,8840,5178
9609,8840,5179
9610,8840,5180
9611,8840,5181
9612,8840,5182
9613,8840,5183
9614,8840,5184
9615,8840,5185
9616,8840,5186
9617,8840,5187
9618,8840,5188
9619,8840,5189
9620,8840,5190
9621,8840,5191
9622,8840,5192
9623,8840,5193
9624,8840,5194
9625,8840,5195
9626,8840,5196
9627,8840,5197
9628,8840,5198
9629,8840,5199
9630,8840,5200
9631,8840,5201
9632,8840,5202
9633,8840,5203
9634,8840,5204
9635,8840,5205
9636,8840,5206
9637,8840,5207
9638,8840,5208
9639,8840,5209
9640,8840,5210
9641,8840,5211
9642,8840,5212
9643,8840,5213
9644,8840,5214
9645,8840,5215
9646,8840,5216
9647,8840,5217
9648,8840,5218
9649,8840,5219
9650,8840,5220
9651,8840,5221
9652,8840,5222
9653,8840,5223
9654,8840,5224
9655,8840,5225
9656,8840,5226
9657,8840,5227
9658,8840,5228
9659,8840,5229
9660,8840,5230
9661,8840,5231
9662,8840,5232
9663,8840,5233
9664,8840,5234
9665,8840,5235
9666,8840,5236
9667,8840,5237
9668,8840,5238
9669,8840,5239
9670,8840,5240
9671,8840,5241
9672,8840,5242
9673,8840,5243
9674,8840,5244
9675,8840,5245
9676,8840,5246
9677,8840,5247
9678,8840,5248
9679,8840,5249
9680,8840,5250
9681,8840,5251
9682,8840,5252
9683,8840,5253
9684,8840,5254
9685,8840,5255
9686,8840,5256
9687,8840,5257
9688,8840,5258
9689,8840,5259
9690,8840,5260
9691,8840,5261
9692,8840,5262
9693,8840,5263
9694,8840,5264
9695,8840,5265
9696,8840,5266
9697,8840,5267
9698,8840,5268
9699,8840,5269
9700,8840,5270
9701,8840,5271
9702,8840,5272
9703,8840,5273
9704,8840,5274
9705,8840,5275
9706,8840,5276
9707,8840,5277
9708,8840,5278
9709,8840,5279
9710,8840,5280
9711,8840,5281
9712,8840,5282
9713,8840,5283
9714,8840,5284
9715,8840,5285
9716,8840,5286
9717,8840,5287
9718,8840,5288
9719,8840,5289
9720,8840,5290
9721,8840,5291
9722,8840,5292
9723,8840,5293
9724,8840,5294
9725,8840,5295
9726,8840,5296
9727,8840,5297
9728,8840,5298
9729,8840,5299
9730,8840,5300
9731,8840,5301
9732,8840,5302
9733,8840,5303
9734,8840,5304
9735,8840,5305
9736,8840,5306
9737,8840,5307
9738,8840,5308
9739,8840,5309
9740,8840,5310
9741,8840,5311
9742,8840,5312
9743,8840,5313
9744,8840,5314
9745,8840,5315
9746,8840,5316
9747,8840,5317
9748,8840,5318
9749,8840,5319
9750,8840,5320
9751,8840,5321
9752,8840,5322
9753,8840,5323
9754,8840,5324
9755,8840,5325
9756,8840,5326
9757,8840,5327
9758,8840,5328
9759,8840,5329
9760,8840,5330
9761,8840,5331
9762,8840,5332
9763,8840,5333
9764,8840,5334
9765,8840,5335
9766,8840,5336
9767,8840,5337
9768,8840,5338
9769,8840,5339
9770,8840,5340
9771,8840,5341
9772,8840,5342
9773,8840,5343
9774,8840,5344
9775,8840,5345
9776,8840,5346
9777,8840,5347
9778,8840,5348
9779,8840,5349
9780,8840,5350
9781,8840,5351
9782,8840,5352
9783,8840,5353
9784,8840,5354
9785,8840,5355
9786,8840,5356
9787,8840,5357
9788,8840,5358
9789,8840,5359
9790,8840,5360
9791,8840,5361
9792,8840,5362
9793,8840,5363
9794,8840,5364
9795,8840,5365
9796,8840,5366
9797,8840,5367
9798,8840,5368
9799,8840,5369
9800,8840,5370
9801,8840,5371
9802,8840,5372
9803,8840,5373
9804,8840,5374
9805,8840,5375
9806,8840,5376
9807,8840,5377
9808,8840,5378
9809,8840,5379
9810,8840,5380
9811,8840,5381
9812,8840,5382
9813,8840,5383
9814,8840,5384
9815,8840,5385
9816,8840,5386
9817,8840,5387
9818,8840,5388
9819,8840,5389
9820,8840,5390
9821,8840,5391
9822,8840,5392
9823,8840,5393
9824,8840,5394
9825,8840,5395
9826,8840,5396
9827,8840,5397
9828,8840,5398
9829,8840,5399
9830,8840,5400
9831,8840,5401
9832,8840,5402
9833,8840,5403
9834,8840,5404
9835,8840,5405
9836,8840,5406
9837,8840,5407
9838,8840,5408
9839,8840,5409
9840,8840,5410
9841,8840,5411
9842,8840,5412
9843,8840,5413
9844,8840,5414
9845,8840,5415
9846,8840,5416
9847,8840,5417
9848,8840,5418
9849,8840,5419
9850,8840,5420
9851,8840,5421
9852,8840,5422
9853,8840,5423
9854,8840,5424
9855,8840,5425
9856,8840,5426
9857,8840,5427
9858,8840,5428
9859,8840,5429
9860,8840,5430
9861,8840,5431
9862,8840,5432
9863,8840,5433
9864,8840,5434
9865,8840,5435
9866,8840,5436
9867,8840,5437
9868,8840,5438
9869,8840,5439
9870,8840,5440
9871,8840,5441
9872,8840,5442
9873,8840,5443
9874,8840,5444
9875,8840,5445
9876,8840,5446
9877,8840,5447
9878,8840,5448
9879,8840,5449
9880,8840,5450
9881,8840,5451
9882,8840,5452
9883,8840,5453
9884,8840,5454
9885,8840,5455
9886,8840,5456
9887,8840,5457
9888,8840,5458
9889,8840,5459
9890,8840,5460
9891,8840,5461
9892,8840,5462
9893,8840,5463
9894,8840,5464
9895,8840,5465
9896,8841,5466
9897,8842,5467
9898,8843,5468
9899,8844,5469
9900,8845,5470
9901,8846,5471
9902,8847,5472
9903,8848,5473
9904,8849,5474
9905,8850,5475
9906,8851,5476
9907,8852,5477
9908,8853,5478
9909,8854,5479
9910,8855,5480
9911,8856,5481
9912,8857,5482
9913,8858,5483
9914,8859,5484
9915,8860,5485
9916,8861,5486
9917,8862,5487
9918,8863,5488
9919,8864,5489
9920,8865,5490
9921,8866,5491
9922,8867,5492
9923,8868,5493
9924,8869,5494
9925,8870,5495
9926,8871,5496
9927,8872,5497
9928,8873,5498
9929,8874,5499
9930,8875,5500
9931,8876,5501
9932,8877,5502
9933,8878,5503
9934,8879,5504
9935,8880,5505
9936,8881,5506
9937,8882,5507
9938,8883,5508
9939,8884,5509
9940,8885,5510
9941,8886,5511
9942,8887,5512
9943,8888,5513
9944,8889,5514
9945,8890,5515
9946,8891,5516
9947,8892,5517
9948,8893,5518
9949,8894,5519
9950,8895,5520
9951,8896,5521
9952,8897,5522
9953,8898,5523
9954,8899,5524
9955,8900,5525
9956,8901,5526
9957,8902,5527
9958,8903,5528
9959,8904,5529
9960,8905,5530
9961,8906,5531
9962,8907,5532
9963,8908,5533
9964,8909,5534
9965,8910,5535
9966,8911,5536
9967,8912,5537
9968,8913,5538
9969,8914,5539
9970,8915,5540
9971,8916,5541
9972,8917,5542
9973,8918,5543
9974,8919,5544
9975,8920,5545
9976,8921,5546
9977,8922,5547
9978,8923,5548
9979,8924,5549
9980,8925,5550
9981,8926,5551
9982,8927,5552
9983,8928,5553
9984,8929,5554
9985,8930,5555
9986,8931,5556
9987,8932,5557
9988,8933,5558
9989,8934,5559
9990,8935,5560
9991,8936,5561
9992,8937,5562
9993,8938,5563
9994,8939,5564
9995,8940,5565
9996,8941,5566
9997,8942,5567
9998,8943,5568
9999,8944,5569
10000,8945,5570
10001,8946,5571
10002,8947,5572
10003,8948,5573
10004,8949,5574
10005,8950,5575
10006,8951,5576
10007,8952,5577
10008,8953,5578
10009,8954,5579
10010,8955,5580
10011,8956,5581
10012,8957,5582
10013,8958,5583
10014,8959,5584
10015,8960,5585
10016,8961,5586
10017,8962,5587
10018,8963,5588
10019,8964,5589
10020,8965,5590
10021,8966,5591
10022,8967,5592
10023,8968,5593
10024,8969,5594
10025,8970,5595
10026,8971,5596
10027,8972,5597
10028,8973,5598
10029,8974,5599
10030,8975,5600
10031,8976,5601
10032,8977,5602
10033,8978,5603
10034,8979,5604
10035,8980,5605
10036,8981,5606
10037,8982,5607
10038,8983,5608
10039,8984,5609
10040,8985,5610
10041,8986,5611
10042,8987,5612
10043,8988,5613
10044,8989,5614
10045,8990,5615
10046,8991,5616
10047,8992,5617
10048,8993,5618
10049,8994,5619
10050,8995,5620
10051,8996,5621
10052,8997,5622
10053,8998,5623
10054,8999,5624
10055,9000,5625
10056,9001,5626
10057,9002,5627
10058,9003,5628
10059,9004,5629
10060,9005,5630
10061,9006,5631
10062,9007,5632
10063,9008,5633
10064,9009,5634
10065,9010,5635
10066,9011,5636
10067,9012,5637
10068,9013,5638
10069,9014,5639
10070,9015,5640
10071,9016,5641
10072,9017,5642
10073,9018,5643
10074,9019,5644
10075,9020,5645
10076,9021,5646
10077,9022,5647
10078,9023,5648
10079,9024,5649
10080,9025,5650
10081,9026,5651
10082,9027,5652
10083,9028,5653
10084,9029,5654
10085,9030,5655
10086,9031,5656
10087,9032,5657
10088,9033,5658
10089,9034,5659
10090,9035,5660
10091,9036,5661
10092,9037,5662
10093,9038,5663
10094,9039,5664
10095,9040,5665
10096,9041,5666
10097,9042,5667
10098,9043,5668
10099,9044,5669
10100,9045,5670
10101,9046,5671
10102,9047,5672
10103,9048,5673
10104,9049,5674
10105,9050,5675
10106,9051,5676
10107,9052,5677
10108,9053,5678
10109,9054,5679
10110,9055,5680
10111,9056,5681
10112,9057,5682
10113,9058,5683
10114,9059,5684
10115,9060,5685
10116,9061,5686
10117,9062,5687
10118,9063,5688
10119,9064,5689
10120,9065,5690
10121,9066,5691
10122,9067,5692
10123,9068,5693
10124,9069,5694
10125,9070,5695
10126,9071,5696
10127,9072,5697
10128,9073,5698
10129,9074,5699
10130,9075,5700
10131,9076,5701
10132,9077,5702
10133,9078,5703
10134,9079,5704
10135,9080,5705
10136,9081,5706
10137,9082,5707
10138,9083,5708
10139,9084,5709
10140,9085,5710
10141,9086,5711
10142,9087,5712
10143,9088,5713
10144,9089,5714
10145,9090,5715
10146,9091,5716
10147,9092,5717
10148,9093,5718
10149,9094,5719
10150,9095,5720
10151,9096,5721
10152,9097,5722
10153,9098,5723
10154,9099,5724
10155,9100,5725
10156,9101,5726
10157,9102,5727
10158,9103,5728
10159,9104,5729
10160,9105,5730
10161,9106,5731
10162,9107,5732
10163,9108,5733
10164,9109,5734
10165,9110,5735
10166,9111,5736
10167,9112,5737
10168,9113,5738
10169,9114,5739
10170,9115,5740
10171,9116,5741
10172,9117,5742
10173,9118,5743
10174,9119,5744
10175,9120,5745
10176,9121,5746
10177,9122,5747
10178,9123,5748
10179,9124,5749
10180,9125,5750
10181,9126,5751
10182,9127,5752
10183,9128,5753
10184,9129,5754
10185,9130,5755
10186,9131,5756
10187,9132,5757
10188,9133,5758
10189,9134,5759
10190,9135,5760
10191,9136,5761
10192,9137,5762
10193,9138,5763
10194,9139,5764
10195,9140,5765
10196,9141,5766
10197,9142,5767
10198,9143,5768
10199,9144,5769
10200,9145,5770
10201,9146,5771
10202,9147,5772
10203,9148,5773
10204,9149,5774
10205,9150,5775
10206,9151,5776
10207,9152,5777
10208,9153,5778
10209,9154,5779
10210,9155,5780
10211,9156,5781
10212,9157,5782
10213,9158,5783
10214,9159,5784
10215,9160,5785
10216,9161,5786
10217,9162,5787
10218,9163,5788
10219,9164,5789
10220,9165,5790
10221,9166,5791
10222,9167,5792
10223,9168,5793
10224,9169,5794
10225,9170,5795
10226,9171,5796
10227,9172,5797
10228,9173,5798
10229,9174,5799
10230,9175,5800
10231,9176,5801
10232,9177,5802
10233,9178,5803
10234,9179,5804
10235,9180,5805
10236,9181,5806
10237,9182,5807
10238,9183,5808
10239,9184,5809
10240,9185,5810
10241,9186,5811
10242,9187,5812
10243,9188,5813
10244,9189,5814
10245,9190,5815
10246,9191,5816
10247,9192,5817
10248,9193,5818
10249,9194,5819
10250,9195,5820
10251,9196,5821
10252,9197,5822
10253,9198,5823
10254,9199,5824
10255,9200,5825
10256,9201,5826
10257,9202,5827
10258,9203,5828
10259,9204,5829
10260,9205,5830
10261,9206,5831
10262,9207,5832
10263,9208,5833
10264,9209,5834
10265,9210,5835
10266,9211,5836
10267,9212,5837
10268,9213,5838
10269,9214,5839
10270,9215,5840
10271,9216,5841
10272,9217,5842
10273,9218,5843
10274,9219,5844
10275,9220,5845
10276,9221,5846
10277,9222,5847
10278,9223,5848
10279,9224,5849
10280,9225,5850
10281,9226,5851
10282,9227,5852
10283,9228,5853
10284,9229,5854
10285,9230,5855
10286,9231,5856
10287,9232,5857
10288,9233,5858
10289,9234,5859
10290,9235,5860
10291,9236,5861
10292,9237,5862
10293,9238,5863
10294,9239,5864
10295,9240,5865
