id,pitch,onset_beat,duration_beat,onset_quarter,duration_quarter,voice
P07_p7n0,52,0.0,1.0,0.0,1.0,1
P06_p6n0,55,0.0,1.0,0.0,1.0,1
P04_p4n0,59,0.0,1.0,0.0,1.0,1
P05_p5n0,59,0.0,1.0,0.0,1.0,1
P03_p3n0,64,0.0,1.0,0.0,1.0,1
P02_p2n0,64,0.0,1.0,0.0,1.0,1
P07_p7n1,52,1.0,0.5,1.0,0.5,1
P06_p6n1,55,1.0,0.5,1.0,0.5,1
P04_p4n1,59,1.0,0.5,1.0,0.5,1
P05_p5n1,59,1.0,0.5,1.0,0.5,1
P03_p3n1,64,1.0,0.5,1.0,0.5,1
P02_p2n1,64,1.0,0.5,1.0,0.5,1
P07_p7n2,52,1.5,0.5,1.5,0.5,1
P06_p6n2,55,1.5,0.5,1.5,0.5,1
P04_p4n2,59,1.5,0.5,1.5,0.5,1
P05_p5n2,59,1.5,0.5,1.5,0.5,1
P03_p3n2,64,1.5,0.5,1.5,0.5,1
P02_p2n2,64,1.5,0.5,1.5,0.5,1
P07_p7n3,52,2.0,0.5,2.0,0.5,1
P06_p6n3,55,2.0,0.5,2.0,0.5,1
P04_p4n3,59,2.0,0.5,2.0,0.5,1
P05_p5n3,59,2.0,0.5,2.0,0.5,1
P03_p3n3,64,2.0,0.5,2.0,0.5,1
P02_p2n3,64,2.0,0.5,2.0,0.5,1
P07_p7n4,52,2.5,0.5,2.5,0.5,1
P06_p6n4,55,2.5,0.5,2.5,0.5,1
P04_p4n4,59,2.5,0.5,2.5,0.5,1
P05_p5n4,59,2.5,0.5,2.5,0.5,1
P03_p3n4,64,2.5,0.5,2.5,0.5,1
P02_p2n4,64,2.5,0.5,2.5,0.5,1
P07_p7n5,52,3.0,0.5,3.0,0.5,1
P06_p6n5,55,3.0,0.5,3.0,0.5,1
P04_p4n5,59,3.0,0.5,3.0,0.5,1
P05_p5n5,59,3.0,0.5,3.0,0.5,1
P03_p3n5,64,3.0,0.5,3.0,0.5,1
P02_p2n5,64,3.0,0.5,3.0,0.5,1
P07_p7n6,52,3.5,0.5,3.5,0.5,1
P06_p6n6,55,3.5,0.5,3.5,0.5,1
P04_p4n6,59,3.5,0.5,3.5,0.5,1
P05_p5n6,59,3.5,0.5,3.5,0.5,1
P03_p3n6,64,3.5,0.5,3.5,0.5,1
P02_p2n6,64,3.5,0.5,3.5,0.5,1
P07_p7n7,52,4.0,1.0,4.0,1.0,1
P06_p6n7,55,4.0,1.0,4.0,1.0,1
P04_p4n7,59,4.0,1.0,4.0,1.0,1
P05_p5n7,59,4.0,1.0,4.0,1.0,1
P03_p3n7,64,4.0,1.0,4.0,1.0,1
P02_p2n7,64,4.0,1.0,4.0,1.0,1
P07_p7n8,52,5.0,0.5,5.0,0.5,1
P06_p6n8,55,5.0,0.5,5.0,0.5,1
P04_p4n8,59,5.0,0.5,5.0,0.5,1
P05_p5n8,59,5.0,0.5,5.0,0.5,1
P03_p3n8,64,5.0,0.5,5.0,0.5,1
P02_p2n8,64,5.0,0.5,5.0,0.5,1
P07_p7n9,52,5.5,0.5,5.5,0.5,1
P06_p6n9,55,5.5,0.5,5.5,0.5,1
P04_p4n9,59,5.5,0.5,5.5,0.5,1
P05_p5n9,59,5.5,0.5,5.5,0.5,1
P03_p3n9,64,5.5,0.5,5.5,0.5,1
P02_p2n9,64,5.5,0.5,5.5,0.5,1
P07_p7n10,52,6.0,0.5,6.0,0.5,1
P06_p6n10,55,6.0,0.5,6.0,0.5,1
P04_p4n10,59,6.0,0.5,6.0,0.5,1
P05_p5n10,59,6.0,0.5,6.0,0.5,1
P03_p3n10,64,6.0,0.5,6.0,0.5,1
P02_p2n10,64,6.0,0.5,6.0,0.5,1
P07_p7n11,52,6.5,0.5,6.5,0.5,1
P06_p6n11,55,6.5,0.5,6.5,0.5,1
P04_p4n11,59,6.5,0.5,6.5,0.5,1
P05_p5n11,59,6.5,0.5,6.5,0.5,1
P03_p3n11,64,6.5,0.5,6.5,0.5,1
P02_p2n11,64,6.5,0.5,6.5,0.5,1
P07_p7n12,52,7.0,0.5,7.0,0.5,1
P06_p6n12,55,7.0,0.5,7.0,0.5,1
P04_p4n12,59,7.0,0.5,7.0,0.5,1
P05_p5n12,59,7.0,0.5,7.0,0.5,1
P03_p3n12,64,7.0,0.5,7.0,0.5,1
P02_p2n12,64,7.0,0.5,7.0,0.5,1
P07_p7n13,52,7.5,0.5,7.5,0.5,1
P06_p6n13,55,7.5,0.5,7.5,0.5,1
P04_p4n13,59,7.5,0.5,7.5,0.5,1
P05_p5n13,59,7.5,0.5,7.5,0.5,1
P03_p3n13,64,7.5,0.5,7.5,0.5,1
P02_p2n13,64,7.5,0.5,7.5,0.5,1
P07_p7n14,52,8.0,1.0,8.0,1.0,1
P06_p6n14,55,8.0,1.0,8.0,1.0,1
P04_p4n14,59,8.0,1.0,8.0,1.0,1
P05_p5n14,59,8.0,1.0,8.0,1.0,1
P03_p3n14,64,8.0,1.0,8.0,1.0,1
P02_p2n14,64,8.0,1.0,8.0,1.0,1
P00_p0n4,71,8.0,0.5,8.0,0.5,1
P01_p1n4,71,8.0,0.5,8.0,0.5,1
P00_p0n5,71,8.5,0.5,8.5,0.5,1
P01_p1n5,71,8.5,0.5,8.5,0.5,1
P07_p7n15,52,9.0,0.5,9.0,0.5,1
P06_p6n15,55,9.0,0.5,9.0,0.5,1
P04_p4n15,59,9.0,0.5,9.0,0.5,1
P05_p5n15,59,9.0,0.5,9.0,0.5,1
P03_p3n15,64,9.0,0.5,9.0,0.5,1
P02_p2n15,64,9.0,0.5,9.0,0.5,1
P01_p1n6,64,9.0,0.5,9.0,0.5,1
P00_p0n6,76,9.0,0.5,9.0,0.5,1
P07_p7n16,52,9.5,0.5,9.5,0.5,1
P06_p6n16,55,9.5,0.5,9.5,0.5,1
P04_p4n16,59,9.5,0.5,9.5,0.5,1
P05_p5n16,59,9.5,0.5,9.5,0.5,1
P03_p3n16,64,9.5,0.5,9.5,0.5,1
P02_p2n16,64,9.5,0.5,9.5,0.5,1
P00_p0n7,71,9.5,0.5,9.5,0.5,1
P01_p1n7,71,9.5,0.5,9.5,0.5,1
P07_p7n17,52,10.0,0.5,10.0,0.5,1
P06_p6n17,55,10.0,0.5,10.0,0.5,1
P04_p4n17,59,10.0,0.5,10.0,0.5,1
P05_p5n17,59,10.0,0.5,10.0,0.5,1
P03_p3n17,64,10.0,0.5,10.0,0.5,1
P02_p2n17,64,10.0,0.5,10.0,0.5,1
P01_p1n8,71,10.0,0.5,10.0,0.5,1
P00_p0n8,71,10.0,0.5,10.0,0.5,1
P07_p7n18,52,10.5,0.5,10.5,0.5,1
P06_p6n18,55,10.5,0.5,10.5,0.5,1
P04_p4n18,59,10.5,0.5,10.5,0.5,1
P05_p5n18,59,10.5,0.5,10.5,0.5,1
P03_p3n18,64,10.5,0.5,10.5,0.5,1
P02_p2n18,64,10.5,0.5,10.5,0.5,1
P01_p1n9,71,10.5,0.5,10.5,0.5,1
P00_p0n9,71,10.5,0.5,10.5,0.5,1
P07_p7n19,52,11.0,0.5,11.0,0.5,1
P06_p6n19,55,11.0,0.5,11.0,0.5,1
P04_p4n19,59,11.0,0.5,11.0,0.5,1
P05_p5n19,59,11.0,0.5,11.0,0.5,1
P03_p3n19,64,11.0,0.5,11.0,0.5,1
P02_p2n19,64,11.0,0.5,11.0,0.5,1
P01_p1n10,64,11.0,1.0,11.0,1.0,1
P00_p0n10,76,11.0,1.0,11.0,1.0,1
P07_p7n20,52,11.5,0.5,11.5,0.5,1
P06_p6n20,55,11.5,0.5,11.5,0.5,1
P05_p5n20,59,11.5,0.5,11.5,0.5,1
P04_p4n20,59,11.5,0.5,11.5,0.5,1
P03_p3n20,64,11.5,0.5,11.5,0.5,1
P02_p2n20,64,11.5,0.5,11.5,0.5,1
P07_p7n21,52,12.0,1.0,12.0,1.0,1
P06_p6n21,55,12.0,1.0,12.0,1.0,1
P05_p5n21,59,12.0,1.0,12.0,1.0,1
P04_p4n21,59,12.0,1.0,12.0,1.0,1
P03_p3n21,64,12.0,1.0,12.0,1.0,1
P02_p2n21,64,12.0,1.0,12.0,1.0,1
P01_p1n11,67,12.0,2.0,12.0,2.0,1
P00_p0n11,71,12.0,2.0,12.0,2.0,1
P06_p6n22,54,13.0,0.5,13.0,0.5,1
P07_p7n22,54,13.0,0.5,13.0,0.5,1
P04_p4n22,59,13.0,0.5,13.0,0.5,1
P05_p5n22,59,13.0,0.5,13.0,0.5,1
P03_p3n22,64,13.0,0.5,13.0,0.5,1
P02_p2n22,64,13.0,0.5,13.0,0.5,1
P06_p6n23,54,13.5,0.5,13.5,0.5,1
P07_p7n23,54,13.5,0.5,13.5,0.5,1
P04_p4n23,59,13.5,0.5,13.5,0.5,1
P05_p5n23,59,13.5,0.5,13.5,0.5,1
P03_p3n23,64,13.5,0.5,13.5,0.5,1
P02_p2n23,64,13.5,0.5,13.5,0.5,1
P07_p7n24,55,14.0,0.5,14.0,0.5,1
P06_p6n24,55,14.0,0.5,14.0,0.5,1
P05_p5n24,59,14.0,0.5,14.0,0.5,1
P04_p4n24,62,14.0,0.5,14.0,0.5,1
P02_p2n24,67,14.0,0.5,14.0,0.5,1
P03_p3n24,67,14.0,0.5,14.0,0.5,1
P01_p1n12,71,14.0,0.5,14.0,0.5,1
P00_p0n12,74,14.0,0.5,14.0,0.5,1
P07_p7n25,55,14.5,0.5,14.5,0.5,1
P06_p6n25,55,14.5,0.5,14.5,0.5,1
P05_p5n25,59,14.5,0.5,14.5,0.5,1
P04_p4n25,62,14.5,0.5,14.5,0.5,1
P02_p2n25,67,14.5,0.5,14.5,0.5,1
P03_p3n25,67,14.5,0.5,14.5,0.5,1
P01_p1n13,71,14.5,0.5,14.5,0.5,1
P00_p0n13,74,14.5,0.5,14.5,0.5,1
P06_p6n26,50,15.0,0.5,15.0,0.5,1
P07_p7n26,50,15.0,0.5,15.0,0.5,1
P05_p5n26,59,15.0,0.5,15.0,0.5,1
P04_p4n26,62,15.0,0.5,15.0,0.5,1
P02_p2n26,67,15.0,0.5,15.0,0.5,1
P03_p3n26,67,15.0,0.5,15.0,0.5,1
P01_p1n14,72,15.0,0.5,15.0,0.5,1
P00_p0n14,76,15.0,0.5,15.0,0.5,1
P06_p6n27,50,15.5,0.5,15.5,0.5,1
P07_p7n27,50,15.5,0.5,15.5,0.5,1
P05_p5n27,59,15.5,0.5,15.5,0.5,1
P04_p4n27,62,15.5,0.5,15.5,0.5,1
P02_p2n27,67,15.5,0.5,15.5,0.5,1
P03_p3n27,67,15.5,0.5,15.5,0.5,1
P01_p1n15,71,15.5,0.5,15.5,0.5,1
P00_p0n15,74,15.5,0.5,15.5,0.5,1
P06_p6n28,48,16.0,1.0,16.0,1.0,1
P07_p7n28,48,16.0,1.0,16.0,1.0,1
P04_p4n28,55,16.0,1.0,16.0,1.0,1
P05_p5n28,55,16.0,1.0,16.0,1.0,1
P03_p3n28,60,16.0,1.0,16.0,1.0,1
P02_p2n28,64,16.0,1.0,16.0,1.0,1
P01_p1n16,69,16.0,0.5,16.0,0.5,1
P00_p0n16,72,16.0,0.5,16.0,0.5,1
P01_p1n17,67,16.5,0.5,16.5,0.5,1
P00_p0n17,71,16.5,0.5,16.5,0.5,1
P06_p6n29,50,17.0,0.5,17.0,0.5,1
P07_p7n29,50,17.0,0.5,17.0,0.5,1
P05_p5n29,57,17.0,0.5,17.0,0.5,1
P04_p4n29,57,17.0,0.5,17.0,0.5,1
P03_p3n29,60,17.0,0.5,17.0,0.5,1
P01_p1n18,66,17.0,1.0,17.0,1.0,1
P02_p2n29,66,17.0,0.5,17.0,0.5,1
P00_p0n18,69,17.0,1.0,17.0,1.0,1
P07_p7n30,50,17.5,0.5,17.5,0.5,1
P06_p6n30,50,17.5,0.5,17.5,0.5,1
P05_p5n30,57,17.5,0.5,17.5,0.5,1
P04_p4n30,57,17.5,0.5,17.5,0.5,1
P03_p3n30,60,17.5,0.5,17.5,0.5,1
P02_p2n30,66,17.5,0.5,17.5,0.5,1
P07_p7n31,55,18.0,0.5,18.0,0.5,1
P06_p6n31,55,18.0,0.5,18.0,0.5,1
P04_p4n31,59,18.0,0.5,18.0,0.5,1
P05_p5n31,59,18.0,0.5,18.0,0.5,1
P03_p3n31,62,18.0,0.5,18.0,0.5,1
P02_p2n31,67,18.0,0.5,18.0,0.5,1
P01_p1n19,67,18.0,2.0,18.0,2.0,1
P00_p0n19,67,18.0,2.0,18.0,2.0,1
P07_p7n32,55,18.5,0.5,18.5,0.5,1
P06_p6n32,55,18.5,0.5,18.5,0.5,1
P04_p4n32,59,18.5,0.5,18.5,0.5,1
P05_p5n32,59,18.5,0.5,18.5,0.5,1
P03_p3n32,62,18.5,0.5,18.5,0.5,1
P02_p2n32,67,18.5,0.5,18.5,0.5,1
P07_p7n33,55,19.0,0.5,19.0,0.5,1
P06_p6n33,55,19.0,0.5,19.0,0.5,1
P04_p4n33,59,19.0,0.5,19.0,0.5,1
P05_p5n33,59,19.0,0.5,19.0,0.5,1
P03_p3n33,62,19.0,0.5,19.0,0.5,1
P02_p2n33,67,19.0,0.5,19.0,0.5,1
P07_p7n34,55,19.5,0.5,19.5,0.5,1
P06_p6n34,55,19.5,0.5,19.5,0.5,1
P04_p4n34,59,19.5,0.5,19.5,0.5,1
P05_p5n34,59,19.5,0.5,19.5,0.5,1
P03_p3n34,62,19.5,0.5,19.5,0.5,1
P02_p2n34,67,19.5,0.5,19.5,0.5,1
P07_p7n35,57,20.0,0.5,20.0,0.5,1
P06_p6n35,57,20.0,0.5,20.0,0.5,1
P05_p5n35,60,20.0,0.5,20.0,0.5,1
P04_p4n35,60,20.0,0.5,20.0,0.5,1
P03_p3n35,64,20.0,0.5,20.0,0.5,1
P02_p2n35,64,20.0,0.5,20.0,0.5,1
P00_p0n20,69,20.0,0.5,20.0,0.5,1
P01_p1n20,69,20.0,0.5,20.0,0.5,1
P07_p7n36,55,20.5,0.5,20.5,0.5,1
P06_p6n36,55,20.5,0.5,20.5,0.5,1
P05_p5n36,60,20.5,0.5,20.5,0.5,1
P04_p4n36,60,20.5,0.5,20.5,0.5,1
P03_p3n36,64,20.5,0.5,20.5,0.5,1
P02_p2n36,64,20.5,0.5,20.5,0.5,1
P00_p0n21,69,20.5,0.5,20.5,0.5,1
P01_p1n21,69,20.5,0.5,20.5,0.5,1
P07_p7n37,54,21.0,0.5,21.0,0.5,1
P06_p6n37,54,21.0,0.5,21.0,0.5,1
P05_p5n37,60,21.0,0.5,21.0,0.5,1
P04_p4n37,60,21.0,0.5,21.0,0.5,1
P03_p3n37,64,21.0,0.5,21.0,0.5,1
P02_p2n37,64,21.0,0.5,21.0,0.5,1
P00_p0n22,69,21.0,0.5,21.0,0.5,1
P01_p1n22,69,21.0,0.5,21.0,0.5,1
P06_p6n38,52,21.5,0.5,21.5,0.5,1
P07_p7n38,52,21.5,0.5,21.5,0.5,1
P05_p5n38,60,21.5,0.5,21.5,0.5,1
P04_p4n38,60,21.5,0.5,21.5,0.5,1
P03_p3n38,64,21.5,0.5,21.5,0.5,1
P02_p2n38,64,21.5,0.5,21.5,0.5,1
P00_p0n23,69,21.5,0.5,21.5,0.5,1
P01_p1n23,69,21.5,0.5,21.5,0.5,1
P06_p6n39,50,22.0,0.5,22.0,0.5,1
P07_p7n39,50,22.0,0.5,22.0,0.5,1
P05_p5n39,57,22.0,0.5,22.0,0.5,1
P04_p4n39,60,22.0,0.5,22.0,0.5,1
P03_p3n39,66,22.0,0.5,22.0,0.5,1
P02_p2n39,66,22.0,0.5,22.0,0.5,1
P00_p0n24,69,22.0,0.5,22.0,0.5,1
P01_p1n24,69,22.0,0.5,22.0,0.5,1
P07_p7n40,50,22.5,0.5,22.5,0.5,1
P06_p6n40,50,22.5,0.5,22.5,0.5,1
P05_p5n40,57,22.5,0.5,22.5,0.5,1
P04_p4n40,60,22.5,0.5,22.5,0.5,1
P01_p1n25,66,22.5,0.5,22.5,0.5,1
P03_p3n40,66,22.5,0.5,22.5,0.5,1
P02_p2n40,66,22.5,0.5,22.5,0.5,1
P00_p0n25,74,22.5,0.5,22.5,0.5,1
P06_p6n41,52,23.0,0.5,23.0,0.5,1
P07_p7n41,52,23.0,0.5,23.0,0.5,1
P05_p5n41,57,23.0,0.5,23.0,0.5,1
P04_p4n41,60,23.0,0.5,23.0,0.5,1
P03_p3n41,66,23.0,0.5,23.0,0.5,1
P02_p2n41,66,23.0,0.5,23.0,0.5,1
P01_p1n26,69,23.0,1.0,23.0,1.0,1
P00_p0n26,72,23.0,1.0,23.0,1.0,1
P07_p7n42,54,23.5,0.5,23.5,0.5,1
P06_p6n42,54,23.5,0.5,23.5,0.5,1
P05_p5n42,57,23.5,0.5,23.5,0.5,1
P04_p4n42,60,23.5,0.5,23.5,0.5,1
P03_p3n42,66,23.5,0.5,23.5,0.5,1
P02_p2n42,66,23.5,0.5,23.5,0.5,1
P07_p7n43,55,24.0,1.0,24.0,1.0,1
P06_p6n43,55,24.0,1.0,24.0,1.0,1
P05_p5n43,59,24.0,1.0,24.0,1.0,1
P04_p4n43,62,24.0,1.0,24.0,1.0,1
P02_p2n43,67,24.0,1.0,24.0,1.0,1
P03_p3n43,67,24.0,1.0,24.0,1.0,1
P01_p1n27,67,24.0,2.0,24.0,2.0,1
P00_p0n27,71,24.0,2.0,24.0,2.0,1
P07_p7n44,55,25.0,0.5,25.0,0.5,1
P06_p6n44,55,25.0,0.5,25.0,0.5,1
P05_p5n44,59,25.0,0.5,25.0,0.5,1
P04_p4n44,62,25.0,0.5,25.0,0.5,1
P02_p2n44,67,25.0,0.5,25.0,0.5,1
P03_p3n44,67,25.0,0.5,25.0,0.5,1
P07_p7n45,55,25.5,0.5,25.5,0.5,1
P06_p6n45,55,25.5,0.5,25.5,0.5,1
P05_p5n45,59,25.5,0.5,25.5,0.5,1
P04_p4n45,62,25.5,0.5,25.5,0.5,1
P02_p2n45,67,25.5,0.5,25.5,0.5,1
P03_p3n45,67,25.5,0.5,25.5,0.5,1
P06_p6n46,52,26.0,0.5,26.0,0.5,1
P07_p7n46,52,26.0,0.5,26.0,0.5,1
P05_p5n46,55,26.0,0.5,26.0,0.5,1
P04_p4n46,59,26.0,0.5,26.0,0.5,1
P03_p3n46,64,26.0,0.5,26.0,0.5,1
P02_p2n46,64,26.0,0.5,26.0,0.5,1
P01_p1n28,71,26.0,0.5,26.0,0.5,1
P00_p0n28,71,26.0,0.5,26.0,0.5,1
P06_p6n47,52,26.5,0.5,26.5,0.5,1
P07_p7n47,52,26.5,0.5,26.5,0.5,1
P05_p5n47,55,26.5,0.5,26.5,0.5,1
P04_p4n47,59,26.5,0.5,26.5,0.5,1
P03_p3n47,64,26.5,0.5,26.5,0.5,1
P02_p2n47,64,26.5,0.5,26.5,0.5,1
P01_p1n29,71,26.5,0.5,26.5,0.5,1
P00_p0n29,71,26.5,0.5,26.5,0.5,1
P06_p6n48,52,27.0,0.5,27.0,0.5,1
P07_p7n48,52,27.0,0.5,27.0,0.5,1
P05_p5n48,55,27.0,0.5,27.0,0.5,1
P04_p4n48,59,27.0,0.5,27.0,0.5,1
P03_p3n48,64,27.0,0.5,27.0,0.5,1
P02_p2n48,64,27.0,0.5,27.0,0.5,1
P01_p1n30,69,27.0,0.5,27.0,0.5,1
P00_p0n30,72,27.0,0.5,27.0,0.5,1
P06_p6n49,52,27.5,0.5,27.5,0.5,1
P07_p7n49,52,27.5,0.5,27.5,0.5,1
P05_p5n49,55,27.5,0.5,27.5,0.5,1
P04_p4n49,59,27.5,0.5,27.5,0.5,1
P03_p3n49,64,27.5,0.5,27.5,0.5,1
P02_p2n49,64,27.5,0.5,27.5,0.5,1
P01_p1n31,67,27.5,0.5,27.5,0.5,1
P00_p0n31,71,27.5,0.5,27.5,0.5,1
P06_p6n50,47,28.0,1.0,28.0,1.0,1
P07_p7n50,47,28.0,1.0,28.0,1.0,1
P05_p5n50,57,28.0,1.0,28.0,1.0,1
P04_p4n50,59,28.0,1.0,28.0,1.0,1
P01_p1n32,66,28.0,0.5,28.0,0.5,1
P03_p3n50,66,28.0,1.0,28.0,1.0,1
P02_p2n50,66,28.0,1.0,28.0,1.0,1
P00_p0n32,69,28.0,0.5,28.0,0.5,1
P01_p1n33,64,28.5,0.5,28.5,0.5,1
P00_p0n33,67,28.5,0.5,28.5,0.5,1
P06_p6n51,51,29.0,0.5,29.0,0.5,1
P07_p7n51,51,29.0,0.5,29.0,0.5,1
P05_p5n51,57,29.0,0.5,29.0,0.5,1
P04_p4n51,59,29.0,0.5,29.0,0.5,1
P01_p1n34,66,29.0,1.0,29.0,1.0,1
P03_p3n51,66,29.0,0.5,29.0,0.5,1
P02_p2n51,66,29.0,0.5,29.0,0.5,1
P00_p0n34,66,29.0,1.0,29.0,1.0,1
P06_p6n52,51,29.5,0.5,29.5,0.5,1
P07_p7n52,51,29.5,0.5,29.5,0.5,1
P05_p5n52,57,29.5,0.5,29.5,0.5,1
P04_p4n52,59,29.5,0.5,29.5,0.5,1
P03_p3n52,66,29.5,0.5,29.5,0.5,1
P02_p2n52,66,29.5,0.5,29.5,0.5,1
P06_p6n53,52,30.0,0.5,30.0,0.5,1
P07_p7n53,52,30.0,0.5,30.0,0.5,1
P05_p5n53,55,30.0,0.5,30.0,0.5,1
P04_p4n53,59,30.0,0.5,30.0,0.5,1
P03_p3n53,64,30.0,0.5,30.0,0.5,1
P02_p2n53,64,30.0,0.5,30.0,0.5,1
P01_p1n35,64,30.0,2.0,30.0,2.0,1
P00_p0n35,64,30.0,2.0,30.0,2.0,1
P06_p6n54,52,30.5,0.5,30.5,0.5,1
P07_p7n54,52,30.5,0.5,30.5,0.5,1
P05_p5n54,55,30.5,0.5,30.5,0.5,1
P04_p4n54,59,30.5,0.5,30.5,0.5,1
P03_p3n54,64,30.5,0.5,30.5,0.5,1
P02_p2n54,64,30.5,0.5,30.5,0.5,1
P07_p7n55,54,31.0,0.5,31.0,0.5,1
P06_p6n55,54,31.0,0.5,31.0,0.5,1
P05_p5n55,55,31.0,0.5,31.0,0.5,1
P04_p4n55,59,31.0,0.5,31.0,0.5,1
P03_p3n55,64,31.0,0.5,31.0,0.5,1
P02_p2n55,64,31.0,0.5,31.0,0.5,1
P05_p5n56,55,31.5,0.5,31.5,0.5,1
P07_p7n56,55,31.5,0.5,31.5,0.5,1
P06_p6n56,55,31.5,0.5,31.5,0.5,1
P04_p4n56,59,31.5,0.5,31.5,0.5,1
P03_p3n56,64,31.5,0.5,31.5,0.5,1
P02_p2n56,64,31.5,0.5,31.5,0.5,1
P07_p7n57,57,32.0,0.5,32.0,0.5,1
P06_p6n57,57,32.0,0.5,32.0,0.5,1
P05_p5n57,60,32.0,0.5,32.0,0.5,1
P04_p4n57,60,32.0,0.5,32.0,0.5,1
P03_p3n57,64,32.0,0.5,32.0,0.5,1
P02_p2n57,64,32.0,0.5,32.0,0.5,1
P00_p0n36,69,32.0,0.5,32.0,0.5,1
P01_p1n36,69,32.0,0.5,32.0,0.5,1
P07_p7n58,55,32.5,0.5,32.5,0.5,1
P06_p6n58,55,32.5,0.5,32.5,0.5,1
P04_p4n58,60,32.5,0.5,32.5,0.5,1
P05_p5n58,60,32.5,0.5,32.5,0.5,1
P03_p3n58,64,32.5,0.5,32.5,0.5,1
P02_p2n58,64,32.5,0.5,32.5,0.5,1
P01_p1n37,69,32.5,0.5,32.5,0.5,1
P00_p0n37,69,32.5,0.5,32.5,0.5,1
P07_p7n59,54,33.0,0.5,33.0,0.5,1
P06_p6n59,54,33.0,0.5,33.0,0.5,1
P04_p4n59,60,33.0,0.5,33.0,0.5,1
P05_p5n59,60,33.0,0.5,33.0,0.5,1
P03_p3n59,64,33.0,0.5,33.0,0.5,1
P02_p2n59,64,33.0,0.5,33.0,0.5,1
P01_p1n38,69,33.0,0.5,33.0,0.5,1
P00_p0n38,69,33.0,0.5,33.0,0.5,1
P06_p6n60,52,33.5,0.5,33.5,0.5,1
P07_p7n60,52,33.5,0.5,33.5,0.5,1
P05_p5n60,60,33.5,0.5,33.5,0.5,1
P04_p4n60,60,33.5,0.5,33.5,0.5,1
P03_p3n60,64,33.5,0.5,33.5,0.5,1
P02_p2n60,64,33.5,0.5,33.5,0.5,1
P01_p1n39,69,33.5,0.5,33.5,0.5,1
P00_p0n39,69,33.5,0.5,33.5,0.5,1
P07_p7n61,50,34.0,0.5,34.0,0.5,1
P06_p6n61,50,34.0,0.5,34.0,0.5,1
P05_p5n61,57,34.0,0.5,34.0,0.5,1
P04_p4n61,60,34.0,0.5,34.0,0.5,1
P03_p3n61,66,34.0,0.5,34.0,0.5,1
P02_p2n61,66,34.0,0.5,34.0,0.5,1
P01_p1n40,69,34.0,0.5,34.0,0.5,1
P00_p0n40,69,34.0,0.5,34.0,0.5,1
P07_p7n62,50,34.5,0.5,34.5,0.5,1
P06_p6n62,50,34.5,0.5,34.5,0.5,1
P05_p5n62,57,34.5,0.5,34.5,0.5,1
P04_p4n62,60,34.5,0.5,34.5,0.5,1
P01_p1n41,66,34.5,0.5,34.5,0.5,1
P03_p3n62,66,34.5,0.5,34.5,0.5,1
P02_p2n62,66,34.5,0.5,34.5,0.5,1
P00_p0n41,74,34.5,0.5,34.5,0.5,1
P06_p6n63,52,35.0,0.5,35.0,0.5,1
P07_p7n63,52,35.0,0.5,35.0,0.5,1
P05_p5n63,57,35.0,0.5,35.0,0.5,1
P04_p4n63,60,35.0,0.5,35.0,0.5,1
P03_p3n63,66,35.0,0.5,35.0,0.5,1
P02_p2n63,66,35.0,0.5,35.0,0.5,1
P01_p1n42,69,35.0,1.0,35.0,1.0,1
P00_p0n42,72,35.0,1.0,35.0,1.0,1
P07_p7n64,54,35.5,0.5,35.5,0.5,1
P06_p6n64,54,35.5,0.5,35.5,0.5,1
P05_p5n64,57,35.5,0.5,35.5,0.5,1
P04_p4n64,60,35.5,0.5,35.5,0.5,1
P02_p2n64,66,35.5,0.5,35.5,0.5,1
P03_p3n64,66,35.5,0.5,35.5,0.5,1
P07_p7n65,55,36.0,1.0,36.0,1.0,1
P06_p6n65,55,36.0,1.0,36.0,1.0,1
P05_p5n65,59,36.0,1.0,36.0,1.0,1
P04_p4n65,62,36.0,1.0,36.0,1.0,1
P03_p3n65,67,36.0,1.0,36.0,1.0,1
P02_p2n65,67,36.0,1.0,36.0,1.0,1
P01_p1n43,67,36.0,2.0,36.0,2.0,1
P00_p0n43,71,36.0,2.0,36.0,2.0,1
P07_p7n66,55,37.0,0.5,37.0,0.5,1
P06_p6n66,55,37.0,0.5,37.0,0.5,1
P05_p5n66,59,37.0,0.5,37.0,0.5,1
P04_p4n66,62,37.0,0.5,37.0,0.5,1
P03_p3n66,67,37.0,0.5,37.0,0.5,1
P02_p2n66,67,37.0,0.5,37.0,0.5,1
P07_p7n67,55,37.5,0.5,37.5,0.5,1
P06_p6n67,55,37.5,0.5,37.5,0.5,1
P05_p5n67,59,37.5,0.5,37.5,0.5,1
P04_p4n67,62,37.5,0.5,37.5,0.5,1
P03_p3n67,67,37.5,0.5,37.5,0.5,1
P02_p2n67,67,37.5,0.5,37.5,0.5,1
P06_p6n68,52,38.0,0.5,38.0,0.5,1
P07_p7n68,52,38.0,0.5,38.0,0.5,1
P05_p5n68,55,38.0,0.5,38.0,0.5,1
P04_p4n68,59,38.0,0.5,38.0,0.5,1
P02_p2n68,64,38.0,0.5,38.0,0.5,1
P03_p3n68,64,38.0,0.5,38.0,0.5,1
P00_p0n44,71,38.0,0.5,38.0,0.5,1
P01_p1n44,71,38.0,0.5,38.0,0.5,1
P06_p6n69,52,38.5,0.5,38.5,0.5,1
P07_p7n69,52,38.5,0.5,38.5,0.5,1
P05_p5n69,55,38.5,0.5,38.5,0.5,1
P04_p4n69,59,38.5,0.5,38.5,0.5,1
P02_p2n69,64,38.5,0.5,38.5,0.5,1
P03_p3n69,64,38.5,0.5,38.5,0.5,1
P01_p1n45,71,38.5,0.5,38.5,0.5,1
P00_p0n45,71,38.5,0.5,38.5,0.5,1
P06_p6n70,52,39.0,0.5,39.0,0.5,1
P07_p7n70,52,39.0,0.5,39.0,0.5,1
P05_p5n70,55,39.0,0.5,39.0,0.5,1
P04_p4n70,59,39.0,0.5,39.0,0.5,1
P02_p2n70,64,39.0,0.5,39.0,0.5,1
P03_p3n70,64,39.0,0.5,39.0,0.5,1
P01_p1n46,69,39.0,0.5,39.0,0.5,1
P00_p0n46,72,39.0,0.5,39.0,0.5,1
P06_p6n71,52,39.5,0.5,39.5,0.5,1
P07_p7n71,52,39.5,0.5,39.5,0.5,1
P05_p5n71,55,39.5,0.5,39.5,0.5,1
P04_p4n71,59,39.5,0.5,39.5,0.5,1
P02_p2n71,64,39.5,0.5,39.5,0.5,1
P03_p3n71,64,39.5,0.5,39.5,0.5,1
P01_p1n47,67,39.5,0.5,39.5,0.5,1
P00_p0n47,71,39.5,0.5,39.5,0.5,1
P07_p7n72,47,40.0,1.0,40.0,1.0,1
P06_p6n72,47,40.0,1.0,40.0,1.0,1
P05_p5n72,57,40.0,1.0,40.0,1.0,1
P04_p4n72,59,40.0,1.0,40.0,1.0,1
P01_p1n48,66,40.0,0.5,40.0,0.5,1
P02_p2n72,66,40.0,1.0,40.0,1.0,1
P03_p3n72,66,40.0,1.0,40.0,1.0,1
P00_p0n48,69,40.0,0.5,40.0,0.5,1
P01_p1n49,64,40.5,0.5,40.5,0.5,1
P00_p0n49,67,40.5,0.5,40.5,0.5,1
P06_p6n73,51,41.0,0.5,41.0,0.5,1
P07_p7n73,51,41.0,0.5,41.0,0.5,1
P05_p5n73,57,41.0,0.5,41.0,0.5,1
P04_p4n73,59,41.0,0.5,41.0,0.5,1
P00_p0n50,66,41.0,1.0,41.0,1.0,1
P01_p1n50,66,41.0,1.0,41.0,1.0,1
P02_p2n73,66,41.0,0.5,41.0,0.5,1
P03_p3n73,66,41.0,0.5,41.0,0.5,1
P07_p7n74,51,41.5,0.5,41.5,0.5,1
P06_p6n74,51,41.5,0.5,41.5,0.5,1
P05_p5n74,57,41.5,0.5,41.5,0.5,1
P04_p4n74,59,41.5,0.5,41.5,0.5,1
P02_p2n74,66,41.5,0.5,41.5,0.5,1
P03_p3n74,66,41.5,0.5,41.5,0.5,1
P06_p6n75,52,42.0,0.5,42.0,0.5,1
P07_p7n75,52,42.0,0.5,42.0,0.5,1
P05_p5n75,55,42.0,0.5,42.0,0.5,1
P04_p4n75,59,42.0,0.5,42.0,0.5,1
P02_p2n75,64,42.0,0.5,42.0,0.5,1
P03_p3n75,64,42.0,0.5,42.0,0.5,1
P00_p0n51,64,42.0,2.5,42.0,2.5,1
P01_p1n51,64,42.0,2.5,42.0,2.5,1
P06_p6n76,52,42.5,0.5,42.5,0.5,1
P07_p7n76,52,42.5,0.5,42.5,0.5,1
P05_p5n76,55,42.5,0.5,42.5,0.5,1
P04_p4n76,59,42.5,0.5,42.5,0.5,1
P02_p2n76,64,42.5,0.5,42.5,0.5,1
P03_p3n76,64,42.5,0.5,42.5,0.5,1
P06_p6n77,52,43.0,0.5,43.0,0.5,1
P07_p7n77,52,43.0,0.5,43.0,0.5,1
P05_p5n77,55,43.0,0.5,43.0,0.5,1
P04_p4n77,59,43.0,0.5,43.0,0.5,1
P02_p2n77,64,43.0,0.5,43.0,0.5,1
P03_p3n77,64,43.0,0.5,43.0,0.5,1
P06_p6n78,52,43.5,0.5,43.5,0.5,1
P07_p7n78,52,43.5,0.5,43.5,0.5,1
P05_p5n78,55,43.5,0.5,43.5,0.5,1
P04_p4n78,59,43.5,0.5,43.5,0.5,1
P02_p2n78,64,43.5,0.5,43.5,0.5,1
P03_p3n78,64,43.5,0.5,43.5,0.5,1
P06_p6n79,52,44.0,0.5,44.0,0.5,1
P07_p7n79,52,44.0,0.5,44.0,0.5,1
P05_p5n79,55,44.0,0.5,44.0,0.5,1
P04_p4n79,59,44.0,0.5,44.0,0.5,1
P03_p3n79,64,44.0,0.5,44.0,0.5,1
P02_p2n79,76,44.0,0.5,44.0,0.5,1
P00_p0n55,67,45.5,0.25,45.5,0.25,1
P01_p1n55,67,45.5,0.25,45.5,0.25,1
P01_p1n56,69,45.75,0.25,45.75,0.25,1
P00_p0n56,69,45.75,0.25,45.75,0.25,1
P06_p6n82,52,46.0,1.0,46.0,1.0,1
P07_p7n82,52,46.0,1.0,46.0,1.0,1
P05_p5n82,55,46.0,1.0,46.0,1.0,1
P04_p4n82,59,46.0,1.0,46.0,1.0,1
P02_p2n82,64,46.0,1.0,46.0,1.0,1
P03_p3n82,64,46.0,1.0,46.0,1.0,1
P01_p1n57,71,46.0,0.25,46.0,0.25,1
P00_p0n57,71,46.0,0.25,46.0,0.25,1
P00_p0n58,72,46.25,0.25,46.25,0.25,1
P01_p1n58,72,46.25,0.25,46.25,0.25,1
P00_p0n59,71,46.5,0.25,46.5,0.25,1
P01_p1n59,71,46.5,0.25,46.5,0.25,1
P01_p1n60,69,46.75,0.25,46.75,0.25,1
P00_p0n60,69,46.75,0.25,46.75,0.25,1
P06_p6n83,52,47.0,1.0,47.0,1.0,1
P07_p7n83,52,47.0,1.0,47.0,1.0,1
P05_p5n83,57,47.0,1.0,47.0,1.0,1
P04_p4n83,60,47.0,1.0,47.0,1.0,1
P02_p2n83,64,47.0,1.0,47.0,1.0,1
P03_p3n83,64,47.0,1.0,47.0,1.0,1
P00_p0n61,67,47.0,0.25,47.0,0.25,1
P01_p1n61,67,47.0,0.25,47.0,0.25,1
P01_p1n62,69,47.25,0.25,47.25,0.25,1
P00_p0n62,69,47.25,0.25,47.25,0.25,1
P00_p0n63,67,47.5,0.25,47.5,0.25,1
P01_p1n63,67,47.5,0.25,47.5,0.25,1
P01_p1n64,66,47.75,0.25,47.75,0.25,1
P00_p0n64,66,47.75,0.25,47.75,0.25,1
P06_p6n84,52,48.0,1.0,48.0,1.0,1
P07_p7n84,52,48.0,1.0,48.0,1.0,1
P05_p5n84,55,48.0,1.0,48.0,1.0,1
P04_p4n84,59,48.0,1.0,48.0,1.0,1
P02_p2n84,64,48.0,1.0,48.0,1.0,1
P03_p3n84,64,48.0,1.0,48.0,1.0,1
P00_p0n65,64,48.0,0.5,48.0,0.5,1
P01_p1n65,64,48.0,0.5,48.0,0.5,1
P00_p0n66,66,48.5,0.5,48.5,0.5,1
P01_p1n66,66,48.5,0.5,48.5,0.5,1
P05_p5n85,60,49.0,1.0,49.0,1.0,1
P06_p6n85,60,49.0,1.0,49.0,1.0,1
P07_p7n85,60,49.0,1.0,49.0,1.0,1
P04_p4n85,64,49.0,1.0,49.0,1.0,1
P00_p0n67,67,49.0,0.5,49.0,0.5,1
P03_p3n85,67,49.0,1.0,49.0,1.0,1
P02_p2n85,67,49.0,1.0,49.0,1.0,1
P01_p1n67,67,49.0,0.5,49.0,0.5,1
P00_p0n68,71,49.5,0.5,49.5,0.5,1
P01_p1n68,71,49.5,0.5,49.5,0.5,1
P06_p6n86,59,50.0,1.0,50.0,1.0,1
P07_p7n86,59,50.0,1.0,50.0,1.0,1
P05_p5n86,63,50.0,1.0,50.0,1.0,1
P04_p4n86,63,50.0,1.0,50.0,1.0,1
P02_p2n86,66,50.0,1.0,50.0,1.0,1
P03_p3n86,66,50.0,1.0,50.0,1.0,1
P00_p0n69,66,50.0,1.0,50.0,1.0,1
P01_p1n69,66,50.0,1.0,50.0,1.0,1
P07_p7n87,47,51.0,1.0,51.0,1.0,1
P06_p6n87,47,51.0,1.0,51.0,1.0,1
P04_p4n87,59,51.0,1.0,51.0,1.0,1
P05_p5n87,59,51.0,1.0,51.0,1.0,1
P02_p2n87,63,51.0,1.0,51.0,1.0,1
P03_p3n87,63,51.0,1.0,51.0,1.0,1
P01_p1n70,66,51.0,1.0,51.0,1.0,1
P00_p0n70,66,51.0,1.0,51.0,1.0,1
P06_p6n88,52,52.0,1.0,52.0,1.0,1
P07_p7n88,52,52.0,1.0,52.0,1.0,1
P05_p5n88,55,52.0,1.0,52.0,1.0,1
P04_p4n88,59,52.0,1.0,52.0,1.0,1
P02_p2n88,64,52.0,1.0,52.0,1.0,1
P03_p3n88,64,52.0,1.0,52.0,1.0,1
P00_p0n71,71,52.0,0.25,52.0,0.25,1
P01_p1n71,71,52.0,0.25,52.0,0.25,1
P00_p0n72,72,52.25,0.25,52.25,0.25,1
P01_p1n72,72,52.25,0.25,52.25,0.25,1
P01_p1n73,71,52.5,0.25,52.5,0.25,1
P00_p0n73,71,52.5,0.25,52.5,0.25,1
P01_p1n74,69,52.75,0.25,52.75,0.25,1
P00_p0n74,69,52.75,0.25,52.75,0.25,1
P06_p6n89,52,53.0,1.0,53.0,1.0,1
P07_p7n89,52,53.0,1.0,53.0,1.0,1
P05_p5n89,57,53.0,1.0,53.0,1.0,1
P04_p4n89,60,53.0,1.0,53.0,1.0,1
P02_p2n89,64,53.0,1.0,53.0,1.0,1
P03_p3n89,64,53.0,1.0,53.0,1.0,1
P00_p0n75,67,53.0,0.25,53.0,0.25,1
P01_p1n75,67,53.0,0.25,53.0,0.25,1
P01_p1n76,69,53.25,0.25,53.25,0.25,1
P00_p0n76,69,53.25,0.25,53.25,0.25,1
P00_p0n77,67,53.5,0.25,53.5,0.25,1
P01_p1n77,67,53.5,0.25,53.5,0.25,1
P00_p0n78,66,53.75,0.25,53.75,0.25,1
P01_p1n78,66,53.75,0.25,53.75,0.25,1
P07_p7n90,46,54.0,1.0,54.0,1.0,1
P06_p6n90,46,54.0,1.0,54.0,1.0,1
P05_p5n90,61,54.0,1.0,54.0,1.0,1
P04_p4n90,61,54.0,1.0,54.0,1.0,1
P00_p0n79,64,54.0,0.5,54.0,0.5,1
P01_p1n79,64,54.0,0.5,54.0,0.5,1
P02_p2n90,66,54.0,1.0,54.0,1.0,1
P03_p3n90,66,54.0,1.0,54.0,1.0,1
P01_p1n80,66,54.5,0.5,54.5,0.5,1
P00_p0n80,66,54.5,0.5,54.5,0.5,1
P06_p6n91,47,55.0,1.0,55.0,1.0,1
P07_p7n91,47,55.0,1.0,55.0,1.0,1
P04_p4n91,54,55.0,1.0,55.0,1.0,1
P05_p5n91,54,55.0,1.0,55.0,1.0,1
P02_p2n91,63,55.0,1.0,55.0,1.0,1
P03_p3n91,63,55.0,1.0,55.0,1.0,1
P00_p0n81,67,55.0,0.5,55.0,0.5,1
P01_p1n81,67,55.0,0.5,55.0,0.5,1
P01_p1n82,63,55.5,0.5,55.5,0.5,1
P00_p0n82,63,55.5,0.5,55.5,0.5,1
P07_p7n92,52,56.0,1.0,56.0,1.0,1
P06_p6n92,52,56.0,1.0,56.0,1.0,1
P04_p4n92,55,56.0,1.0,56.0,1.0,1
P05_p5n92,55,56.0,1.0,56.0,1.0,1
P00_p0n83,64,56.0,1.0,56.0,1.0,1
P02_p2n92,64,56.0,1.0,56.0,1.0,1
P03_p3n92,64,56.0,1.0,56.0,1.0,1
P01_p1n83,64,56.0,1.0,56.0,1.0,1
P07_p7n93,52,57.0,1.0,57.0,1.0,1
P06_p6n93,52,57.0,1.0,57.0,1.0,1
P04_p4n93,55,57.0,1.0,57.0,1.0,1
P05_p5n93,55,57.0,1.0,57.0,1.0,1
P00_p0n84,64,57.0,1.0,57.0,1.0,1
P02_p2n93,64,57.0,1.0,57.0,1.0,1
P03_p3n93,64,57.0,1.0,57.0,1.0,1
P01_p1n84,64,57.0,1.0,57.0,1.0,1
P07_p7n94,52,58.0,0.5,58.0,0.5,1
P06_p6n94,52,58.0,0.5,58.0,0.5,1
P05_p5n94,55,58.0,0.5,58.0,0.5,1
P04_p4n94,59,58.0,0.5,58.0,0.5,1
P02_p2n94,64,58.0,0.5,58.0,0.5,1
P03_p3n94,64,58.0,0.5,58.0,0.5,1
P01_p1n85,71,58.0,0.25,58.0,0.25,1
P00_p0n85,71,58.0,0.25,58.0,0.25,1
P01_p1n86,72,58.25,0.25,58.25,0.25,1
P00_p0n86,72,58.25,0.25,58.25,0.25,1
P07_p7n95,52,58.5,0.5,58.5,0.5,1
P06_p6n95,52,58.5,0.5,58.5,0.5,1
P05_p5n95,55,58.5,0.5,58.5,0.5,1
P04_p4n95,59,58.5,0.5,58.5,0.5,1
P02_p2n95,64,58.5,0.5,58.5,0.5,1
P03_p3n95,64,58.5,0.5,58.5,0.5,1
P01_p1n87,71,58.5,0.25,58.5,0.25,1
P00_p0n87,71,58.5,0.25,58.5,0.25,1
P01_p1n88,69,58.75,0.25,58.75,0.25,1
P00_p0n88,69,58.75,0.25,58.75,0.25,1
P07_p7n96,52,59.0,0.5,59.0,0.5,1
P06_p6n96,52,59.0,0.5,59.0,0.5,1
P05_p5n96,57,59.0,0.5,59.0,0.5,1
P04_p4n96,60,59.0,0.5,59.0,0.5,1
P02_p2n96,64,59.0,0.5,59.0,0.5,1
P03_p3n96,64,59.0,0.5,59.0,0.5,1
P00_p0n89,67,59.0,0.25,59.0,0.25,1
P01_p1n89,67,59.0,0.25,59.0,0.25,1
P01_p1n90,69,59.25,0.25,59.25,0.25,1
P00_p0n90,69,59.25,0.25,59.25,0.25,1
P06_p6n97,52,59.5,0.5,59.5,0.5,1
P07_p7n97,52,59.5,0.5,59.5,0.5,1
P05_p5n97,57,59.5,0.5,59.5,0.5,1
P04_p4n97,60,59.5,0.5,59.5,0.5,1
P02_p2n97,64,59.5,0.5,59.5,0.5,1
P03_p3n97,64,59.5,0.5,59.5,0.5,1
P00_p0n91,67,59.5,0.25,59.5,0.25,1
P01_p1n91,67,59.5,0.25,59.5,0.25,1
P00_p0n92,66,59.75,0.25,59.75,0.25,1
P01_p1n92,66,59.75,0.25,59.75,0.25,1
P06_p6n98,52,60.0,0.5,60.0,0.5,1
P07_p7n98,52,60.0,0.5,60.0,0.5,1
P05_p5n98,55,60.0,0.5,60.0,0.5,1
P04_p4n98,59,60.0,0.5,60.0,0.5,1
P02_p2n98,64,60.0,0.5,60.0,0.5,1
P00_p0n93,64,60.0,0.5,60.0,0.5,1
P03_p3n98,64,60.0,0.5,60.0,0.5,1
P01_p1n93,64,60.0,0.5,60.0,0.5,1
P07_p7n99,52,60.5,0.5,60.5,0.5,1
P06_p6n99,52,60.5,0.5,60.5,0.5,1
P05_p5n99,55,60.5,0.5,60.5,0.5,1
P04_p4n99,59,60.5,0.5,60.5,0.5,1
P02_p2n99,64,60.5,0.5,60.5,0.5,1
P03_p3n99,64,60.5,0.5,60.5,0.5,1
P00_p0n94,66,60.5,0.5,60.5,0.5,1
P01_p1n94,66,60.5,0.5,60.5,0.5,1
P07_p7n100,60,61.0,0.5,61.0,0.5,1
P06_p6n100,60,61.0,0.5,61.0,0.5,1
P05_p5n100,60,61.0,0.5,61.0,0.5,1
P04_p4n100,64,61.0,0.5,61.0,0.5,1
P03_p3n100,67,61.0,0.5,61.0,0.5,1
P01_p1n95,67,61.0,0.5,61.0,0.5,1
P02_p2n100,67,61.0,0.5,61.0,0.5,1
P00_p0n95,67,61.0,0.5,61.0,0.5,1
P06_p6n101,60,61.5,0.5,61.5,0.5,1
P07_p7n101,60,61.5,0.5,61.5,0.5,1
P05_p5n101,60,61.5,0.5,61.5,0.5,1
P04_p4n101,64,61.5,0.5,61.5,0.5,1
P03_p3n101,67,61.5,0.5,61.5,0.5,1
P02_p2n101,67,61.5,0.5,61.5,0.5,1
P01_p1n96,71,61.5,0.5,61.5,0.5,1
P00_p0n96,71,61.5,0.5,61.5,0.5,1
P06_p6n102,59,62.0,0.5,62.0,0.5,1
P07_p7n102,59,62.0,0.5,62.0,0.5,1
P05_p5n102,63,62.0,0.5,62.0,0.5,1
P04_p4n102,63,62.0,0.5,62.0,0.5,1
P02_p2n102,66,62.0,0.5,62.0,0.5,1
P00_p0n97,66,62.0,1.0,62.0,1.0,1
P01_p1n97,66,62.0,1.0,62.0,1.0,1
P03_p3n102,66,62.0,0.5,62.0,0.5,1
P06_p6n103,59,62.5,0.5,62.5,0.5,1
P07_p7n103,59,62.5,0.5,62.5,0.5,1
P05_p5n103,63,62.5,0.5,62.5,0.5,1
P04_p4n103,63,62.5,0.5,62.5,0.5,1
P02_p2n103,66,62.5,0.5,62.5,0.5,1
P03_p3n103,66,62.5,0.5,62.5,0.5,1
P06_p6n104,47,63.0,0.5,63.0,0.5,1
P07_p7n104,47,63.0,0.5,63.0,0.5,1
P05_p5n104,59,63.0,0.5,63.0,0.5,1
P04_p4n104,59,63.0,0.5,63.0,0.5,1
P02_p2n104,63,63.0,0.5,63.0,0.5,1
P03_p3n104,63,63.0,0.5,63.0,0.5,1
P00_p0n98,66,63.0,1.0,63.0,1.0,1
P01_p1n98,66,63.0,1.0,63.0,1.0,1
P07_p7n105,47,63.5,0.5,63.5,0.5,1
P06_p6n105,47,63.5,0.5,63.5,0.5,1
P05_p5n105,59,63.5,0.5,63.5,0.5,1
P04_p4n105,59,63.5,0.5,63.5,0.5,1
P03_p3n105,63,63.5,0.5,63.5,0.5,1
P02_p2n105,63,63.5,0.5,63.5,0.5,1
P06_p6n106,52,64.0,0.5,64.0,0.5,1
P07_p7n106,52,64.0,0.5,64.0,0.5,1
P05_p5n106,55,64.0,0.5,64.0,0.5,1
P04_p4n106,59,64.0,0.5,64.0,0.5,1
P02_p2n106,64,64.0,0.5,64.0,0.5,1
P03_p3n106,64,64.0,0.5,64.0,0.5,1
P01_p1n99,71,64.0,0.25,64.0,0.25,1
P00_p0n99,71,64.0,0.25,64.0,0.25,1
P01_p1n100,72,64.25,0.25,64.25,0.25,1
P00_p0n100,72,64.25,0.25,64.25,0.25,1
P06_p6n107,52,64.5,0.5,64.5,0.5,1
P07_p7n107,52,64.5,0.5,64.5,0.5,1
P05_p5n107,55,64.5,0.5,64.5,0.5,1
P04_p4n107,59,64.5,0.5,64.5,0.5,1
P02_p2n107,64,64.5,0.5,64.5,0.5,1
P03_p3n107,64,64.5,0.5,64.5,0.5,1
P01_p1n101,71,64.5,0.25,64.5,0.25,1
P00_p0n101,71,64.5,0.25,64.5,0.25,1
P01_p1n102,69,64.75,0.25,64.75,0.25,1
P00_p0n102,69,64.75,0.25,64.75,0.25,1
P06_p6n108,52,65.0,0.5,65.0,0.5,1
P07_p7n108,52,65.0,0.5,65.0,0.5,1
P05_p5n108,57,65.0,0.5,65.0,0.5,1
P04_p4n108,60,65.0,0.5,65.0,0.5,1
P02_p2n108,64,65.0,0.5,65.0,0.5,1
P03_p3n108,64,65.0,0.5,65.0,0.5,1
P01_p1n103,67,65.0,0.25,65.0,0.25,1
P00_p0n103,67,65.0,0.25,65.0,0.25,1
P01_p1n104,69,65.25,0.25,65.25,0.25,1
P00_p0n104,69,65.25,0.25,65.25,0.25,1
P06_p6n109,52,65.5,0.5,65.5,0.5,1
P07_p7n109,52,65.5,0.5,65.5,0.5,1
P05_p5n109,57,65.5,0.5,65.5,0.5,1
P04_p4n109,60,65.5,0.5,65.5,0.5,1
P02_p2n109,64,65.5,0.5,65.5,0.5,1
P03_p3n109,64,65.5,0.5,65.5,0.5,1
P01_p1n105,67,65.5,0.25,65.5,0.25,1
P00_p0n105,67,65.5,0.25,65.5,0.25,1
P01_p1n106,66,65.75,0.25,65.75,0.25,1
P00_p0n106,66,65.75,0.25,65.75,0.25,1
P07_p7n110,46,66.0,0.5,66.0,0.5,1
P06_p6n110,46,66.0,0.5,66.0,0.5,1
P05_p5n110,61,66.0,0.5,66.0,0.5,1
P04_p4n110,61,66.0,0.5,66.0,0.5,1
P00_p0n107,64,66.0,0.5,66.0,0.5,1
P01_p1n107,64,66.0,0.5,66.0,0.5,1
P02_p2n110,66,66.0,0.5,66.0,0.5,1
P03_p3n110,66,66.0,0.5,66.0,0.5,1
P07_p7n111,46,66.5,0.5,66.5,0.5,1
P06_p6n111,46,66.5,0.5,66.5,0.5,1
P05_p5n111,61,66.5,0.5,66.5,0.5,1
P04_p4n111,61,66.5,0.5,66.5,0.5,1
P00_p0n108,66,66.5,0.5,66.5,0.5,1
P02_p2n111,66,66.5,0.5,66.5,0.5,1
P03_p3n111,66,66.5,0.5,66.5,0.5,1
P01_p1n108,66,66.5,0.5,66.5,0.5,1
P07_p7n112,47,67.0,0.5,67.0,0.5,1
P06_p6n112,47,67.0,0.5,67.0,0.5,1
P04_p4n112,54,67.0,0.5,67.0,0.5,1
P05_p5n112,54,67.0,0.5,67.0,0.5,1
P02_p2n112,63,67.0,0.5,67.0,0.5,1
P03_p3n112,63,67.0,0.5,67.0,0.5,1
P01_p1n109,67,67.0,0.5,67.0,0.5,1
P00_p0n109,67,67.0,0.5,67.0,0.5,1
P07_p7n113,47,67.5,0.5,67.5,0.5,1
P06_p6n113,47,67.5,0.5,67.5,0.5,1
P04_p4n113,54,67.5,0.5,67.5,0.5,1
P05_p5n113,54,67.5,0.5,67.5,0.5,1
P01_p1n110,63,67.5,0.5,67.5,0.5,1
P03_p3n113,63,67.5,0.5,67.5,0.5,1
P00_p0n110,63,67.5,0.5,67.5,0.5,1
P02_p2n113,63,67.5,0.5,67.5,0.5,1
P06_p6n114,52,68.0,0.5,68.0,0.5,1
P07_p7n114,52,68.0,0.5,68.0,0.5,1
P04_p4n114,55,68.0,0.5,68.0,0.5,1
P05_p5n114,55,68.0,0.5,68.0,0.5,1
P02_p2n114,64,68.0,0.5,68.0,0.5,1
P00_p0n111,64,68.0,1.0,68.0,1.0,1
P03_p3n114,64,68.0,0.5,68.0,0.5,1
P01_p1n111,64,68.0,1.0,68.0,1.0,1
P06_p6n115,52,68.5,0.5,68.5,0.5,1
P07_p7n115,52,68.5,0.5,68.5,0.5,1
P04_p4n115,55,68.5,0.5,68.5,0.5,1
P05_p5n115,55,68.5,0.5,68.5,0.5,1
P02_p2n115,64,68.5,0.5,68.5,0.5,1
P03_p3n115,64,68.5,0.5,68.5,0.5,1
P07_p7n116,52,69.0,0.5,69.0,0.5,1
P06_p6n116,52,69.0,0.5,69.0,0.5,1
P04_p4n116,55,69.0,0.5,69.0,0.5,1
P05_p5n116,55,69.0,0.5,69.0,0.5,1
P02_p2n116,64,69.0,0.5,69.0,0.5,1
P00_p0n112,64,69.0,0.5,69.0,0.5,1
P03_p3n116,64,69.0,0.5,69.0,0.5,1
P01_p1n112,64,69.0,0.5,69.0,0.5,1
P05_p5n118,59,70.0,0.25,70.0,0.25,1
P06_p6n118,59,70.0,0.25,70.0,0.25,1
P07_p7n118,59,70.0,0.25,70.0,0.25,1
P04_p4n118,59,70.0,0.25,70.0,0.25,1
P03_p3n118,71,70.0,0.25,70.0,0.25,1
P01_p1n114,71,70.0,0.25,70.0,0.25,1
P02_p2n118,71,70.0,0.25,70.0,0.25,1
P00_p0n114,71,70.0,0.25,70.0,0.25,1
P07_p7n119,52,70.25,1.75,70.25,1.75,1
P06_p6n119,52,70.25,1.75,70.25,1.75,1
P05_p5n119,64,70.25,1.75,70.25,1.75,1
P04_p4n119,64,70.25,1.75,70.25,1.75,1
P03_p3n119,71,70.25,1.75,70.25,1.75,1
P02_p2n119,71,70.25,1.75,70.25,1.75,1
P01_p1n115,76,70.25,1.75,70.25,1.75,1
P00_p0n115,79,70.25,1.75,70.25,1.75,1
P06_p6n120,59,72.0,0.25,72.0,0.25,1
P05_p5n120,59,72.0,0.25,72.0,0.25,1
P07_p7n120,59,72.0,0.25,72.0,0.25,1
P04_p4n120,59,72.0,0.25,72.0,0.25,1
P01_p1n116,71,72.0,0.25,72.0,0.25,1
P03_p3n120,71,72.0,0.25,72.0,0.25,1
P02_p2n120,71,72.0,0.25,72.0,0.25,1
P00_p0n116,71,72.0,0.25,72.0,0.25,1
P07_p7n121,47,72.25,1.75,72.25,1.75,1
P06_p6n121,54,72.25,1.75,72.25,1.75,1
P05_p5n121,59,72.25,1.75,72.25,1.75,1
P04_p4n121,59,72.25,1.75,72.25,1.75,1
P03_p3n121,71,72.25,1.75,72.25,1.75,1
P02_p2n121,71,72.25,1.75,72.25,1.75,1
P01_p1n117,75,72.25,1.75,72.25,1.75,1
P00_p0n117,78,72.25,1.75,72.25,1.75,1
P02_p2n122,64,74.0,1.0,74.0,1.0,1
P03_p3n122,64,74.0,1.0,74.0,1.0,1
P01_p1n118,67,74.0,1.0,74.0,1.0,1
P00_p0n118,71,74.0,1.0,74.0,1.0,1
P02_p2n123,64,75.0,0.5,75.0,0.5,1
P03_p3n123,64,75.0,0.5,75.0,0.5,1
P01_p1n119,67,75.0,0.5,75.0,0.5,1
P00_p0n119,71,75.0,0.5,75.0,0.5,1
P02_p2n124,64,75.5,0.5,75.5,0.5,1
P03_p3n124,64,75.5,0.5,75.5,0.5,1
P01_p1n120,67,75.5,0.5,75.5,0.5,1
P00_p0n120,71,75.5,0.5,75.5,0.5,1
P02_p2n125,64,76.0,0.5,76.0,0.5,1
P03_p3n125,64,76.0,0.5,76.0,0.5,1
P01_p1n121,67,76.0,0.5,76.0,0.5,1
P00_p0n121,71,76.0,0.5,76.0,0.5,1
P02_p2n126,64,76.5,0.5,76.5,0.5,1
P03_p3n126,64,76.5,0.5,76.5,0.5,1
P01_p1n122,67,76.5,0.5,76.5,0.5,1
P00_p0n122,71,76.5,0.5,76.5,0.5,1
P02_p2n127,64,77.0,0.5,77.0,0.5,1
P03_p3n127,64,77.0,0.5,77.0,0.5,1
P01_p1n123,67,77.0,0.5,77.0,0.5,1
P00_p0n123,71,77.0,0.5,77.0,0.5,1
P02_p2n128,64,77.5,0.5,77.5,0.5,1
P03_p3n128,64,77.5,0.5,77.5,0.5,1
P01_p1n124,67,77.5,0.5,77.5,0.5,1
P00_p0n124,71,77.5,0.5,77.5,0.5,1
P07_p7n124,59,78.0,0.5,78.0,0.5,1
P05_p5n124,59,78.0,0.5,78.0,0.5,1
P06_p6n124,59,78.0,0.5,78.0,0.5,1
P04_p4n124,59,78.0,0.5,78.0,0.5,1
P02_p2n129,64,78.0,1.0,78.0,1.0,1
P03_p3n129,64,78.0,1.0,78.0,1.0,1
P01_p1n125,67,78.0,1.0,78.0,1.0,1
P00_p0n125,71,78.0,1.0,78.0,1.0,1
P05_p5n125,59,78.5,0.5,78.5,0.5,1
P06_p6n125,59,78.5,0.5,78.5,0.5,1
P07_p7n125,59,78.5,0.5,78.5,0.5,1
P04_p4n125,59,78.5,0.5,78.5,0.5,1
P07_p7n126,52,79.0,0.5,79.0,0.5,1
P06_p6n126,52,79.0,0.5,79.0,0.5,1
P05_p5n126,64,79.0,0.5,79.0,0.5,1
P04_p4n126,64,79.0,0.5,79.0,0.5,1
P02_p2n130,64,79.0,0.5,79.0,0.5,1
P03_p3n130,64,79.0,0.5,79.0,0.5,1
P01_p1n126,67,79.0,0.5,79.0,0.5,1
P00_p0n126,71,79.0,0.5,79.0,0.5,1
P05_p5n127,59,79.5,0.5,79.5,0.5,1
P06_p6n127,59,79.5,0.5,79.5,0.5,1
P07_p7n127,59,79.5,0.5,79.5,0.5,1
P04_p4n127,59,79.5,0.5,79.5,0.5,1
P02_p2n131,64,79.5,0.5,79.5,0.5,1
P03_p3n131,64,79.5,0.5,79.5,0.5,1
P01_p1n127,67,79.5,0.5,79.5,0.5,1
P00_p0n127,71,79.5,0.5,79.5,0.5,1
P06_p6n128,55,80.0,0.5,80.0,0.5,1
P07_p7n128,55,80.0,0.5,80.0,0.5,1
P05_p5n128,59,80.0,0.5,80.0,0.5,1
P04_p4n128,59,80.0,0.5,80.0,0.5,1
P02_p2n132,64,80.0,0.5,80.0,0.5,1
P03_p3n132,64,80.0,0.5,80.0,0.5,1
P01_p1n128,67,80.0,0.5,80.0,0.5,1
P00_p0n128,71,80.0,0.5,80.0,0.5,1
P06_p6n129,57,80.5,0.5,80.5,0.5,1
P07_p7n129,57,80.5,0.5,80.5,0.5,1
P04_p4n129,61,80.5,0.5,80.5,0.5,1
P05_p5n129,61,80.5,0.5,80.5,0.5,1
P02_p2n133,64,80.5,0.5,80.5,0.5,1
P03_p3n133,64,80.5,0.5,80.5,0.5,1
P01_p1n129,67,80.5,0.5,80.5,0.5,1
P00_p0n129,71,80.5,0.5,80.5,0.5,1
P07_p7n130,59,81.0,1.0,81.0,1.0,1
P06_p6n130,59,81.0,1.0,81.0,1.0,1
P04_p4n130,62,81.0,1.0,81.0,1.0,1
P05_p5n130,62,81.0,1.0,81.0,1.0,1
P02_p2n134,64,81.0,0.5,81.0,0.5,1
P03_p3n134,64,81.0,0.5,81.0,0.5,1
P01_p1n130,67,81.0,0.5,81.0,0.5,1
P00_p0n130,71,81.0,0.5,81.0,0.5,1
P02_p2n135,64,81.5,0.5,81.5,0.5,1
P03_p3n135,64,81.5,0.5,81.5,0.5,1
P01_p1n131,67,81.5,0.5,81.5,0.5,1
P00_p0n131,71,81.5,0.5,81.5,0.5,1
P06_p6n131,55,82.0,2.0,82.0,2.0,1
P07_p7n131,55,82.0,2.0,82.0,2.0,1
P05_p5n131,59,82.0,2.0,82.0,2.0,1
P04_p4n131,59,82.0,2.0,82.0,2.0,1
P02_p2n136,64,82.0,1.0,82.0,1.0,1
P03_p3n136,64,82.0,1.0,82.0,1.0,1
P01_p1n132,67,82.0,1.0,82.0,1.0,1
P00_p0n132,71,82.0,1.0,82.0,1.0,1
P02_p2n137,64,83.0,0.5,83.0,0.5,1
P03_p3n137,64,83.0,0.5,83.0,0.5,1
P01_p1n133,67,83.0,0.5,83.0,0.5,1
P00_p0n133,71,83.0,0.5,83.0,0.5,1
P02_p2n138,64,83.5,0.5,83.5,0.5,1
P03_p3n138,64,83.5,0.5,83.5,0.5,1
P01_p1n134,67,83.5,0.5,83.5,0.5,1
P00_p0n134,71,83.5,0.5,83.5,0.5,1
P07_p7n132,59,84.0,0.5,84.0,0.5,1
P06_p6n132,59,84.0,0.5,84.0,0.5,1
P03_p3n139,62,84.0,0.5,84.0,0.5,1
P02_p2n139,62,84.0,0.5,84.0,0.5,1
P04_p4n132,62,84.0,0.5,84.0,0.5,1
P05_p5n132,62,84.0,0.5,84.0,0.5,1
P01_p1n135,67,84.0,0.5,84.0,0.5,1
P00_p0n135,71,84.0,0.5,84.0,0.5,1
P07_p7n133,59,84.5,0.5,84.5,0.5,1
P06_p6n133,59,84.5,0.5,84.5,0.5,1
P03_p3n140,61,84.5,0.5,84.5,0.5,1
P02_p2n140,61,84.5,0.5,84.5,0.5,1
P04_p4n133,62,84.5,0.5,84.5,0.5,1
P05_p5n133,62,84.5,0.5,84.5,0.5,1
P01_p1n136,67,84.5,0.5,84.5,0.5,1
P00_p0n136,71,84.5,0.5,84.5,0.5,1
P03_p3n141,59,85.0,0.5,85.0,0.5,1
P02_p2n141,59,85.0,0.5,85.0,0.5,1
P07_p7n134,60,85.0,0.5,85.0,0.5,1
P06_p6n134,60,85.0,0.5,85.0,0.5,1
P01_p1n137,62,85.0,0.5,85.0,0.5,1
P05_p5n134,64,85.0,0.5,85.0,0.5,1
P04_p4n134,64,85.0,0.5,85.0,0.5,1
P00_p0n137,67,85.0,0.5,85.0,0.5,1
P03_p3n142,59,85.5,0.5,85.5,0.5,1
P07_p7n135,59,85.5,0.5,85.5,0.5,1
P06_p6n135,59,85.5,0.5,85.5,0.5,1
P02_p2n142,59,85.5,0.5,85.5,0.5,1
P01_p1n138,62,85.5,0.5,85.5,0.5,1
P04_p4n135,62,85.5,0.5,85.5,0.5,1
P05_p5n135,62,85.5,0.5,85.5,0.5,1
P00_p0n138,67,85.5,0.5,85.5,0.5,1
P06_p6n136,57,86.0,0.5,86.0,0.5,1
P07_p7n136,57,86.0,0.5,86.0,0.5,1
P03_p3n143,60,86.0,1.0,86.0,1.0,1
P04_p4n136,60,86.0,0.5,86.0,0.5,1
P05_p5n136,60,86.0,0.5,86.0,0.5,1
P02_p2n143,60,86.0,1.0,86.0,1.0,1
P01_p1n139,64,86.0,1.0,86.0,1.0,1
P00_p0n139,67,86.0,1.0,86.0,1.0,1
P06_p6n137,55,86.5,0.5,86.5,0.5,1
P07_p7n137,55,86.5,0.5,86.5,0.5,1
P05_p5n137,59,86.5,0.5,86.5,0.5,1
P04_p4n137,59,86.5,0.5,86.5,0.5,1
P07_p7n138,50,87.0,1.0,87.0,1.0,1
P06_p6n138,50,87.0,1.0,87.0,1.0,1
P04_p4n138,57,87.0,1.0,87.0,1.0,1
P05_p5n138,57,87.0,1.0,87.0,1.0,1
P03_p3n144,60,87.0,0.5,87.0,0.5,1
P02_p2n144,60,87.0,0.5,87.0,0.5,1
P01_p1n140,62,87.0,0.5,87.0,0.5,1
P00_p0n140,66,87.0,0.5,87.0,0.5,1
P03_p3n145,60,87.5,0.5,87.5,0.5,1
P02_p2n145,60,87.5,0.5,87.5,0.5,1
P01_p1n141,62,87.5,0.5,87.5,0.5,1
P00_p0n141,66,87.5,0.5,87.5,0.5,1
P06_p6n139,55,88.0,2.0,88.0,2.0,1
P07_p7n139,55,88.0,2.0,88.0,2.0,1
P03_p3n146,59,88.0,0.5,88.0,0.5,1
P05_p5n139,59,88.0,2.0,88.0,2.0,1
P04_p4n139,59,88.0,2.0,88.0,2.0,1
P02_p2n146,62,88.0,0.5,88.0,0.5,1
P01_p1n142,67,88.0,0.5,88.0,0.5,1
P00_p0n142,67,88.0,0.5,88.0,0.5,1
P03_p3n147,59,88.5,0.5,88.5,0.5,1
P02_p2n147,62,88.5,0.5,88.5,0.5,1
P01_p1n143,67,88.5,0.5,88.5,0.5,1
P00_p0n143,67,88.5,0.5,88.5,0.5,1
P03_p3n148,59,89.0,0.5,89.0,0.5,1
P02_p2n148,62,89.0,0.5,89.0,0.5,1
P01_p1n144,67,89.0,0.5,89.0,0.5,1
P00_p0n144,67,89.0,0.5,89.0,0.5,1
P03_p3n149,59,89.5,0.5,89.5,0.5,1
P02_p2n149,62,89.5,0.5,89.5,0.5,1
P01_p1n145,67,89.5,0.5,89.5,0.5,1
P00_p0n145,67,89.5,0.5,89.5,0.5,1
P07_p7n140,57,90.0,0.5,90.0,0.5,1
P06_p6n140,57,90.0,0.5,90.0,0.5,1
P04_p4n140,57,90.0,0.5,90.0,0.5,1
P05_p5n140,57,90.0,0.5,90.0,0.5,1
P02_p2n150,60,90.0,1.0,90.0,1.0,1
P03_p3n150,60,90.0,1.0,90.0,1.0,1
P01_p1n146,64,90.0,1.0,90.0,1.0,1
P00_p0n146,69,90.0,1.0,90.0,1.0,1
P06_p6n141,57,90.5,0.5,90.5,0.5,1
P04_p4n141,57,90.5,0.5,90.5,0.5,1
P05_p5n141,57,90.5,0.5,90.5,0.5,1
P07_p7n141,57,90.5,0.5,90.5,0.5,1
P06_p6n142,57,91.0,0.5,91.0,0.5,1
P04_p4n142,57,91.0,0.5,91.0,0.5,1
P07_p7n142,57,91.0,0.5,91.0,0.5,1
P05_p5n142,57,91.0,0.5,91.0,0.5,1
P03_p3n151,60,91.0,0.5,91.0,0.5,1
P02_p2n151,60,91.0,0.5,91.0,0.5,1
P01_p1n147,64,91.0,0.5,91.0,0.5,1
P00_p0n147,69,91.0,0.5,91.0,0.5,1
P06_p6n143,57,91.5,0.5,91.5,0.5,1
P04_p4n143,57,91.5,0.5,91.5,0.5,1
P07_p7n143,57,91.5,0.5,91.5,0.5,1
P05_p5n143,57,91.5,0.5,91.5,0.5,1
P03_p3n152,60,91.5,0.5,91.5,0.5,1
P02_p2n152,60,91.5,0.5,91.5,0.5,1
P01_p1n148,64,91.5,0.5,91.5,0.5,1
P00_p0n148,69,91.5,0.5,91.5,0.5,1
P06_p6n144,57,92.0,0.5,92.0,0.5,1
P04_p4n144,57,92.0,0.5,92.0,0.5,1
P07_p7n144,57,92.0,0.5,92.0,0.5,1
P05_p5n144,57,92.0,0.5,92.0,0.5,1
P03_p3n153,62,92.0,0.5,92.0,0.5,1
P02_p2n153,62,92.0,0.5,92.0,0.5,1
P01_p1n149,66,92.0,0.5,92.0,0.5,1
P00_p0n149,69,92.0,0.5,92.0,0.5,1
P07_p7n145,54,92.5,0.5,92.5,0.5,1
P06_p6n145,54,92.5,0.5,92.5,0.5,1
P03_p3n154,62,92.5,0.5,92.5,0.5,1
P02_p2n154,62,92.5,0.5,92.5,0.5,1
P05_p5n145,62,92.5,0.5,92.5,0.5,1
P04_p4n145,62,92.5,0.5,92.5,0.5,1
P01_p1n150,66,92.5,0.5,92.5,0.5,1
P00_p0n150,69,92.5,0.5,92.5,0.5,1
P06_p6n146,57,93.0,1.0,93.0,1.0,1
P07_p7n146,57,93.0,1.0,93.0,1.0,1
P04_p4n146,60,93.0,1.0,93.0,1.0,1
P05_p5n146,60,93.0,1.0,93.0,1.0,1
P03_p3n155,62,93.0,0.5,93.0,0.5,1
P02_p2n155,62,93.0,0.5,93.0,0.5,1
P01_p1n151,66,93.0,0.5,93.0,0.5,1
P00_p0n151,69,93.0,0.5,93.0,0.5,1
P03_p3n156,62,93.5,0.5,93.5,0.5,1
P02_p2n156,62,93.5,0.5,93.5,0.5,1
P01_p1n152,66,93.5,0.5,93.5,0.5,1
P00_p0n152,69,93.5,0.5,93.5,0.5,1
P06_p6n147,55,94.0,2.0,94.0,2.0,1
P07_p7n147,55,94.0,2.0,94.0,2.0,1
P05_p5n147,59,94.0,2.0,94.0,2.0,1
P04_p4n147,59,94.0,2.0,94.0,2.0,1
P03_p3n157,62,94.0,1.0,94.0,1.0,1
P02_p2n157,62,94.0,1.0,94.0,1.0,1
P01_p1n153,67,94.0,1.0,94.0,1.0,1
P00_p0n153,71,94.0,1.0,94.0,1.0,1
P03_p3n158,62,95.0,0.5,95.0,0.5,1
P02_p2n158,62,95.0,0.5,95.0,0.5,1
P01_p1n154,67,95.0,0.5,95.0,0.5,1
P00_p0n154,71,95.0,0.5,95.0,0.5,1
P03_p3n159,62,95.5,0.5,95.5,0.5,1
P02_p2n159,62,95.5,0.5,95.5,0.5,1
P01_p1n155,67,95.5,0.5,95.5,0.5,1
P00_p0n155,71,95.5,0.5,95.5,0.5,1
P07_p7n148,59,96.0,0.5,96.0,0.5,1
P06_p6n148,59,96.0,0.5,96.0,0.5,1
P03_p3n160,64,96.0,0.5,96.0,0.5,1
P02_p2n160,64,96.0,0.5,96.0,0.5,1
P05_p5n148,67,96.0,0.5,96.0,0.5,1
P04_p4n148,67,96.0,0.5,96.0,0.5,1
P01_p1n156,67,96.0,0.5,96.0,0.5,1
P00_p0n156,71,96.0,0.5,96.0,0.5,1
P06_p6n149,57,96.5,0.5,96.5,0.5,1
P07_p7n149,57,96.5,0.5,96.5,0.5,1
P03_p3n161,64,96.5,0.5,96.5,0.5,1
P02_p2n161,64,96.5,0.5,96.5,0.5,1
P04_p4n149,66,96.5,0.5,96.5,0.5,1
P05_p5n149,66,96.5,0.5,96.5,0.5,1
P01_p1n157,67,96.5,0.5,96.5,0.5,1
P00_p0n157,71,96.5,0.5,96.5,0.5,1
P06_p6n150,55,97.0,0.5,97.0,0.5,1
P07_p7n150,55,97.0,0.5,97.0,0.5,1
P03_p3n162,64,97.0,0.5,97.0,0.5,1
P04_p4n150,64,97.0,0.5,97.0,0.5,1
P05_p5n150,64,97.0,0.5,97.0,0.5,1
P02_p2n162,64,97.0,0.5,97.0,0.5,1
P01_p1n158,67,97.0,0.5,97.0,0.5,1
P00_p0n158,71,97.0,0.5,97.0,0.5,1
P07_p7n151,52,97.5,0.5,97.5,0.5,1
P06_p6n151,52,97.5,0.5,97.5,0.5,1
P05_p5n151,59,97.5,0.5,97.5,0.5,1
P04_p4n151,59,97.5,0.5,97.5,0.5,1
P03_p3n163,64,97.5,0.5,97.5,0.5,1
P02_p2n163,64,97.5,0.5,97.5,0.5,1
P01_p1n159,67,97.5,0.5,97.5,0.5,1
P00_p0n159,71,97.5,0.5,97.5,0.5,1
P06_p6n152,51,98.0,0.5,98.0,0.5,1
P07_p7n152,51,98.0,0.5,98.0,0.5,1
P05_p5n152,59,98.0,0.5,98.0,0.5,1
P04_p4n152,59,98.0,0.5,98.0,0.5,1
P02_p2n164,63,98.0,1.0,98.0,1.0,1
P03_p3n164,63,98.0,1.0,98.0,1.0,1
P01_p1n160,66,98.0,1.0,98.0,1.0,1
P00_p0n160,69,98.0,1.0,98.0,1.0,1
P07_p7n153,54,98.5,0.5,98.5,0.5,1
P06_p6n153,54,98.5,0.5,98.5,0.5,1
P04_p4n153,61,98.5,0.5,98.5,0.5,1
P05_p5n153,61,98.5,0.5,98.5,0.5,1
P07_p7n154,59,99.0,1.0,99.0,1.0,1
P06_p6n154,59,99.0,1.0,99.0,1.0,1
P03_p3n165,63,99.0,0.5,99.0,0.5,1
P02_p2n165,63,99.0,0.5,99.0,0.5,1
P04_p4n154,63,99.0,1.0,99.0,1.0,1
P05_p5n154,63,99.0,1.0,99.0,1.0,1
P01_p1n161,66,99.0,0.5,99.0,0.5,1
P00_p0n161,69,99.0,0.5,99.0,0.5,1
P02_p2n166,63,99.5,0.5,99.5,0.5,1
P03_p3n166,63,99.5,0.5,99.5,0.5,1
P01_p1n162,66,99.5,0.5,99.5,0.5,1
P00_p0n162,69,99.5,0.5,99.5,0.5,1
P07_p7n155,52,100.0,2.0,100.0,2.0,1
P06_p6n155,52,100.0,2.0,100.0,2.0,1
P02_p2n167,59,100.0,0.5,100.0,0.5,1
P03_p3n167,59,100.0,0.5,100.0,0.5,1
P01_p1n163,64,100.0,0.5,100.0,0.5,1
P04_p4n155,64,100.0,2.0,100.0,2.0,1
P05_p5n155,64,100.0,2.0,100.0,2.0,1
P00_p0n163,67,100.0,0.5,100.0,0.5,1
P02_p2n168,59,100.5,0.5,100.5,0.5,1
P03_p3n168,59,100.5,0.5,100.5,0.5,1
P01_p1n164,64,100.5,0.5,100.5,0.5,1
P00_p0n164,67,100.5,0.5,100.5,0.5,1
P03_p3n169,59,101.0,0.5,101.0,0.5,1
P02_p2n169,59,101.0,0.5,101.0,0.5,1
P01_p1n165,64,101.0,0.5,101.0,0.5,1
P00_p0n165,67,101.0,0.5,101.0,0.5,1
P03_p3n170,59,101.5,0.5,101.5,0.5,1
P02_p2n170,59,101.5,0.5,101.5,0.5,1
P01_p1n166,64,101.5,0.5,101.5,0.5,1
P00_p0n166,67,101.5,0.5,101.5,0.5,1
P04_p4n156,57,102.0,0.5,102.0,0.5,1
P06_p6n156,57,102.0,0.5,102.0,0.5,1
P07_p7n156,57,102.0,0.5,102.0,0.5,1
P05_p5n156,57,102.0,0.5,102.0,0.5,1
P02_p2n171,60,102.0,1.0,102.0,1.0,1
P03_p3n171,60,102.0,1.0,102.0,1.0,1
P01_p1n167,64,102.0,1.0,102.0,1.0,1
P00_p0n167,69,102.0,1.0,102.0,1.0,1
P04_p4n157,57,102.5,0.5,102.5,0.5,1
P06_p6n157,57,102.5,0.5,102.5,0.5,1
P05_p5n157,57,102.5,0.5,102.5,0.5,1
P07_p7n157,57,102.5,0.5,102.5,0.5,1
P04_p4n158,57,103.0,0.5,103.0,0.5,1
P06_p6n158,57,103.0,0.5,103.0,0.5,1
P07_p7n158,57,103.0,0.5,103.0,0.5,1
P05_p5n158,57,103.0,0.5,103.0,0.5,1
P03_p3n172,60,103.0,0.5,103.0,0.5,1
P02_p2n172,60,103.0,0.5,103.0,0.5,1
P01_p1n168,64,103.0,0.5,103.0,0.5,1
P00_p0n168,69,103.0,0.5,103.0,0.5,1
P06_p6n159,57,103.5,0.5,103.5,0.5,1
P04_p4n159,57,103.5,0.5,103.5,0.5,1
P07_p7n159,57,103.5,0.5,103.5,0.5,1
P05_p5n159,57,103.5,0.5,103.5,0.5,1
P02_p2n173,60,103.5,0.5,103.5,0.5,1
P03_p3n173,60,103.5,0.5,103.5,0.5,1
P01_p1n169,64,103.5,0.5,103.5,0.5,1
P00_p0n169,69,103.5,0.5,103.5,0.5,1
P04_p4n160,57,104.0,0.5,104.0,0.5,1
P06_p6n160,57,104.0,0.5,104.0,0.5,1
P05_p5n160,57,104.0,0.5,104.0,0.5,1
P07_p7n160,57,104.0,0.5,104.0,0.5,1
P03_p3n174,62,104.0,0.5,104.0,0.5,1
P02_p2n174,62,104.0,0.5,104.0,0.5,1
P01_p1n170,66,104.0,0.5,104.0,0.5,1
P00_p0n170,69,104.0,0.5,104.0,0.5,1
P07_p7n161,54,104.5,0.5,104.5,0.5,1
P06_p6n161,54,104.5,0.5,104.5,0.5,1
P03_p3n175,62,104.5,0.5,104.5,0.5,1
P02_p2n175,62,104.5,0.5,104.5,0.5,1
P05_p5n161,62,104.5,0.5,104.5,0.5,1
P04_p4n161,62,104.5,0.5,104.5,0.5,1
P01_p1n171,66,104.5,0.5,104.5,0.5,1
P00_p0n171,69,104.5,0.5,104.5,0.5,1
P06_p6n162,57,105.0,1.0,105.0,1.0,1
P07_p7n162,57,105.0,1.0,105.0,1.0,1
P04_p4n162,60,105.0,1.0,105.0,1.0,1
P05_p5n162,60,105.0,1.0,105.0,1.0,1
P03_p3n176,62,105.0,0.5,105.0,0.5,1
P02_p2n176,62,105.0,0.5,105.0,0.5,1
P01_p1n172,66,105.0,0.5,105.0,0.5,1
P00_p0n172,69,105.0,0.5,105.0,0.5,1
P03_p3n177,62,105.5,0.5,105.5,0.5,1
P02_p2n177,62,105.5,0.5,105.5,0.5,1
P01_p1n173,66,105.5,0.5,105.5,0.5,1
P00_p0n173,69,105.5,0.5,105.5,0.5,1
P06_p6n163,55,106.0,2.0,106.0,2.0,1
P07_p7n163,55,106.0,2.0,106.0,2.0,1
P05_p5n163,59,106.0,2.0,106.0,2.0,1
P04_p4n163,59,106.0,2.0,106.0,2.0,1
P03_p3n178,62,106.0,1.0,106.0,1.0,1
P02_p2n178,62,106.0,1.0,106.0,1.0,1
P01_p1n174,67,106.0,1.0,106.0,1.0,1
P00_p0n174,71,106.0,1.0,106.0,1.0,1
P03_p3n179,62,107.0,0.5,107.0,0.5,1
P02_p2n179,62,107.0,0.5,107.0,0.5,1
P01_p1n175,67,107.0,0.5,107.0,0.5,1
P00_p0n175,71,107.0,0.5,107.0,0.5,1
P03_p3n180,62,107.5,0.5,107.5,0.5,1
P02_p2n180,62,107.5,0.5,107.5,0.5,1
P01_p1n176,67,107.5,0.5,107.5,0.5,1
P00_p0n176,71,107.5,0.5,107.5,0.5,1
P06_p6n164,55,108.0,0.5,108.0,0.5,1
P07_p7n164,55,108.0,0.5,108.0,0.5,1
P05_p5n164,59,108.0,0.5,108.0,0.5,1
P04_p4n164,59,108.0,0.5,108.0,0.5,1
P03_p3n181,64,108.0,0.5,108.0,0.5,1
P02_p2n181,64,108.0,0.5,108.0,0.5,1
P01_p1n177,67,108.0,0.5,108.0,0.5,1
P00_p0n177,71,108.0,0.5,108.0,0.5,1
P06_p6n165,55,108.5,0.5,108.5,0.5,1
P07_p7n165,55,108.5,0.5,108.5,0.5,1
P05_p5n165,59,108.5,0.5,108.5,0.5,1
P04_p4n165,59,108.5,0.5,108.5,0.5,1
P02_p2n182,64,108.5,0.5,108.5,0.5,1
P03_p3n182,64,108.5,0.5,108.5,0.5,1
P01_p1n178,67,108.5,0.5,108.5,0.5,1
P00_p0n178,71,108.5,0.5,108.5,0.5,1
P06_p6n166,57,109.0,0.5,109.0,0.5,1
P07_p7n166,57,109.0,0.5,109.0,0.5,1
P04_p4n166,60,109.0,0.5,109.0,0.5,1
P05_p5n166,60,109.0,0.5,109.0,0.5,1
P02_p2n183,64,109.0,0.5,109.0,0.5,1
P03_p3n183,64,109.0,0.5,109.0,0.5,1
P01_p1n179,67,109.0,0.5,109.0,0.5,1
P00_p0n179,71,109.0,0.5,109.0,0.5,1
P06_p6n167,55,109.5,0.5,109.5,0.5,1
P07_p7n167,55,109.5,0.5,109.5,0.5,1
P05_p5n167,59,109.5,0.5,109.5,0.5,1
P04_p4n167,59,109.5,0.5,109.5,0.5,1
P02_p2n184,64,109.5,0.5,109.5,0.5,1
P03_p3n184,64,109.5,0.5,109.5,0.5,1
P01_p1n180,67,109.5,0.5,109.5,0.5,1
P00_p0n180,71,109.5,0.5,109.5,0.5,1
P07_p7n168,54,110.0,0.5,110.0,0.5,1
P06_p6n168,54,110.0,0.5,110.0,0.5,1
P04_p4n168,57,110.0,0.5,110.0,0.5,1
P05_p5n168,57,110.0,0.5,110.0,0.5,1
P03_p3n185,63,110.0,1.0,110.0,1.0,1
P02_p2n185,63,110.0,1.0,110.0,1.0,1
P01_p1n181,66,110.0,1.0,110.0,1.0,1
P00_p0n181,69,110.0,1.0,110.0,1.0,1
P07_p7n169,52,110.5,0.5,110.5,0.5,1
P06_p6n169,52,110.5,0.5,110.5,0.5,1
P04_p4n169,55,110.5,0.5,110.5,0.5,1
P05_p5n169,55,110.5,0.5,110.5,0.5,1
P04_p4n170,54,111.0,1.0,111.0,1.0,1
P07_p7n170,54,111.0,1.0,111.0,1.0,1
P06_p6n170,54,111.0,1.0,111.0,1.0,1
P05_p5n170,54,111.0,1.0,111.0,1.0,1
P03_p3n186,63,111.0,0.5,111.0,0.5,1
P02_p2n186,63,111.0,0.5,111.0,0.5,1
P01_p1n182,66,111.0,0.5,111.0,0.5,1
P00_p0n182,69,111.0,0.5,111.0,0.5,1
P03_p3n187,63,111.5,0.5,111.5,0.5,1
P02_p2n187,63,111.5,0.5,111.5,0.5,1
P01_p1n183,66,111.5,0.5,111.5,0.5,1
P00_p0n183,69,111.5,0.5,111.5,0.5,1
P04_p4n171,52,112.0,2.5,112.0,2.5,1
P07_p7n171,52,112.0,2.5,112.0,2.5,1
P06_p6n171,52,112.0,2.5,112.0,2.5,1
P05_p5n171,52,112.0,2.5,112.0,2.5,1
P02_p2n188,64,112.0,0.5,112.0,0.5,1
P03_p3n188,64,112.0,0.5,112.0,0.5,1
P01_p1n184,64,112.0,0.5,112.0,0.5,1
P00_p0n184,67,112.0,0.5,112.0,0.5,1
P02_p2n189,64,112.5,0.5,112.5,0.5,1
P03_p3n189,64,112.5,0.5,112.5,0.5,1
P01_p1n185,64,112.5,0.5,112.5,0.5,1
P00_p0n185,67,112.5,0.5,112.5,0.5,1
P02_p2n190,64,113.0,0.5,113.0,0.5,1
P03_p3n190,64,113.0,0.5,113.0,0.5,1
P01_p1n186,64,113.0,0.5,113.0,0.5,1
P00_p0n186,67,113.0,0.5,113.0,0.5,1
P03_p3n191,64,113.5,0.5,113.5,0.5,1
P02_p2n191,64,113.5,0.5,113.5,0.5,1
P01_p1n187,64,113.5,0.5,113.5,0.5,1
P00_p0n187,67,113.5,0.5,113.5,0.5,1
P03_p3n192,64,114.0,0.5,114.0,0.5,1
P02_p2n192,64,114.0,0.5,114.0,0.5,1
P01_p1n188,64,114.0,0.5,114.0,0.5,1
P00_p0n188,76,114.0,0.5,114.0,0.5,1
P07_p7n175,59,116.0,2.0,116.0,2.0,1
P06_p6n175,59,116.0,2.0,116.0,2.0,1
P05_p5n175,62,116.0,2.0,116.0,2.0,1
P04_p4n175,62,116.0,2.0,116.0,2.0,1
P03_p3n195,66,116.0,2.0,116.0,2.0,1
P01_p1n191,71,116.0,0.5,116.0,0.5,1
P02_p2n195,71,116.0,2.0,116.0,2.0,1
P00_p0n191,71,116.0,0.5,116.0,0.5,1
P01_p1n192,71,116.5,0.5,116.5,0.5,1
P00_p0n192,71,116.5,0.5,116.5,0.5,1
P01_p1n193,71,117.0,0.5,117.0,0.5,1
P00_p0n193,71,117.0,0.5,117.0,0.5,1
P01_p1n194,66,117.5,0.5,117.5,0.5,1
P00_p0n194,66,117.5,0.5,117.5,0.5,1
P06_p6n176,57,118.0,2.0,118.0,2.0,1
P07_p7n176,57,118.0,2.0,118.0,2.0,1
P05_p5n176,62,118.0,2.0,118.0,2.0,1
P04_p4n176,62,118.0,2.0,118.0,2.0,1
P03_p3n196,66,118.0,2.0,118.0,2.0,1
P01_p1n195,71,118.0,0.5,118.0,0.5,1
P02_p2n196,71,118.0,2.0,118.0,2.0,1
P00_p0n195,71,118.0,0.5,118.0,0.5,1
P01_p1n196,71,118.5,0.5,118.5,0.5,1
P00_p0n196,71,118.5,0.5,118.5,0.5,1
P01_p1n197,71,119.0,0.5,119.0,0.5,1
P00_p0n197,71,119.0,0.5,119.0,0.5,1
P01_p1n198,66,119.5,0.5,119.5,0.5,1
P00_p0n198,66,119.5,0.5,119.5,0.5,1
P06_p6n177,55,120.0,2.0,120.0,2.0,1
P07_p7n177,55,120.0,2.0,120.0,2.0,1
P05_p5n177,62,120.0,2.0,120.0,2.0,1
P04_p4n177,62,120.0,2.0,120.0,2.0,1
P03_p3n197,67,120.0,2.0,120.0,2.0,1
P02_p2n197,71,120.0,2.0,120.0,2.0,1
P00_p0n199,71,120.0,0.5,120.0,0.5,1
P01_p1n199,71,120.0,0.5,120.0,0.5,1
P01_p1n200,73,120.5,0.5,120.5,0.5,1
P00_p0n200,73,120.5,0.5,120.5,0.5,1
P01_p1n201,74,121.0,1.0,121.0,1.0,1
P00_p0n201,74,121.0,1.0,121.0,1.0,1
P07_p7n178,52,122.0,1.0,122.0,1.0,1
P06_p6n178,52,122.0,1.0,122.0,1.0,1
P05_p5n178,59,122.0,1.0,122.0,1.0,1
P04_p4n178,59,122.0,1.0,122.0,1.0,1
P03_p3n198,64,122.0,1.0,122.0,1.0,1
P02_p2n198,67,122.0,1.0,122.0,1.0,1
P00_p0n202,76,122.0,1.0,122.0,1.0,1
P01_p1n202,76,122.0,1.0,122.0,1.0,1
P07_p7n179,54,123.0,1.0,123.0,1.0,1
P06_p6n179,54,123.0,1.0,123.0,1.0,1
P04_p4n179,61,123.0,1.0,123.0,1.0,1
P05_p5n179,61,123.0,1.0,123.0,1.0,1
P03_p3n199,70,123.0,1.0,123.0,1.0,1
P02_p2n199,70,123.0,1.0,123.0,1.0,1
P00_p0n203,74,123.0,0.5,123.0,0.5,1
P01_p1n203,74,123.0,0.5,123.0,0.5,1
P01_p1n204,73,123.5,0.5,123.5,0.5,1
P00_p0n204,73,123.5,0.5,123.5,0.5,1
P07_p7n180,59,124.0,0.5,124.0,0.5,1
P06_p6n180,59,124.0,0.5,124.0,0.5,1
P05_p5n180,62,124.0,0.5,124.0,0.5,1
P04_p4n180,62,124.0,0.5,124.0,0.5,1
P03_p3n200,66,124.0,0.5,124.0,0.5,1
P01_p1n205,66,124.0,0.5,124.0,0.5,1
P02_p2n200,71,124.0,0.5,124.0,0.5,1
P00_p0n205,71,124.0,0.5,124.0,0.5,1
P07_p7n181,59,124.5,0.5,124.5,0.5,1
P06_p6n181,59,124.5,0.5,124.5,0.5,1
P05_p5n181,62,124.5,0.5,124.5,0.5,1
P04_p4n181,62,124.5,0.5,124.5,0.5,1
P03_p3n201,66,124.5,0.5,124.5,0.5,1
P02_p2n201,71,124.5,0.5,124.5,0.5,1
P01_p1n206,73,124.5,0.5,124.5,0.5,1
P00_p0n206,73,124.5,0.5,124.5,0.5,1
P07_p7n182,54,125.0,0.5,125.0,0.5,1
P06_p6n182,54,125.0,0.5,125.0,0.5,1
P04_p4n182,61,125.0,0.5,125.0,0.5,1
P05_p5n182,61,125.0,0.5,125.0,0.5,1
P03_p3n202,66,125.0,0.5,125.0,0.5,1
P02_p2n202,70,125.0,0.5,125.0,0.5,1
P00_p0n207,74,125.0,0.5,125.0,0.5,1
P01_p1n207,74,125.0,0.5,125.0,0.5,1
P07_p7n183,54,125.5,0.5,125.5,0.5,1
P06_p6n183,54,125.5,0.5,125.5,0.5,1
P04_p4n183,61,125.5,0.5,125.5,0.5,1
P05_p5n183,61,125.5,0.5,125.5,0.5,1
P03_p3n203,66,125.5,0.5,125.5,0.5,1
P02_p2n203,70,125.5,0.5,125.5,0.5,1
P01_p1n208,73,125.5,0.5,125.5,0.5,1
P00_p0n208,73,125.5,0.5,125.5,0.5,1
P06_p6n184,47,126.0,1.0,126.0,1.0,1
P07_p7n184,47,126.0,1.0,126.0,1.0,1
P05_p5n184,62,126.0,1.0,126.0,1.0,1
P04_p4n184,62,126.0,1.0,126.0,1.0,1
P03_p3n204,66,126.0,1.0,126.0,1.0,1
P01_p1n209,71,126.0,1.0,126.0,1.0,1
P02_p2n204,71,126.0,1.0,126.0,1.0,1
P00_p0n209,71,126.0,1.0,126.0,1.0,1
P06_p6n185,49,127.0,1.0,127.0,1.0,1
P07_p7n185,49,127.0,1.0,127.0,1.0,1
P04_p4n185,58,127.0,1.0,127.0,1.0,1
P05_p5n185,58,127.0,1.0,127.0,1.0,1
P02_p2n205,66,127.0,1.0,127.0,1.0,1
P03_p3n205,66,127.0,1.0,127.0,1.0,1
P01_p1n210,66,127.0,1.0,127.0,1.0,1
P00_p0n210,66,127.0,1.0,127.0,1.0,1
P06_p6n186,50,128.0,1.0,128.0,1.0,1
P07_p7n186,50,128.0,1.0,128.0,1.0,1
P05_p5n186,59,128.0,2.0,128.0,2.0,1
P04_p4n186,59,128.0,2.0,128.0,2.0,1
P03_p3n206,62,128.0,2.0,128.0,2.0,1
P02_p2n206,66,128.0,2.0,128.0,2.0,1
P00_p0n211,74,128.0,0.5,128.0,0.5,1
P01_p1n211,74,128.0,0.5,128.0,0.5,1
P01_p1n212,73,128.5,0.5,128.5,0.5,1
P00_p0n212,73,128.5,0.5,128.5,0.5,1
P07_p7n187,52,129.0,1.0,129.0,1.0,1
P06_p6n187,52,129.0,1.0,129.0,1.0,1
P01_p1n213,71,129.0,1.0,129.0,1.0,1
P00_p0n213,71,129.0,1.0,129.0,1.0,1
P07_p7n188,54,130.0,1.0,130.0,1.0,1
P06_p6n188,54,130.0,1.0,130.0,1.0,1
P04_p4n187,58,130.0,2.0,130.0,2.0,1
P05_p5n187,58,130.0,2.0,130.0,2.0,1
P03_p3n207,61,130.0,2.0,130.0,2.0,1
P02_p2n207,66,130.0,2.0,130.0,2.0,1
P01_p1n214,66,130.0,1.0,130.0,1.0,1
P00_p0n214,66,130.0,1.0,130.0,1.0,1
P07_p7n189,54,131.0,1.0,131.0,1.0,1
P06_p6n189,54,131.0,1.0,131.0,1.0,1
P01_p1n215,66,131.0,0.5,131.0,0.5,1
P00_p0n215,66,131.0,0.5,131.0,0.5,1
P01_p1n216,66,131.5,0.5,131.5,0.5,1
P00_p0n216,66,131.5,0.5,131.5,0.5,1
P06_p6n190,47,132.0,1.0,132.0,1.0,1
P07_p7n190,47,132.0,1.0,132.0,1.0,1
P05_p5n188,62,132.0,1.0,132.0,1.0,1
P04_p4n188,62,132.0,1.0,132.0,1.0,1
P03_p3n208,66,132.0,1.0,132.0,1.0,1
P01_p1n217,71,132.0,0.5,132.0,0.5,1
P02_p2n208,71,132.0,1.0,132.0,1.0,1
P00_p0n217,71,132.0,0.5,132.0,0.5,1
P00_p0n218,73,132.5,0.5,132.5,0.5,1
P01_p1n218,73,132.5,0.5,132.5,0.5,1
P06_p6n191,50,133.0,1.0,133.0,1.0,1
P07_p7n191,50,133.0,1.0,133.0,1.0,1
P05_p5n189,62,133.0,1.0,133.0,1.0,1
P04_p4n189,62,133.0,1.0,133.0,1.0,1
P03_p3n209,67,133.0,1.0,133.0,1.0,1
P02_p2n209,71,133.0,1.0,133.0,1.0,1
P00_p0n219,74,133.0,0.5,133.0,0.5,1
P01_p1n219,74,133.0,0.5,133.0,0.5,1
P00_p0n220,76,133.5,0.5,133.5,0.5,1
P01_p1n220,76,133.5,0.5,133.5,0.5,1
P07_p7n192,54,134.0,1.0,134.0,1.0,1
P06_p6n192,54,134.0,1.0,134.0,1.0,1
P05_p5n190,59,134.0,1.0,134.0,1.0,1
P04_p4n190,59,134.0,1.0,134.0,1.0,1
P03_p3n210,62,134.0,1.0,134.0,1.0,1
P02_p2n210,71,134.0,1.0,134.0,1.0,1
P00_p0n221,74,134.0,1.0,134.0,1.0,1
P01_p1n221,74,134.0,1.0,134.0,1.0,1
P07_p7n193,53,135.0,1.0,135.0,1.0,1
P06_p6n193,53,135.0,1.0,135.0,1.0,1
P04_p4n191,61,135.0,1.0,135.0,1.0,1
P05_p5n191,61,135.0,1.0,135.0,1.0,1
P03_p3n211,61,135.0,1.0,135.0,1.0,1
P02_p2n211,68,135.0,1.0,135.0,1.0,1
P00_p0n222,73,135.0,1.0,135.0,1.0,1
P01_p1n222,73,135.0,1.0,135.0,1.0,1
P07_p7n194,54,136.0,0.5,136.0,0.5,1
P06_p6n194,54,136.0,0.5,136.0,0.5,1
P04_p4n192,58,136.0,0.5,136.0,0.5,1
P05_p5n192,58,136.0,0.5,136.0,0.5,1
P02_p2n212,64,136.0,0.5,136.0,0.5,1
P03_p3n212,64,136.0,0.5,136.0,0.5,1
P00_p0n223,70,136.0,0.5,136.0,0.5,1
P01_p1n223,70,136.0,0.5,136.0,0.5,1
P07_p7n195,54,136.5,0.5,136.5,0.5,1
P06_p6n195,54,136.5,0.5,136.5,0.5,1
P04_p4n193,64,136.5,0.5,136.5,0.5,1
P05_p5n193,64,136.5,0.5,136.5,0.5,1
P02_p2n213,66,136.5,0.5,136.5,0.5,1
P03_p3n213,66,136.5,0.5,136.5,0.5,1
P01_p1n224,71,136.5,0.5,136.5,0.5,1
P00_p0n224,71,136.5,0.5,136.5,0.5,1
P06_p6n196,58,137.0,0.5,137.0,0.5,1
P07_p7n196,58,137.0,0.5,137.0,0.5,1
P04_p4n194,66,137.0,0.5,137.0,0.5,1
P05_p5n194,66,137.0,0.5,137.0,0.5,1
P03_p3n214,70,137.0,0.5,137.0,0.5,1
P02_p2n214,70,137.0,0.5,137.0,0.5,1
P00_p0n225,73,137.0,0.5,137.0,0.5,1
P01_p1n225,73,137.0,0.5,137.0,0.5,1
P06_p6n197,58,137.5,0.5,137.5,0.5,1
P07_p7n197,58,137.5,0.5,137.5,0.5,1
P04_p4n195,61,137.5,0.5,137.5,0.5,1
P05_p5n195,61,137.5,0.5,137.5,0.5,1
P02_p2n215,66,137.5,0.5,137.5,0.5,1
P03_p3n215,66,137.5,0.5,137.5,0.5,1
P00_p0n226,70,137.5,0.5,137.5,0.5,1
P01_p1n226,70,137.5,0.5,137.5,0.5,1
P07_p7n198,59,138.0,1.0,138.0,1.0,1
P06_p6n198,59,138.0,1.0,138.0,1.0,1
P05_p5n196,62,138.0,1.0,138.0,1.0,1
P04_p4n196,62,138.0,1.0,138.0,1.0,1
P03_p3n216,66,138.0,1.0,138.0,1.0,1
P01_p1n227,71,138.0,1.0,138.0,1.0,1
P02_p2n216,71,138.0,1.0,138.0,1.0,1
P00_p0n227,71,138.0,1.0,138.0,1.0,1
P06_p6n199,47,139.0,1.0,139.0,1.0,1
P07_p7n199,47,139.0,1.0,139.0,1.0,1
P05_p5n197,62,139.0,1.0,139.0,1.0,1
P04_p4n197,62,139.0,1.0,139.0,1.0,1
P03_p3n217,66,139.0,1.0,139.0,1.0,1
P01_p1n228,71,139.0,1.0,139.0,1.0,1
P02_p2n217,71,139.0,1.0,139.0,1.0,1
P00_p0n228,71,139.0,1.0,139.0,1.0,1
P07_p7n200,52,140.0,1.0,140.0,1.0,1
P06_p6n200,52,140.0,1.0,140.0,1.0,1
P05_p5n198,62,140.0,0.25,140.0,0.25,1
P04_p4n198,62,140.0,0.25,140.0,0.25,1
P03_p3n218,67,140.0,1.0,140.0,1.0,1
P02_p2n218,67,140.0,1.0,140.0,1.0,1
P01_p1n229,71,140.0,1.0,140.0,1.0,1
P00_p0n229,76,140.0,1.0,140.0,1.0,1
P04_p4n199,61,140.25,0.25,140.25,0.25,1
P05_p5n199,61,140.25,0.25,140.25,0.25,1
P05_p5n200,59,140.5,0.25,140.5,0.25,1
P04_p4n200,59,140.5,0.25,140.5,0.25,1
P07_p7n201,54,141.0,1.0,141.0,1.0,1
P06_p6n201,54,141.0,1.0,141.0,1.0,1
P05_p5n202,59,141.0,0.25,141.0,0.25,1
P04_p4n202,59,141.0,0.25,141.0,0.25,1
P03_p3n219,67,141.0,1.0,141.0,1.0,1
P02_p2n219,67,141.0,1.0,141.0,1.0,1
P01_p1n230,71,141.0,1.0,141.0,1.0,1
P00_p0n230,74,141.0,1.0,141.0,1.0,1
P04_p4n203,61,141.25,0.25,141.25,0.25,1
P05_p5n203,61,141.25,0.25,141.25,0.25,1
P05_p5n204,62,141.5,0.25,141.5,0.25,1
P04_p4n204,62,141.5,0.25,141.5,0.25,1
P06_p6n202,55,142.0,1.0,142.0,1.0,1
P07_p7n202,55,142.0,1.0,142.0,1.0,1
P05_p5n206,62,142.0,0.25,142.0,0.25,1
P04_p4n206,62,142.0,0.25,142.0,0.25,1
P03_p3n220,67,142.0,1.0,142.0,1.0,1
P02_p2n220,67,142.0,1.0,142.0,1.0,1
P01_p1n231,71,142.0,1.0,142.0,1.0,1
P00_p0n231,73,142.0,1.0,142.0,1.0,1
P04_p4n207,61,142.25,0.25,142.25,0.25,1
P05_p5n207,61,142.25,0.25,142.25,0.25,1
P05_p5n208,59,142.5,0.25,142.5,0.25,1
P04_p4n208,59,142.5,0.25,142.5,0.25,1
P07_p7n203,59,143.0,1.0,143.0,1.0,1
P05_p5n210,59,143.0,0.25,143.0,0.25,1
P04_p4n210,59,143.0,0.25,143.0,0.25,1
P06_p6n203,59,143.0,1.0,143.0,1.0,1
P02_p2n221,64,143.0,1.0,143.0,1.0,1
P03_p3n221,64,143.0,1.0,143.0,1.0,1
P01_p1n232,67,143.0,1.0,143.0,1.0,1
P00_p0n232,71,143.0,1.0,143.0,1.0,1
P04_p4n211,61,143.25,0.25,143.25,0.25,1
P05_p5n211,61,143.25,0.25,143.25,0.25,1
P05_p5n212,62,143.5,0.25,143.5,0.25,1
P04_p4n212,62,143.5,0.25,143.5,0.25,1
P07_p7n204,54,144.0,1.0,144.0,1.0,1
P06_p6n204,54,144.0,1.0,144.0,1.0,1
P03_p3n222,66,144.0,1.0,144.0,1.0,1
P04_p4n214,66,144.0,4.0,144.0,4.0,1
P05_p5n214,66,144.0,4.0,144.0,4.0,1
P02_p2n222,66,144.0,1.0,144.0,1.0,1
P01_p1n233,70,144.0,1.0,144.0,1.0,1
P00_p0n233,73,144.0,1.0,144.0,1.0,1
P07_p7n205,54,145.0,0.5,145.0,0.5,1
P06_p6n205,54,145.0,0.5,145.0,0.5,1
P03_p3n223,66,145.0,0.5,145.0,0.5,1
P02_p2n223,66,145.0,0.5,145.0,0.5,1
P01_p1n234,70,145.0,0.5,145.0,0.5,1
P00_p0n234,73,145.0,0.5,145.0,0.5,1
P07_p7n206,54,145.5,0.5,145.5,0.5,1
P06_p6n206,54,145.5,0.5,145.5,0.5,1
P03_p3n224,66,145.5,0.5,145.5,0.5,1
P02_p2n224,66,145.5,0.5,145.5,0.5,1
P01_p1n235,70,145.5,0.5,145.5,0.5,1
P00_p0n235,73,145.5,0.5,145.5,0.5,1
P07_p7n207,54,146.0,0.5,146.0,0.5,1
P06_p6n207,54,146.0,0.5,146.0,0.5,1
P02_p2n225,66,146.0,0.5,146.0,0.5,1
P03_p3n225,66,146.0,0.5,146.0,0.5,1
P01_p1n236,70,146.0,0.5,146.0,0.5,1
P00_p0n236,73,146.0,0.5,146.0,0.5,1
P07_p7n208,54,146.5,0.5,146.5,0.5,1
P06_p6n208,54,146.5,0.5,146.5,0.5,1
P02_p2n226,66,146.5,0.5,146.5,0.5,1
P03_p3n226,66,146.5,0.5,146.5,0.5,1
P01_p1n237,70,146.5,0.5,146.5,0.5,1
P00_p0n237,73,146.5,0.5,146.5,0.5,1
P07_p7n209,54,147.0,0.5,147.0,0.5,1
P06_p6n209,54,147.0,0.5,147.0,0.5,1
P03_p3n227,66,147.0,0.5,147.0,0.5,1
P02_p2n227,66,147.0,0.5,147.0,0.5,1
P01_p1n238,70,147.0,0.5,147.0,0.5,1
P00_p0n238,73,147.0,0.5,147.0,0.5,1
P07_p7n210,54,147.5,0.5,147.5,0.5,1
P06_p6n210,54,147.5,0.5,147.5,0.5,1
P02_p2n228,66,147.5,0.5,147.5,0.5,1
P03_p3n228,66,147.5,0.5,147.5,0.5,1
P01_p1n239,70,147.5,0.5,147.5,0.5,1
P00_p0n239,73,147.5,0.5,147.5,0.5,1
P06_p6n212,59,150.0,2.0,150.0,2.0,1
P07_p7n212,59,150.0,2.0,150.0,2.0,1
P05_p5n217,62,150.0,0.5,150.0,0.5,1
P04_p4n217,62,150.0,0.5,150.0,0.5,1
P02_p2n230,66,150.0,0.5,150.0,0.5,1
P03_p3n230,66,150.0,0.5,150.0,0.5,1
P01_p1n241,71,150.0,0.5,150.0,0.5,1
P00_p0n241,71,150.0,0.5,150.0,0.5,1
P04_p4n218,62,150.5,0.5,150.5,0.5,1
P05_p5n218,62,150.5,0.5,150.5,0.5,1
P02_p2n231,66,150.5,0.5,150.5,0.5,1
P03_p3n231,66,150.5,0.5,150.5,0.5,1
P01_p1n242,71,150.5,0.5,150.5,0.5,1
P00_p0n242,71,150.5,0.5,150.5,0.5,1
P04_p4n219,62,151.0,0.5,151.0,0.5,1
P05_p5n219,62,151.0,0.5,151.0,0.5,1
P02_p2n232,66,151.0,0.5,151.0,0.5,1
P03_p3n232,66,151.0,0.5,151.0,0.5,1
P01_p1n243,71,151.0,0.5,151.0,0.5,1
P00_p0n243,71,151.0,0.5,151.0,0.5,1
P04_p4n220,62,151.5,0.5,151.5,0.5,1
P05_p5n220,62,151.5,0.5,151.5,0.5,1
P02_p2n233,66,151.5,0.5,151.5,0.5,1
P03_p3n233,66,151.5,0.5,151.5,0.5,1
P01_p1n244,66,151.5,0.5,151.5,0.5,1
P00_p0n244,66,151.5,0.5,151.5,0.5,1
P06_p6n213,57,152.0,2.0,152.0,2.0,1
P07_p7n213,57,152.0,2.0,152.0,2.0,1
P04_p4n221,62,152.0,0.5,152.0,0.5,1
P05_p5n221,62,152.0,0.5,152.0,0.5,1
P02_p2n234,66,152.0,0.5,152.0,0.5,1
P03_p3n234,66,152.0,0.5,152.0,0.5,1
P01_p1n245,71,152.0,0.5,152.0,0.5,1
P00_p0n245,71,152.0,0.5,152.0,0.5,1
P04_p4n222,62,152.5,0.5,152.5,0.5,1
P05_p5n222,62,152.5,0.5,152.5,0.5,1
P02_p2n235,66,152.5,0.5,152.5,0.5,1
P03_p3n235,66,152.5,0.5,152.5,0.5,1
P01_p1n246,71,152.5,0.5,152.5,0.5,1
P00_p0n246,71,152.5,0.5,152.5,0.5,1
P04_p4n223,62,153.0,0.5,153.0,0.5,1
P05_p5n223,62,153.0,0.5,153.0,0.5,1
P03_p3n236,66,153.0,0.5,153.0,0.5,1
P02_p2n236,66,153.0,0.5,153.0,0.5,1
P01_p1n247,71,153.0,0.5,153.0,0.5,1
P00_p0n247,71,153.0,0.5,153.0,0.5,1
P04_p4n224,62,153.5,0.5,153.5,0.5,1
P05_p5n224,62,153.5,0.5,153.5,0.5,1
P03_p3n237,66,153.5,0.5,153.5,0.5,1
P01_p1n248,66,153.5,0.5,153.5,0.5,1
P00_p0n248,66,153.5,0.5,153.5,0.5,1
P02_p2n237,66,153.5,0.5,153.5,0.5,1
P06_p6n214,55,154.0,2.0,154.0,2.0,1
P07_p7n214,55,154.0,2.0,154.0,2.0,1
P04_p4n225,62,154.0,0.5,154.0,0.5,1
P05_p5n225,62,154.0,0.5,154.0,0.5,1
P03_p3n238,67,154.0,0.5,154.0,0.5,1
P02_p2n238,67,154.0,0.5,154.0,0.5,1
P01_p1n249,71,154.0,0.5,154.0,0.5,1
P00_p0n249,71,154.0,0.5,154.0,0.5,1
P04_p4n226,62,154.5,0.5,154.5,0.5,1
P05_p5n226,62,154.5,0.5,154.5,0.5,1
P03_p3n239,67,154.5,0.5,154.5,0.5,1
P02_p2n239,71,154.5,0.5,154.5,0.5,1
P00_p0n250,73,154.5,0.5,154.5,0.5,1
P01_p1n250,73,154.5,0.5,154.5,0.5,1
P05_p5n227,62,155.0,1.0,155.0,1.0,1
P04_p4n227,62,155.0,1.0,155.0,1.0,1
P03_p3n240,67,155.0,1.0,155.0,1.0,1
P02_p2n240,71,155.0,1.0,155.0,1.0,1
P00_p0n251,74,155.0,1.0,155.0,1.0,1
P01_p1n251,74,155.0,1.0,155.0,1.0,1
P06_p6n215,52,156.0,1.0,156.0,1.0,1
P07_p7n215,52,156.0,1.0,156.0,1.0,1
P05_p5n228,59,156.0,1.0,156.0,1.0,1
P04_p4n228,59,156.0,1.0,156.0,1.0,1
P03_p3n241,67,156.0,1.0,156.0,1.0,1
P02_p2n241,71,156.0,1.0,156.0,1.0,1
P00_p0n252,76,156.0,1.0,156.0,1.0,1
P01_p1n252,76,156.0,1.0,156.0,1.0,1
P07_p7n216,54,157.0,0.5,157.0,0.5,1
P06_p6n216,54,157.0,0.5,157.0,0.5,1
P04_p4n229,61,157.0,0.5,157.0,0.5,1
P05_p5n229,61,157.0,0.5,157.0,0.5,1
P03_p3n242,70,157.0,0.5,157.0,0.5,1
P02_p2n242,70,157.0,0.5,157.0,0.5,1
P00_p0n253,74,157.0,0.5,157.0,0.5,1
P01_p1n253,74,157.0,0.5,157.0,0.5,1
P07_p7n217,54,157.5,0.5,157.5,0.5,1
P06_p6n217,54,157.5,0.5,157.5,0.5,1
P04_p4n230,61,157.5,0.5,157.5,0.5,1
P05_p5n230,61,157.5,0.5,157.5,0.5,1
P03_p3n243,70,157.5,0.5,157.5,0.5,1
P02_p2n243,70,157.5,0.5,157.5,0.5,1
P00_p0n254,73,157.5,0.5,157.5,0.5,1
P01_p1n254,73,157.5,0.5,157.5,0.5,1
P06_p6n218,59,158.0,0.5,158.0,0.5,1
P07_p7n218,59,158.0,0.5,158.0,0.5,1
P05_p5n231,62,158.0,0.5,158.0,0.5,1
P04_p4n231,62,158.0,0.5,158.0,0.5,1
P01_p1n255,66,158.0,0.5,158.0,0.5,1
P03_p3n244,66,158.0,0.5,158.0,0.5,1
P02_p2n244,71,158.0,0.5,158.0,0.5,1
P00_p0n255,71,158.0,0.5,158.0,0.5,1
P06_p6n219,59,158.5,0.5,158.5,0.5,1
P07_p7n219,59,158.5,0.5,158.5,0.5,1
P05_p5n232,62,158.5,0.5,158.5,0.5,1
P04_p4n232,62,158.5,0.5,158.5,0.5,1
P03_p3n245,66,158.5,0.5,158.5,0.5,1
P02_p2n245,71,158.5,0.5,158.5,0.5,1
P00_p0n256,73,158.5,0.5,158.5,0.5,1
P01_p1n256,73,158.5,0.5,158.5,0.5,1
P07_p7n220,54,159.0,0.5,159.0,0.5,1
P06_p6n220,54,159.0,0.5,159.0,0.5,1
P04_p4n233,61,159.0,0.5,159.0,0.5,1
P05_p5n233,61,159.0,0.5,159.0,0.5,1
P03_p3n246,66,159.0,0.5,159.0,0.5,1
P02_p2n246,70,159.0,0.5,159.0,0.5,1
P00_p0n257,74,159.0,0.5,159.0,0.5,1
P01_p1n257,74,159.0,0.5,159.0,0.5,1
P07_p7n221,54,159.5,0.5,159.5,0.5,1
P06_p6n221,54,159.5,0.5,159.5,0.5,1
P04_p4n234,61,159.5,0.5,159.5,0.5,1
P05_p5n234,61,159.5,0.5,159.5,0.5,1
P03_p3n247,66,159.5,0.5,159.5,0.5,1
P02_p2n247,70,159.5,0.5,159.5,0.5,1
P00_p0n258,73,159.5,0.5,159.5,0.5,1
P01_p1n258,73,159.5,0.5,159.5,0.5,1
P06_p6n222,47,160.0,1.0,160.0,1.0,1
P07_p7n222,47,160.0,1.0,160.0,1.0,1
P04_p4n235,62,160.0,1.0,160.0,1.0,1
P05_p5n235,62,160.0,1.0,160.0,1.0,1
P03_p3n248,66,160.0,1.0,160.0,1.0,1
P01_p1n259,71,160.0,1.0,160.0,1.0,1
P02_p2n248,71,160.0,1.0,160.0,1.0,1
P00_p0n259,71,160.0,1.0,160.0,1.0,1
P07_p7n223,49,161.0,1.0,161.0,1.0,1
P06_p6n223,49,161.0,1.0,161.0,1.0,1
P04_p4n236,58,161.0,1.0,161.0,1.0,1
P05_p5n236,58,161.0,1.0,161.0,1.0,1
P02_p2n249,66,161.0,1.0,161.0,1.0,1
P01_p1n260,66,161.0,1.0,161.0,1.0,1
P03_p3n249,66,161.0,1.0,161.0,1.0,1
P00_p0n260,66,161.0,1.0,161.0,1.0,1
P06_p6n224,50,162.0,0.5,162.0,0.5,1
P07_p7n224,50,162.0,0.5,162.0,0.5,1
P05_p5n237,59,162.0,0.5,162.0,0.5,1
P04_p4n237,59,162.0,0.5,162.0,0.5,1
P03_p3n250,63,162.0,0.5,162.0,0.5,1
P02_p2n250,66,162.0,0.5,162.0,0.5,1
P00_p0n261,74,162.0,0.5,162.0,0.5,1
P01_p1n261,74,162.0,0.5,162.0,0.5,1
P07_p7n225,50,162.5,0.5,162.5,0.5,1
P06_p6n225,50,162.5,0.5,162.5,0.5,1
P05_p5n238,59,162.5,0.5,162.5,0.5,1
P04_p4n238,59,162.5,0.5,162.5,0.5,1
P03_p3n251,63,162.5,0.5,162.5,0.5,1
P02_p2n251,66,162.5,0.5,162.5,0.5,1
P00_p0n262,73,162.5,0.5,162.5,0.5,1
P01_p1n262,73,162.5,0.5,162.5,0.5,1
P06_p6n226,52,163.0,1.0,163.0,1.0,1
P07_p7n226,52,163.0,1.0,163.0,1.0,1
P05_p5n239,59,163.0,1.0,163.0,1.0,1
P04_p4n239,59,163.0,1.0,163.0,1.0,1
P03_p3n252,63,163.0,1.0,163.0,1.0,1
P02_p2n252,66,163.0,1.0,163.0,1.0,1
P01_p1n263,71,163.0,1.0,163.0,1.0,1
P00_p0n263,71,163.0,1.0,163.0,1.0,1
P07_p7n227,54,164.0,1.0,164.0,1.0,1
P06_p6n227,54,164.0,1.0,164.0,1.0,1
P04_p4n240,58,164.0,1.0,164.0,1.0,1
P05_p5n240,58,164.0,1.0,164.0,1.0,1
P02_p2n253,61,164.0,1.0,164.0,1.0,1
P03_p3n253,61,164.0,1.0,164.0,1.0,1
P01_p1n264,66,164.0,1.0,164.0,1.0,1
P00_p0n264,66,164.0,1.0,164.0,1.0,1
P07_p7n228,54,165.0,0.5,165.0,0.5,1
P06_p6n228,54,165.0,0.5,165.0,0.5,1
P04_p4n241,58,165.0,0.5,165.0,0.5,1
P05_p5n241,58,165.0,0.5,165.0,0.5,1
P02_p2n254,61,165.0,0.5,165.0,0.5,1
P03_p3n254,61,165.0,0.5,165.0,0.5,1
P01_p1n265,66,165.0,0.5,165.0,0.5,1
P00_p0n265,66,165.0,0.5,165.0,0.5,1
P06_p6n229,54,165.5,0.5,165.5,0.5,1
P07_p7n229,54,165.5,0.5,165.5,0.5,1
P04_p4n242,58,165.5,0.5,165.5,0.5,1
P05_p5n242,58,165.5,0.5,165.5,0.5,1
P02_p2n255,61,165.5,0.5,165.5,0.5,1
P03_p3n255,61,165.5,0.5,165.5,0.5,1
P01_p1n266,66,165.5,0.5,165.5,0.5,1
P00_p0n266,66,165.5,0.5,165.5,0.5,1
P06_p6n230,59,166.0,2.0,166.0,2.0,1
P07_p7n230,59,166.0,2.0,166.0,2.0,1
P05_p5n243,62,166.0,0.5,166.0,0.5,1
P04_p4n243,62,166.0,0.5,166.0,0.5,1
P02_p2n256,66,166.0,0.5,166.0,0.5,1
P03_p3n256,66,166.0,0.5,166.0,0.5,1
P01_p1n267,71,166.0,0.5,166.0,0.5,1
P00_p0n267,71,166.0,0.5,166.0,0.5,1
P05_p5n244,62,166.5,0.5,166.5,0.5,1
P04_p4n244,62,166.5,0.5,166.5,0.5,1
P02_p2n257,66,166.5,0.5,166.5,0.5,1
P03_p3n257,66,166.5,0.5,166.5,0.5,1
P01_p1n268,71,166.5,0.5,166.5,0.5,1
P00_p0n268,71,166.5,0.5,166.5,0.5,1
P05_p5n245,62,167.0,0.5,167.0,0.5,1
P04_p4n245,62,167.0,0.5,167.0,0.5,1
P02_p2n258,66,167.0,0.5,167.0,0.5,1
P03_p3n258,66,167.0,0.5,167.0,0.5,1
P01_p1n269,71,167.0,0.5,167.0,0.5,1
P00_p0n269,71,167.0,0.5,167.0,0.5,1
P05_p5n246,62,167.5,0.5,167.5,0.5,1
P04_p4n246,62,167.5,0.5,167.5,0.5,1
P02_p2n259,66,167.5,0.5,167.5,0.5,1
P01_p1n270,66,167.5,0.5,167.5,0.5,1
P03_p3n259,66,167.5,0.5,167.5,0.5,1
P00_p0n270,66,167.5,0.5,167.5,0.5,1
P06_p6n231,57,168.0,2.0,168.0,2.0,1
P07_p7n231,57,168.0,2.0,168.0,2.0,1
P05_p5n247,62,168.0,0.5,168.0,0.5,1
P04_p4n247,62,168.0,0.5,168.0,0.5,1
P02_p2n260,66,168.0,0.5,168.0,0.5,1
P03_p3n260,66,168.0,0.5,168.0,0.5,1
P01_p1n271,71,168.0,0.5,168.0,0.5,1
P00_p0n271,71,168.0,0.5,168.0,0.5,1
P05_p5n248,62,168.5,0.5,168.5,0.5,1
P04_p4n248,62,168.5,0.5,168.5,0.5,1
P03_p3n261,66,168.5,0.5,168.5,0.5,1
P02_p2n261,66,168.5,0.5,168.5,0.5,1
P01_p1n272,71,168.5,0.5,168.5,0.5,1
P00_p0n272,71,168.5,0.5,168.5,0.5,1
P05_p5n249,62,169.0,0.5,169.0,0.5,1
P04_p4n249,62,169.0,0.5,169.0,0.5,1
P03_p3n262,66,169.0,0.5,169.0,0.5,1
P02_p2n262,66,169.0,0.5,169.0,0.5,1
P01_p1n273,71,169.0,0.5,169.0,0.5,1
P00_p0n273,71,169.0,0.5,169.0,0.5,1
P05_p5n250,62,169.5,0.5,169.5,0.5,1
P04_p4n250,62,169.5,0.5,169.5,0.5,1
P01_p1n274,66,169.5,0.5,169.5,0.5,1
P03_p3n263,66,169.5,0.5,169.5,0.5,1
P00_p0n274,66,169.5,0.5,169.5,0.5,1
P02_p2n263,66,169.5,0.5,169.5,0.5,1
P06_p6n232,55,170.0,2.0,170.0,2.0,1
P07_p7n232,55,170.0,2.0,170.0,2.0,1
P05_p5n251,62,170.0,0.5,170.0,0.5,1
P04_p4n251,62,170.0,0.5,170.0,0.5,1
P02_p2n264,67,170.0,0.5,170.0,0.5,1
P03_p3n264,67,170.0,0.5,170.0,0.5,1
P01_p1n275,71,170.0,0.5,170.0,0.5,1
P00_p0n275,71,170.0,0.5,170.0,0.5,1
P05_p5n252,62,170.5,0.5,170.5,0.5,1
P04_p4n252,62,170.5,0.5,170.5,0.5,1
P03_p3n265,67,170.5,0.5,170.5,0.5,1
P02_p2n265,71,170.5,0.5,170.5,0.5,1
P00_p0n276,73,170.5,0.5,170.5,0.5,1
P01_p1n276,73,170.5,0.5,170.5,0.5,1
P05_p5n253,62,171.0,1.0,171.0,1.0,1
P04_p4n253,62,171.0,1.0,171.0,1.0,1
P03_p3n266,67,171.0,1.0,171.0,1.0,1
P02_p2n266,71,171.0,1.0,171.0,1.0,1
P00_p0n277,74,171.0,1.0,171.0,1.0,1
P01_p1n277,74,171.0,1.0,171.0,1.0,1
P06_p6n233,52,172.0,1.0,172.0,1.0,1
P07_p7n233,52,172.0,1.0,172.0,1.0,1
P05_p5n254,59,172.0,1.0,172.0,1.0,1
P04_p4n254,59,172.0,1.0,172.0,1.0,1
P03_p3n267,67,172.0,1.0,172.0,1.0,1
P02_p2n267,71,172.0,1.0,172.0,1.0,1
P00_p0n278,76,172.0,1.0,172.0,1.0,1
P01_p1n278,76,172.0,1.0,172.0,1.0,1
P06_p6n234,54,173.0,0.5,173.0,0.5,1
P07_p7n234,54,173.0,0.5,173.0,0.5,1
P04_p4n255,61,173.0,0.5,173.0,0.5,1
P05_p5n255,61,173.0,0.5,173.0,0.5,1
P03_p3n268,70,173.0,0.5,173.0,0.5,1
P02_p2n268,70,173.0,0.5,173.0,0.5,1
P00_p0n279,74,173.0,0.5,173.0,0.5,1
P01_p1n279,74,173.0,0.5,173.0,0.5,1
P07_p7n235,54,173.5,0.5,173.5,0.5,1
P06_p6n235,54,173.5,0.5,173.5,0.5,1
P04_p4n256,61,173.5,0.5,173.5,0.5,1
P05_p5n256,61,173.5,0.5,173.5,0.5,1
P03_p3n269,70,173.5,0.5,173.5,0.5,1
P02_p2n269,70,173.5,0.5,173.5,0.5,1
P00_p0n280,73,173.5,0.5,173.5,0.5,1
P01_p1n280,73,173.5,0.5,173.5,0.5,1
P06_p6n236,59,174.0,0.5,174.0,0.5,1
P07_p7n236,59,174.0,0.5,174.0,0.5,1
P05_p5n257,62,174.0,0.5,174.0,0.5,1
P04_p4n257,62,174.0,0.5,174.0,0.5,1
P01_p1n281,66,174.0,0.5,174.0,0.5,1
P03_p3n270,66,174.0,0.5,174.0,0.5,1
P02_p2n270,71,174.0,0.5,174.0,0.5,1
P00_p0n281,71,174.0,0.5,174.0,0.5,1
P06_p6n237,59,174.5,0.5,174.5,0.5,1
P07_p7n237,59,174.5,0.5,174.5,0.5,1
P05_p5n258,62,174.5,0.5,174.5,0.5,1
P04_p4n258,62,174.5,0.5,174.5,0.5,1
P03_p3n271,66,174.5,0.5,174.5,0.5,1
P02_p2n271,71,174.5,0.5,174.5,0.5,1
P00_p0n282,73,174.5,0.5,174.5,0.5,1
P01_p1n282,73,174.5,0.5,174.5,0.5,1
P07_p7n238,54,175.0,0.5,175.0,0.5,1
P06_p6n238,54,175.0,0.5,175.0,0.5,1
P04_p4n259,61,175.0,0.5,175.0,0.5,1
P05_p5n259,61,175.0,0.5,175.0,0.5,1
P03_p3n272,66,175.0,0.5,175.0,0.5,1
P02_p2n272,70,175.0,0.5,175.0,0.5,1
P00_p0n283,74,175.0,0.5,175.0,0.5,1
P01_p1n283,74,175.0,0.5,175.0,0.5,1
P07_p7n239,54,175.5,0.5,175.5,0.5,1
P06_p6n239,54,175.5,0.5,175.5,0.5,1
P04_p4n260,61,175.5,0.5,175.5,0.5,1
P05_p5n260,61,175.5,0.5,175.5,0.5,1
P03_p3n273,66,175.5,0.5,175.5,0.5,1
P02_p2n273,70,175.5,0.5,175.5,0.5,1
P00_p0n284,73,175.5,0.5,175.5,0.5,1
P01_p1n284,73,175.5,0.5,175.5,0.5,1
P07_p7n240,47,176.0,1.0,176.0,1.0,1
P06_p6n240,47,176.0,1.0,176.0,1.0,1
P05_p5n261,62,176.0,1.0,176.0,1.0,1
P04_p4n261,62,176.0,1.0,176.0,1.0,1
P03_p3n274,66,176.0,1.0,176.0,1.0,1
P01_p1n285,71,176.0,1.0,176.0,1.0,1
P00_p0n285,71,176.0,1.0,176.0,1.0,1
P02_p2n274,71,176.0,1.0,176.0,1.0,1
P07_p7n241,49,177.0,1.0,177.0,1.0,1
P06_p6n241,49,177.0,1.0,177.0,1.0,1
P04_p4n262,58,177.0,1.0,177.0,1.0,1
P05_p5n262,58,177.0,1.0,177.0,1.0,1
P01_p1n286,66,177.0,1.0,177.0,1.0,1
P03_p3n275,66,177.0,1.0,177.0,1.0,1
P00_p0n286,66,177.0,1.0,177.0,1.0,1
P02_p2n275,66,177.0,1.0,177.0,1.0,1
P06_p6n242,50,178.0,0.5,178.0,0.5,1
P07_p7n242,50,178.0,0.5,178.0,0.5,1
P05_p5n263,59,178.0,0.5,178.0,0.5,1
P04_p4n263,59,178.0,0.5,178.0,0.5,1
P03_p3n276,63,178.0,0.5,178.0,0.5,1
P02_p2n276,66,178.0,0.5,178.0,0.5,1
P00_p0n287,74,178.0,0.5,178.0,0.5,1
P01_p1n287,74,178.0,0.5,178.0,0.5,1
P06_p6n243,50,178.5,0.5,178.5,0.5,1
P07_p7n243,50,178.5,0.5,178.5,0.5,1
P05_p5n264,59,178.5,0.5,178.5,0.5,1
P04_p4n264,59,178.5,0.5,178.5,0.5,1
P03_p3n277,63,178.5,0.5,178.5,0.5,1
P02_p2n277,66,178.5,0.5,178.5,0.5,1
P00_p0n288,73,178.5,0.5,178.5,0.5,1
P01_p1n288,73,178.5,0.5,178.5,0.5,1
P06_p6n244,52,179.0,1.0,179.0,1.0,1
P07_p7n244,52,179.0,1.0,179.0,1.0,1
P05_p5n265,59,179.0,1.0,179.0,1.0,1
P04_p4n265,59,179.0,1.0,179.0,1.0,1
P03_p3n278,63,179.0,1.0,179.0,1.0,1
P02_p2n278,66,179.0,1.0,179.0,1.0,1
P01_p1n289,71,179.0,1.0,179.0,1.0,1
P00_p0n289,71,179.0,1.0,179.0,1.0,1
P07_p7n245,54,180.0,1.0,180.0,1.0,1
P06_p6n245,54,180.0,1.0,180.0,1.0,1
P04_p4n266,58,180.0,1.0,180.0,1.0,1
P05_p5n266,58,180.0,1.0,180.0,1.0,1
P02_p2n279,61,180.0,1.0,180.0,1.0,1
P03_p3n279,61,180.0,1.0,180.0,1.0,1
P01_p1n290,66,180.0,1.0,180.0,1.0,1
P00_p0n290,66,180.0,1.0,180.0,1.0,1
P07_p7n246,54,181.0,0.5,181.0,0.5,1
P06_p6n246,54,181.0,0.5,181.0,0.5,1
P04_p4n267,58,181.0,0.5,181.0,0.5,1
P05_p5n267,58,181.0,0.5,181.0,0.5,1
P02_p2n280,61,181.0,0.5,181.0,0.5,1
P03_p3n280,61,181.0,0.5,181.0,0.5,1
P01_p1n291,66,181.0,0.5,181.0,0.5,1
P00_p0n291,66,181.0,0.5,181.0,0.5,1
P07_p7n247,54,181.5,0.5,181.5,0.5,1
P06_p6n247,54,181.5,0.5,181.5,0.5,1
P04_p4n268,58,181.5,0.5,181.5,0.5,1
P05_p5n268,58,181.5,0.5,181.5,0.5,1
P02_p2n281,61,181.5,0.5,181.5,0.5,1
P03_p3n281,61,181.5,0.5,181.5,0.5,1
P01_p1n292,66,181.5,0.5,181.5,0.5,1
P00_p0n292,66,181.5,0.5,181.5,0.5,1
P07_p7n248,47,182.0,0.5,182.0,0.5,1
P06_p6n248,47,182.0,0.5,182.0,0.5,1
P04_p4n269,62,182.0,0.5,182.0,0.5,1
P05_p5n269,62,182.0,0.5,182.0,0.5,1
P03_p3n282,66,182.0,0.5,182.0,0.5,1
P01_p1n293,71,182.0,0.5,182.0,0.5,1
P02_p2n282,71,182.0,0.5,182.0,0.5,1
P00_p0n293,71,182.0,0.5,182.0,0.5,1
P07_p7n249,47,182.5,0.5,182.5,0.5,1
P06_p6n249,47,182.5,0.5,182.5,0.5,1
P04_p4n270,62,182.5,0.5,182.5,0.5,1
P05_p5n270,62,182.5,0.5,182.5,0.5,1
P03_p3n283,66,182.5,0.5,182.5,0.5,1
P02_p2n283,71,182.5,0.5,182.5,0.5,1
P00_p0n294,73,182.5,0.5,182.5,0.5,1
P01_p1n294,73,182.5,0.5,182.5,0.5,1
P07_p7n250,50,183.0,0.5,183.0,0.5,1
P06_p6n250,50,183.0,0.5,183.0,0.5,1
P04_p4n271,62,183.0,0.5,183.0,0.5,1
P05_p5n271,62,183.0,0.5,183.0,0.5,1
P03_p3n284,67,183.0,0.5,183.0,0.5,1
P02_p2n284,71,183.0,0.5,183.0,0.5,1
P00_p0n295,74,183.0,0.5,183.0,0.5,1
P01_p1n295,74,183.0,0.5,183.0,0.5,1
P07_p7n251,50,183.5,0.5,183.5,0.5,1
P06_p6n251,50,183.5,0.5,183.5,0.5,1
P04_p4n272,62,183.5,0.5,183.5,0.5,1
P05_p5n272,62,183.5,0.5,183.5,0.5,1
P03_p3n285,67,183.5,0.5,183.5,0.5,1
P02_p2n285,71,183.5,0.5,183.5,0.5,1
P00_p0n296,76,183.5,0.5,183.5,0.5,1
P01_p1n296,76,183.5,0.5,183.5,0.5,1
P07_p7n252,54,184.0,1.0,184.0,1.0,1
P06_p6n252,54,184.0,1.0,184.0,1.0,1
P05_p5n273,59,184.0,1.0,184.0,1.0,1
P04_p4n273,59,184.0,1.0,184.0,1.0,1
P03_p3n286,62,184.0,1.0,184.0,1.0,1
P02_p2n286,71,184.0,1.0,184.0,1.0,1
P00_p0n297,74,184.0,1.0,184.0,1.0,1
P01_p1n297,74,184.0,1.0,184.0,1.0,1
P07_p7n253,53,185.0,1.0,185.0,1.0,1
P06_p6n253,53,185.0,1.0,185.0,1.0,1
P04_p4n274,61,185.0,1.0,185.0,1.0,1
P05_p5n274,61,185.0,1.0,185.0,1.0,1
P02_p2n287,68,185.0,1.0,185.0,1.0,1
P03_p3n287,68,185.0,1.0,185.0,1.0,1
P00_p0n298,73,185.0,1.0,185.0,1.0,1
P01_p1n298,73,185.0,1.0,185.0,1.0,1
P07_p7n254,54,186.0,0.5,186.0,0.5,1
P06_p6n254,54,186.0,0.5,186.0,0.5,1
P04_p4n275,58,186.0,0.5,186.0,0.5,1
P05_p5n275,58,186.0,0.5,186.0,0.5,1
P03_p3n288,64,186.0,0.5,186.0,0.5,1
P02_p2n288,64,186.0,0.5,186.0,0.5,1
P00_p0n299,70,186.0,0.5,186.0,0.5,1
P01_p1n299,70,186.0,0.5,186.0,0.5,1
P07_p7n255,54,186.5,0.5,186.5,0.5,1
P06_p6n255,54,186.5,0.5,186.5,0.5,1
P05_p5n276,64,186.5,0.5,186.5,0.5,1
P04_p4n276,64,186.5,0.5,186.5,0.5,1
P02_p2n289,66,186.5,0.5,186.5,0.5,1
P03_p3n289,66,186.5,0.5,186.5,0.5,1
P01_p1n300,71,186.5,0.5,186.5,0.5,1
P00_p0n300,71,186.5,0.5,186.5,0.5,1
P07_p7n256,58,187.0,0.5,187.0,0.5,1
P06_p6n256,58,187.0,0.5,187.0,0.5,1
P04_p4n277,66,187.0,0.5,187.0,0.5,1
P05_p5n277,66,187.0,0.5,187.0,0.5,1
P03_p3n290,70,187.0,0.5,187.0,0.5,1
P02_p2n290,70,187.0,0.5,187.0,0.5,1
P00_p0n301,73,187.0,0.5,187.0,0.5,1
P01_p1n301,73,187.0,0.5,187.0,0.5,1
P07_p7n257,58,187.5,0.5,187.5,0.5,1
P06_p6n257,58,187.5,0.5,187.5,0.5,1
P04_p4n278,61,187.5,0.5,187.5,0.5,1
P05_p5n278,61,187.5,0.5,187.5,0.5,1
P02_p2n291,66,187.5,0.5,187.5,0.5,1
P03_p3n291,66,187.5,0.5,187.5,0.5,1
P00_p0n302,70,187.5,0.5,187.5,0.5,1
P01_p1n302,70,187.5,0.5,187.5,0.5,1
P06_p6n258,59,188.0,1.0,188.0,1.0,1
P07_p7n258,59,188.0,1.0,188.0,1.0,1
P04_p4n279,62,188.0,1.0,188.0,1.0,1
P05_p5n279,62,188.0,1.0,188.0,1.0,1
P03_p3n292,66,188.0,1.0,188.0,1.0,1
P02_p2n292,66,188.0,1.0,188.0,1.0,1
P01_p1n303,71,188.0,1.0,188.0,1.0,1
P00_p0n303,71,188.0,1.0,188.0,1.0,1
P06_p6n259,47,189.0,1.0,189.0,1.0,1
P07_p7n259,47,189.0,1.0,189.0,1.0,1
P05_p5n280,62,189.0,1.0,189.0,1.0,1
P04_p4n280,62,189.0,1.0,189.0,1.0,1
P03_p3n293,66,189.0,1.0,189.0,1.0,1
P02_p2n293,66,189.0,1.0,189.0,1.0,1
P01_p1n304,71,189.0,1.0,189.0,1.0,1
P00_p0n304,71,189.0,1.0,189.0,1.0,1
P06_p6n260,52,190.0,1.0,190.0,1.0,1
P07_p7n260,52,190.0,1.0,190.0,1.0,1
P05_p5n281,62,190.0,0.25,190.0,0.25,1
P04_p4n281,62,190.0,0.25,190.0,0.25,1
P03_p3n294,67,190.0,1.0,190.0,1.0,1
P02_p2n294,67,190.0,1.0,190.0,1.0,1
P01_p1n305,71,190.0,1.0,190.0,1.0,1
P00_p0n305,76,190.0,1.0,190.0,1.0,1
P04_p4n282,61,190.25,0.25,190.25,0.25,1
P05_p5n282,61,190.25,0.25,190.25,0.25,1
P05_p5n283,59,190.5,0.25,190.5,0.25,1
P04_p4n283,59,190.5,0.25,190.5,0.25,1
P06_p6n261,54,191.0,1.0,191.0,1.0,1
P07_p7n261,54,191.0,1.0,191.0,1.0,1
P05_p5n285,59,191.0,0.25,191.0,0.25,1
P04_p4n285,59,191.0,0.25,191.0,0.25,1
P03_p3n295,67,191.0,1.0,191.0,1.0,1
P02_p2n295,67,191.0,1.0,191.0,1.0,1
P01_p1n306,71,191.0,1.0,191.0,1.0,1
P00_p0n306,74,191.0,1.0,191.0,1.0,1
P04_p4n286,61,191.25,0.25,191.25,0.25,1
P05_p5n286,61,191.25,0.25,191.25,0.25,1
P04_p4n287,62,191.5,0.25,191.5,0.25,1
P05_p5n287,62,191.5,0.25,191.5,0.25,1
P06_p6n262,55,192.0,1.0,192.0,1.0,1
P07_p7n262,55,192.0,1.0,192.0,1.0,1
P04_p4n289,62,192.0,0.25,192.0,0.25,1
P05_p5n289,62,192.0,0.25,192.0,0.25,1
P03_p3n296,67,192.0,1.0,192.0,1.0,1
P02_p2n296,67,192.0,1.0,192.0,1.0,1
P01_p1n307,71,192.0,1.0,192.0,1.0,1
P00_p0n307,73,192.0,1.0,192.0,1.0,1
P04_p4n290,61,192.25,0.25,192.25,0.25,1
P05_p5n290,61,192.25,0.25,192.25,0.25,1
P05_p5n291,59,192.5,0.25,192.5,0.25,1
P04_p4n291,59,192.5,0.25,192.5,0.25,1
P05_p5n293,59,193.0,0.25,193.0,0.25,1
P07_p7n263,59,193.0,1.0,193.0,1.0,1
P06_p6n263,59,193.0,1.0,193.0,1.0,1
P04_p4n293,59,193.0,0.25,193.0,0.25,1
P03_p3n297,64,193.0,1.0,193.0,1.0,1
P02_p2n297,64,193.0,1.0,193.0,1.0,1
P01_p1n308,67,193.0,1.0,193.0,1.0,1
P00_p0n308,71,193.0,1.0,193.0,1.0,1
P04_p4n294,61,193.25,0.25,193.25,0.25,1
P05_p5n294,61,193.25,0.25,193.25,0.25,1
P04_p4n295,62,193.5,0.25,193.5,0.25,1
P05_p5n295,62,193.5,0.25,193.5,0.25,1
P06_p6n264,52,194.0,1.0,194.0,1.0,1
P07_p7n264,52,194.0,1.0,194.0,1.0,1
P04_p4n297,62,194.0,0.25,194.0,0.25,1
P05_p5n297,62,194.0,0.25,194.0,0.25,1
P03_p3n298,67,194.0,1.0,194.0,1.0,1
P02_p2n298,67,194.0,1.0,194.0,1.0,1
P01_p1n309,71,194.0,1.0,194.0,1.0,1
P00_p0n309,76,194.0,1.0,194.0,1.0,1
P05_p5n298,61,194.25,0.25,194.25,0.25,1
P04_p4n298,61,194.25,0.25,194.25,0.25,1
P05_p5n299,59,194.5,0.25,194.5,0.25,1
P04_p4n299,59,194.5,0.25,194.5,0.25,1
P06_p6n265,54,195.0,1.0,195.0,1.0,1
P07_p7n265,54,195.0,1.0,195.0,1.0,1
P05_p5n301,59,195.0,0.25,195.0,0.25,1
P04_p4n301,59,195.0,0.25,195.0,0.25,1
P03_p3n299,67,195.0,1.0,195.0,1.0,1
P02_p2n299,67,195.0,1.0,195.0,1.0,1
P01_p1n310,71,195.0,1.0,195.0,1.0,1
P00_p0n310,74,195.0,1.0,195.0,1.0,1
P04_p4n302,61,195.25,0.25,195.25,0.25,1
P05_p5n302,61,195.25,0.25,195.25,0.25,1
P04_p4n303,62,195.5,0.25,195.5,0.25,1
P05_p5n303,62,195.5,0.25,195.5,0.25,1
P06_p6n266,55,196.0,1.0,196.0,1.0,1
P07_p7n266,55,196.0,1.0,196.0,1.0,1
P04_p4n305,62,196.0,0.25,196.0,0.25,1
P05_p5n305,62,196.0,0.25,196.0,0.25,1
P03_p3n300,67,196.0,1.0,196.0,1.0,1
P02_p2n300,67,196.0,1.0,196.0,1.0,1
P01_p1n311,71,196.0,1.0,196.0,1.0,1
P00_p0n311,73,196.0,1.0,196.0,1.0,1
P04_p4n306,61,196.25,0.25,196.25,0.25,1
P05_p5n306,61,196.25,0.25,196.25,0.25,1
P05_p5n307,59,196.5,0.25,196.5,0.25,1
P04_p4n307,59,196.5,0.25,196.5,0.25,1
P06_p6n267,59,197.0,1.0,197.0,1.0,1
P05_p5n309,59,197.0,0.25,197.0,0.25,1
P07_p7n267,59,197.0,1.0,197.0,1.0,1
P04_p4n309,59,197.0,0.25,197.0,0.25,1
P03_p3n301,64,197.0,1.0,197.0,1.0,1
P02_p2n301,64,197.0,1.0,197.0,1.0,1
P01_p1n312,67,197.0,1.0,197.0,1.0,1
P00_p0n312,71,197.0,1.0,197.0,1.0,1
P04_p4n310,61,197.25,0.25,197.25,0.25,1
P05_p5n310,61,197.25,0.25,197.25,0.25,1
P04_p4n311,62,197.5,0.25,197.5,0.25,1
P05_p5n311,62,197.5,0.25,197.5,0.25,1
P07_p7n268,54,198.0,1.0,198.0,1.0,1
P06_p6n268,54,198.0,1.0,198.0,1.0,1
P03_p3n302,66,198.0,1.0,198.0,1.0,1
P02_p2n302,66,198.0,1.0,198.0,1.0,1
P05_p5n313,66,198.0,4.0,198.0,4.0,1
P04_p4n313,66,198.0,4.0,198.0,4.0,1
P01_p1n313,70,198.0,1.0,198.0,1.0,1
P00_p0n313,73,198.0,1.0,198.0,1.0,1
P07_p7n269,54,199.0,0.5,199.0,0.5,1
P06_p6n269,54,199.0,0.5,199.0,0.5,1
P03_p3n303,66,199.0,0.5,199.0,0.5,1
P02_p2n303,66,199.0,0.5,199.0,0.5,1
P01_p1n314,70,199.0,0.5,199.0,0.5,1
P00_p0n314,73,199.0,0.5,199.0,0.5,1
P07_p7n270,54,199.5,0.5,199.5,0.5,1
P06_p6n270,54,199.5,0.5,199.5,0.5,1
P02_p2n304,66,199.5,0.5,199.5,0.5,1
P03_p3n304,66,199.5,0.5,199.5,0.5,1
P01_p1n315,70,199.5,0.5,199.5,0.5,1
P00_p0n315,73,199.5,0.5,199.5,0.5,1
P06_p6n271,54,200.0,0.5,200.0,0.5,1
P07_p7n271,54,200.0,0.5,200.0,0.5,1
P02_p2n305,66,200.0,0.5,200.0,0.5,1
P03_p3n305,66,200.0,0.5,200.0,0.5,1
P01_p1n316,70,200.0,0.5,200.0,0.5,1
P00_p0n316,73,200.0,0.5,200.0,0.5,1
P07_p7n272,54,200.5,0.5,200.5,0.5,1
P06_p6n272,54,200.5,0.5,200.5,0.5,1
P02_p2n306,66,200.5,0.5,200.5,0.5,1
P03_p3n306,66,200.5,0.5,200.5,0.5,1
P01_p1n317,70,200.5,0.5,200.5,0.5,1
P00_p0n317,73,200.5,0.5,200.5,0.5,1
P06_p6n273,54,201.0,0.5,201.0,0.5,1
P07_p7n273,54,201.0,0.5,201.0,0.5,1
P02_p2n307,66,201.0,0.5,201.0,0.5,1
P03_p3n307,66,201.0,0.5,201.0,0.5,1
P01_p1n318,70,201.0,0.5,201.0,0.5,1
P00_p0n318,73,201.0,0.5,201.0,0.5,1
P06_p6n274,54,201.5,0.5,201.5,0.5,1
P07_p7n274,54,201.5,0.5,201.5,0.5,1
P02_p2n308,66,201.5,0.5,201.5,0.5,1
P03_p3n308,66,201.5,0.5,201.5,0.5,1
P01_p1n319,70,201.5,0.5,201.5,0.5,1
P00_p0n319,73,201.5,0.5,201.5,0.5,1
P05_p5n315,59,202.0,0.5,202.0,0.5,1
P07_p7n275,59,202.0,2.0,202.0,2.0,1
P06_p6n275,59,202.0,2.0,202.0,2.0,1
P04_p4n315,59,202.0,0.5,202.0,0.5,1
P03_p3n309,66,202.0,2.0,202.0,2.0,1
P02_p2n309,71,202.0,2.0,202.0,2.0,1
P00_p0n320,74,202.0,2.0,202.0,2.0,1
P01_p1n320,74,202.0,2.0,202.0,2.0,1
P05_p5n316,59,202.5,0.5,202.5,0.5,1
P04_p4n316,59,202.5,0.5,202.5,0.5,1
P05_p5n317,59,203.0,0.5,203.0,0.5,1
P04_p4n317,59,203.0,0.5,203.0,0.5,1
P04_p4n318,54,203.5,0.5,203.5,0.5,1
P05_p5n318,54,203.5,0.5,203.5,0.5,1
P06_p6n276,57,204.0,2.0,204.0,2.0,1
P07_p7n276,57,204.0,2.0,204.0,2.0,1
P05_p5n319,59,204.0,0.5,204.0,0.5,1
P04_p4n319,59,204.0,0.5,204.0,0.5,1
P03_p3n310,66,204.0,2.0,204.0,2.0,1
P02_p2n310,71,204.0,2.0,204.0,2.0,1
P00_p0n321,74,204.0,2.0,204.0,2.0,1
P01_p1n321,74,204.0,2.0,204.0,2.0,1
P04_p4n320,59,204.5,0.5,204.5,0.5,1
P05_p5n320,59,204.5,0.5,204.5,0.5,1
P04_p4n321,59,205.0,0.5,205.0,0.5,1
P05_p5n321,59,205.0,0.5,205.0,0.5,1
P04_p4n322,54,205.5,0.5,205.5,0.5,1
P05_p5n322,54,205.5,0.5,205.5,0.5,1
P06_p6n277,55,206.0,2.0,206.0,2.0,1
P07_p7n277,55,206.0,2.0,206.0,2.0,1
P04_p4n323,59,206.0,0.5,206.0,0.5,1
P05_p5n323,59,206.0,0.5,206.0,0.5,1
P03_p3n311,66,206.0,2.0,206.0,2.0,1
P02_p2n311,71,206.0,2.0,206.0,2.0,1
P00_p0n322,74,206.0,2.0,206.0,2.0,1
P01_p1n322,74,206.0,2.0,206.0,2.0,1
P04_p4n324,59,206.5,0.5,206.5,0.5,1
P05_p5n324,59,206.5,0.5,206.5,0.5,1
P05_p5n325,59,207.0,0.5,207.0,0.5,1
P04_p4n325,59,207.0,0.5,207.0,0.5,1
P05_p5n326,54,207.5,0.5,207.5,0.5,1
P04_p4n326,54,207.5,0.5,207.5,0.5,1
P06_p6n278,54,208.0,2.0,208.0,2.0,1
P07_p7n278,54,208.0,2.0,208.0,2.0,1
P05_p5n327,59,208.0,0.5,208.0,0.5,1
P04_p4n327,59,208.0,0.5,208.0,0.5,1
P03_p3n312,66,208.0,2.0,208.0,2.0,1
P02_p2n312,71,208.0,2.0,208.0,2.0,1
P00_p0n323,74,208.0,2.0,208.0,2.0,1
P01_p1n323,74,208.0,2.0,208.0,2.0,1
P05_p5n328,59,208.5,0.5,208.5,0.5,1
P04_p4n328,59,208.5,0.5,208.5,0.5,1
P05_p5n329,59,209.0,0.5,209.0,0.5,1
P04_p4n329,59,209.0,0.5,209.0,0.5,1
P05_p5n330,54,209.5,0.5,209.5,0.5,1
P04_p4n330,54,209.5,0.5,209.5,0.5,1
P06_p6n279,55,210.0,2.0,210.0,2.0,1
P07_p7n279,55,210.0,2.0,210.0,2.0,1
P05_p5n331,59,210.0,0.5,210.0,0.5,1
P04_p4n331,59,210.0,0.5,210.0,0.5,1
P03_p3n313,67,210.0,2.0,210.0,2.0,1
P02_p2n313,71,210.0,2.0,210.0,2.0,1
P00_p0n324,74,210.0,2.0,210.0,2.0,1
P01_p1n324,74,210.0,2.0,210.0,2.0,1
P04_p4n332,61,210.5,0.5,210.5,0.5,1
P05_p5n332,61,210.5,0.5,210.5,0.5,1
P04_p4n333,62,211.0,1.0,211.0,1.0,1
P05_p5n333,62,211.0,1.0,211.0,1.0,1
P06_p6n280,52,212.0,1.0,212.0,1.0,1
P07_p7n280,52,212.0,1.0,212.0,1.0,1
P03_p3n314,64,212.0,1.0,212.0,1.0,1
P05_p5n334,64,212.0,1.0,212.0,1.0,1
P04_p4n334,64,212.0,1.0,212.0,1.0,1
P02_p2n314,67,212.0,1.0,212.0,1.0,1
P01_p1n325,71,212.0,1.0,212.0,1.0,1
P00_p0n325,71,212.0,1.0,212.0,1.0,1
P06_p6n281,54,213.0,1.0,213.0,1.0,1
P07_p7n281,54,213.0,1.0,213.0,1.0,1
P04_p4n335,62,213.0,0.5,213.0,0.5,1
P05_p5n335,62,213.0,0.5,213.0,0.5,1
P03_p3n315,70,213.0,1.0,213.0,1.0,1
P02_p2n315,70,213.0,1.0,213.0,1.0,1
P00_p0n326,73,213.0,1.0,213.0,1.0,1
P01_p1n326,73,213.0,1.0,213.0,1.0,1
P04_p4n336,61,213.5,0.5,213.5,0.5,1
P05_p5n336,61,213.5,0.5,213.5,0.5,1
P05_p5n337,59,214.0,0.5,214.0,0.5,1
P06_p6n282,59,214.0,0.5,214.0,0.5,1
P07_p7n282,59,214.0,0.5,214.0,0.5,1
P04_p4n337,59,214.0,0.5,214.0,0.5,1
P03_p3n316,66,214.0,0.5,214.0,0.5,1
P02_p2n316,71,214.0,0.5,214.0,0.5,1
P00_p0n327,74,214.0,0.5,214.0,0.5,1
P01_p1n327,74,214.0,0.5,214.0,0.5,1
P06_p6n283,59,214.5,0.5,214.5,0.5,1
P07_p7n283,59,214.5,0.5,214.5,0.5,1
P04_p4n338,61,214.5,0.5,214.5,0.5,1
P05_p5n338,61,214.5,0.5,214.5,0.5,1
P03_p3n317,66,214.5,0.5,214.5,0.5,1
P02_p2n317,71,214.5,0.5,214.5,0.5,1
P00_p0n328,74,214.5,0.5,214.5,0.5,1
P01_p1n328,74,214.5,0.5,214.5,0.5,1
P06_p6n284,54,215.0,0.5,215.0,0.5,1
P07_p7n284,54,215.0,0.5,215.0,0.5,1
P04_p4n339,62,215.0,0.5,215.0,0.5,1
P05_p5n339,62,215.0,0.5,215.0,0.5,1
P03_p3n318,66,215.0,0.5,215.0,0.5,1
P02_p2n318,70,215.0,0.5,215.0,0.5,1
P00_p0n329,73,215.0,0.5,215.0,0.5,1
P01_p1n329,73,215.0,0.5,215.0,0.5,1
P06_p6n285,54,215.5,0.5,215.5,0.5,1
P07_p7n285,54,215.5,0.5,215.5,0.5,1
P04_p4n340,61,215.5,0.5,215.5,0.5,1
P05_p5n340,61,215.5,0.5,215.5,0.5,1
P03_p3n319,66,215.5,0.5,215.5,0.5,1
P02_p2n319,70,215.5,0.5,215.5,0.5,1
P00_p0n330,73,215.5,0.5,215.5,0.5,1
P01_p1n330,73,215.5,0.5,215.5,0.5,1
P06_p6n286,47,216.0,1.0,216.0,1.0,1
P07_p7n286,47,216.0,1.0,216.0,1.0,1
P05_p5n341,59,216.0,1.0,216.0,1.0,1
P04_p4n341,59,216.0,1.0,216.0,1.0,1
P03_p3n320,66,216.0,1.0,216.0,1.0,1
P02_p2n320,71,216.0,1.0,216.0,1.0,1
P00_p0n331,74,216.0,1.0,216.0,1.0,1
P01_p1n331,74,216.0,1.0,216.0,1.0,1
P06_p6n287,49,217.0,1.0,217.0,1.0,1
P07_p7n287,49,217.0,1.0,217.0,1.0,1
P04_p4n342,58,217.0,0.5,217.0,0.5,1
P05_p5n342,58,217.0,0.5,217.0,0.5,1
P03_p3n321,66,217.0,1.0,217.0,1.0,1
P02_p2n321,66,217.0,1.0,217.0,1.0,1
P00_p0n332,70,217.0,1.0,217.0,1.0,1
P01_p1n332,70,217.0,1.0,217.0,1.0,1
P05_p5n343,54,217.5,0.5,217.5,0.5,1
P04_p4n343,54,217.5,0.5,217.5,0.5,1
P07_p7n288,50,218.0,1.0,218.0,1.0,1
P06_p6n288,50,218.0,1.0,218.0,1.0,1
P04_p4n344,62,218.0,0.5,218.0,0.5,1
P05_p5n344,62,218.0,0.5,218.0,0.5,1
P03_p3n322,62,218.0,1.0,218.0,1.0,1
P02_p2n322,66,218.0,1.0,218.0,1.0,1
P01_p1n333,71,218.0,1.0,218.0,1.0,1
P00_p0n333,71,218.0,1.0,218.0,1.0,1
P04_p4n345,61,218.5,0.5,218.5,0.5,1
P05_p5n345,61,218.5,0.5,218.5,0.5,1
P06_p6n289,52,219.0,1.0,219.0,1.0,1
P07_p7n289,52,219.0,1.0,219.0,1.0,1
P05_p5n346,59,219.0,1.0,219.0,1.0,1
P04_p4n346,59,219.0,1.0,219.0,1.0,1
P03_p3n323,62,219.0,1.0,219.0,1.0,1
P02_p2n323,66,219.0,1.0,219.0,1.0,1
P01_p1n334,71,219.0,1.0,219.0,1.0,1
P00_p0n334,71,219.0,1.0,219.0,1.0,1
P05_p5n347,54,220.0,1.0,220.0,1.0,1
P06_p6n290,54,220.0,2.0,220.0,2.0,1
P04_p4n347,54,220.0,1.0,220.0,1.0,1
P07_p7n290,54,220.0,2.0,220.0,2.0,1
P03_p3n324,61,220.0,2.0,220.0,2.0,1
P02_p2n324,66,220.0,2.0,220.0,2.0,1
P00_p0n335,70,220.0,2.0,220.0,2.0,1
P01_p1n335,70,220.0,2.0,220.0,2.0,1
P05_p5n348,54,221.0,0.5,221.0,0.5,1
P04_p4n348,54,221.0,0.5,221.0,0.5,1
P05_p5n349,54,221.5,0.5,221.5,0.5,1
P04_p4n349,54,221.5,0.5,221.5,0.5,1
P06_p6n291,59,222.0,2.0,222.0,2.0,1
P07_p7n291,59,222.0,2.0,222.0,2.0,1
P04_p4n350,62,222.0,0.5,222.0,0.5,1
P05_p5n350,62,222.0,0.5,222.0,0.5,1
P03_p3n325,66,222.0,0.5,222.0,0.5,1
P02_p2n325,66,222.0,0.5,222.0,0.5,1
P01_p1n336,71,222.0,0.5,222.0,0.5,1
P00_p0n336,71,222.0,0.5,222.0,0.5,1
P05_p5n351,62,222.5,0.5,222.5,0.5,1
P04_p4n351,62,222.5,0.5,222.5,0.5,1
P03_p3n326,66,222.5,0.5,222.5,0.5,1
P02_p2n326,66,222.5,0.5,222.5,0.5,1
P01_p1n337,71,222.5,0.5,222.5,0.5,1
P00_p0n337,71,222.5,0.5,222.5,0.5,1
P05_p5n352,62,223.0,0.5,223.0,0.5,1
P04_p4n352,62,223.0,0.5,223.0,0.5,1
P03_p3n327,66,223.0,0.5,223.0,0.5,1
P02_p2n327,66,223.0,0.5,223.0,0.5,1
P01_p1n338,71,223.0,0.5,223.0,0.5,1
P00_p0n338,71,223.0,0.5,223.0,0.5,1
P04_p4n353,62,223.5,0.5,223.5,0.5,1
P05_p5n353,62,223.5,0.5,223.5,0.5,1
P03_p3n328,66,223.5,0.5,223.5,0.5,1
P02_p2n328,66,223.5,0.5,223.5,0.5,1
P01_p1n339,66,223.5,0.5,223.5,0.5,1
P00_p0n339,66,223.5,0.5,223.5,0.5,1
P07_p7n292,57,224.0,2.0,224.0,2.0,1
P06_p6n292,57,224.0,2.0,224.0,2.0,1
P04_p4n354,62,224.0,0.5,224.0,0.5,1
P05_p5n354,62,224.0,0.5,224.0,0.5,1
P02_p2n329,66,224.0,0.5,224.0,0.5,1
P03_p3n329,66,224.0,0.5,224.0,0.5,1
P01_p1n340,71,224.0,0.5,224.0,0.5,1
P00_p0n340,71,224.0,0.5,224.0,0.5,1
P04_p4n355,62,224.5,0.5,224.5,0.5,1
P05_p5n355,62,224.5,0.5,224.5,0.5,1
P02_p2n330,66,224.5,0.5,224.5,0.5,1
P03_p3n330,66,224.5,0.5,224.5,0.5,1
P01_p1n341,71,224.5,0.5,224.5,0.5,1
P00_p0n341,71,224.5,0.5,224.5,0.5,1
P04_p4n356,62,225.0,0.5,225.0,0.5,1
P05_p5n356,62,225.0,0.5,225.0,0.5,1
P02_p2n331,66,225.0,0.5,225.0,0.5,1
P03_p3n331,66,225.0,0.5,225.0,0.5,1
P01_p1n342,71,225.0,0.5,225.0,0.5,1
P00_p0n342,71,225.0,0.5,225.0,0.5,1
P04_p4n357,62,225.5,0.5,225.5,0.5,1
P05_p5n357,62,225.5,0.5,225.5,0.5,1
P02_p2n332,66,225.5,0.5,225.5,0.5,1
P01_p1n343,66,225.5,0.5,225.5,0.5,1
P03_p3n332,66,225.5,0.5,225.5,0.5,1
P00_p0n343,66,225.5,0.5,225.5,0.5,1
P07_p7n293,55,226.0,2.0,226.0,2.0,1
P06_p6n293,55,226.0,2.0,226.0,2.0,1
P04_p4n358,62,226.0,0.5,226.0,0.5,1
P05_p5n358,62,226.0,0.5,226.0,0.5,1
P03_p3n333,67,226.0,0.5,226.0,0.5,1
P02_p2n333,67,226.0,0.5,226.0,0.5,1
P01_p1n344,71,226.0,0.5,226.0,0.5,1
P00_p0n344,71,226.0,0.5,226.0,0.5,1
P05_p5n359,62,226.5,0.5,226.5,0.5,1
P04_p4n359,62,226.5,0.5,226.5,0.5,1
P03_p3n334,67,226.5,0.5,226.5,0.5,1
P02_p2n334,71,226.5,0.5,226.5,0.5,1
P00_p0n345,73,226.5,0.5,226.5,0.5,1
P01_p1n345,73,226.5,0.5,226.5,0.5,1
P05_p5n360,62,227.0,1.0,227.0,1.0,1
P04_p4n360,62,227.0,1.0,227.0,1.0,1
P03_p3n335,67,227.0,1.0,227.0,1.0,1
P02_p2n335,71,227.0,1.0,227.0,1.0,1
P01_p1n346,74,227.0,1.0,227.0,1.0,1
P00_p0n346,74,227.0,1.0,227.0,1.0,1
P07_p7n294,52,228.0,1.0,228.0,1.0,1
P06_p6n294,52,228.0,1.0,228.0,1.0,1
P05_p5n361,59,228.0,1.0,228.0,1.0,1
P04_p4n361,59,228.0,1.0,228.0,1.0,1
P03_p3n336,67,228.0,1.0,228.0,1.0,1
P02_p2n336,71,228.0,1.0,228.0,1.0,1
P01_p1n347,76,228.0,1.0,228.0,1.0,1
P00_p0n347,76,228.0,1.0,228.0,1.0,1
P07_p7n295,54,229.0,0.5,229.0,0.5,1
P06_p6n295,54,229.0,0.5,229.0,0.5,1
P04_p4n362,61,229.0,0.5,229.0,0.5,1
P05_p5n362,61,229.0,0.5,229.0,0.5,1
P02_p2n337,70,229.0,0.5,229.0,0.5,1
P03_p3n337,70,229.0,0.5,229.0,0.5,1
P00_p0n348,74,229.0,0.5,229.0,0.5,1
P01_p1n348,74,229.0,0.5,229.0,0.5,1
P07_p7n296,54,229.5,0.5,229.5,0.5,1
P06_p6n296,54,229.5,0.5,229.5,0.5,1
P04_p4n363,61,229.5,0.5,229.5,0.5,1
P05_p5n363,61,229.5,0.5,229.5,0.5,1
P02_p2n338,70,229.5,0.5,229.5,0.5,1
P03_p3n338,70,229.5,0.5,229.5,0.5,1
P00_p0n349,73,229.5,0.5,229.5,0.5,1
P01_p1n349,73,229.5,0.5,229.5,0.5,1
P07_p7n297,59,230.0,0.5,230.0,0.5,1
P06_p6n297,59,230.0,0.5,230.0,0.5,1
P04_p4n364,62,230.0,0.5,230.0,0.5,1
P05_p5n364,62,230.0,0.5,230.0,0.5,1
P03_p3n339,66,230.0,0.5,230.0,0.5,1
P00_p0n350,71,230.0,0.5,230.0,0.5,1
P01_p1n350,71,230.0,0.5,230.0,0.5,1
P02_p2n339,71,230.0,0.5,230.0,0.5,1
P07_p7n298,59,230.5,0.5,230.5,0.5,1
P06_p6n298,59,230.5,0.5,230.5,0.5,1
P04_p4n365,62,230.5,0.5,230.5,0.5,1
P05_p5n365,62,230.5,0.5,230.5,0.5,1
P03_p3n340,66,230.5,0.5,230.5,0.5,1
P02_p2n340,71,230.5,0.5,230.5,0.5,1
P01_p1n351,73,230.5,0.5,230.5,0.5,1
P00_p0n351,73,230.5,0.5,230.5,0.5,1
P07_p7n299,54,231.0,0.5,231.0,0.5,1
P06_p6n299,54,231.0,0.5,231.0,0.5,1
P05_p5n366,61,231.0,0.5,231.0,0.5,1
P04_p4n366,61,231.0,0.5,231.0,0.5,1
P03_p3n341,66,231.0,0.5,231.0,0.5,1
P02_p2n341,70,231.0,0.5,231.0,0.5,1
P00_p0n352,74,231.0,0.5,231.0,0.5,1
P01_p1n352,74,231.0,0.5,231.0,0.5,1
P06_p6n300,54,231.5,0.5,231.5,0.5,1
P07_p7n300,54,231.5,0.5,231.5,0.5,1
P05_p5n367,61,231.5,0.5,231.5,0.5,1
P04_p4n367,61,231.5,0.5,231.5,0.5,1
P03_p3n342,66,231.5,0.5,231.5,0.5,1
P02_p2n342,70,231.5,0.5,231.5,0.5,1
P01_p1n353,73,231.5,0.5,231.5,0.5,1
P00_p0n353,73,231.5,0.5,231.5,0.5,1
P06_p6n301,47,232.0,1.0,232.0,1.0,1
P07_p7n301,47,232.0,1.0,232.0,1.0,1
P04_p4n368,62,232.0,1.0,232.0,1.0,1
P05_p5n368,62,232.0,1.0,232.0,1.0,1
P03_p3n343,66,232.0,1.0,232.0,1.0,1
P02_p2n343,71,232.0,1.0,232.0,1.0,1
P01_p1n354,71,232.0,1.0,232.0,1.0,1
P00_p0n354,71,232.0,1.0,232.0,1.0,1
P07_p7n302,49,233.0,1.0,233.0,1.0,1
P06_p6n302,49,233.0,1.0,233.0,1.0,1
P04_p4n369,58,233.0,1.0,233.0,1.0,1
P05_p5n369,58,233.0,1.0,233.0,1.0,1
P02_p2n344,66,233.0,1.0,233.0,1.0,1
P00_p0n355,66,233.0,1.0,233.0,1.0,1
P01_p1n355,66,233.0,1.0,233.0,1.0,1
P03_p3n344,66,233.0,1.0,233.0,1.0,1
P06_p6n303,50,234.0,0.5,234.0,0.5,1
P07_p7n303,50,234.0,0.5,234.0,0.5,1
P05_p5n370,59,234.0,0.5,234.0,0.5,1
P04_p4n370,59,234.0,0.5,234.0,0.5,1
P03_p3n345,62,234.0,0.5,234.0,0.5,1
P02_p2n345,66,234.0,0.5,234.0,0.5,1
P01_p1n356,74,234.0,0.5,234.0,0.5,1
P00_p0n356,74,234.0,0.5,234.0,0.5,1
P06_p6n304,50,234.5,0.5,234.5,0.5,1
P07_p7n304,50,234.5,0.5,234.5,0.5,1
P05_p5n371,59,234.5,0.5,234.5,0.5,1
P04_p4n371,59,234.5,0.5,234.5,0.5,1
P03_p3n346,62,234.5,0.5,234.5,0.5,1
P02_p2n346,66,234.5,0.5,234.5,0.5,1
P01_p1n357,73,234.5,0.5,234.5,0.5,1
P00_p0n357,73,234.5,0.5,234.5,0.5,1
P07_p7n305,52,235.0,1.0,235.0,1.0,1
P06_p6n305,52,235.0,1.0,235.0,1.0,1
P05_p5n372,59,235.0,1.0,235.0,1.0,1
P04_p4n372,59,235.0,1.0,235.0,1.0,1
P03_p3n347,62,235.0,1.0,235.0,1.0,1
P02_p2n347,66,235.0,1.0,235.0,1.0,1
P00_p0n358,71,235.0,1.0,235.0,1.0,1
P01_p1n358,71,235.0,1.0,235.0,1.0,1
P07_p7n306,54,236.0,1.0,236.0,1.0,1
P06_p6n306,54,236.0,1.0,236.0,1.0,1
P04_p4n373,58,236.0,1.0,236.0,1.0,1
P05_p5n373,58,236.0,1.0,236.0,1.0,1
P02_p2n348,61,236.0,1.0,236.0,1.0,1
P03_p3n348,61,236.0,1.0,236.0,1.0,1
P00_p0n359,66,236.0,1.0,236.0,1.0,1
P01_p1n359,66,236.0,1.0,236.0,1.0,1
P07_p7n307,54,237.0,0.5,237.0,0.5,1
P06_p6n307,54,237.0,0.5,237.0,0.5,1
P04_p4n374,58,237.0,0.5,237.0,0.5,1
P05_p5n374,58,237.0,0.5,237.0,0.5,1
P02_p2n349,61,237.0,0.5,237.0,0.5,1
P03_p3n349,61,237.0,0.5,237.0,0.5,1
P00_p0n360,66,237.0,0.5,237.0,0.5,1
P01_p1n360,66,237.0,0.5,237.0,0.5,1
P07_p7n308,54,237.5,0.5,237.5,0.5,1
P06_p6n308,54,237.5,0.5,237.5,0.5,1
P04_p4n375,58,237.5,0.5,237.5,0.5,1
P05_p5n375,58,237.5,0.5,237.5,0.5,1
P02_p2n350,61,237.5,0.5,237.5,0.5,1
P03_p3n350,61,237.5,0.5,237.5,0.5,1
P01_p1n361,66,237.5,0.5,237.5,0.5,1
P00_p0n361,66,237.5,0.5,237.5,0.5,1
P06_p6n309,47,238.0,0.5,238.0,0.5,1
P07_p7n309,47,238.0,0.5,238.0,0.5,1
P04_p4n376,62,238.0,0.5,238.0,0.5,1
P05_p5n376,62,238.0,0.5,238.0,0.5,1
P03_p3n351,66,238.0,0.5,238.0,0.5,1
P02_p2n351,71,238.0,0.5,238.0,0.5,1
P00_p0n362,71,238.0,0.5,238.0,0.5,1
P01_p1n362,71,238.0,0.5,238.0,0.5,1
P06_p6n310,47,238.5,0.5,238.5,0.5,1
P07_p7n310,47,238.5,0.5,238.5,0.5,1
P04_p4n377,62,238.5,0.5,238.5,0.5,1
P05_p5n377,62,238.5,0.5,238.5,0.5,1
P03_p3n352,66,238.5,0.5,238.5,0.5,1
P02_p2n352,71,238.5,0.5,238.5,0.5,1
P01_p1n363,73,238.5,0.5,238.5,0.5,1
P00_p0n363,73,238.5,0.5,238.5,0.5,1
P06_p6n311,50,239.0,0.5,239.0,0.5,1
P07_p7n311,50,239.0,0.5,239.0,0.5,1
P04_p4n378,62,239.0,0.5,239.0,0.5,1
P05_p5n378,62,239.0,0.5,239.0,0.5,1
P03_p3n353,67,239.0,0.5,239.0,0.5,1
P02_p2n353,71,239.0,0.5,239.0,0.5,1
P01_p1n364,74,239.0,0.5,239.0,0.5,1
P00_p0n364,74,239.0,0.5,239.0,0.5,1
P06_p6n312,50,239.5,0.5,239.5,0.5,1
P07_p7n312,50,239.5,0.5,239.5,0.5,1
P04_p4n379,62,239.5,0.5,239.5,0.5,1
P05_p5n379,62,239.5,0.5,239.5,0.5,1
P03_p3n354,67,239.5,0.5,239.5,0.5,1
P02_p2n354,71,239.5,0.5,239.5,0.5,1
P01_p1n365,76,239.5,0.5,239.5,0.5,1
P00_p0n365,76,239.5,0.5,239.5,0.5,1
P07_p7n313,54,240.0,1.0,240.0,1.0,1
P06_p6n313,54,240.0,1.0,240.0,1.0,1
P05_p5n380,59,240.0,1.0,240.0,1.0,1
P04_p4n380,59,240.0,1.0,240.0,1.0,1
P03_p3n355,62,240.0,1.0,240.0,1.0,1
P02_p2n355,71,240.0,1.0,240.0,1.0,1
P01_p1n366,74,240.0,1.0,240.0,1.0,1
P00_p0n366,74,240.0,1.0,240.0,1.0,1
P07_p7n314,53,241.0,1.0,241.0,1.0,1
P06_p6n314,53,241.0,1.0,241.0,1.0,1
P04_p4n381,61,241.0,1.0,241.0,1.0,1
P05_p5n381,61,241.0,1.0,241.0,1.0,1
P03_p3n356,68,241.0,1.0,241.0,1.0,1
P02_p2n356,68,241.0,1.0,241.0,1.0,1
P01_p1n367,73,241.0,1.0,241.0,1.0,1
P00_p0n367,73,241.0,1.0,241.0,1.0,1
P07_p7n315,54,242.0,0.5,242.0,0.5,1
P06_p6n315,54,242.0,0.5,242.0,0.5,1
P04_p4n382,58,242.0,0.5,242.0,0.5,1
P05_p5n382,58,242.0,0.5,242.0,0.5,1
P02_p2n357,64,242.0,0.5,242.0,0.5,1
P03_p3n357,64,242.0,0.5,242.0,0.5,1
P00_p0n368,70,242.0,0.5,242.0,0.5,1
P01_p1n368,70,242.0,0.5,242.0,0.5,1
P07_p7n316,54,242.5,0.5,242.5,0.5,1
P06_p6n316,54,242.5,0.5,242.5,0.5,1
P05_p5n383,64,242.5,0.5,242.5,0.5,1
P04_p4n383,64,242.5,0.5,242.5,0.5,1
P02_p2n358,66,242.5,0.5,242.5,0.5,1
P03_p3n358,66,242.5,0.5,242.5,0.5,1
P00_p0n369,71,242.5,0.5,242.5,0.5,1
P01_p1n369,71,242.5,0.5,242.5,0.5,1
P07_p7n317,58,243.0,0.5,243.0,0.5,1
P06_p6n317,58,243.0,0.5,243.0,0.5,1
P05_p5n384,66,243.0,0.5,243.0,0.5,1
P04_p4n384,66,243.0,0.5,243.0,0.5,1
P02_p2n359,70,243.0,0.5,243.0,0.5,1
P03_p3n359,70,243.0,0.5,243.0,0.5,1
P01_p1n370,73,243.0,0.5,243.0,0.5,1
P00_p0n370,73,243.0,0.5,243.0,0.5,1
P07_p7n318,58,243.5,0.5,243.5,0.5,1
P06_p6n318,58,243.5,0.5,243.5,0.5,1
P05_p5n385,61,243.5,0.5,243.5,0.5,1
P04_p4n385,61,243.5,0.5,243.5,0.5,1
P02_p2n360,66,243.5,0.5,243.5,0.5,1
P03_p3n360,66,243.5,0.5,243.5,0.5,1
P01_p1n371,70,243.5,0.5,243.5,0.5,1
P00_p0n371,70,243.5,0.5,243.5,0.5,1
P06_p6n319,59,244.0,1.0,244.0,1.0,1
P07_p7n319,59,244.0,1.0,244.0,1.0,1
P04_p4n386,62,244.0,1.0,244.0,1.0,1
P05_p5n386,62,244.0,1.0,244.0,1.0,1
P02_p2n361,66,244.0,1.0,244.0,1.0,1
P03_p3n361,66,244.0,1.0,244.0,1.0,1
P00_p0n372,71,244.0,1.0,244.0,1.0,1
P01_p1n372,71,244.0,1.0,244.0,1.0,1
P07_p7n320,47,245.0,1.0,245.0,1.0,1
P06_p6n320,47,245.0,1.0,245.0,1.0,1
P05_p5n387,62,245.0,1.0,245.0,1.0,1
P04_p4n387,62,245.0,1.0,245.0,1.0,1
P02_p2n362,66,245.0,1.0,245.0,1.0,1
P03_p3n362,66,245.0,1.0,245.0,1.0,1
P00_p0n373,71,245.0,1.0,245.0,1.0,1
P01_p1n373,71,245.0,1.0,245.0,1.0,1
P06_p6n321,59,246.0,0.25,246.0,0.25,1
P04_p4n388,59,246.0,0.25,246.0,0.25,1
P05_p5n388,59,246.0,0.25,246.0,0.25,1
P07_p7n321,59,246.0,0.25,246.0,0.25,1
P06_p6n322,59,246.25,0.25,246.25,0.25,1
P04_p4n389,59,246.25,0.25,246.25,0.25,1
P05_p5n389,59,246.25,0.25,246.25,0.25,1
P07_p7n322,59,246.25,0.25,246.25,0.25,1
P06_p6n323,59,246.5,0.25,246.5,0.25,1
P04_p4n390,59,246.5,0.25,246.5,0.25,1
P05_p5n390,59,246.5,0.25,246.5,0.25,1
P07_p7n323,59,246.5,0.25,246.5,0.25,1
P06_p6n324,59,246.75,0.25,246.75,0.25,1
P04_p4n391,59,246.75,0.25,246.75,0.25,1
P05_p5n391,59,246.75,0.25,246.75,0.25,1
P07_p7n324,59,246.75,0.25,246.75,0.25,1
P06_p6n325,59,247.0,0.25,247.0,0.25,1
P04_p4n392,59,247.0,0.25,247.0,0.25,1
P05_p5n392,59,247.0,0.25,247.0,0.25,1
P07_p7n325,59,247.0,0.25,247.0,0.25,1
P06_p6n326,59,247.25,0.25,247.25,0.25,1
P04_p4n393,59,247.25,0.25,247.25,0.25,1
P05_p5n393,59,247.25,0.25,247.25,0.25,1
P07_p7n326,59,247.25,0.25,247.25,0.25,1
P05_p5n394,59,247.5,0.25,247.5,0.25,1
P06_p6n327,59,247.5,0.25,247.5,0.25,1
P04_p4n394,59,247.5,0.25,247.5,0.25,1
P07_p7n327,59,247.5,0.25,247.5,0.25,1
P05_p5n395,59,247.75,0.25,247.75,0.25,1
P06_p6n328,59,247.75,0.25,247.75,0.25,1
P04_p4n395,59,247.75,0.25,247.75,0.25,1
P07_p7n328,59,247.75,0.25,247.75,0.25,1
P05_p5n396,59,248.0,0.25,248.0,0.25,1
P06_p6n329,59,248.0,0.25,248.0,0.25,1
P04_p4n396,59,248.0,0.25,248.0,0.25,1
P07_p7n329,59,248.0,0.25,248.0,0.25,1
P05_p5n397,59,248.25,0.25,248.25,0.25,1
P06_p6n330,59,248.25,0.25,248.25,0.25,1
P04_p4n397,59,248.25,0.25,248.25,0.25,1
P07_p7n330,59,248.25,0.25,248.25,0.25,1
P07_p7n331,59,248.5,0.25,248.5,0.25,1
P05_p5n398,59,248.5,0.25,248.5,0.25,1
P06_p6n331,59,248.5,0.25,248.5,0.25,1
P04_p4n398,59,248.5,0.25,248.5,0.25,1
P07_p7n332,59,248.75,0.25,248.75,0.25,1
P05_p5n399,59,248.75,0.25,248.75,0.25,1
P06_p6n332,59,248.75,0.25,248.75,0.25,1
P04_p4n399,59,248.75,0.25,248.75,0.25,1
P05_p5n400,59,249.0,0.25,249.0,0.25,1
P04_p4n400,59,249.0,0.25,249.0,0.25,1
P06_p6n333,59,249.0,0.25,249.0,0.25,1
P07_p7n333,59,249.0,0.25,249.0,0.25,1
P05_p5n401,59,249.25,0.25,249.25,0.25,1
P04_p4n401,59,249.25,0.25,249.25,0.25,1
P06_p6n334,59,249.25,0.25,249.25,0.25,1
P07_p7n334,59,249.25,0.25,249.25,0.25,1
P05_p5n402,59,249.5,0.5,249.5,0.5,1
P06_p6n335,59,249.5,0.5,249.5,0.5,1
P04_p4n402,59,249.5,0.5,249.5,0.5,1
P07_p7n335,59,249.5,0.5,249.5,0.5,1
P03_p3n365,71,250.0,0.25,250.0,0.25,1
P00_p0n376,71,250.0,0.25,250.0,0.25,1
P02_p2n365,71,250.0,0.25,250.0,0.25,1
P01_p1n376,71,250.0,0.25,250.0,0.25,1
P03_p3n366,71,250.25,0.25,250.25,0.25,1
P02_p2n366,71,250.25,0.25,250.25,0.25,1
P00_p0n377,71,250.25,0.25,250.25,0.25,1
P01_p1n377,71,250.25,0.25,250.25,0.25,1
P02_p2n367,71,250.5,0.25,250.5,0.25,1
P00_p0n378,71,250.5,0.25,250.5,0.25,1
P01_p1n378,71,250.5,0.25,250.5,0.25,1
P03_p3n367,71,250.5,0.25,250.5,0.25,1
P03_p3n368,71,250.75,0.25,250.75,0.25,1
P02_p2n368,71,250.75,0.25,250.75,0.25,1
P00_p0n379,71,250.75,0.25,250.75,0.25,1
P01_p1n379,71,250.75,0.25,250.75,0.25,1
P03_p3n369,71,251.0,0.25,251.0,0.25,1
P02_p2n369,71,251.0,0.25,251.0,0.25,1
P00_p0n380,71,251.0,0.25,251.0,0.25,1
P01_p1n380,71,251.0,0.25,251.0,0.25,1
P03_p3n370,71,251.25,0.25,251.25,0.25,1
P02_p2n370,71,251.25,0.25,251.25,0.25,1
P00_p0n381,71,251.25,0.25,251.25,0.25,1
P01_p1n381,71,251.25,0.25,251.25,0.25,1
P03_p3n371,71,251.5,0.25,251.5,0.25,1
P02_p2n371,71,251.5,0.25,251.5,0.25,1
P00_p0n382,71,251.5,0.25,251.5,0.25,1
P01_p1n382,71,251.5,0.25,251.5,0.25,1
P03_p3n372,71,251.75,0.25,251.75,0.25,1
P02_p2n372,71,251.75,0.25,251.75,0.25,1
P00_p0n383,71,251.75,0.25,251.75,0.25,1
P01_p1n383,71,251.75,0.25,251.75,0.25,1
P02_p2n373,71,252.0,0.25,252.0,0.25,1
P00_p0n384,71,252.0,0.25,252.0,0.25,1
P01_p1n384,71,252.0,0.25,252.0,0.25,1
P03_p3n373,71,252.0,0.25,252.0,0.25,1
P02_p2n374,71,252.25,0.25,252.25,0.25,1
P00_p0n385,71,252.25,0.25,252.25,0.25,1
P01_p1n385,71,252.25,0.25,252.25,0.25,1
P03_p3n374,71,252.25,0.25,252.25,0.25,1
P02_p2n375,71,252.5,0.25,252.5,0.25,1
P00_p0n386,71,252.5,0.25,252.5,0.25,1
P01_p1n386,71,252.5,0.25,252.5,0.25,1
P03_p3n375,71,252.5,0.25,252.5,0.25,1
P02_p2n376,71,252.75,0.25,252.75,0.25,1
P00_p0n387,71,252.75,0.25,252.75,0.25,1
P01_p1n387,71,252.75,0.25,252.75,0.25,1
P03_p3n376,71,252.75,0.25,252.75,0.25,1
P02_p2n377,71,253.0,0.25,253.0,0.25,1
P03_p3n377,71,253.0,0.25,253.0,0.25,1
P00_p0n388,71,253.0,0.25,253.0,0.25,1
P01_p1n388,71,253.0,0.25,253.0,0.25,1
P03_p3n378,71,253.25,0.25,253.25,0.25,1
P02_p2n378,71,253.25,0.25,253.25,0.25,1
P00_p0n389,71,253.25,0.25,253.25,0.25,1
P01_p1n389,71,253.25,0.25,253.25,0.25,1
P03_p3n379,71,253.5,0.5,253.5,0.5,1
P02_p2n379,71,253.5,0.5,253.5,0.5,1
P00_p0n390,71,253.5,0.5,253.5,0.5,1
P01_p1n390,71,253.5,0.5,253.5,0.5,1
P07_p7n338,54,254.0,0.5,254.0,0.5,1
P06_p6n338,54,254.0,0.5,254.0,0.5,1
P05_p5n405,54,254.0,0.5,254.0,0.5,1
P04_p4n405,54,254.0,0.5,254.0,0.5,1
P07_p7n339,59,254.5,0.5,254.5,0.5,1
P05_p5n406,59,254.5,0.5,254.5,0.5,1
P06_p6n339,59,254.5,0.5,254.5,0.5,1
P04_p4n406,59,254.5,0.5,254.5,0.5,1
P07_p7n340,61,255.0,0.5,255.0,0.5,1
P05_p5n407,61,255.0,0.5,255.0,0.5,1
P06_p6n340,61,255.0,0.5,255.0,0.5,1
P04_p4n407,61,255.0,0.5,255.0,0.5,1
P05_p5n408,62,255.5,2.5,255.5,2.5,1
P04_p4n408,62,255.5,2.5,255.5,2.5,1
P06_p6n341,62,255.5,2.5,255.5,2.5,1
P07_p7n341,62,255.5,2.5,255.5,2.5,1
P07_p7n343,59,258.0,0.5,258.0,0.5,1
P05_p5n410,59,258.0,0.5,258.0,0.5,1
P06_p6n343,59,258.0,0.5,258.0,0.5,1
P04_p4n410,59,258.0,0.5,258.0,0.5,1
P02_p2n381,71,258.0,0.5,258.0,0.5,1
P03_p3n381,71,258.0,0.5,258.0,0.5,1
P00_p0n392,71,258.0,0.5,258.0,0.5,1
P01_p1n392,71,258.0,0.5,258.0,0.5,1
P05_p5n411,47,258.5,0.5,258.5,0.5,1
P04_p4n411,47,258.5,0.5,258.5,0.5,1
P06_p6n344,47,258.5,0.5,258.5,0.5,1
P07_p7n344,47,258.5,0.5,258.5,0.5,1
P03_p3n382,59,258.5,0.5,258.5,0.5,1
P01_p1n393,59,258.5,0.5,258.5,0.5,1
P02_p2n382,59,258.5,0.5,258.5,0.5,1
P00_p0n393,59,258.5,0.5,258.5,0.5,1
P07_p7n345,47,259.0,0.5,259.0,0.5,1
P04_p4n412,47,259.0,0.5,259.0,0.5,1
P06_p6n345,47,259.0,0.5,259.0,0.5,1
P05_p5n412,47,259.0,0.5,259.0,0.5,1
P03_p3n383,59,259.0,0.5,259.0,0.5,1
P01_p1n394,59,259.0,0.5,259.0,0.5,1
P02_p2n383,59,259.0,0.5,259.0,0.5,1
P00_p0n394,59,259.0,0.5,259.0,0.5,1
