path_idx,score_frame_idx,audio_frame_idx
0,0,0
1,1,1
2,2,2
3,3,3
4,4,4
5,5,5
6,6,6
7,7,7
8,8,8
9,9,9
10,10,10
11,11,11
12,12,12
13,13,13
14,14,14
15,15,15
16,16,16
17,17,17
18,18,18
19,19,19
20,20,20
21,21,21
22,22,22
23,23,23
24,24,24
25,25,25
26,26,26
27,27,27
28,28,28
29,29,29
30,30,30
31,31,31
32,32,32
33,33,33
34,34,34
35,35,35
36,36,36
37,37,37
38,38,38
39,39,39
40,40,40
41,41,41
42,42,42
43,43,43
44,44,44
45,45,44
46,46,44
47,47,45
48,48,46
49,49,47
50,50,48
51,51,49
52,52,50
53,53,51
54,54,52
55,55,53
56,56,54
57,57,55
58,58,56
59,59,57
60,60,58
61,61,59
62,62,60
63,63,60
64,64,60
65,65,61
66,66,62
67,67,63
68,68,64
69,69,65
70,70,66
71,71,67
72,72,68
73,73,69
74,74,70
75,75,71
76,76,72
77,77,73
78,78,74
79,79,75
80,80,76
81,81,77
82,82,78
83,83,79
84,84,80
85,85,81
86,86,82
87,87,82
88,88,82
89,89,82
90,90,82
91,91,82
92,92,82
93,93,82
94,94,82
95,95,82
96,96,82
97,97,82
98,98,82
99,99,82
100,100,82
101,101,82
102,102,82
103,103,82
104,104,82
105,105,82
106,106,82
107,107,82
108,108,82
109,109,82
110,110,82
111,111,82
112,112,82
113,113,82
114,114,82
115,115,82
116,116,83
117,117,84
118,118,85
119,119,86
120,120,87
121,121,88
122,122,89
123,123,90
124,124,91
125,125,92
126,126,93
127,127,94
128,128,95
129,129,96
130,130,97
131,131,98
132,132,99
133,133,100
134,134,101
135,135,102
136,136,103
137,137,104
138,138,105
139,139,106
140,140,107
141,141,108
142,142,109
143,143,110
144,144,111
145,145,112
146,146,113
147,147,114
148,148,115
149,149,116
150,150,117
151,151,118
152,152,119
153,153,120
154,154,121
155,155,122
156,156,123
157,157,124
158,158,125
159,159,126
160,160,127
161,161,128
162,162,129
163,163,129
164,164,129
165,165,129
166,166,129
167,167,129
168,168,129
169,169,129
170,170,129
171,171,129
172,172,129
173,173,130
174,174,131
175,175,132
176,176,133
177,177,134
178,178,135
179,179,136
180,180,137
181,181,137
182,182,137
183,183,137
184,184,138
185,185,139
186,186,140
187,187,141
188,188,142
189,189,143
190,190,144
191,191,145
192,192,146
193,193,147
194,194,148
195,195,149
196,196,150
197,197,151
198,198,152
199,199,153
200,200,154
201,201,155
202,202,156
203,203,157
204,204,158
205,205,159
206,206,160
207,207,160
208,208,160
209,209,160
210,210,160
211,211,160
212,212,160
213,213,160
214,214,160
215,215,160
216,216,160
217,217,160
218,218,160
219,219,160
220,220,160
221,221,160
222,222,160
223,223,160
224,224,160
225,225,160
226,226,160
227,227,160
228,228,160
229,229,160
230,230,160
231,231,160
232,232,160
233,233,160
234,234,160
235,235,160
236,236,160
237,237,160
238,238,160
239,239,160
240,240,160
241,241,160
242,242,161
243,243,162
244,244,163
245,245,164
246,246,165
247,247,166
248,248,167
249,249,168
250,250,169
251,251,170
252,252,171
253,253,172
254,254,173
255,255,174
256,256,175
257,257,176
258,258,177
259,259,178
260,260,179
261,261,180
262,262,181
263,263,182
264,264,183
265,265,184
266,266,185
267,267,186
268,268,187
269,269,188
270,270,189
271,271,190
272,272,191
273,273,192
274,274,193
275,275,194
276,276,195
277,277,196
278,278,197
279,279,198
280,280,199
281,281,200
282,282,201
283,283,202
284,284,202
285,285,202
286,286,202
287,287,202
288,288,202
289,289,202
290,290,202
291,291,202
292,292,203
293,293,204
294,294,205
295,295,206
296,296,207
297,297,208
298,298,209
299,299,210
300,300,211
301,301,212
302,302,213
303,303,214
304,304,215
305,305,216
306,306,217
307,307,218
308,308,219
309,309,220
310,310,221
311,311,222
312,312,223
313,313,224
314,314,225
315,315,226
316,316,227
317,317,228
318,318,229
319,319,230
320,320,231
321,321,232
322,322,233
323,323,234
324,324,235
325,325,236
326,326,237
327,327,238
328,328,239
329,329,240
330,330,241
331,331,242
332,332,242
333,333,242
334,334,242
335,335,242
336,336,242
337,337,242
338,338,242
339,339,242
340,340,242
341,341,242
342,342,242
343,343,242
344,344,242
345,345,242
346,346,242
347,347,242
348,348,242
349,349,242
350,350,242
351,351,242
352,352,242
353,353,242
354,354,242
355,355,242
356,356,242
357,357,242
358,358,242
359,359,242
360,360,243
361,361,244
362,362,245
363,363,246
364,364,246
365,365,246
366,366,246
367,367,246
368,368,246
369,369,246
370,370,246
371,371,246
372,372,246
373,373,246
374,374,246
375,375,247
376,376,248
377,377,249
378,378,250
379,379,251
380,380,252
381,381,253
382,382,254
383,383,255
384,384,256
385,385,257
386,386,258
387,387,259
388,388,260
389,389,260
390,390,260
391,391,260
392,392,260
393,393,261
394,394,262
395,395,263
396,396,264
397,397,265
398,398,266
399,399,267
400,400,268
401,401,269
402,402,270
403,403,271
404,404,272
405,405,273
406,406,274
407,407,275
408,408,276
409,409,277
410,410,278
411,411,279
412,412,280
413,413,280
414,414,280
415,415,280
416,416,281
417,417,282
418,418,283
419,419,284
420,420,285
421,421,286
422,422,286
423,423,286
424,424,286
425,425,286
426,426,286
427,427,286
428,428,286
429,429,286
430,430,286
431,431,287
432,432,288
433,433,289
434,434,290
435,435,291
436,436,292
437,437,293
438,438,294
439,439,295
440,440,296
441,441,297
442,442,298
443,443,299
444,444,300
445,445,301
446,446,302
447,447,303
448,448,304
449,449,305
450,450,306
451,451,307
452,452,308
453,453,309
454,454,310
455,455,311
456,456,312
457,457,313
458,458,314
459,459,315
460,460,316
461,461,317
462,462,318
463,463,319
464,464,320
465,465,321
466,466,322
467,467,323
468,468,324
469,469,325
470,470,326
471,471,327
472,472,328
473,473,329
474,474,330
475,475,331
476,476,331
477,477,331
478,478,331
479,479,331
480,480,331
481,481,331
482,482,331
483,483,331
484,484,331
485,485,331
486,486,331
487,487,331
488,488,331
489,489,331
490,490,331
491,491,331
492,492,331
493,493,331
494,494,331
495,495,331
496,496,331
497,497,331
498,498,331
499,499,331
500,500,331
501,501,331
502,502,331
503,503,331
504,504,331
505,505,331
506,506,331
507,507,331
508,508,332
509,509,333
510,510,334
511,511,335
512,512,336
513,513,337
514,514,338
515,515,339
516,516,340
517,517,341
518,518,342
519,519,343
520,520,344
521,521,345
522,522,346
523,523,347
524,524,348
525,525,348
526,526,348
527,527,348
528,528,348
529,529,348
530,530,348
531,531,348
532,532,348
533,533,348
534,534,348
535,535,349
536,536,350
537,537,351
538,538,352
539,539,353
540,540,354
541,541,355
542,542,356
543,543,357
544,544,358
545,545,358
546,546,358
547,547,358
548,548,358
549,549,358
550,550,358
551,551,358
552,552,358
553,553,359
554,554,360
555,555,361
556,556,362
557,557,363
558,558,364
559,559,365
560,560,366
561,561,367
562,562,368
563,563,369
564,564,370
565,565,371
566,566,372
567,567,373
568,568,374
569,569,375
570,570,376
571,571,377
572,572,378
573,573,379
574,574,380
575,575,381
576,576,382
577,577,383
578,578,384
579,579,385
580,580,386
581,581,387
582,582,388
583,583,389
584,584,390
585,585,391
586,586,392
587,587,392
588,588,392
589,589,392
590,590,392
591,591,392
592,592,392
593,593,392
594,594,392
595,595,392
596,596,392
597,597,392
598,598,392
599,599,392
600,600,392
601,601,392
602,602,392
603,603,392
604,604,392
605,605,392
606,606,392
607,607,393
608,608,394
609,609,395
610,610,396
611,611,397
612,612,398
613,613,399
614,614,400
615,615,401
616,616,402
617,617,403
618,618,404
619,619,405
620,620,406
621,621,407
622,622,408
623,623,409
624,624,410
625,625,411
626,626,412
627,627,413
628,628,414
629,629,415
630,630,416
631,631,417
632,632,418
633,633,419
634,634,420
635,635,421
636,636,422
637,637,423
638,638,424
639,639,425
640,640,426
641,641,427
642,642,428
643,643,429
644,644,430
645,645,431
646,646,431
647,647,431
648,648,431
649,649,431
650,650,431
651,651,431
652,652,431
653,653,431
654,654,431
655,655,431
656,656,431
657,657,431
658,658,432
659,659,433
660,660,434
661,661,434
662,662,434
663,663,434
664,664,434
665,665,435
666,666,436
667,667,437
668,668,438
669,669,439
670,670,440
671,671,441
672,672,442
673,673,443
674,674,444
675,675,445
676,676,446
677,677,447
678,678,448
679,679,449
680,680,450
681,681,451
682,682,452
683,683,453
684,684,454
685,685,455
686,686,456
687,687,457
688,688,458
689,689,459
690,690,460
691,691,461
692,692,462
693,693,463
694,694,464
695,695,465
696,696,466
697,697,467
698,698,468
699,699,469
700,700,470
701,701,471
702,702,472
703,703,473
704,704,474
705,705,475
706,706,476
707,707,477
708,708,478
709,709,479
710,710,480
711,711,481
712,712,482
713,713,482
714,714,482
715,715,482
716,716,482
717,717,482
718,718,482
719,719,482
720,720,482
721,721,482
722,722,482
723,723,482
724,724,482
725,725,482
726,726,482
727,727,482
728,728,482
729,729,482
730,730,482
731,731,482
732,732,482
733,733,482
734,734,482
735,735,482
736,736,482
737,737,482
738,738,482
739,739,482
740,740,482
741,741,482
742,742,483
743,743,484
744,744,485
745,745,486
746,746,487
747,747,488
748,748,489
749,749,490
750,750,491
751,751,492
752,752,493
753,753,494
754,754,495
755,755,496
756,756,497
757,757,498
758,758,499
759,759,500
760,760,501
761,761,502
762,762,503
763,763,503
764,764,503
765,765,503
766,766,503
767,767,503
768,768,503
769,769,503
770,770,503
771,771,504
772,772,505
773,773,506
774,774,507
775,775,508
776,776,509
777,777,510
778,778,511
779,779,512
780,780,513
781,781,514
782,782,515
783,783,516
784,784,517
785,785,518
786,786,519
787,787,520
788,788,521
789,789,522
790,790,523
791,791,523
792,792,523
793,793,523
794,794,523
795,795,523
796,796,523
797,797,524
798,798,525
799,799,526
800,800,527
801,801,528
802,802,529
803,803,530
804,804,531
805,805,531
806,806,531
807,807,531
808,808,531
809,809,531
810,810,531
811,811,531
812,812,531
813,813,531
814,814,531
815,815,531
816,816,532
817,817,533
818,818,534
819,819,535
820,820,536
821,821,537
822,822,538
823,823,539
824,824,540
825,825,541
826,826,542
827,827,543
828,828,544
829,829,545
830,830,546
831,831,547
832,832,548
833,833,548
834,834,548
835,835,548
836,836,549
837,837,550
838,838,551
839,839,552
840,840,553
841,841,554
842,842,555
843,843,556
844,844,557
845,845,558
846,846,558
847,847,559
848,848,560
849,849,561
850,850,562
851,851,563
852,852,564
853,853,565
854,854,566
855,855,567
856,856,568
857,857,569
858,858,570
859,859,571
860,860,572
861,860,573
862,861,574
863,862,575
864,863,576
865,864,577
866,865,578
867,866,579
868,867,580
869,868,581
870,869,582
871,870,583
872,871,584
873,872,585
874,873,586
875,874,587
876,875,588
877,876,589
878,877,590
879,878,591
880,879,592
881,880,593
882,881,594
883,882,595
884,883,596
885,884,597
886,885,598
887,886,599
888,887,600
889,888,601
890,889,602
891,890,603
892,891,604
893,892,605
894,893,606
895,894,607
896,895,608
897,896,609
898,897,610
899,898,611
900,899,612
901,900,613
902,901,614
903,902,615
904,903,616
905,904,617
906,905,618
907,906,619
908,907,620
909,908,621
910,909,622
911,910,623
912,911,624
913,912,625
914,913,626
915,914,627
916,915,628
917,916,629
918,917,630
919,918,631
920,919,632
921,920,633
922,921,634
923,922,635
924,923,636
925,924,637
926,925,638
927,926,639
928,927,640
929,928,641
930,929,642
931,930,643
932,931,644
933,932,645
934,933,646
935,934,647
936,935,648
937,936,649
938,937,650
939,938,651
940,939,652
941,940,653
942,941,654
943,942,655
944,943,656
945,944,657
946,945,658
947,946,659
948,947,660
949,948,661
950,949,662
951,950,663
952,951,664
953,952,665
954,953,666
955,954,667
956,955,668
957,956,669
958,957,670
959,958,671
960,959,672
961,960,673
962,960,674
963,960,675
964,961,676
965,962,677
966,963,678
967,964,679
968,965,680
969,966,681
970,967,682
971,968,683
972,969,684
973,970,685
974,971,686
975,972,687
976,973,688
977,974,689
978,975,690
979,976,691
980,977,692
981,978,693
982,979,694
983,980,695
984,981,696
985,982,697
986,983,698
987,984,699
988,985,700
989,986,701
990,987,702
991,988,703
992,989,704
993,990,705
994,991,706
995,992,707
996,993,708
997,994,709
998,995,710
999,996,711
1000,997,712
1001,998,713
1002,999,714
1003,1000,715
1004,1001,716
1005,1002,717
1006,1003,718
1007,1004,719
1008,1005,720
1009,1006,721
1010,1007,722
1011,1008,723
1012,1009,723
1013,1010,723
1014,1011,723
1015,1012,723
1016,1013,724
1017,1014,725
1018,1015,726
1019,1016,727
1020,1017,728
1021,1018,729
1022,1019,730
1023,1020,731
1024,1021,732
1025,1022,733
1026,1023,734
1027,1024,735
1028,1025,736
1029,1026,737
1030,1027,738
1031,1028,739
1032,1029,740
1033,1030,741
1034,1031,742
1035,1032,742
1036,1033,742
1037,1034,742
1038,1035,742
1039,1036,742
1040,1037,743
1041,1038,744
1042,1039,745
1043,1040,746
1044,1041,747
1045,1042,748
1046,1043,749
1047,1044,750
1048,1045,751
1049,1046,752
1050,1047,753
1051,1048,754
1052,1049,755
1053,1050,756
1054,1051,757
1055,1052,758
1056,1053,759
1057,1054,760
1058,1055,761
1059,1056,762
1060,1057,763
1061,1058,764
1062,1059,765
1063,1060,766
1064,1061,767
1065,1062,768
1066,1063,769
1067,1064,770
1068,1065,771
1069,1066,772
1070,1067,773
1071,1068,774
1072,1069,775
1073,1070,776
1074,1071,777
1075,1072,778
1076,1073,779
1077,1074,780
1078,1075,781
1079,1076,782
1080,1077,783
1081,1078,784
1082,1079,785
1083,1080,786
1084,1081,787
1085,1082,788
1086,1083,789
1087,1084,790
1088,1085,791
1089,1086,792
1090,1087,793
1091,1088,794
1092,1089,794
1093,1090,794
1094,1091,794
1095,1092,794
1096,1093,794
1097,1094,794
1098,1095,794
1099,1096,794
1100,1097,794
1101,1098,794
1102,1099,794
1103,1100,794
1104,1101,794
1105,1102,794
1106,1103,794
1107,1104,794
1108,1105,794
1109,1106,794
1110,1107,794
1111,1108,794
1112,1109,794
1113,1110,794
1114,1111,794
1115,1112,795
1116,1113,796
1117,1114,797
1118,1115,798
1119,1116,799
1120,1117,800
1121,1118,801
1122,1119,802
1123,1120,803
1124,1121,804
1125,1122,805
1126,1123,805
1127,1124,805
1128,1125,805
1129,1126,805
1130,1127,805
1131,1128,805
1132,1129,805
1133,1130,805
1134,1131,805
1135,1132,805
1136,1133,806
1137,1134,807
1138,1135,808
1139,1136,809
1140,1137,810
1141,1138,811
1142,1139,812
1143,1140,813
1144,1141,814
1145,1142,815
1146,1143,816
1147,1144,817
1148,1145,818
1149,1146,819
1150,1147,820
1151,1148,821
1152,1149,822
1153,1150,823
1154,1151,824
1155,1152,825
1156,1153,826
1157,1154,827
1158,1155,828
1159,1156,828
1160,1157,828
1161,1158,829
1162,1159,830
1163,1160,831
1164,1161,832
1165,1162,833
1166,1163,834
1167,1164,835
1168,1165,836
1169,1166,837
1170,1167,838
1171,1168,839
1172,1169,840
1173,1170,841
1174,1171,842
1175,1172,843
1176,1173,844
1177,1174,845
1178,1175,846
1179,1176,847
1180,1177,848
1181,1178,849
1182,1179,850
1183,1180,851
1184,1181,852
1185,1182,853
1186,1183,853
1187,1184,853
1188,1185,853
1189,1186,853
1190,1187,853
1191,1188,853
1192,1189,853
1193,1190,853
1194,1191,853
1195,1192,853
1196,1193,853
1197,1194,853
1198,1195,853
1199,1196,853
1200,1197,853
1201,1198,853
1202,1199,853
1203,1200,853
1204,1201,853
1205,1202,853
1206,1203,853
1207,1204,853
1208,1205,853
1209,1206,853
1210,1207,853
1211,1208,853
1212,1209,853
1213,1210,853
1214,1211,853
1215,1212,853
1216,1213,853
1217,1214,853
1218,1215,853
1219,1216,853
1220,1217,853
1221,1218,853
1222,1219,854
1223,1220,855
1224,1221,856
1225,1222,857
1226,1223,858
1227,1224,859
1228,1225,860
1229,1226,861
1230,1227,862
1231,1228,863
1232,1229,864
1233,1230,865
1234,1231,866
1235,1232,867
1236,1233,868
1237,1234,869
1238,1235,870
1239,1236,871
1240,1237,872
1241,1238,873
1242,1239,874
1243,1240,875
1244,1241,876
1245,1242,877
1246,1243,878
1247,1244,879
1248,1245,880
1249,1246,881
1250,1247,882
1251,1248,883
1252,1249,883
1253,1250,883
1254,1251,883
1255,1252,883
1256,1253,883
1257,1254,883
1258,1255,883
1259,1256,883
1260,1257,883
1261,1258,883
1262,1259,884
1263,1260,885
1264,1261,886
1265,1262,887
1266,1263,888
1267,1264,889
1268,1265,890
1269,1266,891
1270,1267,892
1271,1268,893
1272,1269,894
1273,1270,895
1274,1271,896
1275,1272,896
1276,1273,896
1277,1274,896
1278,1275,896
1279,1276,896
1280,1277,896
1281,1278,897
1282,1279,898
1283,1280,899
1284,1281,900
1285,1282,900
1286,1283,900
1287,1284,900
1288,1285,900
1289,1286,900
1290,1287,900
1291,1288,900
1292,1289,900
1293,1290,900
1294,1291,900
1295,1292,900
1296,1293,900
1297,1294,900
1298,1295,901
1299,1296,902
1300,1297,903
1301,1298,904
1302,1299,905
1303,1300,906
1304,1301,907
1305,1302,908
1306,1303,909
1307,1304,910
1308,1305,911
1309,1306,912
1310,1307,913
1311,1308,914
1312,1309,915
1313,1310,916
1314,1311,916
1315,1312,916
1316,1313,916
1317,1314,916
1318,1315,916
1319,1316,916
1320,1317,916
1321,1318,916
1322,1319,916
1323,1320,917
1324,1321,918
1325,1322,919
1326,1323,920
1327,1324,921
1328,1325,922
1329,1326,923
1330,1327,924
1331,1328,925
1332,1329,926
1333,1330,926
1334,1331,926
1335,1332,926
1336,1333,926
1337,1334,926
1338,1335,926
1339,1336,926
1340,1337,926
1341,1338,926
1342,1339,927
1343,1340,928
1344,1341,929
1345,1342,930
1346,1343,931
1347,1344,932
1348,1345,933
1349,1346,934
1350,1347,935
1351,1348,936
1352,1349,937
1353,1350,937
1354,1351,937
1355,1352,937
1356,1353,938
1357,1354,939
1358,1355,940
1359,1356,941
1360,1357,942
1361,1358,943
1362,1359,944
1363,1360,945
1364,1361,946
1365,1362,947
1366,1363,948
1367,1364,949
1368,1365,950
1369,1366,951
1370,1367,952
1371,1368,953
1372,1369,954
1373,1370,955
1374,1371,956
1375,1372,957
1376,1373,957
1377,1374,957
1378,1375,957
1379,1376,957
1380,1377,958
1381,1378,959
1382,1379,960
1383,1380,961
1384,1381,962
1385,1382,963
1386,1383,964
1387,1384,964
1388,1385,964
1389,1386,964
1390,1387,964
1391,1388,964
1392,1389,964
1393,1390,964
1394,1391,965
1395,1392,966
1396,1393,967
1397,1394,968
1398,1395,969
1399,1396,970
1400,1397,971
1401,1398,972
1402,1399,973
1403,1400,974
1404,1401,975
1405,1402,976
1406,1403,977
1407,1404,978
1408,1405,979
1409,1406,980
1410,1407,981
1411,1408,982
1412,1409,983
1413,1410,984
1414,1411,985
1415,1412,986
1416,1413,987
1417,1414,988
1418,1415,989
1419,1416,990
1420,1417,991
1421,1418,992
1422,1419,993
1423,1420,994
1424,1421,995
1425,1422,996
1426,1423,997
1427,1424,998
1428,1425,999
1429,1426,1000
1430,1427,1001
1431,1428,1002
1432,1429,1003
1433,1430,1004
1434,1431,1005
1435,1432,1006
1436,1433,1006
1437,1434,1006
1438,1435,1006
1439,1436,1006
1440,1437,1006
1441,1438,1006
1442,1439,1006
1443,1440,1006
1444,1441,1006
1445,1442,1006
1446,1443,1006
1447,1444,1006
1448,1445,1006
1449,1446,1006
1450,1447,1006
1451,1448,1006
1452,1449,1006
1453,1450,1006
1454,1451,1006
1455,1452,1006
1456,1453,1006
1457,1454,1006
1458,1455,1006
1459,1456,1006
1460,1457,1006
1461,1458,1006
1462,1459,1006
1463,1460,1006
1464,1461,1006
1465,1462,1006
1466,1463,1006
1467,1464,1006
1468,1465,1006
1469,1466,1006
1470,1467,1006
1471,1468,1007
1472,1469,1008
1473,1470,1009
1474,1471,1010
1475,1472,1011
1476,1473,1012
1477,1474,1013
1478,1475,1014
1479,1476,1015
1480,1477,1016
1481,1478,1017
1482,1479,1018
1483,1480,1019
1484,1481,1020
1485,1482,1021
1486,1483,1022
1487,1484,1022
1488,1485,1022
1489,1486,1022
1490,1487,1022
1491,1488,1022
1492,1489,1022
1493,1490,1022
1494,1491,1023
1495,1492,1024
1496,1493,1025
1497,1494,1026
1498,1495,1027
1499,1496,1028
1500,1497,1029
1501,1498,1030
1502,1499,1031
1503,1500,1032
1504,1501,1033
1505,1502,1034
1506,1503,1035
1507,1504,1036
1508,1505,1037
1509,1506,1038
1510,1507,1039
1511,1508,1039
1512,1509,1039
1513,1510,1039
1514,1511,1039
1515,1512,1039
1516,1513,1039
1517,1514,1039
1518,1515,1039
1519,1516,1039
1520,1517,1039
1521,1518,1039
1522,1519,1040
1523,1520,1041
1524,1521,1042
1525,1522,1043
1526,1523,1044
1527,1524,1045
1528,1525,1046
1529,1526,1047
1530,1527,1048
1531,1528,1049
1532,1529,1050
1533,1530,1051
1534,1531,1052
1535,1532,1053
1536,1533,1054
1537,1534,1055
1538,1535,1056
1539,1536,1057
1540,1537,1058
1541,1538,1059
1542,1539,1060
1543,1540,1061
1544,1541,1062
1545,1542,1063
1546,1543,1064
1547,1544,1065
1548,1545,1066
1549,1546,1067
1550,1547,1068
1551,1548,1069
1552,1549,1069
1553,1550,1069
1554,1551,1069
1555,1552,1069
1556,1553,1069
1557,1554,1069
1558,1555,1069
1559,1556,1069
1560,1557,1069
1561,1558,1069
1562,1559,1069
1563,1560,1069
1564,1561,1069
1565,1562,1069
1566,1563,1069
1567,1564,1069
1568,1565,1069
1569,1566,1069
1570,1567,1069
1571,1568,1069
1572,1569,1069
1573,1570,1069
1574,1571,1069
1575,1572,1069
1576,1573,1069
1577,1574,1069
1578,1575,1069
1579,1576,1069
1580,1577,1069
1581,1578,1069
1582,1579,1069
1583,1580,1070
1584,1581,1071
1585,1582,1072
1586,1583,1073
1587,1584,1074
1588,1585,1075
1589,1586,1076
1590,1587,1077
1591,1588,1078
1592,1589,1079
1593,1590,1080
1594,1591,1081
1595,1592,1082
1596,1593,1083
1597,1594,1084
1598,1595,1085
1599,1596,1086
1600,1597,1087
1601,1598,1088
1602,1599,1089
1603,1600,1090
1604,1601,1091
1605,1602,1092
1606,1603,1093
1607,1604,1094
1608,1605,1095
1609,1606,1096
1610,1607,1097
1611,1608,1098
1612,1609,1099
1613,1610,1100
1614,1611,1101
1615,1612,1101
1616,1613,1101
1617,1614,1101
1618,1615,1101
1619,1616,1101
1620,1617,1101
1621,1618,1101
1622,1619,1102
1623,1620,1103
1624,1621,1104
1625,1622,1105
1626,1623,1106
1627,1624,1107
1628,1625,1108
1629,1626,1109
1630,1627,1110
1631,1628,1111
1632,1629,1112
1633,1630,1113
1634,1631,1114
1635,1632,1115
1636,1633,1116
1637,1634,1117
1638,1635,1117
1639,1636,1117
1640,1637,1117
1641,1638,1117
1642,1639,1118
1643,1640,1119
1644,1641,1120
1645,1642,1121
1646,1643,1122
1647,1644,1123
1648,1645,1124
1649,1646,1125
1650,1647,1126
1651,1648,1127
1652,1649,1128
1653,1650,1129
1654,1651,1130
1655,1652,1131
1656,1653,1132
1657,1654,1133
1658,1655,1134
1659,1656,1135
1660,1657,1136
1661,1658,1137
1662,1659,1138
1663,1660,1139
1664,1661,1140
1665,1662,1141
1666,1663,1142
1667,1664,1143
1668,1665,1144
1669,1666,1145
1670,1667,1146
1671,1668,1147
1672,1669,1148
1673,1670,1149
1674,1671,1150
1675,1672,1151
1676,1673,1152
1677,1674,1153
1678,1675,1154
1679,1676,1155
1680,1677,1155
1681,1678,1155
1682,1679,1155
1683,1680,1155
1684,1681,1155
1685,1682,1155
1686,1683,1155
1687,1684,1155
1688,1685,1155
1689,1686,1155
1690,1687,1155
1691,1688,1156
1692,1689,1157
1693,1690,1158
1694,1691,1159
1695,1692,1160
1696,1693,1161
1697,1694,1162
1698,1695,1163
1699,1696,1164
1700,1697,1165
1701,1698,1166
1702,1699,1167
1703,1700,1168
1704,1701,1169
1705,1702,1170
1706,1703,1171
1707,1704,1172
1708,1705,1173
1709,1706,1174
1710,1707,1175
1711,1708,1176
1712,1709,1177
1713,1710,1178
1714,1711,1179
1715,1712,1180
1716,1713,1181
1717,1714,1182
1718,1715,1183
1719,1716,1184
1720,1717,1185
1721,1718,1186
1722,1719,1187
1723,1720,1188
1724,1721,1189
1725,1722,1190
1726,1723,1191
1727,1724,1192
1728,1725,1193
1729,1726,1193
1730,1727,1194
1731,1728,1195
1732,1729,1196
1733,1730,1197
1734,1731,1198
1735,1732,1199
1736,1733,1200
1737,1734,1201
1738,1735,1202
1739,1736,1203
1740,1737,1204
1741,1738,1205
1742,1739,1206
1743,1740,1207
1744,1741,1208
1745,1742,1209
1746,1743,1210
1747,1744,1211
1748,1745,1212
1749,1746,1213
1750,1747,1214
1751,1748,1215
1752,1749,1216
1753,1750,1217
1754,1751,1218
1755,1752,1219
1756,1753,1220
1757,1754,1221
1758,1755,1222
1759,1756,1223
1760,1757,1224
1761,1758,1225
1762,1759,1226
1763,1760,1227
1764,1761,1228
1765,1762,1229
1766,1763,1230
1767,1764,1231
1768,1765,1232
1769,1766,1233
1770,1767,1234
1771,1768,1235
1772,1769,1236
1773,1770,1237
1774,1771,1238
1775,1772,1239
1776,1773,1240
1777,1774,1241
1778,1775,1242
1779,1776,1242
1780,1777,1242
1781,1778,1242
1782,1779,1242
1783,1780,1243
1784,1781,1244
1785,1782,1245
1786,1783,1246
1787,1784,1247
1788,1785,1248
1789,1786,1249
1790,1787,1250
1791,1788,1251
1792,1789,1252
1793,1790,1253
1794,1791,1253
1795,1792,1253
1796,1793,1253
1797,1794,1253
1798,1795,1253
1799,1796,1253
1800,1797,1253
1801,1798,1254
1802,1799,1255
1803,1800,1256
1804,1801,1257
1805,1802,1258
1806,1803,1259
1807,1804,1260
1808,1805,1261
1809,1806,1262
1810,1807,1263
1811,1808,1264
1812,1809,1265
1813,1810,1266
1814,1811,1266
1815,1812,1266
1816,1813,1266
1817,1814,1266
1818,1815,1266
1819,1816,1266
1820,1817,1266
1821,1818,1266
1822,1819,1267
1823,1820,1268
1824,1821,1269
1825,1822,1270
1826,1823,1271
1827,1824,1272
1828,1825,1273
1829,1826,1274
1830,1827,1275
1831,1828,1276
1832,1829,1277
1833,1830,1278
1834,1831,1279
1835,1832,1280
1836,1833,1280
1837,1834,1280
1838,1835,1280
1839,1836,1280
1840,1837,1280
1841,1838,1280
1842,1839,1281
1843,1840,1282
1844,1841,1283
1845,1842,1284
1846,1843,1285
1847,1844,1286
1848,1845,1287
1849,1846,1288
1850,1847,1289
1851,1848,1290
1852,1849,1291
1853,1850,1292
1854,1851,1293
1855,1852,1294
1856,1853,1295
1857,1854,1296
1858,1855,1297
1859,1856,1298
1860,1857,1299
1861,1858,1300
1862,1859,1301
1863,1860,1302
1864,1861,1303
1865,1862,1304
1866,1863,1305
1867,1864,1306
1868,1865,1307
1869,1866,1308
1870,1867,1309
1871,1868,1310
1872,1869,1311
1873,1870,1312
1874,1871,1313
1875,1872,1314
1876,1873,1315
1877,1874,1316
1878,1875,1317
1879,1876,1318
1880,1877,1319
1881,1878,1320
1882,1879,1321
1883,1880,1322
1884,1881,1323
1885,1882,1324
1886,1883,1325
1887,1884,1326
1888,1885,1327
1889,1886,1328
1890,1887,1329
1891,1888,1330
1892,1889,1331
1893,1890,1332
1894,1891,1333
1895,1892,1334
1896,1893,1335
1897,1894,1336
1898,1895,1337
1899,1896,1338
1900,1897,1339
1901,1898,1340
1902,1899,1341
1903,1900,1342
1904,1901,1343
1905,1902,1344
1906,1903,1345
1907,1904,1346
1908,1905,1347
1909,1906,1348
1910,1907,1349
1911,1908,1350
1912,1909,1351
1913,1910,1352
1914,1911,1353
1915,1912,1354
1916,1913,1355
1917,1914,1356
1918,1915,1357
1919,1916,1358
1920,1917,1359
1921,1918,1360
1922,1919,1361
1923,1920,1362
1924,1921,1363
1925,1922,1364
1926,1923,1365
1927,1924,1366
1928,1925,1367
1929,1926,1368
1930,1927,1369
1931,1928,1370
1932,1929,1371
1933,1930,1372
1934,1931,1373
1935,1932,1374
1936,1933,1375
1937,1934,1376
1938,1935,1377
1939,1936,1378
1940,1937,1379
1941,1938,1379
1942,1939,1379
1943,1940,1379
1944,1941,1379
1945,1942,1379
1946,1943,1379
1947,1944,1379
1948,1945,1379
1949,1946,1379
1950,1947,1379
1951,1948,1379
1952,1949,1380
1953,1950,1381
1954,1951,1382
1955,1952,1383
1956,1953,1384
1957,1954,1385
1958,1955,1386
1959,1956,1387
1960,1957,1388
1961,1958,1389
1962,1959,1390
1963,1960,1391
1964,1960,1392
1965,1960,1393
1966,1960,1394
1967,1960,1395
1968,1960,1396
1969,1960,1397
1970,1960,1398
1971,1961,1399
1972,1962,1400
1973,1963,1401
1974,1964,1402
1975,1965,1403
1976,1966,1404
1977,1967,1405
1978,1968,1406
1979,1969,1407
1980,1970,1408
1981,1971,1409
1982,1972,1410
1983,1973,1411
1984,1974,1412
1985,1975,1413
1986,1976,1414
1987,1977,1415
1988,1978,1416
1989,1979,1417
1990,1980,1418
1991,1981,1418
1992,1982,1418
1993,1983,1419
1994,1984,1420
1995,1985,1421
1996,1986,1422
1997,1987,1423
1998,1988,1424
1999,1989,1425
2000,1990,1426
2001,1991,1427
2002,1992,1428
2003,1993,1429
2004,1994,1430
2005,1995,1431
2006,1996,1432
2007,1997,1433
2008,1998,1434
2009,1999,1435
2010,2000,1436
2011,2001,1437
2012,2002,1438
2013,2003,1439
2014,2004,1440
2015,2005,1441
2016,2006,1442
2017,2007,1442
2018,2008,1442
2019,2009,1442
2020,2010,1442
2021,2011,1442
2022,2012,1443
2023,2013,1444
2024,2014,1445
2025,2015,1446
2026,2016,1447
2027,2017,1448
2028,2018,1449
2029,2019,1450
2030,2020,1451
2031,2021,1452
2032,2022,1453
2033,2023,1454
2034,2024,1455
2035,2025,1456
2036,2026,1457
2037,2027,1458
2038,2028,1459
2039,2029,1460
2040,2030,1461
2041,2031,1462
2042,2032,1463
2043,2033,1464
2044,2034,1465
2045,2035,1466
2046,2036,1467
2047,2037,1467
2048,2038,1467
2049,2039,1467
2050,2040,1467
2051,2041,1467
2052,2042,1467
2053,2043,1467
2054,2044,1467
2055,2045,1467
2056,2046,1467
2057,2047,1467
2058,2048,1467
2059,2049,1467
2060,2050,1467
2061,2051,1467
2062,2052,1467
2063,2053,1467
2064,2054,1467
2065,2055,1468
2066,2056,1469
2067,2057,1470
2068,2058,1471
2069,2059,1472
2070,2060,1473
2071,2061,1474
2072,2062,1475
2073,2063,1476
2074,2064,1477
2075,2065,1478
2076,2066,1479
2077,2067,1480
2078,2068,1481
2079,2069,1482
2080,2070,1483
2081,2071,1484
2082,2072,1485
2083,2073,1486
2084,2074,1487
2085,2075,1488
2086,2076,1489
2087,2077,1490
2088,2078,1491
2089,2079,1492
2090,2080,1493
2091,2081,1493
2092,2082,1493
2093,2083,1493
2094,2084,1493
2095,2085,1493
2096,2086,1493
2097,2087,1493
2098,2088,1493
2099,2089,1493
2100,2090,1493
2101,2091,1493
2102,2092,1493
2103,2093,1493
2104,2094,1493
2105,2095,1493
2106,2096,1493
2107,2097,1493
2108,2098,1493
2109,2099,1493
2110,2100,1494
2111,2101,1495
2112,2102,1495
2113,2103,1495
2114,2104,1495
2115,2105,1495
2116,2106,1495
2117,2107,1495
2118,2108,1495
2119,2109,1495
2120,2110,1495
2121,2111,1495
2122,2112,1495
2123,2113,1496
2124,2114,1497
2125,2115,1498
2126,2116,1499
2127,2117,1500
2128,2118,1501
2129,2119,1502
2130,2120,1503
2131,2121,1503
2132,2122,1503
2133,2123,1503
2134,2124,1503
2135,2125,1503
2136,2126,1503
2137,2127,1503
2138,2128,1503
2139,2129,1503
2140,2130,1504
2141,2131,1505
2142,2132,1506
2143,2133,1507
2144,2134,1508
2145,2135,1509
2146,2136,1510
2147,2137,1511
2148,2138,1512
2149,2139,1513
2150,2140,1514
2151,2141,1515
2152,2142,1516
2153,2143,1517
2154,2144,1518
2155,2145,1519
2156,2146,1520
2157,2147,1521
2158,2148,1522
2159,2149,1523
2160,2150,1524
2161,2151,1525
2162,2152,1526
2163,2153,1527
2164,2154,1528
2165,2155,1529
2166,2156,1530
2167,2157,1531
2168,2158,1532
2169,2159,1533
2170,2160,1534
2171,2161,1535
2172,2162,1536
2173,2163,1537
2174,2164,1538
2175,2165,1539
2176,2166,1540
2177,2167,1541
2178,2168,1542
2179,2169,1543
2180,2170,1544
2181,2171,1545
2182,2172,1546
2183,2173,1547
2184,2174,1548
2185,2175,1548
2186,2176,1548
2187,2177,1548
2188,2178,1548
2189,2179,1548
2190,2180,1548
2191,2181,1548
2192,2182,1548
2193,2183,1548
2194,2184,1548
2195,2185,1548
2196,2186,1548
2197,2187,1548
2198,2188,1548
2199,2189,1548
2200,2190,1548
2201,2191,1548
2202,2192,1548
2203,2193,1548
2204,2194,1548
2205,2195,1548
2206,2196,1548
2207,2197,1548
2208,2198,1548
2209,2199,1548
2210,2200,1548
2211,2201,1548
2212,2202,1548
2213,2203,1548
2214,2204,1548
2215,2205,1548
2216,2206,1548
2217,2207,1548
2218,2208,1548
2219,2209,1548
2220,2210,1548
2221,2211,1548
2222,2212,1548
2223,2213,1548
2224,2214,1548
2225,2215,1548
2226,2216,1548
2227,2217,1548
2228,2218,1548
2229,2219,1549
2230,2220,1550
2231,2221,1551
2232,2222,1552
2233,2223,1553
2234,2224,1554
2235,2225,1555
2236,2226,1556
2237,2227,1557
2238,2228,1558
2239,2229,1559
2240,2230,1559
2241,2231,1559
2242,2232,1559
2243,2233,1559
2244,2234,1559
2245,2235,1559
2246,2236,1559
2247,2237,1559
2248,2238,1559
2249,2239,1559
2250,2240,1560
2251,2241,1561
2252,2242,1562
2253,2243,1562
2254,2244,1562
2255,2245,1562
2256,2246,1562
2257,2247,1562
2258,2248,1562
2259,2249,1562
2260,2250,1562
2261,2251,1562
2262,2252,1562
2263,2253,1562
2264,2254,1562
2265,2255,1563
2266,2256,1564
2267,2257,1565
2268,2258,1566
2269,2259,1567
2270,2260,1568
2271,2261,1569
2272,2262,1570
2273,2263,1571
2274,2264,1572
2275,2265,1573
2276,2266,1574
2277,2267,1575
2278,2268,1576
2279,2269,1577
2280,2270,1578
2281,2271,1578
2282,2272,1578
2283,2273,1578
2284,2274,1578
2285,2275,1578
2286,2276,1578
2287,2277,1578
2288,2278,1578
2289,2279,1579
2290,2280,1580
2291,2281,1581
2292,2282,1582
2293,2283,1583
2294,2284,1584
2295,2285,1585
2296,2286,1586
2297,2287,1587
2298,2288,1588
2299,2289,1589
2300,2290,1589
2301,2291,1589
2302,2292,1589
2303,2293,1589
2304,2294,1589
2305,2295,1589
2306,2296,1589
2307,2297,1589
2308,2298,1589
2309,2299,1589
2310,2300,1589
2311,2301,1589
2312,2302,1589
2313,2303,1589
2314,2304,1589
2315,2305,1589
2316,2306,1589
2317,2307,1589
2318,2308,1589
2319,2309,1589
2320,2310,1589
2321,2311,1589
2322,2312,1589
2323,2313,1589
2324,2314,1589
2325,2315,1589
2326,2316,1589
2327,2317,1589
2328,2318,1589
2329,2319,1590
2330,2320,1591
2331,2321,1592
2332,2322,1592
2333,2323,1592
2334,2324,1592
2335,2325,1592
2336,2326,1592
2337,2327,1593
2338,2328,1594
2339,2329,1595
2340,2330,1596
2341,2331,1597
2342,2332,1598
2343,2333,1599
2344,2334,1600
2345,2335,1601
2346,2336,1602
2347,2337,1603
2348,2338,1604
2349,2339,1605
2350,2340,1606
2351,2341,1607
2352,2342,1608
2353,2343,1609
2354,2344,1610
2355,2345,1611
2356,2346,1612
2357,2347,1613
2358,2348,1614
2359,2349,1615
2360,2350,1616
2361,2351,1616
2362,2352,1616
2363,2353,1616
2364,2354,1616
2365,2355,1616
2366,2356,1616
2367,2357,1616
2368,2358,1616
2369,2359,1616
2370,2360,1616
2371,2361,1616
2372,2362,1616
2373,2363,1616
2374,2364,1616
2375,2365,1616
2376,2366,1616
2377,2367,1616
2378,2368,1616
2379,2369,1616
2380,2370,1616
2381,2371,1616
2382,2372,1617
2383,2373,1618
2384,2374,1619
2385,2375,1620
2386,2376,1621
2387,2377,1622
2388,2378,1623
2389,2379,1624
2390,2380,1625
2391,2381,1626
2392,2382,1626
2393,2383,1626
2394,2384,1626
2395,2385,1626
2396,2386,1626
2397,2387,1626
2398,2388,1626
2399,2389,1626
2400,2390,1626
2401,2391,1627
2402,2392,1628
2403,2393,1629
2404,2394,1630
2405,2395,1631
2406,2396,1632
2407,2397,1633
2408,2398,1634
2409,2399,1635
2410,2400,1636
2411,2401,1637
2412,2402,1638
2413,2403,1639
2414,2404,1640
2415,2405,1641
2416,2406,1642
2417,2407,1643
2418,2408,1644
2419,2409,1645
2420,2410,1646
2421,2411,1647
2422,2412,1648
2423,2413,1649
2424,2414,1649
2425,2415,1649
2426,2416,1649
2427,2417,1649
2428,2418,1649
2429,2419,1649
2430,2420,1649
2431,2421,1649
2432,2422,1649
2433,2423,1649
2434,2424,1649
2435,2425,1650
2436,2426,1651
2437,2427,1652
2438,2428,1653
2439,2429,1654
2440,2430,1655
2441,2431,1656
2442,2432,1657
2443,2433,1658
2444,2434,1659
2445,2435,1660
2446,2436,1661
2447,2437,1662
2448,2438,1663
2449,2439,1664
2450,2440,1665
2451,2441,1666
2452,2442,1667
2453,2443,1668
2454,2444,1668
2455,2445,1668
2456,2446,1668
2457,2447,1668
2458,2448,1668
2459,2449,1668
2460,2450,1668
2461,2451,1669
2462,2452,1670
2463,2453,1671
2464,2454,1672
2465,2455,1672
2466,2456,1672
2467,2457,1673
2468,2458,1674
2469,2459,1675
2470,2460,1676
2471,2461,1677
2472,2462,1678
2473,2463,1679
2474,2464,1680
2475,2465,1681
2476,2466,1682
2477,2467,1683
2478,2468,1684
2479,2469,1685
2480,2470,1686
2481,2471,1687
2482,2472,1687
2483,2473,1687
2484,2474,1687
2485,2475,1687
2486,2476,1687
2487,2477,1687
2488,2478,1687
2489,2479,1687
2490,2480,1687
2491,2481,1688
2492,2482,1689
2493,2483,1690
2494,2484,1691
2495,2485,1691
2496,2486,1691
2497,2487,1691
2498,2488,1691
2499,2489,1692
2500,2490,1692
2501,2491,1692
2502,2492,1692
2503,2493,1692
2504,2494,1693
2505,2495,1694
2506,2496,1695
2507,2497,1696
2508,2498,1697
2509,2499,1698
2510,2500,1699
2511,2501,1699
2512,2502,1699
2513,2503,1699
2514,2504,1699
2515,2505,1700
2516,2506,1701
2517,2507,1702
2518,2508,1702
2519,2509,1702
2520,2510,1702
2521,2511,1702
2522,2512,1703
2523,2513,1704
2524,2514,1705
2525,2515,1706
2526,2516,1707
2527,2517,1708
2528,2518,1709
2529,2519,1710
2530,2520,1711
2531,2521,1712
2532,2522,1713
2533,2523,1714
2534,2524,1714
2535,2525,1714
2536,2526,1714
2537,2527,1714
2538,2528,1714
2539,2529,1714
2540,2530,1714
2541,2531,1714
2542,2532,1714
2543,2533,1714
2544,2534,1714
2545,2535,1714
2546,2536,1714
2547,2537,1714
2548,2538,1714
2549,2539,1714
2550,2540,1714
2551,2541,1714
2552,2542,1714
2553,2543,1714
2554,2544,1714
2555,2545,1714
2556,2546,1714
2557,2547,1715
2558,2548,1716
2559,2549,1717
2560,2550,1718
2561,2551,1719
2562,2552,1720
2563,2553,1721
2564,2554,1722
2565,2555,1723
2566,2556,1724
2567,2557,1725
2568,2558,1726
2569,2559,1727
2570,2560,1728
2571,2561,1729
2572,2562,1730
2573,2563,1731
2574,2564,1732
2575,2565,1733
2576,2566,1734
2577,2567,1735
2578,2568,1736
2579,2569,1737
2580,2570,1738
2581,2571,1739
2582,2572,1740
2583,2573,1741
2584,2574,1742
2585,2575,1742
2586,2576,1742
2587,2577,1742
2588,2578,1742
2589,2579,1742
2590,2580,1743
2591,2581,1743
2592,2582,1743
2593,2583,1743
2594,2584,1743
2595,2585,1743
2596,2586,1743
2597,2587,1743
2598,2588,1743
2599,2589,1743
2600,2590,1743
2601,2591,1743
2602,2592,1743
2603,2593,1743
2604,2594,1743
2605,2595,1743
2606,2596,1743
2607,2597,1743
2608,2598,1743
2609,2599,1744
2610,2600,1745
2611,2601,1746
2612,2602,1747
2613,2603,1748
2614,2604,1748
2615,2605,1748
2616,2606,1748
2617,2607,1748
2618,2608,1748
2619,2609,1748
2620,2610,1748
2621,2611,1748
2622,2612,1748
2623,2613,1748
2624,2614,1748
2625,2615,1748
2626,2616,1748
2627,2617,1748
2628,2618,1748
2629,2619,1748
2630,2620,1749
2631,2621,1750
2632,2622,1751
2633,2623,1752
2634,2624,1753
2635,2625,1754
2636,2626,1755
2637,2627,1756
2638,2628,1756
2639,2629,1756
2640,2630,1756
2641,2631,1756
2642,2632,1756
2643,2633,1756
2644,2634,1756
2645,2635,1757
2646,2636,1758
2647,2637,1759
2648,2638,1760
2649,2639,1761
2650,2640,1762
2651,2641,1763
2652,2642,1764
2653,2643,1765
2654,2644,1766
2655,2645,1767
2656,2646,1768
2657,2647,1769
2658,2648,1769
2659,2649,1769
2660,2650,1769
2661,2651,1769
2662,2652,1769
2663,2653,1769
2664,2654,1769
2665,2655,1769
2666,2656,1769
2667,2657,1769
2668,2658,1769
2669,2659,1769
2670,2660,1769
2671,2661,1769
2672,2662,1769
2673,2663,1769
2674,2664,1769
2675,2665,1769
2676,2666,1769
2677,2667,1769
2678,2668,1769
2679,2669,1769
2680,2670,1769
2681,2671,1769
2682,2672,1769
2683,2673,1769
2684,2674,1769
2685,2675,1769
2686,2676,1769
2687,2677,1769
2688,2678,1769
2689,2679,1769
2690,2680,1770
2691,2681,1771
2692,2682,1772
2693,2683,1773
2694,2684,1774
2695,2685,1775
2696,2686,1776
2697,2687,1777
2698,2688,1778
2699,2689,1779
2700,2690,1780
2701,2691,1781
2702,2692,1782
2703,2693,1783
2704,2694,1784
2705,2695,1785
2706,2696,1786
2707,2697,1787
2708,2698,1788
2709,2699,1789
2710,2700,1790
2711,2701,1791
2712,2702,1792
2713,2703,1793
2714,2704,1794
2715,2705,1795
2716,2706,1796
2717,2707,1797
2718,2708,1798
2719,2709,1799
2720,2710,1800
2721,2711,1801
2722,2712,1802
2723,2713,1803
2724,2714,1803
2725,2715,1803
2726,2716,1803
2727,2717,1803
2728,2718,1803
2729,2719,1803
2730,2720,1804
2731,2721,1805
2732,2722,1805
2733,2723,1805
2734,2724,1805
2735,2725,1805
2736,2726,1805
2737,2727,1805
2738,2728,1805
2739,2729,1805
2740,2730,1805
2741,2731,1805
2742,2732,1805
2743,2733,1805
2744,2734,1805
2745,2735,1805
2746,2736,1805
2747,2737,1805
2748,2738,1805
2749,2739,1805
2750,2740,1805
2751,2741,1805
2752,2742,1805
2753,2743,1805
2754,2744,1805
2755,2745,1805
2756,2746,1805
2757,2747,1805
2758,2748,1805
2759,2749,1805
2760,2750,1805
2761,2751,1805
2762,2752,1805
2763,2753,1805
2764,2754,1805
2765,2755,1806
2766,2756,1807
2767,2757,1808
2768,2758,1809
2769,2759,1810
2770,2760,1811
2771,2761,1812
2772,2762,1813
2773,2763,1814
2774,2764,1815
2775,2765,1816
2776,2766,1817
2777,2767,1818
2778,2768,1819
2779,2769,1820
2780,2770,1821
2781,2771,1822
2782,2772,1823
2783,2773,1824
2784,2774,1825
2785,2775,1826
2786,2776,1827
2787,2777,1828
2788,2778,1829
2789,2779,1830
2790,2780,1831
2791,2781,1832
2792,2782,1833
2793,2783,1834
2794,2784,1835
2795,2785,1836
2796,2786,1837
2797,2787,1838
2798,2788,1839
2799,2789,1840
2800,2790,1841
2801,2791,1842
2802,2792,1843
2803,2793,1844
2804,2794,1845
2805,2795,1846
2806,2796,1847
2807,2797,1848
2808,2798,1849
2809,2799,1850
2810,2800,1851
2811,2801,1852
2812,2802,1853
2813,2803,1854
2814,2804,1855
2815,2805,1855
2816,2806,1855
2817,2807,1855
2818,2808,1855
2819,2809,1855
2820,2810,1855
2821,2811,1855
2822,2812,1855
2823,2813,1855
2824,2814,1855
2825,2815,1855
2826,2816,1855
2827,2817,1855
2828,2818,1855
2829,2819,1855
2830,2820,1856
2831,2821,1857
2832,2822,1858
2833,2823,1859
2834,2824,1860
2835,2825,1861
2836,2826,1862
2837,2827,1863
2838,2828,1864
2839,2829,1865
2840,2830,1866
2841,2831,1867
2842,2832,1868
2843,2833,1869
2844,2834,1870
2845,2835,1871
2846,2836,1872
2847,2837,1873
2848,2838,1874
2849,2839,1875
2850,2840,1876
2851,2841,1877
2852,2842,1878
2853,2843,1879
2854,2844,1880
2855,2845,1881
2856,2846,1882
2857,2847,1882
2858,2848,1882
2859,2849,1882
2860,2850,1882
2861,2851,1882
2862,2852,1882
2863,2853,1882
2864,2854,1882
2865,2855,1883
2866,2856,1884
2867,2857,1885
2868,2858,1886
2869,2859,1887
2870,2860,1888
2871,2861,1889
2872,2862,1890
2873,2863,1891
2874,2864,1892
2875,2865,1893
2876,2866,1894
2877,2867,1895
2878,2868,1896
2879,2869,1897
2880,2870,1898
2881,2871,1899
2882,2872,1900
2883,2873,1901
2884,2874,1902
2885,2875,1903
2886,2876,1904
2887,2877,1905
2888,2878,1906
2889,2879,1907
2890,2880,1908
2891,2881,1909
2892,2882,1909
2893,2883,1909
2894,2884,1909
2895,2885,1909
2896,2886,1909
2897,2887,1910
2898,2888,1911
2899,2889,1912
2900,2890,1913
2901,2891,1914
2902,2892,1915
2903,2893,1916
2904,2894,1917
2905,2895,1918
2906,2896,1919
2907,2897,1920
2908,2898,1921
2909,2899,1922
2910,2900,1923
2911,2901,1924
2912,2902,1925
2913,2903,1926
2914,2904,1927
2915,2905,1928
2916,2906,1929
2917,2907,1930
2918,2908,1931
2919,2909,1932
2920,2910,1933
2921,2911,1934
2922,2912,1935
2923,2913,1936
2924,2914,1937
2925,2915,1938
2926,2916,1939
2927,2917,1940
2928,2918,1941
2929,2919,1942
2930,2920,1943
2931,2921,1944
2932,2922,1945
2933,2923,1946
2934,2924,1947
2935,2925,1947
2936,2926,1947
2937,2927,1947
2938,2928,1947
2939,2929,1948
2940,2930,1949
2941,2931,1950
2942,2932,1951
2943,2933,1952
2944,2934,1953
2945,2935,1954
2946,2936,1955
2947,2937,1956
2948,2938,1957
2949,2939,1958
2950,2940,1959
2951,2941,1960
2952,2942,1960
2953,2943,1960
2954,2944,1960
2955,2945,1960
2956,2946,1960
2957,2947,1960
2958,2948,1961
2959,2949,1962
2960,2950,1963
2961,2951,1964
2962,2952,1965
2963,2953,1966
2964,2954,1967
2965,2955,1968
2966,2956,1969
2967,2957,1970
2968,2958,1971
2969,2959,1972
2970,2960,1973
2971,2961,1974
2972,2962,1975
2973,2963,1976
2974,2964,1977
2975,2965,1978
2976,2966,1978
2977,2967,1978
2978,2968,1978
2979,2969,1978
2980,2970,1978
2981,2971,1978
2982,2972,1978
2983,2973,1978
2984,2974,1978
2985,2975,1978
2986,2976,1979
2987,2977,1980
2988,2978,1981
2989,2979,1982
2990,2980,1983
2991,2981,1984
2992,2982,1985
2993,2983,1986
2994,2984,1987
2995,2985,1988
2996,2986,1989
2997,2987,1990
2998,2988,1991
2999,2989,1992
3000,2990,1993
3001,2991,1994
3002,2992,1995
3003,2993,1996
3004,2994,1997
3005,2995,1997
3006,2996,1997
3007,2997,1997
3008,2998,1997
3009,2999,1997
3010,3000,1997
3011,3001,1997
3012,3002,1997
3013,3003,1997
3014,3004,1997
3015,3005,1997
3016,3006,1997
3017,3007,1997
3018,3008,1997
3019,3009,1997
3020,3010,1997
3021,3011,1997
3022,3012,1997
3023,3013,1997
3024,3014,1997
3025,3015,1997
3026,3016,1997
3027,3017,1997
3028,3018,1998
3029,3019,1999
3030,3020,2000
3031,3021,2000
3032,3022,2000
3033,3023,2000
3034,3024,2001
3035,3025,2002
3036,3026,2003
3037,3027,2004
3038,3028,2005
3039,3029,2006
3040,3030,2007
3041,3031,2008
3042,3032,2009
3043,3033,2010
3044,3034,2011
3045,3035,2012
3046,3036,2013
3047,3037,2014
3048,3038,2015
3049,3039,2016
3050,3040,2017
3051,3041,2018
3052,3042,2018
3053,3043,2018
3054,3044,2018
3055,3045,2018
3056,3046,2018
3057,3047,2018
3058,3048,2018
3059,3049,2018
3060,3050,2018
3061,3051,2018
3062,3052,2018
3063,3053,2018
3064,3054,2018
3065,3055,2018
3066,3056,2018
3067,3057,2018
3068,3058,2018
3069,3059,2018
3070,3060,2019
3071,3061,2020
3072,3062,2021
3073,3063,2021
3074,3064,2021
3075,3065,2021
3076,3066,2021
3077,3067,2021
3078,3068,2021
3079,3069,2021
3080,3070,2021
3081,3071,2021
3082,3072,2021
3083,3073,2021
3084,3074,2022
3085,3075,2023
3086,3076,2024
3087,3077,2025
3088,3078,2026
3089,3079,2027
3090,3080,2028
3091,3081,2029
3092,3082,2030
3093,3083,2031
3094,3084,2031
3095,3085,2031
3096,3086,2031
3097,3087,2031
3098,3088,2031
3099,3089,2031
3100,3090,2031
3101,3091,2031
3102,3092,2031
3103,3093,2031
3104,3094,2031
3105,3095,2032
3106,3096,2033
3107,3097,2034
3108,3098,2035
3109,3099,2036
3110,3100,2037
3111,3101,2038
3112,3102,2039
3113,3103,2040
3114,3104,2041
3115,3105,2042
3116,3106,2043
3117,3107,2044
3118,3108,2045
3119,3109,2046
3120,3110,2047
3121,3111,2048
3122,3112,2049
3123,3113,2050
3124,3114,2050
3125,3115,2050
3126,3116,2050
3127,3117,2050
3128,3118,2050
3129,3119,2050
3130,3120,2051
3131,3121,2052
3132,3122,2052
3133,3123,2052
3134,3124,2052
3135,3125,2052
3136,3126,2052
3137,3127,2052
3138,3128,2052
3139,3129,2052
3140,3130,2052
3141,3131,2052
3142,3132,2052
3143,3133,2052
3144,3134,2052
3145,3135,2052
3146,3136,2052
3147,3137,2052
3148,3138,2052
3149,3139,2052
3150,3140,2052
3151,3141,2052
3152,3142,2052
3153,3143,2052
3154,3144,2052
3155,3145,2052
3156,3146,2052
3157,3147,2052
3158,3148,2052
3159,3149,2052
3160,3150,2052
3161,3151,2052
3162,3152,2052
3163,3153,2052
3164,3154,2052
3165,3155,2052
3166,3156,2052
3167,3157,2052
3168,3158,2052
3169,3159,2052
3170,3160,2053
3171,3161,2053
3172,3162,2053
3173,3163,2054
3174,3164,2055
3175,3165,2056
3176,3166,2057
3177,3167,2058
3178,3168,2059
3179,3169,2060
3180,3170,2061
3181,3171,2062
3182,3172,2063
3183,3173,2064
3184,3174,2065
3185,3175,2066
3186,3176,2067
3187,3177,2068
3188,3178,2069
3189,3179,2070
3190,3180,2071
3191,3181,2072
3192,3182,2073
3193,3183,2074
3194,3184,2075
3195,3185,2076
3196,3186,2077
3197,3187,2078
3198,3188,2079
3199,3189,2080
3200,3190,2080
3201,3191,2080
3202,3192,2080
3203,3193,2080
3204,3194,2080
3205,3195,2080
3206,3196,2080
3207,3197,2080
3208,3198,2080
3209,3199,2080
3210,3200,2081
3211,3201,2082
3212,3202,2083
3213,3203,2083
3214,3204,2083
3215,3205,2083
3216,3206,2083
3217,3207,2083
3218,3208,2083
3219,3209,2083
3220,3210,2083
3221,3211,2083
3222,3212,2083
3223,3213,2083
3224,3214,2083
3225,3215,2084
3226,3216,2085
3227,3217,2086
3228,3218,2087
3229,3219,2088
3230,3220,2089
3231,3221,2090
3232,3222,2091
3233,3223,2092
3234,3224,2093
3235,3225,2094
3236,3226,2095
3237,3227,2096
3238,3228,2097
3239,3229,2098
3240,3230,2099
3241,3231,2100
3242,3232,2101
3243,3233,2101
3244,3234,2101
3245,3235,2101
3246,3236,2101
3247,3237,2101
3248,3238,2101
3249,3239,2101
3250,3240,2102
3251,3241,2103
3252,3242,2104
3253,3243,2105
3254,3244,2106
3255,3245,2107
3256,3246,2108
3257,3247,2109
3258,3248,2110
3259,3249,2111
3260,3250,2112
3261,3251,2113
3262,3252,2114
3263,3253,2114
3264,3254,2114
3265,3255,2114
3266,3256,2114
3267,3257,2114
3268,3258,2114
3269,3259,2114
3270,3260,2114
3271,3261,2114
3272,3262,2114
3273,3263,2114
3274,3264,2114
3275,3265,2114
3276,3266,2114
3277,3267,2114
3278,3268,2114
3279,3269,2114
3280,3270,2114
3281,3271,2114
3282,3272,2114
3283,3273,2114
3284,3274,2114
3285,3275,2114
3286,3276,2114
3287,3277,2114
3288,3278,2114
3289,3279,2114
3290,3280,2114
3291,3281,2114
3292,3282,2114
3293,3283,2114
3294,3284,2114
3295,3285,2114
3296,3286,2114
3297,3287,2115
3298,3288,2116
3299,3289,2117
3300,3290,2118
3301,3291,2119
3302,3292,2120
3303,3293,2121
3304,3294,2122
3305,3295,2123
3306,3296,2124
3307,3297,2125
3308,3298,2126
3309,3299,2127
3310,3300,2128
3311,3301,2129
3312,3302,2130
3313,3303,2131
3314,3304,2132
3315,3305,2133
3316,3306,2134
3317,3307,2135
3318,3308,2136
3319,3309,2137
3320,3310,2138
3321,3311,2138
3322,3312,2138
3323,3313,2138
3324,3314,2138
3325,3315,2138
3326,3316,2138
3327,3317,2138
3328,3318,2138
3329,3319,2138
3330,3320,2139
3331,3321,2139
3332,3322,2139
3333,3323,2139
3334,3324,2139
3335,3325,2139
3336,3326,2139
3337,3327,2139
3338,3328,2139
3339,3329,2139
3340,3330,2139
3341,3331,2139
3342,3332,2140
3343,3333,2141
3344,3334,2142
3345,3335,2143
3346,3336,2144
3347,3337,2145
3348,3338,2146
3349,3339,2147
3350,3340,2148
3351,3341,2148
3352,3342,2148
3353,3343,2148
3354,3344,2148
3355,3345,2148
3356,3346,2148
3357,3347,2148
3358,3348,2148
3359,3349,2149
3360,3350,2150
3361,3351,2151
3362,3352,2152
3363,3353,2153
3364,3354,2154
3365,3355,2155
3366,3356,2156
3367,3357,2157
3368,3358,2158
3369,3359,2159
3370,3360,2160
3371,3361,2161
3372,3362,2162
3373,3363,2163
3374,3364,2164
3375,3365,2165
3376,3366,2166
3377,3367,2167
3378,3368,2168
3379,3369,2169
3380,3370,2170
3381,3371,2171
3382,3372,2172
3383,3373,2173
3384,3374,2174
3385,3375,2175
3386,3376,2175
3387,3377,2175
3388,3378,2175
3389,3379,2175
3390,3380,2175
3391,3381,2175
3392,3382,2175
3393,3383,2175
3394,3384,2175
3395,3385,2175
3396,3386,2175
3397,3387,2175
3398,3388,2175
3399,3389,2175
3400,3390,2175
3401,3391,2175
3402,3392,2176
3403,3393,2177
3404,3394,2178
3405,3395,2179
3406,3396,2180
3407,3397,2181
3408,3398,2182
3409,3399,2183
3410,3400,2184
3411,3401,2185
3412,3402,2186
3413,3403,2187
3414,3404,2188
3415,3405,2189
3416,3406,2190
3417,3407,2190
3418,3408,2190
3419,3409,2191
3420,3410,2192
3421,3411,2193
3422,3412,2194
3423,3413,2195
3424,3414,2196
3425,3415,2197
3426,3416,2198
3427,3417,2199
3428,3418,2199
3429,3419,2199
3430,3420,2199
3431,3421,2199
3432,3422,2199
3433,3423,2200
3434,3424,2201
3435,3425,2202
3436,3426,2203
3437,3427,2204
3438,3428,2205
3439,3429,2206
3440,3430,2207
3441,3431,2208
3442,3432,2209
3443,3433,2210
3444,3434,2211
3445,3435,2211
3446,3436,2211
3447,3437,2211
3448,3438,2211
3449,3439,2211
3450,3440,2212
3451,3441,2212
3452,3442,2212
3453,3443,2212
3454,3444,2212
3455,3445,2212
3456,3446,2213
3457,3447,2214
3458,3448,2215
3459,3449,2216
3460,3450,2217
3461,3451,2218
3462,3452,2219
3463,3453,2219
3464,3454,2219
3465,3455,2219
3466,3456,2220
3467,3457,2221
3468,3458,2222
3469,3459,2223
3470,3460,2223
3471,3461,2223
3472,3462,2223
3473,3463,2223
3474,3464,2223
3475,3465,2224
3476,3466,2225
3477,3467,2225
3478,3468,2225
3479,3469,2225
3480,3470,2225
3481,3471,2225
3482,3472,2225
3483,3473,2226
3484,3474,2226
3485,3475,2226
3486,3476,2226
3487,3477,2226
3488,3478,2226
3489,3479,2226
3490,3480,2227
3491,3480,2228
3492,3480,2229
3493,3481,2230
3494,3482,2231
3495,3483,2232
3496,3484,2233
3497,3485,2234
3498,3486,2234
3499,3487,2234
3500,3488,2234
3501,3489,2234
3502,3490,2234
3503,3491,2234
3504,3492,2234
3505,3493,2234
3506,3494,2234
3507,3495,2234
3508,3496,2234
3509,3497,2234
3510,3498,2234
3511,3499,2234
3512,3500,2234
3513,3501,2234
3514,3502,2234
3515,3503,2234
3516,3504,2234
3517,3505,2235
3518,3506,2236
3519,3507,2237
3520,3508,2238
3521,3509,2239
3522,3510,2240
3523,3511,2241
3524,3512,2242
3525,3513,2243
3526,3514,2244
3527,3515,2245
3528,3516,2246
3529,3517,2247
3530,3518,2248
3531,3519,2249
3532,3520,2250
3533,3521,2251
3534,3522,2252
3535,3523,2253
3536,3524,2254
3537,3525,2255
3538,3526,2256
3539,3527,2257
3540,3528,2258
3541,3529,2259
3542,3530,2260
3543,3531,2261
3544,3532,2262
3545,3533,2263
3546,3534,2264
3547,3535,2264
3548,3536,2264
3549,3537,2264
3550,3538,2264
3551,3539,2265
3552,3540,2266
3553,3541,2266
3554,3542,2266
3555,3543,2266
3556,3544,2266
3557,3545,2266
3558,3546,2266
3559,3547,2266
3560,3548,2266
3561,3549,2266
3562,3550,2266
3563,3551,2266
3564,3552,2266
3565,3553,2266
3566,3554,2266
3567,3555,2266
3568,3556,2266
3569,3557,2266
3570,3558,2266
3571,3559,2267
3572,3560,2268
3573,3561,2269
3574,3562,2270
3575,3563,2271
3576,3564,2272
3577,3565,2273
3578,3566,2274
3579,3567,2274
3580,3568,2274
3581,3569,2274
3582,3570,2274
3583,3571,2274
3584,3572,2274
3585,3573,2274
3586,3574,2274
3587,3575,2274
3588,3576,2274
3589,3577,2274
3590,3578,2274
3591,3579,2274
3592,3580,2275
3593,3581,2276
3594,3582,2277
3595,3583,2278
3596,3584,2278
3597,3585,2278
3598,3586,2278
3599,3587,2278
3600,3588,2278
3601,3589,2278
3602,3590,2278
3603,3591,2278
3604,3592,2278
3605,3593,2278
3606,3594,2279
3607,3595,2280
3608,3596,2281
3609,3597,2282
3610,3598,2283
3611,3599,2284
3612,3600,2285
3613,3601,2286
3614,3602,2287
3615,3603,2288
3616,3604,2289
3617,3605,2290
3618,3606,2291
3619,3607,2291
3620,3608,2291
3621,3609,2291
3622,3610,2291
3623,3611,2291
3624,3612,2291
3625,3613,2291
3626,3614,2291
3627,3615,2291
3628,3616,2291
3629,3617,2291
3630,3618,2291
3631,3619,2291
3632,3620,2291
3633,3621,2291
3634,3622,2291
3635,3623,2291
3636,3624,2292
3637,3625,2293
3638,3626,2294
3639,3627,2295
3640,3628,2296
3641,3629,2297
3642,3630,2298
3643,3631,2299
3644,3632,2300
3645,3633,2301
3646,3634,2302
3647,3635,2303
3648,3636,2304
3649,3637,2305
3650,3638,2306
3651,3639,2307
3652,3640,2308
3653,3641,2308
3654,3642,2308
3655,3643,2308
3656,3644,2308
3657,3645,2308
3658,3646,2308
3659,3647,2308
3660,3648,2308
3661,3649,2308
3662,3650,2308
3663,3651,2308
3664,3652,2308
3665,3653,2308
3666,3654,2308
3667,3655,2308
3668,3656,2308
3669,3657,2308
3670,3658,2309
3671,3659,2310
3672,3660,2311
3673,3661,2312
3674,3662,2313
3675,3663,2314
3676,3664,2314
3677,3665,2314
3678,3666,2314
3679,3667,2314
3680,3668,2314
3681,3669,2314
3682,3670,2314
3683,3671,2314
3684,3672,2314
3685,3673,2314
3686,3674,2314
3687,3675,2315
3688,3676,2316
3689,3677,2317
3690,3678,2318
3691,3679,2319
3692,3680,2320
3693,3681,2321
3694,3682,2322
3695,3683,2323
3696,3684,2324
3697,3685,2325
3698,3686,2326
3699,3687,2327
3700,3688,2328
3701,3689,2328
3702,3690,2328
3703,3691,2328
3704,3692,2328
3705,3693,2328
3706,3694,2328
3707,3695,2328
3708,3696,2328
3709,3697,2328
3710,3698,2328
3711,3699,2328
3712,3700,2328
3713,3701,2328
3714,3702,2328
3715,3703,2329
3716,3704,2330
3717,3705,2331
3718,3706,2332
3719,3707,2333
3720,3708,2334
3721,3709,2335
3722,3710,2336
3723,3711,2337
3724,3712,2338
3725,3713,2339
3726,3714,2340
3727,3715,2341
3728,3716,2342
3729,3717,2343
3730,3718,2344
3731,3719,2345
3732,3720,2346
3733,3721,2347
3734,3722,2348
3735,3723,2349
3736,3724,2350
3737,3725,2351
3738,3726,2352
3739,3727,2353
3740,3728,2354
3741,3729,2355
3742,3730,2356
3743,3731,2357
3744,3732,2358
3745,3733,2359
3746,3734,2360
3747,3735,2361
3748,3736,2362
3749,3737,2363
3750,3738,2364
3751,3739,2365
3752,3740,2366
3753,3741,2367
3754,3742,2368
3755,3743,2369
3756,3744,2370
3757,3745,2371
3758,3746,2372
3759,3747,2373
3760,3748,2374
3761,3749,2375
3762,3750,2376
3763,3751,2377
3764,3752,2378
3765,3753,2379
3766,3754,2380
3767,3755,2381
3768,3756,2382
3769,3757,2383
3770,3758,2384
3771,3759,2385
3772,3760,2386
3773,3761,2387
3774,3762,2388
3775,3763,2389
3776,3764,2389
3777,3765,2389
3778,3766,2389
3779,3767,2389
3780,3768,2389
3781,3769,2389
3782,3770,2389
3783,3771,2389
3784,3772,2390
3785,3773,2391
3786,3774,2392
3787,3775,2393
3788,3776,2394
3789,3777,2395
3790,3778,2396
3791,3779,2397
3792,3780,2398
3793,3781,2399
3794,3782,2400
3795,3783,2401
3796,3784,2402
3797,3785,2403
3798,3786,2404
3799,3787,2405
3800,3788,2406
3801,3789,2407
3802,3790,2408
3803,3791,2409
3804,3792,2410
3805,3793,2411
3806,3794,2412
3807,3795,2413
3808,3796,2414
3809,3797,2415
3810,3798,2416
3811,3799,2417
3812,3800,2418
3813,3801,2419
3814,3802,2420
3815,3803,2421
3816,3804,2422
3817,3805,2423
3818,3806,2424
3819,3807,2425
3820,3808,2426
3821,3809,2427
3822,3810,2428
3823,3811,2429
3824,3812,2430
3825,3813,2431
3826,3814,2432
3827,3815,2433
3828,3816,2434
3829,3817,2435
3830,3818,2436
3831,3819,2437
3832,3820,2438
3833,3821,2439
3834,3822,2439
3835,3823,2439
3836,3824,2439
3837,3825,2440
3838,3826,2441
3839,3827,2442
3840,3828,2443
3841,3829,2444
3842,3830,2445
3843,3831,2446
3844,3832,2447
3845,3833,2448
3846,3834,2449
3847,3835,2450
3848,3836,2451
3849,3837,2452
3850,3838,2453
3851,3839,2454
3852,3840,2455
3853,3841,2456
3854,3842,2457
3855,3843,2458
3856,3844,2459
3857,3845,2460
3858,3846,2461
3859,3847,2462
3860,3848,2463
3861,3849,2464
3862,3850,2465
3863,3851,2466
3864,3852,2467
3865,3853,2468
3866,3854,2469
3867,3855,2470
3868,3856,2471
3869,3857,2472
3870,3858,2473
3871,3859,2474
3872,3860,2475
3873,3861,2476
3874,3862,2477
3875,3863,2478
3876,3864,2479
3877,3865,2480
3878,3866,2481
3879,3867,2482
3880,3868,2483
3881,3869,2484
3882,3870,2485
3883,3871,2486
3884,3872,2487
3885,3873,2488
3886,3874,2489
3887,3875,2490
3888,3876,2491
3889,3877,2492
3890,3878,2493
3891,3879,2494
3892,3880,2495
3893,3881,2496
3894,3882,2497
3895,3883,2498
3896,3884,2499
3897,3885,2499
3898,3886,2499
3899,3887,2499
3900,3888,2499
3901,3889,2499
3902,3890,2500
3903,3891,2501
3904,3892,2502
3905,3893,2503
3906,3894,2504
3907,3895,2505
3908,3896,2506
3909,3897,2507
3910,3898,2508
3911,3899,2509
3912,3900,2510
3913,3901,2511
3914,3902,2512
3915,3903,2513
3916,3904,2514
3917,3905,2514
3918,3906,2514
3919,3907,2514
3920,3908,2514
3921,3909,2514
3922,3910,2515
3923,3911,2516
3924,3912,2517
3925,3913,2518
3926,3914,2519
3927,3915,2520
3928,3916,2521
3929,3917,2522
3930,3918,2523
3931,3919,2524
3932,3920,2525
3933,3921,2526
3934,3922,2527
3935,3923,2528
3936,3924,2529
3937,3925,2530
3938,3926,2531
3939,3927,2532
3940,3928,2533
3941,3929,2534
3942,3930,2535
3943,3931,2536
3944,3932,2537
3945,3933,2538
3946,3934,2539
3947,3935,2540
3948,3936,2541
3949,3937,2542
3950,3938,2543
3951,3939,2544
3952,3940,2545
3953,3941,2546
3954,3942,2547
3955,3943,2548
3956,3944,2549
3957,3945,2550
3958,3946,2551
3959,3947,2552
3960,3948,2553
3961,3949,2554
3962,3950,2555
3963,3951,2556
3964,3952,2557
3965,3953,2558
3966,3954,2559
3967,3955,2560
3968,3956,2561
3969,3957,2562
3970,3958,2563
3971,3959,2564
3972,3960,2565
3973,3961,2566
3974,3962,2567
3975,3963,2568
3976,3964,2569
3977,3965,2570
3978,3966,2571
3979,3967,2572
3980,3968,2573
3981,3969,2573
3982,3970,2573
3983,3971,2573
3984,3972,2573
3985,3973,2573
3986,3974,2573
3987,3975,2573
3988,3976,2573
3989,3977,2573
3990,3978,2573
3991,3979,2573
3992,3980,2573
3993,3981,2573
3994,3982,2573
3995,3983,2573
3996,3984,2573
3997,3985,2573
3998,3986,2573
3999,3987,2573
4000,3988,2573
4001,3989,2573
4002,3990,2573
4003,3991,2573
4004,3992,2573
4005,3993,2573
4006,3994,2574
4007,3995,2575
4008,3996,2576
4009,3997,2577
4010,3998,2578
4011,3999,2579
4012,4000,2580
4013,4001,2581
4014,4002,2582
4015,4003,2583
4016,4004,2583
4017,4005,2583
4018,4006,2583
4019,4007,2583
4020,4008,2583
4021,4009,2583
4022,4010,2583
4023,4011,2583
4024,4012,2583
4025,4013,2583
4026,4014,2583
4027,4015,2584
4028,4016,2585
4029,4017,2586
4030,4018,2587
4031,4019,2588
4032,4020,2589
4033,4021,2589
4034,4022,2589
4035,4023,2589
4036,4024,2589
4037,4025,2589
4038,4026,2589
4039,4027,2590
4040,4028,2591
4041,4029,2592
4042,4030,2593
4043,4031,2594
4044,4032,2595
4045,4033,2596
4046,4034,2597
4047,4035,2598
4048,4036,2599
4049,4037,2600
4050,4038,2601
4051,4039,2602
4052,4040,2603
4053,4041,2604
4054,4042,2605
4055,4043,2606
4056,4044,2607
4057,4045,2608
4058,4046,2609
4059,4047,2610
4060,4048,2611
4061,4049,2612
4062,4050,2613
4063,4051,2614
4064,4052,2615
4065,4053,2616
4066,4054,2617
4067,4055,2618
4068,4056,2619
4069,4057,2620
4070,4058,2621
4071,4059,2622
4072,4060,2623
4073,4061,2623
4074,4062,2623
4075,4063,2623
4076,4064,2623
4077,4065,2623
4078,4066,2623
4079,4067,2623
4080,4068,2623
4081,4069,2623
4082,4070,2623
4083,4071,2623
4084,4072,2623
4085,4073,2623
4086,4074,2623
4087,4075,2623
4088,4076,2623
4089,4077,2623
4090,4078,2623
4091,4079,2623
4092,4080,2623
4093,4081,2623
4094,4082,2623
4095,4083,2623
4096,4084,2623
4097,4085,2623
4098,4086,2623
4099,4087,2623
4100,4088,2623
4101,4089,2623
4102,4090,2623
4103,4091,2623
4104,4092,2623
4105,4093,2623
4106,4094,2624
4107,4095,2625
4108,4096,2626
4109,4097,2627
4110,4098,2628
4111,4099,2629
4112,4100,2630
4113,4101,2631
4114,4102,2632
4115,4103,2633
4116,4104,2634
4117,4105,2635
4118,4106,2636
4119,4107,2637
4120,4108,2638
4121,4109,2639
4122,4110,2640
4123,4111,2641
4124,4112,2642
4125,4113,2643
4126,4114,2644
4127,4115,2645
4128,4116,2646
4129,4117,2647
4130,4118,2648
4131,4119,2649
4132,4120,2650
4133,4121,2651
4134,4122,2652
4135,4123,2653
4136,4124,2654
4137,4125,2655
4138,4126,2656
4139,4127,2656
4140,4128,2656
4141,4129,2656
4142,4130,2656
4143,4131,2656
4144,4132,2656
4145,4133,2657
4146,4134,2658
4147,4135,2659
4148,4136,2660
4149,4137,2661
4150,4138,2662
4151,4139,2663
4152,4140,2664
4153,4141,2665
4154,4142,2666
4155,4143,2667
4156,4144,2668
4157,4145,2669
4158,4146,2670
4159,4147,2671
4160,4148,2672
4161,4149,2673
4162,4150,2674
4163,4151,2675
4164,4152,2676
4165,4153,2677
4166,4154,2678
4167,4155,2679
4168,4156,2680
4169,4157,2681
4170,4158,2682
4171,4159,2683
4172,4160,2684
4173,4161,2685
4174,4162,2686
4175,4163,2687
4176,4164,2688
4177,4165,2689
4178,4166,2690
4179,4167,2691
4180,4168,2692
4181,4169,2693
4182,4170,2694
4183,4171,2695
4184,4172,2696
4185,4173,2696
4186,4174,2696
4187,4175,2696
4188,4176,2696
4189,4177,2696
4190,4178,2696
4191,4179,2696
4192,4180,2696
4193,4181,2696
4194,4182,2696
4195,4183,2696
4196,4184,2696
4197,4185,2696
4198,4186,2696
4199,4187,2696
4200,4188,2696
4201,4189,2696
4202,4190,2696
4203,4191,2696
4204,4192,2696
4205,4193,2696
4206,4194,2696
4207,4195,2696
4208,4196,2696
4209,4197,2696
4210,4198,2696
4211,4199,2696
4212,4200,2696
4213,4201,2696
4214,4202,2696
4215,4203,2696
4216,4204,2696
4217,4205,2696
4218,4206,2696
4219,4207,2696
4220,4208,2696
4221,4209,2696
4222,4210,2696
4223,4211,2696
4224,4212,2696
4225,4213,2696
4226,4214,2696
4227,4215,2697
4228,4216,2698
4229,4217,2699
4230,4218,2700
4231,4219,2701
4232,4220,2702
4233,4221,2703
4234,4222,2704
4235,4223,2705
4236,4224,2706
4237,4225,2707
4238,4226,2708
4239,4227,2708
4240,4228,2708
4241,4229,2708
4242,4230,2708
4243,4231,2708
4244,4232,2708
4245,4233,2709
4246,4234,2710
4247,4235,2711
4248,4236,2712
4249,4237,2713
4250,4238,2714
4251,4239,2715
4252,4240,2716
4253,4241,2717
4254,4242,2718
4255,4243,2719
4256,4244,2720
4257,4245,2721
4258,4246,2722
4259,4247,2723
4260,4248,2724
4261,4249,2724
4262,4250,2724
4263,4251,2724
4264,4252,2724
4265,4253,2724
4266,4254,2724
4267,4255,2724
4268,4256,2724
4269,4257,2725
4270,4258,2726
4271,4259,2727
4272,4260,2728
4273,4261,2729
4274,4262,2730
4275,4263,2730
4276,4264,2730
4277,4265,2730
4278,4266,2730
4279,4267,2730
4280,4268,2730
4281,4269,2730
4282,4270,2730
4283,4271,2730
4284,4272,2731
4285,4273,2732
4286,4274,2733
4287,4275,2734
4288,4276,2735
4289,4277,2736
4290,4278,2737
4291,4279,2738
4292,4280,2739
4293,4281,2740
4294,4282,2741
4295,4283,2742
4296,4284,2743
4297,4285,2744
4298,4286,2745
4299,4287,2746
4300,4288,2747
4301,4289,2748
4302,4290,2749
4303,4291,2750
4304,4292,2751
4305,4293,2752
4306,4294,2753
4307,4295,2754
4308,4296,2755
4309,4297,2756
4310,4298,2757
4311,4299,2758
4312,4300,2759
4313,4301,2760
4314,4302,2761
4315,4303,2762
4316,4304,2763
4317,4305,2764
4318,4306,2765
4319,4307,2766
4320,4308,2767
4321,4309,2768
4322,4310,2769
4323,4311,2770
4324,4312,2770
4325,4313,2770
4326,4314,2770
4327,4315,2770
4328,4316,2770
4329,4317,2770
4330,4318,2770
4331,4319,2770
4332,4320,2770
4333,4321,2770
4334,4322,2770
4335,4323,2770
4336,4324,2770
4337,4325,2770
4338,4326,2770
4339,4327,2770
4340,4328,2770
4341,4329,2770
4342,4330,2770
4343,4331,2770
4344,4332,2770
4345,4333,2770
4346,4334,2770
4347,4335,2770
4348,4336,2770
4349,4337,2770
4350,4338,2770
4351,4339,2770
4352,4340,2770
4353,4341,2770
4354,4342,2770
4355,4343,2770
4356,4344,2770
4357,4345,2770
4358,4346,2770
4359,4347,2770
4360,4348,2770
4361,4349,2770
4362,4350,2771
4363,4351,2772
4364,4352,2773
4365,4353,2774
4366,4354,2775
4367,4355,2776
4368,4356,2777
4369,4357,2778
4370,4358,2779
4371,4359,2780
4372,4360,2781
4373,4361,2782
4374,4362,2783
4375,4363,2783
4376,4364,2783
4377,4365,2783
4378,4366,2783
4379,4367,2783
4380,4368,2783
4381,4369,2783
4382,4370,2783
4383,4371,2783
4384,4372,2784
4385,4373,2785
4386,4374,2786
4387,4375,2787
4388,4376,2788
4389,4377,2789
4390,4378,2790
4391,4379,2791
4392,4380,2792
4393,4381,2793
4394,4382,2794
4395,4383,2794
4396,4384,2794
4397,4385,2794
4398,4386,2794
4399,4387,2794
4400,4388,2794
4401,4389,2794
4402,4390,2794
4403,4391,2794
4404,4392,2794
4405,4393,2794
4406,4394,2794
4407,4395,2794
4408,4396,2795
4409,4397,2796
4410,4398,2797
4411,4399,2798
4412,4400,2799
4413,4401,2800
4414,4402,2801
4415,4403,2802
4416,4404,2803
4417,4405,2804
4418,4406,2805
4419,4407,2806
4420,4408,2807
4421,4409,2808
4422,4410,2809
4423,4411,2810
4424,4412,2811
4425,4413,2812
4426,4414,2813
4427,4415,2814
4428,4416,2815
4429,4417,2816
4430,4418,2817
4431,4419,2818
4432,4420,2819
4433,4421,2820
4434,4422,2821
4435,4423,2822
4436,4424,2823
4437,4425,2824
4438,4426,2825
4439,4427,2826
4440,4428,2827
4441,4429,2828
4442,4430,2829
4443,4431,2830
4444,4432,2831
4445,4433,2832
4446,4434,2833
4447,4435,2834
4448,4436,2835
4449,4437,2836
4450,4438,2837
4451,4439,2838
4452,4440,2839
4453,4441,2840
4454,4442,2841
4455,4443,2842
4456,4444,2843
4457,4445,2843
4458,4446,2843
4459,4447,2843
4460,4448,2843
4461,4449,2843
4462,4450,2843
4463,4451,2843
4464,4452,2843
4465,4453,2843
4466,4454,2843
4467,4455,2843
4468,4456,2843
4469,4457,2843
4470,4458,2843
4471,4459,2843
4472,4460,2843
4473,4461,2843
4474,4462,2843
4475,4463,2843
4476,4464,2843
4477,4465,2843
4478,4466,2843
4479,4467,2843
4480,4468,2843
4481,4469,2843
4482,4470,2843
4483,4471,2843
4484,4472,2843
4485,4473,2843
4486,4474,2843
4487,4475,2843
4488,4476,2843
4489,4477,2843
4490,4478,2843
4491,4479,2844
4492,4480,2845
4493,4481,2846
4494,4482,2847
4495,4483,2848
4496,4484,2849
4497,4485,2850
4498,4486,2851
4499,4487,2852
4500,4488,2853
4501,4489,2853
4502,4490,2853
4503,4491,2853
4504,4492,2853
4505,4493,2853
4506,4494,2853
4507,4495,2853
4508,4496,2853
4509,4497,2853
4510,4498,2853
4511,4499,2854
4512,4500,2855
4513,4501,2856
4514,4502,2857
4515,4503,2858
4516,4504,2859
4517,4505,2860
4518,4506,2861
4519,4507,2862
4520,4508,2863
4521,4509,2864
4522,4510,2864
4523,4511,2864
4524,4512,2864
4525,4513,2864
4526,4514,2864
4527,4515,2864
4528,4516,2864
4529,4517,2864
4530,4518,2864
4531,4519,2865
4532,4520,2866
4533,4521,2867
4534,4522,2868
4535,4523,2869
4536,4524,2870
4537,4525,2871
4538,4526,2872
4539,4527,2872
4540,4528,2872
4541,4529,2872
4542,4530,2872
4543,4531,2872
4544,4532,2872
4545,4533,2872
4546,4534,2872
4547,4535,2872
4548,4536,2872
4549,4537,2872
4550,4538,2872
4551,4539,2872
4552,4540,2872
4553,4541,2872
4554,4542,2872
4555,4543,2872
4556,4544,2872
4557,4545,2872
4558,4546,2872
4559,4547,2872
4560,4548,2872
4561,4549,2872
4562,4550,2872
4563,4551,2872
4564,4552,2872
4565,4553,2872
4566,4554,2872
4567,4555,2872
4568,4556,2872
4569,4557,2873
4570,4558,2874
4571,4559,2875
4572,4560,2876
4573,4561,2877
4574,4562,2878
4575,4563,2879
4576,4564,2880
4577,4565,2881
4578,4566,2882
4579,4567,2883
4580,4568,2884
4581,4569,2885
4582,4570,2886
4583,4571,2887
4584,4572,2888
4585,4573,2889
4586,4574,2890
4587,4575,2891
4588,4576,2892
4589,4577,2893
4590,4578,2894
4591,4579,2895
4592,4580,2896
4593,4581,2897
4594,4582,2898
4595,4583,2899
4596,4584,2900
4597,4585,2901
4598,4586,2902
4599,4587,2903
4600,4588,2904
4601,4589,2905
4602,4590,2906
4603,4591,2907
4604,4592,2908
4605,4593,2909
4606,4594,2910
4607,4595,2911
4608,4596,2912
4609,4597,2913
4610,4598,2914
4611,4599,2915
4612,4600,2916
4613,4601,2917
4614,4602,2918
4615,4603,2919
4616,4604,2920
4617,4605,2921
4618,4606,2921
4619,4607,2921
4620,4608,2921
4621,4609,2921
4622,4610,2921
4623,4611,2921
4624,4612,2921
4625,4613,2921
4626,4614,2921
4627,4615,2921
4628,4616,2922
4629,4617,2923
4630,4618,2924
4631,4619,2925
4632,4620,2926
4633,4621,2927
4634,4622,2928
4635,4623,2929
4636,4624,2930
4637,4625,2931
4638,4626,2932
4639,4627,2933
4640,4628,2934
4641,4629,2935
4642,4630,2936
4643,4631,2937
4644,4632,2937
4645,4633,2937
4646,4634,2937
4647,4635,2937
4648,4636,2937
4649,4637,2937
4650,4638,2937
4651,4639,2938
4652,4640,2939
4653,4641,2940
4654,4642,2941
4655,4643,2942
4656,4644,2943
4657,4645,2944
4658,4646,2945
4659,4647,2946
4660,4648,2947
4661,4649,2948
4662,4650,2949
4663,4651,2950
4664,4652,2951
4665,4653,2952
4666,4654,2952
4667,4655,2952
4668,4656,2952
4669,4657,2952
4670,4658,2952
4671,4659,2952
4672,4660,2952
4673,4661,2952
4674,4662,2952
4675,4663,2952
4676,4664,2952
4677,4665,2952
4678,4666,2952
4679,4667,2952
4680,4668,2952
4681,4669,2953
4682,4670,2954
4683,4671,2955
4684,4672,2956
4685,4673,2957
4686,4674,2958
4687,4675,2959
4688,4676,2960
4689,4677,2961
4690,4678,2962
4691,4679,2963
4692,4680,2964
4693,4681,2965
4694,4682,2966
4695,4683,2967
4696,4684,2968
4697,4685,2969
4698,4686,2970
4699,4687,2971
4700,4688,2972
4701,4689,2973
4702,4690,2974
4703,4691,2975
4704,4692,2976
4705,4693,2977
4706,4694,2978
4707,4695,2979
4708,4696,2980
4709,4697,2981
4710,4698,2982
4711,4699,2983
4712,4700,2984
4713,4701,2985
4714,4702,2986
4715,4703,2987
4716,4704,2988
4717,4705,2989
4718,4706,2990
4719,4707,2991
4720,4708,2992
4721,4709,2993
4722,4710,2994
4723,4711,2995
4724,4712,2996
4725,4713,2997
4726,4714,2998
4727,4715,2999
4728,4716,3000
4729,4717,3001
4730,4718,3002
4731,4719,3003
4732,4720,3004
4733,4721,3005
4734,4722,3006
4735,4723,3007
4736,4724,3008
4737,4725,3009
4738,4726,3010
4739,4727,3011
4740,4728,3012
4741,4729,3013
4742,4730,3014
4743,4731,3015
4744,4732,3016
4745,4733,3017
4746,4734,3018
4747,4735,3018
4748,4736,3019
4749,4737,3020
4750,4738,3021
4751,4739,3022
4752,4740,3023
4753,4740,3024
4754,4740,3025
4755,4740,3026
4756,4740,3027
4757,4740,3028
4758,4740,3029
4759,4740,3030
4760,4740,3031
4761,4741,3032
4762,4742,3033
4763,4743,3034
4764,4744,3035
4765,4745,3036
4766,4746,3037
4767,4747,3038
4768,4748,3039
4769,4749,3040
4770,4750,3041
4771,4751,3042
4772,4752,3043
4773,4753,3044
4774,4754,3045
4775,4755,3046
4776,4756,3047
4777,4757,3048
4778,4758,3049
4779,4759,3050
4780,4760,3051
4781,4760,3052
4782,4760,3053
4783,4760,3054
4784,4760,3055
4785,4760,3056
4786,4760,3057
4787,4760,3058
4788,4760,3059
4789,4760,3060
4790,4760,3061
4791,4760,3062
4792,4760,3063
4793,4760,3064
4794,4760,3065
4795,4760,3066
4796,4760,3067
4797,4760,3068
4798,4760,3069
4799,4760,3070
4800,4760,3071
4801,4760,3072
4802,4760,3073
4803,4760,3074
4804,4760,3075
4805,4760,3076
4806,4760,3077
4807,4760,3078
4808,4760,3079
4809,4760,3080
4810,4760,3081
4811,4760,3082
4812,4760,3083
4813,4760,3084
4814,4760,3085
4815,4760,3086
4816,4760,3087
4817,4760,3088
4818,4760,3089
4819,4760,3090
4820,4760,3091
4821,4760,3092
4822,4760,3093
4823,4760,3094
4824,4760,3095
4825,4760,3096
4826,4760,3097
4827,4760,3098
4828,4760,3099
4829,4760,3100
4830,4760,3101
4831,4760,3102
4832,4760,3103
4833,4760,3104
4834,4760,3105
4835,4760,3106
4836,4761,3107
4837,4762,3108
4838,4763,3109
4839,4764,3110
4840,4765,3111
4841,4766,3112
4842,4767,3113
4843,4768,3114
4844,4769,3115
4845,4770,3116
4846,4771,3117
4847,4772,3118
4848,4773,3119
4849,4774,3120
4850,4775,3121
4851,4776,3122
4852,4777,3123
4853,4778,3124
4854,4779,3125
4855,4780,3126
4856,4781,3127
4857,4782,3128
4858,4783,3129
4859,4784,3130
4860,4785,3131
4861,4786,3132
4862,4787,3133
4863,4788,3134
4864,4789,3135
4865,4790,3136
4866,4791,3137
4867,4792,3138
4868,4793,3139
4869,4794,3140
4870,4795,3141
4871,4796,3142
4872,4797,3143
4873,4798,3144
4874,4799,3145
4875,4800,3146
4876,4801,3147
4877,4802,3148
4878,4803,3149
4879,4804,3150
4880,4805,3151
4881,4806,3151
4882,4807,3151
4883,4808,3151
4884,4809,3151
4885,4810,3151
4886,4811,3151
4887,4812,3151
4888,4813,3151
4889,4814,3151
4890,4815,3151
4891,4816,3151
4892,4817,3151
4893,4818,3151
4894,4819,3151
4895,4820,3151
4896,4821,3151
4897,4822,3151
4898,4823,3151
4899,4824,3151
4900,4825,3151
4901,4826,3151
4902,4827,3151
4903,4828,3151
4904,4829,3151
4905,4830,3152
4906,4831,3153
4907,4832,3154
4908,4833,3155
4909,4834,3156
4910,4835,3157
4911,4836,3158
4912,4837,3159
4913,4838,3160
4914,4839,3161
4915,4840,3162
4916,4841,3163
4917,4842,3163
4918,4843,3163
4919,4844,3163
4920,4845,3163
4921,4846,3163
4922,4847,3163
4923,4848,3163
4924,4849,3163
4925,4850,3163
4926,4851,3163
4927,4852,3164
4928,4853,3165
4929,4854,3166
4930,4855,3167
4931,4856,3168
4932,4857,3169
4933,4858,3170
4934,4859,3171
4935,4860,3172
4936,4861,3173
4937,4862,3174
4938,4863,3175
4939,4864,3176
4940,4865,3177
4941,4866,3178
4942,4867,3179
4943,4868,3180
4944,4869,3181
4945,4870,3182
4946,4871,3183
4947,4872,3184
4948,4873,3185
4949,4874,3186
4950,4875,3187
4951,4876,3188
4952,4877,3189
4953,4878,3189
4954,4879,3190
4955,4880,3191
4956,4881,3192
4957,4882,3193
4958,4883,3194
4959,4884,3195
4960,4885,3196
4961,4886,3197
4962,4887,3198
4963,4888,3199
4964,4889,3200
4965,4890,3201
4966,4891,3202
4967,4892,3202
4968,4893,3202
4969,4894,3202
4970,4895,3202
4971,4896,3202
4972,4897,3202
4973,4898,3202
4974,4899,3203
4975,4900,3204
4976,4901,3205
4977,4902,3206
4978,4903,3207
4979,4904,3208
4980,4905,3209
4981,4906,3210
4982,4907,3210
4983,4908,3210
4984,4909,3210
4985,4910,3210
4986,4911,3210
4987,4912,3210
4988,4913,3210
4989,4914,3210
4990,4915,3211
4991,4916,3212
4992,4917,3213
4993,4918,3214
4994,4919,3215
4995,4920,3216
4996,4921,3217
4997,4922,3218
4998,4923,3219
4999,4924,3220
5000,4925,3221
5001,4926,3222
5002,4927,3223
5003,4928,3223
5004,4929,3223
5005,4930,3223
5006,4931,3223
5007,4932,3223
5008,4933,3223
5009,4934,3223
5010,4935,3223
5011,4936,3223
5012,4937,3223
5013,4938,3223
5014,4939,3223
5015,4940,3224
5016,4941,3224
5017,4942,3224
5018,4943,3224
5019,4944,3224
5020,4945,3224
5021,4946,3224
5022,4947,3224
5023,4948,3225
5024,4949,3226
5025,4950,3227
5026,4951,3228
5027,4952,3229
5028,4953,3230
5029,4954,3231
5030,4955,3232
5031,4956,3233
5032,4957,3234
5033,4958,3235
5034,4959,3236
5035,4960,3237
5036,4961,3238
5037,4962,3239
5038,4963,3239
5039,4964,3239
5040,4965,3239
5041,4966,3239
5042,4967,3239
5043,4968,3239
5044,4969,3239
5045,4970,3239
5046,4971,3239
5047,4972,3239
5048,4973,3239
5049,4974,3239
5050,4975,3239
5051,4976,3239
5052,4977,3240
5053,4978,3241
5054,4979,3242
5055,4980,3243
5056,4981,3244
5057,4982,3245
5058,4983,3246
5059,4984,3247
5060,4985,3248
5061,4986,3249
5062,4987,3250
5063,4988,3251
5064,4989,3251
5065,4990,3251
5066,4991,3251
5067,4992,3251
5068,4993,3251
5069,4994,3251
5070,4995,3251
5071,4996,3251
5072,4997,3251
5073,4998,3251
5074,4999,3252
5075,5000,3253
5076,5001,3254
5077,5002,3255
5078,5003,3256
5079,5004,3256
5080,5005,3256
5081,5006,3256
5082,5007,3256
5083,5008,3256
5084,5009,3256
5085,5010,3256
5086,5011,3256
5087,5012,3256
5088,5013,3256
5089,5014,3256
5090,5015,3256
5091,5016,3256
5092,5017,3257
5093,5018,3258
5094,5019,3259
5095,5020,3260
5096,5021,3260
5097,5022,3260
5098,5023,3260
5099,5024,3260
5100,5025,3260
5101,5026,3260
5102,5027,3260
5103,5028,3260
5104,5029,3260
5105,5030,3260
5106,5031,3261
5107,5032,3262
5108,5033,3263
5109,5034,3264
5110,5035,3265
5111,5036,3266
5112,5037,3267
5113,5038,3268
5114,5039,3269
5115,5040,3270
5116,5041,3271
5117,5042,3271
5118,5043,3271
5119,5044,3271
5120,5045,3271
5121,5046,3271
5122,5047,3271
5123,5048,3271
5124,5049,3271
5125,5050,3271
5126,5051,3271
5127,5052,3271
5128,5053,3271
5129,5054,3272
5130,5055,3273
5131,5056,3274
5132,5057,3275
5133,5058,3276
5134,5059,3277
5135,5060,3278
5136,5061,3279
5137,5062,3280
5138,5063,3281
5139,5064,3282
5140,5065,3283
5141,5066,3284
5142,5067,3284
5143,5068,3284
5144,5069,3284
5145,5070,3284
5146,5071,3284
5147,5072,3284
5148,5073,3284
5149,5074,3284
5150,5075,3284
5151,5076,3284
5152,5077,3284
5153,5078,3284
5154,5079,3284
5155,5080,3285
5156,5081,3285
5157,5082,3285
5158,5083,3285
5159,5084,3285
5160,5085,3285
5161,5086,3285
5162,5087,3285
5163,5088,3285
5164,5089,3286
5165,5090,3287
5166,5091,3288
5167,5092,3289
5168,5093,3290
5169,5094,3291
5170,5095,3292
5171,5096,3293
5172,5097,3294
5173,5098,3295
5174,5099,3296
5175,5100,3297
5176,5101,3298
5177,5102,3299
5178,5103,3300
5179,5104,3301
5180,5105,3302
5181,5106,3303
5182,5107,3303
5183,5108,3303
5184,5109,3303
5185,5110,3303
5186,5111,3303
5187,5112,3303
5188,5113,3303
5189,5114,3303
5190,5115,3303
5191,5116,3303
5192,5117,3303
5193,5118,3303
5194,5119,3303
5195,5120,3304
5196,5121,3305
5197,5122,3306
5198,5123,3307
5199,5124,3307
5200,5125,3307
5201,5126,3307
5202,5127,3307
5203,5128,3307
5204,5129,3307
5205,5130,3307
5206,5131,3307
5207,5132,3307
5208,5133,3307
5209,5134,3307
5210,5135,3308
5211,5136,3309
5212,5137,3310
5213,5138,3311
5214,5139,3312
5215,5140,3313
5216,5141,3314
5217,5142,3315
5218,5143,3316
5219,5144,3317
5220,5145,3318
5221,5146,3319
5222,5147,3320
5223,5148,3321
5224,5149,3322
5225,5150,3323
5226,5151,3323
5227,5152,3323
5228,5153,3324
5229,5154,3325
5230,5155,3326
5231,5156,3327
5232,5157,3328
5233,5158,3329
5234,5159,3330
5235,5160,3331
5236,5161,3332
5237,5162,3333
5238,5163,3334
5239,5164,3334
5240,5165,3334
5241,5166,3334
5242,5167,3334
5243,5168,3334
5244,5169,3334
5245,5170,3334
5246,5171,3334
5247,5172,3334
5248,5173,3334
5249,5174,3334
5250,5175,3334
5251,5176,3334
5252,5177,3334
5253,5178,3334
5254,5179,3334
5255,5180,3334
5256,5181,3334
5257,5182,3334
5258,5183,3334
5259,5184,3334
5260,5185,3334
5261,5186,3334
5262,5187,3334
5263,5188,3334
5264,5189,3334
5265,5190,3334
5266,5191,3334
5267,5192,3334
5268,5193,3334
5269,5194,3334
5270,5195,3334
5271,5196,3334
5272,5197,3334
5273,5198,3334
5274,5199,3335
5275,5200,3336
5276,5201,3337
5277,5202,3338
5278,5203,3339
5279,5204,3340
5280,5205,3341
5281,5206,3342
5282,5207,3343
5283,5208,3343
5284,5209,3343
5285,5210,3344
5286,5211,3345
5287,5212,3346
5288,5213,3347
5289,5214,3348
5290,5215,3349
5291,5216,3350
5292,5217,3351
5293,5218,3352
5294,5219,3353
5295,5220,3354
5296,5221,3355
5297,5222,3356
5298,5223,3356
5299,5224,3356
5300,5225,3356
5301,5226,3356
5302,5227,3356
5303,5228,3356
5304,5229,3356
5305,5230,3356
5306,5231,3356
5307,5232,3356
5308,5233,3356
5309,5234,3356
5310,5235,3356
5311,5236,3356
5312,5237,3356
5313,5238,3356
5314,5239,3356
5315,5240,3356
5316,5241,3356
5317,5242,3356
5318,5243,3356
5319,5244,3356
5320,5245,3356
5321,5246,3356
5322,5247,3356
5323,5248,3356
5324,5249,3356
5325,5250,3356
5326,5251,3356
5327,5252,3357
5328,5253,3358
5329,5254,3359
5330,5255,3360
5331,5256,3361
5332,5257,3362
5333,5258,3363
5334,5259,3364
5335,5260,3365
5336,5261,3365
5337,5262,3365
5338,5263,3365
5339,5264,3365
5340,5265,3365
5341,5266,3365
5342,5267,3365
5343,5268,3365
5344,5269,3365
5345,5270,3365
5346,5271,3365
5347,5272,3366
5348,5273,3367
5349,5274,3368
5350,5275,3369
5351,5276,3370
5352,5277,3371
5353,5278,3372
5354,5279,3373
5355,5280,3374
5356,5281,3375
5357,5282,3376
5358,5283,3377
5359,5284,3378
5360,5285,3379
5361,5286,3380
5362,5287,3381
5363,5288,3382
5364,5289,3383
5365,5290,3384
5366,5291,3384
5367,5292,3384
5368,5293,3384
5369,5294,3384
5370,5295,3384
5371,5296,3384
5372,5297,3384
5373,5298,3384
5374,5299,3384
5375,5300,3384
5376,5301,3384
5377,5302,3384
5378,5303,3384
5379,5304,3384
5380,5305,3384
5381,5306,3384
5382,5307,3384
5383,5308,3384
5384,5309,3384
5385,5310,3384
5386,5311,3384
5387,5312,3385
5388,5313,3386
5389,5314,3387
5390,5315,3388
5391,5316,3389
5392,5317,3390
5393,5318,3391
5394,5319,3392
5395,5320,3393
5396,5321,3393
5397,5322,3393
5398,5323,3393
5399,5324,3393
5400,5325,3393
5401,5326,3393
5402,5327,3393
5403,5328,3393
5404,5329,3393
5405,5330,3393
5406,5331,3394
5407,5332,3395
5408,5333,3396
5409,5334,3397
5410,5335,3398
5411,5336,3399
5412,5337,3400
5413,5338,3401
5414,5339,3402
5415,5340,3403
5416,5341,3404
5417,5342,3405
5418,5343,3406
5419,5344,3407
5420,5345,3408
5421,5346,3409
5422,5347,3409
5423,5348,3409
5424,5349,3409
5425,5350,3409
5426,5351,3409
5427,5352,3409
5428,5353,3409
5429,5354,3409
5430,5355,3409
5431,5356,3409
5432,5357,3409
5433,5358,3409
5434,5359,3410
5435,5360,3411
5436,5361,3412
5437,5362,3413
5438,5363,3414
5439,5364,3415
5440,5365,3416
5441,5366,3417
5442,5367,3417
5443,5368,3417
5444,5369,3417
5445,5370,3417
5446,5371,3417
5447,5372,3417
5448,5373,3417
5449,5374,3417
5450,5375,3417
5451,5376,3417
5452,5377,3417
5453,5378,3417
5454,5379,3417
5455,5380,3418
5456,5381,3419
5457,5382,3420
5458,5383,3421
5459,5384,3422
5460,5385,3423
5461,5386,3423
5462,5387,3423
5463,5388,3423
5464,5389,3423
5465,5390,3423
5466,5391,3423
5467,5392,3423
5468,5393,3423
5469,5394,3423
5470,5395,3423
5471,5396,3424
5472,5397,3425
5473,5398,3426
5474,5399,3427
5475,5400,3428
5476,5401,3429
5477,5402,3430
5478,5403,3431
5479,5404,3432
5480,5405,3432
5481,5406,3432
5482,5407,3432
5483,5408,3432
5484,5409,3432
5485,5410,3432
5486,5411,3432
5487,5412,3432
5488,5413,3432
5489,5414,3432
5490,5415,3432
5491,5416,3432
5492,5417,3432
5493,5418,3432
5494,5419,3432
5495,5420,3433
5496,5421,3434
5497,5422,3434
5498,5423,3434
5499,5424,3434
5500,5425,3434
5501,5426,3434
5502,5427,3434
5503,5428,3434
5504,5429,3434
5505,5430,3435
5506,5431,3436
5507,5432,3437
5508,5433,3438
5509,5434,3439
5510,5435,3440
5511,5436,3441
5512,5437,3442
5513,5438,3443
5514,5439,3444
5515,5440,3445
5516,5441,3446
5517,5442,3447
5518,5443,3448
5519,5444,3449
5520,5445,3450
5521,5446,3450
5522,5447,3450
5523,5448,3450
5524,5449,3450
5525,5450,3450
5526,5451,3450
5527,5452,3450
5528,5453,3450
5529,5454,3450
5530,5455,3450
5531,5456,3450
5532,5457,3450
5533,5458,3450
5534,5459,3450
5535,5460,3451
5536,5461,3452
5537,5462,3453
5538,5463,3454
5539,5464,3454
5540,5465,3454
5541,5466,3454
5542,5467,3454
5543,5468,3454
5544,5469,3454
5545,5470,3454
5546,5471,3454
5547,5472,3454
5548,5473,3454
5549,5474,3454
5550,5475,3455
5551,5476,3456
5552,5477,3457
5553,5478,3458
5554,5479,3459
5555,5480,3460
5556,5481,3461
5557,5482,3462
5558,5483,3463
5559,5484,3464
5560,5485,3465
5561,5486,3466
5562,5487,3466
5563,5488,3466
5564,5489,3466
5565,5490,3466
5566,5491,3466
5567,5492,3466
5568,5493,3466
5569,5494,3466
5570,5495,3466
5571,5496,3466
5572,5497,3466
5573,5498,3466
5574,5499,3466
5575,5500,3466
5576,5501,3466
5577,5502,3466
5578,5503,3466
5579,5504,3466
5580,5505,3466
5581,5506,3466
5582,5507,3466
5583,5508,3466
5584,5509,3466
5585,5510,3466
5586,5511,3466
5587,5512,3467
5588,5513,3468
5589,5514,3469
5590,5515,3470
5591,5516,3471
5592,5517,3472
5593,5518,3473
5594,5519,3474
5595,5520,3475
5596,5521,3476
5597,5522,3476
5598,5523,3476
5599,5524,3476
5600,5525,3476
5601,5526,3476
5602,5527,3476
5603,5528,3476
5604,5529,3476
5605,5530,3476
5606,5531,3476
5607,5532,3476
5608,5533,3476
5609,5534,3476
5610,5535,3476
5611,5536,3477
5612,5537,3478
5613,5538,3479
5614,5539,3480
5615,5540,3481
5616,5541,3482
5617,5542,3483
5618,5543,3484
5619,5544,3485
5620,5545,3486
5621,5546,3487
5622,5547,3488
5623,5548,3489
5624,5549,3490
5625,5550,3491
5626,5551,3492
5627,5552,3493
5628,5553,3494
5629,5554,3495
5630,5555,3496
5631,5556,3497
5632,5557,3498
5633,5558,3499
5634,5559,3500
5635,5560,3501
5636,5561,3502
5637,5562,3503
5638,5563,3504
5639,5564,3505
5640,5565,3505
5641,5566,3505
5642,5567,3505
5643,5568,3505
5644,5569,3505
5645,5570,3505
5646,5571,3505
5647,5572,3505
5648,5573,3505
5649,5574,3505
5650,5575,3505
5651,5576,3505
5652,5577,3505
5653,5578,3505
5654,5579,3505
5655,5580,3506
5656,5581,3506
5657,5582,3506
5658,5583,3506
5659,5584,3506
5660,5585,3506
5661,5586,3506
5662,5587,3506
5663,5588,3506
5664,5589,3506
5665,5590,3506
5666,5591,3506
5667,5592,3506
5668,5593,3506
5669,5594,3506
5670,5595,3506
5671,5596,3506
5672,5597,3506
5673,5598,3506
5674,5599,3506
5675,5600,3507
5676,5601,3508
5677,5602,3509
5678,5603,3510
5679,5604,3510
5680,5605,3510
5681,5606,3510
5682,5607,3510
5683,5608,3510
5684,5609,3510
5685,5610,3510
5686,5611,3510
5687,5612,3510
5688,5613,3510
5689,5614,3510
5690,5615,3511
5691,5616,3512
5692,5617,3513
5693,5618,3514
5694,5619,3515
5695,5620,3516
5696,5621,3517
5697,5622,3518
5698,5623,3519
5699,5624,3520
5700,5625,3521
5701,5626,3522
5702,5627,3523
5703,5628,3524
5704,5629,3525
5705,5630,3526
5706,5631,3527
5707,5632,3528
5708,5633,3529
5709,5634,3530
5710,5635,3531
5711,5636,3532
5712,5637,3532
5713,5638,3532
5714,5639,3533
5715,5640,3534
5716,5641,3535
5717,5642,3535
5718,5643,3535
5719,5644,3535
5720,5645,3535
5721,5646,3535
5722,5647,3535
5723,5648,3535
5724,5649,3535
5725,5650,3535
5726,5651,3535
5727,5652,3535
5728,5653,3535
5729,5654,3535
5730,5655,3535
5731,5656,3535
5732,5657,3535
5733,5658,3535
5734,5659,3536
5735,5660,3537
5736,5661,3538
5737,5662,3539
5738,5663,3540
5739,5664,3541
5740,5665,3542
5741,5666,3543
5742,5667,3544
5743,5668,3545
5744,5669,3546
5745,5670,3547
5746,5671,3548
5747,5672,3549
5748,5673,3550
5749,5674,3550
5750,5675,3550
5751,5676,3551
5752,5677,3552
5753,5678,3553
5754,5679,3554
5755,5680,3555
5756,5681,3556
5757,5682,3557
5758,5683,3558
5759,5684,3559
5760,5685,3560
5761,5686,3560
5762,5687,3560
5763,5688,3560
5764,5689,3560
5765,5690,3560
5766,5691,3560
5767,5692,3560
5768,5693,3560
5769,5694,3560
5770,5695,3560
5771,5696,3561
5772,5697,3562
5773,5698,3563
5774,5699,3564
5775,5700,3565
5776,5701,3566
5777,5702,3567
5778,5703,3568
5779,5704,3569
5780,5705,3570
5781,5706,3571
5782,5707,3572
5783,5708,3573
5784,5709,3574
5785,5710,3575
5786,5711,3576
5787,5712,3577
5788,5713,3578
5789,5714,3579
5790,5715,3580
5791,5716,3581
5792,5717,3582
5793,5718,3583
5794,5719,3584
5795,5720,3585
5796,5721,3586
5797,5722,3587
5798,5723,3587
5799,5724,3587
5800,5725,3587
5801,5726,3587
5802,5727,3587
5803,5728,3587
5804,5729,3587
5805,5730,3588
5806,5731,3589
5807,5732,3590
5808,5733,3591
5809,5734,3592
5810,5735,3593
5811,5736,3594
5812,5737,3595
5813,5738,3596
5814,5739,3597
5815,5740,3598
5816,5741,3599
5817,5742,3600
5818,5743,3601
5819,5744,3602
5820,5745,3603
5821,5746,3604
5822,5747,3605
5823,5748,3606
5824,5749,3607
5825,5750,3608
5826,5751,3609
5827,5752,3610
5828,5753,3611
5829,5754,3612
5830,5755,3613
5831,5756,3614
5832,5757,3615
5833,5758,3616
5834,5759,3617
5835,5760,3618
5836,5761,3619
5837,5762,3620
5838,5763,3621
5839,5764,3621
5840,5765,3621
5841,5766,3621
5842,5767,3621
5843,5768,3621
5844,5769,3621
5845,5770,3621
5846,5771,3621
5847,5772,3621
5848,5773,3622
5849,5774,3623
5850,5775,3624
5851,5776,3625
5852,5777,3626
5853,5778,3627
5854,5779,3628
5855,5780,3629
5856,5781,3630
5857,5782,3631
5858,5783,3632
5859,5784,3633
5860,5785,3634
5861,5786,3635
5862,5787,3636
5863,5788,3637
5864,5789,3638
5865,5790,3639
5866,5791,3640
5867,5792,3641
5868,5793,3642
5869,5794,3643
5870,5795,3644
5871,5796,3645
5872,5797,3646
5873,5798,3647
5874,5799,3648
5875,5800,3649
5876,5801,3650
5877,5802,3651
5878,5803,3652
5879,5804,3653
5880,5805,3653
5881,5806,3653
5882,5807,3653
5883,5808,3653
5884,5809,3653
5885,5810,3653
5886,5811,3654
5887,5812,3655
5888,5813,3656
5889,5814,3657
5890,5815,3658
5891,5816,3659
5892,5817,3660
5893,5818,3661
5894,5819,3662
5895,5820,3663
5896,5821,3664
5897,5822,3665
5898,5823,3665
5899,5824,3665
5900,5825,3665
5901,5826,3665
5902,5827,3665
5903,5828,3665
5904,5829,3666
5905,5830,3667
5906,5831,3668
5907,5832,3669
5908,5833,3670
5909,5834,3671
5910,5835,3672
5911,5836,3673
5912,5837,3674
5913,5838,3675
5914,5839,3676
5915,5840,3677
5916,5841,3678
5917,5842,3679
5918,5843,3680
5919,5844,3681
5920,5845,3682
5921,5846,3683
5922,5847,3684
5923,5848,3685
5924,5849,3686
5925,5850,3687
5926,5851,3688
5927,5852,3689
5928,5853,3690
5929,5854,3691
5930,5855,3692
5931,5856,3693
5932,5857,3694
5933,5858,3695
5934,5859,3696
5935,5860,3697
5936,5861,3698
5937,5862,3699
5938,5863,3700
5939,5864,3701
5940,5865,3701
5941,5866,3701
5942,5867,3701
5943,5868,3701
5944,5869,3701
5945,5870,3701
5946,5871,3701
5947,5872,3701
5948,5873,3701
5949,5874,3701
5950,5875,3701
5951,5876,3701
5952,5877,3701
5953,5878,3701
5954,5879,3701
5955,5880,3701
5956,5881,3701
5957,5882,3701
5958,5883,3701
5959,5884,3701
5960,5885,3701
5961,5886,3701
5962,5887,3701
5963,5888,3701
5964,5889,3701
5965,5890,3701
5966,5891,3701
5967,5892,3701
5968,5893,3701
5969,5894,3702
5970,5895,3703
5971,5896,3704
5972,5897,3705
5973,5898,3706
5974,5899,3707
5975,5900,3708
5976,5901,3709
5977,5902,3710
5978,5903,3711
5979,5904,3712
5980,5905,3713
5981,5906,3714
5982,5907,3715
5983,5908,3716
5984,5909,3717
5985,5910,3718
5986,5911,3719
5987,5912,3720
5988,5913,3721
5989,5914,3722
5990,5915,3723
5991,5916,3724
5992,5917,3725
5993,5918,3726
5994,5919,3727
5995,5920,3728
5996,5921,3729
5997,5922,3730
5998,5923,3730
5999,5924,3730
6000,5925,3730
6001,5926,3730
6002,5927,3730
6003,5928,3730
6004,5929,3730
6005,5930,3730
6006,5931,3730
6007,5932,3730
6008,5933,3730
6009,5934,3730
6010,5935,3731
6011,5936,3732
6012,5937,3733
6013,5938,3734
6014,5939,3735
6015,5940,3736
6016,5941,3736
6017,5942,3736
6018,5943,3736
6019,5944,3737
6020,5945,3738
6021,5946,3739
6022,5947,3740
6023,5948,3741
6024,5949,3742
6025,5950,3743
6026,5951,3744
6027,5952,3745
6028,5953,3746
6029,5954,3747
6030,5955,3748
6031,5956,3749
6032,5957,3750
6033,5958,3751
6034,5959,3752
6035,5960,3753
6036,5961,3754
6037,5962,3755
6038,5963,3756
6039,5964,3757
6040,5965,3758
6041,5966,3759
6042,5967,3760
6043,5968,3761
6044,5969,3762
6045,5970,3763
6046,5971,3764
6047,5972,3765
6048,5973,3766
6049,5974,3766
6050,5975,3766
6051,5976,3766
6052,5977,3766
6053,5978,3766
6054,5979,3766
6055,5980,3766
6056,5981,3766
6057,5982,3766
6058,5983,3766
6059,5984,3766
6060,5985,3766
6061,5986,3766
6062,5987,3766
6063,5988,3766
6064,5989,3766
6065,5990,3766
6066,5991,3766
6067,5992,3766
6068,5993,3766
6069,5994,3766
6070,5995,3766
6071,5996,3766
6072,5997,3766
6073,5998,3766
6074,5999,3766
6075,6000,3766
6076,6001,3766
6077,6002,3766
6078,6003,3766
6079,6004,3766
6080,6005,3766
6081,6006,3766
6082,6007,3766
6083,6008,3766
6084,6009,3766
6085,6010,3766
6086,6011,3767
6087,6012,3768
6088,6013,3769
6089,6014,3770
6090,6015,3771
6091,6016,3772
6092,6017,3773
6093,6018,3774
6094,6019,3775
6095,6020,3776
6096,6021,3777
6097,6022,3778
6098,6023,3779
6099,6024,3780
6100,6025,3781
6101,6026,3782
6102,6027,3783
6103,6028,3784
6104,6029,3785
6105,6030,3786
6106,6031,3787
6107,6032,3788
6108,6033,3789
6109,6034,3790
6110,6035,3791
6111,6036,3792
6112,6037,3793
6113,6038,3794
6114,6039,3795
6115,6040,3796
6116,6041,3797
6117,6042,3798
6118,6043,3799
6119,6044,3800
6120,6045,3801
6121,6046,3802
6122,6047,3803
6123,6048,3803
6124,6049,3803
6125,6050,3803
6126,6051,3803
6127,6052,3803
6128,6053,3803
6129,6054,3803
6130,6055,3803
6131,6056,3803
6132,6057,3804
6133,6058,3805
6134,6059,3806
6135,6060,3807
6136,6061,3808
6137,6062,3809
6138,6063,3810
6139,6064,3811
6140,6065,3812
6141,6066,3813
6142,6067,3814
6143,6068,3815
6144,6069,3816
6145,6070,3817
6146,6071,3818
6147,6072,3818
6148,6073,3818
6149,6074,3818
6150,6075,3818
6151,6076,3818
6152,6077,3818
6153,6078,3819
6154,6079,3820
6155,6080,3821
6156,6081,3822
6157,6082,3822
6158,6083,3822
6159,6084,3822
6160,6085,3822
6161,6086,3822
6162,6087,3822
6163,6088,3822
6164,6089,3822
6165,6090,3822
6166,6091,3822
6167,6092,3822
6168,6093,3822
6169,6094,3823
6170,6095,3824
6171,6096,3825
6172,6097,3826
6173,6098,3827
6174,6099,3828
6175,6100,3829
6176,6101,3830
6177,6102,3831
6178,6103,3832
6179,6104,3833
6180,6105,3834
6181,6106,3835
6182,6107,3836
6183,6108,3837
6184,6109,3838
6185,6110,3839
6186,6111,3840
6187,6112,3841
6188,6113,3841
6189,6114,3841
6190,6115,3841
6191,6116,3841
6192,6117,3842
6193,6118,3843
6194,6119,3844
6195,6120,3845
6196,6121,3846
6197,6122,3846
6198,6123,3846
6199,6124,3846
6200,6125,3846
6201,6126,3846
6202,6127,3846
6203,6128,3846
6204,6129,3846
6205,6130,3846
6206,6131,3846
6207,6132,3847
6208,6133,3848
6209,6134,3849
6210,6135,3850
6211,6136,3851
6212,6137,3852
6213,6138,3853
6214,6139,3854
6215,6140,3855
6216,6141,3856
6217,6142,3857
6218,6143,3858
6219,6144,3859
6220,6145,3860
6221,6146,3860
6222,6147,3860
6223,6148,3860
6224,6149,3860
6225,6150,3860
6226,6151,3860
6227,6152,3860
6228,6153,3860
6229,6154,3861
6230,6155,3862
6231,6156,3863
6232,6157,3864
6233,6158,3865
6234,6159,3866
6235,6160,3867
6236,6161,3868
6237,6162,3869
6238,6163,3870
6239,6164,3871
6240,6165,3872
6241,6166,3873
6242,6167,3874
6243,6168,3875
6244,6169,3875
6245,6170,3875
6246,6171,3875
6247,6172,3875
6248,6173,3875
6249,6174,3875
6250,6175,3875
6251,6176,3875
6252,6177,3876
6253,6178,3877
6254,6179,3878
6255,6180,3879
6256,6181,3880
6257,6182,3881
6258,6183,3881
6259,6184,3881
6260,6185,3881
6261,6186,3881
6262,6187,3881
6263,6188,3881
6264,6189,3881
6265,6190,3881
6266,6191,3881
6267,6192,3881
6268,6193,3881
6269,6194,3881
6270,6195,3881
6271,6196,3882
6272,6197,3883
6273,6198,3884
6274,6199,3885
6275,6200,3886
6276,6201,3887
6277,6202,3888
6278,6203,3889
6279,6204,3890
6280,6205,3891
6281,6206,3892
6282,6207,3893
6283,6208,3894
6284,6209,3895
6285,6210,3896
6286,6211,3897
6287,6212,3898
6288,6213,3899
6289,6214,3900
6290,6215,3901
6291,6216,3902
6292,6217,3903
6293,6218,3904
6294,6219,3905
6295,6220,3906
6296,6221,3907
6297,6222,3908
6298,6223,3909
6299,6224,3910
6300,6225,3911
6301,6226,3912
6302,6227,3913
6303,6228,3914
6304,6229,3915
6305,6230,3916
6306,6231,3917
6307,6232,3918
6308,6233,3919
6309,6234,3920
6310,6235,3921
6311,6236,3922
6312,6237,3922
6313,6238,3922
6314,6239,3922
6315,6240,3922
6316,6241,3922
6317,6242,3922
6318,6243,3922
6319,6244,3922
6320,6245,3922
6321,6246,3922
6322,6247,3922
6323,6248,3922
6324,6249,3922
6325,6250,3922
6326,6251,3922
6327,6252,3922
6328,6253,3922
6329,6254,3922
6330,6255,3922
6331,6256,3922
6332,6257,3922
6333,6258,3922
6334,6259,3922
6335,6260,3922
6336,6261,3922
6337,6262,3922
6338,6263,3922
6339,6264,3922
6340,6265,3922
6341,6266,3922
6342,6267,3922
6343,6268,3922
6344,6269,3922
6345,6270,3923
6346,6271,3924
6347,6272,3925
6348,6273,3926
6349,6274,3927
6350,6275,3928
6351,6276,3929
6352,6277,3930
6353,6278,3931
6354,6279,3932
6355,6280,3933
6356,6281,3934
6357,6282,3935
6358,6283,3935
6359,6284,3935
6360,6285,3935
6361,6286,3935
6362,6287,3935
6363,6288,3935
6364,6289,3935
6365,6290,3935
6366,6291,3935
6367,6292,3936
6368,6293,3937
6369,6294,3938
6370,6295,3939
6371,6296,3940
6372,6297,3941
6373,6298,3942
6374,6299,3943
6375,6300,3944
6376,6301,3945
6377,6302,3946
6378,6303,3947
6379,6304,3947
6380,6305,3947
6381,6306,3947
6382,6307,3947
6383,6308,3947
6384,6309,3947
6385,6310,3947
6386,6311,3947
6387,6312,3947
6388,6313,3947
6389,6314,3947
6390,6315,3948
6391,6316,3949
6392,6317,3950
6393,6318,3951
6394,6319,3952
6395,6320,3953
6396,6321,3954
6397,6322,3955
6398,6323,3956
6399,6324,3957
6400,6325,3958
6401,6326,3959
6402,6327,3960
6403,6328,3961
6404,6329,3962
6405,6330,3963
6406,6331,3964
6407,6332,3965
6408,6333,3966
6409,6334,3967
6410,6335,3968
6411,6336,3969
6412,6337,3970
6413,6338,3971
6414,6339,3972
6415,6340,3973
6416,6341,3974
6417,6342,3975
6418,6343,3976
6419,6344,3977
6420,6345,3978
6421,6346,3979
6422,6347,3980
6423,6348,3981
6424,6349,3982
6425,6350,3983
6426,6351,3984
6427,6352,3985
6428,6353,3986
6429,6354,3987
6430,6355,3988
6431,6356,3989
6432,6357,3990
6433,6358,3991
6434,6359,3992
6435,6360,3993
6436,6361,3994
6437,6362,3995
6438,6363,3996
6439,6364,3997
6440,6365,3998
6441,6366,3999
6442,6367,3999
6443,6368,3999
6444,6369,3999
6445,6370,3999
6446,6371,3999
6447,6372,3999
6448,6373,3999
6449,6374,3999
6450,6375,3999
6451,6376,3999
6452,6377,3999
6453,6378,3999
6454,6379,3999
6455,6380,3999
6456,6381,3999
6457,6382,3999
6458,6383,3999
6459,6384,3999
6460,6385,3999
6461,6386,3999
6462,6387,4000
6463,6388,4001
6464,6389,4002
6465,6390,4003
6466,6391,4004
6467,6392,4005
6468,6393,4006
6469,6394,4007
6470,6395,4008
6471,6396,4009
6472,6397,4010
6473,6398,4011
6474,6399,4012
6475,6400,4013
6476,6401,4014
6477,6402,4015
6478,6403,4016
6479,6404,4017
6480,6405,4018
6481,6406,4019
6482,6407,4020
6483,6408,4021
6484,6409,4022
6485,6410,4023
6486,6411,4024
6487,6412,4025
6488,6413,4025
6489,6414,4025
6490,6415,4025
6491,6416,4025
6492,6417,4025
6493,6418,4025
6494,6419,4026
6495,6420,4027
6496,6421,4028
6497,6422,4029
6498,6423,4030
6499,6424,4031
6500,6425,4032
6501,6426,4033
6502,6427,4034
6503,6428,4035
6504,6429,4036
6505,6430,4037
6506,6431,4038
6507,6432,4039
6508,6433,4040
6509,6434,4041
6510,6435,4042
6511,6436,4043
6512,6437,4044
6513,6438,4044
6514,6439,4045
6515,6440,4046
6516,6440,4047
6517,6440,4048
6518,6441,4049
6519,6442,4050
6520,6443,4051
6521,6444,4052
6522,6445,4053
6523,6446,4054
6524,6447,4055
6525,6448,4056
6526,6449,4057
6527,6450,4058
6528,6451,4059
6529,6452,4060
6530,6453,4061
6531,6454,4062
6532,6455,4063
6533,6456,4064
6534,6457,4065
6535,6458,4066
6536,6459,4067
6537,6460,4068
6538,6461,4069
6539,6462,4070
6540,6463,4071
6541,6464,4072
6542,6465,4073
6543,6466,4074
6544,6467,4075
6545,6468,4076
6546,6469,4077
6547,6470,4078
6548,6471,4079
6549,6472,4080
6550,6473,4081
6551,6474,4082
6552,6475,4083
6553,6476,4084
6554,6477,4085
6555,6478,4086
6556,6479,4087
6557,6480,4088
6558,6481,4089
6559,6482,4090
6560,6483,4091
6561,6484,4092
6562,6485,4093
6563,6486,4094
6564,6487,4095
6565,6488,4096
6566,6489,4097
6567,6490,4098
6568,6491,4099
6569,6492,4100
6570,6493,4101
6571,6494,4102
6572,6495,4103
6573,6496,4104
6574,6497,4105
6575,6498,4106
6576,6499,4107
6577,6500,4108
6578,6501,4109
6579,6502,4110
6580,6503,4111
6581,6504,4112
6582,6505,4113
6583,6506,4114
6584,6507,4115
6585,6508,4116
6586,6509,4117
6587,6510,4118
6588,6511,4119
6589,6512,4120
6590,6513,4121
6591,6514,4122
6592,6515,4123
6593,6516,4124
6594,6517,4125
6595,6518,4126
6596,6519,4127
6597,6520,4128
6598,6521,4129
6599,6522,4130
6600,6523,4131
6601,6524,4132
6602,6525,4133
6603,6526,4134
6604,6527,4135
6605,6528,4136
6606,6529,4137
6607,6530,4138
6608,6531,4139
6609,6532,4140
6610,6533,4141
6611,6534,4142
6612,6535,4142
6613,6536,4142
6614,6537,4142
6615,6538,4142
6616,6539,4143
6617,6540,4144
6618,6541,4145
6619,6542,4146
6620,6543,4147
6621,6544,4148
6622,6545,4149
6623,6546,4150
6624,6547,4151
6625,6548,4152
6626,6549,4153
6627,6550,4154
6628,6551,4155
6629,6552,4156
6630,6553,4157
6631,6554,4157
6632,6555,4157
6633,6556,4157
6634,6557,4157
6635,6558,4157
6636,6559,4158
6637,6560,4159
6638,6561,4160
6639,6562,4161
6640,6563,4162
6641,6564,4163
6642,6565,4164
6643,6566,4165
6644,6567,4166
6645,6568,4167
6646,6569,4168
6647,6570,4169
6648,6571,4170
6649,6572,4171
6650,6573,4172
6651,6574,4173
6652,6575,4174
6653,6576,4175
6654,6577,4176
6655,6578,4177
6656,6579,4178
6657,6580,4179
6658,6581,4180
6659,6582,4181
6660,6583,4182
6661,6584,4183
6662,6585,4184
6663,6586,4185
6664,6587,4186
6665,6588,4187
6666,6589,4188
6667,6590,4189
6668,6591,4190
6669,6592,4191
6670,6593,4192
6671,6594,4193
6672,6595,4194
6673,6596,4195
6674,6597,4196
6675,6598,4197
6676,6599,4198
6677,6600,4199
6678,6601,4200
6679,6602,4201
6680,6603,4202
6681,6604,4203
6682,6605,4204
6683,6606,4205
6684,6607,4206
6685,6608,4207
6686,6609,4208
6687,6610,4209
6688,6611,4210
6689,6612,4211
6690,6613,4212
6691,6614,4213
6692,6615,4214
6693,6616,4215
6694,6617,4216
6695,6618,4217
6696,6619,4218
6697,6620,4219
6698,6621,4219
6699,6622,4219
6700,6623,4219
6701,6624,4219
6702,6625,4219
6703,6626,4219
6704,6627,4219
6705,6628,4219
6706,6629,4219
6707,6630,4219
6708,6631,4219
6709,6632,4219
6710,6633,4220
6711,6634,4221
6712,6635,4222
6713,6636,4223
6714,6637,4224
6715,6638,4225
6716,6639,4226
6717,6640,4227
6718,6640,4228
6719,6641,4229
6720,6642,4230
6721,6643,4231
6722,6644,4232
6723,6645,4233
6724,6646,4234
6725,6647,4235
6726,6648,4236
6727,6649,4237
6728,6650,4238
6729,6651,4239
6730,6652,4240
6731,6653,4241
6732,6654,4242
6733,6655,4243
6734,6656,4244
6735,6657,4245
6736,6658,4246
6737,6659,4247
6738,6660,4248
6739,6660,4249
6740,6660,4250
6741,6660,4251
6742,6660,4252
6743,6660,4253
6744,6660,4254
6745,6660,4255
6746,6660,4256
6747,6660,4257
6748,6661,4258
6749,6662,4259
6750,6663,4260
6751,6664,4261
6752,6665,4262
6753,6666,4263
6754,6667,4264
6755,6668,4265
6756,6669,4266
6757,6670,4267
6758,6671,4268
6759,6672,4269
6760,6673,4270
6761,6674,4271
6762,6675,4272
6763,6676,4273
6764,6677,4274
6765,6678,4275
6766,6679,4276
6767,6680,4277
6768,6680,4278
6769,6680,4279
6770,6680,4280
6771,6680,4281
6772,6680,4282
6773,6680,4283
6774,6680,4284
6775,6680,4285
6776,6680,4286
6777,6680,4287
6778,6680,4288
6779,6680,4289
6780,6680,4290
6781,6680,4291
6782,6680,4292
6783,6680,4293
6784,6680,4294
6785,6680,4295
6786,6680,4296
6787,6680,4297
6788,6680,4298
6789,6680,4299
6790,6680,4300
6791,6680,4301
6792,6680,4302
6793,6680,4303
6794,6680,4304
6795,6680,4305
6796,6680,4306
6797,6680,4307
6798,6680,4308
6799,6680,4309
6800,6680,4310
6801,6680,4311
6802,6680,4312
6803,6680,4313
6804,6680,4314
6805,6680,4315
6806,6680,4316
6807,6680,4317
6808,6680,4318
6809,6680,4319
6810,6680,4320
6811,6680,4321
6812,6680,4322
6813,6680,4323
6814,6680,4324
6815,6680,4325
6816,6680,4326
6817,6680,4327
6818,6680,4328
6819,6680,4329
6820,6680,4330
6821,6680,4331
6822,6680,4332
6823,6680,4333
6824,6681,4334
6825,6682,4335
6826,6683,4336
6827,6684,4337
6828,6685,4338
6829,6686,4339
6830,6687,4340
6831,6688,4341
6832,6689,4342
6833,6690,4343
6834,6691,4344
6835,6692,4345
6836,6693,4346
6837,6694,4347
6838,6695,4348
6839,6696,4349
6840,6697,4350
6841,6698,4351
6842,6699,4352
6843,6700,4353
6844,6701,4354
6845,6702,4355
6846,6703,4356
6847,6704,4357
6848,6705,4358
6849,6706,4359
6850,6707,4360
6851,6708,4361
6852,6709,4362
6853,6710,4363
6854,6711,4364
6855,6712,4365
6856,6713,4366
6857,6714,4367
6858,6715,4368
6859,6716,4369
6860,6717,4370
6861,6718,4371
6862,6719,4372
6863,6720,4373
6864,6721,4374
6865,6722,4375
6866,6723,4376
6867,6724,4377
6868,6725,4378
6869,6726,4379
6870,6727,4380
6871,6728,4381
6872,6729,4382
6873,6730,4382
6874,6731,4382
6875,6732,4382
6876,6733,4382
6877,6734,4382
6878,6735,4382
6879,6736,4382
6880,6737,4382
6881,6738,4382
6882,6739,4382
6883,6740,4382
6884,6741,4382
6885,6742,4382
6886,6743,4382
6887,6744,4382
6888,6745,4382
6889,6746,4382
6890,6747,4382
6891,6748,4382
6892,6749,4382
6893,6750,4382
6894,6751,4382
6895,6752,4382
6896,6753,4382
6897,6754,4382
6898,6755,4382
6899,6756,4383
6900,6757,4384
6901,6758,4385
6902,6759,4386
6903,6760,4387
6904,6761,4388
6905,6762,4389
6906,6763,4389
6907,6764,4389
6908,6765,4389
6909,6766,4389
6910,6767,4389
6911,6768,4389
6912,6769,4389
6913,6770,4389
6914,6771,4389
6915,6772,4390
6916,6773,4391
6917,6774,4392
6918,6775,4393
6919,6776,4394
6920,6777,4395
6921,6778,4396
6922,6779,4397
6923,6780,4398
6924,6781,4399
6925,6782,4400
6926,6783,4401
6927,6784,4402
6928,6785,4403
6929,6786,4404
6930,6787,4405
6931,6788,4406
6932,6789,4407
6933,6790,4408
6934,6791,4409
6935,6792,4410
6936,6793,4411
6937,6794,4412
6938,6795,4413
6939,6796,4414
6940,6797,4414
6941,6798,4415
6942,6799,4416
6943,6800,4417
6944,6801,4418
6945,6802,4419
6946,6803,4420
6947,6804,4421
6948,6805,4422
6949,6806,4423
6950,6807,4424
6951,6808,4425
6952,6809,4425
6953,6810,4425
6954,6811,4425
6955,6812,4425
6956,6813,4425
6957,6814,4425
6958,6815,4425
6959,6816,4426
6960,6817,4427
6961,6818,4428
6962,6819,4429
6963,6820,4430
6964,6821,4431
6965,6822,4432
6966,6823,4433
6967,6824,4434
6968,6825,4435
6969,6826,4435
6970,6827,4435
6971,6828,4435
6972,6829,4435
6973,6830,4435
6974,6831,4435
6975,6832,4435
6976,6833,4436
6977,6834,4437
6978,6835,4438
6979,6836,4439
6980,6837,4440
6981,6838,4441
6982,6839,4442
6983,6840,4443
6984,6841,4444
6985,6842,4445
6986,6843,4446
6987,6844,4447
6988,6845,4448
6989,6846,4449
6990,6847,4449
6991,6848,4449
6992,6849,4449
6993,6850,4449
6994,6851,4449
6995,6852,4449
6996,6853,4449
6997,6854,4449
6998,6855,4449
6999,6856,4449
7000,6857,4449
7001,6858,4449
7002,6859,4450
7003,6860,4451
7004,6861,4451
7005,6862,4451
7006,6863,4451
7007,6864,4451
7008,6865,4451
7009,6866,4451
7010,6867,4451
7011,6868,4451
7012,6869,4451
7013,6870,4452
7014,6871,4453
7015,6872,4454
7016,6873,4455
7017,6874,4456
7018,6875,4457
7019,6876,4458
7020,6877,4459
7021,6878,4460
7022,6879,4461
7023,6880,4462
7024,6881,4463
7025,6882,4464
7026,6883,4465
7027,6884,4466
7028,6885,4467
7029,6886,4468
7030,6887,4469
7031,6888,4469
7032,6889,4469
7033,6890,4469
7034,6891,4469
7035,6892,4469
7036,6893,4469
7037,6894,4469
7038,6895,4469
7039,6896,4469
7040,6897,4469
7041,6898,4469
7042,6899,4469
7043,6900,4470
7044,6901,4471
7045,6902,4472
7046,6903,4473
7047,6904,4474
7048,6905,4475
7049,6906,4476
7050,6907,4477
7051,6908,4478
7052,6909,4478
7053,6910,4478
7054,6911,4478
7055,6912,4478
7056,6913,4478
7057,6914,4478
7058,6915,4478
7059,6916,4478
7060,6917,4478
7061,6918,4478
7062,6919,4479
7063,6920,4480
7064,6921,4481
7065,6922,4482
7066,6923,4483
7067,6924,4483
7068,6925,4483
7069,6926,4483
7070,6927,4483
7071,6928,4483
7072,6929,4483
7073,6930,4483
7074,6931,4483
7075,6932,4483
7076,6933,4483
7077,6934,4483
7078,6935,4483
7079,6936,4483
7080,6937,4484
7081,6938,4485
7082,6939,4486
7083,6940,4487
7084,6941,4487
7085,6942,4487
7086,6943,4487
7087,6944,4487
7088,6945,4487
7089,6946,4487
7090,6947,4487
7091,6948,4487
7092,6949,4487
7093,6950,4487
7094,6951,4487
7095,6952,4488
7096,6953,4489
7097,6954,4490
7098,6955,4491
7099,6956,4492
7100,6957,4493
7101,6958,4494
7102,6959,4495
7103,6960,4496
7104,6961,4497
7105,6962,4497
7106,6963,4497
7107,6964,4497
7108,6965,4497
7109,6966,4497
7110,6967,4497
7111,6968,4497
7112,6969,4497
7113,6970,4497
7114,6971,4497
7115,6972,4497
7116,6973,4497
7117,6974,4497
7118,6975,4498
7119,6976,4499
7120,6977,4500
7121,6978,4501
7122,6979,4502
7123,6980,4503
7124,6981,4504
7125,6982,4505
7126,6983,4506
7127,6984,4507
7128,6985,4508
7129,6986,4509
7130,6987,4510
7131,6988,4510
7132,6989,4510
7133,6990,4510
7134,6991,4510
7135,6992,4510
7136,6993,4510
7137,6994,4510
7138,6995,4510
7139,6996,4510
7140,6997,4510
7141,6998,4510
7142,6999,4510
7143,7000,4511
7144,7001,4511
7145,7002,4511
7146,7003,4511
7147,7004,4511
7148,7005,4511
7149,7006,4511
7150,7007,4511
7151,7008,4511
7152,7009,4512
7153,7010,4513
7154,7011,4514
7155,7012,4515
7156,7013,4516
7157,7014,4517
7158,7015,4518
7159,7016,4519
7160,7017,4520
7161,7018,4521
7162,7019,4522
7163,7020,4523
7164,7021,4524
7165,7022,4525
7166,7023,4526
7167,7024,4527
7168,7025,4528
7169,7026,4528
7170,7027,4528
7171,7028,4528
7172,7029,4528
7173,7030,4528
7174,7031,4528
7175,7032,4528
7176,7033,4528
7177,7034,4528
7178,7035,4528
7179,7036,4528
7180,7037,4528
7181,7038,4528
7182,7039,4528
7183,7040,4529
7184,7041,4530
7185,7042,4531
7186,7043,4532
7187,7044,4532
7188,7045,4532
7189,7046,4532
7190,7047,4532
7191,7048,4532
7192,7049,4532
7193,7050,4532
7194,7051,4532
7195,7052,4532
7196,7053,4532
7197,7054,4532
7198,7055,4532
7199,7056,4533
7200,7057,4534
7201,7058,4535
7202,7059,4536
7203,7060,4537
7204,7061,4538
7205,7062,4539
7206,7063,4540
7207,7064,4541
7208,7065,4542
7209,7066,4543
7210,7067,4544
7211,7068,4545
7212,7069,4546
7213,7070,4547
7214,7071,4548
7215,7072,4549
7216,7073,4550
7217,7074,4551
7218,7075,4552
7219,7076,4553
7220,7077,4554
7221,7078,4555
7222,7079,4556
7223,7080,4557
7224,7081,4558
7225,7082,4559
7226,7083,4560
7227,7084,4561
7228,7085,4562
7229,7086,4563
7230,7087,4564
7231,7088,4565
7232,7089,4566
7233,7090,4566
7234,7091,4566
7235,7092,4566
7236,7093,4566
7237,7094,4566
7238,7095,4566
7239,7096,4566
7240,7097,4566
7241,7098,4566
7242,7099,4566
7243,7100,4566
7244,7101,4566
7245,7102,4566
7246,7103,4566
7247,7104,4566
7248,7105,4566
7249,7106,4566
7250,7107,4566
7251,7108,4566
7252,7109,4566
7253,7110,4566
7254,7111,4566
7255,7112,4566
7256,7113,4566
7257,7114,4566
7258,7115,4566
7259,7116,4566
7260,7117,4566
7261,7118,4566
7262,7119,4566
7263,7120,4566
7264,7121,4566
7265,7122,4566
7266,7123,4566
7267,7124,4566
7268,7125,4566
7269,7126,4566
7270,7127,4566
7271,7128,4566
7272,7129,4567
7273,7130,4568
7274,7131,4569
7275,7132,4570
7276,7133,4571
7277,7134,4572
7278,7135,4573
7279,7136,4574
7280,7137,4575
7281,7138,4576
7282,7139,4577
7283,7140,4578
7284,7141,4579
7285,7142,4580
7286,7143,4580
7287,7144,4580
7288,7145,4580
7289,7146,4580
7290,7147,4580
7291,7148,4580
7292,7149,4580
7293,7150,4580
7294,7151,4580
7295,7152,4580
7296,7153,4580
7297,7154,4580
7298,7155,4580
7299,7156,4580
7300,7157,4580
7301,7158,4580
7302,7159,4580
7303,7160,4580
7304,7161,4580
7305,7162,4580
7306,7163,4580
7307,7164,4580
7308,7165,4580
7309,7166,4580
7310,7167,4580
7311,7168,4580
7312,7169,4580
7313,7170,4580
7314,7171,4580
7315,7172,4580
7316,7173,4581
7317,7174,4582
7318,7175,4583
7319,7176,4584
7320,7177,4585
7321,7178,4586
7322,7179,4587
7323,7180,4588
7324,7181,4589
7325,7182,4589
7326,7183,4589
7327,7184,4589
7328,7185,4589
7329,7186,4589
7330,7187,4589
7331,7188,4589
7332,7189,4589
7333,7190,4589
7334,7191,4590
7335,7192,4591
7336,7193,4592
7337,7194,4593
7338,7195,4594
7339,7196,4595
7340,7197,4596
7341,7198,4597
7342,7199,4598
7343,7200,4599
7344,7201,4600
7345,7202,4601
7346,7203,4602
7347,7204,4603
7348,7205,4604
7349,7206,4605
7350,7207,4606
7351,7208,4607
7352,7209,4608
7353,7210,4609
7354,7211,4610
7355,7212,4611
7356,7213,4612
7357,7214,4613
7358,7215,4614
7359,7216,4615
7360,7217,4616
7361,7218,4617
7362,7219,4618
7363,7220,4618
7364,7221,4618
7365,7222,4618
7366,7223,4618
7367,7224,4618
7368,7225,4618
7369,7226,4618
7370,7227,4618
7371,7228,4618
7372,7229,4618
7373,7230,4618
7374,7231,4618
7375,7232,4618
7376,7233,4618
7377,7234,4618
7378,7235,4618
7379,7236,4618
7380,7237,4618
7381,7238,4618
7382,7239,4618
7383,7240,4619
7384,7241,4619
7385,7242,4619
7386,7243,4619
7387,7244,4619
7388,7245,4619
7389,7246,4619
7390,7247,4619
7391,7248,4619
7392,7249,4619
7393,7250,4619
7394,7251,4620
7395,7252,4621
7396,7253,4622
7397,7254,4623
7398,7255,4624
7399,7256,4625
7400,7257,4626
7401,7258,4627
7402,7259,4628
7403,7260,4629
7404,7261,4630
7405,7262,4631
7406,7263,4632
7407,7264,4633
7408,7265,4634
7409,7266,4635
7410,7267,4635
7411,7268,4635
7412,7269,4635
7413,7270,4635
7414,7271,4635
7415,7272,4635
7416,7273,4635
7417,7274,4635
7418,7275,4635
7419,7276,4635
7420,7277,4635
7421,7278,4635
7422,7279,4636
7423,7280,4637
7424,7281,4638
7425,7282,4639
7426,7283,4640
7427,7284,4641
7428,7285,4642
7429,7286,4643
7430,7287,4643
7431,7288,4643
7432,7289,4643
7433,7290,4643
7434,7291,4643
7435,7292,4643
7436,7293,4643
7437,7294,4643
7438,7295,4643
7439,7296,4643
7440,7297,4643
7441,7298,4643
7442,7299,4643
7443,7300,4644
7444,7301,4645
7445,7302,4646
7446,7303,4647
7447,7304,4648
7448,7305,4649
7449,7306,4650
7450,7307,4650
7451,7308,4650
7452,7309,4650
7453,7310,4650
7454,7311,4650
7455,7312,4650
7456,7313,4650
7457,7314,4650
7458,7315,4650
7459,7316,4650
7460,7317,4650
7461,7318,4651
7462,7319,4652
7463,7320,4653
7464,7321,4654
7465,7322,4655
7466,7323,4656
7467,7324,4657
7468,7325,4658
7469,7326,4658
7470,7327,4658
7471,7328,4658
7472,7329,4658
7473,7330,4658
7474,7331,4658
7475,7332,4658
7476,7333,4658
7477,7334,4658
7478,7335,4658
7479,7336,4658
7480,7337,4658
7481,7338,4658
7482,7339,4658
7483,7340,4659
7484,7341,4659
7485,7342,4659
7486,7343,4659
7487,7344,4659
7488,7345,4659
7489,7346,4659
7490,7347,4659
7491,7348,4659
7492,7349,4659
7493,7350,4660
7494,7351,4661
7495,7352,4662
7496,7353,4663
7497,7354,4664
7498,7355,4665
7499,7356,4666
7500,7357,4667
7501,7358,4668
7502,7359,4669
7503,7360,4670
7504,7361,4671
7505,7362,4672
7506,7363,4673
7507,7364,4674
7508,7365,4675
7509,7366,4675
7510,7367,4675
7511,7368,4675
7512,7369,4675
7513,7370,4675
7514,7371,4675
7515,7372,4675
7516,7373,4675
7517,7374,4675
7518,7375,4675
7519,7376,4675
7520,7377,4675
7521,7378,4675
7522,7379,4676
7523,7380,4677
7524,7381,4678
7525,7382,4679
7526,7383,4680
7527,7384,4681
7528,7385,4682
7529,7386,4683
7530,7387,4683
7531,7388,4683
7532,7389,4683
7533,7390,4683
7534,7391,4683
7535,7392,4683
7536,7393,4683
7537,7394,4683
7538,7395,4683
7539,7396,4683
7540,7397,4683
7541,7398,4683
7542,7399,4684
7543,7400,4685
7544,7401,4686
7545,7402,4687
7546,7403,4688
7547,7404,4689
7548,7405,4690
7549,7406,4691
7550,7407,4691
7551,7408,4691
7552,7409,4691
7553,7410,4691
7554,7411,4691
7555,7412,4691
7556,7413,4691
7557,7414,4691
7558,7415,4691
7559,7416,4691
7560,7417,4691
7561,7418,4691
7562,7419,4691
7563,7420,4692
7564,7421,4693
7565,7422,4694
7566,7423,4695
7567,7424,4696
7568,7425,4697
7569,7426,4698
7570,7427,4699
7571,7428,4700
7572,7429,4701
7573,7430,4702
7574,7431,4703
7575,7432,4703
7576,7433,4703
7577,7434,4703
7578,7435,4703
7579,7436,4703
7580,7437,4703
7581,7438,4703
7582,7439,4703
7583,7440,4703
7584,7441,4703
7585,7442,4703
7586,7443,4703
7587,7444,4703
7588,7445,4703
7589,7446,4703
7590,7447,4703
7591,7448,4703
7592,7449,4703
7593,7450,4703
7594,7451,4703
7595,7452,4703
7596,7453,4703
7597,7454,4703
7598,7455,4703
7599,7456,4703
7600,7457,4703
7601,7458,4704
7602,7459,4705
7603,7460,4706
7604,7461,4707
7605,7462,4708
7606,7463,4709
7607,7464,4710
7608,7465,4711
7609,7466,4712
7610,7467,4713
7611,7468,4714
7612,7469,4714
7613,7470,4714
7614,7471,4714
7615,7472,4714
7616,7473,4714
7617,7474,4714
7618,7475,4714
7619,7476,4715
7620,7477,4716
7621,7478,4717
7622,7479,4718
7623,7480,4719
7624,7481,4719
7625,7482,4719
7626,7483,4719
7627,7484,4719
7628,7485,4719
7629,7486,4719
7630,7487,4719
7631,7488,4719
7632,7489,4719
7633,7490,4719
7634,7491,4719
7635,7492,4719
7636,7493,4719
7637,7494,4720
7638,7495,4721
7639,7496,4722
7640,7497,4723
7641,7498,4724
7642,7499,4725
7643,7500,4726
7644,7501,4727
7645,7502,4728
7646,7503,4729
7647,7504,4730
7648,7505,4730
7649,7506,4730
7650,7507,4730
7651,7508,4730
7652,7509,4730
7653,7510,4730
7654,7511,4730
7655,7512,4730
7656,7513,4730
7657,7514,4730
7658,7515,4730
7659,7516,4730
7660,7517,4730
7661,7518,4730
7662,7519,4731
7663,7520,4732
7664,7521,4733
7665,7522,4734
7666,7523,4735
7667,7524,4735
7668,7525,4735
7669,7526,4735
7670,7527,4735
7671,7528,4735
7672,7529,4735
7673,7530,4735
7674,7531,4735
7675,7532,4735
7676,7533,4735
7677,7534,4735
7678,7535,4736
7679,7536,4737
7680,7537,4738
7681,7538,4739
7682,7539,4740
7683,7540,4741
7684,7541,4742
7685,7542,4743
7686,7543,4744
7687,7544,4745
7688,7545,4746
7689,7546,4747
7690,7547,4748
7691,7548,4749
7692,7549,4750
7693,7550,4751
7694,7551,4752
7695,7552,4753
7696,7553,4754
7697,7554,4755
7698,7555,4756
7699,7556,4757
7700,7557,4758
7701,7558,4759
7702,7559,4760
7703,7560,4761
7704,7561,4762
7705,7562,4762
7706,7563,4762
7707,7564,4762
7708,7565,4762
7709,7566,4762
7710,7567,4762
7711,7568,4762
7712,7569,4762
7713,7570,4762
7714,7571,4762
7715,7572,4762
7716,7573,4762
7717,7574,4762
7718,7575,4762
7719,7576,4762
7720,7577,4762
7721,7578,4762
7722,7579,4763
7723,7580,4764
7724,7581,4765
7725,7582,4766
7726,7583,4767
7727,7584,4768
7728,7585,4769
7729,7586,4770
7730,7587,4771
7731,7588,4772
7732,7589,4773
7733,7590,4774
7734,7591,4775
7735,7592,4776
7736,7593,4777
7737,7594,4778
7738,7595,4779
7739,7596,4780
7740,7597,4781
7741,7598,4782
7742,7599,4783
7743,7600,4784
7744,7600,4785
7745,7600,4786
7746,7600,4787
7747,7600,4788
7748,7600,4789
7749,7600,4790
7750,7600,4791
7751,7600,4792
7752,7600,4793
7753,7600,4794
7754,7600,4795
7755,7600,4796
7756,7600,4797
7757,7600,4798
7758,7600,4799
7759,7600,4800
7760,7600,4801
7761,7600,4802
7762,7600,4803
7763,7600,4804
7764,7600,4805
7765,7600,4806
7766,7600,4807
7767,7600,4808
7768,7600,4809
7769,7600,4810
7770,7600,4811
7771,7600,4812
7772,7600,4813
7773,7600,4814
7774,7600,4815
7775,7600,4816
7776,7600,4817
7777,7600,4818
7778,7600,4819
7779,7600,4820
7780,7600,4821
7781,7600,4822
7782,7600,4823
7783,7600,4824
7784,7600,4825
7785,7600,4826
7786,7600,4827
7787,7600,4828
7788,7600,4829
7789,7600,4830
7790,7601,4831
7791,7602,4832
7792,7603,4833
7793,7604,4834
7794,7605,4835
7795,7606,4836
7796,7607,4837
7797,7608,4838
7798,7609,4839
7799,7610,4840
7800,7611,4841
7801,7612,4842
7802,7613,4843
7803,7614,4844
7804,7615,4845
7805,7616,4846
7806,7617,4847
7807,7618,4848
7808,7619,4849
7809,7620,4850
7810,7621,4851
7811,7622,4852
7812,7623,4853
7813,7624,4854
7814,7625,4855
7815,7626,4856
7816,7627,4857
7817,7628,4858
7818,7629,4859
7819,7630,4860
7820,7631,4861
7821,7632,4862
7822,7633,4863
7823,7634,4864
7824,7635,4865
7825,7636,4866
7826,7637,4867
7827,7638,4868
7828,7639,4869
7829,7640,4870
7830,7641,4871
7831,7642,4872
7832,7643,4873
7833,7644,4874
7834,7645,4875
7835,7646,4876
7836,7647,4877
7837,7648,4878
7838,7649,4879
7839,7650,4880
7840,7651,4880
7841,7652,4880
7842,7653,4880
7843,7654,4880
7844,7655,4880
7845,7656,4880
7846,7657,4880
7847,7658,4880
7848,7659,4880
7849,7660,4880
7850,7661,4880
7851,7662,4880
7852,7663,4880
7853,7664,4880
7854,7665,4880
7855,7666,4880
7856,7667,4880
7857,7668,4880
7858,7669,4880
7859,7670,4880
7860,7671,4880
7861,7672,4880
7862,7673,4880
7863,7674,4880
7864,7675,4880
7865,7676,4880
7866,7677,4880
7867,7678,4880
7868,7679,4880
7869,7680,4880
7870,7681,4880
7871,7682,4880
7872,7683,4880
7873,7684,4880
7874,7685,4880
7875,7686,4880
7876,7687,4880
7877,7688,4881
7878,7689,4882
7879,7690,4883
7880,7691,4884
7881,7692,4885
7882,7693,4886
7883,7694,4887
7884,7695,4888
7885,7696,4889
7886,7697,4890
7887,7698,4891
7888,7699,4892
7889,7700,4893
7890,7701,4894
7891,7702,4895
7892,7703,4896
7893,7704,4897
7894,7705,4898
7895,7706,4899
7896,7707,4900
7897,7708,4901
7898,7709,4902
7899,7710,4903
7900,7711,4904
7901,7712,4905
7902,7713,4906
7903,7714,4907
7904,7715,4908
7905,7716,4909
7906,7717,4910
7907,7718,4911
7908,7719,4912
7909,7720,4913
7910,7721,4914
7911,7722,4915
7912,7723,4916
7913,7724,4917
7914,7725,4918
7915,7726,4919
7916,7727,4920
7917,7728,4921
7918,7729,4922
7919,7730,4923
7920,7731,4924
7921,7732,4925
7922,7733,4926
7923,7734,4927
7924,7735,4928
7925,7736,4929
7926,7737,4930
7927,7738,4931
7928,7739,4932
7929,7740,4933
7930,7741,4934
7931,7742,4935
7932,7743,4936
7933,7744,4936
7934,7745,4936
7935,7746,4936
7936,7747,4936
7937,7748,4937
7938,7749,4938
7939,7750,4939
7940,7751,4940
7941,7752,4941
7942,7753,4942
7943,7754,4943
7944,7755,4944
7945,7756,4945
7946,7757,4946
7947,7758,4947
7948,7759,4948
7949,7760,4949
7950,7761,4950
7951,7762,4951
7952,7763,4952
7953,7764,4953
7954,7765,4954
7955,7766,4955
7956,7767,4956
7957,7768,4957
7958,7769,4958
7959,7770,4959
7960,7771,4960
7961,7772,4961
7962,7773,4962
7963,7774,4963
7964,7775,4964
7965,7776,4965
7966,7777,4966
7967,7778,4967
7968,7779,4968
7969,7780,4969
7970,7781,4970
7971,7782,4971
7972,7783,4972
7973,7784,4973
7974,7785,4974
7975,7786,4975
7976,7787,4976
7977,7788,4977
7978,7789,4978
7979,7790,4979
7980,7791,4980
7981,7792,4981
7982,7793,4982
7983,7794,4983
7984,7795,4984
7985,7796,4985
7986,7797,4986
7987,7798,4987
7988,7799,4988
7989,7800,4989
7990,7801,4990
7991,7802,4991
7992,7803,4992
7993,7804,4993
7994,7805,4994
7995,7806,4995
7996,7807,4996
7997,7808,4997
7998,7809,4998
7999,7810,4999
8000,7811,5000
8001,7812,5001
8002,7813,5002
8003,7814,5002
8004,7815,5002
8005,7816,5002
8006,7817,5002
8007,7818,5002
8008,7819,5002
8009,7820,5002
8010,7821,5002
8011,7822,5002
8012,7823,5002
8013,7824,5002
8014,7825,5002
8015,7826,5002
8016,7827,5002
8017,7828,5002
8018,7829,5002
8019,7830,5002
8020,7831,5002
8021,7832,5002
8022,7833,5002
8023,7834,5002
8024,7835,5002
8025,7836,5002
8026,7837,5003
8027,7838,5004
8028,7839,5005
8029,7840,5006
8030,7841,5007
8031,7842,5008
8032,7843,5009
8033,7844,5010
8034,7845,5010
8035,7846,5010
8036,7847,5010
8037,7848,5010
8038,7849,5010
8039,7850,5010
8040,7851,5010
8041,7852,5010
8042,7853,5010
8043,7854,5010
8044,7855,5011
8045,7856,5012
8046,7857,5013
8047,7858,5014
8048,7859,5015
8049,7860,5016
8050,7861,5016
8051,7862,5016
8052,7863,5016
8053,7864,5016
8054,7865,5016
8055,7866,5016
8056,7867,5017
8057,7868,5018
8058,7869,5019
8059,7870,5020
8060,7871,5021
8061,7872,5022
8062,7873,5023
8063,7874,5024
8064,7875,5025
8065,7876,5026
8066,7877,5027
8067,7878,5028
8068,7879,5029
8069,7880,5030
8070,7881,5031
8071,7882,5032
8072,7883,5033
8073,7884,5034
8074,7885,5035
8075,7886,5036
8076,7887,5037
8077,7888,5038
8078,7889,5039
8079,7890,5040
8080,7891,5041
8081,7892,5042
8082,7893,5043
8083,7894,5044
8084,7895,5045
8085,7896,5046
8086,7897,5047
8087,7898,5048
8088,7899,5049
8089,7900,5050
8090,7901,5051
8091,7902,5052
8092,7903,5053
8093,7904,5054
8094,7905,5055
8095,7906,5056
8096,7907,5057
8097,7908,5057
8098,7909,5057
8099,7910,5057
8100,7911,5057
8101,7912,5057
8102,7913,5057
8103,7914,5057
8104,7915,5057
8105,7916,5057
8106,7917,5057
8107,7918,5057
8108,7919,5057
8109,7920,5057
8110,7921,5057
8111,7922,5057
8112,7923,5057
8113,7924,5057
8114,7925,5057
8115,7926,5057
8116,7927,5057
8117,7928,5057
8118,7929,5057
8119,7930,5057
8120,7931,5057
8121,7932,5057
8122,7933,5057
8123,7934,5057
8124,7935,5057
8125,7936,5058
8126,7937,5059
8127,7938,5060
8128,7939,5061
8129,7940,5062
8130,7941,5063
8131,7942,5064
8132,7943,5065
8133,7944,5066
8134,7945,5067
8135,7946,5068
8136,7947,5069
8137,7948,5070
8138,7949,5071
8139,7950,5072
8140,7951,5073
8141,7952,5074
8142,7953,5075
8143,7954,5076
8144,7955,5077
8145,7956,5078
8146,7957,5079
8147,7958,5080
8148,7959,5081
8149,7960,5082
8150,7961,5083
8151,7962,5084
8152,7963,5085
8153,7964,5086
8154,7965,5087
8155,7966,5088
8156,7967,5089
8157,7968,5089
8158,7969,5089
8159,7970,5089
8160,7971,5089
8161,7972,5089
8162,7973,5089
8163,7974,5089
8164,7975,5089
8165,7976,5089
8166,7977,5089
8167,7978,5090
8168,7979,5091
8169,7980,5092
8170,7981,5093
8171,7982,5094
8172,7983,5095
8173,7984,5096
8174,7985,5097
8175,7986,5098
8176,7987,5099
8177,7988,5100
8178,7989,5101
8179,7990,5102
8180,7991,5103
8181,7992,5104
8182,7993,5105
8183,7994,5106
8184,7995,5107
8185,7996,5108
8186,7997,5109
8187,7998,5110
8188,7999,5111
8189,8000,5112
8190,8001,5113
8191,8002,5114
8192,8003,5115
8193,8004,5116
8194,8005,5117
8195,8006,5118
8196,8007,5119
8197,8008,5120
8198,8009,5121
8199,8010,5122
8200,8011,5123
8201,8012,5124
8202,8013,5125
8203,8014,5126
8204,8015,5127
8205,8016,5128
8206,8017,5129
8207,8018,5130
8208,8019,5130
8209,8020,5130
8210,8021,5130
8211,8022,5130
8212,8023,5130
8213,8024,5130
8214,8025,5130
8215,8026,5130
8216,8027,5130
8217,8028,5130
8218,8029,5130
8219,8030,5130
8220,8031,5130
8221,8032,5130
8222,8033,5130
8223,8034,5130
8224,8035,5130
8225,8036,5130
8226,8037,5130
8227,8038,5130
8228,8039,5130
8229,8040,5130
8230,8041,5130
8231,8042,5130
8232,8043,5130
8233,8044,5130
8234,8045,5130
8235,8046,5130
8236,8047,5130
8237,8048,5130
8238,8049,5130
8239,8050,5130
8240,8051,5130
8241,8052,5130
8242,8053,5130
8243,8054,5130
8244,8055,5130
8245,8056,5130
8246,8057,5130
8247,8058,5130
8248,8059,5130
8249,8060,5131
8250,8061,5132
8251,8062,5133
8252,8063,5134
8253,8064,5135
8254,8065,5136
8255,8066,5137
8256,8067,5138
8257,8068,5139
8258,8069,5140
8259,8070,5141
8260,8071,5141
8261,8072,5142
8262,8073,5143
8263,8074,5144
8264,8075,5145
8265,8076,5146
8266,8077,5147
8267,8078,5148
8268,8079,5149
8269,8080,5150
8270,8081,5151
8271,8082,5152
8272,8083,5153
8273,8084,5154
8274,8085,5155
8275,8086,5156
8276,8087,5157
8277,8088,5158
8278,8089,5159
8279,8090,5160
8280,8091,5161
8281,8092,5162
8282,8093,5163
8283,8094,5163
8284,8095,5163
8285,8096,5164
8286,8097,5165
8287,8098,5166
8288,8099,5167
8289,8100,5168
8290,8101,5169
8291,8102,5169
8292,8103,5169
8293,8104,5169
8294,8105,5169
8295,8106,5169
8296,8107,5169
8297,8108,5169
8298,8109,5169
8299,8110,5169
8300,8111,5169
8301,8112,5170
8302,8113,5171
8303,8114,5172
8304,8115,5173
8305,8116,5174
8306,8117,5175
8307,8118,5176
8308,8119,5177
8309,8120,5178
8310,8121,5179
8311,8122,5180
8312,8123,5181
8313,8124,5182
8314,8125,5183
8315,8126,5184
8316,8127,5185
8317,8128,5186
8318,8129,5187
8319,8130,5188
8320,8131,5189
8321,8132,5190
8322,8133,5191
8323,8134,5192
8324,8135,5193
8325,8136,5194
8326,8137,5195
8327,8138,5196
8328,8139,5197
8329,8140,5198
8330,8141,5199
8331,8142,5200
8332,8143,5201
8333,8144,5202
8334,8145,5203
8335,8146,5204
8336,8147,5205
8337,8148,5206
8338,8149,5207
8339,8150,5208
8340,8151,5209
8341,8152,5210
8342,8153,5211
8343,8154,5212
8344,8155,5212
8345,8156,5212
8346,8157,5212
8347,8158,5212
8348,8159,5212
8349,8160,5212
8350,8161,5212
8351,8162,5212
8352,8163,5212
8353,8164,5212
8354,8165,5212
8355,8166,5212
8356,8167,5212
8357,8168,5212
8358,8169,5212
8359,8170,5212
8360,8171,5212
8361,8172,5212
8362,8173,5212
8363,8174,5212
8364,8175,5212
8365,8176,5212
8366,8177,5212
8367,8178,5212
8368,8179,5212
8369,8180,5212
8370,8181,5212
8371,8182,5212
8372,8183,5212
8373,8184,5213
8374,8185,5214
8375,8186,5215
8376,8187,5216
8377,8188,5217
8378,8189,5218
8379,8190,5219
8380,8191,5220
8381,8192,5221
8382,8193,5222
8383,8194,5223
8384,8195,5224
8385,8196,5225
8386,8197,5226
8387,8198,5227
8388,8199,5228
8389,8200,5229
8390,8201,5230
8391,8202,5231
8392,8203,5232
8393,8204,5233
8394,8205,5234
8395,8206,5235
8396,8207,5235
8397,8208,5235
8398,8209,5235
8399,8210,5235
8400,8211,5235
8401,8212,5235
8402,8213,5235
8403,8214,5235
8404,8215,5236
8405,8216,5237
8406,8217,5238
8407,8218,5239
8408,8219,5240
8409,8220,5241
8410,8221,5242
8411,8222,5243
8412,8223,5243
8413,8224,5243
8414,8225,5243
8415,8226,5243
8416,8227,5243
8417,8228,5243
8418,8229,5243
8419,8230,5243
8420,8231,5243
8421,8232,5244
8422,8233,5245
8423,8234,5246
8424,8235,5247
8425,8236,5248
8426,8237,5249
8427,8238,5250
8428,8239,5251
8429,8240,5252
8430,8241,5253
8431,8242,5254
8432,8243,5255
8433,8244,5256
8434,8245,5257
8435,8246,5258
8436,8247,5259
8437,8248,5260
8438,8249,5261
8439,8250,5262
8440,8251,5263
8441,8252,5264
8442,8253,5265
8443,8254,5266
8444,8255,5267
8445,8256,5268
8446,8257,5269
8447,8258,5270
8448,8259,5271
8449,8260,5272
8450,8261,5273
8451,8262,5274
8452,8263,5275
8453,8264,5276
8454,8265,5276
8455,8266,5276
8456,8267,5276
8457,8268,5276
8458,8269,5276
8459,8270,5276
8460,8271,5276
8461,8272,5276
8462,8273,5276
8463,8274,5276
8464,8275,5276
8465,8276,5276
8466,8277,5276
8467,8278,5276
8468,8279,5276
8469,8280,5276
8470,8281,5276
8471,8282,5276
8472,8283,5276
8473,8284,5276
8474,8285,5276
8475,8286,5276
8476,8287,5276
8477,8288,5276
8478,8289,5276
8479,8290,5276
8480,8291,5276
8481,8292,5276
8482,8293,5277
8483,8294,5278
8484,8295,5279
8485,8296,5280
8486,8297,5281
8487,8298,5282
8488,8299,5283
8489,8300,5284
8490,8301,5285
8491,8302,5286
8492,8303,5287
8493,8304,5288
8494,8305,5289
8495,8306,5290
8496,8307,5291
8497,8308,5292
8498,8309,5293
8499,8310,5294
8500,8311,5295
8501,8312,5296
8502,8313,5297
8503,8314,5298
8504,8315,5299
8505,8316,5300
8506,8317,5301
8507,8318,5302
8508,8319,5303
8509,8320,5304
8510,8321,5305
8511,8322,5306
8512,8323,5306
8513,8324,5306
8514,8325,5306
8515,8326,5306
8516,8327,5306
8517,8328,5306
8518,8329,5306
8519,8330,5306
8520,8331,5306
8521,8332,5306
8522,8333,5306
8523,8334,5306
8524,8335,5306
8525,8336,5307
8526,8337,5308
8527,8338,5309
8528,8339,5310
8529,8340,5311
8530,8341,5312
8531,8342,5312
8532,8343,5312
8533,8344,5312
8534,8345,5313
8535,8346,5314
8536,8347,5315
8537,8348,5316
8538,8349,5317
8539,8350,5318
8540,8351,5319
8541,8352,5320
8542,8353,5321
8543,8354,5322
8544,8355,5323
8545,8356,5324
8546,8357,5325
8547,8358,5326
8548,8359,5327
8549,8360,5328
8550,8361,5329
8551,8362,5330
8552,8363,5331
8553,8364,5332
8554,8365,5333
8555,8366,5334
8556,8367,5335
8557,8368,5336
8558,8369,5337
8559,8370,5338
8560,8371,5339
8561,8372,5340
8562,8373,5341
8563,8374,5342
8564,8375,5343
8565,8376,5344
8566,8377,5345
8567,8378,5346
8568,8379,5347
8569,8380,5348
8570,8381,5349
8571,8382,5350
8572,8383,5351
8573,8384,5352
8574,8385,5353
8575,8386,5354
8576,8387,5355
8577,8388,5356
8578,8389,5357
8579,8390,5358
8580,8391,5359
8581,8392,5360
8582,8393,5361
8583,8394,5362
8584,8395,5363
8585,8396,5364
8586,8397,5364
8587,8398,5364
8588,8399,5364
8589,8400,5364
8590,8401,5364
8591,8402,5364
8592,8403,5364
8593,8404,5364
8594,8405,5364
8595,8406,5364
8596,8407,5364
8597,8408,5364
8598,8409,5364
8599,8410,5364
8600,8411,5364
8601,8412,5364
8602,8413,5364
8603,8414,5364
8604,8415,5364
8605,8416,5364
8606,8417,5364
8607,8418,5365
8608,8419,5366
8609,8420,5367
8610,8421,5368
8611,8422,5369
8612,8423,5370
8613,8424,5371
8614,8425,5372
8615,8426,5373
8616,8427,5374
8617,8428,5375
8618,8429,5376
8619,8430,5377
8620,8431,5378
8621,8432,5379
8622,8433,5380
8623,8434,5381
8624,8435,5382
8625,8436,5383
8626,8437,5384
8627,8438,5385
8628,8439,5386
8629,8440,5387
8630,8441,5388
8631,8442,5389
8632,8443,5390
8633,8444,5390
8634,8445,5390
8635,8446,5390
8636,8447,5390
8637,8448,5390
8638,8449,5390
8639,8450,5390
8640,8451,5390
8641,8452,5390
8642,8453,5391
8643,8454,5392
8644,8455,5393
8645,8456,5394
8646,8457,5395
8647,8458,5396
8648,8459,5397
8649,8460,5398
8650,8461,5399
8651,8462,5400
8652,8463,5401
8653,8464,5402
8654,8465,5403
8655,8466,5404
8656,8467,5405
8657,8468,5406
8658,8469,5407
8659,8470,5408
8660,8471,5408
8661,8472,5408
8662,8473,5408
8663,8474,5408
8664,8475,5408
8665,8476,5408
8666,8477,5409
8667,8478,5410
8668,8479,5411
8669,8480,5412
8670,8481,5413
8671,8482,5413
8672,8483,5413
8673,8484,5413
8674,8485,5413
8675,8486,5413
8676,8487,5413
8677,8488,5413
8678,8489,5413
8679,8490,5413
8680,8491,5413
8681,8492,5413
8682,8493,5413
8683,8494,5414
8684,8495,5415
8685,8496,5416
8686,8497,5417
8687,8498,5418
8688,8499,5419
8689,8500,5420
8690,8501,5421
8691,8502,5422
8692,8503,5423
8693,8504,5424
8694,8505,5425
8695,8506,5426
8696,8507,5427
8697,8508,5428
8698,8509,5429
8699,8510,5430
8700,8511,5431
8701,8512,5432
8702,8513,5433
8703,8514,5434
8704,8515,5435
8705,8516,5435
8706,8517,5435
8707,8518,5435
8708,8519,5435
8709,8520,5436
8710,8521,5437
8711,8522,5438
8712,8523,5439
8713,8524,5440
8714,8525,5441
8715,8526,5442
8716,8527,5443
8717,8528,5444
8718,8529,5445
8719,8530,5446
8720,8531,5447
8721,8532,5448
8722,8533,5449
8723,8534,5450
8724,8535,5451
8725,8536,5452
8726,8537,5453
8727,8538,5454
8728,8539,5455
8729,8540,5456
8730,8541,5457
8731,8542,5458
8732,8543,5459
8733,8544,5460
8734,8545,5461
8735,8546,5462
8736,8547,5463
8737,8548,5464
8738,8549,5465
8739,8550,5466
8740,8551,5467
8741,8552,5468
8742,8553,5469
8743,8554,5470
8744,8555,5471
8745,8556,5472
8746,8557,5473
8747,8558,5474
8748,8559,5475
8749,8560,5476
8750,8560,5477
8751,8560,5478
8752,8560,5479
8753,8560,5480
8754,8560,5481
8755,8560,5482
8756,8560,5483
8757,8560,5484
8758,8560,5485
8759,8560,5486
8760,8560,5487
8761,8560,5488
8762,8560,5489
8763,8560,5490
8764,8560,5491
8765,8560,5492
8766,8560,5493
8767,8560,5494
8768,8560,5495
8769,8560,5496
8770,8560,5497
8771,8560,5498
8772,8560,5499
8773,8560,5500
8774,8560,5501
8775,8560,5502
8776,8560,5503
8777,8560,5504
8778,8560,5505
8779,8560,5506
8780,8560,5507
8781,8560,5508
8782,8560,5509
8783,8560,5510
8784,8560,5511
8785,8560,5512
8786,8560,5513
8787,8560,5514
8788,8560,5515
8789,8560,5516
8790,8560,5517
8791,8560,5518
8792,8560,5519
8793,8560,5520
8794,8560,5521
8795,8560,5522
8796,8561,5523
8797,8562,5524
8798,8563,5525
8799,8564,5526
8800,8565,5527
8801,8566,5528
8802,8567,5529
8803,8568,5530
8804,8569,5531
8805,8570,5532
8806,8571,5533
8807,8572,5534
8808,8573,5535
8809,8574,5536
8810,8575,5537
8811,8576,5538
8812,8577,5539
8813,8578,5540
8814,8579,5541
8815,8580,5542
8816,8581,5543
8817,8582,5544
8818,8583,5545
8819,8584,5546
8820,8585,5547
8821,8586,5548
8822,8587,5549
8823,8588,5550
8824,8589,5551
8825,8590,5552
8826,8591,5553
8827,8592,5554
8828,8593,5555
8829,8594,5556
8830,8595,5557
8831,8596,5558
8832,8597,5559
8833,8598,5560
8834,8599,5561
8835,8600,5562
8836,8601,5563
8837,8602,5564
8838,8603,5565
8839,8604,5566
8840,8605,5567
8841,8606,5568
8842,8607,5569
8843,8608,5570
8844,8609,5571
8845,8610,5572
8846,8611,5573
8847,8612,5574
8848,8613,5575
8849,8614,5576
8850,8615,5576
8851,8616,5576
8852,8617,5576
8853,8618,5576
8854,8619,5576
8855,8620,5576
8856,8621,5576
8857,8622,5576
8858,8623,5576
8859,8624,5576
8860,8625,5576
8861,8626,5576
8862,8627,5576
8863,8628,5576
8864,8629,5576
8865,8630,5576
8866,8631,5576
8867,8632,5576
8868,8633,5576
8869,8634,5576
8870,8635,5576
8871,8636,5576
8872,8637,5576
8873,8638,5576
8874,8639,5576
8875,8640,5576
8876,8641,5576
8877,8642,5576
8878,8643,5576
8879,8644,5576
8880,8645,5576
8881,8646,5576
8882,8647,5576
8883,8648,5576
8884,8649,5577
8885,8650,5578
8886,8651,5579
8887,8652,5580
8888,8653,5581
8889,8654,5582
8890,8655,5583
8891,8656,5584
8892,8657,5585
8893,8658,5586
8894,8659,5587
8895,8660,5588
8896,8661,5589
8897,8662,5590
8898,8663,5591
8899,8664,5592
8900,8665,5593
8901,8666,5594
8902,8667,5595
8903,8668,5596
8904,8669,5597
8905,8670,5598
8906,8671,5599
8907,8672,5600
8908,8673,5601
8909,8674,5602
8910,8675,5603
8911,8676,5604
8912,8677,5605
8913,8678,5606
8914,8679,5607
8915,8680,5608
8916,8680,5609
8917,8680,5610
8918,8681,5611
8919,8682,5612
8920,8683,5613
8921,8684,5614
8922,8685,5615
8923,8686,5616
8924,8687,5617
8925,8688,5618
8926,8689,5619
8927,8690,5620
8928,8691,5621
8929,8692,5622
8930,8693,5623
8931,8694,5624
8932,8695,5625
8933,8696,5626
8934,8697,5627
8935,8698,5628
8936,8699,5629
8937,8700,5630
8938,8701,5631
8939,8702,5632
8940,8703,5633
8941,8704,5633
8942,8705,5633
8943,8706,5634
8944,8707,5635
8945,8708,5636
8946,8709,5637
8947,8710,5638
8948,8711,5639
8949,8712,5640
8950,8713,5641
8951,8714,5642
8952,8715,5643
8953,8716,5644
8954,8717,5645
8955,8718,5646
8956,8719,5647
8957,8720,5648
8958,8721,5649
8959,8722,5650
8960,8723,5651
8961,8724,5652
8962,8725,5653
8963,8726,5654
8964,8727,5655
8965,8728,5656
8966,8729,5657
8967,8730,5658
8968,8731,5659
8969,8732,5660
8970,8733,5661
8971,8734,5662
8972,8735,5663
8973,8736,5664
8974,8737,5665
8975,8738,5666
8976,8739,5667
8977,8740,5668
8978,8741,5669
8979,8742,5670
8980,8743,5671
8981,8744,5672
8982,8745,5673
8983,8746,5674
8984,8747,5675
8985,8748,5676
8986,8749,5677
8987,8750,5678
8988,8751,5679
8989,8752,5680
8990,8753,5681
8991,8754,5682
8992,8755,5683
8993,8756,5684
8994,8757,5685
8995,8758,5686
8996,8759,5687
8997,8760,5688
8998,8761,5689
8999,8762,5690
9000,8763,5691
9001,8764,5692
9002,8765,5693
9003,8766,5694
9004,8767,5695
9005,8768,5696
9006,8769,5697
9007,8770,5698
9008,8771,5699
9009,8772,5700
9010,8773,5701
9011,8774,5702
9012,8775,5703
9013,8776,5704
9014,8777,5705
9015,8778,5706
9016,8779,5706
9017,8780,5706
9018,8781,5706
9019,8782,5706
9020,8783,5706
9021,8784,5706
9022,8785,5706
9023,8786,5706
9024,8787,5706
9025,8788,5706
9026,8789,5706
9027,8790,5706
9028,8791,5706
9029,8792,5706
9030,8793,5706
9031,8794,5706
9032,8795,5706
9033,8796,5706
9034,8797,5707
9035,8798,5708
9036,8799,5709
9037,8800,5710
9038,8801,5711
9039,8802,5712
9040,8803,5713
9041,8804,5713
9042,8805,5713
9043,8806,5713
9044,8807,5713
9045,8808,5713
9046,8809,5713
9047,8810,5713
9048,8811,5713
9049,8812,5714
9050,8813,5715
9051,8814,5716
9052,8815,5717
9053,8816,5718
9054,8817,5719
9055,8818,5720
9056,8819,5721
9057,8820,5722
9058,8821,5722
9059,8822,5722
9060,8823,5722
9061,8824,5723
9062,8825,5724
9063,8826,5725
9064,8827,5726
9065,8828,5727
9066,8829,5728
9067,8830,5729
9068,8831,5730
9069,8832,5731
9070,8833,5732
9071,8834,5733
9072,8835,5734
9073,8836,5735
9074,8837,5736
9075,8838,5737
9076,8839,5738
9077,8840,5739
9078,8841,5740
9079,8842,5741
9080,8843,5742
9081,8844,5743
9082,8845,5744
9083,8846,5745
9084,8847,5746
9085,8848,5747
9086,8849,5748
9087,8850,5749
9088,8851,5750
9089,8852,5751
9090,8853,5752
9091,8854,5753
9092,8855,5754
9093,8856,5755
9094,8857,5756
9095,8858,5757
9096,8859,5758
9097,8860,5759
9098,8861,5760
9099,8862,5761
9100,8863,5762
9101,8864,5763
9102,8865,5763
9103,8866,5763
9104,8867,5763
9105,8868,5763
9106,8869,5763
9107,8870,5763
9108,8871,5763
9109,8872,5763
9110,8873,5763
9111,8874,5763
9112,8875,5763
9113,8876,5763
9114,8877,5763
9115,8878,5763
9116,8879,5763
9117,8880,5763
9118,8881,5763
9119,8882,5763
9120,8883,5763
9121,8884,5763
9122,8885,5763
9123,8886,5763
9124,8887,5764
9125,8888,5765
9126,8889,5766
9127,8890,5767
9128,8891,5768
9129,8892,5769
9130,8893,5770
9131,8894,5771
9132,8895,5772
9133,8896,5773
9134,8897,5774
9135,8898,5775
9136,8899,5776
9137,8900,5777
9138,8901,5778
9139,8902,5779
9140,8903,5780
9141,8904,5781
9142,8905,5782
9143,8906,5783
9144,8907,5784
9145,8908,5785
9146,8909,5786
9147,8910,5787
9148,8911,5788
9149,8912,5789
9150,8913,5790
9151,8914,5791
9152,8915,5792
9153,8916,5793
9154,8917,5794
9155,8918,5795
9156,8919,5796
9157,8920,5797
9158,8921,5798
9159,8922,5799
9160,8923,5800
9161,8924,5801
9162,8925,5802
9163,8926,5803
9164,8927,5804
9165,8928,5805
9166,8929,5806
9167,8930,5807
9168,8931,5808
9169,8932,5809
9170,8933,5810
9171,8934,5811
9172,8935,5812
9173,8936,5813
9174,8937,5814
9175,8938,5815
9176,8939,5816
9177,8940,5817
9178,8941,5818
9179,8942,5819
9180,8943,5820
9181,8944,5821
9182,8945,5822
9183,8946,5823
9184,8947,5823
9185,8948,5823
9186,8949,5823
9187,8950,5823
9188,8951,5823
9189,8952,5823
9190,8953,5823
9191,8954,5823
9192,8955,5824
9193,8956,5825
9194,8957,5826
9195,8958,5827
9196,8959,5828
9197,8960,5829
9198,8961,5830
9199,8962,5831
9200,8963,5832
9201,8964,5833
9202,8965,5834
9203,8966,5835
9204,8967,5836
9205,8968,5837
9206,8969,5838
9207,8970,5839
9208,8971,5839
9209,8972,5839
9210,8973,5839
9211,8974,5839
9212,8975,5839
9213,8976,5839
9214,8977,5839
9215,8978,5839
9216,8979,5839
9217,8980,5840
9218,8981,5841
9219,8982,5842
9220,8983,5843
9221,8984,5844
9222,8985,5845
9223,8986,5846
9224,8987,5847
9225,8988,5848
9226,8989,5849
9227,8990,5850
9228,8991,5851
9229,8992,5852
9230,8993,5852
9231,8994,5852
9232,8995,5852
9233,8996,5852
9234,8997,5852
9235,8998,5852
9236,8999,5853
9237,9000,5854
9238,9001,5855
9239,9002,5856
9240,9003,5857
9241,9004,5858
9242,9005,5859
9243,9006,5860
9244,9007,5861
9245,9008,5862
9246,9009,5863
9247,9010,5864
9248,9011,5865
9249,9012,5866
9250,9013,5866
9251,9014,5866
9252,9015,5866
9253,9016,5866
9254,9017,5866
9255,9018,5866
9256,9019,5867
9257,9020,5868
9258,9021,5869
9259,9022,5869
9260,9023,5869
9261,9024,5869
9262,9025,5869
9263,9026,5869
9264,9027,5869
9265,9028,5869
9266,9029,5869
9267,9030,5870
9268,9031,5871
9269,9032,5872
9270,9033,5873
9271,9034,5874
9272,9035,5875
9273,9036,5876
9274,9037,5877
9275,9038,5878
9276,9039,5879
9277,9040,5880
9278,9041,5881
9279,9042,5882
9280,9043,5883
9281,9044,5884
9282,9045,5885
9283,9046,5886
9284,9047,5887
9285,9048,5888
9286,9049,5889
9287,9050,5890
9288,9051,5891
9289,9052,5892
9290,9053,5893
9291,9054,5894
9292,9055,5895
9293,9056,5896
9294,9057,5897
9295,9058,5898
9296,9059,5899
9297,9060,5900
9298,9061,5901
9299,9062,5902
9300,9063,5903
9301,9064,5904
9302,9065,5905
9303,9066,5906
9304,9067,5907
9305,9068,5907
9306,9069,5907
9307,9070,5907
9308,9071,5907
9309,9072,5907
9310,9073,5907
9311,9074,5907
9312,9075,5907
9313,9076,5907
9314,9077,5907
9315,9078,5907
9316,9079,5907
9317,9080,5908
9318,9081,5909
9319,9082,5910
9320,9083,5911
9321,9084,5912
9322,9085,5913
9323,9086,5914
9324,9087,5915
9325,9088,5916
9326,9089,5917
9327,9090,5918
9328,9091,5919
9329,9092,5920
9330,9093,5921
9331,9094,5922
9332,9095,5923
9333,9096,5924
9334,9097,5925
9335,9098,5926
9336,9099,5927
9337,9100,5928
9338,9101,5929
9339,9102,5930
9340,9103,5931
9341,9104,5932
9342,9105,5933
9343,9106,5934
9344,9107,5935
9345,9108,5936
9346,9109,5937
9347,9110,5938
9348,9111,5939
9349,9112,5940
9350,9113,5941
9351,9114,5942
9352,9115,5943
9353,9116,5944
9354,9117,5945
9355,9118,5946
9356,9119,5947
9357,9120,5948
9358,9121,5949
9359,9122,5950
9360,9123,5951
9361,9124,5952
9362,9125,5953
9363,9126,5954
9364,9127,5955
9365,9128,5956
9366,9129,5957
9367,9130,5958
9368,9131,5959
9369,9132,5960
9370,9133,5961
9371,9134,5962
9372,9135,5963
9373,9136,5964
9374,9137,5965
9375,9138,5966
9376,9139,5967
9377,9140,5968
9378,9141,5969
9379,9142,5970
9380,9143,5970
9381,9144,5970
9382,9145,5970
9383,9146,5970
9384,9147,5970
9385,9148,5970
9386,9149,5970
9387,9150,5970
9388,9151,5970
9389,9152,5971
9390,9153,5972
9391,9154,5973
9392,9155,5974
9393,9156,5975
9394,9157,5976
9395,9158,5977
9396,9159,5978
9397,9160,5979
9398,9161,5980
9399,9162,5981
9400,9163,5982
9401,9164,5983
9402,9165,5984
9403,9166,5985
9404,9167,5986
9405,9168,5987
9406,9169,5988
9407,9170,5989
9408,9171,5990
9409,9172,5991
9410,9173,5992
9411,9174,5993
9412,9175,5994
9413,9176,5995
9414,9177,5996
9415,9178,5997
9416,9179,5998
9417,9180,5999
9418,9181,6000
9419,9182,6001
9420,9183,6001
9421,9184,6002
9422,9185,6003
9423,9186,6004
9424,9187,6005
9425,9188,6006
9426,9189,6007
9427,9190,6008
9428,9191,6009
9429,9192,6010
9430,9193,6011
9431,9194,6012
9432,9195,6013
9433,9196,6014
9434,9197,6015
9435,9198,6016
9436,9199,6017
9437,9200,6018
9438,9201,6019
9439,9202,6020
9440,9203,6021
9441,9204,6022
9442,9205,6023
9443,9206,6023
9444,9207,6023
9445,9208,6023
9446,9209,6023
9447,9210,6023
9448,9211,6024
9449,9212,6025
9450,9213,6026
9451,9214,6027
9452,9215,6028
9453,9216,6029
9454,9217,6030
9455,9218,6031
9456,9219,6032
9457,9220,6033
9458,9221,6034
9459,9222,6035
9460,9223,6036
9461,9224,6037
9462,9225,6038
9463,9226,6039
9464,9227,6040
9465,9228,6041
9466,9229,6042
9467,9230,6043
9468,9231,6043
9469,9232,6043
9470,9233,6043
9471,9234,6043
9472,9235,6043
9473,9236,6043
9474,9237,6043
9475,9238,6043
9476,9239,6044
9477,9240,6045
9478,9241,6046
9479,9242,6047
9480,9243,6048
9481,9244,6049
9482,9245,6050
9483,9246,6051
9484,9247,6051
9485,9248,6051
9486,9249,6051
9487,9250,6051
9488,9251,6051
9489,9252,6051
9490,9253,6051
9491,9254,6051
9492,9255,6051
9493,9256,6052
9494,9257,6053
9495,9258,6054
9496,9259,6055
9497,9260,6056
9498,9261,6057
9499,9262,6058
9500,9263,6059
9501,9264,6060
9502,9265,6060
9503,9266,6060
9504,9267,6060
9505,9268,6060
9506,9269,6060
9507,9270,6060
9508,9271,6060
9509,9272,6061
9510,9273,6062
9511,9274,6063
9512,9275,6064
9513,9276,6065
9514,9277,6066
9515,9278,6067
9516,9279,6068
9517,9280,6069
9518,9281,6070
9519,9282,6071
9520,9283,6072
9521,9284,6073
9522,9285,6074
9523,9286,6075
9524,9287,6076
9525,9288,6077
9526,9289,6078
9527,9290,6079
9528,9291,6080
9529,9292,6081
9530,9293,6082
9531,9294,6083
9532,9295,6084
9533,9296,6084
9534,9297,6084
9535,9298,6084
9536,9299,6085
9537,9300,6086
9538,9301,6086
9539,9302,6086
9540,9303,6086
9541,9304,6086
9542,9305,6086
9543,9306,6086
9544,9307,6086
9545,9308,6086
9546,9309,6087
9547,9310,6088
9548,9311,6089
9549,9312,6090
9550,9313,6091
9551,9314,6092
9552,9315,6093
9553,9316,6094
9554,9317,6095
9555,9318,6096
9556,9319,6097
9557,9320,6098
9558,9321,6099
9559,9322,6100
9560,9323,6101
9561,9324,6102
9562,9325,6103
9563,9326,6104
9564,9327,6105
9565,9328,6106
9566,9329,6107
9567,9330,6108
9568,9331,6109
9569,9332,6110
9570,9333,6111
9571,9334,6112
9572,9335,6112
9573,9336,6112
9574,9337,6112
9575,9338,6112
9576,9339,6113
9577,9340,6114
9578,9341,6115
9579,9342,6116
9580,9343,6117
9581,9344,6118
9582,9345,6119
9583,9346,6120
9584,9347,6121
9585,9348,6122
9586,9349,6123
9587,9350,6124
9588,9351,6125
9589,9352,6125
9590,9353,6125
9591,9354,6125
9592,9355,6126
9593,9356,6127
9594,9357,6128
9595,9358,6129
9596,9359,6130
9597,9360,6131
9598,9361,6132
9599,9362,6133
9600,9363,6134
9601,9364,6135
9602,9365,6136
9603,9366,6137
9604,9367,6138
9605,9368,6139
9606,9369,6140
9607,9370,6141
9608,9371,6142
9609,9372,6143
9610,9373,6144
9611,9374,6145
9612,9375,6146
9613,9376,6147
9614,9377,6148
9615,9378,6149
9616,9379,6150
9617,9380,6151
9618,9381,6152
9619,9382,6153
9620,9383,6154
9621,9384,6154
9622,9385,6155
9623,9386,6156
9624,9387,6157
9625,9388,6158
9626,9389,6159
9627,9390,6160
9628,9391,6161
9629,9392,6162
9630,9393,6163
9631,9394,6164
9632,9395,6165
9633,9396,6166
9634,9397,6167
9635,9398,6168
9636,9399,6169
9637,9400,6170
9638,9400,6171
9639,9400,6172
9640,9400,6173
9641,9400,6174
9642,9400,6175
9643,9400,6176
9644,9400,6177
9645,9400,6178
9646,9400,6179
9647,9400,6180
9648,9400,6181
9649,9400,6182
9650,9400,6183
9651,9400,6184
9652,9400,6185
9653,9400,6186
9654,9400,6187
9655,9400,6188
9656,9400,6189
9657,9400,6190
9658,9400,6191
9659,9400,6192
9660,9400,6193
9661,9400,6194
9662,9400,6195
9663,9400,6196
9664,9401,6197
9665,9402,6198
9666,9403,6199
9667,9404,6200
9668,9405,6201
9669,9406,6202
9670,9407,6203
9671,9408,6204
9672,9409,6205
9673,9410,6206
9674,9411,6207
9675,9412,6208
9676,9413,6209
9677,9414,6210
9678,9415,6211
9679,9416,6212
9680,9417,6213
9681,9418,6214
9682,9419,6215
9683,9420,6216
9684,9421,6217
9685,9422,6218
9686,9423,6219
9687,9424,6220
9688,9425,6221
9689,9426,6222
9690,9427,6223
9691,9428,6224
9692,9429,6225
9693,9430,6226
9694,9431,6227
9695,9432,6228
9696,9433,6229
9697,9434,6230
9698,9435,6231
9699,9436,6232
9700,9437,6233
9701,9438,6234
9702,9439,6235
9703,9440,6236
9704,9440,6237
9705,9440,6238
9706,9440,6239
9707,9441,6240
9708,9442,6241
9709,9443,6242
9710,9444,6243
9711,9445,6244
9712,9446,6245
9713,9447,6246
9714,9448,6247
9715,9449,6248
9716,9450,6249
9717,9451,6250
9718,9452,6251
9719,9453,6252
9720,9454,6253
9721,9455,6254
9722,9456,6255
9723,9457,6256
9724,9458,6257
9725,9459,6258
9726,9460,6259
9727,9460,6260
9728,9460,6261
9729,9461,6262
9730,9462,6263
9731,9463,6264
9732,9464,6265
9733,9465,6266
9734,9466,6267
9735,9467,6268
9736,9468,6269
9737,9469,6270
9738,9470,6271
9739,9471,6272
9740,9472,6273
9741,9473,6274
9742,9474,6275
9743,9475,6276
9744,9476,6277
9745,9477,6278
9746,9478,6279
9747,9479,6280
9748,9480,6281
9749,9480,6282
9750,9480,6283
9751,9480,6284
9752,9480,6285
9753,9480,6286
9754,9480,6287
9755,9480,6288
9756,9480,6289
9757,9480,6290
9758,9480,6291
9759,9481,6292
9760,9482,6293
9761,9483,6294
9762,9484,6295
9763,9485,6296
9764,9486,6297
9765,9487,6298
9766,9488,6299
9767,9489,6300
9768,9490,6301
9769,9491,6302
9770,9492,6303
9771,9493,6304
9772,9494,6305
9773,9495,6306
9774,9496,6307
9775,9497,6308
9776,9498,6309
9777,9499,6310
9778,9500,6311
9779,9500,6312
9780,9500,6313
9781,9500,6314
9782,9500,6315
9783,9500,6316
9784,9500,6317
9785,9500,6318
9786,9500,6319
9787,9500,6320
9788,9500,6321
9789,9500,6322
9790,9500,6323
9791,9500,6324
9792,9500,6325
9793,9500,6326
9794,9500,6327
9795,9500,6328
9796,9500,6329
9797,9500,6330
9798,9500,6331
9799,9500,6332
9800,9500,6333
9801,9500,6334
9802,9500,6335
9803,9500,6336
9804,9500,6337
9805,9500,6338
9806,9500,6339
9807,9501,6340
9808,9502,6341
9809,9503,6342
9810,9504,6343
9811,9505,6344
9812,9506,6345
9813,9507,6346
9814,9508,6347
9815,9509,6348
9816,9510,6349
9817,9511,6350
9818,9512,6351
9819,9513,6352
9820,9514,6353
9821,9515,6354
9822,9516,6355
9823,9517,6356
9824,9518,6357
9825,9519,6358
9826,9520,6359
9827,9520,6360
9828,9520,6361
9829,9520,6362
9830,9520,6363
9831,9520,6364
9832,9520,6365
9833,9520,6366
9834,9520,6367
9835,9520,6368
9836,9520,6369
9837,9520,6370
9838,9520,6371
9839,9520,6372
9840,9520,6373
9841,9520,6374
9842,9520,6375
9843,9520,6376
9844,9520,6377
9845,9520,6378
9846,9520,6379
9847,9520,6380
9848,9520,6381
9849,9520,6382
9850,9520,6383
9851,9520,6384
9852,9520,6385
9853,9520,6386
9854,9520,6387
9855,9520,6388
9856,9520,6389
9857,9520,6390
9858,9520,6391
9859,9520,6392
9860,9520,6393
9861,9520,6394
9862,9520,6395
9863,9520,6396
9864,9520,6397
9865,9520,6398
9866,9520,6399
9867,9521,6400
9868,9522,6401
9869,9523,6402
9870,9524,6403
9871,9525,6404
9872,9526,6405
9873,9527,6406
9874,9528,6407
9875,9529,6408
9876,9530,6409
9877,9531,6410
9878,9532,6411
9879,9533,6412
9880,9534,6413
9881,9535,6414
9882,9536,6415
9883,9537,6416
9884,9538,6417
9885,9539,6418
9886,9540,6419
9887,9541,6420
9888,9542,6421
9889,9543,6422
9890,9544,6423
9891,9545,6424
9892,9546,6425
9893,9547,6426
9894,9548,6427
9895,9549,6428
9896,9550,6429
9897,9551,6430
9898,9552,6431
9899,9553,6432
9900,9554,6433
9901,9555,6434
9902,9556,6435
9903,9557,6436
9904,9558,6437
9905,9559,6438
9906,9560,6439
9907,9561,6440
9908,9562,6441
9909,9563,6441
9910,9564,6441
9911,9565,6441
9912,9566,6441
9913,9567,6441
9914,9568,6441
9915,9569,6441
9916,9570,6441
9917,9571,6441
9918,9572,6441
9919,9573,6441
9920,9574,6441
9921,9575,6441
9922,9576,6441
9923,9577,6441
9924,9578,6441
9925,9579,6441
9926,9580,6441
9927,9581,6441
9928,9582,6441
9929,9583,6441
9930,9584,6441
9931,9585,6441
9932,9586,6441
9933,9587,6441
9934,9588,6441
9935,9589,6442
9936,9590,6443
9937,9591,6444
9938,9592,6445
9939,9593,6446
9940,9594,6447
9941,9595,6448
9942,9596,6449
9943,9597,6450
9944,9598,6451
9945,9599,6452
9946,9600,6453
