onset_beat,duration_beat,onset_quarter,duration_quarter,onset_div,duration_div,pitch,voice,id,divs_pq
0.0,1.0,0.0,1.0,0,4,52,1,P07_p7n0,4
0.0,1.0,0.0,1.0,0,4,55,1,P06_p6n0,4
0.0,1.0,0.0,1.0,0,4,59,1,P04_p4n0,4
0.0,1.0,0.0,1.0,0,4,59,1,P05_p5n0,4
0.0,1.0,0.0,1.0,0,4,64,1,P03_p3n0,4
0.0,1.0,0.0,1.0,0,4,64,1,P02_p2n0,4
1.0,0.5,1.0,0.5,4,2,52,1,P07_p7n1,4
1.0,0.5,1.0,0.5,4,2,55,1,P06_p6n1,4
1.0,0.5,1.0,0.5,4,2,59,1,P04_p4n1,4
1.0,0.5,1.0,0.5,4,2,59,1,P05_p5n1,4
1.0,0.5,1.0,0.5,4,2,64,1,P03_p3n1,4
1.0,0.5,1.0,0.5,4,2,64,1,P02_p2n1,4
1.5,0.5,1.5,0.5,6,2,52,1,P07_p7n2,4
1.5,0.5,1.5,0.5,6,2,55,1,P06_p6n2,4
1.5,0.5,1.5,0.5,6,2,59,1,P04_p4n2,4
1.5,0.5,1.5,0.5,6,2,59,1,P05_p5n2,4
1.5,0.5,1.5,0.5,6,2,64,1,P03_p3n2,4
1.5,0.5,1.5,0.5,6,2,64,1,P02_p2n2,4
2.0,0.5,2.0,0.5,8,2,52,1,P07_p7n3,4
2.0,0.5,2.0,0.5,8,2,55,1,P06_p6n3,4
2.0,0.5,2.0,0.5,8,2,59,1,P04_p4n3,4
2.0,0.5,2.0,0.5,8,2,59,1,P05_p5n3,4
2.0,0.5,2.0,0.5,8,2,64,1,P03_p3n3,4
2.0,0.5,2.0,0.5,8,2,64,1,P02_p2n3,4
2.5,0.5,2.5,0.5,10,2,52,1,P07_p7n4,4
2.5,0.5,2.5,0.5,10,2,55,1,P06_p6n4,4
2.5,0.5,2.5,0.5,10,2,59,1,P04_p4n4,4
2.5,0.5,2.5,0.5,10,2,59,1,P05_p5n4,4
2.5,0.5,2.5,0.5,10,2,64,1,P03_p3n4,4
2.5,0.5,2.5,0.5,10,2,64,1,P02_p2n4,4
3.0,0.5,3.0,0.5,12,2,52,1,P07_p7n5,4
3.0,0.5,3.0,0.5,12,2,55,1,P06_p6n5,4
3.0,0.5,3.0,0.5,12,2,59,1,P04_p4n5,4
3.0,0.5,3.0,0.5,12,2,59,1,P05_p5n5,4
3.0,0.5,3.0,0.5,12,2,64,1,P03_p3n5,4
3.0,0.5,3.0,0.5,12,2,64,1,P02_p2n5,4
3.5,0.5,3.5,0.5,14,2,52,1,P07_p7n6,4
3.5,0.5,3.5,0.5,14,2,55,1,P06_p6n6,4
3.5,0.5,3.5,0.5,14,2,59,1,P04_p4n6,4
3.5,0.5,3.5,0.5,14,2,59,1,P05_p5n6,4
3.5,0.5,3.5,0.5,14,2,64,1,P03_p3n6,4
3.5,0.5,3.5,0.5,14,2,64,1,P02_p2n6,4
4.0,1.0,4.0,1.0,16,4,52,1,P07_p7n7,4
4.0,1.0,4.0,1.0,16,4,55,1,P06_p6n7,4
4.0,1.0,4.0,1.0,16,4,59,1,P04_p4n7,4
4.0,1.0,4.0,1.0,16,4,59,1,P05_p5n7,4
4.0,1.0,4.0,1.0,16,4,64,1,P03_p3n7,4
4.0,1.0,4.0,1.0,16,4,64,1,P02_p2n7,4
5.0,0.5,5.0,0.5,20,2,52,1,P07_p7n8,4
5.0,0.5,5.0,0.5,20,2,55,1,P06_p6n8,4
5.0,0.5,5.0,0.5,20,2,59,1,P04_p4n8,4
5.0,0.5,5.0,0.5,20,2,59,1,P05_p5n8,4
5.0,0.5,5.0,0.5,20,2,64,1,P03_p3n8,4
5.0,0.5,5.0,0.5,20,2,64,1,P02_p2n8,4
5.5,0.5,5.5,0.5,22,2,52,1,P07_p7n9,4
5.5,0.5,5.5,0.5,22,2,55,1,P06_p6n9,4
5.5,0.5,5.5,0.5,22,2,59,1,P04_p4n9,4
5.5,0.5,5.5,0.5,22,2,59,1,P05_p5n9,4
5.5,0.5,5.5,0.5,22,2,64,1,P03_p3n9,4
5.5,0.5,5.5,0.5,22,2,64,1,P02_p2n9,4
6.0,0.5,6.0,0.5,24,2,52,1,P07_p7n10,4
6.0,0.5,6.0,0.5,24,2,55,1,P06_p6n10,4
6.0,0.5,6.0,0.5,24,2,59,1,P04_p4n10,4
6.0,0.5,6.0,0.5,24,2,59,1,P05_p5n10,4
6.0,0.5,6.0,0.5,24,2,64,1,P03_p3n10,4
6.0,0.5,6.0,0.5,24,2,64,1,P02_p2n10,4
6.5,0.5,6.5,0.5,26,2,52,1,P07_p7n11,4
6.5,0.5,6.5,0.5,26,2,55,1,P06_p6n11,4
6.5,0.5,6.5,0.5,26,2,59,1,P04_p4n11,4
6.5,0.5,6.5,0.5,26,2,59,1,P05_p5n11,4
6.5,0.5,6.5,0.5,26,2,64,1,P03_p3n11,4
6.5,0.5,6.5,0.5,26,2,64,1,P02_p2n11,4
7.0,0.5,7.0,0.5,28,2,52,1,P07_p7n12,4
7.0,0.5,7.0,0.5,28,2,55,1,P06_p6n12,4
7.0,0.5,7.0,0.5,28,2,59,1,P04_p4n12,4
7.0,0.5,7.0,0.5,28,2,59,1,P05_p5n12,4
7.0,0.5,7.0,0.5,28,2,64,1,P03_p3n12,4
7.0,0.5,7.0,0.5,28,2,64,1,P02_p2n12,4
7.5,0.5,7.5,0.5,30,2,52,1,P07_p7n13,4
7.5,0.5,7.5,0.5,30,2,55,1,P06_p6n13,4
7.5,0.5,7.5,0.5,30,2,59,1,P04_p4n13,4
7.5,0.5,7.5,0.5,30,2,59,1,P05_p5n13,4
7.5,0.5,7.5,0.5,30,2,64,1,P03_p3n13,4
7.5,0.5,7.5,0.5,30,2,64,1,P02_p2n13,4
8.0,1.0,8.0,1.0,32,4,52,1,P07_p7n14,4
8.0,1.0,8.0,1.0,32,4,55,1,P06_p6n14,4
8.0,1.0,8.0,1.0,32,4,59,1,P04_p4n14,4
8.0,1.0,8.0,1.0,32,4,59,1,P05_p5n14,4
8.0,1.0,8.0,1.0,32,4,64,1,P03_p3n14,4
8.0,1.0,8.0,1.0,32,4,64,1,P02_p2n14,4
8.0,0.5,8.0,0.5,32,2,71,1,P00_p0n4,4
8.0,0.5,8.0,0.5,32,2,71,1,P01_p1n4,4
8.5,0.5,8.5,0.5,34,2,71,1,P00_p0n5,4
8.5,0.5,8.5,0.5,34,2,71,1,P01_p1n5,4
9.0,0.5,9.0,0.5,36,2,52,1,P07_p7n15,4
9.0,0.5,9.0,0.5,36,2,55,1,P06_p6n15,4
9.0,0.5,9.0,0.5,36,2,59,1,P04_p4n15,4
9.0,0.5,9.0,0.5,36,2,59,1,P05_p5n15,4
9.0,0.5,9.0,0.5,36,2,64,1,P03_p3n15,4
9.0,0.5,9.0,0.5,36,2,64,1,P02_p2n15,4
9.0,0.5,9.0,0.5,36,2,64,1,P01_p1n6,4
9.0,0.5,9.0,0.5,36,2,76,1,P00_p0n6,4
9.5,0.5,9.5,0.5,38,2,52,1,P07_p7n16,4
9.5,0.5,9.5,0.5,38,2,55,1,P06_p6n16,4
9.5,0.5,9.5,0.5,38,2,59,1,P04_p4n16,4
9.5,0.5,9.5,0.5,38,2,59,1,P05_p5n16,4
9.5,0.5,9.5,0.5,38,2,64,1,P03_p3n16,4
9.5,0.5,9.5,0.5,38,2,64,1,P02_p2n16,4
9.5,0.5,9.5,0.5,38,2,71,1,P00_p0n7,4
9.5,0.5,9.5,0.5,38,2,71,1,P01_p1n7,4
10.0,0.5,10.0,0.5,40,2,52,1,P07_p7n17,4
10.0,0.5,10.0,0.5,40,2,55,1,P06_p6n17,4
10.0,0.5,10.0,0.5,40,2,59,1,P04_p4n17,4
10.0,0.5,10.0,0.5,40,2,59,1,P05_p5n17,4
10.0,0.5,10.0,0.5,40,2,64,1,P03_p3n17,4
10.0,0.5,10.0,0.5,40,2,64,1,P02_p2n17,4
10.0,0.5,10.0,0.5,40,2,71,1,P01_p1n8,4
10.0,0.5,10.0,0.5,40,2,71,1,P00_p0n8,4
10.5,0.5,10.5,0.5,42,2,52,1,P07_p7n18,4
10.5,0.5,10.5,0.5,42,2,55,1,P06_p6n18,4
10.5,0.5,10.5,0.5,42,2,59,1,P04_p4n18,4
10.5,0.5,10.5,0.5,42,2,59,1,P05_p5n18,4
10.5,0.5,10.5,0.5,42,2,64,1,P03_p3n18,4
10.5,0.5,10.5,0.5,42,2,64,1,P02_p2n18,4
10.5,0.5,10.5,0.5,42,2,71,1,P01_p1n9,4
10.5,0.5,10.5,0.5,42,2,71,1,P00_p0n9,4
11.0,0.5,11.0,0.5,44,2,52,1,P07_p7n19,4
11.0,0.5,11.0,0.5,44,2,55,1,P06_p6n19,4
11.0,0.5,11.0,0.5,44,2,59,1,P04_p4n19,4
11.0,0.5,11.0,0.5,44,2,59,1,P05_p5n19,4
11.0,0.5,11.0,0.5,44,2,64,1,P03_p3n19,4
11.0,0.5,11.0,0.5,44,2,64,1,P02_p2n19,4
11.0,1.0,11.0,1.0,44,4,64,1,P01_p1n10,4
11.0,1.0,11.0,1.0,44,4,76,1,P00_p0n10,4
11.5,0.5,11.5,0.5,46,2,52,1,P07_p7n20,4
11.5,0.5,11.5,0.5,46,2,55,1,P06_p6n20,4
11.5,0.5,11.5,0.5,46,2,59,1,P05_p5n20,4
11.5,0.5,11.5,0.5,46,2,59,1,P04_p4n20,4
11.5,0.5,11.5,0.5,46,2,64,1,P03_p3n20,4
11.5,0.5,11.5,0.5,46,2,64,1,P02_p2n20,4
12.0,1.0,12.0,1.0,48,4,52,1,P07_p7n21,4
12.0,1.0,12.0,1.0,48,4,55,1,P06_p6n21,4
12.0,1.0,12.0,1.0,48,4,59,1,P05_p5n21,4
12.0,1.0,12.0,1.0,48,4,59,1,P04_p4n21,4
12.0,1.0,12.0,1.0,48,4,64,1,P03_p3n21,4
12.0,1.0,12.0,1.0,48,4,64,1,P02_p2n21,4
12.0,2.0,12.0,2.0,48,8,67,1,P01_p1n11,4
12.0,2.0,12.0,2.0,48,8,71,1,P00_p0n11,4
13.0,0.5,13.0,0.5,52,2,54,1,P06_p6n22,4
13.0,0.5,13.0,0.5,52,2,54,1,P07_p7n22,4
13.0,0.5,13.0,0.5,52,2,59,1,P04_p4n22,4
13.0,0.5,13.0,0.5,52,2,59,1,P05_p5n22,4
13.0,0.5,13.0,0.5,52,2,64,1,P03_p3n22,4
13.0,0.5,13.0,0.5,52,2,64,1,P02_p2n22,4
13.5,0.5,13.5,0.5,54,2,54,1,P06_p6n23,4
13.5,0.5,13.5,0.5,54,2,54,1,P07_p7n23,4
13.5,0.5,13.5,0.5,54,2,59,1,P04_p4n23,4
13.5,0.5,13.5,0.5,54,2,59,1,P05_p5n23,4
13.5,0.5,13.5,0.5,54,2,64,1,P03_p3n23,4
13.5,0.5,13.5,0.5,54,2,64,1,P02_p2n23,4
14.0,0.5,14.0,0.5,56,2,55,1,P07_p7n24,4
14.0,0.5,14.0,0.5,56,2,55,1,P06_p6n24,4
14.0,0.5,14.0,0.5,56,2,59,1,P05_p5n24,4
14.0,0.5,14.0,0.5,56,2,62,1,P04_p4n24,4
14.0,0.5,14.0,0.5,56,2,67,1,P02_p2n24,4
14.0,0.5,14.0,0.5,56,2,67,1,P03_p3n24,4
14.0,0.5,14.0,0.5,56,2,71,1,P01_p1n12,4
14.0,0.5,14.0,0.5,56,2,74,1,P00_p0n12,4
14.5,0.5,14.5,0.5,58,2,55,1,P07_p7n25,4
14.5,0.5,14.5,0.5,58,2,55,1,P06_p6n25,4
14.5,0.5,14.5,0.5,58,2,59,1,P05_p5n25,4
14.5,0.5,14.5,0.5,58,2,62,1,P04_p4n25,4
14.5,0.5,14.5,0.5,58,2,67,1,P02_p2n25,4
14.5,0.5,14.5,0.5,58,2,67,1,P03_p3n25,4
14.5,0.5,14.5,0.5,58,2,71,1,P01_p1n13,4
14.5,0.5,14.5,0.5,58,2,74,1,P00_p0n13,4
15.0,0.5,15.0,0.5,60,2,50,1,P06_p6n26,4
15.0,0.5,15.0,0.5,60,2,50,1,P07_p7n26,4
15.0,0.5,15.0,0.5,60,2,59,1,P05_p5n26,4
15.0,0.5,15.0,0.5,60,2,62,1,P04_p4n26,4
15.0,0.5,15.0,0.5,60,2,67,1,P02_p2n26,4
15.0,0.5,15.0,0.5,60,2,67,1,P03_p3n26,4
15.0,0.5,15.0,0.5,60,2,72,1,P01_p1n14,4
15.0,0.5,15.0,0.5,60,2,76,1,P00_p0n14,4
15.5,0.5,15.5,0.5,62,2,50,1,P06_p6n27,4
15.5,0.5,15.5,0.5,62,2,50,1,P07_p7n27,4
15.5,0.5,15.5,0.5,62,2,59,1,P05_p5n27,4
15.5,0.5,15.5,0.5,62,2,62,1,P04_p4n27,4
15.5,0.5,15.5,0.5,62,2,67,1,P02_p2n27,4
15.5,0.5,15.5,0.5,62,2,67,1,P03_p3n27,4
15.5,0.5,15.5,0.5,62,2,71,1,P01_p1n15,4
15.5,0.5,15.5,0.5,62,2,74,1,P00_p0n15,4
16.0,1.0,16.0,1.0,64,4,48,1,P06_p6n28,4
16.0,1.0,16.0,1.0,64,4,48,1,P07_p7n28,4
16.0,1.0,16.0,1.0,64,4,55,1,P04_p4n28,4
16.0,1.0,16.0,1.0,64,4,55,1,P05_p5n28,4
16.0,1.0,16.0,1.0,64,4,60,1,P03_p3n28,4
16.0,1.0,16.0,1.0,64,4,64,1,P02_p2n28,4
16.0,0.5,16.0,0.5,64,2,69,1,P01_p1n16,4
16.0,0.5,16.0,0.5,64,2,72,1,P00_p0n16,4
16.5,0.5,16.5,0.5,66,2,67,1,P01_p1n17,4
16.5,0.5,16.5,0.5,66,2,71,1,P00_p0n17,4
17.0,0.5,17.0,0.5,68,2,50,1,P06_p6n29,4
17.0,0.5,17.0,0.5,68,2,50,1,P07_p7n29,4
17.0,0.5,17.0,0.5,68,2,57,1,P05_p5n29,4
17.0,0.5,17.0,0.5,68,2,57,1,P04_p4n29,4
17.0,0.5,17.0,0.5,68,2,60,1,P03_p3n29,4
17.0,1.0,17.0,1.0,68,4,66,1,P01_p1n18,4
17.0,0.5,17.0,0.5,68,2,66,1,P02_p2n29,4
17.0,1.0,17.0,1.0,68,4,69,1,P00_p0n18,4
17.5,0.5,17.5,0.5,70,2,50,1,P07_p7n30,4
17.5,0.5,17.5,0.5,70,2,50,1,P06_p6n30,4
17.5,0.5,17.5,0.5,70,2,57,1,P05_p5n30,4
17.5,0.5,17.5,0.5,70,2,57,1,P04_p4n30,4
17.5,0.5,17.5,0.5,70,2,60,1,P03_p3n30,4
17.5,0.5,17.5,0.5,70,2,66,1,P02_p2n30,4
18.0,0.5,18.0,0.5,72,2,55,1,P07_p7n31,4
18.0,0.5,18.0,0.5,72,2,55,1,P06_p6n31,4
18.0,0.5,18.0,0.5,72,2,59,1,P04_p4n31,4
18.0,0.5,18.0,0.5,72,2,59,1,P05_p5n31,4
18.0,0.5,18.0,0.5,72,2,62,1,P03_p3n31,4
18.0,0.5,18.0,0.5,72,2,67,1,P02_p2n31,4
18.0,2.0,18.0,2.0,72,8,67,1,P01_p1n19,4
18.0,2.0,18.0,2.0,72,8,67,1,P00_p0n19,4
18.5,0.5,18.5,0.5,74,2,55,1,P07_p7n32,4
18.5,0.5,18.5,0.5,74,2,55,1,P06_p6n32,4
18.5,0.5,18.5,0.5,74,2,59,1,P04_p4n32,4
18.5,0.5,18.5,0.5,74,2,59,1,P05_p5n32,4
18.5,0.5,18.5,0.5,74,2,62,1,P03_p3n32,4
18.5,0.5,18.5,0.5,74,2,67,1,P02_p2n32,4
19.0,0.5,19.0,0.5,76,2,55,1,P07_p7n33,4
19.0,0.5,19.0,0.5,76,2,55,1,P06_p6n33,4
19.0,0.5,19.0,0.5,76,2,59,1,P04_p4n33,4
19.0,0.5,19.0,0.5,76,2,59,1,P05_p5n33,4
19.0,0.5,19.0,0.5,76,2,62,1,P03_p3n33,4
19.0,0.5,19.0,0.5,76,2,67,1,P02_p2n33,4
19.5,0.5,19.5,0.5,78,2,55,1,P07_p7n34,4
19.5,0.5,19.5,0.5,78,2,55,1,P06_p6n34,4
19.5,0.5,19.5,0.5,78,2,59,1,P04_p4n34,4
19.5,0.5,19.5,0.5,78,2,59,1,P05_p5n34,4
19.5,0.5,19.5,0.5,78,2,62,1,P03_p3n34,4
19.5,0.5,19.5,0.5,78,2,67,1,P02_p2n34,4
20.0,0.5,20.0,0.5,80,2,57,1,P07_p7n35,4
20.0,0.5,20.0,0.5,80,2,57,1,P06_p6n35,4
20.0,0.5,20.0,0.5,80,2,60,1,P05_p5n35,4
20.0,0.5,20.0,0.5,80,2,60,1,P04_p4n35,4
20.0,0.5,20.0,0.5,80,2,64,1,P03_p3n35,4
20.0,0.5,20.0,0.5,80,2,64,1,P02_p2n35,4
20.0,0.5,20.0,0.5,80,2,69,1,P00_p0n20,4
20.0,0.5,20.0,0.5,80,2,69,1,P01_p1n20,4
20.5,0.5,20.5,0.5,82,2,55,1,P07_p7n36,4
20.5,0.5,20.5,0.5,82,2,55,1,P06_p6n36,4
20.5,0.5,20.5,0.5,82,2,60,1,P05_p5n36,4
20.5,0.5,20.5,0.5,82,2,60,1,P04_p4n36,4
20.5,0.5,20.5,0.5,82,2,64,1,P03_p3n36,4
20.5,0.5,20.5,0.5,82,2,64,1,P02_p2n36,4
20.5,0.5,20.5,0.5,82,2,69,1,P00_p0n21,4
20.5,0.5,20.5,0.5,82,2,69,1,P01_p1n21,4
21.0,0.5,21.0,0.5,84,2,54,1,P07_p7n37,4
21.0,0.5,21.0,0.5,84,2,54,1,P06_p6n37,4
21.0,0.5,21.0,0.5,84,2,60,1,P05_p5n37,4
21.0,0.5,21.0,0.5,84,2,60,1,P04_p4n37,4
21.0,0.5,21.0,0.5,84,2,64,1,P03_p3n37,4
21.0,0.5,21.0,0.5,84,2,64,1,P02_p2n37,4
21.0,0.5,21.0,0.5,84,2,69,1,P00_p0n22,4
21.0,0.5,21.0,0.5,84,2,69,1,P01_p1n22,4
21.5,0.5,21.5,0.5,86,2,52,1,P06_p6n38,4
21.5,0.5,21.5,0.5,86,2,52,1,P07_p7n38,4
21.5,0.5,21.5,0.5,86,2,60,1,P05_p5n38,4
21.5,0.5,21.5,0.5,86,2,60,1,P04_p4n38,4
21.5,0.5,21.5,0.5,86,2,64,1,P03_p3n38,4
21.5,0.5,21.5,0.5,86,2,64,1,P02_p2n38,4
21.5,0.5,21.5,0.5,86,2,69,1,P00_p0n23,4
21.5,0.5,21.5,0.5,86,2,69,1,P01_p1n23,4
22.0,0.5,22.0,0.5,88,2,50,1,P06_p6n39,4
22.0,0.5,22.0,0.5,88,2,50,1,P07_p7n39,4
22.0,0.5,22.0,0.5,88,2,57,1,P05_p5n39,4
22.0,0.5,22.0,0.5,88,2,60,1,P04_p4n39,4
22.0,0.5,22.0,0.5,88,2,66,1,P03_p3n39,4
22.0,0.5,22.0,0.5,88,2,66,1,P02_p2n39,4
22.0,0.5,22.0,0.5,88,2,69,1,P00_p0n24,4
22.0,0.5,22.0,0.5,88,2,69,1,P01_p1n24,4
22.5,0.5,22.5,0.5,90,2,50,1,P07_p7n40,4
22.5,0.5,22.5,0.5,90,2,50,1,P06_p6n40,4
22.5,0.5,22.5,0.5,90,2,57,1,P05_p5n40,4
22.5,0.5,22.5,0.5,90,2,60,1,P04_p4n40,4
22.5,0.5,22.5,0.5,90,2,66,1,P01_p1n25,4
22.5,0.5,22.5,0.5,90,2,66,1,P03_p3n40,4
22.5,0.5,22.5,0.5,90,2,66,1,P02_p2n40,4
22.5,0.5,22.5,0.5,90,2,74,1,P00_p0n25,4
23.0,0.5,23.0,0.5,92,2,52,1,P06_p6n41,4
23.0,0.5,23.0,0.5,92,2,52,1,P07_p7n41,4
23.0,0.5,23.0,0.5,92,2,57,1,P05_p5n41,4
23.0,0.5,23.0,0.5,92,2,60,1,P04_p4n41,4
23.0,0.5,23.0,0.5,92,2,66,1,P03_p3n41,4
23.0,0.5,23.0,0.5,92,2,66,1,P02_p2n41,4
23.0,1.0,23.0,1.0,92,4,69,1,P01_p1n26,4
23.0,1.0,23.0,1.0,92,4,72,1,P00_p0n26,4
23.5,0.5,23.5,0.5,94,2,54,1,P07_p7n42,4
23.5,0.5,23.5,0.5,94,2,54,1,P06_p6n42,4
23.5,0.5,23.5,0.5,94,2,57,1,P05_p5n42,4
23.5,0.5,23.5,0.5,94,2,60,1,P04_p4n42,4
23.5,0.5,23.5,0.5,94,2,66,1,P03_p3n42,4
23.5,0.5,23.5,0.5,94,2,66,1,P02_p2n42,4
24.0,1.0,24.0,1.0,96,4,55,1,P07_p7n43,4
24.0,1.0,24.0,1.0,96,4,55,1,P06_p6n43,4
24.0,1.0,24.0,1.0,96,4,59,1,P05_p5n43,4
24.0,1.0,24.0,1.0,96,4,62,1,P04_p4n43,4
24.0,1.0,24.0,1.0,96,4,67,1,P02_p2n43,4
24.0,1.0,24.0,1.0,96,4,67,1,P03_p3n43,4
24.0,2.0,24.0,2.0,96,8,67,1,P01_p1n27,4
24.0,2.0,24.0,2.0,96,8,71,1,P00_p0n27,4
25.0,0.5,25.0,0.5,100,2,55,1,P07_p7n44,4
25.0,0.5,25.0,0.5,100,2,55,1,P06_p6n44,4
25.0,0.5,25.0,0.5,100,2,59,1,P05_p5n44,4
25.0,0.5,25.0,0.5,100,2,62,1,P04_p4n44,4
25.0,0.5,25.0,0.5,100,2,67,1,P02_p2n44,4
25.0,0.5,25.0,0.5,100,2,67,1,P03_p3n44,4
25.5,0.5,25.5,0.5,102,2,55,1,P07_p7n45,4
25.5,0.5,25.5,0.5,102,2,55,1,P06_p6n45,4
25.5,0.5,25.5,0.5,102,2,59,1,P05_p5n45,4
25.5,0.5,25.5,0.5,102,2,62,1,P04_p4n45,4
25.5,0.5,25.5,0.5,102,2,67,1,P02_p2n45,4
25.5,0.5,25.5,0.5,102,2,67,1,P03_p3n45,4
26.0,0.5,26.0,0.5,104,2,52,1,P06_p6n46,4
26.0,0.5,26.0,0.5,104,2,52,1,P07_p7n46,4
26.0,0.5,26.0,0.5,104,2,55,1,P05_p5n46,4
26.0,0.5,26.0,0.5,104,2,59,1,P04_p4n46,4
26.0,0.5,26.0,0.5,104,2,64,1,P03_p3n46,4
26.0,0.5,26.0,0.5,104,2,64,1,P02_p2n46,4
26.0,0.5,26.0,0.5,104,2,71,1,P01_p1n28,4
26.0,0.5,26.0,0.5,104,2,71,1,P00_p0n28,4
26.5,0.5,26.5,0.5,106,2,52,1,P06_p6n47,4
26.5,0.5,26.5,0.5,106,2,52,1,P07_p7n47,4
26.5,0.5,26.5,0.5,106,2,55,1,P05_p5n47,4
26.5,0.5,26.5,0.5,106,2,59,1,P04_p4n47,4
26.5,0.5,26.5,0.5,106,2,64,1,P03_p3n47,4
26.5,0.5,26.5,0.5,106,2,64,1,P02_p2n47,4
26.5,0.5,26.5,0.5,106,2,71,1,P01_p1n29,4
26.5,0.5,26.5,0.5,106,2,71,1,P00_p0n29,4
27.0,0.5,27.0,0.5,108,2,52,1,P06_p6n48,4
27.0,0.5,27.0,0.5,108,2,52,1,P07_p7n48,4
27.0,0.5,27.0,0.5,108,2,55,1,P05_p5n48,4
27.0,0.5,27.0,0.5,108,2,59,1,P04_p4n48,4
27.0,0.5,27.0,0.5,108,2,64,1,P03_p3n48,4
27.0,0.5,27.0,0.5,108,2,64,1,P02_p2n48,4
27.0,0.5,27.0,0.5,108,2,69,1,P01_p1n30,4
27.0,0.5,27.0,0.5,108,2,72,1,P00_p0n30,4
27.5,0.5,27.5,0.5,110,2,52,1,P06_p6n49,4
27.5,0.5,27.5,0.5,110,2,52,1,P07_p7n49,4
27.5,0.5,27.5,0.5,110,2,55,1,P05_p5n49,4
27.5,0.5,27.5,0.5,110,2,59,1,P04_p4n49,4
27.5,0.5,27.5,0.5,110,2,64,1,P03_p3n49,4
27.5,0.5,27.5,0.5,110,2,64,1,P02_p2n49,4
27.5,0.5,27.5,0.5,110,2,67,1,P01_p1n31,4
27.5,0.5,27.5,0.5,110,2,71,1,P00_p0n31,4
28.0,1.0,28.0,1.0,112,4,47,1,P06_p6n50,4
28.0,1.0,28.0,1.0,112,4,47,1,P07_p7n50,4
28.0,1.0,28.0,1.0,112,4,57,1,P05_p5n50,4
28.0,1.0,28.0,1.0,112,4,59,1,P04_p4n50,4
28.0,0.5,28.0,0.5,112,2,66,1,P01_p1n32,4
28.0,1.0,28.0,1.0,112,4,66,1,P03_p3n50,4
28.0,1.0,28.0,1.0,112,4,66,1,P02_p2n50,4
28.0,0.5,28.0,0.5,112,2,69,1,P00_p0n32,4
28.5,0.5,28.5,0.5,114,2,64,1,P01_p1n33,4
28.5,0.5,28.5,0.5,114,2,67,1,P00_p0n33,4
29.0,0.5,29.0,0.5,116,2,51,1,P06_p6n51,4
29.0,0.5,29.0,0.5,116,2,51,1,P07_p7n51,4
29.0,0.5,29.0,0.5,116,2,57,1,P05_p5n51,4
29.0,0.5,29.0,0.5,116,2,59,1,P04_p4n51,4
29.0,1.0,29.0,1.0,116,4,66,1,P01_p1n34,4
29.0,0.5,29.0,0.5,116,2,66,1,P03_p3n51,4
29.0,0.5,29.0,0.5,116,2,66,1,P02_p2n51,4
29.0,1.0,29.0,1.0,116,4,66,1,P00_p0n34,4
29.5,0.5,29.5,0.5,118,2,51,1,P06_p6n52,4
29.5,0.5,29.5,0.5,118,2,51,1,P07_p7n52,4
29.5,0.5,29.5,0.5,118,2,57,1,P05_p5n52,4
29.5,0.5,29.5,0.5,118,2,59,1,P04_p4n52,4
29.5,0.5,29.5,0.5,118,2,66,1,P03_p3n52,4
29.5,0.5,29.5,0.5,118,2,66,1,P02_p2n52,4
30.0,0.5,30.0,0.5,120,2,52,1,P06_p6n53,4
30.0,0.5,30.0,0.5,120,2,52,1,P07_p7n53,4
30.0,0.5,30.0,0.5,120,2,55,1,P05_p5n53,4
30.0,0.5,30.0,0.5,120,2,59,1,P04_p4n53,4
30.0,0.5,30.0,0.5,120,2,64,1,P03_p3n53,4
30.0,0.5,30.0,0.5,120,2,64,1,P02_p2n53,4
30.0,2.0,30.0,2.0,120,8,64,1,P01_p1n35,4
30.0,2.0,30.0,2.0,120,8,64,1,P00_p0n35,4
30.5,0.5,30.5,0.5,122,2,52,1,P06_p6n54,4
30.5,0.5,30.5,0.5,122,2,52,1,P07_p7n54,4
30.5,0.5,30.5,0.5,122,2,55,1,P05_p5n54,4
30.5,0.5,30.5,0.5,122,2,59,1,P04_p4n54,4
30.5,0.5,30.5,0.5,122,2,64,1,P03_p3n54,4
30.5,0.5,30.5,0.5,122,2,64,1,P02_p2n54,4
31.0,0.5,31.0,0.5,124,2,54,1,P07_p7n55,4
31.0,0.5,31.0,0.5,124,2,54,1,P06_p6n55,4
31.0,0.5,31.0,0.5,124,2,55,1,P05_p5n55,4
31.0,0.5,31.0,0.5,124,2,59,1,P04_p4n55,4
31.0,0.5,31.0,0.5,124,2,64,1,P03_p3n55,4
31.0,0.5,31.0,0.5,124,2,64,1,P02_p2n55,4
31.5,0.5,31.5,0.5,126,2,55,1,P05_p5n56,4
31.5,0.5,31.5,0.5,126,2,55,1,P07_p7n56,4
31.5,0.5,31.5,0.5,126,2,55,1,P06_p6n56,4
31.5,0.5,31.5,0.5,126,2,59,1,P04_p4n56,4
31.5,0.5,31.5,0.5,126,2,64,1,P03_p3n56,4
31.5,0.5,31.5,0.5,126,2,64,1,P02_p2n56,4
32.0,0.5,32.0,0.5,128,2,57,1,P07_p7n57,4
32.0,0.5,32.0,0.5,128,2,57,1,P06_p6n57,4
32.0,0.5,32.0,0.5,128,2,60,1,P05_p5n57,4
32.0,0.5,32.0,0.5,128,2,60,1,P04_p4n57,4
32.0,0.5,32.0,0.5,128,2,64,1,P03_p3n57,4
32.0,0.5,32.0,0.5,128,2,64,1,P02_p2n57,4
32.0,0.5,32.0,0.5,128,2,69,1,P00_p0n36,4
32.0,0.5,32.0,0.5,128,2,69,1,P01_p1n36,4
32.5,0.5,32.5,0.5,130,2,55,1,P07_p7n58,4
32.5,0.5,32.5,0.5,130,2,55,1,P06_p6n58,4
32.5,0.5,32.5,0.5,130,2,60,1,P04_p4n58,4
32.5,0.5,32.5,0.5,130,2,60,1,P05_p5n58,4
32.5,0.5,32.5,0.5,130,2,64,1,P03_p3n58,4
32.5,0.5,32.5,0.5,130,2,64,1,P02_p2n58,4
32.5,0.5,32.5,0.5,130,2,69,1,P01_p1n37,4
32.5,0.5,32.5,0.5,130,2,69,1,P00_p0n37,4
33.0,0.5,33.0,0.5,132,2,54,1,P07_p7n59,4
33.0,0.5,33.0,0.5,132,2,54,1,P06_p6n59,4
33.0,0.5,33.0,0.5,132,2,60,1,P04_p4n59,4
33.0,0.5,33.0,0.5,132,2,60,1,P05_p5n59,4
33.0,0.5,33.0,0.5,132,2,64,1,P03_p3n59,4
33.0,0.5,33.0,0.5,132,2,64,1,P02_p2n59,4
33.0,0.5,33.0,0.5,132,2,69,1,P01_p1n38,4
33.0,0.5,33.0,0.5,132,2,69,1,P00_p0n38,4
33.5,0.5,33.5,0.5,134,2,52,1,P06_p6n60,4
33.5,0.5,33.5,0.5,134,2,52,1,P07_p7n60,4
33.5,0.5,33.5,0.5,134,2,60,1,P05_p5n60,4
33.5,0.5,33.5,0.5,134,2,60,1,P04_p4n60,4
33.5,0.5,33.5,0.5,134,2,64,1,P03_p3n60,4
33.5,0.5,33.5,0.5,134,2,64,1,P02_p2n60,4
33.5,0.5,33.5,0.5,134,2,69,1,P01_p1n39,4
33.5,0.5,33.5,0.5,134,2,69,1,P00_p0n39,4
34.0,0.5,34.0,0.5,136,2,50,1,P07_p7n61,4
34.0,0.5,34.0,0.5,136,2,50,1,P06_p6n61,4
34.0,0.5,34.0,0.5,136,2,57,1,P05_p5n61,4
34.0,0.5,34.0,0.5,136,2,60,1,P04_p4n61,4
34.0,0.5,34.0,0.5,136,2,66,1,P03_p3n61,4
34.0,0.5,34.0,0.5,136,2,66,1,P02_p2n61,4
34.0,0.5,34.0,0.5,136,2,69,1,P01_p1n40,4
34.0,0.5,34.0,0.5,136,2,69,1,P00_p0n40,4
34.5,0.5,34.5,0.5,138,2,50,1,P07_p7n62,4
34.5,0.5,34.5,0.5,138,2,50,1,P06_p6n62,4
34.5,0.5,34.5,0.5,138,2,57,1,P05_p5n62,4
34.5,0.5,34.5,0.5,138,2,60,1,P04_p4n62,4
34.5,0.5,34.5,0.5,138,2,66,1,P01_p1n41,4
34.5,0.5,34.5,0.5,138,2,66,1,P03_p3n62,4
34.5,0.5,34.5,0.5,138,2,66,1,P02_p2n62,4
34.5,0.5,34.5,0.5,138,2,74,1,P00_p0n41,4
35.0,0.5,35.0,0.5,140,2,52,1,P06_p6n63,4
35.0,0.5,35.0,0.5,140,2,52,1,P07_p7n63,4
35.0,0.5,35.0,0.5,140,2,57,1,P05_p5n63,4
35.0,0.5,35.0,0.5,140,2,60,1,P04_p4n63,4
35.0,0.5,35.0,0.5,140,2,66,1,P03_p3n63,4
35.0,0.5,35.0,0.5,140,2,66,1,P02_p2n63,4
35.0,1.0,35.0,1.0,140,4,69,1,P01_p1n42,4
35.0,1.0,35.0,1.0,140,4,72,1,P00_p0n42,4
35.5,0.5,35.5,0.5,142,2,54,1,P07_p7n64,4
35.5,0.5,35.5,0.5,142,2,54,1,P06_p6n64,4
35.5,0.5,35.5,0.5,142,2,57,1,P05_p5n64,4
35.5,0.5,35.5,0.5,142,2,60,1,P04_p4n64,4
35.5,0.5,35.5,0.5,142,2,66,1,P02_p2n64,4
35.5,0.5,35.5,0.5,142,2,66,1,P03_p3n64,4
36.0,1.0,36.0,1.0,144,4,55,1,P07_p7n65,4
36.0,1.0,36.0,1.0,144,4,55,1,P06_p6n65,4
36.0,1.0,36.0,1.0,144,4,59,1,P05_p5n65,4
36.0,1.0,36.0,1.0,144,4,62,1,P04_p4n65,4
36.0,1.0,36.0,1.0,144,4,67,1,P03_p3n65,4
36.0,1.0,36.0,1.0,144,4,67,1,P02_p2n65,4
36.0,2.0,36.0,2.0,144,8,67,1,P01_p1n43,4
36.0,2.0,36.0,2.0,144,8,71,1,P00_p0n43,4
37.0,0.5,37.0,0.5,148,2,55,1,P07_p7n66,4
37.0,0.5,37.0,0.5,148,2,55,1,P06_p6n66,4
37.0,0.5,37.0,0.5,148,2,59,1,P05_p5n66,4
37.0,0.5,37.0,0.5,148,2,62,1,P04_p4n66,4
37.0,0.5,37.0,0.5,148,2,67,1,P03_p3n66,4
37.0,0.5,37.0,0.5,148,2,67,1,P02_p2n66,4
37.5,0.5,37.5,0.5,150,2,55,1,P07_p7n67,4
37.5,0.5,37.5,0.5,150,2,55,1,P06_p6n67,4
37.5,0.5,37.5,0.5,150,2,59,1,P05_p5n67,4
37.5,0.5,37.5,0.5,150,2,62,1,P04_p4n67,4
37.5,0.5,37.5,0.5,150,2,67,1,P03_p3n67,4
37.5,0.5,37.5,0.5,150,2,67,1,P02_p2n67,4
38.0,0.5,38.0,0.5,152,2,52,1,P06_p6n68,4
38.0,0.5,38.0,0.5,152,2,52,1,P07_p7n68,4
38.0,0.5,38.0,0.5,152,2,55,1,P05_p5n68,4
38.0,0.5,38.0,0.5,152,2,59,1,P04_p4n68,4
38.0,0.5,38.0,0.5,152,2,64,1,P02_p2n68,4
38.0,0.5,38.0,0.5,152,2,64,1,P03_p3n68,4
38.0,0.5,38.0,0.5,152,2,71,1,P00_p0n44,4
38.0,0.5,38.0,0.5,152,2,71,1,P01_p1n44,4
38.5,0.5,38.5,0.5,154,2,52,1,P06_p6n69,4
38.5,0.5,38.5,0.5,154,2,52,1,P07_p7n69,4
38.5,0.5,38.5,0.5,154,2,55,1,P05_p5n69,4
38.5,0.5,38.5,0.5,154,2,59,1,P04_p4n69,4
38.5,0.5,38.5,0.5,154,2,64,1,P02_p2n69,4
38.5,0.5,38.5,0.5,154,2,64,1,P03_p3n69,4
38.5,0.5,38.5,0.5,154,2,71,1,P01_p1n45,4
38.5,0.5,38.5,0.5,154,2,71,1,P00_p0n45,4
39.0,0.5,39.0,0.5,156,2,52,1,P06_p6n70,4
39.0,0.5,39.0,0.5,156,2,52,1,P07_p7n70,4
39.0,0.5,39.0,0.5,156,2,55,1,P05_p5n70,4
39.0,0.5,39.0,0.5,156,2,59,1,P04_p4n70,4
39.0,0.5,39.0,0.5,156,2,64,1,P02_p2n70,4
39.0,0.5,39.0,0.5,156,2,64,1,P03_p3n70,4
39.0,0.5,39.0,0.5,156,2,69,1,P01_p1n46,4
39.0,0.5,39.0,0.5,156,2,72,1,P00_p0n46,4
39.5,0.5,39.5,0.5,158,2,52,1,P06_p6n71,4
39.5,0.5,39.5,0.5,158,2,52,1,P07_p7n71,4
39.5,0.5,39.5,0.5,158,2,55,1,P05_p5n71,4
39.5,0.5,39.5,0.5,158,2,59,1,P04_p4n71,4
39.5,0.5,39.5,0.5,158,2,64,1,P02_p2n71,4
39.5,0.5,39.5,0.5,158,2,64,1,P03_p3n71,4
39.5,0.5,39.5,0.5,158,2,67,1,P01_p1n47,4
39.5,0.5,39.5,0.5,158,2,71,1,P00_p0n47,4
40.0,1.0,40.0,1.0,160,4,47,1,P07_p7n72,4
40.0,1.0,40.0,1.0,160,4,47,1,P06_p6n72,4
40.0,1.0,40.0,1.0,160,4,57,1,P05_p5n72,4
40.0,1.0,40.0,1.0,160,4,59,1,P04_p4n72,4
40.0,0.5,40.0,0.5,160,2,66,1,P01_p1n48,4
40.0,1.0,40.0,1.0,160,4,66,1,P02_p2n72,4
40.0,1.0,40.0,1.0,160,4,66,1,P03_p3n72,4
40.0,0.5,40.0,0.5,160,2,69,1,P00_p0n48,4
40.5,0.5,40.5,0.5,162,2,64,1,P01_p1n49,4
40.5,0.5,40.5,0.5,162,2,67,1,P00_p0n49,4
41.0,0.5,41.0,0.5,164,2,51,1,P06_p6n73,4
41.0,0.5,41.0,0.5,164,2,51,1,P07_p7n73,4
41.0,0.5,41.0,0.5,164,2,57,1,P05_p5n73,4
41.0,0.5,41.0,0.5,164,2,59,1,P04_p4n73,4
41.0,1.0,41.0,1.0,164,4,66,1,P00_p0n50,4
41.0,1.0,41.0,1.0,164,4,66,1,P01_p1n50,4
41.0,0.5,41.0,0.5,164,2,66,1,P02_p2n73,4
41.0,0.5,41.0,0.5,164,2,66,1,P03_p3n73,4
41.5,0.5,41.5,0.5,166,2,51,1,P07_p7n74,4
41.5,0.5,41.5,0.5,166,2,51,1,P06_p6n74,4
41.5,0.5,41.5,0.5,166,2,57,1,P05_p5n74,4
41.5,0.5,41.5,0.5,166,2,59,1,P04_p4n74,4
41.5,0.5,41.5,0.5,166,2,66,1,P02_p2n74,4
41.5,0.5,41.5,0.5,166,2,66,1,P03_p3n74,4
42.0,0.5,42.0,0.5,168,2,52,1,P06_p6n75,4
42.0,0.5,42.0,0.5,168,2,52,1,P07_p7n75,4
42.0,0.5,42.0,0.5,168,2,55,1,P05_p5n75,4
42.0,0.5,42.0,0.5,168,2,59,1,P04_p4n75,4
42.0,0.5,42.0,0.5,168,2,64,1,P02_p2n75,4
42.0,0.5,42.0,0.5,168,2,64,1,P03_p3n75,4
42.0,2.5,42.0,2.5,168,10,64,1,P00_p0n51,4
42.0,2.5,42.0,2.5,168,10,64,1,P01_p1n51,4
42.5,0.5,42.5,0.5,170,2,52,1,P06_p6n76,4
42.5,0.5,42.5,0.5,170,2,52,1,P07_p7n76,4
42.5,0.5,42.5,0.5,170,2,55,1,P05_p5n76,4
42.5,0.5,42.5,0.5,170,2,59,1,P04_p4n76,4
42.5,0.5,42.5,0.5,170,2,64,1,P02_p2n76,4
42.5,0.5,42.5,0.5,170,2,64,1,P03_p3n76,4
43.0,0.5,43.0,0.5,172,2,52,1,P06_p6n77,4
43.0,0.5,43.0,0.5,172,2,52,1,P07_p7n77,4
43.0,0.5,43.0,0.5,172,2,55,1,P05_p5n77,4
43.0,0.5,43.0,0.5,172,2,59,1,P04_p4n77,4
43.0,0.5,43.0,0.5,172,2,64,1,P02_p2n77,4
43.0,0.5,43.0,0.5,172,2,64,1,P03_p3n77,4
43.5,0.5,43.5,0.5,174,2,52,1,P06_p6n78,4
43.5,0.5,43.5,0.5,174,2,52,1,P07_p7n78,4
43.5,0.5,43.5,0.5,174,2,55,1,P05_p5n78,4
43.5,0.5,43.5,0.5,174,2,59,1,P04_p4n78,4
43.5,0.5,43.5,0.5,174,2,64,1,P02_p2n78,4
43.5,0.5,43.5,0.5,174,2,64,1,P03_p3n78,4
44.0,0.5,44.0,0.5,176,2,52,1,P06_p6n79,4
44.0,0.5,44.0,0.5,176,2,52,1,P07_p7n79,4
44.0,0.5,44.0,0.5,176,2,55,1,P05_p5n79,4
44.0,0.5,44.0,0.5,176,2,59,1,P04_p4n79,4
44.0,0.5,44.0,0.5,176,2,64,1,P03_p3n79,4
44.0,0.5,44.0,0.5,176,2,76,1,P02_p2n79,4
45.5,0.25,45.5,0.25,182,1,67,1,P00_p0n55,4
45.5,0.25,45.5,0.25,182,1,67,1,P01_p1n55,4
45.75,0.25,45.75,0.25,183,1,69,1,P01_p1n56,4
45.75,0.25,45.75,0.25,183,1,69,1,P00_p0n56,4
46.0,1.0,46.0,1.0,184,4,52,1,P06_p6n82,4
46.0,1.0,46.0,1.0,184,4,52,1,P07_p7n82,4
46.0,1.0,46.0,1.0,184,4,55,1,P05_p5n82,4
46.0,1.0,46.0,1.0,184,4,59,1,P04_p4n82,4
46.0,1.0,46.0,1.0,184,4,64,1,P02_p2n82,4
46.0,1.0,46.0,1.0,184,4,64,1,P03_p3n82,4
46.0,0.25,46.0,0.25,184,1,71,1,P01_p1n57,4
46.0,0.25,46.0,0.25,184,1,71,1,P00_p0n57,4
46.25,0.25,46.25,0.25,185,1,72,1,P00_p0n58,4
46.25,0.25,46.25,0.25,185,1,72,1,P01_p1n58,4
46.5,0.25,46.5,0.25,186,1,71,1,P00_p0n59,4
46.5,0.25,46.5,0.25,186,1,71,1,P01_p1n59,4
46.75,0.25,46.75,0.25,187,1,69,1,P01_p1n60,4
46.75,0.25,46.75,0.25,187,1,69,1,P00_p0n60,4
47.0,1.0,47.0,1.0,188,4,52,1,P06_p6n83,4
47.0,1.0,47.0,1.0,188,4,52,1,P07_p7n83,4
47.0,1.0,47.0,1.0,188,4,57,1,P05_p5n83,4
47.0,1.0,47.0,1.0,188,4,60,1,P04_p4n83,4
47.0,1.0,47.0,1.0,188,4,64,1,P02_p2n83,4
47.0,1.0,47.0,1.0,188,4,64,1,P03_p3n83,4
47.0,0.25,47.0,0.25,188,1,67,1,P00_p0n61,4
47.0,0.25,47.0,0.25,188,1,67,1,P01_p1n61,4
47.25,0.25,47.25,0.25,189,1,69,1,P01_p1n62,4
47.25,0.25,47.25,0.25,189,1,69,1,P00_p0n62,4
47.5,0.25,47.5,0.25,190,1,67,1,P00_p0n63,4
47.5,0.25,47.5,0.25,190,1,67,1,P01_p1n63,4
47.75,0.25,47.75,0.25,191,1,66,1,P01_p1n64,4
47.75,0.25,47.75,0.25,191,1,66,1,P00_p0n64,4
48.0,1.0,48.0,1.0,192,4,52,1,P06_p6n84,4
48.0,1.0,48.0,1.0,192,4,52,1,P07_p7n84,4
48.0,1.0,48.0,1.0,192,4,55,1,P05_p5n84,4
48.0,1.0,48.0,1.0,192,4,59,1,P04_p4n84,4
48.0,1.0,48.0,1.0,192,4,64,1,P02_p2n84,4
48.0,1.0,48.0,1.0,192,4,64,1,P03_p3n84,4
48.0,0.5,48.0,0.5,192,2,64,1,P00_p0n65,4
48.0,0.5,48.0,0.5,192,2,64,1,P01_p1n65,4
48.5,0.5,48.5,0.5,194,2,66,1,P00_p0n66,4
48.5,0.5,48.5,0.5,194,2,66,1,P01_p1n66,4
49.0,1.0,49.0,1.0,196,4,60,1,P05_p5n85,4
49.0,1.0,49.0,1.0,196,4,60,1,P06_p6n85,4
49.0,1.0,49.0,1.0,196,4,60,1,P07_p7n85,4
49.0,1.0,49.0,1.0,196,4,64,1,P04_p4n85,4
49.0,0.5,49.0,0.5,196,2,67,1,P00_p0n67,4
49.0,1.0,49.0,1.0,196,4,67,1,P03_p3n85,4
49.0,1.0,49.0,1.0,196,4,67,1,P02_p2n85,4
49.0,0.5,49.0,0.5,196,2,67,1,P01_p1n67,4
49.5,0.5,49.5,0.5,198,2,71,1,P00_p0n68,4
49.5,0.5,49.5,0.5,198,2,71,1,P01_p1n68,4
50.0,1.0,50.0,1.0,200,4,59,1,P06_p6n86,4
50.0,1.0,50.0,1.0,200,4,59,1,P07_p7n86,4
50.0,1.0,50.0,1.0,200,4,63,1,P05_p5n86,4
50.0,1.0,50.0,1.0,200,4,63,1,P04_p4n86,4
50.0,1.0,50.0,1.0,200,4,66,1,P02_p2n86,4
50.0,1.0,50.0,1.0,200,4,66,1,P03_p3n86,4
50.0,1.0,50.0,1.0,200,4,66,1,P00_p0n69,4
50.0,1.0,50.0,1.0,200,4,66,1,P01_p1n69,4
51.0,1.0,51.0,1.0,204,4,47,1,P07_p7n87,4
51.0,1.0,51.0,1.0,204,4,47,1,P06_p6n87,4
51.0,1.0,51.0,1.0,204,4,59,1,P04_p4n87,4
51.0,1.0,51.0,1.0,204,4,59,1,P05_p5n87,4
51.0,1.0,51.0,1.0,204,4,63,1,P02_p2n87,4
51.0,1.0,51.0,1.0,204,4,63,1,P03_p3n87,4
51.0,1.0,51.0,1.0,204,4,66,1,P01_p1n70,4
51.0,1.0,51.0,1.0,204,4,66,1,P00_p0n70,4
52.0,1.0,52.0,1.0,208,4,52,1,P06_p6n88,4
52.0,1.0,52.0,1.0,208,4,52,1,P07_p7n88,4
52.0,1.0,52.0,1.0,208,4,55,1,P05_p5n88,4
52.0,1.0,52.0,1.0,208,4,59,1,P04_p4n88,4
52.0,1.0,52.0,1.0,208,4,64,1,P02_p2n88,4
52.0,1.0,52.0,1.0,208,4,64,1,P03_p3n88,4
52.0,0.25,52.0,0.25,208,1,71,1,P00_p0n71,4
52.0,0.25,52.0,0.25,208,1,71,1,P01_p1n71,4
52.25,0.25,52.25,0.25,209,1,72,1,P00_p0n72,4
52.25,0.25,52.25,0.25,209,1,72,1,P01_p1n72,4
52.5,0.25,52.5,0.25,210,1,71,1,P01_p1n73,4
52.5,0.25,52.5,0.25,210,1,71,1,P00_p0n73,4
52.75,0.25,52.75,0.25,211,1,69,1,P01_p1n74,4
52.75,0.25,52.75,0.25,211,1,69,1,P00_p0n74,4
53.0,1.0,53.0,1.0,212,4,52,1,P06_p6n89,4
53.0,1.0,53.0,1.0,212,4,52,1,P07_p7n89,4
53.0,1.0,53.0,1.0,212,4,57,1,P05_p5n89,4
53.0,1.0,53.0,1.0,212,4,60,1,P04_p4n89,4
53.0,1.0,53.0,1.0,212,4,64,1,P02_p2n89,4
53.0,1.0,53.0,1.0,212,4,64,1,P03_p3n89,4
53.0,0.25,53.0,0.25,212,1,67,1,P00_p0n75,4
53.0,0.25,53.0,0.25,212,1,67,1,P01_p1n75,4
53.25,0.25,53.25,0.25,213,1,69,1,P01_p1n76,4
53.25,0.25,53.25,0.25,213,1,69,1,P00_p0n76,4
53.5,0.25,53.5,0.25,214,1,67,1,P00_p0n77,4
53.5,0.25,53.5,0.25,214,1,67,1,P01_p1n77,4
53.75,0.25,53.75,0.25,215,1,66,1,P00_p0n78,4
53.75,0.25,53.75,0.25,215,1,66,1,P01_p1n78,4
54.0,1.0,54.0,1.0,216,4,46,1,P07_p7n90,4
54.0,1.0,54.0,1.0,216,4,46,1,P06_p6n90,4
54.0,1.0,54.0,1.0,216,4,61,1,P05_p5n90,4
54.0,1.0,54.0,1.0,216,4,61,1,P04_p4n90,4
54.0,0.5,54.0,0.5,216,2,64,1,P00_p0n79,4
54.0,0.5,54.0,0.5,216,2,64,1,P01_p1n79,4
54.0,1.0,54.0,1.0,216,4,66,1,P02_p2n90,4
54.0,1.0,54.0,1.0,216,4,66,1,P03_p3n90,4
54.5,0.5,54.5,0.5,218,2,66,1,P01_p1n80,4
54.5,0.5,54.5,0.5,218,2,66,1,P00_p0n80,4
55.0,1.0,55.0,1.0,220,4,47,1,P06_p6n91,4
55.0,1.0,55.0,1.0,220,4,47,1,P07_p7n91,4
55.0,1.0,55.0,1.0,220,4,54,1,P04_p4n91,4
55.0,1.0,55.0,1.0,220,4,54,1,P05_p5n91,4
55.0,1.0,55.0,1.0,220,4,63,1,P02_p2n91,4
55.0,1.0,55.0,1.0,220,4,63,1,P03_p3n91,4
55.0,0.5,55.0,0.5,220,2,67,1,P00_p0n81,4
55.0,0.5,55.0,0.5,220,2,67,1,P01_p1n81,4
55.5,0.5,55.5,0.5,222,2,63,1,P01_p1n82,4
55.5,0.5,55.5,0.5,222,2,63,1,P00_p0n82,4
56.0,1.0,56.0,1.0,224,4,52,1,P07_p7n92,4
56.0,1.0,56.0,1.0,224,4,52,1,P06_p6n92,4
56.0,1.0,56.0,1.0,224,4,55,1,P04_p4n92,4
56.0,1.0,56.0,1.0,224,4,55,1,P05_p5n92,4
56.0,1.0,56.0,1.0,224,4,64,1,P00_p0n83,4
56.0,1.0,56.0,1.0,224,4,64,1,P02_p2n92,4
56.0,1.0,56.0,1.0,224,4,64,1,P03_p3n92,4
56.0,1.0,56.0,1.0,224,4,64,1,P01_p1n83,4
57.0,1.0,57.0,1.0,228,4,52,1,P07_p7n93,4
57.0,1.0,57.0,1.0,228,4,52,1,P06_p6n93,4
57.0,1.0,57.0,1.0,228,4,55,1,P04_p4n93,4
57.0,1.0,57.0,1.0,228,4,55,1,P05_p5n93,4
57.0,1.0,57.0,1.0,228,4,64,1,P00_p0n84,4
57.0,1.0,57.0,1.0,228,4,64,1,P02_p2n93,4
57.0,1.0,57.0,1.0,228,4,64,1,P03_p3n93,4
57.0,1.0,57.0,1.0,228,4,64,1,P01_p1n84,4
58.0,0.5,58.0,0.5,232,2,52,1,P07_p7n94,4
58.0,0.5,58.0,0.5,232,2,52,1,P06_p6n94,4
58.0,0.5,58.0,0.5,232,2,55,1,P05_p5n94,4
58.0,0.5,58.0,0.5,232,2,59,1,P04_p4n94,4
58.0,0.5,58.0,0.5,232,2,64,1,P02_p2n94,4
58.0,0.5,58.0,0.5,232,2,64,1,P03_p3n94,4
58.0,0.25,58.0,0.25,232,1,71,1,P01_p1n85,4
58.0,0.25,58.0,0.25,232,1,71,1,P00_p0n85,4
58.25,0.25,58.25,0.25,233,1,72,1,P01_p1n86,4
58.25,0.25,58.25,0.25,233,1,72,1,P00_p0n86,4
58.5,0.5,58.5,0.5,234,2,52,1,P07_p7n95,4
58.5,0.5,58.5,0.5,234,2,52,1,P06_p6n95,4
58.5,0.5,58.5,0.5,234,2,55,1,P05_p5n95,4
58.5,0.5,58.5,0.5,234,2,59,1,P04_p4n95,4
58.5,0.5,58.5,0.5,234,2,64,1,P02_p2n95,4
58.5,0.5,58.5,0.5,234,2,64,1,P03_p3n95,4
58.5,0.25,58.5,0.25,234,1,71,1,P01_p1n87,4
58.5,0.25,58.5,0.25,234,1,71,1,P00_p0n87,4
58.75,0.25,58.75,0.25,235,1,69,1,P01_p1n88,4
58.75,0.25,58.75,0.25,235,1,69,1,P00_p0n88,4
59.0,0.5,59.0,0.5,236,2,52,1,P07_p7n96,4
59.0,0.5,59.0,0.5,236,2,52,1,P06_p6n96,4
59.0,0.5,59.0,0.5,236,2,57,1,P05_p5n96,4
59.0,0.5,59.0,0.5,236,2,60,1,P04_p4n96,4
59.0,0.5,59.0,0.5,236,2,64,1,P02_p2n96,4
59.0,0.5,59.0,0.5,236,2,64,1,P03_p3n96,4
59.0,0.25,59.0,0.25,236,1,67,1,P00_p0n89,4
59.0,0.25,59.0,0.25,236,1,67,1,P01_p1n89,4
59.25,0.25,59.25,0.25,237,1,69,1,P01_p1n90,4
59.25,0.25,59.25,0.25,237,1,69,1,P00_p0n90,4
59.5,0.5,59.5,0.5,238,2,52,1,P06_p6n97,4
59.5,0.5,59.5,0.5,238,2,52,1,P07_p7n97,4
59.5,0.5,59.5,0.5,238,2,57,1,P05_p5n97,4
59.5,0.5,59.5,0.5,238,2,60,1,P04_p4n97,4
59.5,0.5,59.5,0.5,238,2,64,1,P02_p2n97,4
59.5,0.5,59.5,0.5,238,2,64,1,P03_p3n97,4
59.5,0.25,59.5,0.25,238,1,67,1,P00_p0n91,4
59.5,0.25,59.5,0.25,238,1,67,1,P01_p1n91,4
59.75,0.25,59.75,0.25,239,1,66,1,P00_p0n92,4
59.75,0.25,59.75,0.25,239,1,66,1,P01_p1n92,4
60.0,0.5,60.0,0.5,240,2,52,1,P06_p6n98,4
60.0,0.5,60.0,0.5,240,2,52,1,P07_p7n98,4
60.0,0.5,60.0,0.5,240,2,55,1,P05_p5n98,4
60.0,0.5,60.0,0.5,240,2,59,1,P04_p4n98,4
60.0,0.5,60.0,0.5,240,2,64,1,P02_p2n98,4
60.0,0.5,60.0,0.5,240,2,64,1,P00_p0n93,4
60.0,0.5,60.0,0.5,240,2,64,1,P03_p3n98,4
60.0,0.5,60.0,0.5,240,2,64,1,P01_p1n93,4
60.5,0.5,60.5,0.5,242,2,52,1,P07_p7n99,4
60.5,0.5,60.5,0.5,242,2,52,1,P06_p6n99,4
60.5,0.5,60.5,0.5,242,2,55,1,P05_p5n99,4
60.5,0.5,60.5,0.5,242,2,59,1,P04_p4n99,4
60.5,0.5,60.5,0.5,242,2,64,1,P02_p2n99,4
60.5,0.5,60.5,0.5,242,2,64,1,P03_p3n99,4
60.5,0.5,60.5,0.5,242,2,66,1,P00_p0n94,4
60.5,0.5,60.5,0.5,242,2,66,1,P01_p1n94,4
61.0,0.5,61.0,0.5,244,2,60,1,P07_p7n100,4
61.0,0.5,61.0,0.5,244,2,60,1,P06_p6n100,4
61.0,0.5,61.0,0.5,244,2,60,1,P05_p5n100,4
61.0,0.5,61.0,0.5,244,2,64,1,P04_p4n100,4
61.0,0.5,61.0,0.5,244,2,67,1,P03_p3n100,4
61.0,0.5,61.0,0.5,244,2,67,1,P01_p1n95,4
61.0,0.5,61.0,0.5,244,2,67,1,P02_p2n100,4
61.0,0.5,61.0,0.5,244,2,67,1,P00_p0n95,4
61.5,0.5,61.5,0.5,246,2,60,1,P06_p6n101,4
61.5,0.5,61.5,0.5,246,2,60,1,P07_p7n101,4
61.5,0.5,61.5,0.5,246,2,60,1,P05_p5n101,4
61.5,0.5,61.5,0.5,246,2,64,1,P04_p4n101,4
61.5,0.5,61.5,0.5,246,2,67,1,P03_p3n101,4
61.5,0.5,61.5,0.5,246,2,67,1,P02_p2n101,4
61.5,0.5,61.5,0.5,246,2,71,1,P01_p1n96,4
61.5,0.5,61.5,0.5,246,2,71,1,P00_p0n96,4
62.0,0.5,62.0,0.5,248,2,59,1,P06_p6n102,4
62.0,0.5,62.0,0.5,248,2,59,1,P07_p7n102,4
62.0,0.5,62.0,0.5,248,2,63,1,P05_p5n102,4
62.0,0.5,62.0,0.5,248,2,63,1,P04_p4n102,4
62.0,0.5,62.0,0.5,248,2,66,1,P02_p2n102,4
62.0,1.0,62.0,1.0,248,4,66,1,P00_p0n97,4
62.0,1.0,62.0,1.0,248,4,66,1,P01_p1n97,4
62.0,0.5,62.0,0.5,248,2,66,1,P03_p3n102,4
62.5,0.5,62.5,0.5,250,2,59,1,P06_p6n103,4
62.5,0.5,62.5,0.5,250,2,59,1,P07_p7n103,4
62.5,0.5,62.5,0.5,250,2,63,1,P05_p5n103,4
62.5,0.5,62.5,0.5,250,2,63,1,P04_p4n103,4
62.5,0.5,62.5,0.5,250,2,66,1,P02_p2n103,4
62.5,0.5,62.5,0.5,250,2,66,1,P03_p3n103,4
63.0,0.5,63.0,0.5,252,2,47,1,P06_p6n104,4
63.0,0.5,63.0,0.5,252,2,47,1,P07_p7n104,4
63.0,0.5,63.0,0.5,252,2,59,1,P05_p5n104,4
63.0,0.5,63.0,0.5,252,2,59,1,P04_p4n104,4
63.0,0.5,63.0,0.5,252,2,63,1,P02_p2n104,4
63.0,0.5,63.0,0.5,252,2,63,1,P03_p3n104,4
63.0,1.0,63.0,1.0,252,4,66,1,P00_p0n98,4
63.0,1.0,63.0,1.0,252,4,66,1,P01_p1n98,4
63.5,0.5,63.5,0.5,254,2,47,1,P07_p7n105,4
63.5,0.5,63.5,0.5,254,2,47,1,P06_p6n105,4
63.5,0.5,63.5,0.5,254,2,59,1,P05_p5n105,4
63.5,0.5,63.5,0.5,254,2,59,1,P04_p4n105,4
63.5,0.5,63.5,0.5,254,2,63,1,P03_p3n105,4
63.5,0.5,63.5,0.5,254,2,63,1,P02_p2n105,4
64.0,0.5,64.0,0.5,256,2,52,1,P06_p6n106,4
64.0,0.5,64.0,0.5,256,2,52,1,P07_p7n106,4
64.0,0.5,64.0,0.5,256,2,55,1,P05_p5n106,4
64.0,0.5,64.0,0.5,256,2,59,1,P04_p4n106,4
64.0,0.5,64.0,0.5,256,2,64,1,P02_p2n106,4
64.0,0.5,64.0,0.5,256,2,64,1,P03_p3n106,4
64.0,0.25,64.0,0.25,256,1,71,1,P01_p1n99,4
64.0,0.25,64.0,0.25,256,1,71,1,P00_p0n99,4
64.25,0.25,64.25,0.25,257,1,72,1,P01_p1n100,4
64.25,0.25,64.25,0.25,257,1,72,1,P00_p0n100,4
64.5,0.5,64.5,0.5,258,2,52,1,P06_p6n107,4
64.5,0.5,64.5,0.5,258,2,52,1,P07_p7n107,4
64.5,0.5,64.5,0.5,258,2,55,1,P05_p5n107,4
64.5,0.5,64.5,0.5,258,2,59,1,P04_p4n107,4
64.5,0.5,64.5,0.5,258,2,64,1,P02_p2n107,4
64.5,0.5,64.5,0.5,258,2,64,1,P03_p3n107,4
64.5,0.25,64.5,0.25,258,1,71,1,P01_p1n101,4
64.5,0.25,64.5,0.25,258,1,71,1,P00_p0n101,4
64.75,0.25,64.75,0.25,259,1,69,1,P01_p1n102,4
64.75,0.25,64.75,0.25,259,1,69,1,P00_p0n102,4
65.0,0.5,65.0,0.5,260,2,52,1,P06_p6n108,4
65.0,0.5,65.0,0.5,260,2,52,1,P07_p7n108,4
65.0,0.5,65.0,0.5,260,2,57,1,P05_p5n108,4
65.0,0.5,65.0,0.5,260,2,60,1,P04_p4n108,4
65.0,0.5,65.0,0.5,260,2,64,1,P02_p2n108,4
65.0,0.5,65.0,0.5,260,2,64,1,P03_p3n108,4
65.0,0.25,65.0,0.25,260,1,67,1,P01_p1n103,4
65.0,0.25,65.0,0.25,260,1,67,1,P00_p0n103,4
65.25,0.25,65.25,0.25,261,1,69,1,P01_p1n104,4
65.25,0.25,65.25,0.25,261,1,69,1,P00_p0n104,4
65.5,0.5,65.5,0.5,262,2,52,1,P06_p6n109,4
65.5,0.5,65.5,0.5,262,2,52,1,P07_p7n109,4
65.5,0.5,65.5,0.5,262,2,57,1,P05_p5n109,4
65.5,0.5,65.5,0.5,262,2,60,1,P04_p4n109,4
65.5,0.5,65.5,0.5,262,2,64,1,P02_p2n109,4
65.5,0.5,65.5,0.5,262,2,64,1,P03_p3n109,4
65.5,0.25,65.5,0.25,262,1,67,1,P01_p1n105,4
65.5,0.25,65.5,0.25,262,1,67,1,P00_p0n105,4
65.75,0.25,65.75,0.25,263,1,66,1,P01_p1n106,4
65.75,0.25,65.75,0.25,263,1,66,1,P00_p0n106,4
66.0,0.5,66.0,0.5,264,2,46,1,P07_p7n110,4
66.0,0.5,66.0,0.5,264,2,46,1,P06_p6n110,4
66.0,0.5,66.0,0.5,264,2,61,1,P05_p5n110,4
66.0,0.5,66.0,0.5,264,2,61,1,P04_p4n110,4
66.0,0.5,66.0,0.5,264,2,64,1,P00_p0n107,4
66.0,0.5,66.0,0.5,264,2,64,1,P01_p1n107,4
66.0,0.5,66.0,0.5,264,2,66,1,P02_p2n110,4
66.0,0.5,66.0,0.5,264,2,66,1,P03_p3n110,4
66.5,0.5,66.5,0.5,266,2,46,1,P07_p7n111,4
66.5,0.5,66.5,0.5,266,2,46,1,P06_p6n111,4
66.5,0.5,66.5,0.5,266,2,61,1,P05_p5n111,4
66.5,0.5,66.5,0.5,266,2,61,1,P04_p4n111,4
66.5,0.5,66.5,0.5,266,2,66,1,P00_p0n108,4
66.5,0.5,66.5,0.5,266,2,66,1,P02_p2n111,4
66.5,0.5,66.5,0.5,266,2,66,1,P03_p3n111,4
66.5,0.5,66.5,0.5,266,2,66,1,P01_p1n108,4
67.0,0.5,67.0,0.5,268,2,47,1,P07_p7n112,4
67.0,0.5,67.0,0.5,268,2,47,1,P06_p6n112,4
67.0,0.5,67.0,0.5,268,2,54,1,P04_p4n112,4
67.0,0.5,67.0,0.5,268,2,54,1,P05_p5n112,4
67.0,0.5,67.0,0.5,268,2,63,1,P02_p2n112,4
67.0,0.5,67.0,0.5,268,2,63,1,P03_p3n112,4
67.0,0.5,67.0,0.5,268,2,67,1,P01_p1n109,4
67.0,0.5,67.0,0.5,268,2,67,1,P00_p0n109,4
67.5,0.5,67.5,0.5,270,2,47,1,P07_p7n113,4
67.5,0.5,67.5,0.5,270,2,47,1,P06_p6n113,4
67.5,0.5,67.5,0.5,270,2,54,1,P04_p4n113,4
67.5,0.5,67.5,0.5,270,2,54,1,P05_p5n113,4
67.5,0.5,67.5,0.5,270,2,63,1,P01_p1n110,4
67.5,0.5,67.5,0.5,270,2,63,1,P03_p3n113,4
67.5,0.5,67.5,0.5,270,2,63,1,P00_p0n110,4
67.5,0.5,67.5,0.5,270,2,63,1,P02_p2n113,4
68.0,0.5,68.0,0.5,272,2,52,1,P06_p6n114,4
68.0,0.5,68.0,0.5,272,2,52,1,P07_p7n114,4
68.0,0.5,68.0,0.5,272,2,55,1,P04_p4n114,4
68.0,0.5,68.0,0.5,272,2,55,1,P05_p5n114,4
68.0,0.5,68.0,0.5,272,2,64,1,P02_p2n114,4
68.0,1.0,68.0,1.0,272,4,64,1,P00_p0n111,4
68.0,0.5,68.0,0.5,272,2,64,1,P03_p3n114,4
68.0,1.0,68.0,1.0,272,4,64,1,P01_p1n111,4
68.5,0.5,68.5,0.5,274,2,52,1,P06_p6n115,4
68.5,0.5,68.5,0.5,274,2,52,1,P07_p7n115,4
68.5,0.5,68.5,0.5,274,2,55,1,P04_p4n115,4
68.5,0.5,68.5,0.5,274,2,55,1,P05_p5n115,4
68.5,0.5,68.5,0.5,274,2,64,1,P02_p2n115,4
68.5,0.5,68.5,0.5,274,2,64,1,P03_p3n115,4
69.0,0.5,69.0,0.5,276,2,52,1,P07_p7n116,4
69.0,0.5,69.0,0.5,276,2,52,1,P06_p6n116,4
69.0,0.5,69.0,0.5,276,2,55,1,P04_p4n116,4
69.0,0.5,69.0,0.5,276,2,55,1,P05_p5n116,4
69.0,0.5,69.0,0.5,276,2,64,1,P02_p2n116,4
69.0,0.5,69.0,0.5,276,2,64,1,P00_p0n112,4
69.0,0.5,69.0,0.5,276,2,64,1,P03_p3n116,4
69.0,0.5,69.0,0.5,276,2,64,1,P01_p1n112,4
70.0,0.25,70.0,0.25,280,1,59,1,P05_p5n118,4
70.0,0.25,70.0,0.25,280,1,59,1,P06_p6n118,4
70.0,0.25,70.0,0.25,280,1,59,1,P07_p7n118,4
70.0,0.25,70.0,0.25,280,1,59,1,P04_p4n118,4
70.0,0.25,70.0,0.25,280,1,71,1,P03_p3n118,4
70.0,0.25,70.0,0.25,280,1,71,1,P01_p1n114,4
70.0,0.25,70.0,0.25,280,1,71,1,P02_p2n118,4
70.0,0.25,70.0,0.25,280,1,71,1,P00_p0n114,4
70.25,1.75,70.25,1.75,281,7,52,1,P07_p7n119,4
70.25,1.75,70.25,1.75,281,7,52,1,P06_p6n119,4
70.25,1.75,70.25,1.75,281,7,64,1,P05_p5n119,4
70.25,1.75,70.25,1.75,281,7,64,1,P04_p4n119,4
70.25,1.75,70.25,1.75,281,7,71,1,P03_p3n119,4
70.25,1.75,70.25,1.75,281,7,71,1,P02_p2n119,4
70.25,1.75,70.25,1.75,281,7,76,1,P01_p1n115,4
70.25,1.75,70.25,1.75,281,7,79,1,P00_p0n115,4
72.0,0.25,72.0,0.25,288,1,59,1,P06_p6n120,4
72.0,0.25,72.0,0.25,288,1,59,1,P05_p5n120,4
72.0,0.25,72.0,0.25,288,1,59,1,P07_p7n120,4
72.0,0.25,72.0,0.25,288,1,59,1,P04_p4n120,4
72.0,0.25,72.0,0.25,288,1,71,1,P01_p1n116,4
72.0,0.25,72.0,0.25,288,1,71,1,P03_p3n120,4
72.0,0.25,72.0,0.25,288,1,71,1,P02_p2n120,4
72.0,0.25,72.0,0.25,288,1,71,1,P00_p0n116,4
72.25,1.75,72.25,1.75,289,7,47,1,P07_p7n121,4
72.25,1.75,72.25,1.75,289,7,54,1,P06_p6n121,4
72.25,1.75,72.25,1.75,289,7,59,1,P05_p5n121,4
72.25,1.75,72.25,1.75,289,7,59,1,P04_p4n121,4
72.25,1.75,72.25,1.75,289,7,71,1,P03_p3n121,4
72.25,1.75,72.25,1.75,289,7,71,1,P02_p2n121,4
72.25,1.75,72.25,1.75,289,7,75,1,P01_p1n117,4
72.25,1.75,72.25,1.75,289,7,78,1,P00_p0n117,4
74.0,1.0,74.0,1.0,296,4,64,1,P02_p2n122,4
74.0,1.0,74.0,1.0,296,4,64,1,P03_p3n122,4
74.0,1.0,74.0,1.0,296,4,67,1,P01_p1n118,4
74.0,1.0,74.0,1.0,296,4,71,1,P00_p0n118,4
75.0,0.5,75.0,0.5,300,2,64,1,P02_p2n123,4
75.0,0.5,75.0,0.5,300,2,64,1,P03_p3n123,4
75.0,0.5,75.0,0.5,300,2,67,1,P01_p1n119,4
75.0,0.5,75.0,0.5,300,2,71,1,P00_p0n119,4
75.5,0.5,75.5,0.5,302,2,64,1,P02_p2n124,4
75.5,0.5,75.5,0.5,302,2,64,1,P03_p3n124,4
75.5,0.5,75.5,0.5,302,2,67,1,P01_p1n120,4
75.5,0.5,75.5,0.5,302,2,71,1,P00_p0n120,4
76.0,0.5,76.0,0.5,304,2,64,1,P02_p2n125,4
76.0,0.5,76.0,0.5,304,2,64,1,P03_p3n125,4
76.0,0.5,76.0,0.5,304,2,67,1,P01_p1n121,4
76.0,0.5,76.0,0.5,304,2,71,1,P00_p0n121,4
76.5,0.5,76.5,0.5,306,2,64,1,P02_p2n126,4
76.5,0.5,76.5,0.5,306,2,64,1,P03_p3n126,4
76.5,0.5,76.5,0.5,306,2,67,1,P01_p1n122,4
76.5,0.5,76.5,0.5,306,2,71,1,P00_p0n122,4
77.0,0.5,77.0,0.5,308,2,64,1,P02_p2n127,4
77.0,0.5,77.0,0.5,308,2,64,1,P03_p3n127,4
77.0,0.5,77.0,0.5,308,2,67,1,P01_p1n123,4
77.0,0.5,77.0,0.5,308,2,71,1,P00_p0n123,4
77.5,0.5,77.5,0.5,310,2,64,1,P02_p2n128,4
77.5,0.5,77.5,0.5,310,2,64,1,P03_p3n128,4
77.5,0.5,77.5,0.5,310,2,67,1,P01_p1n124,4
77.5,0.5,77.5,0.5,310,2,71,1,P00_p0n124,4
78.0,0.5,78.0,0.5,312,2,59,1,P07_p7n124,4
78.0,0.5,78.0,0.5,312,2,59,1,P05_p5n124,4
78.0,0.5,78.0,0.5,312,2,59,1,P06_p6n124,4
78.0,0.5,78.0,0.5,312,2,59,1,P04_p4n124,4
78.0,1.0,78.0,1.0,312,4,64,1,P02_p2n129,4
78.0,1.0,78.0,1.0,312,4,64,1,P03_p3n129,4
78.0,1.0,78.0,1.0,312,4,67,1,P01_p1n125,4
78.0,1.0,78.0,1.0,312,4,71,1,P00_p0n125,4
78.5,0.5,78.5,0.5,314,2,59,1,P05_p5n125,4
78.5,0.5,78.5,0.5,314,2,59,1,P06_p6n125,4
78.5,0.5,78.5,0.5,314,2,59,1,P07_p7n125,4
78.5,0.5,78.5,0.5,314,2,59,1,P04_p4n125,4
79.0,0.5,79.0,0.5,316,2,52,1,P07_p7n126,4
79.0,0.5,79.0,0.5,316,2,52,1,P06_p6n126,4
79.0,0.5,79.0,0.5,316,2,64,1,P05_p5n126,4
79.0,0.5,79.0,0.5,316,2,64,1,P04_p4n126,4
79.0,0.5,79.0,0.5,316,2,64,1,P02_p2n130,4
79.0,0.5,79.0,0.5,316,2,64,1,P03_p3n130,4
79.0,0.5,79.0,0.5,316,2,67,1,P01_p1n126,4
79.0,0.5,79.0,0.5,316,2,71,1,P00_p0n126,4
79.5,0.5,79.5,0.5,318,2,59,1,P05_p5n127,4
79.5,0.5,79.5,0.5,318,2,59,1,P06_p6n127,4
79.5,0.5,79.5,0.5,318,2,59,1,P07_p7n127,4
79.5,0.5,79.5,0.5,318,2,59,1,P04_p4n127,4
79.5,0.5,79.5,0.5,318,2,64,1,P02_p2n131,4
79.5,0.5,79.5,0.5,318,2,64,1,P03_p3n131,4
79.5,0.5,79.5,0.5,318,2,67,1,P01_p1n127,4
79.5,0.5,79.5,0.5,318,2,71,1,P00_p0n127,4
80.0,0.5,80.0,0.5,320,2,55,1,P06_p6n128,4
80.0,0.5,80.0,0.5,320,2,55,1,P07_p7n128,4
80.0,0.5,80.0,0.5,320,2,59,1,P05_p5n128,4
80.0,0.5,80.0,0.5,320,2,59,1,P04_p4n128,4
80.0,0.5,80.0,0.5,320,2,64,1,P02_p2n132,4
80.0,0.5,80.0,0.5,320,2,64,1,P03_p3n132,4
80.0,0.5,80.0,0.5,320,2,67,1,P01_p1n128,4
80.0,0.5,80.0,0.5,320,2,71,1,P00_p0n128,4
80.5,0.5,80.5,0.5,322,2,57,1,P06_p6n129,4
80.5,0.5,80.5,0.5,322,2,57,1,P07_p7n129,4
80.5,0.5,80.5,0.5,322,2,61,1,P04_p4n129,4
80.5,0.5,80.5,0.5,322,2,61,1,P05_p5n129,4
80.5,0.5,80.5,0.5,322,2,64,1,P02_p2n133,4
80.5,0.5,80.5,0.5,322,2,64,1,P03_p3n133,4
80.5,0.5,80.5,0.5,322,2,67,1,P01_p1n129,4
80.5,0.5,80.5,0.5,322,2,71,1,P00_p0n129,4
81.0,1.0,81.0,1.0,324,4,59,1,P07_p7n130,4
81.0,1.0,81.0,1.0,324,4,59,1,P06_p6n130,4
81.0,1.0,81.0,1.0,324,4,62,1,P04_p4n130,4
81.0,1.0,81.0,1.0,324,4,62,1,P05_p5n130,4
81.0,0.5,81.0,0.5,324,2,64,1,P02_p2n134,4
81.0,0.5,81.0,0.5,324,2,64,1,P03_p3n134,4
81.0,0.5,81.0,0.5,324,2,67,1,P01_p1n130,4
81.0,0.5,81.0,0.5,324,2,71,1,P00_p0n130,4
81.5,0.5,81.5,0.5,326,2,64,1,P02_p2n135,4
81.5,0.5,81.5,0.5,326,2,64,1,P03_p3n135,4
81.5,0.5,81.5,0.5,326,2,67,1,P01_p1n131,4
81.5,0.5,81.5,0.5,326,2,71,1,P00_p0n131,4
82.0,2.0,82.0,2.0,328,8,55,1,P06_p6n131,4
82.0,2.0,82.0,2.0,328,8,55,1,P07_p7n131,4
82.0,2.0,82.0,2.0,328,8,59,1,P05_p5n131,4
82.0,2.0,82.0,2.0,328,8,59,1,P04_p4n131,4
82.0,1.0,82.0,1.0,328,4,64,1,P02_p2n136,4
82.0,1.0,82.0,1.0,328,4,64,1,P03_p3n136,4
82.0,1.0,82.0,1.0,328,4,67,1,P01_p1n132,4
82.0,1.0,82.0,1.0,328,4,71,1,P00_p0n132,4
83.0,0.5,83.0,0.5,332,2,64,1,P02_p2n137,4
83.0,0.5,83.0,0.5,332,2,64,1,P03_p3n137,4
83.0,0.5,83.0,0.5,332,2,67,1,P01_p1n133,4
83.0,0.5,83.0,0.5,332,2,71,1,P00_p0n133,4
83.5,0.5,83.5,0.5,334,2,64,1,P02_p2n138,4
83.5,0.5,83.5,0.5,334,2,64,1,P03_p3n138,4
83.5,0.5,83.5,0.5,334,2,67,1,P01_p1n134,4
83.5,0.5,83.5,0.5,334,2,71,1,P00_p0n134,4
84.0,0.5,84.0,0.5,336,2,59,1,P07_p7n132,4
84.0,0.5,84.0,0.5,336,2,59,1,P06_p6n132,4
84.0,0.5,84.0,0.5,336,2,62,1,P03_p3n139,4
84.0,0.5,84.0,0.5,336,2,62,1,P02_p2n139,4
84.0,0.5,84.0,0.5,336,2,62,1,P04_p4n132,4
84.0,0.5,84.0,0.5,336,2,62,1,P05_p5n132,4
84.0,0.5,84.0,0.5,336,2,67,1,P01_p1n135,4
84.0,0.5,84.0,0.5,336,2,71,1,P00_p0n135,4
84.5,0.5,84.5,0.5,338,2,59,1,P07_p7n133,4
84.5,0.5,84.5,0.5,338,2,59,1,P06_p6n133,4
84.5,0.5,84.5,0.5,338,2,61,1,P03_p3n140,4
84.5,0.5,84.5,0.5,338,2,61,1,P02_p2n140,4
84.5,0.5,84.5,0.5,338,2,62,1,P04_p4n133,4
84.5,0.5,84.5,0.5,338,2,62,1,P05_p5n133,4
84.5,0.5,84.5,0.5,338,2,67,1,P01_p1n136,4
84.5,0.5,84.5,0.5,338,2,71,1,P00_p0n136,4
85.0,0.5,85.0,0.5,340,2,59,1,P03_p3n141,4
85.0,0.5,85.0,0.5,340,2,59,1,P02_p2n141,4
85.0,0.5,85.0,0.5,340,2,60,1,P07_p7n134,4
85.0,0.5,85.0,0.5,340,2,60,1,P06_p6n134,4
85.0,0.5,85.0,0.5,340,2,62,1,P01_p1n137,4
85.0,0.5,85.0,0.5,340,2,64,1,P05_p5n134,4
85.0,0.5,85.0,0.5,340,2,64,1,P04_p4n134,4
85.0,0.5,85.0,0.5,340,2,67,1,P00_p0n137,4
85.5,0.5,85.5,0.5,342,2,59,1,P03_p3n142,4
85.5,0.5,85.5,0.5,342,2,59,1,P07_p7n135,4
85.5,0.5,85.5,0.5,342,2,59,1,P06_p6n135,4
85.5,0.5,85.5,0.5,342,2,59,1,P02_p2n142,4
85.5,0.5,85.5,0.5,342,2,62,1,P01_p1n138,4
85.5,0.5,85.5,0.5,342,2,62,1,P04_p4n135,4
85.5,0.5,85.5,0.5,342,2,62,1,P05_p5n135,4
85.5,0.5,85.5,0.5,342,2,67,1,P00_p0n138,4
86.0,0.5,86.0,0.5,344,2,57,1,P06_p6n136,4
86.0,0.5,86.0,0.5,344,2,57,1,P07_p7n136,4
86.0,1.0,86.0,1.0,344,4,60,1,P03_p3n143,4
86.0,0.5,86.0,0.5,344,2,60,1,P04_p4n136,4
86.0,0.5,86.0,0.5,344,2,60,1,P05_p5n136,4
86.0,1.0,86.0,1.0,344,4,60,1,P02_p2n143,4
86.0,1.0,86.0,1.0,344,4,64,1,P01_p1n139,4
86.0,1.0,86.0,1.0,344,4,67,1,P00_p0n139,4
86.5,0.5,86.5,0.5,346,2,55,1,P06_p6n137,4
86.5,0.5,86.5,0.5,346,2,55,1,P07_p7n137,4
86.5,0.5,86.5,0.5,346,2,59,1,P05_p5n137,4
86.5,0.5,86.5,0.5,346,2,59,1,P04_p4n137,4
87.0,1.0,87.0,1.0,348,4,50,1,P07_p7n138,4
87.0,1.0,87.0,1.0,348,4,50,1,P06_p6n138,4
87.0,1.0,87.0,1.0,348,4,57,1,P04_p4n138,4
87.0,1.0,87.0,1.0,348,4,57,1,P05_p5n138,4
87.0,0.5,87.0,0.5,348,2,60,1,P03_p3n144,4
87.0,0.5,87.0,0.5,348,2,60,1,P02_p2n144,4
87.0,0.5,87.0,0.5,348,2,62,1,P01_p1n140,4
87.0,0.5,87.0,0.5,348,2,66,1,P00_p0n140,4
87.5,0.5,87.5,0.5,350,2,60,1,P03_p3n145,4
87.5,0.5,87.5,0.5,350,2,60,1,P02_p2n145,4
87.5,0.5,87.5,0.5,350,2,62,1,P01_p1n141,4
87.5,0.5,87.5,0.5,350,2,66,1,P00_p0n141,4
88.0,2.0,88.0,2.0,352,8,55,1,P06_p6n139,4
88.0,2.0,88.0,2.0,352,8,55,1,P07_p7n139,4
88.0,0.5,88.0,0.5,352,2,59,1,P03_p3n146,4
88.0,2.0,88.0,2.0,352,8,59,1,P05_p5n139,4
88.0,2.0,88.0,2.0,352,8,59,1,P04_p4n139,4
88.0,0.5,88.0,0.5,352,2,62,1,P02_p2n146,4
88.0,0.5,88.0,0.5,352,2,67,1,P01_p1n142,4
88.0,0.5,88.0,0.5,352,2,67,1,P00_p0n142,4
88.5,0.5,88.5,0.5,354,2,59,1,P03_p3n147,4
88.5,0.5,88.5,0.5,354,2,62,1,P02_p2n147,4
88.5,0.5,88.5,0.5,354,2,67,1,P01_p1n143,4
88.5,0.5,88.5,0.5,354,2,67,1,P00_p0n143,4
89.0,0.5,89.0,0.5,356,2,59,1,P03_p3n148,4
89.0,0.5,89.0,0.5,356,2,62,1,P02_p2n148,4
89.0,0.5,89.0,0.5,356,2,67,1,P01_p1n144,4
89.0,0.5,89.0,0.5,356,2,67,1,P00_p0n144,4
89.5,0.5,89.5,0.5,358,2,59,1,P03_p3n149,4
89.5,0.5,89.5,0.5,358,2,62,1,P02_p2n149,4
89.5,0.5,89.5,0.5,358,2,67,1,P01_p1n145,4
89.5,0.5,89.5,0.5,358,2,67,1,P00_p0n145,4
90.0,0.5,90.0,0.5,360,2,57,1,P07_p7n140,4
90.0,0.5,90.0,0.5,360,2,57,1,P06_p6n140,4
90.0,0.5,90.0,0.5,360,2,57,1,P04_p4n140,4
90.0,0.5,90.0,0.5,360,2,57,1,P05_p5n140,4
90.0,1.0,90.0,1.0,360,4,60,1,P02_p2n150,4
90.0,1.0,90.0,1.0,360,4,60,1,P03_p3n150,4
90.0,1.0,90.0,1.0,360,4,64,1,P01_p1n146,4
90.0,1.0,90.0,1.0,360,4,69,1,P00_p0n146,4
90.5,0.5,90.5,0.5,362,2,57,1,P06_p6n141,4
90.5,0.5,90.5,0.5,362,2,57,1,P04_p4n141,4
90.5,0.5,90.5,0.5,362,2,57,1,P05_p5n141,4
90.5,0.5,90.5,0.5,362,2,57,1,P07_p7n141,4
91.0,0.5,91.0,0.5,364,2,57,1,P06_p6n142,4
91.0,0.5,91.0,0.5,364,2,57,1,P04_p4n142,4
91.0,0.5,91.0,0.5,364,2,57,1,P07_p7n142,4
91.0,0.5,91.0,0.5,364,2,57,1,P05_p5n142,4
91.0,0.5,91.0,0.5,364,2,60,1,P03_p3n151,4
91.0,0.5,91.0,0.5,364,2,60,1,P02_p2n151,4
91.0,0.5,91.0,0.5,364,2,64,1,P01_p1n147,4
91.0,0.5,91.0,0.5,364,2,69,1,P00_p0n147,4
91.5,0.5,91.5,0.5,366,2,57,1,P06_p6n143,4
91.5,0.5,91.5,0.5,366,2,57,1,P04_p4n143,4
91.5,0.5,91.5,0.5,366,2,57,1,P07_p7n143,4
91.5,0.5,91.5,0.5,366,2,57,1,P05_p5n143,4
91.5,0.5,91.5,0.5,366,2,60,1,P03_p3n152,4
91.5,0.5,91.5,0.5,366,2,60,1,P02_p2n152,4
91.5,0.5,91.5,0.5,366,2,64,1,P01_p1n148,4
91.5,0.5,91.5,0.5,366,2,69,1,P00_p0n148,4
92.0,0.5,92.0,0.5,368,2,57,1,P06_p6n144,4
92.0,0.5,92.0,0.5,368,2,57,1,P04_p4n144,4
92.0,0.5,92.0,0.5,368,2,57,1,P07_p7n144,4
92.0,0.5,92.0,0.5,368,2,57,1,P05_p5n144,4
92.0,0.5,92.0,0.5,368,2,62,1,P03_p3n153,4
92.0,0.5,92.0,0.5,368,2,62,1,P02_p2n153,4
92.0,0.5,92.0,0.5,368,2,66,1,P01_p1n149,4
92.0,0.5,92.0,0.5,368,2,69,1,P00_p0n149,4
92.5,0.5,92.5,0.5,370,2,54,1,P07_p7n145,4
92.5,0.5,92.5,0.5,370,2,54,1,P06_p6n145,4
92.5,0.5,92.5,0.5,370,2,62,1,P03_p3n154,4
92.5,0.5,92.5,0.5,370,2,62,1,P02_p2n154,4
92.5,0.5,92.5,0.5,370,2,62,1,P05_p5n145,4
92.5,0.5,92.5,0.5,370,2,62,1,P04_p4n145,4
92.5,0.5,92.5,0.5,370,2,66,1,P01_p1n150,4
92.5,0.5,92.5,0.5,370,2,69,1,P00_p0n150,4
93.0,1.0,93.0,1.0,372,4,57,1,P06_p6n146,4
93.0,1.0,93.0,1.0,372,4,57,1,P07_p7n146,4
93.0,1.0,93.0,1.0,372,4,60,1,P04_p4n146,4
93.0,1.0,93.0,1.0,372,4,60,1,P05_p5n146,4
93.0,0.5,93.0,0.5,372,2,62,1,P03_p3n155,4
93.0,0.5,93.0,0.5,372,2,62,1,P02_p2n155,4
93.0,0.5,93.0,0.5,372,2,66,1,P01_p1n151,4
93.0,0.5,93.0,0.5,372,2,69,1,P00_p0n151,4
93.5,0.5,93.5,0.5,374,2,62,1,P03_p3n156,4
93.5,0.5,93.5,0.5,374,2,62,1,P02_p2n156,4
93.5,0.5,93.5,0.5,374,2,66,1,P01_p1n152,4
93.5,0.5,93.5,0.5,374,2,69,1,P00_p0n152,4
94.0,2.0,94.0,2.0,376,8,55,1,P06_p6n147,4
94.0,2.0,94.0,2.0,376,8,55,1,P07_p7n147,4
94.0,2.0,94.0,2.0,376,8,59,1,P05_p5n147,4
94.0,2.0,94.0,2.0,376,8,59,1,P04_p4n147,4
94.0,1.0,94.0,1.0,376,4,62,1,P03_p3n157,4
94.0,1.0,94.0,1.0,376,4,62,1,P02_p2n157,4
94.0,1.0,94.0,1.0,376,4,67,1,P01_p1n153,4
94.0,1.0,94.0,1.0,376,4,71,1,P00_p0n153,4
95.0,0.5,95.0,0.5,380,2,62,1,P03_p3n158,4
95.0,0.5,95.0,0.5,380,2,62,1,P02_p2n158,4
95.0,0.5,95.0,0.5,380,2,67,1,P01_p1n154,4
95.0,0.5,95.0,0.5,380,2,71,1,P00_p0n154,4
95.5,0.5,95.5,0.5,382,2,62,1,P03_p3n159,4
95.5,0.5,95.5,0.5,382,2,62,1,P02_p2n159,4
95.5,0.5,95.5,0.5,382,2,67,1,P01_p1n155,4
95.5,0.5,95.5,0.5,382,2,71,1,P00_p0n155,4
96.0,0.5,96.0,0.5,384,2,59,1,P07_p7n148,4
96.0,0.5,96.0,0.5,384,2,59,1,P06_p6n148,4
96.0,0.5,96.0,0.5,384,2,64,1,P03_p3n160,4
96.0,0.5,96.0,0.5,384,2,64,1,P02_p2n160,4
96.0,0.5,96.0,0.5,384,2,67,1,P05_p5n148,4
96.0,0.5,96.0,0.5,384,2,67,1,P04_p4n148,4
96.0,0.5,96.0,0.5,384,2,67,1,P01_p1n156,4
96.0,0.5,96.0,0.5,384,2,71,1,P00_p0n156,4
96.5,0.5,96.5,0.5,386,2,57,1,P06_p6n149,4
96.5,0.5,96.5,0.5,386,2,57,1,P07_p7n149,4
96.5,0.5,96.5,0.5,386,2,64,1,P03_p3n161,4
96.5,0.5,96.5,0.5,386,2,64,1,P02_p2n161,4
96.5,0.5,96.5,0.5,386,2,66,1,P04_p4n149,4
96.5,0.5,96.5,0.5,386,2,66,1,P05_p5n149,4
96.5,0.5,96.5,0.5,386,2,67,1,P01_p1n157,4
96.5,0.5,96.5,0.5,386,2,71,1,P00_p0n157,4
97.0,0.5,97.0,0.5,388,2,55,1,P06_p6n150,4
97.0,0.5,97.0,0.5,388,2,55,1,P07_p7n150,4
97.0,0.5,97.0,0.5,388,2,64,1,P03_p3n162,4
97.0,0.5,97.0,0.5,388,2,64,1,P04_p4n150,4
97.0,0.5,97.0,0.5,388,2,64,1,P05_p5n150,4
97.0,0.5,97.0,0.5,388,2,64,1,P02_p2n162,4
97.0,0.5,97.0,0.5,388,2,67,1,P01_p1n158,4
97.0,0.5,97.0,0.5,388,2,71,1,P00_p0n158,4
97.5,0.5,97.5,0.5,390,2,52,1,P07_p7n151,4
97.5,0.5,97.5,0.5,390,2,52,1,P06_p6n151,4
97.5,0.5,97.5,0.5,390,2,59,1,P05_p5n151,4
97.5,0.5,97.5,0.5,390,2,59,1,P04_p4n151,4
97.5,0.5,97.5,0.5,390,2,64,1,P03_p3n163,4
97.5,0.5,97.5,0.5,390,2,64,1,P02_p2n163,4
97.5,0.5,97.5,0.5,390,2,67,1,P01_p1n159,4
97.5,0.5,97.5,0.5,390,2,71,1,P00_p0n159,4
98.0,0.5,98.0,0.5,392,2,51,1,P06_p6n152,4
98.0,0.5,98.0,0.5,392,2,51,1,P07_p7n152,4
98.0,0.5,98.0,0.5,392,2,59,1,P05_p5n152,4
98.0,0.5,98.0,0.5,392,2,59,1,P04_p4n152,4
98.0,1.0,98.0,1.0,392,4,63,1,P02_p2n164,4
98.0,1.0,98.0,1.0,392,4,63,1,P03_p3n164,4
98.0,1.0,98.0,1.0,392,4,66,1,P01_p1n160,4
98.0,1.0,98.0,1.0,392,4,69,1,P00_p0n160,4
98.5,0.5,98.5,0.5,394,2,54,1,P07_p7n153,4
98.5,0.5,98.5,0.5,394,2,54,1,P06_p6n153,4
98.5,0.5,98.5,0.5,394,2,61,1,P04_p4n153,4
98.5,0.5,98.5,0.5,394,2,61,1,P05_p5n153,4
99.0,1.0,99.0,1.0,396,4,59,1,P07_p7n154,4
99.0,1.0,99.0,1.0,396,4,59,1,P06_p6n154,4
99.0,0.5,99.0,0.5,396,2,63,1,P03_p3n165,4
99.0,0.5,99.0,0.5,396,2,63,1,P02_p2n165,4
99.0,1.0,99.0,1.0,396,4,63,1,P04_p4n154,4
99.0,1.0,99.0,1.0,396,4,63,1,P05_p5n154,4
99.0,0.5,99.0,0.5,396,2,66,1,P01_p1n161,4
99.0,0.5,99.0,0.5,396,2,69,1,P00_p0n161,4
99.5,0.5,99.5,0.5,398,2,63,1,P02_p2n166,4
99.5,0.5,99.5,0.5,398,2,63,1,P03_p3n166,4
99.5,0.5,99.5,0.5,398,2,66,1,P01_p1n162,4
99.5,0.5,99.5,0.5,398,2,69,1,P00_p0n162,4
100.0,2.0,100.0,2.0,400,8,52,1,P07_p7n155,4
100.0,2.0,100.0,2.0,400,8,52,1,P06_p6n155,4
100.0,0.5,100.0,0.5,400,2,59,1,P02_p2n167,4
100.0,0.5,100.0,0.5,400,2,59,1,P03_p3n167,4
100.0,0.5,100.0,0.5,400,2,64,1,P01_p1n163,4
100.0,2.0,100.0,2.0,400,8,64,1,P04_p4n155,4
100.0,2.0,100.0,2.0,400,8,64,1,P05_p5n155,4
100.0,0.5,100.0,0.5,400,2,67,1,P00_p0n163,4
100.5,0.5,100.5,0.5,402,2,59,1,P02_p2n168,4
100.5,0.5,100.5,0.5,402,2,59,1,P03_p3n168,4
100.5,0.5,100.5,0.5,402,2,64,1,P01_p1n164,4
100.5,0.5,100.5,0.5,402,2,67,1,P00_p0n164,4
101.0,0.5,101.0,0.5,404,2,59,1,P03_p3n169,4
101.0,0.5,101.0,0.5,404,2,59,1,P02_p2n169,4
101.0,0.5,101.0,0.5,404,2,64,1,P01_p1n165,4
101.0,0.5,101.0,0.5,404,2,67,1,P00_p0n165,4
101.5,0.5,101.5,0.5,406,2,59,1,P03_p3n170,4
101.5,0.5,101.5,0.5,406,2,59,1,P02_p2n170,4
101.5,0.5,101.5,0.5,406,2,64,1,P01_p1n166,4
101.5,0.5,101.5,0.5,406,2,67,1,P00_p0n166,4
102.0,0.5,102.0,0.5,408,2,57,1,P04_p4n156,4
102.0,0.5,102.0,0.5,408,2,57,1,P06_p6n156,4
102.0,0.5,102.0,0.5,408,2,57,1,P07_p7n156,4
102.0,0.5,102.0,0.5,408,2,57,1,P05_p5n156,4
102.0,1.0,102.0,1.0,408,4,60,1,P02_p2n171,4
102.0,1.0,102.0,1.0,408,4,60,1,P03_p3n171,4
102.0,1.0,102.0,1.0,408,4,64,1,P01_p1n167,4
102.0,1.0,102.0,1.0,408,4,69,1,P00_p0n167,4
102.5,0.5,102.5,0.5,410,2,57,1,P04_p4n157,4
102.5,0.5,102.5,0.5,410,2,57,1,P06_p6n157,4
102.5,0.5,102.5,0.5,410,2,57,1,P05_p5n157,4
102.5,0.5,102.5,0.5,410,2,57,1,P07_p7n157,4
103.0,0.5,103.0,0.5,412,2,57,1,P04_p4n158,4
103.0,0.5,103.0,0.5,412,2,57,1,P06_p6n158,4
103.0,0.5,103.0,0.5,412,2,57,1,P07_p7n158,4
103.0,0.5,103.0,0.5,412,2,57,1,P05_p5n158,4
103.0,0.5,103.0,0.5,412,2,60,1,P03_p3n172,4
103.0,0.5,103.0,0.5,412,2,60,1,P02_p2n172,4
103.0,0.5,103.0,0.5,412,2,64,1,P01_p1n168,4
103.0,0.5,103.0,0.5,412,2,69,1,P00_p0n168,4
103.5,0.5,103.5,0.5,414,2,57,1,P06_p6n159,4
103.5,0.5,103.5,0.5,414,2,57,1,P04_p4n159,4
103.5,0.5,103.5,0.5,414,2,57,1,P07_p7n159,4
103.5,0.5,103.5,0.5,414,2,57,1,P05_p5n159,4
103.5,0.5,103.5,0.5,414,2,60,1,P02_p2n173,4
103.5,0.5,103.5,0.5,414,2,60,1,P03_p3n173,4
103.5,0.5,103.5,0.5,414,2,64,1,P01_p1n169,4
103.5,0.5,103.5,0.5,414,2,69,1,P00_p0n169,4
104.0,0.5,104.0,0.5,416,2,57,1,P04_p4n160,4
104.0,0.5,104.0,0.5,416,2,57,1,P06_p6n160,4
104.0,0.5,104.0,0.5,416,2,57,1,P05_p5n160,4
104.0,0.5,104.0,0.5,416,2,57,1,P07_p7n160,4
104.0,0.5,104.0,0.5,416,2,62,1,P03_p3n174,4
104.0,0.5,104.0,0.5,416,2,62,1,P02_p2n174,4
104.0,0.5,104.0,0.5,416,2,66,1,P01_p1n170,4
104.0,0.5,104.0,0.5,416,2,69,1,P00_p0n170,4
104.5,0.5,104.5,0.5,418,2,54,1,P07_p7n161,4
104.5,0.5,104.5,0.5,418,2,54,1,P06_p6n161,4
104.5,0.5,104.5,0.5,418,2,62,1,P03_p3n175,4
104.5,0.5,104.5,0.5,418,2,62,1,P02_p2n175,4
104.5,0.5,104.5,0.5,418,2,62,1,P05_p5n161,4
104.5,0.5,104.5,0.5,418,2,62,1,P04_p4n161,4
104.5,0.5,104.5,0.5,418,2,66,1,P01_p1n171,4
104.5,0.5,104.5,0.5,418,2,69,1,P00_p0n171,4
105.0,1.0,105.0,1.0,420,4,57,1,P06_p6n162,4
105.0,1.0,105.0,1.0,420,4,57,1,P07_p7n162,4
105.0,1.0,105.0,1.0,420,4,60,1,P04_p4n162,4
105.0,1.0,105.0,1.0,420,4,60,1,P05_p5n162,4
105.0,0.5,105.0,0.5,420,2,62,1,P03_p3n176,4
105.0,0.5,105.0,0.5,420,2,62,1,P02_p2n176,4
105.0,0.5,105.0,0.5,420,2,66,1,P01_p1n172,4
105.0,0.5,105.0,0.5,420,2,69,1,P00_p0n172,4
105.5,0.5,105.5,0.5,422,2,62,1,P03_p3n177,4
105.5,0.5,105.5,0.5,422,2,62,1,P02_p2n177,4
105.5,0.5,105.5,0.5,422,2,66,1,P01_p1n173,4
105.5,0.5,105.5,0.5,422,2,69,1,P00_p0n173,4
106.0,2.0,106.0,2.0,424,8,55,1,P06_p6n163,4
106.0,2.0,106.0,2.0,424,8,55,1,P07_p7n163,4
106.0,2.0,106.0,2.0,424,8,59,1,P05_p5n163,4
106.0,2.0,106.0,2.0,424,8,59,1,P04_p4n163,4
106.0,1.0,106.0,1.0,424,4,62,1,P03_p3n178,4
106.0,1.0,106.0,1.0,424,4,62,1,P02_p2n178,4
106.0,1.0,106.0,1.0,424,4,67,1,P01_p1n174,4
106.0,1.0,106.0,1.0,424,4,71,1,P00_p0n174,4
107.0,0.5,107.0,0.5,428,2,62,1,P03_p3n179,4
107.0,0.5,107.0,0.5,428,2,62,1,P02_p2n179,4
107.0,0.5,107.0,0.5,428,2,67,1,P01_p1n175,4
107.0,0.5,107.0,0.5,428,2,71,1,P00_p0n175,4
107.5,0.5,107.5,0.5,430,2,62,1,P03_p3n180,4
107.5,0.5,107.5,0.5,430,2,62,1,P02_p2n180,4
107.5,0.5,107.5,0.5,430,2,67,1,P01_p1n176,4
107.5,0.5,107.5,0.5,430,2,71,1,P00_p0n176,4
108.0,0.5,108.0,0.5,432,2,55,1,P06_p6n164,4
108.0,0.5,108.0,0.5,432,2,55,1,P07_p7n164,4
108.0,0.5,108.0,0.5,432,2,59,1,P05_p5n164,4
108.0,0.5,108.0,0.5,432,2,59,1,P04_p4n164,4
108.0,0.5,108.0,0.5,432,2,64,1,P03_p3n181,4
108.0,0.5,108.0,0.5,432,2,64,1,P02_p2n181,4
108.0,0.5,108.0,0.5,432,2,67,1,P01_p1n177,4
108.0,0.5,108.0,0.5,432,2,71,1,P00_p0n177,4
108.5,0.5,108.5,0.5,434,2,55,1,P06_p6n165,4
108.5,0.5,108.5,0.5,434,2,55,1,P07_p7n165,4
108.5,0.5,108.5,0.5,434,2,59,1,P05_p5n165,4
108.5,0.5,108.5,0.5,434,2,59,1,P04_p4n165,4
108.5,0.5,108.5,0.5,434,2,64,1,P02_p2n182,4
108.5,0.5,108.5,0.5,434,2,64,1,P03_p3n182,4
108.5,0.5,108.5,0.5,434,2,67,1,P01_p1n178,4
108.5,0.5,108.5,0.5,434,2,71,1,P00_p0n178,4
109.0,0.5,109.0,0.5,436,2,57,1,P06_p6n166,4
109.0,0.5,109.0,0.5,436,2,57,1,P07_p7n166,4
109.0,0.5,109.0,0.5,436,2,60,1,P04_p4n166,4
109.0,0.5,109.0,0.5,436,2,60,1,P05_p5n166,4
109.0,0.5,109.0,0.5,436,2,64,1,P02_p2n183,4
109.0,0.5,109.0,0.5,436,2,64,1,P03_p3n183,4
109.0,0.5,109.0,0.5,436,2,67,1,P01_p1n179,4
109.0,0.5,109.0,0.5,436,2,71,1,P00_p0n179,4
109.5,0.5,109.5,0.5,438,2,55,1,P06_p6n167,4
109.5,0.5,109.5,0.5,438,2,55,1,P07_p7n167,4
109.5,0.5,109.5,0.5,438,2,59,1,P05_p5n167,4
109.5,0.5,109.5,0.5,438,2,59,1,P04_p4n167,4
109.5,0.5,109.5,0.5,438,2,64,1,P02_p2n184,4
109.5,0.5,109.5,0.5,438,2,64,1,P03_p3n184,4
109.5,0.5,109.5,0.5,438,2,67,1,P01_p1n180,4
109.5,0.5,109.5,0.5,438,2,71,1,P00_p0n180,4
110.0,0.5,110.0,0.5,440,2,54,1,P07_p7n168,4
110.0,0.5,110.0,0.5,440,2,54,1,P06_p6n168,4
110.0,0.5,110.0,0.5,440,2,57,1,P04_p4n168,4
110.0,0.5,110.0,0.5,440,2,57,1,P05_p5n168,4
110.0,1.0,110.0,1.0,440,4,63,1,P03_p3n185,4
110.0,1.0,110.0,1.0,440,4,63,1,P02_p2n185,4
110.0,1.0,110.0,1.0,440,4,66,1,P01_p1n181,4
110.0,1.0,110.0,1.0,440,4,69,1,P00_p0n181,4
110.5,0.5,110.5,0.5,442,2,52,1,P07_p7n169,4
110.5,0.5,110.5,0.5,442,2,52,1,P06_p6n169,4
110.5,0.5,110.5,0.5,442,2,55,1,P04_p4n169,4
110.5,0.5,110.5,0.5,442,2,55,1,P05_p5n169,4
111.0,1.0,111.0,1.0,444,4,54,1,P04_p4n170,4
111.0,1.0,111.0,1.0,444,4,54,1,P07_p7n170,4
111.0,1.0,111.0,1.0,444,4,54,1,P06_p6n170,4
111.0,1.0,111.0,1.0,444,4,54,1,P05_p5n170,4
111.0,0.5,111.0,0.5,444,2,63,1,P03_p3n186,4
111.0,0.5,111.0,0.5,444,2,63,1,P02_p2n186,4
111.0,0.5,111.0,0.5,444,2,66,1,P01_p1n182,4
111.0,0.5,111.0,0.5,444,2,69,1,P00_p0n182,4
111.5,0.5,111.5,0.5,446,2,63,1,P03_p3n187,4
111.5,0.5,111.5,0.5,446,2,63,1,P02_p2n187,4
111.5,0.5,111.5,0.5,446,2,66,1,P01_p1n183,4
111.5,0.5,111.5,0.5,446,2,69,1,P00_p0n183,4
112.0,2.5,112.0,2.5,448,10,52,1,P04_p4n171,4
112.0,2.5,112.0,2.5,448,10,52,1,P07_p7n171,4
112.0,2.5,112.0,2.5,448,10,52,1,P06_p6n171,4
112.0,2.5,112.0,2.5,448,10,52,1,P05_p5n171,4
112.0,0.5,112.0,0.5,448,2,64,1,P02_p2n188,4
112.0,0.5,112.0,0.5,448,2,64,1,P03_p3n188,4
112.0,0.5,112.0,0.5,448,2,64,1,P01_p1n184,4
112.0,0.5,112.0,0.5,448,2,67,1,P00_p0n184,4
112.5,0.5,112.5,0.5,450,2,64,1,P02_p2n189,4
112.5,0.5,112.5,0.5,450,2,64,1,P03_p3n189,4
112.5,0.5,112.5,0.5,450,2,64,1,P01_p1n185,4
112.5,0.5,112.5,0.5,450,2,67,1,P00_p0n185,4
113.0,0.5,113.0,0.5,452,2,64,1,P02_p2n190,4
113.0,0.5,113.0,0.5,452,2,64,1,P03_p3n190,4
113.0,0.5,113.0,0.5,452,2,64,1,P01_p1n186,4
113.0,0.5,113.0,0.5,452,2,67,1,P00_p0n186,4
113.5,0.5,113.5,0.5,454,2,64,1,P03_p3n191,4
113.5,0.5,113.5,0.5,454,2,64,1,P02_p2n191,4
113.5,0.5,113.5,0.5,454,2,64,1,P01_p1n187,4
113.5,0.5,113.5,0.5,454,2,67,1,P00_p0n187,4
114.0,0.5,114.0,0.5,456,2,64,1,P03_p3n192,4
114.0,0.5,114.0,0.5,456,2,64,1,P02_p2n192,4
114.0,0.5,114.0,0.5,456,2,64,1,P01_p1n188,4
114.0,0.5,114.0,0.5,456,2,76,1,P00_p0n188,4
116.0,2.0,116.0,2.0,464,8,59,1,P07_p7n175,4
116.0,2.0,116.0,2.0,464,8,59,1,P06_p6n175,4
116.0,2.0,116.0,2.0,464,8,62,1,P05_p5n175,4
116.0,2.0,116.0,2.0,464,8,62,1,P04_p4n175,4
116.0,2.0,116.0,2.0,464,8,66,1,P03_p3n195,4
116.0,0.5,116.0,0.5,464,2,71,1,P01_p1n191,4
116.0,2.0,116.0,2.0,464,8,71,1,P02_p2n195,4
116.0,0.5,116.0,0.5,464,2,71,1,P00_p0n191,4
116.5,0.5,116.5,0.5,466,2,71,1,P01_p1n192,4
116.5,0.5,116.5,0.5,466,2,71,1,P00_p0n192,4
117.0,0.5,117.0,0.5,468,2,71,1,P01_p1n193,4
117.0,0.5,117.0,0.5,468,2,71,1,P00_p0n193,4
117.5,0.5,117.5,0.5,470,2,66,1,P01_p1n194,4
117.5,0.5,117.5,0.5,470,2,66,1,P00_p0n194,4
118.0,2.0,118.0,2.0,472,8,57,1,P06_p6n176,4
118.0,2.0,118.0,2.0,472,8,57,1,P07_p7n176,4
118.0,2.0,118.0,2.0,472,8,62,1,P05_p5n176,4
118.0,2.0,118.0,2.0,472,8,62,1,P04_p4n176,4
118.0,2.0,118.0,2.0,472,8,66,1,P03_p3n196,4
118.0,0.5,118.0,0.5,472,2,71,1,P01_p1n195,4
118.0,2.0,118.0,2.0,472,8,71,1,P02_p2n196,4
118.0,0.5,118.0,0.5,472,2,71,1,P00_p0n195,4
118.5,0.5,118.5,0.5,474,2,71,1,P01_p1n196,4
118.5,0.5,118.5,0.5,474,2,71,1,P00_p0n196,4
119.0,0.5,119.0,0.5,476,2,71,1,P01_p1n197,4
119.0,0.5,119.0,0.5,476,2,71,1,P00_p0n197,4
119.5,0.5,119.5,0.5,478,2,66,1,P01_p1n198,4
119.5,0.5,119.5,0.5,478,2,66,1,P00_p0n198,4
120.0,2.0,120.0,2.0,480,8,55,1,P06_p6n177,4
120.0,2.0,120.0,2.0,480,8,55,1,P07_p7n177,4
120.0,2.0,120.0,2.0,480,8,62,1,P05_p5n177,4
120.0,2.0,120.0,2.0,480,8,62,1,P04_p4n177,4
120.0,2.0,120.0,2.0,480,8,67,1,P03_p3n197,4
120.0,2.0,120.0,2.0,480,8,71,1,P02_p2n197,4
120.0,0.5,120.0,0.5,480,2,71,1,P00_p0n199,4
120.0,0.5,120.0,0.5,480,2,71,1,P01_p1n199,4
120.5,0.5,120.5,0.5,482,2,73,1,P01_p1n200,4
120.5,0.5,120.5,0.5,482,2,73,1,P00_p0n200,4
121.0,1.0,121.0,1.0,484,4,74,1,P01_p1n201,4
121.0,1.0,121.0,1.0,484,4,74,1,P00_p0n201,4
122.0,1.0,122.0,1.0,488,4,52,1,P07_p7n178,4
122.0,1.0,122.0,1.0,488,4,52,1,P06_p6n178,4
122.0,1.0,122.0,1.0,488,4,59,1,P05_p5n178,4
122.0,1.0,122.0,1.0,488,4,59,1,P04_p4n178,4
122.0,1.0,122.0,1.0,488,4,64,1,P03_p3n198,4
122.0,1.0,122.0,1.0,488,4,67,1,P02_p2n198,4
122.0,1.0,122.0,1.0,488,4,76,1,P00_p0n202,4
122.0,1.0,122.0,1.0,488,4,76,1,P01_p1n202,4
123.0,1.0,123.0,1.0,492,4,54,1,P07_p7n179,4
123.0,1.0,123.0,1.0,492,4,54,1,P06_p6n179,4
123.0,1.0,123.0,1.0,492,4,61,1,P04_p4n179,4
123.0,1.0,123.0,1.0,492,4,61,1,P05_p5n179,4
123.0,1.0,123.0,1.0,492,4,70,1,P03_p3n199,4
123.0,1.0,123.0,1.0,492,4,70,1,P02_p2n199,4
123.0,0.5,123.0,0.5,492,2,74,1,P00_p0n203,4
123.0,0.5,123.0,0.5,492,2,74,1,P01_p1n203,4
123.5,0.5,123.5,0.5,494,2,73,1,P01_p1n204,4
123.5,0.5,123.5,0.5,494,2,73,1,P00_p0n204,4
124.0,0.5,124.0,0.5,496,2,59,1,P07_p7n180,4
124.0,0.5,124.0,0.5,496,2,59,1,P06_p6n180,4
124.0,0.5,124.0,0.5,496,2,62,1,P05_p5n180,4
124.0,0.5,124.0,0.5,496,2,62,1,P04_p4n180,4
124.0,0.5,124.0,0.5,496,2,66,1,P03_p3n200,4
124.0,0.5,124.0,0.5,496,2,66,1,P01_p1n205,4
124.0,0.5,124.0,0.5,496,2,71,1,P02_p2n200,4
124.0,0.5,124.0,0.5,496,2,71,1,P00_p0n205,4
124.5,0.5,124.5,0.5,498,2,59,1,P07_p7n181,4
124.5,0.5,124.5,0.5,498,2,59,1,P06_p6n181,4
124.5,0.5,124.5,0.5,498,2,62,1,P05_p5n181,4
124.5,0.5,124.5,0.5,498,2,62,1,P04_p4n181,4
124.5,0.5,124.5,0.5,498,2,66,1,P03_p3n201,4
124.5,0.5,124.5,0.5,498,2,71,1,P02_p2n201,4
124.5,0.5,124.5,0.5,498,2,73,1,P01_p1n206,4
124.5,0.5,124.5,0.5,498,2,73,1,P00_p0n206,4
125.0,0.5,125.0,0.5,500,2,54,1,P07_p7n182,4
125.0,0.5,125.0,0.5,500,2,54,1,P06_p6n182,4
125.0,0.5,125.0,0.5,500,2,61,1,P04_p4n182,4
125.0,0.5,125.0,0.5,500,2,61,1,P05_p5n182,4
125.0,0.5,125.0,0.5,500,2,66,1,P03_p3n202,4
125.0,0.5,125.0,0.5,500,2,70,1,P02_p2n202,4
125.0,0.5,125.0,0.5,500,2,74,1,P00_p0n207,4
125.0,0.5,125.0,0.5,500,2,74,1,P01_p1n207,4
125.5,0.5,125.5,0.5,502,2,54,1,P07_p7n183,4
125.5,0.5,125.5,0.5,502,2,54,1,P06_p6n183,4
125.5,0.5,125.5,0.5,502,2,61,1,P04_p4n183,4
125.5,0.5,125.5,0.5,502,2,61,1,P05_p5n183,4
125.5,0.5,125.5,0.5,502,2,66,1,P03_p3n203,4
125.5,0.5,125.5,0.5,502,2,70,1,P02_p2n203,4
125.5,0.5,125.5,0.5,502,2,73,1,P01_p1n208,4
125.5,0.5,125.5,0.5,502,2,73,1,P00_p0n208,4
126.0,1.0,126.0,1.0,504,4,47,1,P06_p6n184,4
126.0,1.0,126.0,1.0,504,4,47,1,P07_p7n184,4
126.0,1.0,126.0,1.0,504,4,62,1,P05_p5n184,4
126.0,1.0,126.0,1.0,504,4,62,1,P04_p4n184,4
126.0,1.0,126.0,1.0,504,4,66,1,P03_p3n204,4
126.0,1.0,126.0,1.0,504,4,71,1,P01_p1n209,4
126.0,1.0,126.0,1.0,504,4,71,1,P02_p2n204,4
126.0,1.0,126.0,1.0,504,4,71,1,P00_p0n209,4
127.0,1.0,127.0,1.0,508,4,49,1,P06_p6n185,4
127.0,1.0,127.0,1.0,508,4,49,1,P07_p7n185,4
127.0,1.0,127.0,1.0,508,4,58,1,P04_p4n185,4
127.0,1.0,127.0,1.0,508,4,58,1,P05_p5n185,4
127.0,1.0,127.0,1.0,508,4,66,1,P02_p2n205,4
127.0,1.0,127.0,1.0,508,4,66,1,P03_p3n205,4
127.0,1.0,127.0,1.0,508,4,66,1,P01_p1n210,4
127.0,1.0,127.0,1.0,508,4,66,1,P00_p0n210,4
128.0,1.0,128.0,1.0,512,4,50,1,P06_p6n186,4
128.0,1.0,128.0,1.0,512,4,50,1,P07_p7n186,4
128.0,2.0,128.0,2.0,512,8,59,1,P05_p5n186,4
128.0,2.0,128.0,2.0,512,8,59,1,P04_p4n186,4
128.0,2.0,128.0,2.0,512,8,62,1,P03_p3n206,4
128.0,2.0,128.0,2.0,512,8,66,1,P02_p2n206,4
128.0,0.5,128.0,0.5,512,2,74,1,P00_p0n211,4
128.0,0.5,128.0,0.5,512,2,74,1,P01_p1n211,4
128.5,0.5,128.5,0.5,514,2,73,1,P01_p1n212,4
128.5,0.5,128.5,0.5,514,2,73,1,P00_p0n212,4
129.0,1.0,129.0,1.0,516,4,52,1,P07_p7n187,4
129.0,1.0,129.0,1.0,516,4,52,1,P06_p6n187,4
129.0,1.0,129.0,1.0,516,4,71,1,P01_p1n213,4
129.0,1.0,129.0,1.0,516,4,71,1,P00_p0n213,4
130.0,1.0,130.0,1.0,520,4,54,1,P07_p7n188,4
130.0,1.0,130.0,1.0,520,4,54,1,P06_p6n188,4
130.0,2.0,130.0,2.0,520,8,58,1,P04_p4n187,4
130.0,2.0,130.0,2.0,520,8,58,1,P05_p5n187,4
130.0,2.0,130.0,2.0,520,8,61,1,P03_p3n207,4
130.0,2.0,130.0,2.0,520,8,66,1,P02_p2n207,4
130.0,1.0,130.0,1.0,520,4,66,1,P01_p1n214,4
130.0,1.0,130.0,1.0,520,4,66,1,P00_p0n214,4
131.0,1.0,131.0,1.0,524,4,54,1,P07_p7n189,4
131.0,1.0,131.0,1.0,524,4,54,1,P06_p6n189,4
131.0,0.5,131.0,0.5,524,2,66,1,P01_p1n215,4
131.0,0.5,131.0,0.5,524,2,66,1,P00_p0n215,4
131.5,0.5,131.5,0.5,526,2,66,1,P01_p1n216,4
131.5,0.5,131.5,0.5,526,2,66,1,P00_p0n216,4
132.0,1.0,132.0,1.0,528,4,47,1,P06_p6n190,4
132.0,1.0,132.0,1.0,528,4,47,1,P07_p7n190,4
132.0,1.0,132.0,1.0,528,4,62,1,P05_p5n188,4
132.0,1.0,132.0,1.0,528,4,62,1,P04_p4n188,4
132.0,1.0,132.0,1.0,528,4,66,1,P03_p3n208,4
132.0,0.5,132.0,0.5,528,2,71,1,P01_p1n217,4
132.0,1.0,132.0,1.0,528,4,71,1,P02_p2n208,4
132.0,0.5,132.0,0.5,528,2,71,1,P00_p0n217,4
132.5,0.5,132.5,0.5,530,2,73,1,P00_p0n218,4
132.5,0.5,132.5,0.5,530,2,73,1,P01_p1n218,4
133.0,1.0,133.0,1.0,532,4,50,1,P06_p6n191,4
133.0,1.0,133.0,1.0,532,4,50,1,P07_p7n191,4
133.0,1.0,133.0,1.0,532,4,62,1,P05_p5n189,4
133.0,1.0,133.0,1.0,532,4,62,1,P04_p4n189,4
133.0,1.0,133.0,1.0,532,4,67,1,P03_p3n209,4
133.0,1.0,133.0,1.0,532,4,71,1,P02_p2n209,4
133.0,0.5,133.0,0.5,532,2,74,1,P00_p0n219,4
133.0,0.5,133.0,0.5,532,2,74,1,P01_p1n219,4
133.5,0.5,133.5,0.5,534,2,76,1,P00_p0n220,4
133.5,0.5,133.5,0.5,534,2,76,1,P01_p1n220,4
134.0,1.0,134.0,1.0,536,4,54,1,P07_p7n192,4
134.0,1.0,134.0,1.0,536,4,54,1,P06_p6n192,4
134.0,1.0,134.0,1.0,536,4,59,1,P05_p5n190,4
134.0,1.0,134.0,1.0,536,4,59,1,P04_p4n190,4
134.0,1.0,134.0,1.0,536,4,62,1,P03_p3n210,4
134.0,1.0,134.0,1.0,536,4,71,1,P02_p2n210,4
134.0,1.0,134.0,1.0,536,4,74,1,P00_p0n221,4
134.0,1.0,134.0,1.0,536,4,74,1,P01_p1n221,4
135.0,1.0,135.0,1.0,540,4,53,1,P07_p7n193,4
135.0,1.0,135.0,1.0,540,4,53,1,P06_p6n193,4
135.0,1.0,135.0,1.0,540,4,61,1,P04_p4n191,4
135.0,1.0,135.0,1.0,540,4,61,1,P05_p5n191,4
135.0,1.0,135.0,1.0,540,4,61,1,P03_p3n211,4
135.0,1.0,135.0,1.0,540,4,68,1,P02_p2n211,4
135.0,1.0,135.0,1.0,540,4,73,1,P00_p0n222,4
135.0,1.0,135.0,1.0,540,4,73,1,P01_p1n222,4
136.0,0.5,136.0,0.5,544,2,54,1,P07_p7n194,4
136.0,0.5,136.0,0.5,544,2,54,1,P06_p6n194,4
136.0,0.5,136.0,0.5,544,2,58,1,P04_p4n192,4
136.0,0.5,136.0,0.5,544,2,58,1,P05_p5n192,4
136.0,0.5,136.0,0.5,544,2,64,1,P02_p2n212,4
136.0,0.5,136.0,0.5,544,2,64,1,P03_p3n212,4
136.0,0.5,136.0,0.5,544,2,70,1,P00_p0n223,4
136.0,0.5,136.0,0.5,544,2,70,1,P01_p1n223,4
136.5,0.5,136.5,0.5,546,2,54,1,P07_p7n195,4
136.5,0.5,136.5,0.5,546,2,54,1,P06_p6n195,4
136.5,0.5,136.5,0.5,546,2,64,1,P04_p4n193,4
136.5,0.5,136.5,0.5,546,2,64,1,P05_p5n193,4
136.5,0.5,136.5,0.5,546,2,66,1,P02_p2n213,4
136.5,0.5,136.5,0.5,546,2,66,1,P03_p3n213,4
136.5,0.5,136.5,0.5,546,2,71,1,P01_p1n224,4
136.5,0.5,136.5,0.5,546,2,71,1,P00_p0n224,4
137.0,0.5,137.0,0.5,548,2,58,1,P06_p6n196,4
137.0,0.5,137.0,0.5,548,2,58,1,P07_p7n196,4
137.0,0.5,137.0,0.5,548,2,66,1,P04_p4n194,4
137.0,0.5,137.0,0.5,548,2,66,1,P05_p5n194,4
137.0,0.5,137.0,0.5,548,2,70,1,P03_p3n214,4
137.0,0.5,137.0,0.5,548,2,70,1,P02_p2n214,4
137.0,0.5,137.0,0.5,548,2,73,1,P00_p0n225,4
137.0,0.5,137.0,0.5,548,2,73,1,P01_p1n225,4
137.5,0.5,137.5,0.5,550,2,58,1,P06_p6n197,4
137.5,0.5,137.5,0.5,550,2,58,1,P07_p7n197,4
137.5,0.5,137.5,0.5,550,2,61,1,P04_p4n195,4
137.5,0.5,137.5,0.5,550,2,61,1,P05_p5n195,4
137.5,0.5,137.5,0.5,550,2,66,1,P02_p2n215,4
137.5,0.5,137.5,0.5,550,2,66,1,P03_p3n215,4
137.5,0.5,137.5,0.5,550,2,70,1,P00_p0n226,4
137.5,0.5,137.5,0.5,550,2,70,1,P01_p1n226,4
138.0,1.0,138.0,1.0,552,4,59,1,P07_p7n198,4
138.0,1.0,138.0,1.0,552,4,59,1,P06_p6n198,4
138.0,1.0,138.0,1.0,552,4,62,1,P05_p5n196,4
138.0,1.0,138.0,1.0,552,4,62,1,P04_p4n196,4
138.0,1.0,138.0,1.0,552,4,66,1,P03_p3n216,4
138.0,1.0,138.0,1.0,552,4,71,1,P01_p1n227,4
138.0,1.0,138.0,1.0,552,4,71,1,P02_p2n216,4
138.0,1.0,138.0,1.0,552,4,71,1,P00_p0n227,4
139.0,1.0,139.0,1.0,556,4,47,1,P06_p6n199,4
139.0,1.0,139.0,1.0,556,4,47,1,P07_p7n199,4
139.0,1.0,139.0,1.0,556,4,62,1,P05_p5n197,4
139.0,1.0,139.0,1.0,556,4,62,1,P04_p4n197,4
139.0,1.0,139.0,1.0,556,4,66,1,P03_p3n217,4
139.0,1.0,139.0,1.0,556,4,71,1,P01_p1n228,4
139.0,1.0,139.0,1.0,556,4,71,1,P02_p2n217,4
139.0,1.0,139.0,1.0,556,4,71,1,P00_p0n228,4
140.0,1.0,140.0,1.0,560,4,52,1,P07_p7n200,4
140.0,1.0,140.0,1.0,560,4,52,1,P06_p6n200,4
140.0,0.25,140.0,0.25,560,1,62,1,P05_p5n198,4
140.0,0.25,140.0,0.25,560,1,62,1,P04_p4n198,4
140.0,1.0,140.0,1.0,560,4,67,1,P03_p3n218,4
140.0,1.0,140.0,1.0,560,4,67,1,P02_p2n218,4
140.0,1.0,140.0,1.0,560,4,71,1,P01_p1n229,4
140.0,1.0,140.0,1.0,560,4,76,1,P00_p0n229,4
140.25,0.25,140.25,0.25,561,1,61,1,P04_p4n199,4
140.25,0.25,140.25,0.25,561,1,61,1,P05_p5n199,4
140.5,0.25,140.5,0.25,562,1,59,1,P05_p5n200,4
140.5,0.25,140.5,0.25,562,1,59,1,P04_p4n200,4
141.0,1.0,141.0,1.0,564,4,54,1,P07_p7n201,4
141.0,1.0,141.0,1.0,564,4,54,1,P06_p6n201,4
141.0,0.25,141.0,0.25,564,1,59,1,P05_p5n202,4
141.0,0.25,141.0,0.25,564,1,59,1,P04_p4n202,4
141.0,1.0,141.0,1.0,564,4,67,1,P03_p3n219,4
141.0,1.0,141.0,1.0,564,4,67,1,P02_p2n219,4
141.0,1.0,141.0,1.0,564,4,71,1,P01_p1n230,4
141.0,1.0,141.0,1.0,564,4,74,1,P00_p0n230,4
141.25,0.25,141.25,0.25,565,1,61,1,P04_p4n203,4
141.25,0.25,141.25,0.25,565,1,61,1,P05_p5n203,4
141.5,0.25,141.5,0.25,566,1,62,1,P05_p5n204,4
141.5,0.25,141.5,0.25,566,1,62,1,P04_p4n204,4
142.0,1.0,142.0,1.0,568,4,55,1,P06_p6n202,4
142.0,1.0,142.0,1.0,568,4,55,1,P07_p7n202,4
142.0,0.25,142.0,0.25,568,1,62,1,P05_p5n206,4
142.0,0.25,142.0,0.25,568,1,62,1,P04_p4n206,4
142.0,1.0,142.0,1.0,568,4,67,1,P03_p3n220,4
142.0,1.0,142.0,1.0,568,4,67,1,P02_p2n220,4
142.0,1.0,142.0,1.0,568,4,71,1,P01_p1n231,4
142.0,1.0,142.0,1.0,568,4,73,1,P00_p0n231,4
142.25,0.25,142.25,0.25,569,1,61,1,P04_p4n207,4
142.25,0.25,142.25,0.25,569,1,61,1,P05_p5n207,4
142.5,0.25,142.5,0.25,570,1,59,1,P05_p5n208,4
142.5,0.25,142.5,0.25,570,1,59,1,P04_p4n208,4
143.0,1.0,143.0,1.0,572,4,59,1,P07_p7n203,4
143.0,0.25,143.0,0.25,572,1,59,1,P05_p5n210,4
143.0,0.25,143.0,0.25,572,1,59,1,P04_p4n210,4
143.0,1.0,143.0,1.0,572,4,59,1,P06_p6n203,4
143.0,1.0,143.0,1.0,572,4,64,1,P02_p2n221,4
143.0,1.0,143.0,1.0,572,4,64,1,P03_p3n221,4
143.0,1.0,143.0,1.0,572,4,67,1,P01_p1n232,4
143.0,1.0,143.0,1.0,572,4,71,1,P00_p0n232,4
143.25,0.25,143.25,0.25,573,1,61,1,P04_p4n211,4
143.25,0.25,143.25,0.25,573,1,61,1,P05_p5n211,4
143.5,0.25,143.5,0.25,574,1,62,1,P05_p5n212,4
143.5,0.25,143.5,0.25,574,1,62,1,P04_p4n212,4
144.0,1.0,144.0,1.0,576,4,54,1,P07_p7n204,4
144.0,1.0,144.0,1.0,576,4,54,1,P06_p6n204,4
144.0,1.0,144.0,1.0,576,4,66,1,P03_p3n222,4
144.0,4.0,144.0,4.0,576,16,66,1,P04_p4n214,4
144.0,4.0,144.0,4.0,576,16,66,1,P05_p5n214,4
144.0,1.0,144.0,1.0,576,4,66,1,P02_p2n222,4
144.0,1.0,144.0,1.0,576,4,70,1,P01_p1n233,4
144.0,1.0,144.0,1.0,576,4,73,1,P00_p0n233,4
145.0,0.5,145.0,0.5,580,2,54,1,P07_p7n205,4
145.0,0.5,145.0,0.5,580,2,54,1,P06_p6n205,4
145.0,0.5,145.0,0.5,580,2,66,1,P03_p3n223,4
145.0,0.5,145.0,0.5,580,2,66,1,P02_p2n223,4
145.0,0.5,145.0,0.5,580,2,70,1,P01_p1n234,4
145.0,0.5,145.0,0.5,580,2,73,1,P00_p0n234,4
145.5,0.5,145.5,0.5,582,2,54,1,P07_p7n206,4
145.5,0.5,145.5,0.5,582,2,54,1,P06_p6n206,4
145.5,0.5,145.5,0.5,582,2,66,1,P03_p3n224,4
145.5,0.5,145.5,0.5,582,2,66,1,P02_p2n224,4
145.5,0.5,145.5,0.5,582,2,70,1,P01_p1n235,4
145.5,0.5,145.5,0.5,582,2,73,1,P00_p0n235,4
146.0,0.5,146.0,0.5,584,2,54,1,P07_p7n207,4
146.0,0.5,146.0,0.5,584,2,54,1,P06_p6n207,4
146.0,0.5,146.0,0.5,584,2,66,1,P02_p2n225,4
146.0,0.5,146.0,0.5,584,2,66,1,P03_p3n225,4
146.0,0.5,146.0,0.5,584,2,70,1,P01_p1n236,4
146.0,0.5,146.0,0.5,584,2,73,1,P00_p0n236,4
146.5,0.5,146.5,0.5,586,2,54,1,P07_p7n208,4
146.5,0.5,146.5,0.5,586,2,54,1,P06_p6n208,4
146.5,0.5,146.5,0.5,586,2,66,1,P02_p2n226,4
146.5,0.5,146.5,0.5,586,2,66,1,P03_p3n226,4
146.5,0.5,146.5,0.5,586,2,70,1,P01_p1n237,4
146.5,0.5,146.5,0.5,586,2,73,1,P00_p0n237,4
147.0,0.5,147.0,0.5,588,2,54,1,P07_p7n209,4
147.0,0.5,147.0,0.5,588,2,54,1,P06_p6n209,4
147.0,0.5,147.0,0.5,588,2,66,1,P03_p3n227,4
147.0,0.5,147.0,0.5,588,2,66,1,P02_p2n227,4
147.0,0.5,147.0,0.5,588,2,70,1,P01_p1n238,4
147.0,0.5,147.0,0.5,588,2,73,1,P00_p0n238,4
147.5,0.5,147.5,0.5,590,2,54,1,P07_p7n210,4
147.5,0.5,147.5,0.5,590,2,54,1,P06_p6n210,4
147.5,0.5,147.5,0.5,590,2,66,1,P02_p2n228,4
147.5,0.5,147.5,0.5,590,2,66,1,P03_p3n228,4
147.5,0.5,147.5,0.5,590,2,70,1,P01_p1n239,4
147.5,0.5,147.5,0.5,590,2,73,1,P00_p0n239,4
150.0,2.0,150.0,2.0,600,8,59,1,P06_p6n212,4
150.0,2.0,150.0,2.0,600,8,59,1,P07_p7n212,4
150.0,0.5,150.0,0.5,600,2,62,1,P05_p5n217,4
150.0,0.5,150.0,0.5,600,2,62,1,P04_p4n217,4
150.0,0.5,150.0,0.5,600,2,66,1,P02_p2n230,4
150.0,0.5,150.0,0.5,600,2,66,1,P03_p3n230,4
150.0,0.5,150.0,0.5,600,2,71,1,P01_p1n241,4
150.0,0.5,150.0,0.5,600,2,71,1,P00_p0n241,4
150.5,0.5,150.5,0.5,602,2,62,1,P04_p4n218,4
150.5,0.5,150.5,0.5,602,2,62,1,P05_p5n218,4
150.5,0.5,150.5,0.5,602,2,66,1,P02_p2n231,4
150.5,0.5,150.5,0.5,602,2,66,1,P03_p3n231,4
150.5,0.5,150.5,0.5,602,2,71,1,P01_p1n242,4
150.5,0.5,150.5,0.5,602,2,71,1,P00_p0n242,4
151.0,0.5,151.0,0.5,604,2,62,1,P04_p4n219,4
151.0,0.5,151.0,0.5,604,2,62,1,P05_p5n219,4
151.0,0.5,151.0,0.5,604,2,66,1,P02_p2n232,4
151.0,0.5,151.0,0.5,604,2,66,1,P03_p3n232,4
151.0,0.5,151.0,0.5,604,2,71,1,P01_p1n243,4
151.0,0.5,151.0,0.5,604,2,71,1,P00_p0n243,4
151.5,0.5,151.5,0.5,606,2,62,1,P04_p4n220,4
151.5,0.5,151.5,0.5,606,2,62,1,P05_p5n220,4
151.5,0.5,151.5,0.5,606,2,66,1,P02_p2n233,4
151.5,0.5,151.5,0.5,606,2,66,1,P03_p3n233,4
151.5,0.5,151.5,0.5,606,2,66,1,P01_p1n244,4
151.5,0.5,151.5,0.5,606,2,66,1,P00_p0n244,4
152.0,2.0,152.0,2.0,608,8,57,1,P06_p6n213,4
152.0,2.0,152.0,2.0,608,8,57,1,P07_p7n213,4
152.0,0.5,152.0,0.5,608,2,62,1,P04_p4n221,4
152.0,0.5,152.0,0.5,608,2,62,1,P05_p5n221,4
152.0,0.5,152.0,0.5,608,2,66,1,P02_p2n234,4
152.0,0.5,152.0,0.5,608,2,66,1,P03_p3n234,4
152.0,0.5,152.0,0.5,608,2,71,1,P01_p1n245,4
152.0,0.5,152.0,0.5,608,2,71,1,P00_p0n245,4
152.5,0.5,152.5,0.5,610,2,62,1,P04_p4n222,4
152.5,0.5,152.5,0.5,610,2,62,1,P05_p5n222,4
152.5,0.5,152.5,0.5,610,2,66,1,P02_p2n235,4
152.5,0.5,152.5,0.5,610,2,66,1,P03_p3n235,4
152.5,0.5,152.5,0.5,610,2,71,1,P01_p1n246,4
152.5,0.5,152.5,0.5,610,2,71,1,P00_p0n246,4
153.0,0.5,153.0,0.5,612,2,62,1,P04_p4n223,4
153.0,0.5,153.0,0.5,612,2,62,1,P05_p5n223,4
153.0,0.5,153.0,0.5,612,2,66,1,P03_p3n236,4
153.0,0.5,153.0,0.5,612,2,66,1,P02_p2n236,4
153.0,0.5,153.0,0.5,612,2,71,1,P01_p1n247,4
153.0,0.5,153.0,0.5,612,2,71,1,P00_p0n247,4
153.5,0.5,153.5,0.5,614,2,62,1,P04_p4n224,4
153.5,0.5,153.5,0.5,614,2,62,1,P05_p5n224,4
153.5,0.5,153.5,0.5,614,2,66,1,P03_p3n237,4
153.5,0.5,153.5,0.5,614,2,66,1,P01_p1n248,4
153.5,0.5,153.5,0.5,614,2,66,1,P00_p0n248,4
153.5,0.5,153.5,0.5,614,2,66,1,P02_p2n237,4
154.0,2.0,154.0,2.0,616,8,55,1,P06_p6n214,4
154.0,2.0,154.0,2.0,616,8,55,1,P07_p7n214,4
154.0,0.5,154.0,0.5,616,2,62,1,P04_p4n225,4
154.0,0.5,154.0,0.5,616,2,62,1,P05_p5n225,4
154.0,0.5,154.0,0.5,616,2,67,1,P03_p3n238,4
154.0,0.5,154.0,0.5,616,2,67,1,P02_p2n238,4
154.0,0.5,154.0,0.5,616,2,71,1,P01_p1n249,4
154.0,0.5,154.0,0.5,616,2,71,1,P00_p0n249,4
154.5,0.5,154.5,0.5,618,2,62,1,P04_p4n226,4
154.5,0.5,154.5,0.5,618,2,62,1,P05_p5n226,4
154.5,0.5,154.5,0.5,618,2,67,1,P03_p3n239,4
154.5,0.5,154.5,0.5,618,2,71,1,P02_p2n239,4
154.5,0.5,154.5,0.5,618,2,73,1,P00_p0n250,4
154.5,0.5,154.5,0.5,618,2,73,1,P01_p1n250,4
155.0,1.0,155.0,1.0,620,4,62,1,P05_p5n227,4
155.0,1.0,155.0,1.0,620,4,62,1,P04_p4n227,4
155.0,1.0,155.0,1.0,620,4,67,1,P03_p3n240,4
155.0,1.0,155.0,1.0,620,4,71,1,P02_p2n240,4
155.0,1.0,155.0,1.0,620,4,74,1,P00_p0n251,4
155.0,1.0,155.0,1.0,620,4,74,1,P01_p1n251,4
156.0,1.0,156.0,1.0,624,4,52,1,P06_p6n215,4
156.0,1.0,156.0,1.0,624,4,52,1,P07_p7n215,4
156.0,1.0,156.0,1.0,624,4,59,1,P05_p5n228,4
156.0,1.0,156.0,1.0,624,4,59,1,P04_p4n228,4
156.0,1.0,156.0,1.0,624,4,67,1,P03_p3n241,4
156.0,1.0,156.0,1.0,624,4,71,1,P02_p2n241,4
156.0,1.0,156.0,1.0,624,4,76,1,P00_p0n252,4
156.0,1.0,156.0,1.0,624,4,76,1,P01_p1n252,4
157.0,0.5,157.0,0.5,628,2,54,1,P07_p7n216,4
157.0,0.5,157.0,0.5,628,2,54,1,P06_p6n216,4
157.0,0.5,157.0,0.5,628,2,61,1,P04_p4n229,4
157.0,0.5,157.0,0.5,628,2,61,1,P05_p5n229,4
157.0,0.5,157.0,0.5,628,2,70,1,P03_p3n242,4
157.0,0.5,157.0,0.5,628,2,70,1,P02_p2n242,4
157.0,0.5,157.0,0.5,628,2,74,1,P00_p0n253,4
157.0,0.5,157.0,0.5,628,2,74,1,P01_p1n253,4
157.5,0.5,157.5,0.5,630,2,54,1,P07_p7n217,4
157.5,0.5,157.5,0.5,630,2,54,1,P06_p6n217,4
157.5,0.5,157.5,0.5,630,2,61,1,P04_p4n230,4
157.5,0.5,157.5,0.5,630,2,61,1,P05_p5n230,4
157.5,0.5,157.5,0.5,630,2,70,1,P03_p3n243,4
157.5,0.5,157.5,0.5,630,2,70,1,P02_p2n243,4
157.5,0.5,157.5,0.5,630,2,73,1,P00_p0n254,4
157.5,0.5,157.5,0.5,630,2,73,1,P01_p1n254,4
158.0,0.5,158.0,0.5,632,2,59,1,P06_p6n218,4
158.0,0.5,158.0,0.5,632,2,59,1,P07_p7n218,4
158.0,0.5,158.0,0.5,632,2,62,1,P05_p5n231,4
158.0,0.5,158.0,0.5,632,2,62,1,P04_p4n231,4
158.0,0.5,158.0,0.5,632,2,66,1,P01_p1n255,4
158.0,0.5,158.0,0.5,632,2,66,1,P03_p3n244,4
158.0,0.5,158.0,0.5,632,2,71,1,P02_p2n244,4
158.0,0.5,158.0,0.5,632,2,71,1,P00_p0n255,4
158.5,0.5,158.5,0.5,634,2,59,1,P06_p6n219,4
158.5,0.5,158.5,0.5,634,2,59,1,P07_p7n219,4
158.5,0.5,158.5,0.5,634,2,62,1,P05_p5n232,4
158.5,0.5,158.5,0.5,634,2,62,1,P04_p4n232,4
158.5,0.5,158.5,0.5,634,2,66,1,P03_p3n245,4
158.5,0.5,158.5,0.5,634,2,71,1,P02_p2n245,4
158.5,0.5,158.5,0.5,634,2,73,1,P00_p0n256,4
158.5,0.5,158.5,0.5,634,2,73,1,P01_p1n256,4
159.0,0.5,159.0,0.5,636,2,54,1,P07_p7n220,4
159.0,0.5,159.0,0.5,636,2,54,1,P06_p6n220,4
159.0,0.5,159.0,0.5,636,2,61,1,P04_p4n233,4
159.0,0.5,159.0,0.5,636,2,61,1,P05_p5n233,4
159.0,0.5,159.0,0.5,636,2,66,1,P03_p3n246,4
159.0,0.5,159.0,0.5,636,2,70,1,P02_p2n246,4
159.0,0.5,159.0,0.5,636,2,74,1,P00_p0n257,4
159.0,0.5,159.0,0.5,636,2,74,1,P01_p1n257,4
159.5,0.5,159.5,0.5,638,2,54,1,P07_p7n221,4
159.5,0.5,159.5,0.5,638,2,54,1,P06_p6n221,4
159.5,0.5,159.5,0.5,638,2,61,1,P04_p4n234,4
159.5,0.5,159.5,0.5,638,2,61,1,P05_p5n234,4
159.5,0.5,159.5,0.5,638,2,66,1,P03_p3n247,4
159.5,0.5,159.5,0.5,638,2,70,1,P02_p2n247,4
159.5,0.5,159.5,0.5,638,2,73,1,P00_p0n258,4
159.5,0.5,159.5,0.5,638,2,73,1,P01_p1n258,4
160.0,1.0,160.0,1.0,640,4,47,1,P06_p6n222,4
160.0,1.0,160.0,1.0,640,4,47,1,P07_p7n222,4
160.0,1.0,160.0,1.0,640,4,62,1,P04_p4n235,4
160.0,1.0,160.0,1.0,640,4,62,1,P05_p5n235,4
160.0,1.0,160.0,1.0,640,4,66,1,P03_p3n248,4
160.0,1.0,160.0,1.0,640,4,71,1,P01_p1n259,4
160.0,1.0,160.0,1.0,640,4,71,1,P02_p2n248,4
160.0,1.0,160.0,1.0,640,4,71,1,P00_p0n259,4
161.0,1.0,161.0,1.0,644,4,49,1,P07_p7n223,4
161.0,1.0,161.0,1.0,644,4,49,1,P06_p6n223,4
161.0,1.0,161.0,1.0,644,4,58,1,P04_p4n236,4
161.0,1.0,161.0,1.0,644,4,58,1,P05_p5n236,4
161.0,1.0,161.0,1.0,644,4,66,1,P02_p2n249,4
161.0,1.0,161.0,1.0,644,4,66,1,P01_p1n260,4
161.0,1.0,161.0,1.0,644,4,66,1,P03_p3n249,4
161.0,1.0,161.0,1.0,644,4,66,1,P00_p0n260,4
162.0,0.5,162.0,0.5,648,2,50,1,P06_p6n224,4
162.0,0.5,162.0,0.5,648,2,50,1,P07_p7n224,4
162.0,0.5,162.0,0.5,648,2,59,1,P05_p5n237,4
162.0,0.5,162.0,0.5,648,2,59,1,P04_p4n237,4
162.0,0.5,162.0,0.5,648,2,63,1,P03_p3n250,4
162.0,0.5,162.0,0.5,648,2,66,1,P02_p2n250,4
162.0,0.5,162.0,0.5,648,2,74,1,P00_p0n261,4
162.0,0.5,162.0,0.5,648,2,74,1,P01_p1n261,4
162.5,0.5,162.5,0.5,650,2,50,1,P07_p7n225,4
162.5,0.5,162.5,0.5,650,2,50,1,P06_p6n225,4
162.5,0.5,162.5,0.5,650,2,59,1,P05_p5n238,4
162.5,0.5,162.5,0.5,650,2,59,1,P04_p4n238,4
162.5,0.5,162.5,0.5,650,2,63,1,P03_p3n251,4
162.5,0.5,162.5,0.5,650,2,66,1,P02_p2n251,4
162.5,0.5,162.5,0.5,650,2,73,1,P00_p0n262,4
162.5,0.5,162.5,0.5,650,2,73,1,P01_p1n262,4
163.0,1.0,163.0,1.0,652,4,52,1,P06_p6n226,4
163.0,1.0,163.0,1.0,652,4,52,1,P07_p7n226,4
163.0,1.0,163.0,1.0,652,4,59,1,P05_p5n239,4
163.0,1.0,163.0,1.0,652,4,59,1,P04_p4n239,4
163.0,1.0,163.0,1.0,652,4,63,1,P03_p3n252,4
163.0,1.0,163.0,1.0,652,4,66,1,P02_p2n252,4
163.0,1.0,163.0,1.0,652,4,71,1,P01_p1n263,4
163.0,1.0,163.0,1.0,652,4,71,1,P00_p0n263,4
164.0,1.0,164.0,1.0,656,4,54,1,P07_p7n227,4
164.0,1.0,164.0,1.0,656,4,54,1,P06_p6n227,4
164.0,1.0,164.0,1.0,656,4,58,1,P04_p4n240,4
164.0,1.0,164.0,1.0,656,4,58,1,P05_p5n240,4
164.0,1.0,164.0,1.0,656,4,61,1,P02_p2n253,4
164.0,1.0,164.0,1.0,656,4,61,1,P03_p3n253,4
164.0,1.0,164.0,1.0,656,4,66,1,P01_p1n264,4
164.0,1.0,164.0,1.0,656,4,66,1,P00_p0n264,4
165.0,0.5,165.0,0.5,660,2,54,1,P07_p7n228,4
165.0,0.5,165.0,0.5,660,2,54,1,P06_p6n228,4
165.0,0.5,165.0,0.5,660,2,58,1,P04_p4n241,4
165.0,0.5,165.0,0.5,660,2,58,1,P05_p5n241,4
165.0,0.5,165.0,0.5,660,2,61,1,P02_p2n254,4
165.0,0.5,165.0,0.5,660,2,61,1,P03_p3n254,4
165.0,0.5,165.0,0.5,660,2,66,1,P01_p1n265,4
165.0,0.5,165.0,0.5,660,2,66,1,P00_p0n265,4
165.5,0.5,165.5,0.5,662,2,54,1,P06_p6n229,4
165.5,0.5,165.5,0.5,662,2,54,1,P07_p7n229,4
165.5,0.5,165.5,0.5,662,2,58,1,P04_p4n242,4
165.5,0.5,165.5,0.5,662,2,58,1,P05_p5n242,4
165.5,0.5,165.5,0.5,662,2,61,1,P02_p2n255,4
165.5,0.5,165.5,0.5,662,2,61,1,P03_p3n255,4
165.5,0.5,165.5,0.5,662,2,66,1,P01_p1n266,4
165.5,0.5,165.5,0.5,662,2,66,1,P00_p0n266,4
166.0,2.0,166.0,2.0,664,8,59,1,P06_p6n230,4
166.0,2.0,166.0,2.0,664,8,59,1,P07_p7n230,4
166.0,0.5,166.0,0.5,664,2,62,1,P05_p5n243,4
166.0,0.5,166.0,0.5,664,2,62,1,P04_p4n243,4
166.0,0.5,166.0,0.5,664,2,66,1,P02_p2n256,4
166.0,0.5,166.0,0.5,664,2,66,1,P03_p3n256,4
166.0,0.5,166.0,0.5,664,2,71,1,P01_p1n267,4
166.0,0.5,166.0,0.5,664,2,71,1,P00_p0n267,4
166.5,0.5,166.5,0.5,666,2,62,1,P05_p5n244,4
166.5,0.5,166.5,0.5,666,2,62,1,P04_p4n244,4
166.5,0.5,166.5,0.5,666,2,66,1,P02_p2n257,4
166.5,0.5,166.5,0.5,666,2,66,1,P03_p3n257,4
166.5,0.5,166.5,0.5,666,2,71,1,P01_p1n268,4
166.5,0.5,166.5,0.5,666,2,71,1,P00_p0n268,4
167.0,0.5,167.0,0.5,668,2,62,1,P05_p5n245,4
167.0,0.5,167.0,0.5,668,2,62,1,P04_p4n245,4
167.0,0.5,167.0,0.5,668,2,66,1,P02_p2n258,4
167.0,0.5,167.0,0.5,668,2,66,1,P03_p3n258,4
167.0,0.5,167.0,0.5,668,2,71,1,P01_p1n269,4
167.0,0.5,167.0,0.5,668,2,71,1,P00_p0n269,4
167.5,0.5,167.5,0.5,670,2,62,1,P05_p5n246,4
167.5,0.5,167.5,0.5,670,2,62,1,P04_p4n246,4
167.5,0.5,167.5,0.5,670,2,66,1,P02_p2n259,4
167.5,0.5,167.5,0.5,670,2,66,1,P01_p1n270,4
167.5,0.5,167.5,0.5,670,2,66,1,P03_p3n259,4
167.5,0.5,167.5,0.5,670,2,66,1,P00_p0n270,4
168.0,2.0,168.0,2.0,672,8,57,1,P06_p6n231,4
168.0,2.0,168.0,2.0,672,8,57,1,P07_p7n231,4
168.0,0.5,168.0,0.5,672,2,62,1,P05_p5n247,4
168.0,0.5,168.0,0.5,672,2,62,1,P04_p4n247,4
168.0,0.5,168.0,0.5,672,2,66,1,P02_p2n260,4
168.0,0.5,168.0,0.5,672,2,66,1,P03_p3n260,4
168.0,0.5,168.0,0.5,672,2,71,1,P01_p1n271,4
168.0,0.5,168.0,0.5,672,2,71,1,P00_p0n271,4
168.5,0.5,168.5,0.5,674,2,62,1,P05_p5n248,4
168.5,0.5,168.5,0.5,674,2,62,1,P04_p4n248,4
168.5,0.5,168.5,0.5,674,2,66,1,P03_p3n261,4
168.5,0.5,168.5,0.5,674,2,66,1,P02_p2n261,4
168.5,0.5,168.5,0.5,674,2,71,1,P01_p1n272,4
168.5,0.5,168.5,0.5,674,2,71,1,P00_p0n272,4
169.0,0.5,169.0,0.5,676,2,62,1,P05_p5n249,4
169.0,0.5,169.0,0.5,676,2,62,1,P04_p4n249,4
169.0,0.5,169.0,0.5,676,2,66,1,P03_p3n262,4
169.0,0.5,169.0,0.5,676,2,66,1,P02_p2n262,4
169.0,0.5,169.0,0.5,676,2,71,1,P01_p1n273,4
169.0,0.5,169.0,0.5,676,2,71,1,P00_p0n273,4
169.5,0.5,169.5,0.5,678,2,62,1,P05_p5n250,4
169.5,0.5,169.5,0.5,678,2,62,1,P04_p4n250,4
169.5,0.5,169.5,0.5,678,2,66,1,P01_p1n274,4
169.5,0.5,169.5,0.5,678,2,66,1,P03_p3n263,4
169.5,0.5,169.5,0.5,678,2,66,1,P00_p0n274,4
169.5,0.5,169.5,0.5,678,2,66,1,P02_p2n263,4
170.0,2.0,170.0,2.0,680,8,55,1,P06_p6n232,4
170.0,2.0,170.0,2.0,680,8,55,1,P07_p7n232,4
170.0,0.5,170.0,0.5,680,2,62,1,P05_p5n251,4
170.0,0.5,170.0,0.5,680,2,62,1,P04_p4n251,4
170.0,0.5,170.0,0.5,680,2,67,1,P02_p2n264,4
170.0,0.5,170.0,0.5,680,2,67,1,P03_p3n264,4
170.0,0.5,170.0,0.5,680,2,71,1,P01_p1n275,4
170.0,0.5,170.0,0.5,680,2,71,1,P00_p0n275,4
170.5,0.5,170.5,0.5,682,2,62,1,P05_p5n252,4
170.5,0.5,170.5,0.5,682,2,62,1,P04_p4n252,4
170.5,0.5,170.5,0.5,682,2,67,1,P03_p3n265,4
170.5,0.5,170.5,0.5,682,2,71,1,P02_p2n265,4
170.5,0.5,170.5,0.5,682,2,73,1,P00_p0n276,4
170.5,0.5,170.5,0.5,682,2,73,1,P01_p1n276,4
171.0,1.0,171.0,1.0,684,4,62,1,P05_p5n253,4
171.0,1.0,171.0,1.0,684,4,62,1,P04_p4n253,4
171.0,1.0,171.0,1.0,684,4,67,1,P03_p3n266,4
171.0,1.0,171.0,1.0,684,4,71,1,P02_p2n266,4
171.0,1.0,171.0,1.0,684,4,74,1,P00_p0n277,4
171.0,1.0,171.0,1.0,684,4,74,1,P01_p1n277,4
172.0,1.0,172.0,1.0,688,4,52,1,P06_p6n233,4
172.0,1.0,172.0,1.0,688,4,52,1,P07_p7n233,4
172.0,1.0,172.0,1.0,688,4,59,1,P05_p5n254,4
172.0,1.0,172.0,1.0,688,4,59,1,P04_p4n254,4
172.0,1.0,172.0,1.0,688,4,67,1,P03_p3n267,4
172.0,1.0,172.0,1.0,688,4,71,1,P02_p2n267,4
172.0,1.0,172.0,1.0,688,4,76,1,P00_p0n278,4
172.0,1.0,172.0,1.0,688,4,76,1,P01_p1n278,4
173.0,0.5,173.0,0.5,692,2,54,1,P06_p6n234,4
173.0,0.5,173.0,0.5,692,2,54,1,P07_p7n234,4
173.0,0.5,173.0,0.5,692,2,61,1,P04_p4n255,4
173.0,0.5,173.0,0.5,692,2,61,1,P05_p5n255,4
173.0,0.5,173.0,0.5,692,2,70,1,P03_p3n268,4
173.0,0.5,173.0,0.5,692,2,70,1,P02_p2n268,4
173.0,0.5,173.0,0.5,692,2,74,1,P00_p0n279,4
173.0,0.5,173.0,0.5,692,2,74,1,P01_p1n279,4
173.5,0.5,173.5,0.5,694,2,54,1,P07_p7n235,4
173.5,0.5,173.5,0.5,694,2,54,1,P06_p6n235,4
173.5,0.5,173.5,0.5,694,2,61,1,P04_p4n256,4
173.5,0.5,173.5,0.5,694,2,61,1,P05_p5n256,4
173.5,0.5,173.5,0.5,694,2,70,1,P03_p3n269,4
173.5,0.5,173.5,0.5,694,2,70,1,P02_p2n269,4
173.5,0.5,173.5,0.5,694,2,73,1,P00_p0n280,4
173.5,0.5,173.5,0.5,694,2,73,1,P01_p1n280,4
174.0,0.5,174.0,0.5,696,2,59,1,P06_p6n236,4
174.0,0.5,174.0,0.5,696,2,59,1,P07_p7n236,4
174.0,0.5,174.0,0.5,696,2,62,1,P05_p5n257,4
174.0,0.5,174.0,0.5,696,2,62,1,P04_p4n257,4
174.0,0.5,174.0,0.5,696,2,66,1,P01_p1n281,4
174.0,0.5,174.0,0.5,696,2,66,1,P03_p3n270,4
174.0,0.5,174.0,0.5,696,2,71,1,P02_p2n270,4
174.0,0.5,174.0,0.5,696,2,71,1,P00_p0n281,4
174.5,0.5,174.5,0.5,698,2,59,1,P06_p6n237,4
174.5,0.5,174.5,0.5,698,2,59,1,P07_p7n237,4
174.5,0.5,174.5,0.5,698,2,62,1,P05_p5n258,4
174.5,0.5,174.5,0.5,698,2,62,1,P04_p4n258,4
174.5,0.5,174.5,0.5,698,2,66,1,P03_p3n271,4
174.5,0.5,174.5,0.5,698,2,71,1,P02_p2n271,4
174.5,0.5,174.5,0.5,698,2,73,1,P00_p0n282,4
174.5,0.5,174.5,0.5,698,2,73,1,P01_p1n282,4
175.0,0.5,175.0,0.5,700,2,54,1,P07_p7n238,4
175.0,0.5,175.0,0.5,700,2,54,1,P06_p6n238,4
175.0,0.5,175.0,0.5,700,2,61,1,P04_p4n259,4
175.0,0.5,175.0,0.5,700,2,61,1,P05_p5n259,4
175.0,0.5,175.0,0.5,700,2,66,1,P03_p3n272,4
175.0,0.5,175.0,0.5,700,2,70,1,P02_p2n272,4
175.0,0.5,175.0,0.5,700,2,74,1,P00_p0n283,4
175.0,0.5,175.0,0.5,700,2,74,1,P01_p1n283,4
175.5,0.5,175.5,0.5,702,2,54,1,P07_p7n239,4
175.5,0.5,175.5,0.5,702,2,54,1,P06_p6n239,4
175.5,0.5,175.5,0.5,702,2,61,1,P04_p4n260,4
175.5,0.5,175.5,0.5,702,2,61,1,P05_p5n260,4
175.5,0.5,175.5,0.5,702,2,66,1,P03_p3n273,4
175.5,0.5,175.5,0.5,702,2,70,1,P02_p2n273,4
175.5,0.5,175.5,0.5,702,2,73,1,P00_p0n284,4
175.5,0.5,175.5,0.5,702,2,73,1,P01_p1n284,4
176.0,1.0,176.0,1.0,704,4,47,1,P07_p7n240,4
176.0,1.0,176.0,1.0,704,4,47,1,P06_p6n240,4
176.0,1.0,176.0,1.0,704,4,62,1,P05_p5n261,4
176.0,1.0,176.0,1.0,704,4,62,1,P04_p4n261,4
176.0,1.0,176.0,1.0,704,4,66,1,P03_p3n274,4
176.0,1.0,176.0,1.0,704,4,71,1,P01_p1n285,4
176.0,1.0,176.0,1.0,704,4,71,1,P00_p0n285,4
176.0,1.0,176.0,1.0,704,4,71,1,P02_p2n274,4
177.0,1.0,177.0,1.0,708,4,49,1,P07_p7n241,4
177.0,1.0,177.0,1.0,708,4,49,1,P06_p6n241,4
177.0,1.0,177.0,1.0,708,4,58,1,P04_p4n262,4
177.0,1.0,177.0,1.0,708,4,58,1,P05_p5n262,4
177.0,1.0,177.0,1.0,708,4,66,1,P01_p1n286,4
177.0,1.0,177.0,1.0,708,4,66,1,P03_p3n275,4
177.0,1.0,177.0,1.0,708,4,66,1,P00_p0n286,4
177.0,1.0,177.0,1.0,708,4,66,1,P02_p2n275,4
178.0,0.5,178.0,0.5,712,2,50,1,P06_p6n242,4
178.0,0.5,178.0,0.5,712,2,50,1,P07_p7n242,4
178.0,0.5,178.0,0.5,712,2,59,1,P05_p5n263,4
178.0,0.5,178.0,0.5,712,2,59,1,P04_p4n263,4
178.0,0.5,178.0,0.5,712,2,63,1,P03_p3n276,4
178.0,0.5,178.0,0.5,712,2,66,1,P02_p2n276,4
178.0,0.5,178.0,0.5,712,2,74,1,P00_p0n287,4
178.0,0.5,178.0,0.5,712,2,74,1,P01_p1n287,4
178.5,0.5,178.5,0.5,714,2,50,1,P06_p6n243,4
178.5,0.5,178.5,0.5,714,2,50,1,P07_p7n243,4
178.5,0.5,178.5,0.5,714,2,59,1,P05_p5n264,4
178.5,0.5,178.5,0.5,714,2,59,1,P04_p4n264,4
178.5,0.5,178.5,0.5,714,2,63,1,P03_p3n277,4
178.5,0.5,178.5,0.5,714,2,66,1,P02_p2n277,4
178.5,0.5,178.5,0.5,714,2,73,1,P00_p0n288,4
178.5,0.5,178.5,0.5,714,2,73,1,P01_p1n288,4
179.0,1.0,179.0,1.0,716,4,52,1,P06_p6n244,4
179.0,1.0,179.0,1.0,716,4,52,1,P07_p7n244,4
179.0,1.0,179.0,1.0,716,4,59,1,P05_p5n265,4
179.0,1.0,179.0,1.0,716,4,59,1,P04_p4n265,4
179.0,1.0,179.0,1.0,716,4,63,1,P03_p3n278,4
179.0,1.0,179.0,1.0,716,4,66,1,P02_p2n278,4
179.0,1.0,179.0,1.0,716,4,71,1,P01_p1n289,4
179.0,1.0,179.0,1.0,716,4,71,1,P00_p0n289,4
180.0,1.0,180.0,1.0,720,4,54,1,P07_p7n245,4
180.0,1.0,180.0,1.0,720,4,54,1,P06_p6n245,4
180.0,1.0,180.0,1.0,720,4,58,1,P04_p4n266,4
180.0,1.0,180.0,1.0,720,4,58,1,P05_p5n266,4
180.0,1.0,180.0,1.0,720,4,61,1,P02_p2n279,4
180.0,1.0,180.0,1.0,720,4,61,1,P03_p3n279,4
180.0,1.0,180.0,1.0,720,4,66,1,P01_p1n290,4
180.0,1.0,180.0,1.0,720,4,66,1,P00_p0n290,4
181.0,0.5,181.0,0.5,724,2,54,1,P07_p7n246,4
181.0,0.5,181.0,0.5,724,2,54,1,P06_p6n246,4
181.0,0.5,181.0,0.5,724,2,58,1,P04_p4n267,4
181.0,0.5,181.0,0.5,724,2,58,1,P05_p5n267,4
181.0,0.5,181.0,0.5,724,2,61,1,P02_p2n280,4
181.0,0.5,181.0,0.5,724,2,61,1,P03_p3n280,4
181.0,0.5,181.0,0.5,724,2,66,1,P01_p1n291,4
181.0,0.5,181.0,0.5,724,2,66,1,P00_p0n291,4
181.5,0.5,181.5,0.5,726,2,54,1,P07_p7n247,4
181.5,0.5,181.5,0.5,726,2,54,1,P06_p6n247,4
181.5,0.5,181.5,0.5,726,2,58,1,P04_p4n268,4
181.5,0.5,181.5,0.5,726,2,58,1,P05_p5n268,4
181.5,0.5,181.5,0.5,726,2,61,1,P02_p2n281,4
181.5,0.5,181.5,0.5,726,2,61,1,P03_p3n281,4
181.5,0.5,181.5,0.5,726,2,66,1,P01_p1n292,4
181.5,0.5,181.5,0.5,726,2,66,1,P00_p0n292,4
182.0,0.5,182.0,0.5,728,2,47,1,P07_p7n248,4
182.0,0.5,182.0,0.5,728,2,47,1,P06_p6n248,4
182.0,0.5,182.0,0.5,728,2,62,1,P04_p4n269,4
182.0,0.5,182.0,0.5,728,2,62,1,P05_p5n269,4
182.0,0.5,182.0,0.5,728,2,66,1,P03_p3n282,4
182.0,0.5,182.0,0.5,728,2,71,1,P01_p1n293,4
182.0,0.5,182.0,0.5,728,2,71,1,P02_p2n282,4
182.0,0.5,182.0,0.5,728,2,71,1,P00_p0n293,4
182.5,0.5,182.5,0.5,730,2,47,1,P07_p7n249,4
182.5,0.5,182.5,0.5,730,2,47,1,P06_p6n249,4
182.5,0.5,182.5,0.5,730,2,62,1,P04_p4n270,4
182.5,0.5,182.5,0.5,730,2,62,1,P05_p5n270,4
182.5,0.5,182.5,0.5,730,2,66,1,P03_p3n283,4
182.5,0.5,182.5,0.5,730,2,71,1,P02_p2n283,4
182.5,0.5,182.5,0.5,730,2,73,1,P00_p0n294,4
182.5,0.5,182.5,0.5,730,2,73,1,P01_p1n294,4
183.0,0.5,183.0,0.5,732,2,50,1,P07_p7n250,4
183.0,0.5,183.0,0.5,732,2,50,1,P06_p6n250,4
183.0,0.5,183.0,0.5,732,2,62,1,P04_p4n271,4
183.0,0.5,183.0,0.5,732,2,62,1,P05_p5n271,4
183.0,0.5,183.0,0.5,732,2,67,1,P03_p3n284,4
183.0,0.5,183.0,0.5,732,2,71,1,P02_p2n284,4
183.0,0.5,183.0,0.5,732,2,74,1,P00_p0n295,4
183.0,0.5,183.0,0.5,732,2,74,1,P01_p1n295,4
183.5,0.5,183.5,0.5,734,2,50,1,P07_p7n251,4
183.5,0.5,183.5,0.5,734,2,50,1,P06_p6n251,4
183.5,0.5,183.5,0.5,734,2,62,1,P04_p4n272,4
183.5,0.5,183.5,0.5,734,2,62,1,P05_p5n272,4
183.5,0.5,183.5,0.5,734,2,67,1,P03_p3n285,4
183.5,0.5,183.5,0.5,734,2,71,1,P02_p2n285,4
183.5,0.5,183.5,0.5,734,2,76,1,P00_p0n296,4
183.5,0.5,183.5,0.5,734,2,76,1,P01_p1n296,4
184.0,1.0,184.0,1.0,736,4,54,1,P07_p7n252,4
184.0,1.0,184.0,1.0,736,4,54,1,P06_p6n252,4
184.0,1.0,184.0,1.0,736,4,59,1,P05_p5n273,4
184.0,1.0,184.0,1.0,736,4,59,1,P04_p4n273,4
184.0,1.0,184.0,1.0,736,4,62,1,P03_p3n286,4
184.0,1.0,184.0,1.0,736,4,71,1,P02_p2n286,4
184.0,1.0,184.0,1.0,736,4,74,1,P00_p0n297,4
184.0,1.0,184.0,1.0,736,4,74,1,P01_p1n297,4
185.0,1.0,185.0,1.0,740,4,53,1,P07_p7n253,4
185.0,1.0,185.0,1.0,740,4,53,1,P06_p6n253,4
185.0,1.0,185.0,1.0,740,4,61,1,P04_p4n274,4
185.0,1.0,185.0,1.0,740,4,61,1,P05_p5n274,4
185.0,1.0,185.0,1.0,740,4,68,1,P02_p2n287,4
185.0,1.0,185.0,1.0,740,4,68,1,P03_p3n287,4
185.0,1.0,185.0,1.0,740,4,73,1,P00_p0n298,4
185.0,1.0,185.0,1.0,740,4,73,1,P01_p1n298,4
186.0,0.5,186.0,0.5,744,2,54,1,P07_p7n254,4
186.0,0.5,186.0,0.5,744,2,54,1,P06_p6n254,4
186.0,0.5,186.0,0.5,744,2,58,1,P04_p4n275,4
186.0,0.5,186.0,0.5,744,2,58,1,P05_p5n275,4
186.0,0.5,186.0,0.5,744,2,64,1,P03_p3n288,4
186.0,0.5,186.0,0.5,744,2,64,1,P02_p2n288,4
186.0,0.5,186.0,0.5,744,2,70,1,P00_p0n299,4
186.0,0.5,186.0,0.5,744,2,70,1,P01_p1n299,4
186.5,0.5,186.5,0.5,746,2,54,1,P07_p7n255,4
186.5,0.5,186.5,0.5,746,2,54,1,P06_p6n255,4
186.5,0.5,186.5,0.5,746,2,64,1,P05_p5n276,4
186.5,0.5,186.5,0.5,746,2,64,1,P04_p4n276,4
186.5,0.5,186.5,0.5,746,2,66,1,P02_p2n289,4
186.5,0.5,186.5,0.5,746,2,66,1,P03_p3n289,4
186.5,0.5,186.5,0.5,746,2,71,1,P01_p1n300,4
186.5,0.5,186.5,0.5,746,2,71,1,P00_p0n300,4
187.0,0.5,187.0,0.5,748,2,58,1,P07_p7n256,4
187.0,0.5,187.0,0.5,748,2,58,1,P06_p6n256,4
187.0,0.5,187.0,0.5,748,2,66,1,P04_p4n277,4
187.0,0.5,187.0,0.5,748,2,66,1,P05_p5n277,4
187.0,0.5,187.0,0.5,748,2,70,1,P03_p3n290,4
187.0,0.5,187.0,0.5,748,2,70,1,P02_p2n290,4
187.0,0.5,187.0,0.5,748,2,73,1,P00_p0n301,4
187.0,0.5,187.0,0.5,748,2,73,1,P01_p1n301,4
187.5,0.5,187.5,0.5,750,2,58,1,P07_p7n257,4
187.5,0.5,187.5,0.5,750,2,58,1,P06_p6n257,4
187.5,0.5,187.5,0.5,750,2,61,1,P04_p4n278,4
187.5,0.5,187.5,0.5,750,2,61,1,P05_p5n278,4
187.5,0.5,187.5,0.5,750,2,66,1,P02_p2n291,4
187.5,0.5,187.5,0.5,750,2,66,1,P03_p3n291,4
187.5,0.5,187.5,0.5,750,2,70,1,P00_p0n302,4
187.5,0.5,187.5,0.5,750,2,70,1,P01_p1n302,4
188.0,1.0,188.0,1.0,752,4,59,1,P06_p6n258,4
188.0,1.0,188.0,1.0,752,4,59,1,P07_p7n258,4
188.0,1.0,188.0,1.0,752,4,62,1,P04_p4n279,4
188.0,1.0,188.0,1.0,752,4,62,1,P05_p5n279,4
188.0,1.0,188.0,1.0,752,4,66,1,P03_p3n292,4
188.0,1.0,188.0,1.0,752,4,66,1,P02_p2n292,4
188.0,1.0,188.0,1.0,752,4,71,1,P01_p1n303,4
188.0,1.0,188.0,1.0,752,4,71,1,P00_p0n303,4
189.0,1.0,189.0,1.0,756,4,47,1,P06_p6n259,4
189.0,1.0,189.0,1.0,756,4,47,1,P07_p7n259,4
189.0,1.0,189.0,1.0,756,4,62,1,P05_p5n280,4
189.0,1.0,189.0,1.0,756,4,62,1,P04_p4n280,4
189.0,1.0,189.0,1.0,756,4,66,1,P03_p3n293,4
189.0,1.0,189.0,1.0,756,4,66,1,P02_p2n293,4
189.0,1.0,189.0,1.0,756,4,71,1,P01_p1n304,4
189.0,1.0,189.0,1.0,756,4,71,1,P00_p0n304,4
190.0,1.0,190.0,1.0,760,4,52,1,P06_p6n260,4
190.0,1.0,190.0,1.0,760,4,52,1,P07_p7n260,4
190.0,0.25,190.0,0.25,760,1,62,1,P05_p5n281,4
190.0,0.25,190.0,0.25,760,1,62,1,P04_p4n281,4
190.0,1.0,190.0,1.0,760,4,67,1,P03_p3n294,4
190.0,1.0,190.0,1.0,760,4,67,1,P02_p2n294,4
190.0,1.0,190.0,1.0,760,4,71,1,P01_p1n305,4
190.0,1.0,190.0,1.0,760,4,76,1,P00_p0n305,4
190.25,0.25,190.25,0.25,761,1,61,1,P04_p4n282,4
190.25,0.25,190.25,0.25,761,1,61,1,P05_p5n282,4
190.5,0.25,190.5,0.25,762,1,59,1,P05_p5n283,4
190.5,0.25,190.5,0.25,762,1,59,1,P04_p4n283,4
191.0,1.0,191.0,1.0,764,4,54,1,P06_p6n261,4
191.0,1.0,191.0,1.0,764,4,54,1,P07_p7n261,4
191.0,0.25,191.0,0.25,764,1,59,1,P05_p5n285,4
191.0,0.25,191.0,0.25,764,1,59,1,P04_p4n285,4
191.0,1.0,191.0,1.0,764,4,67,1,P03_p3n295,4
191.0,1.0,191.0,1.0,764,4,67,1,P02_p2n295,4
191.0,1.0,191.0,1.0,764,4,71,1,P01_p1n306,4
191.0,1.0,191.0,1.0,764,4,74,1,P00_p0n306,4
191.25,0.25,191.25,0.25,765,1,61,1,P04_p4n286,4
191.25,0.25,191.25,0.25,765,1,61,1,P05_p5n286,4
191.5,0.25,191.5,0.25,766,1,62,1,P04_p4n287,4
191.5,0.25,191.5,0.25,766,1,62,1,P05_p5n287,4
192.0,1.0,192.0,1.0,768,4,55,1,P06_p6n262,4
192.0,1.0,192.0,1.0,768,4,55,1,P07_p7n262,4
192.0,0.25,192.0,0.25,768,1,62,1,P04_p4n289,4
192.0,0.25,192.0,0.25,768,1,62,1,P05_p5n289,4
192.0,1.0,192.0,1.0,768,4,67,1,P03_p3n296,4
192.0,1.0,192.0,1.0,768,4,67,1,P02_p2n296,4
192.0,1.0,192.0,1.0,768,4,71,1,P01_p1n307,4
192.0,1.0,192.0,1.0,768,4,73,1,P00_p0n307,4
192.25,0.25,192.25,0.25,769,1,61,1,P04_p4n290,4
192.25,0.25,192.25,0.25,769,1,61,1,P05_p5n290,4
192.5,0.25,192.5,0.25,770,1,59,1,P05_p5n291,4
192.5,0.25,192.5,0.25,770,1,59,1,P04_p4n291,4
193.0,0.25,193.0,0.25,772,1,59,1,P05_p5n293,4
193.0,1.0,193.0,1.0,772,4,59,1,P07_p7n263,4
193.0,1.0,193.0,1.0,772,4,59,1,P06_p6n263,4
193.0,0.25,193.0,0.25,772,1,59,1,P04_p4n293,4
193.0,1.0,193.0,1.0,772,4,64,1,P03_p3n297,4
193.0,1.0,193.0,1.0,772,4,64,1,P02_p2n297,4
193.0,1.0,193.0,1.0,772,4,67,1,P01_p1n308,4
193.0,1.0,193.0,1.0,772,4,71,1,P00_p0n308,4
193.25,0.25,193.25,0.25,773,1,61,1,P04_p4n294,4
193.25,0.25,193.25,0.25,773,1,61,1,P05_p5n294,4
193.5,0.25,193.5,0.25,774,1,62,1,P04_p4n295,4
193.5,0.25,193.5,0.25,774,1,62,1,P05_p5n295,4
194.0,1.0,194.0,1.0,776,4,52,1,P06_p6n264,4
194.0,1.0,194.0,1.0,776,4,52,1,P07_p7n264,4
194.0,0.25,194.0,0.25,776,1,62,1,P04_p4n297,4
194.0,0.25,194.0,0.25,776,1,62,1,P05_p5n297,4
194.0,1.0,194.0,1.0,776,4,67,1,P03_p3n298,4
194.0,1.0,194.0,1.0,776,4,67,1,P02_p2n298,4
194.0,1.0,194.0,1.0,776,4,71,1,P01_p1n309,4
194.0,1.0,194.0,1.0,776,4,76,1,P00_p0n309,4
194.25,0.25,194.25,0.25,777,1,61,1,P05_p5n298,4
194.25,0.25,194.25,0.25,777,1,61,1,P04_p4n298,4
194.5,0.25,194.5,0.25,778,1,59,1,P05_p5n299,4
194.5,0.25,194.5,0.25,778,1,59,1,P04_p4n299,4
195.0,1.0,195.0,1.0,780,4,54,1,P06_p6n265,4
195.0,1.0,195.0,1.0,780,4,54,1,P07_p7n265,4
195.0,0.25,195.0,0.25,780,1,59,1,P05_p5n301,4
195.0,0.25,195.0,0.25,780,1,59,1,P04_p4n301,4
195.0,1.0,195.0,1.0,780,4,67,1,P03_p3n299,4
195.0,1.0,195.0,1.0,780,4,67,1,P02_p2n299,4
195.0,1.0,195.0,1.0,780,4,71,1,P01_p1n310,4
195.0,1.0,195.0,1.0,780,4,74,1,P00_p0n310,4
195.25,0.25,195.25,0.25,781,1,61,1,P04_p4n302,4
195.25,0.25,195.25,0.25,781,1,61,1,P05_p5n302,4
195.5,0.25,195.5,0.25,782,1,62,1,P04_p4n303,4
195.5,0.25,195.5,0.25,782,1,62,1,P05_p5n303,4
196.0,1.0,196.0,1.0,784,4,55,1,P06_p6n266,4
196.0,1.0,196.0,1.0,784,4,55,1,P07_p7n266,4
196.0,0.25,196.0,0.25,784,1,62,1,P04_p4n305,4
196.0,0.25,196.0,0.25,784,1,62,1,P05_p5n305,4
196.0,1.0,196.0,1.0,784,4,67,1,P03_p3n300,4
196.0,1.0,196.0,1.0,784,4,67,1,P02_p2n300,4
196.0,1.0,196.0,1.0,784,4,71,1,P01_p1n311,4
196.0,1.0,196.0,1.0,784,4,73,1,P00_p0n311,4
196.25,0.25,196.25,0.25,785,1,61,1,P04_p4n306,4
196.25,0.25,196.25,0.25,785,1,61,1,P05_p5n306,4
196.5,0.25,196.5,0.25,786,1,59,1,P05_p5n307,4
196.5,0.25,196.5,0.25,786,1,59,1,P04_p4n307,4
197.0,1.0,197.0,1.0,788,4,59,1,P06_p6n267,4
197.0,0.25,197.0,0.25,788,1,59,1,P05_p5n309,4
197.0,1.0,197.0,1.0,788,4,59,1,P07_p7n267,4
197.0,0.25,197.0,0.25,788,1,59,1,P04_p4n309,4
197.0,1.0,197.0,1.0,788,4,64,1,P03_p3n301,4
197.0,1.0,197.0,1.0,788,4,64,1,P02_p2n301,4
197.0,1.0,197.0,1.0,788,4,67,1,P01_p1n312,4
197.0,1.0,197.0,1.0,788,4,71,1,P00_p0n312,4
197.25,0.25,197.25,0.25,789,1,61,1,P04_p4n310,4
197.25,0.25,197.25,0.25,789,1,61,1,P05_p5n310,4
197.5,0.25,197.5,0.25,790,1,62,1,P04_p4n311,4
197.5,0.25,197.5,0.25,790,1,62,1,P05_p5n311,4
198.0,1.0,198.0,1.0,792,4,54,1,P07_p7n268,4
198.0,1.0,198.0,1.0,792,4,54,1,P06_p6n268,4
198.0,1.0,198.0,1.0,792,4,66,1,P03_p3n302,4
198.0,1.0,198.0,1.0,792,4,66,1,P02_p2n302,4
198.0,4.0,198.0,4.0,792,16,66,1,P05_p5n313,4
198.0,4.0,198.0,4.0,792,16,66,1,P04_p4n313,4
198.0,1.0,198.0,1.0,792,4,70,1,P01_p1n313,4
198.0,1.0,198.0,1.0,792,4,73,1,P00_p0n313,4
199.0,0.5,199.0,0.5,796,2,54,1,P07_p7n269,4
199.0,0.5,199.0,0.5,796,2,54,1,P06_p6n269,4
199.0,0.5,199.0,0.5,796,2,66,1,P03_p3n303,4
199.0,0.5,199.0,0.5,796,2,66,1,P02_p2n303,4
199.0,0.5,199.0,0.5,796,2,70,1,P01_p1n314,4
199.0,0.5,199.0,0.5,796,2,73,1,P00_p0n314,4
199.5,0.5,199.5,0.5,798,2,54,1,P07_p7n270,4
199.5,0.5,199.5,0.5,798,2,54,1,P06_p6n270,4
199.5,0.5,199.5,0.5,798,2,66,1,P02_p2n304,4
199.5,0.5,199.5,0.5,798,2,66,1,P03_p3n304,4
199.5,0.5,199.5,0.5,798,2,70,1,P01_p1n315,4
199.5,0.5,199.5,0.5,798,2,73,1,P00_p0n315,4
200.0,0.5,200.0,0.5,800,2,54,1,P06_p6n271,4
200.0,0.5,200.0,0.5,800,2,54,1,P07_p7n271,4
200.0,0.5,200.0,0.5,800,2,66,1,P02_p2n305,4
200.0,0.5,200.0,0.5,800,2,66,1,P03_p3n305,4
200.0,0.5,200.0,0.5,800,2,70,1,P01_p1n316,4
200.0,0.5,200.0,0.5,800,2,73,1,P00_p0n316,4
200.5,0.5,200.5,0.5,802,2,54,1,P07_p7n272,4
200.5,0.5,200.5,0.5,802,2,54,1,P06_p6n272,4
200.5,0.5,200.5,0.5,802,2,66,1,P02_p2n306,4
200.5,0.5,200.5,0.5,802,2,66,1,P03_p3n306,4
200.5,0.5,200.5,0.5,802,2,70,1,P01_p1n317,4
200.5,0.5,200.5,0.5,802,2,73,1,P00_p0n317,4
201.0,0.5,201.0,0.5,804,2,54,1,P06_p6n273,4
201.0,0.5,201.0,0.5,804,2,54,1,P07_p7n273,4
201.0,0.5,201.0,0.5,804,2,66,1,P02_p2n307,4
201.0,0.5,201.0,0.5,804,2,66,1,P03_p3n307,4
201.0,0.5,201.0,0.5,804,2,70,1,P01_p1n318,4
201.0,0.5,201.0,0.5,804,2,73,1,P00_p0n318,4
201.5,0.5,201.5,0.5,806,2,54,1,P06_p6n274,4
201.5,0.5,201.5,0.5,806,2,54,1,P07_p7n274,4
201.5,0.5,201.5,0.5,806,2,66,1,P02_p2n308,4
201.5,0.5,201.5,0.5,806,2,66,1,P03_p3n308,4
201.5,0.5,201.5,0.5,806,2,70,1,P01_p1n319,4
201.5,0.5,201.5,0.5,806,2,73,1,P00_p0n319,4
202.0,0.5,202.0,0.5,808,2,59,1,P05_p5n315,4
202.0,2.0,202.0,2.0,808,8,59,1,P07_p7n275,4
202.0,2.0,202.0,2.0,808,8,59,1,P06_p6n275,4
202.0,0.5,202.0,0.5,808,2,59,1,P04_p4n315,4
202.0,2.0,202.0,2.0,808,8,66,1,P03_p3n309,4
202.0,2.0,202.0,2.0,808,8,71,1,P02_p2n309,4
202.0,2.0,202.0,2.0,808,8,74,1,P00_p0n320,4
202.0,2.0,202.0,2.0,808,8,74,1,P01_p1n320,4
202.5,0.5,202.5,0.5,810,2,59,1,P05_p5n316,4
202.5,0.5,202.5,0.5,810,2,59,1,P04_p4n316,4
203.0,0.5,203.0,0.5,812,2,59,1,P05_p5n317,4
203.0,0.5,203.0,0.5,812,2,59,1,P04_p4n317,4
203.5,0.5,203.5,0.5,814,2,54,1,P04_p4n318,4
203.5,0.5,203.5,0.5,814,2,54,1,P05_p5n318,4
204.0,2.0,204.0,2.0,816,8,57,1,P06_p6n276,4
204.0,2.0,204.0,2.0,816,8,57,1,P07_p7n276,4
204.0,0.5,204.0,0.5,816,2,59,1,P05_p5n319,4
204.0,0.5,204.0,0.5,816,2,59,1,P04_p4n319,4
204.0,2.0,204.0,2.0,816,8,66,1,P03_p3n310,4
204.0,2.0,204.0,2.0,816,8,71,1,P02_p2n310,4
204.0,2.0,204.0,2.0,816,8,74,1,P00_p0n321,4
204.0,2.0,204.0,2.0,816,8,74,1,P01_p1n321,4
204.5,0.5,204.5,0.5,818,2,59,1,P04_p4n320,4
204.5,0.5,204.5,0.5,818,2,59,1,P05_p5n320,4
205.0,0.5,205.0,0.5,820,2,59,1,P04_p4n321,4
205.0,0.5,205.0,0.5,820,2,59,1,P05_p5n321,4
205.5,0.5,205.5,0.5,822,2,54,1,P04_p4n322,4
205.5,0.5,205.5,0.5,822,2,54,1,P05_p5n322,4
206.0,2.0,206.0,2.0,824,8,55,1,P06_p6n277,4
206.0,2.0,206.0,2.0,824,8,55,1,P07_p7n277,4
206.0,0.5,206.0,0.5,824,2,59,1,P04_p4n323,4
206.0,0.5,206.0,0.5,824,2,59,1,P05_p5n323,4
206.0,2.0,206.0,2.0,824,8,66,1,P03_p3n311,4
206.0,2.0,206.0,2.0,824,8,71,1,P02_p2n311,4
206.0,2.0,206.0,2.0,824,8,74,1,P00_p0n322,4
206.0,2.0,206.0,2.0,824,8,74,1,P01_p1n322,4
206.5,0.5,206.5,0.5,826,2,59,1,P04_p4n324,4
206.5,0.5,206.5,0.5,826,2,59,1,P05_p5n324,4
207.0,0.5,207.0,0.5,828,2,59,1,P05_p5n325,4
207.0,0.5,207.0,0.5,828,2,59,1,P04_p4n325,4
207.5,0.5,207.5,0.5,830,2,54,1,P05_p5n326,4
207.5,0.5,207.5,0.5,830,2,54,1,P04_p4n326,4
208.0,2.0,208.0,2.0,832,8,54,1,P06_p6n278,4
208.0,2.0,208.0,2.0,832,8,54,1,P07_p7n278,4
208.0,0.5,208.0,0.5,832,2,59,1,P05_p5n327,4
208.0,0.5,208.0,0.5,832,2,59,1,P04_p4n327,4
208.0,2.0,208.0,2.0,832,8,66,1,P03_p3n312,4
208.0,2.0,208.0,2.0,832,8,71,1,P02_p2n312,4
208.0,2.0,208.0,2.0,832,8,74,1,P00_p0n323,4
208.0,2.0,208.0,2.0,832,8,74,1,P01_p1n323,4
208.5,0.5,208.5,0.5,834,2,59,1,P05_p5n328,4
208.5,0.5,208.5,0.5,834,2,59,1,P04_p4n328,4
209.0,0.5,209.0,0.5,836,2,59,1,P05_p5n329,4
209.0,0.5,209.0,0.5,836,2,59,1,P04_p4n329,4
209.5,0.5,209.5,0.5,838,2,54,1,P05_p5n330,4
209.5,0.5,209.5,0.5,838,2,54,1,P04_p4n330,4
210.0,2.0,210.0,2.0,840,8,55,1,P06_p6n279,4
210.0,2.0,210.0,2.0,840,8,55,1,P07_p7n279,4
210.0,0.5,210.0,0.5,840,2,59,1,P05_p5n331,4
210.0,0.5,210.0,0.5,840,2,59,1,P04_p4n331,4
210.0,2.0,210.0,2.0,840,8,67,1,P03_p3n313,4
210.0,2.0,210.0,2.0,840,8,71,1,P02_p2n313,4
210.0,2.0,210.0,2.0,840,8,74,1,P00_p0n324,4
210.0,2.0,210.0,2.0,840,8,74,1,P01_p1n324,4
210.5,0.5,210.5,0.5,842,2,61,1,P04_p4n332,4
210.5,0.5,210.5,0.5,842,2,61,1,P05_p5n332,4
211.0,1.0,211.0,1.0,844,4,62,1,P04_p4n333,4
211.0,1.0,211.0,1.0,844,4,62,1,P05_p5n333,4
212.0,1.0,212.0,1.0,848,4,52,1,P06_p6n280,4
212.0,1.0,212.0,1.0,848,4,52,1,P07_p7n280,4
212.0,1.0,212.0,1.0,848,4,64,1,P03_p3n314,4
212.0,1.0,212.0,1.0,848,4,64,1,P05_p5n334,4
212.0,1.0,212.0,1.0,848,4,64,1,P04_p4n334,4
212.0,1.0,212.0,1.0,848,4,67,1,P02_p2n314,4
212.0,1.0,212.0,1.0,848,4,71,1,P01_p1n325,4
212.0,1.0,212.0,1.0,848,4,71,1,P00_p0n325,4
213.0,1.0,213.0,1.0,852,4,54,1,P06_p6n281,4
213.0,1.0,213.0,1.0,852,4,54,1,P07_p7n281,4
213.0,0.5,213.0,0.5,852,2,62,1,P04_p4n335,4
213.0,0.5,213.0,0.5,852,2,62,1,P05_p5n335,4
213.0,1.0,213.0,1.0,852,4,70,1,P03_p3n315,4
213.0,1.0,213.0,1.0,852,4,70,1,P02_p2n315,4
213.0,1.0,213.0,1.0,852,4,73,1,P00_p0n326,4
213.0,1.0,213.0,1.0,852,4,73,1,P01_p1n326,4
213.5,0.5,213.5,0.5,854,2,61,1,P04_p4n336,4
213.5,0.5,213.5,0.5,854,2,61,1,P05_p5n336,4
214.0,0.5,214.0,0.5,856,2,59,1,P05_p5n337,4
214.0,0.5,214.0,0.5,856,2,59,1,P06_p6n282,4
214.0,0.5,214.0,0.5,856,2,59,1,P07_p7n282,4
214.0,0.5,214.0,0.5,856,2,59,1,P04_p4n337,4
214.0,0.5,214.0,0.5,856,2,66,1,P03_p3n316,4
214.0,0.5,214.0,0.5,856,2,71,1,P02_p2n316,4
214.0,0.5,214.0,0.5,856,2,74,1,P00_p0n327,4
214.0,0.5,214.0,0.5,856,2,74,1,P01_p1n327,4
214.5,0.5,214.5,0.5,858,2,59,1,P06_p6n283,4
214.5,0.5,214.5,0.5,858,2,59,1,P07_p7n283,4
214.5,0.5,214.5,0.5,858,2,61,1,P04_p4n338,4
214.5,0.5,214.5,0.5,858,2,61,1,P05_p5n338,4
214.5,0.5,214.5,0.5,858,2,66,1,P03_p3n317,4
214.5,0.5,214.5,0.5,858,2,71,1,P02_p2n317,4
214.5,0.5,214.5,0.5,858,2,74,1,P00_p0n328,4
214.5,0.5,214.5,0.5,858,2,74,1,P01_p1n328,4
215.0,0.5,215.0,0.5,860,2,54,1,P06_p6n284,4
215.0,0.5,215.0,0.5,860,2,54,1,P07_p7n284,4
215.0,0.5,215.0,0.5,860,2,62,1,P04_p4n339,4
215.0,0.5,215.0,0.5,860,2,62,1,P05_p5n339,4
215.0,0.5,215.0,0.5,860,2,66,1,P03_p3n318,4
215.0,0.5,215.0,0.5,860,2,70,1,P02_p2n318,4
215.0,0.5,215.0,0.5,860,2,73,1,P00_p0n329,4
215.0,0.5,215.0,0.5,860,2,73,1,P01_p1n329,4
215.5,0.5,215.5,0.5,862,2,54,1,P06_p6n285,4
215.5,0.5,215.5,0.5,862,2,54,1,P07_p7n285,4
215.5,0.5,215.5,0.5,862,2,61,1,P04_p4n340,4
215.5,0.5,215.5,0.5,862,2,61,1,P05_p5n340,4
215.5,0.5,215.5,0.5,862,2,66,1,P03_p3n319,4
215.5,0.5,215.5,0.5,862,2,70,1,P02_p2n319,4
215.5,0.5,215.5,0.5,862,2,73,1,P00_p0n330,4
215.5,0.5,215.5,0.5,862,2,73,1,P01_p1n330,4
216.0,1.0,216.0,1.0,864,4,47,1,P06_p6n286,4
216.0,1.0,216.0,1.0,864,4,47,1,P07_p7n286,4
216.0,1.0,216.0,1.0,864,4,59,1,P05_p5n341,4
216.0,1.0,216.0,1.0,864,4,59,1,P04_p4n341,4
216.0,1.0,216.0,1.0,864,4,66,1,P03_p3n320,4
216.0,1.0,216.0,1.0,864,4,71,1,P02_p2n320,4
216.0,1.0,216.0,1.0,864,4,74,1,P00_p0n331,4
216.0,1.0,216.0,1.0,864,4,74,1,P01_p1n331,4
217.0,1.0,217.0,1.0,868,4,49,1,P06_p6n287,4
217.0,1.0,217.0,1.0,868,4,49,1,P07_p7n287,4
217.0,0.5,217.0,0.5,868,2,58,1,P04_p4n342,4
217.0,0.5,217.0,0.5,868,2,58,1,P05_p5n342,4
217.0,1.0,217.0,1.0,868,4,66,1,P03_p3n321,4
217.0,1.0,217.0,1.0,868,4,66,1,P02_p2n321,4
217.0,1.0,217.0,1.0,868,4,70,1,P00_p0n332,4
217.0,1.0,217.0,1.0,868,4,70,1,P01_p1n332,4
217.5,0.5,217.5,0.5,870,2,54,1,P05_p5n343,4
217.5,0.5,217.5,0.5,870,2,54,1,P04_p4n343,4
218.0,1.0,218.0,1.0,872,4,50,1,P07_p7n288,4
218.0,1.0,218.0,1.0,872,4,50,1,P06_p6n288,4
218.0,0.5,218.0,0.5,872,2,62,1,P04_p4n344,4
218.0,0.5,218.0,0.5,872,2,62,1,P05_p5n344,4
218.0,1.0,218.0,1.0,872,4,62,1,P03_p3n322,4
218.0,1.0,218.0,1.0,872,4,66,1,P02_p2n322,4
218.0,1.0,218.0,1.0,872,4,71,1,P01_p1n333,4
218.0,1.0,218.0,1.0,872,4,71,1,P00_p0n333,4
218.5,0.5,218.5,0.5,874,2,61,1,P04_p4n345,4
218.5,0.5,218.5,0.5,874,2,61,1,P05_p5n345,4
219.0,1.0,219.0,1.0,876,4,52,1,P06_p6n289,4
219.0,1.0,219.0,1.0,876,4,52,1,P07_p7n289,4
219.0,1.0,219.0,1.0,876,4,59,1,P05_p5n346,4
219.0,1.0,219.0,1.0,876,4,59,1,P04_p4n346,4
219.0,1.0,219.0,1.0,876,4,62,1,P03_p3n323,4
219.0,1.0,219.0,1.0,876,4,66,1,P02_p2n323,4
219.0,1.0,219.0,1.0,876,4,71,1,P01_p1n334,4
219.0,1.0,219.0,1.0,876,4,71,1,P00_p0n334,4
220.0,1.0,220.0,1.0,880,4,54,1,P05_p5n347,4
220.0,2.0,220.0,2.0,880,8,54,1,P06_p6n290,4
220.0,1.0,220.0,1.0,880,4,54,1,P04_p4n347,4
220.0,2.0,220.0,2.0,880,8,54,1,P07_p7n290,4
220.0,2.0,220.0,2.0,880,8,61,1,P03_p3n324,4
220.0,2.0,220.0,2.0,880,8,66,1,P02_p2n324,4
220.0,2.0,220.0,2.0,880,8,70,1,P00_p0n335,4
220.0,2.0,220.0,2.0,880,8,70,1,P01_p1n335,4
221.0,0.5,221.0,0.5,884,2,54,1,P05_p5n348,4
221.0,0.5,221.0,0.5,884,2,54,1,P04_p4n348,4
221.5,0.5,221.5,0.5,886,2,54,1,P05_p5n349,4
221.5,0.5,221.5,0.5,886,2,54,1,P04_p4n349,4
222.0,2.0,222.0,2.0,888,8,59,1,P06_p6n291,4
222.0,2.0,222.0,2.0,888,8,59,1,P07_p7n291,4
222.0,0.5,222.0,0.5,888,2,62,1,P04_p4n350,4
222.0,0.5,222.0,0.5,888,2,62,1,P05_p5n350,4
222.0,0.5,222.0,0.5,888,2,66,1,P03_p3n325,4
222.0,0.5,222.0,0.5,888,2,66,1,P02_p2n325,4
222.0,0.5,222.0,0.5,888,2,71,1,P01_p1n336,4
222.0,0.5,222.0,0.5,888,2,71,1,P00_p0n336,4
222.5,0.5,222.5,0.5,890,2,62,1,P05_p5n351,4
222.5,0.5,222.5,0.5,890,2,62,1,P04_p4n351,4
222.5,0.5,222.5,0.5,890,2,66,1,P03_p3n326,4
222.5,0.5,222.5,0.5,890,2,66,1,P02_p2n326,4
222.5,0.5,222.5,0.5,890,2,71,1,P01_p1n337,4
222.5,0.5,222.5,0.5,890,2,71,1,P00_p0n337,4
223.0,0.5,223.0,0.5,892,2,62,1,P05_p5n352,4
223.0,0.5,223.0,0.5,892,2,62,1,P04_p4n352,4
223.0,0.5,223.0,0.5,892,2,66,1,P03_p3n327,4
223.0,0.5,223.0,0.5,892,2,66,1,P02_p2n327,4
223.0,0.5,223.0,0.5,892,2,71,1,P01_p1n338,4
223.0,0.5,223.0,0.5,892,2,71,1,P00_p0n338,4
223.5,0.5,223.5,0.5,894,2,62,1,P04_p4n353,4
223.5,0.5,223.5,0.5,894,2,62,1,P05_p5n353,4
223.5,0.5,223.5,0.5,894,2,66,1,P03_p3n328,4
223.5,0.5,223.5,0.5,894,2,66,1,P02_p2n328,4
223.5,0.5,223.5,0.5,894,2,66,1,P01_p1n339,4
223.5,0.5,223.5,0.5,894,2,66,1,P00_p0n339,4
224.0,2.0,224.0,2.0,896,8,57,1,P07_p7n292,4
224.0,2.0,224.0,2.0,896,8,57,1,P06_p6n292,4
224.0,0.5,224.0,0.5,896,2,62,1,P04_p4n354,4
224.0,0.5,224.0,0.5,896,2,62,1,P05_p5n354,4
224.0,0.5,224.0,0.5,896,2,66,1,P02_p2n329,4
224.0,0.5,224.0,0.5,896,2,66,1,P03_p3n329,4
224.0,0.5,224.0,0.5,896,2,71,1,P01_p1n340,4
224.0,0.5,224.0,0.5,896,2,71,1,P00_p0n340,4
224.5,0.5,224.5,0.5,898,2,62,1,P04_p4n355,4
224.5,0.5,224.5,0.5,898,2,62,1,P05_p5n355,4
224.5,0.5,224.5,0.5,898,2,66,1,P02_p2n330,4
224.5,0.5,224.5,0.5,898,2,66,1,P03_p3n330,4
224.5,0.5,224.5,0.5,898,2,71,1,P01_p1n341,4
224.5,0.5,224.5,0.5,898,2,71,1,P00_p0n341,4
225.0,0.5,225.0,0.5,900,2,62,1,P04_p4n356,4
225.0,0.5,225.0,0.5,900,2,62,1,P05_p5n356,4
225.0,0.5,225.0,0.5,900,2,66,1,P02_p2n331,4
225.0,0.5,225.0,0.5,900,2,66,1,P03_p3n331,4
225.0,0.5,225.0,0.5,900,2,71,1,P01_p1n342,4
225.0,0.5,225.0,0.5,900,2,71,1,P00_p0n342,4
225.5,0.5,225.5,0.5,902,2,62,1,P04_p4n357,4
225.5,0.5,225.5,0.5,902,2,62,1,P05_p5n357,4
225.5,0.5,225.5,0.5,902,2,66,1,P02_p2n332,4
225.5,0.5,225.5,0.5,902,2,66,1,P01_p1n343,4
225.5,0.5,225.5,0.5,902,2,66,1,P03_p3n332,4
225.5,0.5,225.5,0.5,902,2,66,1,P00_p0n343,4
226.0,2.0,226.0,2.0,904,8,55,1,P07_p7n293,4
226.0,2.0,226.0,2.0,904,8,55,1,P06_p6n293,4
226.0,0.5,226.0,0.5,904,2,62,1,P04_p4n358,4
226.0,0.5,226.0,0.5,904,2,62,1,P05_p5n358,4
226.0,0.5,226.0,0.5,904,2,67,1,P03_p3n333,4
226.0,0.5,226.0,0.5,904,2,67,1,P02_p2n333,4
226.0,0.5,226.0,0.5,904,2,71,1,P01_p1n344,4
226.0,0.5,226.0,0.5,904,2,71,1,P00_p0n344,4
226.5,0.5,226.5,0.5,906,2,62,1,P05_p5n359,4
226.5,0.5,226.5,0.5,906,2,62,1,P04_p4n359,4
226.5,0.5,226.5,0.5,906,2,67,1,P03_p3n334,4
226.5,0.5,226.5,0.5,906,2,71,1,P02_p2n334,4
226.5,0.5,226.5,0.5,906,2,73,1,P00_p0n345,4
226.5,0.5,226.5,0.5,906,2,73,1,P01_p1n345,4
227.0,1.0,227.0,1.0,908,4,62,1,P05_p5n360,4
227.0,1.0,227.0,1.0,908,4,62,1,P04_p4n360,4
227.0,1.0,227.0,1.0,908,4,67,1,P03_p3n335,4
227.0,1.0,227.0,1.0,908,4,71,1,P02_p2n335,4
227.0,1.0,227.0,1.0,908,4,74,1,P01_p1n346,4
227.0,1.0,227.0,1.0,908,4,74,1,P00_p0n346,4
228.0,1.0,228.0,1.0,912,4,52,1,P07_p7n294,4
228.0,1.0,228.0,1.0,912,4,52,1,P06_p6n294,4
228.0,1.0,228.0,1.0,912,4,59,1,P05_p5n361,4
228.0,1.0,228.0,1.0,912,4,59,1,P04_p4n361,4
228.0,1.0,228.0,1.0,912,4,67,1,P03_p3n336,4
228.0,1.0,228.0,1.0,912,4,71,1,P02_p2n336,4
228.0,1.0,228.0,1.0,912,4,76,1,P01_p1n347,4
228.0,1.0,228.0,1.0,912,4,76,1,P00_p0n347,4
229.0,0.5,229.0,0.5,916,2,54,1,P07_p7n295,4
229.0,0.5,229.0,0.5,916,2,54,1,P06_p6n295,4
229.0,0.5,229.0,0.5,916,2,61,1,P04_p4n362,4
229.0,0.5,229.0,0.5,916,2,61,1,P05_p5n362,4
229.0,0.5,229.0,0.5,916,2,70,1,P02_p2n337,4
229.0,0.5,229.0,0.5,916,2,70,1,P03_p3n337,4
229.0,0.5,229.0,0.5,916,2,74,1,P00_p0n348,4
229.0,0.5,229.0,0.5,916,2,74,1,P01_p1n348,4
229.5,0.5,229.5,0.5,918,2,54,1,P07_p7n296,4
229.5,0.5,229.5,0.5,918,2,54,1,P06_p6n296,4
229.5,0.5,229.5,0.5,918,2,61,1,P04_p4n363,4
229.5,0.5,229.5,0.5,918,2,61,1,P05_p5n363,4
229.5,0.5,229.5,0.5,918,2,70,1,P02_p2n338,4
229.5,0.5,229.5,0.5,918,2,70,1,P03_p3n338,4
229.5,0.5,229.5,0.5,918,2,73,1,P00_p0n349,4
229.5,0.5,229.5,0.5,918,2,73,1,P01_p1n349,4
230.0,0.5,230.0,0.5,920,2,59,1,P07_p7n297,4
230.0,0.5,230.0,0.5,920,2,59,1,P06_p6n297,4
230.0,0.5,230.0,0.5,920,2,62,1,P04_p4n364,4
230.0,0.5,230.0,0.5,920,2,62,1,P05_p5n364,4
230.0,0.5,230.0,0.5,920,2,66,1,P03_p3n339,4
230.0,0.5,230.0,0.5,920,2,71,1,P00_p0n350,4
230.0,0.5,230.0,0.5,920,2,71,1,P01_p1n350,4
230.0,0.5,230.0,0.5,920,2,71,1,P02_p2n339,4
230.5,0.5,230.5,0.5,922,2,59,1,P07_p7n298,4
230.5,0.5,230.5,0.5,922,2,59,1,P06_p6n298,4
230.5,0.5,230.5,0.5,922,2,62,1,P04_p4n365,4
230.5,0.5,230.5,0.5,922,2,62,1,P05_p5n365,4
230.5,0.5,230.5,0.5,922,2,66,1,P03_p3n340,4
230.5,0.5,230.5,0.5,922,2,71,1,P02_p2n340,4
230.5,0.5,230.5,0.5,922,2,73,1,P01_p1n351,4
230.5,0.5,230.5,0.5,922,2,73,1,P00_p0n351,4
231.0,0.5,231.0,0.5,924,2,54,1,P07_p7n299,4
231.0,0.5,231.0,0.5,924,2,54,1,P06_p6n299,4
231.0,0.5,231.0,0.5,924,2,61,1,P05_p5n366,4
231.0,0.5,231.0,0.5,924,2,61,1,P04_p4n366,4
231.0,0.5,231.0,0.5,924,2,66,1,P03_p3n341,4
231.0,0.5,231.0,0.5,924,2,70,1,P02_p2n341,4
231.0,0.5,231.0,0.5,924,2,74,1,P00_p0n352,4
231.0,0.5,231.0,0.5,924,2,74,1,P01_p1n352,4
231.5,0.5,231.5,0.5,926,2,54,1,P06_p6n300,4
231.5,0.5,231.5,0.5,926,2,54,1,P07_p7n300,4
231.5,0.5,231.5,0.5,926,2,61,1,P05_p5n367,4
231.5,0.5,231.5,0.5,926,2,61,1,P04_p4n367,4
231.5,0.5,231.5,0.5,926,2,66,1,P03_p3n342,4
231.5,0.5,231.5,0.5,926,2,70,1,P02_p2n342,4
231.5,0.5,231.5,0.5,926,2,73,1,P01_p1n353,4
231.5,0.5,231.5,0.5,926,2,73,1,P00_p0n353,4
232.0,1.0,232.0,1.0,928,4,47,1,P06_p6n301,4
232.0,1.0,232.0,1.0,928,4,47,1,P07_p7n301,4
232.0,1.0,232.0,1.0,928,4,62,1,P04_p4n368,4
232.0,1.0,232.0,1.0,928,4,62,1,P05_p5n368,4
232.0,1.0,232.0,1.0,928,4,66,1,P03_p3n343,4
232.0,1.0,232.0,1.0,928,4,71,1,P02_p2n343,4
232.0,1.0,232.0,1.0,928,4,71,1,P01_p1n354,4
232.0,1.0,232.0,1.0,928,4,71,1,P00_p0n354,4
233.0,1.0,233.0,1.0,932,4,49,1,P07_p7n302,4
233.0,1.0,233.0,1.0,932,4,49,1,P06_p6n302,4
233.0,1.0,233.0,1.0,932,4,58,1,P04_p4n369,4
233.0,1.0,233.0,1.0,932,4,58,1,P05_p5n369,4
233.0,1.0,233.0,1.0,932,4,66,1,P02_p2n344,4
233.0,1.0,233.0,1.0,932,4,66,1,P00_p0n355,4
233.0,1.0,233.0,1.0,932,4,66,1,P01_p1n355,4
233.0,1.0,233.0,1.0,932,4,66,1,P03_p3n344,4
234.0,0.5,234.0,0.5,936,2,50,1,P06_p6n303,4
234.0,0.5,234.0,0.5,936,2,50,1,P07_p7n303,4
234.0,0.5,234.0,0.5,936,2,59,1,P05_p5n370,4
234.0,0.5,234.0,0.5,936,2,59,1,P04_p4n370,4
234.0,0.5,234.0,0.5,936,2,62,1,P03_p3n345,4
234.0,0.5,234.0,0.5,936,2,66,1,P02_p2n345,4
234.0,0.5,234.0,0.5,936,2,74,1,P01_p1n356,4
234.0,0.5,234.0,0.5,936,2,74,1,P00_p0n356,4
234.5,0.5,234.5,0.5,938,2,50,1,P06_p6n304,4
234.5,0.5,234.5,0.5,938,2,50,1,P07_p7n304,4
234.5,0.5,234.5,0.5,938,2,59,1,P05_p5n371,4
234.5,0.5,234.5,0.5,938,2,59,1,P04_p4n371,4
234.5,0.5,234.5,0.5,938,2,62,1,P03_p3n346,4
234.5,0.5,234.5,0.5,938,2,66,1,P02_p2n346,4
234.5,0.5,234.5,0.5,938,2,73,1,P01_p1n357,4
234.5,0.5,234.5,0.5,938,2,73,1,P00_p0n357,4
235.0,1.0,235.0,1.0,940,4,52,1,P07_p7n305,4
235.0,1.0,235.0,1.0,940,4,52,1,P06_p6n305,4
235.0,1.0,235.0,1.0,940,4,59,1,P05_p5n372,4
235.0,1.0,235.0,1.0,940,4,59,1,P04_p4n372,4
235.0,1.0,235.0,1.0,940,4,62,1,P03_p3n347,4
235.0,1.0,235.0,1.0,940,4,66,1,P02_p2n347,4
235.0,1.0,235.0,1.0,940,4,71,1,P00_p0n358,4
235.0,1.0,235.0,1.0,940,4,71,1,P01_p1n358,4
236.0,1.0,236.0,1.0,944,4,54,1,P07_p7n306,4
236.0,1.0,236.0,1.0,944,4,54,1,P06_p6n306,4
236.0,1.0,236.0,1.0,944,4,58,1,P04_p4n373,4
236.0,1.0,236.0,1.0,944,4,58,1,P05_p5n373,4
236.0,1.0,236.0,1.0,944,4,61,1,P02_p2n348,4
236.0,1.0,236.0,1.0,944,4,61,1,P03_p3n348,4
236.0,1.0,236.0,1.0,944,4,66,1,P00_p0n359,4
236.0,1.0,236.0,1.0,944,4,66,1,P01_p1n359,4
237.0,0.5,237.0,0.5,948,2,54,1,P07_p7n307,4
237.0,0.5,237.0,0.5,948,2,54,1,P06_p6n307,4
237.0,0.5,237.0,0.5,948,2,58,1,P04_p4n374,4
237.0,0.5,237.0,0.5,948,2,58,1,P05_p5n374,4
237.0,0.5,237.0,0.5,948,2,61,1,P02_p2n349,4
237.0,0.5,237.0,0.5,948,2,61,1,P03_p3n349,4
237.0,0.5,237.0,0.5,948,2,66,1,P00_p0n360,4
237.0,0.5,237.0,0.5,948,2,66,1,P01_p1n360,4
237.5,0.5,237.5,0.5,950,2,54,1,P07_p7n308,4
237.5,0.5,237.5,0.5,950,2,54,1,P06_p6n308,4
237.5,0.5,237.5,0.5,950,2,58,1,P04_p4n375,4
237.5,0.5,237.5,0.5,950,2,58,1,P05_p5n375,4
237.5,0.5,237.5,0.5,950,2,61,1,P02_p2n350,4
237.5,0.5,237.5,0.5,950,2,61,1,P03_p3n350,4
237.5,0.5,237.5,0.5,950,2,66,1,P01_p1n361,4
237.5,0.5,237.5,0.5,950,2,66,1,P00_p0n361,4
238.0,0.5,238.0,0.5,952,2,47,1,P06_p6n309,4
238.0,0.5,238.0,0.5,952,2,47,1,P07_p7n309,4
238.0,0.5,238.0,0.5,952,2,62,1,P04_p4n376,4
238.0,0.5,238.0,0.5,952,2,62,1,P05_p5n376,4
238.0,0.5,238.0,0.5,952,2,66,1,P03_p3n351,4
238.0,0.5,238.0,0.5,952,2,71,1,P02_p2n351,4
238.0,0.5,238.0,0.5,952,2,71,1,P00_p0n362,4
238.0,0.5,238.0,0.5,952,2,71,1,P01_p1n362,4
238.5,0.5,238.5,0.5,954,2,47,1,P06_p6n310,4
238.5,0.5,238.5,0.5,954,2,47,1,P07_p7n310,4
238.5,0.5,238.5,0.5,954,2,62,1,P04_p4n377,4
238.5,0.5,238.5,0.5,954,2,62,1,P05_p5n377,4
238.5,0.5,238.5,0.5,954,2,66,1,P03_p3n352,4
238.5,0.5,238.5,0.5,954,2,71,1,P02_p2n352,4
238.5,0.5,238.5,0.5,954,2,73,1,P01_p1n363,4
238.5,0.5,238.5,0.5,954,2,73,1,P00_p0n363,4
239.0,0.5,239.0,0.5,956,2,50,1,P06_p6n311,4
239.0,0.5,239.0,0.5,956,2,50,1,P07_p7n311,4
239.0,0.5,239.0,0.5,956,2,62,1,P04_p4n378,4
239.0,0.5,239.0,0.5,956,2,62,1,P05_p5n378,4
239.0,0.5,239.0,0.5,956,2,67,1,P03_p3n353,4
239.0,0.5,239.0,0.5,956,2,71,1,P02_p2n353,4
239.0,0.5,239.0,0.5,956,2,74,1,P01_p1n364,4
239.0,0.5,239.0,0.5,956,2,74,1,P00_p0n364,4
239.5,0.5,239.5,0.5,958,2,50,1,P06_p6n312,4
239.5,0.5,239.5,0.5,958,2,50,1,P07_p7n312,4
239.5,0.5,239.5,0.5,958,2,62,1,P04_p4n379,4
239.5,0.5,239.5,0.5,958,2,62,1,P05_p5n379,4
239.5,0.5,239.5,0.5,958,2,67,1,P03_p3n354,4
239.5,0.5,239.5,0.5,958,2,71,1,P02_p2n354,4
239.5,0.5,239.5,0.5,958,2,76,1,P01_p1n365,4
239.5,0.5,239.5,0.5,958,2,76,1,P00_p0n365,4
240.0,1.0,240.0,1.0,960,4,54,1,P07_p7n313,4
240.0,1.0,240.0,1.0,960,4,54,1,P06_p6n313,4
240.0,1.0,240.0,1.0,960,4,59,1,P05_p5n380,4
240.0,1.0,240.0,1.0,960,4,59,1,P04_p4n380,4
240.0,1.0,240.0,1.0,960,4,62,1,P03_p3n355,4
240.0,1.0,240.0,1.0,960,4,71,1,P02_p2n355,4
240.0,1.0,240.0,1.0,960,4,74,1,P01_p1n366,4
240.0,1.0,240.0,1.0,960,4,74,1,P00_p0n366,4
241.0,1.0,241.0,1.0,964,4,53,1,P07_p7n314,4
241.0,1.0,241.0,1.0,964,4,53,1,P06_p6n314,4
241.0,1.0,241.0,1.0,964,4,61,1,P04_p4n381,4
241.0,1.0,241.0,1.0,964,4,61,1,P05_p5n381,4
241.0,1.0,241.0,1.0,964,4,68,1,P03_p3n356,4
241.0,1.0,241.0,1.0,964,4,68,1,P02_p2n356,4
241.0,1.0,241.0,1.0,964,4,73,1,P01_p1n367,4
241.0,1.0,241.0,1.0,964,4,73,1,P00_p0n367,4
242.0,0.5,242.0,0.5,968,2,54,1,P07_p7n315,4
242.0,0.5,242.0,0.5,968,2,54,1,P06_p6n315,4
242.0,0.5,242.0,0.5,968,2,58,1,P04_p4n382,4
242.0,0.5,242.0,0.5,968,2,58,1,P05_p5n382,4
242.0,0.5,242.0,0.5,968,2,64,1,P02_p2n357,4
242.0,0.5,242.0,0.5,968,2,64,1,P03_p3n357,4
242.0,0.5,242.0,0.5,968,2,70,1,P00_p0n368,4
242.0,0.5,242.0,0.5,968,2,70,1,P01_p1n368,4
242.5,0.5,242.5,0.5,970,2,54,1,P07_p7n316,4
242.5,0.5,242.5,0.5,970,2,54,1,P06_p6n316,4
242.5,0.5,242.5,0.5,970,2,64,1,P05_p5n383,4
242.5,0.5,242.5,0.5,970,2,64,1,P04_p4n383,4
242.5,0.5,242.5,0.5,970,2,66,1,P02_p2n358,4
242.5,0.5,242.5,0.5,970,2,66,1,P03_p3n358,4
242.5,0.5,242.5,0.5,970,2,71,1,P00_p0n369,4
242.5,0.5,242.5,0.5,970,2,71,1,P01_p1n369,4
243.0,0.5,243.0,0.5,972,2,58,1,P07_p7n317,4
243.0,0.5,243.0,0.5,972,2,58,1,P06_p6n317,4
243.0,0.5,243.0,0.5,972,2,66,1,P05_p5n384,4
243.0,0.5,243.0,0.5,972,2,66,1,P04_p4n384,4
243.0,0.5,243.0,0.5,972,2,70,1,P02_p2n359,4
243.0,0.5,243.0,0.5,972,2,70,1,P03_p3n359,4
243.0,0.5,243.0,0.5,972,2,73,1,P01_p1n370,4
243.0,0.5,243.0,0.5,972,2,73,1,P00_p0n370,4
243.5,0.5,243.5,0.5,974,2,58,1,P07_p7n318,4
243.5,0.5,243.5,0.5,974,2,58,1,P06_p6n318,4
243.5,0.5,243.5,0.5,974,2,61,1,P05_p5n385,4
243.5,0.5,243.5,0.5,974,2,61,1,P04_p4n385,4
243.5,0.5,243.5,0.5,974,2,66,1,P02_p2n360,4
243.5,0.5,243.5,0.5,974,2,66,1,P03_p3n360,4
243.5,0.5,243.5,0.5,974,2,70,1,P01_p1n371,4
243.5,0.5,243.5,0.5,974,2,70,1,P00_p0n371,4
244.0,1.0,244.0,1.0,976,4,59,1,P06_p6n319,4
244.0,1.0,244.0,1.0,976,4,59,1,P07_p7n319,4
244.0,1.0,244.0,1.0,976,4,62,1,P04_p4n386,4
244.0,1.0,244.0,1.0,976,4,62,1,P05_p5n386,4
244.0,1.0,244.0,1.0,976,4,66,1,P02_p2n361,4
244.0,1.0,244.0,1.0,976,4,66,1,P03_p3n361,4
244.0,1.0,244.0,1.0,976,4,71,1,P00_p0n372,4
244.0,1.0,244.0,1.0,976,4,71,1,P01_p1n372,4
245.0,1.0,245.0,1.0,980,4,47,1,P07_p7n320,4
245.0,1.0,245.0,1.0,980,4,47,1,P06_p6n320,4
245.0,1.0,245.0,1.0,980,4,62,1,P05_p5n387,4
245.0,1.0,245.0,1.0,980,4,62,1,P04_p4n387,4
245.0,1.0,245.0,1.0,980,4,66,1,P02_p2n362,4
245.0,1.0,245.0,1.0,980,4,66,1,P03_p3n362,4
245.0,1.0,245.0,1.0,980,4,71,1,P00_p0n373,4
245.0,1.0,245.0,1.0,980,4,71,1,P01_p1n373,4
246.0,0.25,246.0,0.25,984,1,59,1,P06_p6n321,4
246.0,0.25,246.0,0.25,984,1,59,1,P04_p4n388,4
246.0,0.25,246.0,0.25,984,1,59,1,P05_p5n388,4
246.0,0.25,246.0,0.25,984,1,59,1,P07_p7n321,4
246.25,0.25,246.25,0.25,985,1,59,1,P06_p6n322,4
246.25,0.25,246.25,0.25,985,1,59,1,P04_p4n389,4
246.25,0.25,246.25,0.25,985,1,59,1,P05_p5n389,4
246.25,0.25,246.25,0.25,985,1,59,1,P07_p7n322,4
246.5,0.25,246.5,0.25,986,1,59,1,P06_p6n323,4
246.5,0.25,246.5,0.25,986,1,59,1,P04_p4n390,4
246.5,0.25,246.5,0.25,986,1,59,1,P05_p5n390,4
246.5,0.25,246.5,0.25,986,1,59,1,P07_p7n323,4
246.75,0.25,246.75,0.25,987,1,59,1,P06_p6n324,4
246.75,0.25,246.75,0.25,987,1,59,1,P04_p4n391,4
246.75,0.25,246.75,0.25,987,1,59,1,P05_p5n391,4
246.75,0.25,246.75,0.25,987,1,59,1,P07_p7n324,4
247.0,0.25,247.0,0.25,988,1,59,1,P06_p6n325,4
247.0,0.25,247.0,0.25,988,1,59,1,P04_p4n392,4
247.0,0.25,247.0,0.25,988,1,59,1,P05_p5n392,4
247.0,0.25,247.0,0.25,988,1,59,1,P07_p7n325,4
247.25,0.25,247.25,0.25,989,1,59,1,P06_p6n326,4
247.25,0.25,247.25,0.25,989,1,59,1,P04_p4n393,4
247.25,0.25,247.25,0.25,989,1,59,1,P05_p5n393,4
247.25,0.25,247.25,0.25,989,1,59,1,P07_p7n326,4
247.5,0.25,247.5,0.25,990,1,59,1,P05_p5n394,4
247.5,0.25,247.5,0.25,990,1,59,1,P06_p6n327,4
247.5,0.25,247.5,0.25,990,1,59,1,P04_p4n394,4
247.5,0.25,247.5,0.25,990,1,59,1,P07_p7n327,4
247.75,0.25,247.75,0.25,991,1,59,1,P05_p5n395,4
247.75,0.25,247.75,0.25,991,1,59,1,P06_p6n328,4
247.75,0.25,247.75,0.25,991,1,59,1,P04_p4n395,4
247.75,0.25,247.75,0.25,991,1,59,1,P07_p7n328,4
248.0,0.25,248.0,0.25,992,1,59,1,P05_p5n396,4
248.0,0.25,248.0,0.25,992,1,59,1,P06_p6n329,4
248.0,0.25,248.0,0.25,992,1,59,1,P04_p4n396,4
248.0,0.25,248.0,0.25,992,1,59,1,P07_p7n329,4
248.25,0.25,248.25,0.25,993,1,59,1,P05_p5n397,4
248.25,0.25,248.25,0.25,993,1,59,1,P06_p6n330,4
248.25,0.25,248.25,0.25,993,1,59,1,P04_p4n397,4
248.25,0.25,248.25,0.25,993,1,59,1,P07_p7n330,4
248.5,0.25,248.5,0.25,994,1,59,1,P07_p7n331,4
248.5,0.25,248.5,0.25,994,1,59,1,P05_p5n398,4
248.5,0.25,248.5,0.25,994,1,59,1,P06_p6n331,4
248.5,0.25,248.5,0.25,994,1,59,1,P04_p4n398,4
248.75,0.25,248.75,0.25,995,1,59,1,P07_p7n332,4
248.75,0.25,248.75,0.25,995,1,59,1,P05_p5n399,4
248.75,0.25,248.75,0.25,995,1,59,1,P06_p6n332,4
248.75,0.25,248.75,0.25,995,1,59,1,P04_p4n399,4
249.0,0.25,249.0,0.25,996,1,59,1,P05_p5n400,4
249.0,0.25,249.0,0.25,996,1,59,1,P04_p4n400,4
249.0,0.25,249.0,0.25,996,1,59,1,P06_p6n333,4
249.0,0.25,249.0,0.25,996,1,59,1,P07_p7n333,4
249.25,0.25,249.25,0.25,997,1,59,1,P05_p5n401,4
249.25,0.25,249.25,0.25,997,1,59,1,P04_p4n401,4
249.25,0.25,249.25,0.25,997,1,59,1,P06_p6n334,4
249.25,0.25,249.25,0.25,997,1,59,1,P07_p7n334,4
249.5,0.5,249.5,0.5,998,2,59,1,P05_p5n402,4
249.5,0.5,249.5,0.5,998,2,59,1,P06_p6n335,4
249.5,0.5,249.5,0.5,998,2,59,1,P04_p4n402,4
249.5,0.5,249.5,0.5,998,2,59,1,P07_p7n335,4
250.0,0.25,250.0,0.25,1000,1,71,1,P03_p3n365,4
250.0,0.25,250.0,0.25,1000,1,71,1,P00_p0n376,4
250.0,0.25,250.0,0.25,1000,1,71,1,P02_p2n365,4
250.0,0.25,250.0,0.25,1000,1,71,1,P01_p1n376,4
250.25,0.25,250.25,0.25,1001,1,71,1,P03_p3n366,4
250.25,0.25,250.25,0.25,1001,1,71,1,P02_p2n366,4
250.25,0.25,250.25,0.25,1001,1,71,1,P00_p0n377,4
250.25,0.25,250.25,0.25,1001,1,71,1,P01_p1n377,4
250.5,0.25,250.5,0.25,1002,1,71,1,P02_p2n367,4
250.5,0.25,250.5,0.25,1002,1,71,1,P00_p0n378,4
250.5,0.25,250.5,0.25,1002,1,71,1,P01_p1n378,4
250.5,0.25,250.5,0.25,1002,1,71,1,P03_p3n367,4
250.75,0.25,250.75,0.25,1003,1,71,1,P03_p3n368,4
250.75,0.25,250.75,0.25,1003,1,71,1,P02_p2n368,4
250.75,0.25,250.75,0.25,1003,1,71,1,P00_p0n379,4
250.75,0.25,250.75,0.25,1003,1,71,1,P01_p1n379,4
251.0,0.25,251.0,0.25,1004,1,71,1,P03_p3n369,4
251.0,0.25,251.0,0.25,1004,1,71,1,P02_p2n369,4
251.0,0.25,251.0,0.25,1004,1,71,1,P00_p0n380,4
251.0,0.25,251.0,0.25,1004,1,71,1,P01_p1n380,4
251.25,0.25,251.25,0.25,1005,1,71,1,P03_p3n370,4
251.25,0.25,251.25,0.25,1005,1,71,1,P02_p2n370,4
251.25,0.25,251.25,0.25,1005,1,71,1,P00_p0n381,4
251.25,0.25,251.25,0.25,1005,1,71,1,P01_p1n381,4
251.5,0.25,251.5,0.25,1006,1,71,1,P03_p3n371,4
251.5,0.25,251.5,0.25,1006,1,71,1,P02_p2n371,4
251.5,0.25,251.5,0.25,1006,1,71,1,P00_p0n382,4
251.5,0.25,251.5,0.25,1006,1,71,1,P01_p1n382,4
251.75,0.25,251.75,0.25,1007,1,71,1,P03_p3n372,4
251.75,0.25,251.75,0.25,1007,1,71,1,P02_p2n372,4
251.75,0.25,251.75,0.25,1007,1,71,1,P00_p0n383,4
251.75,0.25,251.75,0.25,1007,1,71,1,P01_p1n383,4
252.0,0.25,252.0,0.25,1008,1,71,1,P02_p2n373,4
252.0,0.25,252.0,0.25,1008,1,71,1,P00_p0n384,4
252.0,0.25,252.0,0.25,1008,1,71,1,P01_p1n384,4
252.0,0.25,252.0,0.25,1008,1,71,1,P03_p3n373,4
252.25,0.25,252.25,0.25,1009,1,71,1,P02_p2n374,4
252.25,0.25,252.25,0.25,1009,1,71,1,P00_p0n385,4
252.25,0.25,252.25,0.25,1009,1,71,1,P01_p1n385,4
252.25,0.25,252.25,0.25,1009,1,71,1,P03_p3n374,4
252.5,0.25,252.5,0.25,1010,1,71,1,P02_p2n375,4
252.5,0.25,252.5,0.25,1010,1,71,1,P00_p0n386,4
252.5,0.25,252.5,0.25,1010,1,71,1,P01_p1n386,4
252.5,0.25,252.5,0.25,1010,1,71,1,P03_p3n375,4
252.75,0.25,252.75,0.25,1011,1,71,1,P02_p2n376,4
252.75,0.25,252.75,0.25,1011,1,71,1,P00_p0n387,4
252.75,0.25,252.75,0.25,1011,1,71,1,P01_p1n387,4
252.75,0.25,252.75,0.25,1011,1,71,1,P03_p3n376,4
253.0,0.25,253.0,0.25,1012,1,71,1,P02_p2n377,4
253.0,0.25,253.0,0.25,1012,1,71,1,P03_p3n377,4
253.0,0.25,253.0,0.25,1012,1,71,1,P00_p0n388,4
253.0,0.25,253.0,0.25,1012,1,71,1,P01_p1n388,4
253.25,0.25,253.25,0.25,1013,1,71,1,P03_p3n378,4
253.25,0.25,253.25,0.25,1013,1,71,1,P02_p2n378,4
253.25,0.25,253.25,0.25,1013,1,71,1,P00_p0n389,4
253.25,0.25,253.25,0.25,1013,1,71,1,P01_p1n389,4
253.5,0.5,253.5,0.5,1014,2,71,1,P03_p3n379,4
253.5,0.5,253.5,0.5,1014,2,71,1,P02_p2n379,4
253.5,0.5,253.5,0.5,1014,2,71,1,P00_p0n390,4
253.5,0.5,253.5,0.5,1014,2,71,1,P01_p1n390,4
254.0,0.5,254.0,0.5,1016,2,54,1,P07_p7n338,4
254.0,0.5,254.0,0.5,1016,2,54,1,P06_p6n338,4
254.0,0.5,254.0,0.5,1016,2,54,1,P05_p5n405,4
254.0,0.5,254.0,0.5,1016,2,54,1,P04_p4n405,4
254.5,0.5,254.5,0.5,1018,2,59,1,P07_p7n339,4
254.5,0.5,254.5,0.5,1018,2,59,1,P05_p5n406,4
254.5,0.5,254.5,0.5,1018,2,59,1,P06_p6n339,4
254.5,0.5,254.5,0.5,1018,2,59,1,P04_p4n406,4
255.0,0.5,255.0,0.5,1020,2,61,1,P07_p7n340,4
255.0,0.5,255.0,0.5,1020,2,61,1,P05_p5n407,4
255.0,0.5,255.0,0.5,1020,2,61,1,P06_p6n340,4
255.0,0.5,255.0,0.5,1020,2,61,1,P04_p4n407,4
255.5,2.5,255.5,2.5,1022,10,62,1,P05_p5n408,4
255.5,2.5,255.5,2.5,1022,10,62,1,P04_p4n408,4
255.5,2.5,255.5,2.5,1022,10,62,1,P06_p6n341,4
255.5,2.5,255.5,2.5,1022,10,62,1,P07_p7n341,4
258.0,0.5,258.0,0.5,1032,2,59,1,P07_p7n343,4
258.0,0.5,258.0,0.5,1032,2,59,1,P05_p5n410,4
258.0,0.5,258.0,0.5,1032,2,59,1,P06_p6n343,4
258.0,0.5,258.0,0.5,1032,2,59,1,P04_p4n410,4
258.0,0.5,258.0,0.5,1032,2,71,1,P02_p2n381,4
258.0,0.5,258.0,0.5,1032,2,71,1,P03_p3n381,4
258.0,0.5,258.0,0.5,1032,2,71,1,P00_p0n392,4
258.0,0.5,258.0,0.5,1032,2,71,1,P01_p1n392,4
258.5,0.5,258.5,0.5,1034,2,47,1,P05_p5n411,4
258.5,0.5,258.5,0.5,1034,2,47,1,P04_p4n411,4
258.5,0.5,258.5,0.5,1034,2,47,1,P06_p6n344,4
258.5,0.5,258.5,0.5,1034,2,47,1,P07_p7n344,4
258.5,0.5,258.5,0.5,1034,2,59,1,P03_p3n382,4
258.5,0.5,258.5,0.5,1034,2,59,1,P01_p1n393,4
258.5,0.5,258.5,0.5,1034,2,59,1,P02_p2n382,4
258.5,0.5,258.5,0.5,1034,2,59,1,P00_p0n393,4
259.0,0.5,259.0,0.5,1036,2,47,1,P07_p7n345,4
259.0,0.5,259.0,0.5,1036,2,47,1,P04_p4n412,4
259.0,0.5,259.0,0.5,1036,2,47,1,P06_p6n345,4
259.0,0.5,259.0,0.5,1036,2,47,1,P05_p5n412,4
259.0,0.5,259.0,0.5,1036,2,59,1,P03_p3n383,4
259.0,0.5,259.0,0.5,1036,2,59,1,P01_p1n394,4
259.0,0.5,259.0,0.5,1036,2,59,1,P02_p2n383,4
259.0,0.5,259.0,0.5,1036,2,59,1,P00_p0n394,4
