score_time,audio_time
0.000000000000000000e+00,8.384983623078861026e-01
0.000000000000000000e+00,8.513983371126228050e-01
0.000000000000000000e+00,8.668783068783069146e-01
0.000000000000000000e+00,8.849382716049380981e-01
0.000000000000000000e+00,9.055782312925169109e-01
0.000000000000000000e+00,9.287981859410430197e-01
0.000000000000000000e+00,9.520181405895691285e-01
0.000000000000000000e+00,9.752380952380952372e-01
2.500000000000000139e-02,9.984580498866213460e-01
5.000000000000000278e-02,1.021678004535147455e+00
7.500000000000001110e-02,1.044897959183673564e+00
1.000000000000000056e-01,1.068117913832199450e+00
1.250000000000000000e-01,1.091337868480725781e+00
1.500000000000000222e-01,1.114557823129251668e+00
1.750000000000000167e-01,1.137777777777777777e+00
2.000000000000000111e-01,1.160997732426303664e+00
2.250000000000000056e-01,1.184217687074829772e+00
2.500000000000000000e-01,1.207437641723355881e+00
2.750000000000000222e-01,1.230657596371881990e+00
3.000000000000000444e-01,1.253877551020408099e+00
3.250000000000000111e-01,1.277097505668933985e+00
3.500000000000000333e-01,1.300317460317460094e+00
3.750000000000000000e-01,1.323537414965986425e+00
4.000000000000000222e-01,1.346757369614512534e+00
4.250000000000000444e-01,1.369977324263038643e+00
4.500000000000000111e-01,1.393197278911564529e+00
4.750000000000000333e-01,1.416417233560090638e+00
5.000000000000000000e-01,1.439637188208616525e+00
5.250000000000000222e-01,1.462857142857142634e+00
5.500000000000000444e-01,1.486077097505668743e+00
5.750000000000000666e-01,1.509297052154194851e+00
6.000000000000000888e-01,1.532517006802720738e+00
6.250000000000000000e-01,1.555736961451247069e+00
6.500000000000000222e-01,1.578956916099773178e+00
6.750000000000000444e-01,1.602176870748299287e+00
7.000000000000000666e-01,1.625396825396825173e+00
7.250000000000000888e-01,1.648616780045351504e+00
7.500000000000000000e-01,1.671836734693877613e+00
7.750000000000000222e-01,1.695056689342403722e+00
8.000000000000000444e-01,1.718276643990929831e+00
8.250000000000000666e-01,1.741496598639455717e+00
8.500000000000000888e-01,1.764716553287981604e+00
8.750000000000000000e-01,1.787936507936507935e+00
9.000000000000000222e-01,1.811156462585034266e+00
9.250000000000000444e-01,1.834376417233560153e+00
9.500000000000000666e-01,1.857596371882086039e+00
9.750000000000000888e-01,1.880816326530612148e+00
1.000000000000000000e+00,1.904036281179138257e+00
1.000000000000000000e+00,1.927256235827664366e+00
1.000000000000000000e+00,1.950476190476190474e+00
1.000000000000000000e+00,1.973696145124716583e+00
1.000000000000000000e+00,1.996916099773242470e+00
1.000000000000000000e+00,2.020136054421768801e+00
1.000000000000000000e+00,2.043356009070294910e+00
1.000000000000000000e+00,2.066575963718820574e+00
1.000000000000000000e+00,2.089795918367347127e+00
1.000000000000000000e+00,2.113015873015872792e+00
1.025000000000000133e+00,2.136235827664398901e+00
1.050000000000000044e+00,2.159455782312925454e+00
1.074999999999999956e+00,2.182675736961451118e+00
1.100000000000000089e+00,2.205895691609977227e+00
1.125000000000000000e+00,2.229115646258503336e+00
1.150000000000000133e+00,2.252335600907029001e+00
1.175000000000000044e+00,2.275555555555555109e+00
1.200000000000000178e+00,2.298775510204081662e+00
1.225000000000000089e+00,2.321995464852607771e+00
1.250000000000000000e+00,2.345215419501133880e+00
1.275000000000000133e+00,2.368435374149659545e+00
1.300000000000000044e+00,2.391655328798185653e+00
1.325000000000000178e+00,2.414875283446711762e+00
1.350000000000000089e+00,2.438095238095237871e+00
1.375000000000000000e+00,2.461315192743763980e+00
1.400000000000000133e+00,2.484535147392289645e+00
1.425000000000000044e+00,2.507755102040816197e+00
1.450000000000000178e+00,2.530975056689342306e+00
1.475000000000000089e+00,2.554195011337868415e+00
1.500000000000000000e+00,2.577414965986394524e+00
1.500000000000000000e+00,2.600634920634920633e+00
1.500000000000000000e+00,2.623854875283446741e+00
1.500000000000000000e+00,2.647074829931972406e+00
1.500000000000000000e+00,2.670294784580498515e+00
1.500000000000000000e+00,2.693514739229024624e+00
1.500000000000000000e+00,2.716734693877550733e+00
1.500000000000000000e+00,2.739954648526076841e+00
1.500000000000000000e+00,2.763174603174603394e+00
1.500000000000000000e+00,2.786394557823129503e+00
1.500000000000000000e+00,2.809614512471655168e+00
1.500000000000000000e+00,2.832834467120181277e+00
1.500000000000000000e+00,2.856054421768707385e+00
1.500000000000000000e+00,2.879274376417233494e+00
1.500000000000000000e+00,2.902494331065759603e+00
1.500000000000000000e+00,2.925714285714285268e+00
1.500000000000000000e+00,2.948934240362811821e+00
1.525000000000000133e+00,2.972154195011337485e+00
1.550000000000000044e+00,2.995374149659864038e+00
1.575000000000000178e+00,3.018594104308390147e+00
1.600000000000000089e+00,3.041814058956916256e+00
1.625000000000000000e+00,3.065034013605441920e+00
1.650000000000000133e+00,3.088253968253968029e+00
1.675000000000000044e+00,3.111473922902494138e+00
1.700000000000000178e+00,3.134693877551020247e+00
1.725000000000000089e+00,3.157913832199545912e+00
1.750000000000000000e+00,3.181133786848072020e+00
1.775000000000000133e+00,3.204353741496598129e+00
1.800000000000000044e+00,3.227573696145124682e+00
1.825000000000000178e+00,3.250793650793650791e+00
1.850000000000000089e+00,3.274013605442176900e+00
1.875000000000000000e+00,3.297233560090703008e+00
1.900000000000000133e+00,3.320453514739228673e+00
1.925000000000000044e+00,3.343673469387754782e+00
1.950000000000000178e+00,3.366893424036280891e+00
1.975000000000000089e+00,3.390113378684806555e+00
2.000000000000000000e+00,3.413333333333333108e+00
2.000000000000000000e+00,3.436553287981859661e+00
2.000000000000000000e+00,3.459773242630385326e+00
2.000000000000000000e+00,3.482993197278911879e+00
2.000000000000000000e+00,3.506213151927437988e+00
2.000000000000000000e+00,3.529433106575963652e+00
2.000000000000000000e+00,3.552653061224489761e+00
2.000000000000000000e+00,3.575873015873015870e+00
2.000000000000000000e+00,3.599092970521541535e+00
2.000000000000000000e+00,3.622312925170067643e+00
2.000000000000000000e+00,3.645532879818593752e+00
2.000000000000000000e+00,3.668752834467119861e+00
2.000000000000000000e+00,3.691972789115645970e+00
2.000000000000000000e+00,3.715192743764172523e+00
2.000000000000000000e+00,3.738412698412698632e+00
2.000000000000000000e+00,3.761632653061224296e+00
2.000000000000000000e+00,3.784852607709750405e+00
2.000000000000000000e+00,3.808072562358276070e+00
2.000000000000000000e+00,3.831292517006802179e+00
2.000000000000000000e+00,3.854512471655327843e+00
2.000000000000000000e+00,3.877732426303854396e+00
2.000000000000000000e+00,3.900952380952380949e+00
2.000000000000000000e+00,3.924172335600906614e+00
2.000000000000000000e+00,3.947392290249433167e+00
2.000000000000000000e+00,3.970612244897959275e+00
2.000000000000000000e+00,3.993832199546484940e+00
2.000000000000000000e+00,4.017052154195011049e+00
2.000000000000000000e+00,4.040272108843537602e+00
2.000000000000000000e+00,4.063492063492063266e+00
2.000000000000000000e+00,4.086712018140588931e+00
2.000000000000000000e+00,4.109931972789115484e+00
2.000000000000000000e+00,4.133151927437641149e+00
2.000000000000000000e+00,4.156371882086167702e+00
2.000000000000000000e+00,4.179591836734694255e+00
2.024999999999999911e+00,4.202811791383219919e+00
2.050000000000000266e+00,4.226031746031745584e+00
2.075000000000000178e+00,4.249251700680272137e+00
2.100000000000000089e+00,4.272471655328797802e+00
2.125000000000000000e+00,4.295691609977323466e+00
2.149999999999999911e+00,4.318911564625850019e+00
2.175000000000000266e+00,4.342131519274376572e+00
2.200000000000000178e+00,4.365351473922902237e+00
2.225000000000000089e+00,4.388571428571428790e+00
2.250000000000000000e+00,4.411791383219954454e+00
2.274999999999999911e+00,4.435011337868481007e+00
2.300000000000000266e+00,4.458231292517006672e+00
2.325000000000000178e+00,4.481451247165533225e+00
2.350000000000000089e+00,4.504671201814058890e+00
2.375000000000000000e+00,4.527891156462584554e+00
2.400000000000000355e+00,4.551111111111110219e+00
2.425000000000000266e+00,4.574331065759635884e+00
2.450000000000000178e+00,4.597551020408161548e+00
2.475000000000000089e+00,4.620770975056688101e+00
2.500000000000000000e+00,4.643990929705214654e+00
2.525000000000000355e+00,4.667210884353741207e+00
2.550000000000000266e+00,4.690430839002267760e+00
2.575000000000000178e+00,4.713650793650793425e+00
2.600000000000000089e+00,4.736870748299319978e+00
2.625000000000000000e+00,4.760090702947845642e+00
2.650000000000000355e+00,4.783310657596371307e+00
2.675000000000000266e+00,4.806530612244897860e+00
2.700000000000000178e+00,4.829750566893423525e+00
2.725000000000000089e+00,4.852970521541950077e+00
2.750000000000000000e+00,4.876190476190476630e+00
2.775000000000000355e+00,4.899410430839002295e+00
2.800000000000000266e+00,4.922630385487527960e+00
2.825000000000000178e+00,4.945850340136054513e+00
2.850000000000000089e+00,4.969070294784580177e+00
2.875000000000000000e+00,4.992290249433105842e+00
2.900000000000000355e+00,5.015510204081631507e+00
2.925000000000000266e+00,5.038730158730157171e+00
2.950000000000000178e+00,5.061950113378682836e+00
2.975000000000000089e+00,5.085170068027209389e+00
3.000000000000000000e+00,5.108390022675736830e+00
3.000000000000000000e+00,5.131609977324261607e+00
3.000000000000000000e+00,5.154829931972789048e+00
3.000000000000000000e+00,5.178049886621315601e+00
3.000000000000000000e+00,5.201269841269841265e+00
3.000000000000000000e+00,5.224489795918366930e+00
3.000000000000000000e+00,5.247709750566893483e+00
3.000000000000000000e+00,5.270929705215419148e+00
3.000000000000000000e+00,5.294149659863945701e+00
3.000000000000000000e+00,5.317369614512471365e+00
3.000000000000000000e+00,5.340589569160997918e+00
3.000000000000000000e+00,5.363809523809523583e+00
3.000000000000000000e+00,5.387029478458049248e+00
3.000000000000000000e+00,5.410249433106575800e+00
3.000000000000000000e+00,5.433469387755101465e+00
3.000000000000000000e+00,5.456689342403627130e+00
3.000000000000000000e+00,5.479909297052152795e+00
3.000000000000000000e+00,5.503129251700678459e+00
3.000000000000000000e+00,5.526349206349204124e+00
3.000000000000000000e+00,5.549569160997730677e+00
3.000000000000000000e+00,5.572789115646257230e+00
3.000000000000000000e+00,5.596009070294783783e+00
3.000000000000000000e+00,5.619229024943311224e+00
3.000000000000000000e+00,5.642448979591836888e+00
3.000000000000000000e+00,5.665668934240362553e+00
3.000000000000000000e+00,5.688888888888889106e+00
3.000000000000000000e+00,5.712108843537414771e+00
3.000000000000000000e+00,5.735328798185940435e+00
3.000000000000000000e+00,5.758548752834466988e+00
3.000000000000000000e+00,5.781768707482993541e+00
3.000000000000000000e+00,5.804988662131519206e+00
3.000000000000000000e+00,5.828208616780044871e+00
3.000000000000000000e+00,5.851428571428571423e+00
3.000000000000000000e+00,5.874648526077097088e+00
3.000000000000000000e+00,5.897868480725622753e+00
3.000000000000000000e+00,5.921088435374148418e+00
3.000000000000000000e+00,5.944308390022674082e+00
3.000000000000000000e+00,5.967528344671199747e+00
3.000000000000000000e+00,5.990748299319726300e+00
3.000000000000000000e+00,6.013968253968252853e+00
3.000000000000000000e+00,6.037188208616779406e+00
3.000000000000000000e+00,6.060408163265306847e+00
3.000000000000000000e+00,6.083628117913833400e+00
3.000000000000000000e+00,6.106848072562359064e+00
3.000000000000000000e+00,6.130068027210884729e+00
3.000000000000000000e+00,6.153287981859410394e+00
3.000000000000000000e+00,6.176507936507936058e+00
3.000000000000000000e+00,6.199727891156462611e+00
3.000000000000000000e+00,6.222947845804988276e+00
3.000000000000000000e+00,6.246167800453514829e+00
3.000000000000000000e+00,6.269387755102040494e+00
3.000000000000000000e+00,6.292607709750566158e+00
3.000000000000000000e+00,6.315827664399092711e+00
3.000000000000000000e+00,6.339047619047618376e+00
3.000000000000000000e+00,6.362267573696144041e+00
3.000000000000000000e+00,6.385487528344669705e+00
3.000000000000000000e+00,6.408707482993195370e+00
3.000000000000000000e+00,6.431927437641721923e+00
3.000000000000000000e+00,6.455147392290248476e+00
3.000000000000000000e+00,6.478367346938775029e+00
3.000000000000000000e+00,6.501587301587302470e+00
3.000000000000000000e+00,6.524807256235829023e+00
3.000000000000000000e+00,6.548027210884354687e+00
3.000000000000000000e+00,6.571247165532880352e+00
3.000000000000000000e+00,6.594467120181406017e+00
3.000000000000000000e+00,6.617687074829931682e+00
3.000000000000000000e+00,6.640907029478458234e+00
3.000000000000000000e+00,6.664126984126983899e+00
3.000000000000000000e+00,6.687346938775510452e+00
3.000000000000000000e+00,6.710566893424036117e+00
3.000000000000000000e+00,6.733786848072561781e+00
3.000000000000000000e+00,6.757006802721087446e+00
3.000000000000000000e+00,6.780226757369613999e+00
3.000000000000000000e+00,6.803446712018139664e+00
3.000000000000000000e+00,6.826666666666665328e+00
3.000000000000000000e+00,6.849886621315190993e+00
3.000000000000000000e+00,6.873106575963716658e+00
3.025000000000000355e+00,6.896326530612244099e+00
3.050000000000000266e+00,6.919546485260770652e+00
3.075000000000000178e+00,6.942766439909297205e+00
3.100000000000000089e+00,6.965986394557823758e+00
3.125000000000000000e+00,6.989206349206349422e+00
3.150000000000000355e+00,7.012426303854875975e+00
3.175000000000000266e+00,7.035646258503401640e+00
3.200000000000000178e+00,7.058866213151927305e+00
3.225000000000000089e+00,7.082086167800452969e+00
3.250000000000000000e+00,7.105306122448979522e+00
3.275000000000000355e+00,7.128526077097505187e+00
3.300000000000000266e+00,7.151746031746031740e+00
3.325000000000000178e+00,7.174965986394557405e+00
3.350000000000000089e+00,7.198185941043083069e+00
3.375000000000000000e+00,7.221405895691608734e+00
3.400000000000000355e+00,7.244625850340135287e+00
3.425000000000000266e+00,7.267845804988660952e+00
3.450000000000000178e+00,7.291065759637186616e+00
3.475000000000000089e+00,7.314285714285712281e+00
3.500000000000000000e+00,7.337505668934237946e+00
3.525000000000000355e+00,7.360725623582764499e+00
3.550000000000000266e+00,7.383945578231291051e+00
3.575000000000000178e+00,7.407165532879817604e+00
3.600000000000000089e+00,7.430385487528345045e+00
3.625000000000000000e+00,7.453605442176871598e+00
3.650000000000000355e+00,7.476825396825397263e+00
3.675000000000000266e+00,7.500045351473922928e+00
3.700000000000000178e+00,7.523265306122449481e+00
3.725000000000000089e+00,7.546485260770975145e+00
3.750000000000000000e+00,7.569705215419500810e+00
3.775000000000000355e+00,7.592925170068027363e+00
3.800000000000000266e+00,7.616145124716553028e+00
3.825000000000000178e+00,7.639365079365079580e+00
3.850000000000000089e+00,7.662585034013604357e+00
3.875000000000000000e+00,7.685804988662130910e+00
3.900000000000000355e+00,7.709024943310656575e+00
3.925000000000000266e+00,7.732244897959182239e+00
3.950000000000000178e+00,7.755464852607707904e+00
3.975000000000000089e+00,7.778684807256233569e+00
4.000000000000000000e+00,7.801904761904760122e+00
4.000000000000000000e+00,7.825124716553284898e+00
4.000000000000000000e+00,7.848344671201813227e+00
4.000000000000000000e+00,7.871564625850340668e+00
4.000000000000000000e+00,7.894784580498867221e+00
4.025000000000000355e+00,7.918004535147392886e+00
4.049999999999999822e+00,7.941224489795918551e+00
4.075000000000000178e+00,7.964444444444445104e+00
4.100000000000000533e+00,7.987664399092970768e+00
4.125000000000000000e+00,8.010884353741495545e+00
4.150000000000000355e+00,8.034104308390023874e+00
4.174999999999999822e+00,8.057324263038548651e+00
4.200000000000000178e+00,8.080544217687075204e+00
4.225000000000000533e+00,8.103764172335599980e+00
4.250000000000000000e+00,8.126984126984126533e+00
4.275000000000000355e+00,8.150204081632653086e+00
4.299999999999999822e+00,8.173424036281177862e+00
4.325000000000000178e+00,8.196643990929704415e+00
4.350000000000000533e+00,8.219863945578229192e+00
4.375000000000000000e+00,8.243083900226755745e+00
4.400000000000000355e+00,8.266303854875282298e+00
4.424999999999999822e+00,8.289523809523808850e+00
4.450000000000000178e+00,8.312743764172335403e+00
4.475000000000000533e+00,8.335963718820861956e+00
4.500000000000000000e+00,8.359183673469388509e+00
4.525000000000000355e+00,8.382403628117915062e+00
4.549999999999999822e+00,8.405623582766439839e+00
4.575000000000000178e+00,8.428843537414966391e+00
4.600000000000000533e+00,8.452063492063491168e+00
4.625000000000000000e+00,8.475283446712019497e+00
4.650000000000000355e+00,8.498503401360544274e+00
4.674999999999999822e+00,8.521723356009070827e+00
4.700000000000000178e+00,8.544943310657595603e+00
4.725000000000000533e+00,8.568163265306122156e+00
4.750000000000000000e+00,8.591383219954648709e+00
4.775000000000000355e+00,8.614603174603173485e+00
4.800000000000000711e+00,8.637823129251700038e+00
4.825000000000000178e+00,8.661043083900224815e+00
4.850000000000000533e+00,8.684263038548751368e+00
4.875000000000000000e+00,8.707482993197276144e+00
4.900000000000000355e+00,8.730702947845804474e+00
4.925000000000000711e+00,8.753922902494331026e+00
4.950000000000000178e+00,8.777142857142857579e+00
4.975000000000000533e+00,8.800362811791384132e+00
5.000000000000000000e+00,8.823582766439908909e+00
5.000000000000000000e+00,8.846802721088435462e+00
5.000000000000000000e+00,8.870022675736962015e+00
5.000000000000000000e+00,8.893242630385488567e+00
5.000000000000000000e+00,8.916462585034015120e+00
5.000000000000000000e+00,8.939682539682539897e+00
5.000000000000000000e+00,8.962902494331066450e+00
5.000000000000000000e+00,8.986122448979593003e+00
5.025000000000000355e+00,9.009342403628117779e+00
5.050000000000000711e+00,9.032562358276644332e+00
5.075000000000000178e+00,9.055782312925169109e+00
5.100000000000000533e+00,9.079002267573695661e+00
5.125000000000000000e+00,9.102222222222222214e+00
5.150000000000000355e+00,9.125442176870748767e+00
5.175000000000000711e+00,9.148662131519275320e+00
5.200000000000000178e+00,9.171882086167801873e+00
5.225000000000000533e+00,9.195102040816326650e+00
5.250000000000000000e+00,9.218321995464853202e+00
5.275000000000000355e+00,9.241541950113377979e+00
5.300000000000000711e+00,9.264761904761904532e+00
5.325000000000000178e+00,9.287981859410429308e+00
5.350000000000000533e+00,9.311201814058957638e+00
5.375000000000000000e+00,9.334421768707482414e+00
5.400000000000000355e+00,9.357641723356010743e+00
5.425000000000000711e+00,9.380861678004535520e+00
5.450000000000000178e+00,9.404081632653062073e+00
5.475000000000000533e+00,9.427301587301588626e+00
5.500000000000000000e+00,9.450521541950113402e+00
5.500000000000000000e+00,9.473741496598639955e+00
5.500000000000000000e+00,9.496961451247164732e+00
5.500000000000000000e+00,9.520181405895691285e+00
5.500000000000000000e+00,9.543401360544217837e+00
5.500000000000000000e+00,9.566621315192744390e+00
5.500000000000000000e+00,9.589841269841270943e+00
5.525000000000000355e+00,9.613061224489797496e+00
5.550000000000000711e+00,9.636281179138322273e+00
5.575000000000000178e+00,9.659501133786848825e+00
5.600000000000000533e+00,9.682721088435373602e+00
5.625000000000000000e+00,9.705941043083900155e+00
5.650000000000000355e+00,9.729160997732424931e+00
5.675000000000000711e+00,9.752380952380953261e+00
5.700000000000000178e+00,9.775600907029478037e+00
5.725000000000000533e+00,9.798820861678006366e+00
5.750000000000000000e+00,9.822040816326531143e+00
5.775000000000000355e+00,9.845260770975057696e+00
5.800000000000000711e+00,9.868480725623584249e+00
5.825000000000000178e+00,9.891700680272109025e+00
5.850000000000000533e+00,9.914920634920635578e+00
5.875000000000000000e+00,9.938140589569160355e+00
5.900000000000000355e+00,9.961360544217686908e+00
5.925000000000000711e+00,9.984580498866211684e+00
5.950000000000000178e+00,1.000780045351473824e+01
5.975000000000000533e+00,1.003102040816326301e+01
6.000000000000000000e+00,1.005424036281178957e+01
6.000000000000000000e+00,1.007746031746031612e+01
6.000000000000000000e+00,1.010068027210884267e+01
6.000000000000000000e+00,1.012390022675736923e+01
6.000000000000000000e+00,1.014712018140589578e+01
6.000000000000000000e+00,1.017034013605442055e+01
6.000000000000000000e+00,1.019356009070294888e+01
6.000000000000000000e+00,1.021678004535147366e+01
6.000000000000000000e+00,1.024000000000000021e+01
6.000000000000000000e+00,1.026321995464852677e+01
6.000000000000000000e+00,1.028643990929705332e+01
6.000000000000000000e+00,1.030965986394557632e+01
6.000000000000000000e+00,1.033287981859410465e+01
6.000000000000000000e+00,1.035609977324263120e+01
6.000000000000000000e+00,1.037931972789115775e+01
6.000000000000000000e+00,1.040253968253968253e+01
6.000000000000000000e+00,1.042575963718820908e+01
6.000000000000000000e+00,1.044897959183673386e+01
6.000000000000000000e+00,1.047219954648526041e+01
6.000000000000000000e+00,1.049541950113378519e+01
6.000000000000000000e+00,1.051863945578231174e+01
6.000000000000000000e+00,1.054185941043083830e+01
6.000000000000000000e+00,1.056507936507936485e+01
6.000000000000000000e+00,1.058829931972789140e+01
6.000000000000000000e+00,1.061151927437641618e+01
6.000000000000000000e+00,1.063473922902494273e+01
6.000000000000000000e+00,1.065795918367346751e+01
6.000000000000000000e+00,1.068117913832199584e+01
6.000000000000000000e+00,1.070439909297052239e+01
6.000000000000000000e+00,1.072761904761904894e+01
6.000000000000000000e+00,1.075083900226757194e+01
6.000000000000000000e+00,1.077405895691610027e+01
6.000000000000000000e+00,1.079727891156462682e+01
6.000000000000000000e+00,1.082049886621315338e+01
6.000000000000000000e+00,1.084371882086167815e+01
6.000000000000000000e+00,1.086693877551020471e+01
6.000000000000000000e+00,1.089015873015872948e+01
6.000000000000000000e+00,1.091337868480725604e+01
6.025000000000000355e+00,1.093659863945578081e+01
6.050000000000000711e+00,1.095981859410430737e+01
6.075000000000000178e+00,1.098303854875283392e+01
6.100000000000000533e+00,1.100625850340136047e+01
6.125000000000000000e+00,1.102947845804988525e+01
6.150000000000000355e+00,1.105269841269841180e+01
6.175000000000000711e+00,1.107591836734693835e+01
6.200000000000000178e+00,1.109913832199546313e+01
6.225000000000000533e+00,1.112235827664399146e+01
6.250000000000000000e+00,1.114557823129251801e+01
6.275000000000000355e+00,1.116879818594104457e+01
6.300000000000000711e+00,1.119201814058956757e+01
6.325000000000000178e+00,1.121523809523809589e+01
6.350000000000000533e+00,1.123845804988662245e+01
6.375000000000000000e+00,1.126167800453514900e+01
6.400000000000000355e+00,1.128489795918367378e+01
6.425000000000000711e+00,1.130811791383220033e+01
6.450000000000000178e+00,1.133133786848072511e+01
6.475000000000000533e+00,1.135455782312925166e+01
6.500000000000000000e+00,1.137777777777777644e+01
6.525000000000000355e+00,1.140099773242630299e+01
6.550000000000000711e+00,1.142421768707482954e+01
6.575000000000000178e+00,1.144743764172335609e+01
6.600000000000000533e+00,1.147065759637188087e+01
6.625000000000000000e+00,1.149387755102040742e+01
6.650000000000000355e+00,1.151709750566893398e+01
6.675000000000000711e+00,1.154031746031745875e+01
6.700000000000000178e+00,1.156353741496598531e+01
6.725000000000000533e+00,1.158675736961451364e+01
6.750000000000000000e+00,1.160997732426304019e+01
6.775000000000000355e+00,1.163319727891156319e+01
6.800000000000000711e+00,1.165641723356009152e+01
6.825000000000000178e+00,1.167963718820861807e+01
6.850000000000000533e+00,1.170285714285714462e+01
6.875000000000000000e+00,1.172607709750566940e+01
6.900000000000000355e+00,1.174929705215419595e+01
6.925000000000000711e+00,1.177251700680272073e+01
6.950000000000000178e+00,1.179573696145124728e+01
6.975000000000000533e+00,1.181895691609977206e+01
7.000000000000000000e+00,1.184217687074829861e+01
7.025000000000000355e+00,1.186539682539682516e+01
7.050000000000000711e+00,1.188861678004535172e+01
7.075000000000000178e+00,1.191183673469387649e+01
7.100000000000000533e+00,1.193505668934240305e+01
7.125000000000000000e+00,1.195827664399092960e+01
7.150000000000000355e+00,1.198149659863945438e+01
7.175000000000000711e+00,1.200471655328798093e+01
7.200000000000000178e+00,1.202793650793650926e+01
7.225000000000000533e+00,1.205115646258503581e+01
7.250000000000000000e+00,1.207437641723355881e+01
7.275000000000000355e+00,1.209759637188208714e+01
7.300000000000000711e+00,1.212081632653061192e+01
7.325000000000000178e+00,1.214403628117913847e+01
7.350000000000000533e+00,1.216725623582766680e+01
7.375000000000000000e+00,1.219047619047619158e+01
7.400000000000000355e+00,1.221369614512471813e+01
7.425000000000000711e+00,1.223691609977324291e+01
7.450000000000000178e+00,1.226013605442176946e+01
7.475000000000000533e+00,1.228335600907029423e+01
7.500000000000000000e+00,1.230657596371882079e+01
7.525000000000000355e+00,1.232979591836734556e+01
7.550000000000000711e+00,1.235301587301587212e+01
7.575000000000000178e+00,1.237623582766439867e+01
7.600000000000000533e+00,1.239945578231292522e+01
7.625000000000000000e+00,1.242267573696145000e+01
7.650000000000000355e+00,1.244589569160997655e+01
7.675000000000000711e+00,1.246911564625850133e+01
7.700000000000000178e+00,1.249233560090702966e+01
7.725000000000000533e+00,1.251555555555555443e+01
7.750000000000000000e+00,1.253877551020408276e+01
7.775000000000000355e+00,1.256199546485260754e+01
7.800000000000000711e+00,1.258521541950113409e+01
7.825000000000000178e+00,1.260843537414966242e+01
7.850000000000000533e+00,1.263165532879818720e+01
7.875000000000000000e+00,1.265487528344671375e+01
7.900000000000000355e+00,1.267809523809523853e+01
7.925000000000000711e+00,1.270131519274376508e+01
7.950000000000000178e+00,1.272453514739228986e+01
7.975000000000000533e+00,1.274775510204081641e+01
8.000000000000000000e+00,1.277097505668934119e+01
8.000000000000000000e+00,1.279419501133786774e+01
8.000000000000000000e+00,1.281741496598639429e+01
8.000000000000000000e+00,1.284063492063492085e+01
8.000000000000000000e+00,1.286385487528344562e+01
8.000000000000000000e+00,1.288707482993197218e+01
8.000000000000000000e+00,1.291029478458049695e+01
8.000000000000000000e+00,1.293351473922902350e+01
8.000000000000000000e+00,1.295673469387755006e+01
8.000000000000000000e+00,1.297995464852607839e+01
8.000000000000000000e+00,1.300317460317460316e+01
8.000000000000000000e+00,1.302639455782312972e+01
8.000000000000000000e+00,1.304961451247165805e+01
8.000000000000000000e+00,1.307283446712018282e+01
8.000000000000000000e+00,1.309605442176870937e+01
8.000000000000000000e+00,1.311927437641723415e+01
8.000000000000000000e+00,1.314249433106576070e+01
8.000000000000000000e+00,1.316571428571428548e+01
8.000000000000000000e+00,1.318893424036281203e+01
8.000000000000000000e+00,1.321215419501133681e+01
8.000000000000000000e+00,1.323537414965986336e+01
8.000000000000000000e+00,1.325859410430838992e+01
8.000000000000000000e+00,1.328181405895691469e+01
8.000000000000000000e+00,1.330503401360544125e+01
8.000000000000000000e+00,1.332825396825396780e+01
8.000000000000000000e+00,1.335147392290249257e+01
8.000000000000000000e+00,1.337469387755101913e+01
8.000000000000000000e+00,1.339791383219954568e+01
8.000000000000000000e+00,1.342113378684807401e+01
8.000000000000000000e+00,1.344435374149659879e+01
8.000000000000000000e+00,1.346757369614512534e+01
8.000000000000000000e+00,1.349079365079365012e+01
8.000000000000000000e+00,1.351401360544217845e+01
8.000000000000000000e+00,1.353723356009070500e+01
8.000000000000000000e+00,1.356045351473922977e+01
8.000000000000000000e+00,1.358367346938775633e+01
8.000000000000000000e+00,1.360689342403628110e+01
8.025000000000000355e+00,1.363011337868480766e+01
8.050000000000000711e+00,1.365333333333333243e+01
8.075000000000001066e+00,1.367655328798185899e+01
8.099999999999999645e+00,1.369977324263038554e+01
8.125000000000000000e+00,1.372299319727891032e+01
8.150000000000000355e+00,1.374621315192743687e+01
8.175000000000000711e+00,1.376943310657596342e+01
8.200000000000001066e+00,1.379265306122448820e+01
8.224999999999999645e+00,1.381587301587301475e+01
8.250000000000000000e+00,1.383909297052154130e+01
8.275000000000000355e+00,1.386231292517006963e+01
8.300000000000000711e+00,1.388553287981859441e+01
8.325000000000001066e+00,1.390875283446712096e+01
8.349999999999999645e+00,1.393197278911564574e+01
8.375000000000000000e+00,1.395519274376417229e+01
8.400000000000000355e+00,1.397841269841269884e+01
8.425000000000000711e+00,1.400163265306122540e+01
8.450000000000001066e+00,1.402485260770975017e+01
8.474999999999999645e+00,1.404807256235827673e+01
8.500000000000000000e+00,1.407129251700680328e+01
8.525000000000000355e+00,1.409451247165532806e+01
8.550000000000000711e+00,1.411773242630385461e+01
8.575000000000001066e+00,1.414095238095237939e+01
8.599999999999999645e+00,1.416417233560090594e+01
8.625000000000000000e+00,1.418739229024943249e+01
8.650000000000000355e+00,1.421061224489795904e+01
8.675000000000000711e+00,1.423383219954648382e+01
8.700000000000001066e+00,1.425705215419501037e+01
8.724999999999999645e+00,1.428027210884353693e+01
8.750000000000000000e+00,1.430349206349206526e+01
8.775000000000000355e+00,1.432671201814059003e+01
8.800000000000000711e+00,1.434993197278911659e+01
8.825000000000001066e+00,1.437315192743764136e+01
8.849999999999999645e+00,1.439637188208616791e+01
8.875000000000000000e+00,1.441959183673469447e+01
8.900000000000000355e+00,1.444281179138322102e+01
8.925000000000000711e+00,1.446603174603174757e+01
8.950000000000001066e+00,1.448925170068027235e+01
8.974999999999999645e+00,1.451247165532879890e+01
9.000000000000000000e+00,1.453569160997732368e+01
9.025000000000000355e+00,1.455891156462585023e+01
9.050000000000000711e+00,1.458213151927437501e+01
9.075000000000001066e+00,1.460535147392290156e+01
9.099999999999999645e+00,1.462857142857142811e+01
9.125000000000000000e+00,1.465179138321995467e+01
9.150000000000000355e+00,1.467501133786847944e+01
9.175000000000000711e+00,1.469823129251700600e+01
9.200000000000001066e+00,1.472145124716553077e+01
9.224999999999999645e+00,1.474467120181405733e+01
9.250000000000000000e+00,1.476789115646258566e+01
9.275000000000000355e+00,1.479111111111111221e+01
9.300000000000000711e+00,1.481433106575963521e+01
9.325000000000001066e+00,1.483755102040815999e+01
9.349999999999999645e+00,1.486077097505669009e+01
9.375000000000000000e+00,1.488399092970521664e+01
9.400000000000000355e+00,1.490721088435374142e+01
9.425000000000000711e+00,1.493043083900226797e+01
9.450000000000001066e+00,1.495365079365079453e+01
9.474999999999999645e+00,1.497687074829931930e+01
9.500000000000000000e+00,1.500009070294784586e+01
9.500000000000000000e+00,1.502331065759637063e+01
9.500000000000000000e+00,1.504653061224489718e+01
9.500000000000000000e+00,1.506975056689342374e+01
9.500000000000000000e+00,1.509297052154195029e+01
9.500000000000000000e+00,1.511619047619047507e+01
9.500000000000000000e+00,1.513941043083900162e+01
9.500000000000000000e+00,1.516263038548752640e+01
9.500000000000000000e+00,1.518585034013605295e+01
9.525000000000000355e+00,1.520907029478457773e+01
9.550000000000000711e+00,1.523229024943310783e+01
9.575000000000001066e+00,1.525551020408163083e+01
9.600000000000001421e+00,1.527873015873015561e+01
9.625000000000000000e+00,1.530195011337868571e+01
9.650000000000000355e+00,1.532517006802721227e+01
9.675000000000000711e+00,1.534839002267573704e+01
9.700000000000001066e+00,1.537160997732426360e+01
9.725000000000001421e+00,1.539482993197279015e+01
9.750000000000000000e+00,1.541804988662131493e+01
9.775000000000000355e+00,1.544126984126984148e+01
9.800000000000000711e+00,1.546448979591836626e+01
9.825000000000001066e+00,1.548770975056689281e+01
9.850000000000001421e+00,1.551092970521541936e+01
9.875000000000000000e+00,1.553414965986394414e+01
9.900000000000000355e+00,1.555736961451247069e+01
9.925000000000000711e+00,1.558058956916099724e+01
9.950000000000001066e+00,1.560380952380952202e+01
9.975000000000001421e+00,1.562702947845804857e+01
1.000000000000000000e+01,1.565024943310657335e+01
1.000000000000000000e+01,1.567346938775510345e+01
1.002500000000000036e+01,1.569668934240362645e+01
1.005000000000000071e+01,1.571990929705215123e+01
1.007500000000000107e+01,1.574312925170068134e+01
1.010000000000000142e+01,1.576634920634920789e+01
1.012500000000000000e+01,1.578956916099773267e+01
1.015000000000000036e+01,1.581278911564625922e+01
1.017500000000000071e+01,1.583600907029478577e+01
1.020000000000000107e+01,1.585922902494331055e+01
1.022500000000000142e+01,1.588244897959183710e+01
1.025000000000000000e+01,1.590566893424036188e+01
1.027500000000000036e+01,1.592888888888888843e+01
1.030000000000000071e+01,1.595210884353741321e+01
1.032500000000000107e+01,1.597532879818593976e+01
1.035000000000000142e+01,1.599854875283446631e+01
1.037500000000000000e+01,1.602176870748299109e+01
1.040000000000000036e+01,1.604498866213151942e+01
1.042500000000000071e+01,1.606820861678004420e+01
1.045000000000000107e+01,1.609142857142856897e+01
1.047500000000000142e+01,1.611464852607709375e+01
1.050000000000000000e+01,1.613786848072562208e+01
1.050000000000000000e+01,1.616108843537414685e+01
1.050000000000000000e+01,1.618430839002267518e+01
1.050000000000000000e+01,1.620752834467119996e+01
1.050000000000000000e+01,1.623074829931972829e+01
1.050000000000000000e+01,1.625396825396825307e+01
1.050000000000000000e+01,1.627718820861677784e+01
1.050000000000000000e+01,1.630040816326530617e+01
1.050000000000000000e+01,1.632362811791383095e+01
1.050000000000000000e+01,1.634684807256235928e+01
1.050000000000000000e+01,1.637006802721088405e+01
1.050000000000000000e+01,1.639328798185940883e+01
1.050000000000000000e+01,1.641650793650793361e+01
1.050000000000000000e+01,1.643972789115646194e+01
1.050000000000000000e+01,1.646294784580498671e+01
1.050000000000000000e+01,1.648616780045351504e+01
1.050000000000000000e+01,1.650938775510203982e+01
1.050000000000000000e+01,1.653260770975056460e+01
1.050000000000000000e+01,1.655582766439908937e+01
1.050000000000000000e+01,1.657904761904761770e+01
1.050000000000000000e+01,1.660226757369614248e+01
1.050000000000000000e+01,1.662548752834467081e+01
1.050000000000000000e+01,1.664870748299319558e+01
1.052500000000000036e+01,1.667192743764172391e+01
1.055000000000000071e+01,1.669514739229024869e+01
1.057500000000000107e+01,1.671836734693877347e+01
1.060000000000000142e+01,1.674158730158730179e+01
1.062500000000000000e+01,1.676480725623582657e+01
1.065000000000000036e+01,1.678802721088435490e+01
1.067500000000000071e+01,1.681124716553287968e+01
1.070000000000000107e+01,1.683446712018140445e+01
1.072500000000000142e+01,1.685768707482992923e+01
1.075000000000000000e+01,1.688090702947845756e+01
1.077500000000000036e+01,1.690412698412698234e+01
1.080000000000000071e+01,1.692734693877551067e+01
1.082500000000000107e+01,1.695056689342403544e+01
1.085000000000000142e+01,1.697378684807256022e+01
1.087500000000000000e+01,1.699700680272108855e+01
1.090000000000000036e+01,1.702022675736961332e+01
1.092500000000000071e+01,1.704344671201813810e+01
1.095000000000000107e+01,1.706666666666666643e+01
1.097500000000000142e+01,1.708988662131519476e+01
1.100000000000000000e+01,1.711310657596371954e+01
1.102500000000000036e+01,1.713632653061224431e+01
1.105000000000000071e+01,1.715954648526076909e+01
1.107500000000000107e+01,1.718276643990929742e+01
1.110000000000000142e+01,1.720598639455782219e+01
1.112500000000000000e+01,1.722920634920635052e+01
1.115000000000000036e+01,1.725242630385487530e+01
1.117500000000000071e+01,1.727564625850340008e+01
1.120000000000000107e+01,1.729886621315192485e+01
1.122500000000000142e+01,1.732208616780045318e+01
1.125000000000000000e+01,1.734530612244897796e+01
1.127500000000000036e+01,1.736852607709750629e+01
1.130000000000000071e+01,1.739174603174603106e+01
1.132500000000000107e+01,1.741496598639455584e+01
1.135000000000000142e+01,1.743818594104308062e+01
1.137500000000000000e+01,1.746140589569160895e+01
1.140000000000000036e+01,1.748462585034013372e+01
1.142500000000000071e+01,1.750784580498866205e+01
1.145000000000000107e+01,1.753106575963719038e+01
1.147500000000000142e+01,1.755428571428571516e+01
1.150000000000000000e+01,1.757750566893423994e+01
1.152500000000000036e+01,1.760072562358276471e+01
1.155000000000000071e+01,1.762394557823129304e+01
1.157500000000000107e+01,1.764716553287981782e+01
1.160000000000000142e+01,1.767038548752834615e+01
1.162500000000000000e+01,1.769360544217687092e+01
1.165000000000000036e+01,1.771682539682539570e+01
1.167500000000000071e+01,1.774004535147392048e+01
1.170000000000000107e+01,1.776326530612244881e+01
1.172500000000000142e+01,1.778648526077097358e+01
1.175000000000000000e+01,1.780970521541950191e+01
1.177500000000000036e+01,1.783292517006802669e+01
1.180000000000000071e+01,1.785614512471655146e+01
1.182500000000000107e+01,1.787936507936507979e+01
1.185000000000000142e+01,1.790258503401360457e+01
1.187500000000000000e+01,1.792580498866212935e+01
1.190000000000000036e+01,1.794902494331065768e+01
1.192500000000000071e+01,1.797224489795918601e+01
1.195000000000000107e+01,1.799546485260770723e+01
1.197500000000000142e+01,1.801868480725623556e+01
1.200000000000000000e+01,1.804190476190476033e+01
1.200000000000000000e+01,1.806512471655328511e+01
1.200000000000000000e+01,1.808834467120180989e+01
1.200000000000000000e+01,1.811156462585033822e+01
1.200000000000000000e+01,1.813478458049886655e+01
1.200000000000000000e+01,1.815800453514739488e+01
1.200000000000000000e+01,1.818122448979591965e+01
1.200000000000000000e+01,1.820444444444444443e+01
1.200000000000000000e+01,1.822766439909296921e+01
1.200000000000000000e+01,1.825088435374149753e+01
1.200000000000000000e+01,1.827410430839002231e+01
1.200000000000000000e+01,1.829732426303854709e+01
1.200000000000000000e+01,1.832054421768707186e+01
1.200000000000000000e+01,1.834376417233560019e+01
1.200000000000000000e+01,1.836698412698412497e+01
1.200000000000000000e+01,1.839020408163264975e+01
1.200000000000000000e+01,1.841342403628117808e+01
1.200000000000000000e+01,1.843664399092970285e+01
1.200000000000000000e+01,1.845986394557822763e+01
1.200000000000000000e+01,1.848308390022675241e+01
1.200000000000000000e+01,1.850630385487527718e+01
1.200000000000000000e+01,1.852952380952380551e+01
1.200000000000000000e+01,1.855274376417233384e+01
1.200000000000000000e+01,1.857596371882086217e+01
1.200000000000000000e+01,1.859918367346939050e+01
1.200000000000000000e+01,1.862240362811791528e+01
1.200000000000000000e+01,1.864562358276644005e+01
1.200000000000000000e+01,1.866884353741496483e+01
1.200000000000000000e+01,1.869206349206349316e+01
1.200000000000000000e+01,1.871528344671201793e+01
1.200000000000000000e+01,1.873850340136054271e+01
1.200000000000000000e+01,1.876172335600906749e+01
1.200000000000000000e+01,1.878494331065759582e+01
1.200000000000000000e+01,1.880816326530612059e+01
1.200000000000000000e+01,1.883138321995464537e+01
1.200000000000000000e+01,1.885460317460317015e+01
1.200000000000000000e+01,1.887782312925169848e+01
1.200000000000000000e+01,1.890104308390022325e+01
1.200000000000000000e+01,1.892426303854874803e+01
1.200000000000000000e+01,1.894748299319727636e+01
1.200000000000000000e+01,1.897070294784580113e+01
1.200000000000000000e+01,1.899392290249432946e+01
1.200000000000000000e+01,1.901714285714285779e+01
1.200000000000000000e+01,1.904036281179138612e+01
1.200000000000000000e+01,1.906358276643991090e+01
1.200000000000000000e+01,1.908680272108843212e+01
1.200000000000000000e+01,1.911002267573696045e+01
1.200000000000000000e+01,1.913324263038548878e+01
1.200000000000000000e+01,1.915646258503401356e+01
1.200000000000000000e+01,1.917968253968253833e+01
1.200000000000000000e+01,1.920290249433106311e+01
1.200000000000000000e+01,1.922612244897959144e+01
1.200000000000000000e+01,1.924934240362811622e+01
1.200000000000000000e+01,1.927256235827664099e+01
1.200000000000000000e+01,1.929578231292516932e+01
1.200000000000000000e+01,1.931900226757369410e+01
1.200000000000000000e+01,1.934222222222221887e+01
1.200000000000000000e+01,1.936544217687074365e+01
1.200000000000000000e+01,1.938866213151926843e+01
1.200000000000000000e+01,1.941188208616779676e+01
1.200000000000000000e+01,1.943510204081632509e+01
1.200000000000000000e+01,1.945832199546485342e+01
1.200000000000000000e+01,1.948154195011338174e+01
1.200000000000000000e+01,1.950476190476190652e+01
1.200000000000000000e+01,1.952798185941042775e+01
1.200000000000000000e+01,1.955120181405895607e+01
1.200000000000000000e+01,1.957442176870748440e+01
1.200000000000000000e+01,1.959764172335600918e+01
1.200000000000000000e+01,1.962086167800453396e+01
1.200000000000000000e+01,1.964408163265305873e+01
1.200000000000000000e+01,1.966730158730158706e+01
1.200000000000000000e+01,1.969052154195011184e+01
1.200000000000000000e+01,1.971374149659863662e+01
1.200000000000000000e+01,1.973696145124716139e+01
1.200000000000000000e+01,1.976018140589568972e+01
1.200000000000000000e+01,1.978340136054421450e+01
1.200000000000000000e+01,1.980662131519273927e+01
1.202500000000000036e+01,1.982984126984126760e+01
1.205000000000000071e+01,1.985306122448979238e+01
1.207500000000000107e+01,1.987628117913832071e+01
1.210000000000000142e+01,1.989950113378684904e+01
1.212500000000000000e+01,1.992272108843537737e+01
1.215000000000000036e+01,1.994594104308390214e+01
1.217500000000000071e+01,1.996916099773242337e+01
1.220000000000000107e+01,1.999238095238095170e+01
1.222500000000000142e+01,2.001560090702948003e+01
1.225000000000000000e+01,2.003882086167800480e+01
1.227500000000000036e+01,2.006204081632652958e+01
1.230000000000000071e+01,2.008526077097505436e+01
1.232500000000000107e+01,2.010848072562358269e+01
1.235000000000000142e+01,2.013170068027210746e+01
1.237500000000000000e+01,2.015492063492063224e+01
1.240000000000000036e+01,2.017814058956916057e+01
1.242500000000000071e+01,2.020136054421768534e+01
1.245000000000000107e+01,2.022458049886621012e+01
1.247500000000000142e+01,2.024780045351473490e+01
1.250000000000000000e+01,2.027102040816325967e+01
1.252500000000000036e+01,2.029424036281178800e+01
1.255000000000000071e+01,2.031746031746031278e+01
1.257500000000000107e+01,2.034068027210884466e+01
1.260000000000000142e+01,2.036390022675737299e+01
1.262500000000000000e+01,2.038712018140589777e+01
1.265000000000000036e+01,2.041034013605441899e+01
1.267500000000000071e+01,2.043356009070294732e+01
1.270000000000000107e+01,2.045678004535147565e+01
1.272500000000000142e+01,2.048000000000000043e+01
1.275000000000000000e+01,2.050321995464852520e+01
1.277500000000000036e+01,2.052643990929704998e+01
1.280000000000000071e+01,2.054965986394557831e+01
1.282500000000000107e+01,2.057287981859410309e+01
1.285000000000000142e+01,2.059609977324262786e+01
1.287500000000000000e+01,2.061931972789115264e+01
1.290000000000000036e+01,2.064253968253968097e+01
1.292500000000000071e+01,2.066575963718820930e+01
1.295000000000000107e+01,2.068897959183673052e+01
1.297500000000000142e+01,2.071219954648525885e+01
1.300000000000000000e+01,2.073541950113378363e+01
1.302500000000000036e+01,2.075863945578230840e+01
1.305000000000000071e+01,2.078185941043083318e+01
1.307500000000000107e+01,2.080507936507936506e+01
1.310000000000000142e+01,2.082829931972789339e+01
1.312500000000000000e+01,2.085151927437641817e+01
1.315000000000000036e+01,2.087473922902493939e+01
1.317500000000000071e+01,2.089795918367347127e+01
1.320000000000000107e+01,2.092117913832199605e+01
1.322500000000000142e+01,2.094439909297052083e+01
1.325000000000000000e+01,2.096761904761904560e+01
1.327500000000000036e+01,2.099083900226757393e+01
1.330000000000000071e+01,2.101405895691609871e+01
1.332500000000000107e+01,2.103727891156462348e+01
1.335000000000000142e+01,2.106049886621315181e+01
1.337500000000000000e+01,2.108371882086167659e+01
1.340000000000000036e+01,2.110693877551020137e+01
1.342500000000000071e+01,2.113015873015872614e+01
1.345000000000000107e+01,2.115337868480725092e+01
1.347500000000000142e+01,2.117659863945577925e+01
1.350000000000000000e+01,2.119981859410430758e+01
1.352500000000000036e+01,2.122303854875282880e+01
1.355000000000000071e+01,2.124625850340136068e+01
1.357500000000000107e+01,2.126947845804988901e+01
1.360000000000000142e+01,2.129269841269841379e+01
1.362500000000000000e+01,2.131591836734693501e+01
1.365000000000000036e+01,2.133913832199546690e+01
1.367500000000000071e+01,2.136235827664399167e+01
1.370000000000000107e+01,2.138557823129251645e+01
1.372500000000000142e+01,2.140879818594104123e+01
1.375000000000000000e+01,2.143201814058956955e+01
1.377500000000000036e+01,2.145523809523809433e+01
1.380000000000000071e+01,2.147845804988661911e+01
1.382500000000000107e+01,2.150167800453514388e+01
1.385000000000000142e+01,2.152489795918367221e+01
1.387500000000000000e+01,2.154811791383220054e+01
1.390000000000000036e+01,2.157133786848072177e+01
1.392500000000000071e+01,2.159455782312925010e+01
1.395000000000000107e+01,2.161777777777777487e+01
1.397500000000000142e+01,2.164099773242629965e+01
1.400000000000000000e+01,2.166421768707482443e+01
1.402500000000000036e+01,2.168743764172335631e+01
1.405000000000000071e+01,2.171065759637188108e+01
1.407500000000000107e+01,2.173387755102040941e+01
1.410000000000000142e+01,2.175709750566893064e+01
1.412500000000000000e+01,2.178031746031746252e+01
1.415000000000000036e+01,2.180353741496598730e+01
1.417500000000000071e+01,2.182675736961451207e+01
1.420000000000000107e+01,2.184997732426303685e+01
1.422500000000000142e+01,2.187319727891156518e+01
1.425000000000000000e+01,2.189641723356008995e+01
1.427500000000000036e+01,2.191963718820861473e+01
1.430000000000000071e+01,2.194285714285714306e+01
1.432500000000000107e+01,2.196607709750566784e+01
1.435000000000000142e+01,2.198929705215419261e+01
1.437500000000000000e+01,2.201251700680271739e+01
1.440000000000000036e+01,2.203573696145124217e+01
1.442500000000000071e+01,2.205895691609977050e+01
1.445000000000000107e+01,2.208217687074829882e+01
1.447500000000000142e+01,2.210539682539682005e+01
1.450000000000000000e+01,2.212861678004535193e+01
1.450000000000000000e+01,2.215183673469387671e+01
1.450000000000000000e+01,2.217505668934240504e+01
1.450000000000000000e+01,2.219827664399092626e+01
1.450000000000000000e+01,2.222149659863945814e+01
1.450000000000000000e+01,2.224471655328798292e+01
1.450000000000000000e+01,2.226793650793650770e+01
1.450000000000000000e+01,2.229115646258503247e+01
1.450000000000000000e+01,2.231437641723356080e+01
1.450000000000000000e+01,2.233759637188208558e+01
1.450000000000000000e+01,2.236081632653061035e+01
1.450000000000000000e+01,2.238403628117913513e+01
1.450000000000000000e+01,2.240725623582766346e+01
1.450000000000000000e+01,2.243047619047619179e+01
1.450000000000000000e+01,2.245369614512471301e+01
1.450000000000000000e+01,2.247691609977324134e+01
1.450000000000000000e+01,2.250013605442176612e+01
1.450000000000000000e+01,2.252335600907029090e+01
1.450000000000000000e+01,2.254657596371881567e+01
1.450000000000000000e+01,2.256979591836734755e+01
1.450000000000000000e+01,2.259301587301586878e+01
1.450000000000000000e+01,2.261623582766439711e+01
1.450000000000000000e+01,2.263945578231292188e+01
1.450000000000000000e+01,2.266267573696145377e+01
1.450000000000000000e+01,2.268589569160997854e+01
1.450000000000000000e+01,2.270911564625850332e+01
1.450000000000000000e+01,2.273233560090702454e+01
1.450000000000000000e+01,2.275555555555555642e+01
1.450000000000000000e+01,2.277877551020408120e+01
1.450000000000000000e+01,2.280199546485260598e+01
1.452500000000000036e+01,2.282521541950113431e+01
1.455000000000000071e+01,2.284843537414965908e+01
1.457500000000000107e+01,2.287165532879818386e+01
1.460000000000000142e+01,2.289487528344670864e+01
1.462500000000000000e+01,2.291809523809523341e+01
1.465000000000000036e+01,2.294131519274376174e+01
1.467500000000000071e+01,2.296453514739229007e+01
1.470000000000000107e+01,2.298775510204081129e+01
1.472500000000000142e+01,2.301097505668933962e+01
1.475000000000000000e+01,2.303419501133786440e+01
1.477500000000000036e+01,2.305741496598639628e+01
1.480000000000000071e+01,2.308063492063491751e+01
1.482500000000000107e+01,2.310385487528344939e+01
1.485000000000000142e+01,2.312707482993197416e+01
1.487500000000000000e+01,2.315029478458049894e+01
1.490000000000000036e+01,2.317351473922902017e+01
1.492500000000000071e+01,2.319673469387755205e+01
1.495000000000000107e+01,2.321995464852607682e+01
1.497500000000000142e+01,2.324317460317460160e+01
1.500000000000000000e+01,2.326639455782312638e+01
1.502500000000000036e+01,2.328961451247165471e+01
1.505000000000000071e+01,2.331283446712017948e+01
1.507500000000000107e+01,2.333605442176870426e+01
1.510000000000000142e+01,2.335927437641723259e+01
1.512500000000000000e+01,2.338249433106575736e+01
1.515000000000000036e+01,2.340571428571428214e+01
1.517500000000000071e+01,2.342893424036280692e+01
1.520000000000000107e+01,2.345215419501133169e+01
1.522500000000000142e+01,2.347537414965986002e+01
1.525000000000000000e+01,2.349859410430838835e+01
1.527500000000000036e+01,2.352181405895691313e+01
1.530000000000000071e+01,2.354503401360544501e+01
1.532500000000000107e+01,2.356825396825396979e+01
1.535000000000000142e+01,2.359147392290249456e+01
1.537500000000000000e+01,2.361469387755101579e+01
1.540000000000000036e+01,2.363791383219954767e+01
1.542500000000000071e+01,2.366113378684807245e+01
1.545000000000000107e+01,2.368435374149659722e+01
1.547500000000000142e+01,2.370757369614512200e+01
1.550000000000000000e+01,2.373079365079365033e+01
1.550000000000000000e+01,2.375401360544217511e+01
1.550000000000000000e+01,2.377723356009069988e+01
1.550000000000000000e+01,2.380045351473922466e+01
1.550000000000000000e+01,2.382367346938775299e+01
1.550000000000000000e+01,2.384689342403628132e+01
1.550000000000000000e+01,2.387011337868480254e+01
1.550000000000000000e+01,2.389333333333333087e+01
1.550000000000000000e+01,2.391655328798185565e+01
1.550000000000000000e+01,2.393977324263038753e+01
1.550000000000000000e+01,2.396299319727890875e+01
1.550000000000000000e+01,2.398621315192744063e+01
1.550000000000000000e+01,2.400943310657596541e+01
1.550000000000000000e+01,2.403265306122449019e+01
1.550000000000000000e+01,2.405587301587301496e+01
1.550000000000000000e+01,2.407909297052153974e+01
1.550000000000000000e+01,2.410231292517006807e+01
1.550000000000000000e+01,2.412553287981859285e+01
1.550000000000000000e+01,2.414875283446711762e+01
1.550000000000000000e+01,2.417197278911564595e+01
1.550000000000000000e+01,2.419519274376417073e+01
1.550000000000000000e+01,2.421841269841269551e+01
1.550000000000000000e+01,2.424163265306122383e+01
1.550000000000000000e+01,2.426485260770974861e+01
1.550000000000000000e+01,2.428807256235827339e+01
1.550000000000000000e+01,2.431129251700679816e+01
1.550000000000000000e+01,2.433451247165532294e+01
1.550000000000000000e+01,2.435773242630385127e+01
1.550000000000000000e+01,2.438095238095237960e+01
1.550000000000000000e+01,2.440417233560090082e+01
1.550000000000000000e+01,2.442739229024943270e+01
1.550000000000000000e+01,2.445061224489796103e+01
1.550000000000000000e+01,2.447383219954648581e+01
1.550000000000000000e+01,2.449705215419501059e+01
1.552500000000000036e+01,2.452027210884353536e+01
1.555000000000000071e+01,2.454349206349206369e+01
1.557500000000000107e+01,2.456671201814058847e+01
1.560000000000000142e+01,2.458993197278911325e+01
1.562500000000000000e+01,2.461315192743764158e+01
1.565000000000000036e+01,2.463637188208616635e+01
1.567500000000000071e+01,2.465959183673469113e+01
1.570000000000000107e+01,2.468281179138321590e+01
1.572500000000000142e+01,2.470603174603174423e+01
1.575000000000000000e+01,2.472925170068027256e+01
1.577500000000000036e+01,2.475247165532879379e+01
1.580000000000000071e+01,2.477569160997732212e+01
1.582500000000000107e+01,2.479891156462584689e+01
1.585000000000000142e+01,2.482213151927437167e+01
1.587500000000000000e+01,2.484535147392289645e+01
1.590000000000000036e+01,2.486857142857142833e+01
1.592500000000000071e+01,2.489179138321995666e+01
1.595000000000000107e+01,2.491501133786848143e+01
1.597500000000000142e+01,2.493823129251700621e+01
1.600000000000000000e+01,2.496145124716553099e+01
1.600000000000000000e+01,2.498467120181405932e+01
1.600000000000000000e+01,2.500789115646258409e+01
1.600000000000000000e+01,2.503111111111110887e+01
1.600000000000000000e+01,2.505433106575963720e+01
1.600000000000000000e+01,2.507755102040816197e+01
1.600000000000000000e+01,2.510077097505668675e+01
1.600000000000000000e+01,2.512399092970521508e+01
1.600000000000000000e+01,2.514721088435373986e+01
1.600000000000000000e+01,2.517043083900226463e+01
1.600000000000000000e+01,2.519365079365078941e+01
1.600000000000000000e+01,2.521687074829931419e+01
1.600000000000000000e+01,2.524009070294784252e+01
1.600000000000000000e+01,2.526331065759637085e+01
1.600000000000000000e+01,2.528653061224489207e+01
1.600000000000000000e+01,2.530975056689342040e+01
1.600000000000000000e+01,2.533297052154195228e+01
1.600000000000000000e+01,2.535619047619047706e+01
1.600000000000000000e+01,2.537941043083900183e+01
1.600000000000000000e+01,2.540263038548752661e+01
1.600000000000000000e+01,2.542585034013605494e+01
1.600000000000000000e+01,2.544907029478457972e+01
1.600000000000000000e+01,2.547229024943310449e+01
1.600000000000000000e+01,2.549551020408163282e+01
1.600000000000000000e+01,2.551873015873015760e+01
1.600000000000000000e+01,2.554195011337868237e+01
1.600000000000000000e+01,2.556517006802720715e+01
1.600000000000000000e+01,2.558839002267573548e+01
1.600000000000000000e+01,2.561160997732426381e+01
1.600000000000000000e+01,2.563482993197278503e+01
1.600000000000000000e+01,2.565804988662131336e+01
1.600000000000000000e+01,2.568126984126983814e+01
1.600000000000000000e+01,2.570448979591836292e+01
1.602500000000000213e+01,2.572770975056688769e+01
1.605000000000000071e+01,2.575092970521541602e+01
1.607499999999999929e+01,2.577414965986394790e+01
1.610000000000000142e+01,2.579736961451247268e+01
1.612500000000000000e+01,2.582058956916099746e+01
1.615000000000000213e+01,2.584380952380952223e+01
1.617500000000000071e+01,2.586702947845805056e+01
1.619999999999999929e+01,2.589024943310657534e+01
1.622500000000000142e+01,2.591346938775510012e+01
1.625000000000000000e+01,2.593668934240362489e+01
1.627500000000000213e+01,2.595990929705215322e+01
1.630000000000000071e+01,2.598312925170067800e+01
1.632499999999999929e+01,2.600634920634920633e+01
1.635000000000000142e+01,2.602956916099773110e+01
1.637500000000000000e+01,2.605278911564625588e+01
1.640000000000000213e+01,2.607600907029478066e+01
1.642500000000000071e+01,2.609922902494330543e+01
1.644999999999999929e+01,2.612244897959183376e+01
1.647500000000000142e+01,2.614566893424036209e+01
1.650000000000000000e+01,2.616888888888888332e+01
1.652500000000000213e+01,2.619210884353741164e+01
1.655000000000000071e+01,2.621532879818593997e+01
1.657499999999999929e+01,2.623854875283446830e+01
1.660000000000000142e+01,2.626176870748299308e+01
1.662500000000000000e+01,2.628498866213151786e+01
1.665000000000000213e+01,2.630820861678004619e+01
1.667500000000000071e+01,2.633142857142857096e+01
1.669999999999999929e+01,2.635464852607709574e+01
1.672500000000000142e+01,2.637786848072562051e+01
1.675000000000000000e+01,2.640108843537414884e+01
1.677500000000000213e+01,2.642430839002267362e+01
1.680000000000000071e+01,2.644752834467119840e+01
1.682499999999999929e+01,2.647074829931972673e+01
1.685000000000000142e+01,2.649396825396825506e+01
1.687500000000000000e+01,2.651718820861677628e+01
1.690000000000000213e+01,2.654040816326530461e+01
1.692500000000000071e+01,2.656362811791382939e+01
1.694999999999999929e+01,2.658684807256235416e+01
1.697500000000000142e+01,2.661006802721087894e+01
1.700000000000000000e+01,2.663328798185940727e+01
1.702500000000000213e+01,2.665650793650793560e+01
1.705000000000000071e+01,2.667972789115646393e+01
1.707499999999999929e+01,2.670294784580498870e+01
1.710000000000000142e+01,2.672616780045351348e+01
1.712500000000000000e+01,2.674938775510204181e+01
1.715000000000000213e+01,2.677260770975056658e+01
1.717500000000000071e+01,2.679582766439909136e+01
1.719999999999999929e+01,2.681904761904761614e+01
1.722500000000000142e+01,2.684226757369614447e+01
1.725000000000000000e+01,2.686548752834466924e+01
1.727500000000000213e+01,2.688870748299319757e+01
1.730000000000000071e+01,2.691192743764172235e+01
1.732499999999999929e+01,2.693514739229024713e+01
1.735000000000000142e+01,2.695836734693877190e+01
1.737500000000000000e+01,2.698158730158729668e+01
1.740000000000000213e+01,2.700480725623582501e+01
1.742500000000000071e+01,2.702802721088435334e+01
1.744999999999999929e+01,2.705124716553287456e+01
1.747500000000000142e+01,2.707446712018140289e+01
1.750000000000000000e+01,2.709768707482992767e+01
1.752500000000000213e+01,2.712090702947845955e+01
1.755000000000000071e+01,2.714412698412698433e+01
1.757499999999999929e+01,2.716734693877550910e+01
1.760000000000000142e+01,2.719056689342403743e+01
1.762500000000000000e+01,2.721378684807256221e+01
1.765000000000000213e+01,2.723700680272108698e+01
1.767500000000000071e+01,2.726022675736961176e+01
1.769999999999999929e+01,2.728344671201814009e+01
1.772500000000000142e+01,2.730666666666666487e+01
1.775000000000000000e+01,2.732988662131518964e+01
1.777500000000000213e+01,2.735310657596371797e+01
1.780000000000000071e+01,2.737632653061224630e+01
1.782499999999999929e+01,2.739954648526076753e+01
1.785000000000000142e+01,2.742276643990929585e+01
1.787500000000000000e+01,2.744598639455782063e+01
1.790000000000000213e+01,2.746920634920634541e+01
1.792500000000000071e+01,2.749242630385487018e+01
1.794999999999999929e+01,2.751564625850339496e+01
1.797500000000000142e+01,2.753886621315192329e+01
1.800000000000000000e+01,2.756208616780045162e+01
1.800000000000000000e+01,2.758530612244897995e+01
1.800000000000000000e+01,2.760852607709750473e+01
1.800000000000000000e+01,2.763174603174603305e+01
1.800000000000000000e+01,2.765496598639455783e+01
1.800000000000000000e+01,2.767818594104308261e+01
1.800000000000000000e+01,2.770140589569160738e+01
1.800000000000000000e+01,2.772462585034013571e+01
1.800000000000000000e+01,2.774784580498866049e+01
1.800000000000000000e+01,2.777106575963718527e+01
1.800000000000000000e+01,2.779428571428571360e+01
1.800000000000000000e+01,2.781750566893423837e+01
1.800000000000000000e+01,2.784072562358276315e+01
1.800000000000000000e+01,2.786394557823128793e+01
1.800000000000000000e+01,2.788716553287981625e+01
1.800000000000000000e+01,2.791038548752834458e+01
1.800000000000000000e+01,2.793360544217686581e+01
1.800000000000000000e+01,2.795682539682539414e+01
1.800000000000000000e+01,2.798004535147391891e+01
1.800000000000000000e+01,2.800326530612245080e+01
1.800000000000000000e+01,2.802648526077097557e+01
1.800000000000000000e+01,2.804970521541949680e+01
1.800000000000000000e+01,2.807292517006802512e+01
1.800000000000000000e+01,2.809614512471655345e+01
1.800000000000000000e+01,2.811936507936507823e+01
1.800000000000000000e+01,2.814258503401360301e+01
1.800000000000000000e+01,2.816580498866213134e+01
1.800000000000000000e+01,2.818902494331065611e+01
1.800000000000000000e+01,2.821224489795918089e+01
1.800000000000000000e+01,2.823546485260770922e+01
1.800000000000000000e+01,2.825868480725623400e+01
1.802500000000000213e+01,2.828190476190475877e+01
1.805000000000000071e+01,2.830512471655328710e+01
1.807499999999999929e+01,2.832834467120181188e+01
1.810000000000000142e+01,2.835156462585033665e+01
1.812500000000000000e+01,2.837478458049886143e+01
1.815000000000000213e+01,2.839800453514738621e+01
1.817500000000000071e+01,2.842122448979591454e+01
1.819999999999999929e+01,2.844444444444444287e+01
1.822500000000000142e+01,2.846766439909297119e+01
1.825000000000000000e+01,2.849088435374149242e+01
1.827500000000000213e+01,2.851410430839002075e+01
1.830000000000000071e+01,2.853732426303854908e+01
1.832499999999999929e+01,2.856054421768707385e+01
1.835000000000000142e+01,2.858376417233559863e+01
1.837500000000000000e+01,2.860698412698412696e+01
1.840000000000000213e+01,2.863020408163265174e+01
1.842500000000000071e+01,2.865342403628117651e+01
1.844999999999999929e+01,2.867664399092970484e+01
1.847500000000000142e+01,2.869986394557822962e+01
1.850000000000000000e+01,2.872308390022675439e+01
1.852500000000000213e+01,2.874630385487527917e+01
1.855000000000000071e+01,2.876952380952380750e+01
1.857499999999999929e+01,2.879274376417233583e+01
1.860000000000000142e+01,2.881596371882085705e+01
1.862500000000000000e+01,2.883918367346938538e+01
1.865000000000000213e+01,2.886240362811791016e+01
1.867500000000000071e+01,2.888562358276643494e+01
1.869999999999999929e+01,2.890884353741495971e+01
1.872500000000000142e+01,2.893206349206348804e+01
1.875000000000000000e+01,2.895528344671201637e+01
1.877500000000000213e+01,2.897850340136054470e+01
1.880000000000000071e+01,2.900172335600906948e+01
1.882499999999999929e+01,2.902494331065759781e+01
1.885000000000000142e+01,2.904816326530611903e+01
1.887500000000000000e+01,2.907138321995464736e+01
1.890000000000000213e+01,2.909460317460317214e+01
1.892500000000000071e+01,2.911782312925170046e+01
1.894999999999999929e+01,2.914104308390022524e+01
1.897500000000000142e+01,2.916426303854875002e+01
1.900000000000000000e+01,2.918748299319727835e+01
1.902500000000000213e+01,2.921070294784580312e+01
1.905000000000000071e+01,2.923392290249432790e+01
1.907499999999999929e+01,2.925714285714285268e+01
1.910000000000000142e+01,2.928036281179137745e+01
1.912500000000000000e+01,2.930358276643990578e+01
1.915000000000000213e+01,2.932680272108843411e+01
1.917500000000000071e+01,2.935002267573695534e+01
1.920000000000000284e+01,2.937324263038548722e+01
1.922500000000000142e+01,2.939646258503401199e+01
1.925000000000000000e+01,2.941968253968254032e+01
1.927500000000000213e+01,2.944290249433106510e+01
1.930000000000000071e+01,2.946612244897959343e+01
1.932500000000000284e+01,2.948934240362811465e+01
1.935000000000000142e+01,2.951256235827664298e+01
1.937500000000000000e+01,2.953578231292516776e+01
1.940000000000000213e+01,2.955900226757369609e+01
1.942500000000000071e+01,2.958222222222222086e+01
1.945000000000000284e+01,2.960544217687074564e+01
1.947500000000000142e+01,2.962866213151927042e+01
1.950000000000000000e+01,2.965188208616779875e+01
1.950000000000000000e+01,2.967510204081632708e+01
1.950000000000000000e+01,2.969832199546484830e+01
1.950000000000000000e+01,2.972154195011337663e+01
1.950000000000000000e+01,2.974476190476190141e+01
1.950000000000000000e+01,2.976798185941042618e+01
1.950000000000000000e+01,2.979120181405895096e+01
1.950000000000000000e+01,2.981442176870747929e+01
1.950000000000000000e+01,2.983764172335600762e+01
1.950000000000000000e+01,2.986086167800453595e+01
1.950000000000000000e+01,2.988408163265306072e+01
1.950000000000000000e+01,2.990730158730158905e+01
1.950000000000000000e+01,2.993052154195011028e+01
1.950000000000000000e+01,2.995374149659863861e+01
1.950000000000000000e+01,2.997696145124716338e+01
1.950000000000000000e+01,3.000018140589569171e+01
1.950000000000000000e+01,3.002340136054421649e+01
1.950000000000000000e+01,3.004662131519274126e+01
1.952500000000000213e+01,3.006984126984126959e+01
1.955000000000000071e+01,3.009306122448979437e+01
1.957500000000000284e+01,3.011628117913831915e+01
1.960000000000000142e+01,3.013950113378684392e+01
1.962500000000000000e+01,3.016272108843536870e+01
1.965000000000000213e+01,3.018594104308389703e+01
1.967500000000000071e+01,3.020916099773242536e+01
1.970000000000000284e+01,3.023238095238094658e+01
1.972500000000000142e+01,3.025560090702947846e+01
1.975000000000000000e+01,3.027882086167800324e+01
1.977500000000000213e+01,3.030204081632653157e+01
1.980000000000000071e+01,3.032526077097505635e+01
1.982500000000000284e+01,3.034848072562358468e+01
1.985000000000000142e+01,3.037170068027210590e+01
1.987500000000000000e+01,3.039492063492063423e+01
1.990000000000000213e+01,3.041814058956915900e+01
1.992500000000000071e+01,3.044136054421768733e+01
1.995000000000000284e+01,3.046458049886621211e+01
1.997500000000000142e+01,3.048780045351473689e+01
2.000000000000000000e+01,3.051102040816326166e+01
2.002500000000000213e+01,3.053424036281178999e+01
2.005000000000000071e+01,3.055746031746031832e+01
2.007500000000000284e+01,3.058068027210883955e+01
2.010000000000000142e+01,3.060390022675736788e+01
2.012500000000000000e+01,3.062712018140589265e+01
2.015000000000000213e+01,3.065034013605441743e+01
2.017500000000000071e+01,3.067356009070294220e+01
2.020000000000000284e+01,3.069678004535147053e+01
2.022500000000000142e+01,3.071999999999999886e+01
2.025000000000000000e+01,3.074321995464852719e+01
2.027500000000000213e+01,3.076643990929705197e+01
2.030000000000000071e+01,3.078965986394558030e+01
2.032500000000000284e+01,3.081287981859410152e+01
2.035000000000000142e+01,3.083609977324262985e+01
2.037500000000000000e+01,3.085931972789115463e+01
2.040000000000000213e+01,3.088253968253968296e+01
2.042500000000000071e+01,3.090575963718820773e+01
2.045000000000000284e+01,3.092897959183673251e+01
2.047500000000000142e+01,3.095219954648526084e+01
2.050000000000000000e+01,3.097541950113378562e+01
2.052500000000000213e+01,3.099863945578231039e+01
2.055000000000000071e+01,3.102185941043083517e+01
2.057500000000000284e+01,3.104507936507935995e+01
2.060000000000000142e+01,3.106829931972788827e+01
2.062500000000000000e+01,3.109151927437641660e+01
2.065000000000000213e+01,3.111473922902493783e+01
2.067500000000000071e+01,3.113795918367346971e+01
2.070000000000000284e+01,3.116117913832199449e+01
2.072500000000000142e+01,3.118439909297052282e+01
2.075000000000000000e+01,3.120761904761904759e+01
2.077500000000000213e+01,3.123083900226757237e+01
2.080000000000000071e+01,3.125405895691609715e+01
2.082500000000000284e+01,3.127727891156462547e+01
2.085000000000000142e+01,3.130049886621315025e+01
2.087500000000000000e+01,3.132371882086167858e+01
2.090000000000000213e+01,3.134693877551020336e+01
2.092500000000000071e+01,3.137015873015872813e+01
2.095000000000000284e+01,3.139337868480725291e+01
2.097500000000000142e+01,3.141659863945578124e+01
2.100000000000000000e+01,3.143981859410430957e+01
2.100000000000000000e+01,3.146303854875283079e+01
2.100000000000000000e+01,3.148625850340135912e+01
2.100000000000000000e+01,3.150947845804988390e+01
2.100000000000000000e+01,3.153269841269840867e+01
2.100000000000000000e+01,3.155591836734693345e+01
2.100000000000000000e+01,3.157913832199546178e+01
2.100000000000000000e+01,3.160235827664399011e+01
2.100000000000000000e+01,3.162557823129251844e+01
2.100000000000000000e+01,3.164879818594104322e+01
2.100000000000000000e+01,3.167201814058956799e+01
2.100000000000000000e+01,3.169523809523809277e+01
2.100000000000000000e+01,3.171845804988662110e+01
2.100000000000000000e+01,3.174167800453514587e+01
2.100000000000000000e+01,3.176489795918367420e+01
2.100000000000000000e+01,3.178811791383219898e+01
2.100000000000000000e+01,3.181133786848072376e+01
2.100000000000000000e+01,3.183455782312925209e+01
2.100000000000000000e+01,3.185777777777777686e+01
2.100000000000000000e+01,3.188099773242630164e+01
2.100000000000000000e+01,3.190421768707482642e+01
2.100000000000000000e+01,3.192743764172335119e+01
2.100000000000000000e+01,3.195065759637187952e+01
2.100000000000000000e+01,3.197387755102040430e+01
2.100000000000000000e+01,3.199709750566892907e+01
2.100000000000000000e+01,3.202031746031745740e+01
2.100000000000000000e+01,3.204353741496598218e+01
2.100000000000000000e+01,3.206675736961450696e+01
2.100000000000000000e+01,3.208997732426303173e+01
2.100000000000000000e+01,3.211319727891155651e+01
2.100000000000000000e+01,3.213641723356008839e+01
2.100000000000000000e+01,3.215963718820862027e+01
2.100000000000000000e+01,3.218285714285714505e+01
2.100000000000000000e+01,3.220607709750566272e+01
2.100000000000000000e+01,3.222929705215418750e+01
2.100000000000000000e+01,3.225251700680271938e+01
2.100000000000000000e+01,3.227573696145124416e+01
2.100000000000000000e+01,3.229895691609976893e+01
2.100000000000000000e+01,3.232217687074829371e+01
2.100000000000000000e+01,3.234539682539682559e+01
2.100000000000000000e+01,3.236861678004535037e+01
2.100000000000000000e+01,3.239183673469387514e+01
2.100000000000000000e+01,3.241505668934239992e+01
2.100000000000000000e+01,3.243827664399092470e+01
2.100000000000000000e+01,3.246149659863944947e+01
2.100000000000000000e+01,3.248471655328797425e+01
2.100000000000000000e+01,3.250793650793650613e+01
2.100000000000000000e+01,3.253115646258503091e+01
2.100000000000000000e+01,3.255437641723355569e+01
2.100000000000000000e+01,3.257759637188208046e+01
2.100000000000000000e+01,3.260081632653060524e+01
2.100000000000000000e+01,3.262403628117913712e+01
2.100000000000000000e+01,3.264725623582765479e+01
2.100000000000000000e+01,3.267047619047618667e+01
2.100000000000000000e+01,3.269369614512471856e+01
2.100000000000000000e+01,3.271691609977324333e+01
2.100000000000000000e+01,3.274013605442176811e+01
2.100000000000000000e+01,3.276335600907029288e+01
2.100000000000000000e+01,3.278657596371881766e+01
2.100000000000000000e+01,3.280979591836734244e+01
2.100000000000000000e+01,3.283301587301586721e+01
2.100000000000000000e+01,3.285623582766439199e+01
2.100000000000000000e+01,3.287945578231292387e+01
2.100000000000000000e+01,3.290267573696144865e+01
2.100000000000000000e+01,3.292589569160997343e+01
2.100000000000000000e+01,3.294911564625849820e+01
2.100000000000000000e+01,3.297233560090702298e+01
2.100000000000000000e+01,3.299555555555554776e+01
2.100000000000000000e+01,3.301877551020407253e+01
2.100000000000000000e+01,3.304199546485260441e+01
2.102500000000000213e+01,3.306521541950112919e+01
2.105000000000000071e+01,3.308843537414965397e+01
2.107500000000000284e+01,3.311165532879817874e+01
2.110000000000000142e+01,3.313487528344670352e+01
2.112500000000000000e+01,3.315809523809523540e+01
2.115000000000000213e+01,3.318131519274375307e+01
2.117500000000000071e+01,3.320453514739228496e+01
2.120000000000000284e+01,3.322775510204081684e+01
2.122500000000000142e+01,3.325097505668934161e+01
2.125000000000000000e+01,3.327419501133786639e+01
2.127500000000000213e+01,3.329741496598639117e+01
2.130000000000000071e+01,3.332063492063491594e+01
2.132500000000000284e+01,3.334385487528344072e+01
2.135000000000000142e+01,3.336707482993196550e+01
2.137500000000000000e+01,3.339029478458049027e+01
2.140000000000000213e+01,3.341351473922902215e+01
2.142500000000000071e+01,3.343673469387754693e+01
2.145000000000000284e+01,3.345995464852607171e+01
2.147500000000000142e+01,3.348317460317459648e+01
2.150000000000000000e+01,3.350639455782312126e+01
2.152500000000000213e+01,3.352961451247164604e+01
2.155000000000000071e+01,3.355283446712017792e+01
2.157500000000000284e+01,3.357605442176870270e+01
2.160000000000000142e+01,3.359927437641723458e+01
2.162500000000000000e+01,3.362249433106575225e+01
2.165000000000000213e+01,3.364571428571427703e+01
2.167500000000000071e+01,3.366893424036280180e+01
2.170000000000000284e+01,3.369215419501133368e+01
2.172500000000000142e+01,3.371537414965985846e+01
2.175000000000000000e+01,3.373859410430838324e+01
2.177500000000000213e+01,3.376181405895691512e+01
2.180000000000000071e+01,3.378503401360543990e+01
2.182500000000000284e+01,3.380825396825396467e+01
2.185000000000000142e+01,3.383147392290248945e+01
2.187500000000000000e+01,3.385469387755101422e+01
2.190000000000000213e+01,3.387791383219953900e+01
2.192500000000000071e+01,3.390113378684806378e+01
2.195000000000000284e+01,3.392435374149658855e+01
2.197500000000000142e+01,3.394757369614512044e+01
2.200000000000000000e+01,3.397079365079364521e+01
2.200000000000000000e+01,3.399401360544216999e+01
2.200000000000000000e+01,3.401723356009069477e+01
2.200000000000000000e+01,3.404045351473922665e+01
2.200000000000000000e+01,3.406367346938774432e+01
2.200000000000000000e+01,3.408689342403627620e+01
2.200000000000000000e+01,3.411011337868480098e+01
2.200000000000000000e+01,3.413333333333333286e+01
2.200000000000000000e+01,3.415655328798185053e+01
2.200000000000000000e+01,3.417977324263037531e+01
2.200000000000000000e+01,3.420299319727890719e+01
2.200000000000000000e+01,3.422621315192743197e+01
2.202500000000000213e+01,3.424943310657595674e+01
2.205000000000000071e+01,3.427265306122448152e+01
2.207500000000000284e+01,3.429587301587301340e+01
2.210000000000000142e+01,3.431909297052153818e+01
2.212500000000000000e+01,3.434231292517006295e+01
2.215000000000000213e+01,3.436553287981858773e+01
2.217500000000000071e+01,3.438875283446711251e+01
2.220000000000000284e+01,3.441197278911563728e+01
2.222500000000000142e+01,3.443519274376416917e+01
2.225000000000000000e+01,3.445841269841269394e+01
2.227500000000000213e+01,3.448163265306122582e+01
2.230000000000000071e+01,3.450485260770974349e+01
2.232500000000000284e+01,3.452807256235826827e+01
2.235000000000000142e+01,3.455129251700679305e+01
2.237500000000000000e+01,3.457451247165532493e+01
2.240000000000000213e+01,3.459773242630384971e+01
2.242500000000000071e+01,3.462095238095237448e+01
2.245000000000000284e+01,3.464417233560089926e+01
2.247500000000000142e+01,3.466739229024943114e+01
2.250000000000000000e+01,3.469061224489795592e+01
2.252500000000000213e+01,3.471383219954648069e+01
2.255000000000000071e+01,3.473705215419500547e+01
2.257500000000000284e+01,3.476027210884353025e+01
2.260000000000000142e+01,3.478349206349205502e+01
2.262500000000000000e+01,3.480671201814058691e+01
2.265000000000000213e+01,3.482993197278911168e+01
2.267500000000000071e+01,3.485315192743763646e+01
2.270000000000000284e+01,3.487637188208616124e+01
2.272500000000000142e+01,3.489959183673468601e+01
2.275000000000000000e+01,3.492281179138321789e+01
2.277500000000000213e+01,3.494603174603173557e+01
2.280000000000000071e+01,3.496925170068026745e+01
2.282500000000000284e+01,3.499247165532879933e+01
2.285000000000000142e+01,3.501569160997732411e+01
2.287500000000000000e+01,3.503891156462584178e+01
2.290000000000000213e+01,3.506213151927437366e+01
2.292500000000000071e+01,3.508535147392289844e+01
2.295000000000000284e+01,3.510857142857142321e+01
2.297500000000000142e+01,3.513179138321994799e+01
2.300000000000000000e+01,3.515501133786847276e+01
2.300000000000000000e+01,3.517823129251700465e+01
2.300000000000000000e+01,3.520145124716552942e+01
2.302500000000000213e+01,3.522467120181405420e+01
2.305000000000000071e+01,3.524789115646257898e+01
2.307500000000000284e+01,3.527111111111110375e+01
2.310000000000000142e+01,3.529433106575962853e+01
2.312500000000000000e+01,3.531755102040816041e+01
2.315000000000000213e+01,3.534077097505668519e+01
2.317500000000000071e+01,3.536399092970521707e+01
2.320000000000000284e+01,3.538721088435373474e+01
2.322500000000000142e+01,3.541043083900225952e+01
2.325000000000000000e+01,3.543365079365078429e+01
2.327500000000000213e+01,3.545687074829931618e+01
2.330000000000000071e+01,3.548009070294784095e+01
2.332500000000000284e+01,3.550331065759636573e+01
2.335000000000000142e+01,3.552653061224489761e+01
2.337500000000000000e+01,3.554975056689342239e+01
2.340000000000000213e+01,3.557297052154194716e+01
2.342500000000000071e+01,3.559619047619047194e+01
2.345000000000000284e+01,3.561941043083899672e+01
2.347500000000000142e+01,3.564263038548752149e+01
2.350000000000000000e+01,3.566585034013604627e+01
2.350000000000000000e+01,3.568907029478457105e+01
2.350000000000000000e+01,3.571229024943310293e+01
2.350000000000000000e+01,3.573551020408162771e+01
2.350000000000000000e+01,3.575873015873015248e+01
2.350000000000000000e+01,3.578195011337867726e+01
2.350000000000000000e+01,3.580517006802720203e+01
2.350000000000000000e+01,3.582839002267572681e+01
2.350000000000000000e+01,3.585160997732425869e+01
2.350000000000000000e+01,3.587482993197278347e+01
2.350000000000000000e+01,3.589804988662131535e+01
2.350000000000000000e+01,3.592126984126983302e+01
2.350000000000000000e+01,3.594448979591835780e+01
2.350000000000000000e+01,3.596770975056688968e+01
2.350000000000000000e+01,3.599092970521541446e+01
2.350000000000000000e+01,3.601414965986393923e+01
2.350000000000000000e+01,3.603736961451245691e+01
2.350000000000000000e+01,3.606058956916098879e+01
2.352500000000000213e+01,3.608380952380952067e+01
2.355000000000000071e+01,3.610702947845804545e+01
2.357500000000000284e+01,3.613024943310657022e+01
2.360000000000000142e+01,3.615346938775509500e+01
2.362500000000000000e+01,3.617668934240361978e+01
2.365000000000000213e+01,3.619990929705214455e+01
2.367500000000000071e+01,3.622312925170066933e+01
2.370000000000000284e+01,3.624634920634920832e+01
2.372500000000000142e+01,3.626956916099773309e+01
2.375000000000000000e+01,3.629278911564625076e+01
2.377500000000000213e+01,3.631600907029477554e+01
2.380000000000000071e+01,3.633922902494330742e+01
2.382500000000000284e+01,3.636244897959182509e+01
2.385000000000000142e+01,3.638566893424034987e+01
2.387500000000000000e+01,3.640888888888888175e+01
2.390000000000000213e+01,3.643210884353741363e+01
2.392500000000000071e+01,3.645532879818593841e+01
2.395000000000000284e+01,3.647854875283446319e+01
2.397500000000000142e+01,3.650176870748298796e+01
2.400000000000000000e+01,3.652498866213151274e+01
2.400000000000000000e+01,3.654820861678003752e+01
2.400000000000000000e+01,3.657142857142856940e+01
2.400000000000000000e+01,3.659464852607709417e+01
2.400000000000000000e+01,3.661786848072561895e+01
2.400000000000000000e+01,3.664108843537414373e+01
2.400000000000000000e+01,3.666430839002266850e+01
2.400000000000000000e+01,3.668752834467119328e+01
2.400000000000000000e+01,3.671074829931971806e+01
2.400000000000000000e+01,3.673396825396824283e+01
2.400000000000000000e+01,3.675718820861676761e+01
2.400000000000000000e+01,3.678040816326530660e+01
2.400000000000000000e+01,3.680362811791383137e+01
2.400000000000000000e+01,3.682684807256235615e+01
2.400000000000000000e+01,3.685006802721088093e+01
2.400000000000000000e+01,3.687328798185940570e+01
2.400000000000000000e+01,3.689650793650792338e+01
2.400000000000000000e+01,3.691972789115644815e+01
2.400000000000000000e+01,3.694294784580498003e+01
2.400000000000000000e+01,3.696616780045351192e+01
2.400000000000000000e+01,3.698938775510203669e+01
2.400000000000000000e+01,3.701260770975056147e+01
2.400000000000000000e+01,3.703582766439908625e+01
2.400000000000000000e+01,3.705904761904761102e+01
2.400000000000000000e+01,3.708226757369613580e+01
2.400000000000000000e+01,3.710548752834466768e+01
2.400000000000000000e+01,3.712870748299319956e+01
2.400000000000000000e+01,3.715192743764172434e+01
2.402500000000000213e+01,3.717514739229024201e+01
2.405000000000000071e+01,3.719836734693876679e+01
2.407500000000000284e+01,3.722158730158729867e+01
2.410000000000000142e+01,3.724480725623581634e+01
2.412500000000000000e+01,3.726802721088434112e+01
2.415000000000000213e+01,3.729124716553286589e+01
2.417500000000000071e+01,3.731446712018140488e+01
2.420000000000000284e+01,3.733768707482992966e+01
2.422500000000000142e+01,3.736090702947845443e+01
2.425000000000000000e+01,3.738412698412697921e+01
2.427500000000000213e+01,3.740734693877550399e+01
2.430000000000000071e+01,3.743056689342402876e+01
2.432500000000000284e+01,3.745378684807255354e+01
2.435000000000000142e+01,3.747700680272108542e+01
2.437500000000000000e+01,3.750022675736961020e+01
2.440000000000000213e+01,3.752344671201813497e+01
2.442500000000000071e+01,3.754666666666665975e+01
2.445000000000000284e+01,3.756988662131518453e+01
2.447500000000000142e+01,3.759310657596370930e+01
2.450000000000000000e+01,3.761632653061223408e+01
2.452500000000000213e+01,3.763954648526076596e+01
2.455000000000000071e+01,3.766276643990929784e+01
2.457500000000000284e+01,3.768598639455782262e+01
2.460000000000000142e+01,3.770920634920634029e+01
2.462500000000000000e+01,3.773242630385486507e+01
2.465000000000000213e+01,3.775564625850339695e+01
2.467500000000000071e+01,3.777886621315191462e+01
2.470000000000000284e+01,3.780208616780043940e+01
2.472500000000000142e+01,3.782530612244896417e+01
2.475000000000000000e+01,3.784852607709750316e+01
2.477500000000000213e+01,3.787174603174602794e+01
2.480000000000000071e+01,3.789496598639455271e+01
2.482500000000000284e+01,3.791818594104307749e+01
2.485000000000000142e+01,3.794140589569160227e+01
2.487500000000000000e+01,3.796462585034012704e+01
2.490000000000000213e+01,3.798784580498865182e+01
2.492500000000000071e+01,3.801106575963718370e+01
2.495000000000000284e+01,3.803428571428571558e+01
2.497500000000000142e+01,3.805750566893423326e+01
2.500000000000000000e+01,3.808072562358275803e+01
2.502500000000000213e+01,3.810394557823128991e+01
2.505000000000000071e+01,3.812716553287980759e+01
2.507500000000000284e+01,3.815038548752833236e+01
2.510000000000000142e+01,3.817360544217686424e+01
2.512500000000000000e+01,3.819682539682539613e+01
2.515000000000000213e+01,3.822004535147392090e+01
2.517500000000000071e+01,3.824326530612244568e+01
2.520000000000000284e+01,3.826648526077097046e+01
2.522500000000000142e+01,3.828970521541949523e+01
2.525000000000000000e+01,3.831292517006802001e+01
2.527500000000000213e+01,3.833614512471655189e+01
2.530000000000000071e+01,3.835936507936507667e+01
2.532500000000000284e+01,3.838258503401360144e+01
2.535000000000000142e+01,3.840580498866212622e+01
2.537500000000000000e+01,3.842902494331065100e+01
2.540000000000000213e+01,3.845224489795917577e+01
2.542500000000000071e+01,3.847546485260770055e+01
2.545000000000000284e+01,3.849868480725622533e+01
2.547500000000000142e+01,3.852190476190475010e+01
2.550000000000000000e+01,3.854512471655328909e+01
2.552500000000000213e+01,3.856834467120181387e+01
2.555000000000000071e+01,3.859156462585033154e+01
2.557500000000000284e+01,3.861478458049885631e+01
2.560000000000000142e+01,3.863800453514738820e+01
2.562500000000000000e+01,3.866122448979590587e+01
2.565000000000000213e+01,3.868444444444443064e+01
2.567500000000000071e+01,3.870766439909296253e+01
2.570000000000000284e+01,3.873088435374149441e+01
2.572500000000000142e+01,3.875410430839001918e+01
2.575000000000000000e+01,3.877732426303854396e+01
2.577500000000000213e+01,3.880054421768706874e+01
2.580000000000000071e+01,3.882376417233559351e+01
2.582500000000000284e+01,3.884698412698411829e+01
2.585000000000000142e+01,3.887020408163265017e+01
2.587500000000000000e+01,3.889342403628117495e+01
2.590000000000000213e+01,3.891664399092970683e+01
2.592500000000000071e+01,3.893986394557822450e+01
2.595000000000000284e+01,3.896308390022674928e+01
2.597500000000000142e+01,3.898630385487528116e+01
2.600000000000000000e+01,3.900952380952379883e+01
2.600000000000000000e+01,3.903274376417232361e+01
2.600000000000000000e+01,3.905596371882084838e+01
2.600000000000000000e+01,3.907918367346938737e+01
2.600000000000000000e+01,3.910240362811791215e+01
2.600000000000000000e+01,3.912562358276643693e+01
2.600000000000000000e+01,3.914884353741496170e+01
2.600000000000000000e+01,3.917206349206348648e+01
2.600000000000000000e+01,3.919528344671201125e+01
2.600000000000000000e+01,3.921850340136053603e+01
2.600000000000000000e+01,3.924172335600906081e+01
2.600000000000000000e+01,3.926494331065759269e+01
2.600000000000000000e+01,3.928816326530611747e+01
2.600000000000000000e+01,3.931138321995464224e+01
2.600000000000000000e+01,3.933460317460316702e+01
2.600000000000000000e+01,3.935782312925169180e+01
2.600000000000000000e+01,3.938104308390021657e+01
2.600000000000000000e+01,3.940426303854874845e+01
2.600000000000000000e+01,3.942748299319728034e+01
2.600000000000000000e+01,3.945070294784580511e+01
2.600000000000000000e+01,3.947392290249432278e+01
2.600000000000000000e+01,3.949714285714284756e+01
2.600000000000000000e+01,3.952036281179137944e+01
2.600000000000000000e+01,3.954358276643989711e+01
2.600000000000000000e+01,3.956680272108842189e+01
2.600000000000000000e+01,3.959002267573694667e+01
2.600000000000000000e+01,3.961324263038548565e+01
2.600000000000000000e+01,3.963646258503401043e+01
2.600000000000000000e+01,3.965968253968253521e+01
2.600000000000000000e+01,3.968290249433105998e+01
2.600000000000000000e+01,3.970612244897958476e+01
2.600000000000000000e+01,3.972934240362810954e+01
2.600000000000000000e+01,3.975256235827663431e+01
2.600000000000000000e+01,3.977578231292516620e+01
2.600000000000000000e+01,3.979900226757369808e+01
2.600000000000000000e+01,3.982222222222221575e+01
2.600000000000000000e+01,3.984544217687074052e+01
2.600000000000000000e+01,3.986866213151927241e+01
2.600000000000000000e+01,3.989188208616779008e+01
2.602500000000000213e+01,3.991510204081631485e+01
2.605000000000000071e+01,3.993832199546484674e+01
2.607500000000000284e+01,3.996154195011337862e+01
2.610000000000000142e+01,3.998476190476190339e+01
2.612500000000000000e+01,4.000798185941042817e+01
2.615000000000000213e+01,4.003120181405895295e+01
2.617500000000000071e+01,4.005442176870747772e+01
2.620000000000000284e+01,4.007764172335600250e+01
2.622500000000000142e+01,4.010086167800452728e+01
2.625000000000000000e+01,4.012408163265305205e+01
2.627500000000000213e+01,4.014730158730158394e+01
2.630000000000000071e+01,4.017052154195010871e+01
2.632500000000000284e+01,4.019374149659863349e+01
2.635000000000000142e+01,4.021696145124715827e+01
2.637500000000000000e+01,4.024018140589568304e+01
2.640000000000000213e+01,4.026340136054420782e+01
2.642500000000000071e+01,4.028662131519273260e+01
2.645000000000000284e+01,4.030984126984127158e+01
2.647500000000000142e+01,4.033306122448979636e+01
2.650000000000000000e+01,4.035628117913831403e+01
2.652500000000000213e+01,4.037950113378683881e+01
2.655000000000000071e+01,4.040272108843537069e+01
2.657500000000000284e+01,4.042594104308388836e+01
2.660000000000000142e+01,4.044916099773241314e+01
2.662500000000000000e+01,4.047238095238094502e+01
2.665000000000000213e+01,4.049560090702947690e+01
2.667500000000000071e+01,4.051882086167800168e+01
2.670000000000000284e+01,4.054204081632652645e+01
2.672500000000000142e+01,4.056526077097505123e+01
2.675000000000000000e+01,4.058848072562357601e+01
2.677500000000000213e+01,4.061170068027210078e+01
2.680000000000000071e+01,4.063492063492063266e+01
2.682500000000000284e+01,4.065814058956915744e+01
2.685000000000000142e+01,4.068136054421768222e+01
2.687500000000000000e+01,4.070458049886620699e+01
2.690000000000000213e+01,4.072780045351473177e+01
2.692500000000000071e+01,4.075102040816325655e+01
2.695000000000000284e+01,4.077424036281178132e+01
2.697500000000000142e+01,4.079746031746030610e+01
2.700000000000000000e+01,4.082068027210883088e+01
2.702500000000000213e+01,4.084390022675736986e+01
2.705000000000000071e+01,4.086712018140589464e+01
2.707500000000000284e+01,4.089034013605441231e+01
2.710000000000000142e+01,4.091356009070293709e+01
2.712500000000000000e+01,4.093678004535146897e+01
2.715000000000000213e+01,4.095999999999998664e+01
2.717500000000000071e+01,4.098321995464851142e+01
2.720000000000000284e+01,4.100643990929704330e+01
2.722500000000000142e+01,4.102965986394557518e+01
2.725000000000000000e+01,4.105287981859409996e+01
2.727500000000000213e+01,4.107609977324262474e+01
2.730000000000000071e+01,4.109931972789114951e+01
2.732500000000000284e+01,4.112253968253967429e+01
2.735000000000000142e+01,4.114575963718819906e+01
2.737500000000000000e+01,4.116897959183673095e+01
2.740000000000000213e+01,4.119219954648525572e+01
2.742500000000000071e+01,4.121541950113378761e+01
2.745000000000000284e+01,4.123863945578231238e+01
2.747500000000000142e+01,4.126185941043083005e+01
2.750000000000000000e+01,4.128507936507935483e+01
2.750000000000000000e+01,4.130829931972787961e+01
2.750000000000000000e+01,4.133151927437640438e+01
2.750000000000000000e+01,4.135473922902492916e+01
2.750000000000000000e+01,4.137795918367346104e+01
2.750000000000000000e+01,4.140117913832199292e+01
2.750000000000000000e+01,4.142439909297051770e+01
2.750000000000000000e+01,4.144761904761904248e+01
2.750000000000000000e+01,4.147083900226756725e+01
2.750000000000000000e+01,4.149405895691609203e+01
2.750000000000000000e+01,4.151727891156461681e+01
2.750000000000000000e+01,4.154049886621314869e+01
2.750000000000000000e+01,4.156371882086167346e+01
2.750000000000000000e+01,4.158693877551019824e+01
2.750000000000000000e+01,4.161015873015872302e+01
2.750000000000000000e+01,4.163337868480724779e+01
2.750000000000000000e+01,4.165659863945577257e+01
2.750000000000000000e+01,4.167981859410429735e+01
2.750000000000000000e+01,4.170303854875282923e+01
2.750000000000000000e+01,4.172625850340135401e+01
2.750000000000000000e+01,4.174947845804988589e+01
2.750000000000000000e+01,4.177269841269841066e+01
2.752500000000000213e+01,4.179591836734692833e+01
2.755000000000000071e+01,4.181913832199546022e+01
2.757500000000000284e+01,4.184235827664397789e+01
2.760000000000000142e+01,4.186557823129250266e+01
2.762500000000000000e+01,4.188879818594103455e+01
2.765000000000000213e+01,4.191201814058956643e+01
2.767500000000000071e+01,4.193523809523809120e+01
2.770000000000000284e+01,4.195845804988661598e+01
2.772500000000000142e+01,4.198167800453514076e+01
2.775000000000000000e+01,4.200489795918366553e+01
2.777500000000000213e+01,4.202811791383219031e+01
2.780000000000000071e+01,4.205133786848071509e+01
2.782500000000000284e+01,4.207455782312924697e+01
2.785000000000000142e+01,4.209777777777777175e+01
2.787500000000000000e+01,4.212099773242630363e+01
2.790000000000000213e+01,4.214421768707482130e+01
2.792500000000000071e+01,4.216743764172334608e+01
2.795000000000000284e+01,4.219065759637187085e+01
2.797500000000000142e+01,4.221387755102039563e+01
2.800000000000000000e+01,4.223709750566892751e+01
2.800000000000000000e+01,4.226031746031745229e+01
2.800000000000000000e+01,4.228353741496598417e+01
2.800000000000000000e+01,4.230675736961450895e+01
2.800000000000000000e+01,4.232997732426303372e+01
2.800000000000000000e+01,4.235319727891155850e+01
2.800000000000000000e+01,4.237641723356008328e+01
2.800000000000000000e+01,4.239963718820861516e+01
2.802500000000000213e+01,4.242285714285713993e+01
2.805000000000000071e+01,4.244607709750567182e+01
2.807500000000000284e+01,4.246929705215418949e+01
2.810000000000000142e+01,4.249251700680271426e+01
2.812500000000000000e+01,4.251573696145123904e+01
2.815000000000000213e+01,4.253895691609976382e+01
2.817500000000000071e+01,4.256217687074828859e+01
2.820000000000000284e+01,4.258539682539681337e+01
2.822500000000000142e+01,4.260861678004534525e+01
2.825000000000000000e+01,4.263183673469387713e+01
2.827500000000000213e+01,4.265505668934240191e+01
2.830000000000000071e+01,4.267827664399091958e+01
2.832500000000000284e+01,4.270149659863945146e+01
2.835000000000000142e+01,4.272471655328796913e+01
2.837500000000000000e+01,4.274793650793649391e+01
2.840000000000000213e+01,4.277115646258502579e+01
2.842500000000000071e+01,4.279437641723355057e+01
2.845000000000000284e+01,4.281759637188208245e+01
2.847500000000000142e+01,4.284081632653060723e+01
2.850000000000000000e+01,4.286403628117913200e+01
2.850000000000000000e+01,4.288725623582765678e+01
2.850000000000000000e+01,4.291047619047618156e+01
2.850000000000000000e+01,4.293369614512471344e+01
2.850000000000000000e+01,4.295691609977323822e+01
2.850000000000000000e+01,4.298013605442177010e+01
2.852500000000000213e+01,4.300335600907029487e+01
2.855000000000000071e+01,4.302657596371881255e+01
2.857500000000000284e+01,4.304979591836733732e+01
2.860000000000000142e+01,4.307301587301586210e+01
2.862500000000000000e+01,4.309623582766438687e+01
2.865000000000000213e+01,4.311945578231291165e+01
2.867500000000000071e+01,4.314267573696144353e+01
2.870000000000000284e+01,4.316589569160997542e+01
2.872500000000000142e+01,4.318911564625850019e+01
2.875000000000000000e+01,4.321233560090701786e+01
2.877500000000000213e+01,4.323555555555554974e+01
2.880000000000000071e+01,4.325877551020407452e+01
2.882500000000000284e+01,4.328199546485259930e+01
2.885000000000000142e+01,4.330521541950113118e+01
2.887500000000000000e+01,4.332843537414965596e+01
2.890000000000000213e+01,4.335165532879818073e+01
2.892500000000000071e+01,4.337487528344670551e+01
2.895000000000000284e+01,4.339809523809523029e+01
2.897500000000000142e+01,4.342131519274375506e+01
2.900000000000000000e+01,4.344453514739227984e+01
2.900000000000000000e+01,4.346775510204081172e+01
2.900000000000000000e+01,4.349097505668933650e+01
2.902500000000000213e+01,4.351419501133786838e+01
2.905000000000000071e+01,4.353741496598639316e+01
2.907500000000000284e+01,4.356063492063491083e+01
2.910000000000000142e+01,4.358385487528344271e+01
2.912500000000000000e+01,4.360707482993196038e+01
2.915000000000000213e+01,4.363029478458048516e+01
2.917500000000000071e+01,4.365351473922900993e+01
2.920000000000000284e+01,4.367673469387754182e+01
2.922500000000000142e+01,4.369995464852607370e+01
2.925000000000000000e+01,4.372317460317459847e+01
2.927500000000000213e+01,4.374639455782312325e+01
2.930000000000000071e+01,4.376961451247164803e+01
2.932500000000000284e+01,4.379283446712017280e+01
2.935000000000000142e+01,4.381605442176869758e+01
2.937500000000000000e+01,4.383927437641722946e+01
2.940000000000000213e+01,4.386249433106575424e+01
2.942500000000000071e+01,4.388571428571428612e+01
2.945000000000000284e+01,4.390893424036280379e+01
2.947500000000000142e+01,4.393215419501132857e+01
2.950000000000000000e+01,4.395537414965985334e+01
2.950000000000000000e+01,4.397859410430837812e+01
2.950000000000000000e+01,4.400181405895691000e+01
2.950000000000000000e+01,4.402503401360543478e+01
2.952500000000000213e+01,4.404825396825396666e+01
2.955000000000000071e+01,4.407147392290249144e+01
2.957500000000000284e+01,4.409469387755100911e+01
2.960000000000000142e+01,4.411791383219954099e+01
2.962500000000000000e+01,4.414113378684806577e+01
2.965000000000000213e+01,4.416435374149659054e+01
2.967500000000000071e+01,4.418757369614511532e+01
2.970000000000000284e+01,4.421079365079364720e+01
2.972500000000000142e+01,4.423401360544217198e+01
2.975000000000000000e+01,4.425723356009069676e+01
2.977500000000000213e+01,4.428045351473922153e+01
2.980000000000000071e+01,4.430367346938774631e+01
2.982500000000000284e+01,4.432689342403627109e+01
2.985000000000000142e+01,4.435011337868479586e+01
2.987500000000000000e+01,4.437333333333332774e+01
2.990000000000000213e+01,4.439655328798185963e+01
2.992500000000000071e+01,4.441977324263038440e+01
2.995000000000000284e+01,4.444299319727890207e+01
2.997500000000000142e+01,4.446621315192743396e+01
3.000000000000000000e+01,4.448943310657595163e+01
3.000000000000000000e+01,4.451265306122447640e+01
3.000000000000000000e+01,4.453587301587300828e+01
3.000000000000000000e+01,4.455909297052153306e+01
3.000000000000000000e+01,4.458231292517006494e+01
3.000000000000000000e+01,4.460553287981858972e+01
3.000000000000000000e+01,4.462875283446711450e+01
3.000000000000000000e+01,4.465197278911563927e+01
3.000000000000000000e+01,4.467519274376416405e+01
3.000000000000000000e+01,4.469841269841269593e+01
3.000000000000000000e+01,4.472163265306122071e+01
3.000000000000000000e+01,4.474485260770975259e+01
3.000000000000000000e+01,4.476807256235827026e+01
3.000000000000000000e+01,4.479129251700679504e+01
3.000000000000000000e+01,4.481451247165531981e+01
3.000000000000000000e+01,4.483773242630384459e+01
3.000000000000000000e+01,4.486095238095236937e+01
3.000000000000000000e+01,4.488417233560089414e+01
3.000000000000000000e+01,4.490739229024942603e+01
3.000000000000000000e+01,4.493061224489795791e+01
3.000000000000000000e+01,4.495383219954648268e+01
3.000000000000000000e+01,4.497705215419500036e+01
3.002500000000000213e+01,4.500027210884353224e+01
3.005000000000000071e+01,4.502349206349205701e+01
3.007500000000000284e+01,4.504671201814058179e+01
3.010000000000000142e+01,4.506993197278910657e+01
3.012500000000000000e+01,4.509315192743763845e+01
3.015000000000000213e+01,4.511637188208616323e+01
3.017500000000000071e+01,4.513959183673468800e+01
3.020000000000000284e+01,4.516281179138321278e+01
3.022500000000000142e+01,4.518603174603173755e+01
3.025000000000000000e+01,4.520925170068026233e+01
3.027500000000000213e+01,4.523247165532879421e+01
3.030000000000000071e+01,4.525569160997731899e+01
3.032500000000000284e+01,4.527891156462585087e+01
3.035000000000000142e+01,4.530213151927437565e+01
3.037500000000000000e+01,4.532535147392289332e+01
3.040000000000000213e+01,4.534857142857142520e+01
3.042500000000000071e+01,4.537179138321994287e+01
3.045000000000000284e+01,4.539501133786846765e+01
3.047500000000000142e+01,4.541823129251699243e+01
3.050000000000000000e+01,4.544145124716552431e+01
3.052500000000000213e+01,4.546467120181405619e+01
3.055000000000000071e+01,4.548789115646258097e+01
3.057500000000000284e+01,4.551111111111110574e+01
3.060000000000000142e+01,4.553433106575963052e+01
3.062500000000000000e+01,4.555755102040815530e+01
3.065000000000000213e+01,4.558077097505668007e+01
3.067500000000000071e+01,4.560399092970521195e+01
3.070000000000000284e+01,4.562721088435373673e+01
3.072500000000000142e+01,4.565043083900226151e+01
3.075000000000000000e+01,4.567365079365078628e+01
3.077500000000000213e+01,4.569687074829931106e+01
3.080000000000000071e+01,4.572009070294783584e+01
3.082500000000000284e+01,4.574331065759636061e+01
3.085000000000000142e+01,4.576653061224489250e+01
3.087500000000000000e+01,4.578975056689341727e+01
3.090000000000000213e+01,4.581297052154194915e+01
3.092500000000000071e+01,4.583619047619047393e+01
3.095000000000000284e+01,4.585941043083899160e+01
3.097500000000000142e+01,4.588263038548752348e+01
3.100000000000000000e+01,4.590585034013604115e+01
3.102500000000000213e+01,4.592907029478456593e+01
3.105000000000000071e+01,4.595229024943309781e+01
3.107500000000000284e+01,4.597551020408162969e+01
3.110000000000000142e+01,4.599873015873015447e+01
3.112500000000000000e+01,4.602195011337867925e+01
3.115000000000000213e+01,4.604517006802720402e+01
3.117500000000000071e+01,4.606839002267572880e+01
3.120000000000000284e+01,4.609160997732425358e+01
3.122500000000000142e+01,4.611482993197277835e+01
3.125000000000000000e+01,4.613804988662131024e+01
3.127500000000000213e+01,4.616126984126983501e+01
3.130000000000000071e+01,4.618448979591836689e+01
3.132500000000000284e+01,4.620770975056688457e+01
3.135000000000000142e+01,4.623092970521540934e+01
3.137500000000000000e+01,4.625414965986393412e+01
3.140000000000000213e+01,4.627736961451245890e+01
3.142500000000000071e+01,4.630058956916099078e+01
3.145000000000000284e+01,4.632380952380951555e+01
3.147500000000000142e+01,4.634702947845804744e+01
3.150000000000000000e+01,4.637024943310657221e+01
3.152500000000000213e+01,4.639346938775509699e+01
3.155000000000000071e+01,4.641668934240362177e+01
3.157500000000000284e+01,4.643990929705214654e+01
3.160000000000000142e+01,4.646312925170067842e+01
3.162500000000000000e+01,4.648634920634920320e+01
3.165000000000000213e+01,4.650956916099773508e+01
3.167500000000000071e+01,4.653278911564625275e+01
3.170000000000000284e+01,4.655600907029477753e+01
3.172500000000000142e+01,4.657922902494330231e+01
3.175000000000000000e+01,4.660244897959182708e+01
3.177500000000000213e+01,4.662566893424035186e+01
3.180000000000000071e+01,4.664888888888887664e+01
3.182500000000000284e+01,4.667210884353740852e+01
3.185000000000000142e+01,4.669532879818594040e+01
3.187500000000000000e+01,4.671854875283446518e+01
3.190000000000000213e+01,4.674176870748298285e+01
3.192500000000000071e+01,4.676498866213151473e+01
3.195000000000000284e+01,4.678820861678003240e+01
3.197500000000000142e+01,4.681142857142855718e+01
3.200000000000000000e+01,4.683464852607708906e+01
3.200000000000000000e+01,4.685786848072562094e+01
3.200000000000000000e+01,4.688108843537414572e+01
3.200000000000000000e+01,4.690430839002267049e+01
3.200000000000000000e+01,4.692752834467119527e+01
3.200000000000000000e+01,4.695074829931972005e+01
3.200000000000000000e+01,4.697396825396824482e+01
3.200000000000000000e+01,4.699718820861677671e+01
3.200000000000000000e+01,4.702040816326530148e+01
3.200000000000000000e+01,4.704362811791383336e+01
3.200000000000000000e+01,4.706684807256235814e+01
3.200000000000000000e+01,4.709006802721087581e+01
3.200000000000000000e+01,4.711328798185940059e+01
3.200000000000000000e+01,4.713650793650792536e+01
3.200000000000000000e+01,4.715972789115645014e+01
3.200000000000000000e+01,4.718294784580497492e+01
3.200000000000000000e+01,4.720616780045350680e+01
3.202499999999999858e+01,4.722938775510203868e+01
3.205000000000000426e+01,4.725260770975056346e+01
3.207500000000000284e+01,4.727582766439908823e+01
3.210000000000000142e+01,4.729904761904761301e+01
3.212500000000000000e+01,4.732226757369613779e+01
3.214999999999999858e+01,4.734548752834466256e+01
3.217500000000000426e+01,4.736870748299319445e+01
3.220000000000000284e+01,4.739192743764171922e+01
3.222500000000000142e+01,4.741514739229024400e+01
3.225000000000000000e+01,4.743836734693876878e+01
3.227499999999999858e+01,4.746158730158729355e+01
3.230000000000000426e+01,4.748480725623581833e+01
3.232500000000000284e+01,4.750802721088434311e+01
3.235000000000000142e+01,4.753124716553287499e+01
3.237500000000000000e+01,4.755446712018139976e+01
3.239999999999999858e+01,4.757768707482993165e+01
3.242500000000000426e+01,4.760090702947845642e+01
3.245000000000000284e+01,4.762412698412697409e+01
3.247500000000000142e+01,4.764734693877550598e+01
3.250000000000000000e+01,4.767056689342402365e+01
3.252499999999999858e+01,4.769378684807254842e+01
3.255000000000000426e+01,4.771700680272107320e+01
3.257500000000000284e+01,4.774022675736960508e+01
3.260000000000000142e+01,4.776344671201813696e+01
3.262500000000000000e+01,4.778666666666666174e+01
3.264999999999999858e+01,4.780988662131518652e+01
3.267500000000000426e+01,4.783310657596371129e+01
3.270000000000000284e+01,4.785632653061223607e+01
3.272500000000000142e+01,4.787954648526076085e+01
3.275000000000000000e+01,4.790276643990929273e+01
3.277499999999999858e+01,4.792598639455781750e+01
3.280000000000000426e+01,4.794920634920634939e+01
3.282500000000000284e+01,4.797242630385486706e+01
3.285000000000000142e+01,4.799564625850339183e+01
3.287500000000000000e+01,4.801886621315191661e+01
3.289999999999999858e+01,4.804208616780044139e+01
3.292500000000000426e+01,4.806530612244897327e+01
3.295000000000000284e+01,4.808852607709749805e+01
3.297500000000000142e+01,4.811174603174602993e+01
3.300000000000000000e+01,4.813496598639455470e+01
3.302499999999999858e+01,4.815818594104307948e+01
3.305000000000000426e+01,4.818140589569160426e+01
3.307500000000000284e+01,4.820462585034012193e+01
3.310000000000000142e+01,4.822784580498865381e+01
3.312500000000000000e+01,4.825106575963717859e+01
3.314999999999999858e+01,4.827428571428571047e+01
3.317500000000000426e+01,4.829750566893423525e+01
3.320000000000000284e+01,4.832072562358276002e+01
3.322500000000000142e+01,4.834394557823128480e+01
3.325000000000000000e+01,4.836716553287980958e+01
3.327499999999999858e+01,4.839038548752833435e+01
3.330000000000000426e+01,4.841360544217685913e+01
3.332500000000000284e+01,4.843682539682539101e+01
3.335000000000000142e+01,4.846004535147391579e+01
3.337500000000000000e+01,4.848326530612244767e+01
3.339999999999999858e+01,4.850648526077097245e+01
3.342500000000000426e+01,4.852970521541949722e+01
3.345000000000000284e+01,4.855292517006801489e+01
3.347500000000000142e+01,4.857614512471653967e+01
3.350000000000000000e+01,4.859936507936507155e+01
3.352499999999999858e+01,4.862258503401359633e+01
3.355000000000000426e+01,4.864580498866212821e+01
3.357500000000000284e+01,4.866902494331065299e+01
3.360000000000000142e+01,4.869224489795917776e+01
3.362500000000000000e+01,4.871546485260770254e+01
3.364999999999999858e+01,4.873868480725622732e+01
3.367500000000000426e+01,4.876190476190475920e+01
3.370000000000000284e+01,4.878512471655328397e+01
3.372500000000000142e+01,4.880834467120181586e+01
3.375000000000000000e+01,4.883156462585034063e+01
3.377499999999999858e+01,4.885478458049886541e+01
3.380000000000000426e+01,4.887800453514738308e+01
3.382500000000000284e+01,4.890122448979590786e+01
3.385000000000000142e+01,4.892444444444443263e+01
3.387500000000000000e+01,4.894766439909295741e+01
3.389999999999999858e+01,4.897088435374148929e+01
3.392500000000000426e+01,4.899410430839001407e+01
3.395000000000000284e+01,4.901732426303854595e+01
3.397500000000000142e+01,4.904054421768707073e+01
3.400000000000000000e+01,4.906376417233559550e+01
3.400000000000000000e+01,4.908698412698411317e+01
3.400000000000000000e+01,4.911020408163264506e+01
3.400000000000000000e+01,4.913342403628116983e+01
3.400000000000000000e+01,4.915664399092970172e+01
3.400000000000000000e+01,4.917986394557822649e+01
3.400000000000000000e+01,4.920308390022675127e+01
3.400000000000000000e+01,4.922630385487527604e+01
3.400000000000000000e+01,4.924952380952380082e+01
3.400000000000000000e+01,4.927274376417232560e+01
3.400000000000000000e+01,4.929596371882085748e+01
3.400000000000000000e+01,4.931918367346938226e+01
3.400000000000000000e+01,4.934240362811791414e+01
3.400000000000000000e+01,4.936562358276643891e+01
3.400000000000000000e+01,4.938884353741496369e+01
3.400000000000000000e+01,4.941206349206348847e+01
3.400000000000000000e+01,4.943528344671200614e+01
3.400000000000000000e+01,4.945850340136053092e+01
3.400000000000000000e+01,4.948172335600905569e+01
3.400000000000000000e+01,4.950494331065758757e+01
3.400000000000000000e+01,4.952816326530611235e+01
3.400000000000000000e+01,4.955138321995464423e+01
3.400000000000000000e+01,4.957460317460316901e+01
3.400000000000000000e+01,4.959782312925169379e+01
3.400000000000000000e+01,4.962104308390021856e+01
3.400000000000000000e+01,4.964426303854874334e+01
3.400000000000000000e+01,4.966748299319727522e+01
3.400000000000000000e+01,4.969070294784580000e+01
3.400000000000000000e+01,4.971392290249433188e+01
3.400000000000000000e+01,4.973714285714284955e+01
3.400000000000000000e+01,4.976036281179137433e+01
3.400000000000000000e+01,4.978358276643989910e+01
3.400000000000000000e+01,4.980680272108842388e+01
3.400000000000000000e+01,4.983002267573695576e+01
3.400000000000000000e+01,4.985324263038548054e+01
3.400000000000000000e+01,4.987646258503401242e+01
3.400000000000000000e+01,4.989968253968253720e+01
3.400000000000000000e+01,4.992290249433106197e+01
3.400000000000000000e+01,4.994612244897958675e+01
3.402499999999999858e+01,4.996934240362810442e+01
3.405000000000000426e+01,4.999256235827662920e+01
3.407500000000000284e+01,5.001578231292516108e+01
3.410000000000000142e+01,5.003900226757369296e+01
3.412500000000000000e+01,5.006222222222221774e+01
3.414999999999999858e+01,5.008544217687074251e+01
3.417500000000000426e+01,5.010866213151926729e+01
3.420000000000000284e+01,5.013188208616779207e+01
3.422500000000000142e+01,5.015510204081631684e+01
3.425000000000000000e+01,5.017832199546484162e+01
3.427499999999999858e+01,5.020154195011337350e+01
3.430000000000000426e+01,5.022476190476189828e+01
3.432500000000000284e+01,5.024798185941043016e+01
3.435000000000000142e+01,5.027120181405895494e+01
3.437500000000000000e+01,5.029442176870747971e+01
3.439999999999999858e+01,5.031764172335599739e+01
3.442500000000000426e+01,5.034086167800452216e+01
3.445000000000000284e+01,5.036408163265305404e+01
3.447500000000000142e+01,5.038730158730157882e+01
3.450000000000000000e+01,5.041052154195011070e+01
3.452499999999999858e+01,5.043374149659863548e+01
3.455000000000000426e+01,5.045696145124716026e+01
3.457500000000000284e+01,5.048018140589568503e+01
3.460000000000000142e+01,5.050340136054420981e+01
3.462500000000000000e+01,5.052662131519274169e+01
3.464999999999999858e+01,5.054984126984126647e+01
3.467500000000000426e+01,5.057306122448979835e+01
3.470000000000000284e+01,5.059628117913832313e+01
3.472500000000000142e+01,5.061950113378684080e+01
3.475000000000000000e+01,5.064272108843536557e+01
3.477499999999999858e+01,5.066594104308389035e+01
3.480000000000000426e+01,5.068916099773241513e+01
3.482500000000000284e+01,5.071238095238093990e+01
3.485000000000000142e+01,5.073560090702947178e+01
3.487500000000000000e+01,5.075882086167799656e+01
3.489999999999999858e+01,5.078204081632652844e+01
3.492500000000000426e+01,5.080526077097505322e+01
3.495000000000000284e+01,5.082848072562357800e+01
3.497500000000000142e+01,5.085170068027209567e+01
3.500000000000000000e+01,5.087492063492062044e+01
3.502499999999999858e+01,5.089814058956915233e+01
3.505000000000000426e+01,5.092136054421768421e+01
3.507500000000000284e+01,5.094458049886620898e+01
3.510000000000000142e+01,5.096780045351473376e+01
3.512500000000000000e+01,5.099102040816325854e+01
3.514999999999999858e+01,5.101424036281178331e+01
3.517500000000000426e+01,5.103746031746030809e+01
3.520000000000000284e+01,5.106068027210883997e+01
3.522500000000000142e+01,5.108390022675736475e+01
3.525000000000000000e+01,5.110712018140589663e+01
3.527499999999999858e+01,5.113034013605442141e+01
3.530000000000000426e+01,5.115356009070294618e+01
3.532500000000000284e+01,5.117678004535146385e+01
3.535000000000000142e+01,5.119999999999998863e+01
3.537500000000000000e+01,5.122321995464851341e+01
3.539999999999999858e+01,5.124643990929703818e+01
3.542500000000000426e+01,5.126965986394557007e+01
3.545000000000000284e+01,5.129287981859409484e+01
3.547500000000000142e+01,5.131609977324262672e+01
3.550000000000000000e+01,5.133931972789115150e+01
3.552499999999999858e+01,5.136253968253967628e+01
3.555000000000000426e+01,5.138575963718819395e+01
3.557500000000000284e+01,5.140897959183672583e+01
3.560000000000000142e+01,5.143219954648525771e+01
3.562500000000000000e+01,5.145541950113378249e+01
3.564999999999999858e+01,5.147863945578231437e+01
3.567500000000000426e+01,5.150185941043083204e+01
3.570000000000000284e+01,5.152507936507935682e+01
3.572500000000000142e+01,5.154829931972788160e+01
3.575000000000000000e+01,5.157151927437640637e+01
3.577499999999999858e+01,5.159473922902493825e+01
3.580000000000000426e+01,5.161795918367346303e+01
3.582500000000000284e+01,5.164117913832199491e+01
3.585000000000000142e+01,5.166439909297051969e+01
3.587500000000000000e+01,5.168761904761904447e+01
3.589999999999999858e+01,5.171083900226756924e+01
3.592500000000000426e+01,5.173405895691608691e+01
3.595000000000000284e+01,5.175727891156461169e+01
3.597500000000000142e+01,5.178049886621314357e+01
3.600000000000000000e+01,5.180371882086167545e+01
3.602499999999999858e+01,5.182693877551020023e+01
3.605000000000000426e+01,5.184757873519777860e+01
3.607500000000000284e+01,5.186563869992441056e+01
3.610000000000000142e+01,5.188111866969009611e+01
3.612500000000000000e+01,5.189401864449483526e+01
3.614999999999999858e+01,5.190433862433862799e+01
3.617500000000000426e+01,5.191207860922146722e+01
3.620000000000000284e+01,5.191723859914336003e+01
3.622500000000000142e+01,5.191981859410430644e+01
3.625000000000000000e+01,5.191981859410430644e+01
3.627499999999999858e+01,5.191981859410430644e+01
3.630000000000000426e+01,5.191981859410430644e+01
3.632500000000000284e+01,5.191981859410430644e+01
3.635000000000000142e+01,5.191981859410430644e+01
3.637500000000000000e+01,5.191981859410430644e+01
3.639999999999999858e+01,5.191981859410430644e+01
3.642500000000000426e+01,5.191981859410430644e+01
3.645000000000000284e+01,5.191981859410430644e+01
3.647500000000000142e+01,5.191981859410430644e+01
3.650000000000000000e+01,5.191981859410430644e+01
3.652499999999999858e+01,5.191981859410430644e+01
3.655000000000000426e+01,5.191981859410430644e+01
3.657500000000000284e+01,5.191981859410430644e+01
3.660000000000000142e+01,5.191981859410430644e+01
3.662500000000000000e+01,5.191981859410430644e+01
3.664999999999999858e+01,5.191981859410430644e+01
3.667500000000000426e+01,5.191981859410430644e+01
3.670000000000000284e+01,5.191981859410430644e+01
3.672500000000000142e+01,5.191981859410430644e+01
3.675000000000000000e+01,5.191981859410430644e+01
3.677499999999999858e+01,5.191981859410430644e+01
3.680000000000000426e+01,5.191981859410430644e+01
3.682500000000000284e+01,5.191981859410430644e+01
3.685000000000000142e+01,5.191981859410430644e+01
3.687500000000000000e+01,5.191981859410430644e+01
3.689999999999999858e+01,5.191981859410430644e+01
3.692500000000000426e+01,5.191981859410430644e+01
3.695000000000000284e+01,5.191981859410430644e+01
3.697500000000000142e+01,5.191981859410430644e+01
3.700000000000000000e+01,5.191981859410430644e+01
3.702499999999999858e+01,5.191981859410430644e+01
3.705000000000000426e+01,5.191981859410430644e+01
3.707500000000000284e+01,5.191981859410430644e+01
3.710000000000000142e+01,5.191981859410430644e+01
3.712500000000000000e+01,5.191981859410430644e+01
3.714999999999999858e+01,5.191981859410430644e+01
3.717500000000000426e+01,5.191981859410430644e+01
3.720000000000000284e+01,5.191981859410430644e+01
3.722500000000000142e+01,5.191981859410430644e+01
3.725000000000000000e+01,5.191981859410430644e+01
3.727499999999999858e+01,5.191981859410430644e+01
3.730000000000000426e+01,5.191981859410430644e+01
3.732500000000000284e+01,5.191981859410430644e+01
3.735000000000000142e+01,5.191981859410430644e+01
3.737500000000000000e+01,5.191981859410430644e+01
3.739999999999999858e+01,5.191981859410430644e+01
3.742500000000000426e+01,5.191981859410430644e+01
3.745000000000000284e+01,5.191981859410430644e+01
3.747500000000000142e+01,5.191981859410430644e+01
3.750000000000000000e+01,5.191981859410430644e+01
3.752499999999999858e+01,5.191981859410430644e+01
3.755000000000000426e+01,5.191981859410430644e+01
3.757500000000000284e+01,5.191981859410430644e+01
3.760000000000000142e+01,5.191981859410430644e+01
3.762500000000000000e+01,5.191981859410430644e+01
3.764999999999999858e+01,5.192239858906525285e+01
3.767500000000000426e+01,5.192755857898714567e+01
3.770000000000000284e+01,5.193529856386998489e+01
3.772500000000000142e+01,5.194561854371377052e+01
3.775000000000000000e+01,5.195851851851851677e+01
3.777499999999999858e+01,5.197399848828420232e+01
3.780000000000000426e+01,5.199205845301083428e+01
3.782500000000000284e+01,5.201269841269841265e+01
3.785000000000000142e+01,5.203591836734693743e+01
3.787500000000000000e+01,5.205913832199545510e+01
3.789999999999999858e+01,5.208235827664397988e+01
3.792500000000000426e+01,5.210557823129250465e+01
3.795000000000000284e+01,5.212879818594103654e+01
3.797500000000000142e+01,5.215201814058956131e+01
3.800000000000000000e+01,5.217523809523809319e+01
3.800000000000000000e+01,5.219845804988661797e+01
3.800000000000000000e+01,5.222167800453514275e+01
3.800000000000000000e+01,5.224489795918366752e+01
3.800000000000000000e+01,5.226811791383218520e+01
3.800000000000000000e+01,5.229133786848072418e+01
3.800000000000000000e+01,5.231455782312924896e+01
3.802499999999999858e+01,5.233777777777778084e+01
3.805000000000000426e+01,5.236099773242630562e+01
3.807500000000000284e+01,5.238421768707482329e+01
3.810000000000000142e+01,5.240743764172334807e+01
3.812500000000000000e+01,5.243065759637187284e+01
3.814999999999999858e+01,5.245387755102039762e+01
3.817500000000000426e+01,5.247709750566892239e+01
3.820000000000000284e+01,5.250031746031745428e+01
3.822500000000000142e+01,5.252353741496597905e+01
3.825000000000000000e+01,5.254675736961451094e+01
3.827499999999999858e+01,5.256997732426303571e+01
3.830000000000000426e+01,5.259319727891156049e+01
3.832500000000000284e+01,5.261641723356007816e+01
3.835000000000000142e+01,5.263963718820860294e+01
3.837500000000000000e+01,5.266285714285713482e+01
3.840000000000000568e+01,5.268607709750565959e+01
3.842500000000000426e+01,5.270929705215419148e+01
3.845000000000000284e+01,5.273251700680271625e+01
3.847500000000000142e+01,5.275573696145124103e+01
3.850000000000000000e+01,5.277895691609976581e+01
3.852500000000000568e+01,5.280217687074829058e+01
3.855000000000000426e+01,5.282539682539682246e+01
3.857500000000000284e+01,5.284861678004534724e+01
3.860000000000000142e+01,5.287183673469387912e+01
3.862500000000000000e+01,5.289505668934240390e+01
3.865000000000000568e+01,5.291827664399092868e+01
3.867500000000000426e+01,5.294149659863944635e+01
3.870000000000000284e+01,5.296471655328797112e+01
3.872500000000000142e+01,5.298793650793649590e+01
3.875000000000000000e+01,5.301115646258502068e+01
3.877500000000000568e+01,5.303437641723355256e+01
3.880000000000000426e+01,5.305759637188207734e+01
3.882500000000000284e+01,5.308081632653060922e+01
3.885000000000000142e+01,5.310403628117913399e+01
3.887500000000000000e+01,5.312725623582765877e+01
3.890000000000000568e+01,5.315047619047617644e+01
3.892500000000000426e+01,5.317369614512470832e+01
3.895000000000000284e+01,5.319691609977323310e+01
3.897500000000000142e+01,5.322013605442176498e+01
3.900000000000000000e+01,5.324335600907028976e+01
3.902500000000000568e+01,5.326657596371881453e+01
3.905000000000000426e+01,5.328979591836733931e+01
3.907500000000000284e+01,5.331301587301586409e+01
3.910000000000000142e+01,5.333623582766438886e+01
3.912500000000000000e+01,5.335945578231292075e+01
3.915000000000000568e+01,5.338267573696144552e+01
3.917500000000000426e+01,5.340589569160997740e+01
3.920000000000000284e+01,5.342911564625850218e+01
3.922500000000000142e+01,5.345233560090702696e+01
3.925000000000000000e+01,5.347555555555555173e+01
3.927500000000000568e+01,5.349877551020406941e+01
3.930000000000000426e+01,5.352199546485259418e+01
3.932500000000000284e+01,5.354521541950111896e+01
3.935000000000000142e+01,5.356843537414965084e+01
3.937500000000000000e+01,5.359165532879817562e+01
3.940000000000000568e+01,5.361487528344670750e+01
3.942500000000000426e+01,5.363809523809523228e+01
3.945000000000000284e+01,5.366131519274375705e+01
3.947500000000000142e+01,5.368453514739228183e+01
3.950000000000000000e+01,5.370775510204080661e+01
3.952500000000000568e+01,5.373097505668933849e+01
3.955000000000000426e+01,5.375419501133786326e+01
3.957500000000000284e+01,5.377741496598639515e+01
3.960000000000000142e+01,5.380063492063491992e+01
3.962500000000000000e+01,5.382385487528343759e+01
3.965000000000000568e+01,5.384707482993196237e+01
3.967500000000000426e+01,5.387029478458048715e+01
3.970000000000000284e+01,5.389351473922901903e+01
3.972500000000000142e+01,5.391673469387754380e+01
3.975000000000000000e+01,5.393995464852607569e+01
3.977500000000000568e+01,5.396317460317460046e+01
3.980000000000000426e+01,5.398639455782312524e+01
3.982500000000000284e+01,5.400961451247165002e+01
3.985000000000000142e+01,5.403283446712016769e+01
3.987500000000000000e+01,5.405605442176869957e+01
3.990000000000000568e+01,5.407927437641722435e+01
3.992500000000000426e+01,5.410249433106575623e+01
3.995000000000000284e+01,5.412571428571428100e+01
3.997500000000000142e+01,5.414893424036280578e+01
4.000000000000000000e+01,5.417215419501133056e+01
4.000000000000000000e+01,5.419537414965985533e+01
4.000000000000000000e+01,5.421859410430838011e+01
4.000000000000000000e+01,5.424181405895690489e+01
4.000000000000000000e+01,5.426503401360543677e+01
4.000000000000000000e+01,5.428825396825396155e+01
4.000000000000000000e+01,5.431147392290249343e+01
4.000000000000000000e+01,5.433469387755101820e+01
4.000000000000000000e+01,5.435791383219954298e+01
4.000000000000000000e+01,5.438113378684806065e+01
4.000000000000000000e+01,5.440435374149658543e+01
4.000000000000000000e+01,5.442757369614511731e+01
4.000000000000000000e+01,5.445079365079364209e+01
4.000000000000000000e+01,5.447401360544217397e+01
4.000000000000000000e+01,5.449723356009069875e+01
4.000000000000000000e+01,5.452045351473922352e+01
4.000000000000000000e+01,5.454367346938774830e+01
4.000000000000000000e+01,5.456689342403627307e+01
4.000000000000000000e+01,5.459011337868480496e+01
4.000000000000000000e+01,5.461333333333332973e+01
4.000000000000000000e+01,5.463655328798186162e+01
4.000000000000000000e+01,5.465977324263038639e+01
4.000000000000000000e+01,5.468299319727890406e+01
4.000000000000000000e+01,5.470621315192742884e+01
4.000000000000000000e+01,5.472943310657595362e+01
4.000000000000000000e+01,5.475265306122447839e+01
4.000000000000000000e+01,5.477587301587300317e+01
4.000000000000000000e+01,5.479909297052153505e+01
4.000000000000000000e+01,5.482231292517005983e+01
4.000000000000000000e+01,5.484553287981859171e+01
4.000000000000000000e+01,5.486875283446711649e+01
4.000000000000000000e+01,5.489197278911564126e+01
4.000000000000000000e+01,5.491519274376415893e+01
4.000000000000000000e+01,5.493841269841268371e+01
4.000000000000000000e+01,5.496163265306121559e+01
4.000000000000000000e+01,5.498485260770974747e+01
4.000000000000000000e+01,5.500807256235827225e+01
4.000000000000000000e+01,5.503129251700679703e+01
4.000000000000000000e+01,5.505451247165532180e+01
4.000000000000000000e+01,5.507773242630384658e+01
4.000000000000000000e+01,5.510095238095237136e+01
4.000000000000000000e+01,5.512417233560090324e+01
4.000000000000000000e+01,5.514739229024942802e+01
4.000000000000000000e+01,5.517061224489795990e+01
4.000000000000000000e+01,5.519383219954648467e+01
4.000000000000000000e+01,5.521705215419500945e+01
4.000000000000000000e+01,5.524027210884352712e+01
4.000000000000000000e+01,5.526349206349205190e+01
4.000000000000000000e+01,5.528671201814057667e+01
4.000000000000000000e+01,5.530993197278910145e+01
4.000000000000000000e+01,5.533315192743763333e+01
4.000000000000000000e+01,5.535637188208615811e+01
4.000000000000000000e+01,5.537959183673468999e+01
4.000000000000000000e+01,5.540281179138321477e+01
4.000000000000000000e+01,5.542603174603173954e+01
4.000000000000000000e+01,5.544925170068026432e+01
4.000000000000000000e+01,5.547247165532878910e+01
4.000000000000000000e+01,5.549569160997732098e+01
4.000000000000000000e+01,5.551891156462584576e+01
4.000000000000000000e+01,5.554213151927437764e+01
4.000000000000000000e+01,5.556535147392289531e+01
4.000000000000000000e+01,5.558857142857142009e+01
4.000000000000000000e+01,5.561179138321994486e+01
4.000000000000000000e+01,5.563501133786846964e+01
4.000000000000000000e+01,5.565823129251700152e+01
4.000000000000000000e+01,5.568145124716552630e+01
4.000000000000000000e+01,5.570467120181405818e+01
4.000000000000000000e+01,5.572789115646258296e+01
4.000000000000000000e+01,5.575111111111110773e+01
4.000000000000000000e+01,5.577433106575963251e+01
4.000000000000000000e+01,5.579755102040815018e+01
4.000000000000000000e+01,5.582077097505667496e+01
4.000000000000000000e+01,5.584399092970520684e+01
4.000000000000000000e+01,5.586721088435373872e+01
4.000000000000000000e+01,5.589043083900226350e+01
4.000000000000000000e+01,5.591365079365078827e+01
4.000000000000000000e+01,5.593687074829931305e+01
4.000000000000000000e+01,5.596009070294783783e+01
4.000000000000000000e+01,5.598331065759636260e+01
4.000000000000000000e+01,5.600653061224488738e+01
4.000000000000000000e+01,5.602975056689341926e+01
4.000000000000000000e+01,5.605297052154194404e+01
4.000000000000000000e+01,5.607619047619047592e+01
4.000000000000000000e+01,5.609941043083900070e+01
4.000000000000000000e+01,5.612263038548751837e+01
4.000000000000000000e+01,5.614585034013604314e+01
4.000000000000000000e+01,5.616907029478456792e+01
4.000000000000000000e+01,5.619229024943309980e+01
4.000000000000000000e+01,5.621551020408162458e+01
4.000000000000000000e+01,5.623873015873015646e+01
4.000000000000000000e+01,5.626195011337868124e+01
4.000000000000000000e+01,5.628517006802720601e+01
4.000000000000000000e+01,5.630839002267573079e+01
4.000000000000000000e+01,5.633160997732424846e+01
4.000000000000000000e+01,5.635482993197278745e+01
4.000000000000000000e+01,5.637804988662131223e+01
4.000000000000000000e+01,5.640126984126984411e+01
4.000000000000000000e+01,5.642448979591836888e+01
4.000000000000000000e+01,5.644770975056688656e+01
4.000000000000000000e+01,5.647092970521541133e+01
4.000000000000000000e+01,5.649414965986393611e+01
4.000000000000000000e+01,5.651736961451246088e+01
4.000000000000000000e+01,5.654058956916098566e+01
4.000000000000000000e+01,5.656380952380951754e+01
4.000000000000000000e+01,5.658702947845804232e+01
4.000000000000000000e+01,5.661024943310657420e+01
4.000000000000000000e+01,5.663346938775509898e+01
4.000000000000000000e+01,5.665668934240361665e+01
4.000000000000000000e+01,5.667990929705214143e+01
4.000000000000000000e+01,5.670312925170066620e+01
4.000000000000000000e+01,5.672634920634919808e+01
4.000000000000000000e+01,5.674956916099772286e+01
4.002500000000000568e+01,5.677278911564625474e+01
4.005000000000000426e+01,5.679600907029477952e+01
4.007500000000000284e+01,5.681922902494330430e+01
4.010000000000000142e+01,5.684244897959182907e+01
4.012500000000000000e+01,5.686566893424035385e+01
4.015000000000000568e+01,5.688888888888888573e+01
4.017500000000000426e+01,5.691210884353741051e+01
4.020000000000000284e+01,5.693532879818594239e+01
4.022500000000000142e+01,5.695854875283446717e+01
4.025000000000000000e+01,5.698176870748299194e+01
4.027500000000000568e+01,5.700498866213150961e+01
4.030000000000000426e+01,5.702820861678003439e+01
4.032500000000000284e+01,5.705142857142855917e+01
4.035000000000000142e+01,5.707464852607708394e+01
4.037500000000000000e+01,5.709786848072561583e+01
4.040000000000000568e+01,5.712108843537414060e+01
4.042500000000000426e+01,5.714430839002267248e+01
4.045000000000000284e+01,5.716752834467119726e+01
4.047500000000000142e+01,5.719074829931972204e+01
4.050000000000000000e+01,5.721396825396823971e+01
4.050000000000000000e+01,5.723718820861677159e+01
4.050000000000000000e+01,5.726040816326530347e+01
4.050000000000000000e+01,5.728362811791382825e+01
4.050000000000000000e+01,5.730684807256236013e+01
4.050000000000000000e+01,5.733006802721087780e+01
4.050000000000000000e+01,5.735328798185940258e+01
4.050000000000000000e+01,5.737650793650792735e+01
4.050000000000000000e+01,5.739972789115645213e+01
4.050000000000000000e+01,5.742294784580498401e+01
4.050000000000000000e+01,5.744616780045350879e+01
4.050000000000000000e+01,5.746938775510204067e+01
4.050000000000000000e+01,5.749260770975056545e+01
4.050000000000000000e+01,5.751582766439909022e+01
4.050000000000000000e+01,5.753904761904760790e+01
4.050000000000000000e+01,5.756226757369613267e+01
4.050000000000000000e+01,5.758548752834465745e+01
4.052500000000000568e+01,5.760870748299318223e+01
4.055000000000000426e+01,5.763192743764171411e+01
4.057500000000000284e+01,5.765514739229023888e+01
4.060000000000000142e+01,5.767836734693877077e+01
4.062500000000000000e+01,5.770158730158729554e+01
4.065000000000000568e+01,5.772480725623582032e+01
4.067500000000000426e+01,5.774802721088434510e+01
4.070000000000000284e+01,5.777124716553286987e+01
4.072500000000000142e+01,5.779446712018140175e+01
4.075000000000000000e+01,5.781768707482992653e+01
4.077500000000000568e+01,5.784090702947845841e+01
4.080000000000000426e+01,5.786412698412698319e+01
4.082500000000000284e+01,5.788734693877550797e+01
4.085000000000000142e+01,5.791056689342402564e+01
4.087500000000000000e+01,5.793378684807255041e+01
4.090000000000000568e+01,5.795700680272108229e+01
4.092500000000000426e+01,5.798022675736960707e+01
4.095000000000000284e+01,5.800344671201813895e+01
4.097500000000000142e+01,5.802666666666666373e+01
4.100000000000000000e+01,5.804988662131518851e+01
4.102500000000000568e+01,5.807310657596371328e+01
4.105000000000000426e+01,5.809632653061223095e+01
4.107500000000000284e+01,5.811954648526075573e+01
4.110000000000000142e+01,5.814276643990928761e+01
4.112500000000000000e+01,5.816598639455781949e+01
4.115000000000000568e+01,5.818920634920634427e+01
4.117500000000000426e+01,5.821242630385486905e+01
4.120000000000000284e+01,5.823564625850339382e+01
4.122500000000000142e+01,5.825886621315191860e+01
4.125000000000000000e+01,5.828208616780044338e+01
4.127500000000000568e+01,5.830530612244896815e+01
4.130000000000000426e+01,5.832852607709750004e+01
4.132500000000000284e+01,5.835174603174602481e+01
4.135000000000000142e+01,5.837496598639455669e+01
4.137500000000000000e+01,5.839818594104308147e+01
4.140000000000000568e+01,5.842140589569160625e+01
4.142500000000000426e+01,5.844462585034012392e+01
4.145000000000000284e+01,5.846784580498864869e+01
4.147500000000000142e+01,5.849106575963718058e+01
4.150000000000000000e+01,5.851428571428570535e+01
4.150000000000000000e+01,5.853750566893423724e+01
4.150000000000000000e+01,5.856072562358276201e+01
4.150000000000000000e+01,5.858394557823128679e+01
4.150000000000000000e+01,5.860716553287981156e+01
4.150000000000000000e+01,5.863038548752833634e+01
4.150000000000000000e+01,5.865360544217686822e+01
4.150000000000000000e+01,5.867682539682539300e+01
4.150000000000000000e+01,5.870004535147392488e+01
4.152500000000000568e+01,5.872326530612244966e+01
4.155000000000000426e+01,5.874648526077096733e+01
4.157500000000000284e+01,5.876970521541949211e+01
4.160000000000000142e+01,5.879292517006801688e+01
4.162500000000000000e+01,5.881614512471654166e+01
4.165000000000000568e+01,5.883936507936506644e+01
4.167500000000000426e+01,5.886258503401359832e+01
4.170000000000000284e+01,5.888580498866212309e+01
4.172500000000000142e+01,5.890902494331065498e+01
4.175000000000000000e+01,5.893224489795917975e+01
4.177500000000000568e+01,5.895546485260770453e+01
4.180000000000000426e+01,5.897868480725622220e+01
4.182500000000000284e+01,5.900190476190475408e+01
4.185000000000000142e+01,5.902512471655327886e+01
4.187500000000000000e+01,5.904834467120181074e+01
4.190000000000000568e+01,5.907156462585033552e+01
4.192500000000000426e+01,5.909478458049886029e+01
4.195000000000000284e+01,5.911800453514738507e+01
4.197500000000000142e+01,5.914122448979590985e+01
4.200000000000000000e+01,5.916444444444443462e+01
4.200000000000000000e+01,5.918766439909296651e+01
4.200000000000000000e+01,5.921088435374149128e+01
4.200000000000000000e+01,5.923410430839002316e+01
4.200000000000000000e+01,5.925732426303854794e+01
4.200000000000000000e+01,5.928054421768707272e+01
4.200000000000000000e+01,5.930376417233559749e+01
4.200000000000000000e+01,5.932698412698411516e+01
4.200000000000000000e+01,5.935020408163263994e+01
4.202500000000000568e+01,5.937342403628116472e+01
4.205000000000000426e+01,5.939664399092969660e+01
4.207500000000000284e+01,5.941986394557822138e+01
4.210000000000000142e+01,5.944308390022675326e+01
4.212500000000000000e+01,5.946630385487527803e+01
4.215000000000000568e+01,5.948952380952380281e+01
4.217500000000000426e+01,5.951274376417232759e+01
4.220000000000000284e+01,5.953596371882085236e+01
4.222500000000000142e+01,5.955918367346938425e+01
4.225000000000000000e+01,5.958240362811790902e+01
4.227500000000000568e+01,5.960562358276644090e+01
4.230000000000000426e+01,5.962884353741496568e+01
4.232500000000000284e+01,5.965206349206348335e+01
4.235000000000000142e+01,5.967528344671200813e+01
4.237500000000000000e+01,5.969850340136053291e+01
4.240000000000000568e+01,5.972172335600906479e+01
4.242500000000000426e+01,5.974494331065758956e+01
4.245000000000000284e+01,5.976816326530612145e+01
4.247500000000000142e+01,5.979138321995464622e+01
4.250000000000000000e+01,5.981460317460317100e+01
4.250000000000000000e+01,5.983782312925169578e+01
4.250000000000000000e+01,5.986104308390021345e+01
4.250000000000000000e+01,5.988426303854873822e+01
4.250000000000000000e+01,5.990748299319727010e+01
4.250000000000000000e+01,5.993070294784580199e+01
4.250000000000000000e+01,5.995392290249432676e+01
4.250000000000000000e+01,5.997714285714285154e+01
4.250000000000000000e+01,6.000036281179137632e+01
4.250000000000000000e+01,6.002358276643990109e+01
4.250000000000000000e+01,6.004680272108842587e+01
4.250000000000000000e+01,6.007002267573695065e+01
4.250000000000000000e+01,6.009324263038548253e+01
4.250000000000000000e+01,6.011646258503400730e+01
4.250000000000000000e+01,6.013968253968253919e+01
4.250000000000000000e+01,6.016290249433106396e+01
4.250000000000000000e+01,6.018612244897958874e+01
4.250000000000000000e+01,6.020934240362810641e+01
4.250000000000000000e+01,6.023256235827663119e+01
4.250000000000000000e+01,6.025578231292516307e+01
4.250000000000000000e+01,6.027900226757368785e+01
4.250000000000000000e+01,6.030222222222221973e+01
4.250000000000000000e+01,6.032544217687074450e+01
4.250000000000000000e+01,6.034866213151926928e+01
4.250000000000000000e+01,6.037188208616779406e+01
4.250000000000000000e+01,6.039510204081631173e+01
4.250000000000000000e+01,6.041832199546483650e+01
4.250000000000000000e+01,6.044154195011337549e+01
4.250000000000000000e+01,6.046476190476190737e+01
4.250000000000000000e+01,6.048798185941043215e+01
4.250000000000000000e+01,6.051120181405894982e+01
4.250000000000000000e+01,6.053442176870747460e+01
4.250000000000000000e+01,6.055764172335599937e+01
4.250000000000000000e+01,6.058086167800452415e+01
4.250000000000000000e+01,6.060408163265304893e+01
4.250000000000000000e+01,6.062730158730158081e+01
4.250000000000000000e+01,6.065052154195010559e+01
4.250000000000000000e+01,6.067374149659863747e+01
4.250000000000000000e+01,6.069696145124716224e+01
4.250000000000000000e+01,6.072018140589568702e+01
4.250000000000000000e+01,6.074340136054420469e+01
4.250000000000000000e+01,6.076662131519272947e+01
4.250000000000000000e+01,6.078984126984126135e+01
4.250000000000000000e+01,6.081306122448979323e+01
4.250000000000000000e+01,6.083628117913831801e+01
4.250000000000000000e+01,6.085950113378684279e+01
4.250000000000000000e+01,6.088272108843536756e+01
4.250000000000000000e+01,6.090594104308389234e+01
4.250000000000000000e+01,6.092916099773241712e+01
4.250000000000000000e+01,6.095238095238094900e+01
4.250000000000000000e+01,6.097560090702947377e+01
4.250000000000000000e+01,6.099882086167800566e+01
4.250000000000000000e+01,6.102204081632653043e+01
4.250000000000000000e+01,6.104526077097505521e+01
4.250000000000000000e+01,6.106848072562357999e+01
4.250000000000000000e+01,6.109170068027209766e+01
4.250000000000000000e+01,6.111492063492062243e+01
4.250000000000000000e+01,6.113814058956914721e+01
4.250000000000000000e+01,6.116136054421767909e+01
4.250000000000000000e+01,6.118458049886620387e+01
4.250000000000000000e+01,6.120780045351473575e+01
4.250000000000000000e+01,6.123102040816326053e+01
4.250000000000000000e+01,6.125424036281178530e+01
4.250000000000000000e+01,6.127746031746030297e+01
4.250000000000000000e+01,6.130068027210883486e+01
4.250000000000000000e+01,6.132390022675736674e+01
4.250000000000000000e+01,6.134712018140589151e+01
4.250000000000000000e+01,6.137034013605442340e+01
4.250000000000000000e+01,6.139356009070294817e+01
4.250000000000000000e+01,6.141678004535146584e+01
4.250000000000000000e+01,6.143999999999999062e+01
4.250000000000000000e+01,6.146321995464851540e+01
4.250000000000000000e+01,6.148643990929704728e+01
4.250000000000000000e+01,6.150965986394557206e+01
4.250000000000000000e+01,6.153287981859410394e+01
4.250000000000000000e+01,6.155609977324262871e+01
4.250000000000000000e+01,6.157931972789115349e+01
4.250000000000000000e+01,6.160253968253967827e+01
4.250000000000000000e+01,6.162575963718819594e+01
4.250000000000000000e+01,6.164897959183672072e+01
4.250000000000000000e+01,6.167219954648524549e+01
4.250000000000000000e+01,6.169541950113377737e+01
4.250000000000000000e+01,6.171863945578230215e+01
4.250000000000000000e+01,6.174185941043083403e+01
4.252500000000000568e+01,6.176507936507935881e+01
4.255000000000000426e+01,6.178829931972788359e+01
4.257500000000000284e+01,6.181151927437640836e+01
4.260000000000000142e+01,6.183473922902493314e+01
4.262500000000000000e+01,6.185795918367346502e+01
4.265000000000000568e+01,6.188117913832198980e+01
4.267500000000000426e+01,6.190439909297052168e+01
4.270000000000000284e+01,6.192761904761904646e+01
4.272500000000000142e+01,6.195083900226757123e+01
4.275000000000000000e+01,6.197405895691608890e+01
4.277500000000000568e+01,6.199727891156461368e+01
4.280000000000000426e+01,6.202049886621314556e+01
4.282500000000000284e+01,6.204371882086167034e+01
4.285000000000000142e+01,6.206693877551020222e+01
4.287500000000000000e+01,6.209015873015872700e+01
4.290000000000000568e+01,6.211337868480725177e+01
4.292500000000000426e+01,6.213659863945577655e+01
4.295000000000000284e+01,6.215981859410429422e+01
4.297500000000000142e+01,6.218303854875281900e+01
4.300000000000000000e+01,6.220625850340135798e+01
4.302500000000000568e+01,6.222947845804988987e+01
4.305000000000000426e+01,6.225269841269841464e+01
4.307500000000000284e+01,6.227591836734693231e+01
4.310000000000000142e+01,6.229913832199545709e+01
4.312500000000000000e+01,6.232235827664398187e+01
4.315000000000000568e+01,6.234557823129250664e+01
4.317500000000000426e+01,6.236879818594103142e+01
4.320000000000000284e+01,6.239201814058956330e+01
4.322500000000000142e+01,6.241523809523808808e+01
4.325000000000000000e+01,6.243845804988661996e+01
4.327500000000000568e+01,6.246167800453514474e+01
4.330000000000000426e+01,6.248489795918366951e+01
4.332500000000000284e+01,6.250811791383218718e+01
4.335000000000000142e+01,6.253133786848071196e+01
4.337500000000000000e+01,6.255455782312924384e+01
4.340000000000000568e+01,6.257777777777776862e+01
4.342500000000000426e+01,6.260099773242630050e+01
4.345000000000000284e+01,6.262421768707482528e+01
4.347500000000000142e+01,6.264743764172335005e+01
4.350000000000000000e+01,6.267065759637187483e+01
4.352500000000000568e+01,6.269387755102039961e+01
4.355000000000000426e+01,6.271709750566893149e+01
4.357500000000000284e+01,6.274031746031745627e+01
4.360000000000000142e+01,6.276353741496598815e+01
4.362500000000000000e+01,6.278675736961451292e+01
4.365000000000000568e+01,6.280997732426303770e+01
4.367500000000000426e+01,6.283319727891156248e+01
4.370000000000000284e+01,6.285641723356008015e+01
4.372500000000000142e+01,6.287963718820860493e+01
4.375000000000000000e+01,6.290285714285712970e+01
4.377500000000000568e+01,6.292607709750566158e+01
4.380000000000000426e+01,6.294929705215418636e+01
4.382500000000000284e+01,6.297251700680271824e+01
4.385000000000000142e+01,6.299573696145124302e+01
4.387500000000000000e+01,6.301895691609976780e+01
4.390000000000000568e+01,6.304217687074828547e+01
4.392500000000000426e+01,6.306539682539681735e+01
4.395000000000000284e+01,6.308861678004534213e+01
4.397500000000000142e+01,6.311183673469387401e+01
4.400000000000000000e+01,6.313505668934239878e+01
4.400000000000000000e+01,6.315827664399092356e+01
4.400000000000000000e+01,6.318149659863944834e+01
4.400000000000000000e+01,6.320471655328797311e+01
4.400000000000000000e+01,6.322793650793649789e+01
4.400000000000000000e+01,6.325115646258502977e+01
4.400000000000000000e+01,6.327437641723355455e+01
4.400000000000000000e+01,6.329759637188208643e+01
4.400000000000000000e+01,6.332081632653061121e+01
4.400000000000000000e+01,6.334403628117913598e+01
4.400000000000000000e+01,6.336725623582766076e+01
4.400000000000000000e+01,6.339047619047617843e+01
4.400000000000000000e+01,6.341369614512470321e+01
4.400000000000000000e+01,6.343691609977322798e+01
4.400000000000000000e+01,6.346013605442175987e+01
4.400000000000000000e+01,6.348335600907028464e+01
4.400000000000000000e+01,6.350657596371881652e+01
4.400000000000000000e+01,6.352979591836734130e+01
4.400000000000000000e+01,6.355301587301586608e+01
4.400000000000000000e+01,6.357623582766439085e+01
4.400000000000000000e+01,6.359945578231291563e+01
4.400000000000000000e+01,6.362267573696144751e+01
4.400000000000000000e+01,6.364589569160997229e+01
4.400000000000000000e+01,6.366911564625850417e+01
4.400000000000000000e+01,6.369233560090702895e+01
4.400000000000000000e+01,6.371555555555554662e+01
4.400000000000000000e+01,6.373877551020407140e+01
4.400000000000000000e+01,6.376199546485259617e+01
4.400000000000000000e+01,6.378521541950112805e+01
4.400000000000000000e+01,6.380843537414965283e+01
4.400000000000000000e+01,6.383165532879818471e+01
4.400000000000000000e+01,6.385487528344670949e+01
4.400000000000000000e+01,6.387809523809523427e+01
4.400000000000000000e+01,6.390131519274375904e+01
4.400000000000000000e+01,6.392453514739227671e+01
4.400000000000000000e+01,6.394775510204080149e+01
4.400000000000000000e+01,6.397097505668933337e+01
4.400000000000000000e+01,6.399419501133786525e+01
4.400000000000000000e+01,6.401741496598639003e+01
4.400000000000000000e+01,6.404063492063491481e+01
4.400000000000000000e+01,6.406385487528343958e+01
4.400000000000000000e+01,6.408707482993197857e+01
4.400000000000000000e+01,6.411029478458048914e+01
4.400000000000000000e+01,6.413351473922901391e+01
4.400000000000000000e+01,6.415673469387753869e+01
4.400000000000000000e+01,6.417995464852606347e+01
4.400000000000000000e+01,6.420317460317460245e+01
4.400000000000000000e+01,6.422639455782312723e+01
4.400000000000000000e+01,6.424961451247165201e+01
4.400000000000000000e+01,6.427283446712017678e+01
4.400000000000000000e+01,6.429605442176870156e+01
4.400000000000000000e+01,6.431927437641722634e+01
4.400000000000000000e+01,6.434249433106575111e+01
4.400000000000000000e+01,6.436571428571429010e+01
4.400000000000000000e+01,6.438893424036281488e+01
4.400000000000000000e+01,6.441215419501133965e+01
4.400000000000000000e+01,6.443537414965986443e+01
4.400000000000000000e+01,6.445859410430838921e+01
4.400000000000000000e+01,6.448181405895691398e+01
4.400000000000000000e+01,6.450503401360543876e+01
4.400000000000000000e+01,6.452825396825396354e+01
4.400000000000000000e+01,6.455147392290248831e+01
4.400000000000000000e+01,6.457469387755102730e+01
4.400000000000000000e+01,6.459791383219953786e+01
4.400000000000000000e+01,6.462113378684807685e+01
4.400000000000000000e+01,6.464435374149660163e+01
4.400000000000000000e+01,6.466757369614511219e+01
4.400000000000000000e+01,6.469079365079363697e+01
4.400000000000000000e+01,6.471401360544216175e+01
4.400000000000000000e+01,6.473723356009070073e+01
4.400000000000000000e+01,6.476045351473922551e+01
4.400000000000000000e+01,6.478367346938775029e+01
4.400000000000000000e+01,6.480689342403627506e+01
4.400000000000000000e+01,6.483011337868479984e+01
4.400000000000000000e+01,6.485333333333332462e+01
4.400000000000000000e+01,6.487655328798184939e+01
4.400000000000000000e+01,6.489977324263038838e+01
4.400000000000000000e+01,6.492299319727891316e+01
4.400000000000000000e+01,6.494621315192743793e+01
4.400000000000000000e+01,6.496943310657596271e+01
4.400000000000000000e+01,6.499265306122448749e+01
4.400000000000000000e+01,6.501587301587301226e+01
4.400000000000000000e+01,6.503909297052152283e+01
4.400000000000000000e+01,6.506231292517006182e+01
4.400000000000000000e+01,6.508553287981858659e+01
4.400000000000000000e+01,6.510875283446711137e+01
4.400000000000000000e+01,6.513197278911563615e+01
4.400000000000000000e+01,6.515519274376417513e+01
4.400000000000000000e+01,6.517841269841268570e+01
4.400000000000000000e+01,6.520163265306121048e+01
4.400000000000000000e+01,6.522485260770973525e+01
4.400000000000000000e+01,6.524807256235826003e+01
4.400000000000000000e+01,6.527129251700679902e+01
4.400000000000000000e+01,6.529451247165532379e+01
4.400000000000000000e+01,6.531773242630384857e+01
4.400000000000000000e+01,6.534095238095237335e+01
4.400000000000000000e+01,6.536417233560089812e+01
4.400000000000000000e+01,6.538739229024942290e+01
4.400000000000000000e+01,6.541061224489794768e+01
4.400000000000000000e+01,6.543383219954648666e+01
4.402500000000000568e+01,6.545705215419501144e+01
4.405000000000000426e+01,6.548027210884353622e+01
4.407500000000000284e+01,6.550349206349206099e+01
4.410000000000000142e+01,6.552671201814058577e+01
4.412500000000000000e+01,6.554993197278911055e+01
4.415000000000000568e+01,6.557315192743763532e+01
4.417500000000000426e+01,6.559637188208616010e+01
4.420000000000000284e+01,6.561959183673468488e+01
4.422500000000000142e+01,6.564281179138322386e+01
4.425000000000000000e+01,6.566603174603173443e+01
4.427500000000000568e+01,6.568925170068027342e+01
4.430000000000000426e+01,6.571247165532879819e+01
4.432500000000000284e+01,6.573569160997730876e+01
4.435000000000000142e+01,6.575891156462583353e+01
4.437500000000000000e+01,6.578213151927435831e+01
4.440000000000000568e+01,6.580535147392289730e+01
4.442500000000000426e+01,6.582857142857142208e+01
4.445000000000000284e+01,6.585179138321994685e+01
4.447500000000000142e+01,6.587501133786847163e+01
4.450000000000000000e+01,6.589823129251699640e+01
4.452500000000000568e+01,6.592145124716552118e+01
4.455000000000000426e+01,6.594467120181404596e+01
4.457500000000000284e+01,6.596789115646258495e+01
4.460000000000000142e+01,6.599111111111110972e+01
4.462500000000000000e+01,6.601433106575963450e+01
4.465000000000000568e+01,6.603755102040815927e+01
4.467500000000000426e+01,6.606077097505668405e+01
4.470000000000000284e+01,6.608399092970520883e+01
4.472500000000000142e+01,6.610721088435373360e+01
4.475000000000000000e+01,6.613043083900227259e+01
4.477500000000000568e+01,6.615365079365079737e+01
4.480000000000000426e+01,6.617687074829930793e+01
4.482500000000000284e+01,6.620009070294784692e+01
4.485000000000000142e+01,6.622331065759637170e+01
4.487500000000000000e+01,6.624653061224489647e+01
4.490000000000000568e+01,6.626975056689340704e+01
4.492500000000000426e+01,6.629297052154193182e+01
4.495000000000000284e+01,6.631619047619045659e+01
4.497500000000000142e+01,6.633941043083899558e+01
4.500000000000000000e+01,6.636263038548752036e+01
4.502500000000000568e+01,6.638585034013604513e+01
4.505000000000000426e+01,6.640907029478456991e+01
4.507500000000000284e+01,6.643229024943309469e+01
4.510000000000000142e+01,6.645551020408161946e+01
4.512500000000000000e+01,6.647873015873014424e+01
4.515000000000000568e+01,6.650195011337868323e+01
4.517500000000000426e+01,6.652517006802720800e+01
4.520000000000000284e+01,6.654839002267573278e+01
4.522500000000000142e+01,6.657160997732425756e+01
4.525000000000000000e+01,6.659482993197278233e+01
4.527500000000000568e+01,6.661804988662130711e+01
4.530000000000000426e+01,6.664126984126983189e+01
4.532500000000000284e+01,6.666448979591837087e+01
4.535000000000000142e+01,6.668770975056689565e+01
4.537500000000000000e+01,6.671092970521542043e+01
4.540000000000000568e+01,6.673414965986394520e+01
4.542500000000000426e+01,6.675736961451246998e+01
4.545000000000000284e+01,6.678058956916099476e+01
4.547500000000000142e+01,6.680380952380950532e+01
4.550000000000000000e+01,6.682702947845803010e+01
4.552500000000000568e+01,6.685024943310656909e+01
4.555000000000000426e+01,6.687346938775509386e+01
4.557500000000000284e+01,6.689668934240361864e+01
4.560000000000000142e+01,6.691990929705214342e+01
4.562500000000000000e+01,6.694312925170066819e+01
4.565000000000000568e+01,6.696634920634919297e+01
4.567500000000000426e+01,6.698956916099771774e+01
4.570000000000000284e+01,6.701278911564624252e+01
4.572500000000000142e+01,6.703600907029478151e+01
4.575000000000000000e+01,6.705922902494330629e+01
4.577500000000000568e+01,6.708244897959183106e+01
4.580000000000000426e+01,6.710566893424035584e+01
4.582500000000000284e+01,6.712888888888888062e+01
4.585000000000000142e+01,6.715210884353740539e+01
4.587500000000000000e+01,6.717532879818593017e+01
4.590000000000000568e+01,6.719854875283446916e+01
4.592500000000000426e+01,6.722176870748299393e+01
4.595000000000000284e+01,6.724498866213151871e+01
4.597500000000000142e+01,6.726820861678004349e+01
4.600000000000000000e+01,6.729142857142856826e+01
4.600000000000000000e+01,6.731464852607709304e+01
4.600000000000000000e+01,6.733786848072560360e+01
4.600000000000000000e+01,6.736108843537414259e+01
4.600000000000000000e+01,6.738430839002266737e+01
4.600000000000000000e+01,6.740752834467119214e+01
4.600000000000000000e+01,6.743074829931971692e+01
4.600000000000000000e+01,6.745396825396825591e+01
4.600000000000000000e+01,6.747718820861676647e+01
4.600000000000000000e+01,6.750040816326529125e+01
4.600000000000000000e+01,6.752362811791381603e+01
4.600000000000000000e+01,6.754684807256234080e+01
4.600000000000000000e+01,6.757006802721087979e+01
4.600000000000000000e+01,6.759328798185940457e+01
4.600000000000000000e+01,6.761650793650792934e+01
4.600000000000000000e+01,6.763972789115645412e+01
4.600000000000000000e+01,6.766294784580497890e+01
4.600000000000000000e+01,6.768616780045350367e+01
4.600000000000000000e+01,6.770938775510202845e+01
4.600000000000000000e+01,6.773260770975056744e+01
4.600000000000000000e+01,6.775582766439909221e+01
4.600000000000000000e+01,6.777904761904761699e+01
4.600000000000000000e+01,6.780226757369614177e+01
4.600000000000000000e+01,6.782548752834466654e+01
4.600000000000000000e+01,6.784870748299319132e+01
4.600000000000000000e+01,6.787192743764171610e+01
4.600000000000000000e+01,6.789514739229024087e+01
4.600000000000000000e+01,6.791836734693876565e+01
4.600000000000000000e+01,6.794158730158730464e+01
4.600000000000000000e+01,6.796480725623581520e+01
4.600000000000000000e+01,6.798802721088435419e+01
4.600000000000000000e+01,6.801124716553287897e+01
4.600000000000000000e+01,6.803446712018138953e+01
4.600000000000000000e+01,6.805768707482991431e+01
4.600000000000000000e+01,6.808090702947843909e+01
4.600000000000000000e+01,6.810412698412697807e+01
4.600000000000000000e+01,6.812734693877550285e+01
4.600000000000000000e+01,6.815056689342402763e+01
4.600000000000000000e+01,6.817378684807255240e+01
4.600000000000000000e+01,6.819700680272107718e+01
4.600000000000000000e+01,6.822022675736960196e+01
4.600000000000000000e+01,6.824344671201812673e+01
4.600000000000000000e+01,6.826666666666666572e+01
4.600000000000000000e+01,6.828988662131519050e+01
4.600000000000000000e+01,6.831310657596371527e+01
4.600000000000000000e+01,6.833632653061224005e+01
4.600000000000000000e+01,6.835954648526076483e+01
4.600000000000000000e+01,6.838276643990928960e+01
4.600000000000000000e+01,6.840598639455781438e+01
4.600000000000000000e+01,6.842920634920635337e+01
4.600000000000000000e+01,6.845242630385487814e+01
4.600000000000000000e+01,6.847564625850340292e+01
4.600000000000000000e+01,6.849886621315192770e+01
4.600000000000000000e+01,6.852208616780045247e+01
4.600000000000000000e+01,6.854530612244897725e+01
4.600000000000000000e+01,6.856852607709748781e+01
4.600000000000000000e+01,6.859174603174601259e+01
4.600000000000000000e+01,6.861496598639453737e+01
4.600000000000000000e+01,6.863818594104307635e+01
4.600000000000000000e+01,6.866140589569160113e+01
4.600000000000000000e+01,6.868462585034012591e+01
4.600000000000000000e+01,6.870784580498865068e+01
4.600000000000000000e+01,6.873106575963717546e+01
4.600000000000000000e+01,6.875428571428570024e+01
4.600000000000000000e+01,6.877750566893422501e+01
4.600000000000000000e+01,6.880072562358276400e+01
4.600000000000000000e+01,6.882394557823128878e+01
4.600000000000000000e+01,6.884716553287981355e+01
4.600000000000000000e+01,6.887038548752833833e+01
4.600000000000000000e+01,6.889360544217686311e+01
4.600000000000000000e+01,6.891682539682538788e+01
4.600000000000000000e+01,6.894004535147391266e+01
4.600000000000000000e+01,6.896326530612245165e+01
4.600000000000000000e+01,6.898648526077097642e+01
4.600000000000000000e+01,6.900970521541950120e+01
4.600000000000000000e+01,6.903292517006802598e+01
4.602500000000000568e+01,6.905614512471655075e+01
4.605000000000000426e+01,6.907936507936507553e+01
4.607500000000000284e+01,6.910258503401358610e+01
4.610000000000000142e+01,6.912580498866212508e+01
4.612500000000000000e+01,6.914902494331064986e+01
4.615000000000000568e+01,6.917224489795917464e+01
4.617500000000000426e+01,6.919546485260769941e+01
4.620000000000000284e+01,6.921868480725623840e+01
4.622500000000000142e+01,6.924190476190474897e+01
4.625000000000000000e+01,6.926512471655327374e+01
4.627500000000000568e+01,6.928834467120179852e+01
4.630000000000000426e+01,6.931156462585032330e+01
4.632500000000000284e+01,6.933478458049886228e+01
4.635000000000000142e+01,6.935800453514738706e+01
4.637500000000000000e+01,6.938122448979591184e+01
4.640000000000000568e+01,6.940444444444443661e+01
4.642500000000000426e+01,6.942766439909296139e+01
4.645000000000000284e+01,6.945088435374148617e+01
4.647500000000000142e+01,6.947410430839001094e+01
4.650000000000000000e+01,6.949732426303854993e+01
4.652500000000000568e+01,6.952054421768707471e+01
4.655000000000000426e+01,6.954376417233559948e+01
4.657500000000000284e+01,6.956698412698412426e+01
4.660000000000000142e+01,6.959020408163264904e+01
4.662500000000000000e+01,6.961342403628117381e+01
4.665000000000000568e+01,6.963664399092969859e+01
4.667500000000000426e+01,6.965986394557822337e+01
4.670000000000000284e+01,6.968308390022676235e+01
4.672500000000000142e+01,6.970630385487527292e+01
4.675000000000000000e+01,6.972952380952379769e+01
4.677500000000000568e+01,6.975274376417233668e+01
4.680000000000000426e+01,6.977596371882086146e+01
4.682500000000000284e+01,6.979918367346937202e+01
4.685000000000000142e+01,6.982240362811789680e+01
4.687500000000000000e+01,6.984562358276642158e+01
4.690000000000000568e+01,6.986884353741496057e+01
4.692500000000000426e+01,6.989206349206348534e+01
4.695000000000000284e+01,6.991528344671201012e+01
4.697500000000000142e+01,6.993850340136053489e+01
4.700000000000000000e+01,6.996172335600905967e+01
4.702500000000000568e+01,6.998494331065758445e+01
4.705000000000000426e+01,7.000816326530610922e+01
4.707500000000000284e+01,7.003138321995464821e+01
4.710000000000000142e+01,7.005460317460317299e+01
4.712500000000000000e+01,7.007782312925169776e+01
4.715000000000000568e+01,7.010104308390022254e+01
4.717500000000000426e+01,7.012426303854874732e+01
4.720000000000000284e+01,7.014748299319727209e+01
4.722500000000000142e+01,7.017070294784579687e+01
4.725000000000000000e+01,7.019392290249433586e+01
4.727500000000000568e+01,7.021714285714286063e+01
4.730000000000000426e+01,7.024036281179138541e+01
4.732500000000000284e+01,7.026358276643991019e+01
4.735000000000000142e+01,7.028680272108843496e+01
4.737500000000000000e+01,7.031002267573695974e+01
4.740000000000000568e+01,7.033324263038547031e+01
4.742500000000000426e+01,7.035646258503399508e+01
4.745000000000000284e+01,7.037968253968253407e+01
4.747500000000000142e+01,7.040290249433105885e+01
4.750000000000000000e+01,7.042612244897958362e+01
4.752500000000000568e+01,7.044934240362810840e+01
4.755000000000000426e+01,7.047256235827663318e+01
4.757500000000000284e+01,7.049578231292515795e+01
4.760000000000000142e+01,7.051900226757368273e+01
4.762500000000000000e+01,7.054222222222220751e+01
4.765000000000000568e+01,7.056544217687074649e+01
4.767500000000000426e+01,7.058866213151927127e+01
4.770000000000000284e+01,7.061188208616779605e+01
4.772500000000000142e+01,7.063510204081632082e+01
4.775000000000000000e+01,7.065832199546484560e+01
4.777500000000000568e+01,7.068154195011337038e+01
4.780000000000000426e+01,7.070476190476189515e+01
4.782500000000000284e+01,7.072798185941043414e+01
4.785000000000000142e+01,7.075120181405895892e+01
4.787500000000000000e+01,7.077442176870748369e+01
4.790000000000000568e+01,7.079764172335600847e+01
4.792500000000000426e+01,7.082086167800453325e+01
4.795000000000000284e+01,7.084408163265305802e+01
4.797500000000000142e+01,7.086730158730156859e+01
4.800000000000000000e+01,7.089052154195009336e+01
4.800000000000000000e+01,7.091374149659861814e+01
4.800000000000000000e+01,7.093696145124715713e+01
4.800000000000000000e+01,7.096018140589568191e+01
4.802500000000000568e+01,7.098340136054420668e+01
4.805000000000000426e+01,7.100662131519273146e+01
4.807500000000000284e+01,7.102984126984125623e+01
4.810000000000000142e+01,7.105306122448978101e+01
4.812500000000000000e+01,7.107628117913830579e+01
4.815000000000000568e+01,7.109950113378684478e+01
4.817500000000000426e+01,7.112272108843536955e+01
4.820000000000000284e+01,7.114594104308389433e+01
4.822500000000000142e+01,7.116916099773241910e+01
4.825000000000000000e+01,7.119238095238094388e+01
4.827500000000000568e+01,7.121560090702946866e+01
4.830000000000000426e+01,7.123882086167799343e+01
4.832500000000000284e+01,7.126204081632653242e+01
4.835000000000000142e+01,7.128526077097505720e+01
4.837500000000000000e+01,7.130848072562358198e+01
4.840000000000000568e+01,7.133170068027210675e+01
4.842500000000000426e+01,7.135492063492063153e+01
4.845000000000000284e+01,7.137814058956915630e+01
4.847500000000000142e+01,7.140136054421766687e+01
4.850000000000000000e+01,7.142458049886620586e+01
4.850000000000000000e+01,7.144780045351473063e+01
4.850000000000000000e+01,7.147102040816325541e+01
4.850000000000000000e+01,7.149424036281178019e+01
4.850000000000000000e+01,7.151746031746031917e+01
4.852500000000000568e+01,7.154068027210882974e+01
4.855000000000000426e+01,7.156390022675735452e+01
4.857500000000000284e+01,7.158712018140587929e+01
4.860000000000000142e+01,7.161034013605440407e+01
4.862500000000000000e+01,7.163356009070294306e+01
4.865000000000000568e+01,7.165678004535146783e+01
4.867500000000000426e+01,7.167999999999999261e+01
4.870000000000000284e+01,7.170321995464851739e+01
4.872500000000000142e+01,7.172643990929704216e+01
4.875000000000000000e+01,7.174965986394556694e+01
4.877500000000000568e+01,7.177287981859409172e+01
4.880000000000000426e+01,7.179609977324263070e+01
4.882500000000000284e+01,7.181931972789115548e+01
4.885000000000000142e+01,7.184253968253968026e+01
4.887500000000000000e+01,7.186575963718820503e+01
4.890000000000000568e+01,7.188897959183672981e+01
4.892500000000000426e+01,7.191219954648525459e+01
4.895000000000000284e+01,7.193541950113377936e+01
4.897500000000000142e+01,7.195863945578230414e+01
4.900000000000000000e+01,7.198185941043084313e+01
4.902500000000000568e+01,7.200507936507935369e+01
4.905000000000000426e+01,7.202829931972787847e+01
4.907500000000000284e+01,7.205151927437641746e+01
4.910000000000000142e+01,7.207473922902494223e+01
4.912500000000000000e+01,7.209795918367346701e+01
4.915000000000000568e+01,7.212117913832199179e+01
4.917500000000000426e+01,7.214439909297051656e+01
4.920000000000000284e+01,7.216761904761904134e+01
4.922500000000000142e+01,7.219083900226756612e+01
4.925000000000000000e+01,7.221405895691610510e+01
4.927500000000000568e+01,7.223727891156461567e+01
4.930000000000000426e+01,7.226049886621314045e+01
4.932500000000000284e+01,7.228371882086166522e+01
4.935000000000000142e+01,7.230693877551020421e+01
4.937500000000000000e+01,7.233015873015871477e+01
4.940000000000000568e+01,7.235337868480723955e+01
4.942500000000000426e+01,7.237659863945577854e+01
4.945000000000000284e+01,7.239981859410430332e+01
4.947500000000000142e+01,7.242303854875282809e+01
4.950000000000000000e+01,7.244625850340135287e+01
4.950000000000000000e+01,7.246947845804987764e+01
4.950000000000000000e+01,7.249269841269840242e+01
4.950000000000000000e+01,7.251591836734692720e+01
4.950000000000000000e+01,7.253913832199546619e+01
4.950000000000000000e+01,7.256235827664399096e+01
4.950000000000000000e+01,7.258557823129251574e+01
4.950000000000000000e+01,7.260879818594104051e+01
4.950000000000000000e+01,7.263201814058956529e+01
4.950000000000000000e+01,7.265523809523809007e+01
4.950000000000000000e+01,7.267845804988661484e+01
4.950000000000000000e+01,7.270167800453515383e+01
4.950000000000000000e+01,7.272489795918366440e+01
4.950000000000000000e+01,7.274811791383220339e+01
4.950000000000000000e+01,7.277133786848071395e+01
4.950000000000000000e+01,7.279455782312925294e+01
4.950000000000000000e+01,7.281777777777776350e+01
4.950000000000000000e+01,7.284099773242630249e+01
4.950000000000000000e+01,7.286421768707481306e+01
4.950000000000000000e+01,7.288743764172333783e+01
4.950000000000000000e+01,7.291065759637187682e+01
4.950000000000000000e+01,7.293387755102040160e+01
4.950000000000000000e+01,7.295709750566892637e+01
4.950000000000000000e+01,7.298031746031745115e+01
4.952500000000000568e+01,7.300353741496597593e+01
4.955000000000000426e+01,7.302675736961450070e+01
4.957500000000000284e+01,7.304997732426302548e+01
4.960000000000000142e+01,7.307319727891155026e+01
4.962500000000000000e+01,7.309641723356008924e+01
4.965000000000000568e+01,7.311963718820861402e+01
4.967500000000000426e+01,7.314285714285713880e+01
4.970000000000000284e+01,7.316607709750566357e+01
4.972500000000000142e+01,7.318929705215418835e+01
4.975000000000000000e+01,7.321251700680271313e+01
4.977500000000000568e+01,7.323573696145123790e+01
4.980000000000000426e+01,7.325895691609976268e+01
4.982500000000000284e+01,7.328217687074830167e+01
4.985000000000000142e+01,7.330539682539682644e+01
4.987500000000000000e+01,7.332861678004535122e+01
4.990000000000000568e+01,7.335183673469387600e+01
4.992500000000000426e+01,7.337505668934240077e+01
4.995000000000000284e+01,7.339827664399091134e+01
4.997500000000000142e+01,7.342149659863943612e+01
5.000000000000000000e+01,7.344471655328798931e+01
5.000000000000000000e+01,7.346793650793649988e+01
5.002500000000000568e+01,7.349115646258502466e+01
5.005000000000000426e+01,7.351437641723354943e+01
5.007500000000000284e+01,7.353759637188207421e+01
5.010000000000000142e+01,7.356081632653059899e+01
5.012500000000000000e+01,7.358403628117912376e+01
5.015000000000000568e+01,7.360725623582766275e+01
5.017500000000000426e+01,7.363047619047618753e+01
5.020000000000000284e+01,7.365369614512471230e+01
5.022500000000000142e+01,7.367691609977323708e+01
5.025000000000000000e+01,7.370013605442176186e+01
5.027500000000000568e+01,7.372335600907028663e+01
5.030000000000000426e+01,7.374657596371881141e+01
5.032500000000000284e+01,7.376979591836735040e+01
5.035000000000000142e+01,7.379301587301586096e+01
5.037500000000000000e+01,7.381623582766439995e+01
5.040000000000000568e+01,7.383945578231292473e+01
5.042500000000000426e+01,7.386267573696144950e+01
5.045000000000000284e+01,7.388589569160997428e+01
5.047500000000000142e+01,7.390911564625849905e+01
5.050000000000000000e+01,7.393233560090700962e+01
5.052500000000000568e+01,7.395555555555554861e+01
5.055000000000000426e+01,7.397877551020408760e+01
5.057500000000000284e+01,7.400199546485259816e+01
5.060000000000000142e+01,7.402521541950112294e+01
5.062500000000000000e+01,7.404843537414964771e+01
5.065000000000000568e+01,7.407165532879817249e+01
5.067500000000000426e+01,7.409487528344669727e+01
5.070000000000000284e+01,7.411809523809522204e+01
5.072500000000000142e+01,7.414131519274374682e+01
5.075000000000000000e+01,7.416453514739228581e+01
5.077500000000000568e+01,7.418775510204081058e+01
5.080000000000000426e+01,7.421097505668933536e+01
5.082500000000000284e+01,7.423419501133786014e+01
5.085000000000000142e+01,7.425741496598638491e+01
5.087500000000000000e+01,7.428063492063490969e+01
5.090000000000000568e+01,7.430385487528343447e+01
5.092500000000000426e+01,7.432707482993195924e+01
5.095000000000000284e+01,7.435029478458049823e+01
5.097500000000000142e+01,7.437351473922902301e+01
5.100000000000000000e+01,7.439673469387754778e+01
5.102500000000000568e+01,7.441995464852607256e+01
5.105000000000000426e+01,7.444317460317459734e+01
5.107500000000000284e+01,7.446639455782312211e+01
5.110000000000000142e+01,7.448961451247164689e+01
5.112500000000000000e+01,7.451283446712018588e+01
5.115000000000000568e+01,7.453605442176869644e+01
5.117500000000000426e+01,7.455927437641722122e+01
5.120000000000000284e+01,7.458249433106574600e+01
5.122500000000000142e+01,7.460571428571428498e+01
5.125000000000000000e+01,7.462893424036279555e+01
5.127500000000000568e+01,7.465215419501132033e+01
5.130000000000000426e+01,7.467537414965985931e+01
5.132500000000000284e+01,7.469859410430838409e+01
5.135000000000000142e+01,7.472181405895690887e+01
5.137500000000000000e+01,7.474503401360543364e+01
5.140000000000000568e+01,7.476825396825395842e+01
5.142500000000000426e+01,7.479147392290248320e+01
5.145000000000000284e+01,7.481469387755100797e+01
5.147500000000000142e+01,7.483791383219954696e+01
5.150000000000000000e+01,7.486113378684807174e+01
5.152500000000000568e+01,7.488435374149659651e+01
5.155000000000000426e+01,7.490757369614512129e+01
5.157500000000000284e+01,7.493079365079364607e+01
5.160000000000000142e+01,7.495401360544217084e+01
5.162500000000000000e+01,7.497723356009069562e+01
5.165000000000000568e+01,7.500045351473923461e+01
5.167500000000000426e+01,7.502367346938774517e+01
5.170000000000000284e+01,7.504689342403628416e+01
5.172500000000000142e+01,7.507011337868479472e+01
5.175000000000000000e+01,7.509333333333333371e+01
5.177500000000000568e+01,7.511655328798184428e+01
5.180000000000000426e+01,7.513977324263038327e+01
5.182500000000000284e+01,7.516299319727889383e+01
5.185000000000000142e+01,7.518621315192741861e+01
5.187500000000000000e+01,7.520943310657597181e+01
5.190000000000000568e+01,7.523265306122448237e+01
5.192500000000000426e+01,7.525587301587300715e+01
5.195000000000000284e+01,7.527909297052153192e+01
5.197500000000000142e+01,7.530231292517005670e+01
5.200000000000000000e+01,7.532553287981858148e+01
5.202500000000000568e+01,7.534875283446710625e+01
5.205000000000000426e+01,7.537197278911563103e+01
5.207500000000000284e+01,7.539519274376417002e+01
5.210000000000000142e+01,7.541841269841269479e+01
5.212500000000000000e+01,7.544163265306121957e+01
5.215000000000000568e+01,7.546485260770974435e+01
5.217500000000000426e+01,7.548807256235826912e+01
5.220000000000000284e+01,7.551129251700679390e+01
5.222500000000000142e+01,7.553451247165531868e+01
5.225000000000000000e+01,7.555773242630384345e+01
5.227500000000000568e+01,7.558095238095238244e+01
5.230000000000000426e+01,7.560417233560090722e+01
5.232500000000000284e+01,7.562739229024943199e+01
5.235000000000000142e+01,7.565061224489795677e+01
5.237500000000000000e+01,7.567383219954648155e+01
5.240000000000000568e+01,7.569705215419500632e+01
5.242500000000000426e+01,7.572027210884353110e+01
5.245000000000000284e+01,7.574349206349207009e+01
5.247500000000000142e+01,7.576671201814058065e+01
5.250000000000000000e+01,7.578993197278910543e+01
5.250000000000000000e+01,7.581315192743763021e+01
5.250000000000000000e+01,7.583637188208615498e+01
5.252500000000000568e+01,7.585959183673467976e+01
5.255000000000000426e+01,7.588281179138320454e+01
5.257500000000000284e+01,7.590603174603174352e+01
5.260000000000000142e+01,7.592925170068026830e+01
5.262500000000000000e+01,7.595247165532879308e+01
5.265000000000000568e+01,7.597569160997731785e+01
5.267500000000000426e+01,7.599891156462584263e+01
5.270000000000000284e+01,7.602213151927436741e+01
5.272500000000000142e+01,7.604535147392289218e+01
5.275000000000000000e+01,7.606857142857143117e+01
5.277500000000000568e+01,7.609179138321994174e+01
5.280000000000000426e+01,7.611501133786848072e+01
5.282500000000000284e+01,7.613823129251700550e+01
5.285000000000000142e+01,7.616145124716553028e+01
5.287500000000000000e+01,7.618467120181405505e+01
5.290000000000000568e+01,7.620789115646257983e+01
5.292500000000000426e+01,7.623111111111109039e+01
5.295000000000000284e+01,7.625433106575962938e+01
5.297500000000000142e+01,7.627755102040816837e+01
5.300000000000000000e+01,7.630077097505667894e+01
5.302500000000000568e+01,7.632399092970520371e+01
5.305000000000000426e+01,7.634721088435372849e+01
5.307500000000000284e+01,7.637043083900226748e+01
5.310000000000000142e+01,7.639365079365077804e+01
5.312500000000000000e+01,7.641687074829930282e+01
5.315000000000000568e+01,7.644009070294782759e+01
5.317500000000000426e+01,7.646331065759636658e+01
5.320000000000000284e+01,7.648653061224489136e+01
5.322500000000000142e+01,7.650975056689341613e+01
5.325000000000000000e+01,7.653297052154194091e+01
5.327500000000000568e+01,7.655619047619046569e+01
5.330000000000000426e+01,7.657941043083899046e+01
5.332500000000000284e+01,7.660263038548751524e+01
5.335000000000000142e+01,7.662585034013605423e+01
5.337500000000000000e+01,7.664907029478457900e+01
5.340000000000000568e+01,7.667229024943310378e+01
5.342500000000000426e+01,7.669551020408162856e+01
5.345000000000000284e+01,7.671873015873015333e+01
5.347500000000000142e+01,7.674195011337867811e+01
5.350000000000000000e+01,7.676517006802720289e+01
5.352500000000000568e+01,7.678839002267572766e+01
5.355000000000000426e+01,7.681160997732426665e+01
5.357500000000000284e+01,7.683482993197277722e+01
5.360000000000000142e+01,7.685804988662131620e+01
5.362500000000000000e+01,7.688126984126982677e+01
5.365000000000000568e+01,7.690448979591836576e+01
5.367500000000000426e+01,7.692770975056687632e+01
5.370000000000000284e+01,7.695092970521540110e+01
5.372500000000000142e+01,7.697414965986394009e+01
5.375000000000000000e+01,7.699736961451246486e+01
5.377500000000000568e+01,7.702058956916098964e+01
5.380000000000000426e+01,7.704380952380951442e+01
5.382500000000000284e+01,7.706702947845803919e+01
5.385000000000000142e+01,7.709024943310656397e+01
5.387500000000000000e+01,7.711346938775508875e+01
5.390000000000000568e+01,7.713668934240362773e+01
5.392500000000000426e+01,7.715990929705215251e+01
5.395000000000000284e+01,7.718312925170067729e+01
5.397500000000000142e+01,7.720634920634920206e+01
5.400000000000000000e+01,7.722956916099772684e+01
5.402500000000000568e+01,7.725278911564625162e+01
5.405000000000000426e+01,7.727600907029477639e+01
5.407500000000000284e+01,7.729922902494331538e+01
5.410000000000000142e+01,7.732244897959182595e+01
5.412500000000000000e+01,7.734566893424036493e+01
5.415000000000000568e+01,7.736888888888888971e+01
5.417500000000000426e+01,7.739210884353741449e+01
5.420000000000000284e+01,7.741532879818593926e+01
5.422500000000000142e+01,7.743854875283446404e+01
5.425000000000000000e+01,7.746176870748297461e+01
5.427500000000000568e+01,7.748498866213149938e+01
5.430000000000000426e+01,7.750820861678005258e+01
5.432500000000000284e+01,7.753142857142856315e+01
5.435000000000000142e+01,7.755464852607708792e+01
5.437500000000000000e+01,7.757786848072561270e+01
5.440000000000000568e+01,7.760108843537413748e+01
5.442500000000000426e+01,7.762430839002266225e+01
5.445000000000000284e+01,7.764752834467118703e+01
5.447500000000000142e+01,7.767074829931971180e+01
5.450000000000000000e+01,7.769396825396825079e+01
5.450000000000000000e+01,7.771718820861677557e+01
5.450000000000000000e+01,7.774040816326530035e+01
5.450000000000000000e+01,7.776362811791382512e+01
5.450000000000000000e+01,7.778684807256234990e+01
5.450000000000000000e+01,7.781006802721087467e+01
5.450000000000000000e+01,7.783328798185939945e+01
5.450000000000000000e+01,7.785650793650792423e+01
5.450000000000000000e+01,7.787972789115646322e+01
5.450000000000000000e+01,7.790294784580498799e+01
5.450000000000000000e+01,7.792616780045351277e+01
5.450000000000000000e+01,7.794938775510203754e+01
5.450000000000000000e+01,7.797260770975056232e+01
5.450000000000000000e+01,7.799582766439908710e+01
5.450000000000000000e+01,7.801904761904761187e+01
5.450000000000000000e+01,7.804226757369615086e+01
5.450000000000000000e+01,7.806548752834466143e+01
5.450000000000000000e+01,7.808870748299318620e+01
5.450000000000000000e+01,7.811192743764171098e+01
5.450000000000000000e+01,7.813514739229023576e+01
5.450000000000000000e+01,7.815836734693876053e+01
5.450000000000000000e+01,7.818158730158728531e+01
5.450000000000000000e+01,7.820480725623582430e+01
5.450000000000000000e+01,7.822802721088434907e+01
5.450000000000000000e+01,7.825124716553287385e+01
5.450000000000000000e+01,7.827446712018139863e+01
5.450000000000000000e+01,7.829768707482992340e+01
5.450000000000000000e+01,7.832090702947844818e+01
5.450000000000000000e+01,7.834412698412697296e+01
5.450000000000000000e+01,7.836734693877551194e+01
5.450000000000000000e+01,7.839056689342402251e+01
5.450000000000000000e+01,7.841378684807256150e+01
5.450000000000000000e+01,7.843700680272108627e+01
5.450000000000000000e+01,7.846022675736961105e+01
5.450000000000000000e+01,7.848344671201813583e+01
5.450000000000000000e+01,7.850666666666666060e+01
5.450000000000000000e+01,7.852988662131517117e+01
5.450000000000000000e+01,7.855310657596371016e+01
5.450000000000000000e+01,7.857632653061224914e+01
5.450000000000000000e+01,7.859954648526075971e+01
5.450000000000000000e+01,7.862276643990928449e+01
5.450000000000000000e+01,7.864598639455780926e+01
5.450000000000000000e+01,7.866920634920634825e+01
5.450000000000000000e+01,7.869242630385485882e+01
5.450000000000000000e+01,7.871564625850338359e+01
5.450000000000000000e+01,7.873886621315192258e+01
5.450000000000000000e+01,7.876208616780044736e+01
5.450000000000000000e+01,7.878530612244897213e+01
5.450000000000000000e+01,7.880852607709749691e+01
5.450000000000000000e+01,7.883174603174602169e+01
5.450000000000000000e+01,7.885496598639454646e+01
5.450000000000000000e+01,7.887818594104307124e+01
5.450000000000000000e+01,7.890140589569159602e+01
5.450000000000000000e+01,7.892462585034013500e+01
5.450000000000000000e+01,7.894784580498865978e+01
5.450000000000000000e+01,7.897106575963718456e+01
5.450000000000000000e+01,7.899428571428570933e+01
5.450000000000000000e+01,7.901750566893423411e+01
5.450000000000000000e+01,7.904072562358275889e+01
5.450000000000000000e+01,7.906394557823128366e+01
5.450000000000000000e+01,7.908716553287980844e+01
5.450000000000000000e+01,7.911038548752834743e+01
5.450000000000000000e+01,7.913360544217687220e+01
5.450000000000000000e+01,7.915682539682539698e+01
5.450000000000000000e+01,7.918004535147392176e+01
5.450000000000000000e+01,7.920326530612244653e+01
5.450000000000000000e+01,7.922648526077095710e+01
5.450000000000000000e+01,7.924970521541948187e+01
5.450000000000000000e+01,7.927292517006803507e+01
5.450000000000000000e+01,7.929614512471654564e+01
5.450000000000000000e+01,7.931936507936507041e+01
5.450000000000000000e+01,7.934258503401359519e+01
5.450000000000000000e+01,7.936580498866211997e+01
5.450000000000000000e+01,7.938902494331064474e+01
5.450000000000000000e+01,7.941224489795916952e+01
5.450000000000000000e+01,7.943546485260770851e+01
5.450000000000000000e+01,7.945868480725623328e+01
5.450000000000000000e+01,7.948190476190475806e+01
5.450000000000000000e+01,7.950512471655328284e+01
5.450000000000000000e+01,7.952834467120180761e+01
5.450000000000000000e+01,7.955156462585033239e+01
5.450000000000000000e+01,7.957478458049885717e+01
5.450000000000000000e+01,7.959800453514739615e+01
5.450000000000000000e+01,7.962122448979590672e+01
5.450000000000000000e+01,7.964444444444444571e+01
5.450000000000000000e+01,7.966766439909297048e+01
5.450000000000000000e+01,7.969088435374149526e+01
5.450000000000000000e+01,7.971410430839002004e+01
5.450000000000000000e+01,7.973732426303854481e+01
5.450000000000000000e+01,7.976054421768705538e+01
5.450000000000000000e+01,7.978376417233559437e+01
5.450000000000000000e+01,7.980698412698413335e+01
5.450000000000000000e+01,7.983020408163264392e+01
5.450000000000000000e+01,7.985342403628116870e+01
5.450000000000000000e+01,7.987664399092969347e+01
5.450000000000000000e+01,7.989986394557821825e+01
5.450000000000000000e+01,7.992308390022674303e+01
5.450000000000000000e+01,7.994630385487526780e+01
5.450000000000000000e+01,7.996952380952379258e+01
5.450000000000000000e+01,7.999274376417233157e+01
5.450000000000000000e+01,8.001596371882085634e+01
5.450000000000000000e+01,8.003918367346938112e+01
5.450000000000000000e+01,8.006240362811790590e+01
5.450000000000000000e+01,8.008562358276643067e+01
5.450000000000000000e+01,8.010884353741495545e+01
5.450000000000000000e+01,8.013206349206348023e+01
5.450000000000000000e+01,8.015528344671200500e+01
5.450000000000000000e+01,8.017850340136054399e+01
5.450000000000000000e+01,8.020172335600906877e+01
5.450000000000000000e+01,8.022494331065759354e+01
5.450000000000000000e+01,8.024816326530610411e+01
5.450000000000000000e+01,8.027138321995462888e+01
5.450000000000000000e+01,8.029460317460316787e+01
5.450000000000000000e+01,8.031782312925169265e+01
5.450000000000000000e+01,8.034104308390023164e+01
5.450000000000000000e+01,8.036426303854874220e+01
5.450000000000000000e+01,8.038748299319726698e+01
5.450000000000000000e+01,8.041070294784579175e+01
5.450000000000000000e+01,8.043392290249431653e+01
5.450000000000000000e+01,8.045714285714284131e+01
5.450000000000000000e+01,8.048036281179136608e+01
5.450000000000000000e+01,8.050358276643990507e+01
5.450000000000000000e+01,8.052680272108842985e+01
5.450000000000000000e+01,8.055002267573695462e+01
5.450000000000000000e+01,8.057324263038547940e+01
5.450000000000000000e+01,8.059646258503400418e+01
5.450000000000000000e+01,8.061968253968252895e+01
5.450000000000000000e+01,8.064290249433105373e+01
5.450000000000000000e+01,8.066612244897959272e+01
5.450000000000000000e+01,8.068934240362810328e+01
5.450000000000000000e+01,8.071256235827664227e+01
5.450000000000000000e+01,8.073578231292516705e+01
5.450000000000000000e+01,8.075900226757369182e+01
5.450000000000000000e+01,8.078222222222220239e+01
5.450000000000000000e+01,8.080544217687072717e+01
5.450000000000000000e+01,8.082866213151928036e+01
5.450000000000000000e+01,8.085188208616779093e+01
5.450000000000000000e+01,8.087510204081632992e+01
5.450000000000000000e+01,8.089832199546484048e+01
5.450000000000000000e+01,8.092154195011337947e+01
5.450000000000000000e+01,8.094476190476189004e+01
5.450000000000000000e+01,8.096798185941041481e+01
5.450000000000000000e+01,8.099120181405893959e+01
5.450000000000000000e+01,8.101442176870746437e+01
5.450000000000000000e+01,8.103764172335600335e+01
5.450000000000000000e+01,8.106086167800452813e+01
5.450000000000000000e+01,8.108408163265305291e+01
5.450000000000000000e+01,8.110730158730157768e+01
5.450000000000000000e+01,8.113052154195010246e+01
5.450000000000000000e+01,8.115374149659862724e+01
5.450000000000000000e+01,8.117696145124715201e+01
5.450000000000000000e+01,8.120018140589567679e+01
5.450000000000000000e+01,8.122340136054421578e+01
5.450000000000000000e+01,8.124662131519274055e+01
5.450000000000000000e+01,8.126984126984126533e+01
5.450000000000000000e+01,8.129306122448979011e+01
5.450000000000000000e+01,8.131628117913830067e+01
5.450000000000000000e+01,8.133950113378683966e+01
5.450000000000000000e+01,8.136272108843536444e+01
5.450000000000000000e+01,8.138594104308388921e+01
5.450000000000000000e+01,8.140916099773242820e+01
5.450000000000000000e+01,8.143238095238093877e+01
5.450000000000000000e+01,8.145560090702947775e+01
5.450000000000000000e+01,8.147882086167798832e+01
5.450000000000000000e+01,8.150204081632651310e+01
5.450000000000000000e+01,8.152526077097503787e+01
5.450000000000000000e+01,8.154848072562356265e+01
5.450000000000000000e+01,8.157170068027211585e+01
5.450000000000000000e+01,8.159492063492062641e+01
5.450000000000000000e+01,8.161814058956915119e+01
5.450000000000000000e+01,8.164136054421767597e+01
5.450000000000000000e+01,8.166458049886620074e+01
5.450000000000000000e+01,8.168780045351472552e+01
5.450000000000000000e+01,8.171102040816325029e+01
5.450000000000000000e+01,8.173424036281178928e+01
5.450000000000000000e+01,8.175746031746031406e+01
5.450000000000000000e+01,8.178068027210883884e+01
5.450000000000000000e+01,8.180390022675736361e+01
5.450000000000000000e+01,8.182712018140588839e+01
5.450000000000000000e+01,8.185034013605441316e+01
5.450000000000000000e+01,8.187356009070293794e+01
5.450000000000000000e+01,8.189678004535147693e+01
5.450000000000000000e+01,8.191999999999998749e+01
5.450000000000000000e+01,8.194321995464852648e+01
5.450000000000000000e+01,8.196643990929705126e+01
5.450000000000000000e+01,8.198965986394557603e+01
5.450000000000000000e+01,8.201287981859408660e+01
5.450000000000000000e+01,8.203609977324261138e+01
5.450000000000000000e+01,8.205931972789113615e+01
5.450000000000000000e+01,8.208253968253967514e+01
5.450000000000000000e+01,8.210575963718821413e+01
5.450000000000000000e+01,8.212897959183672469e+01
5.450000000000000000e+01,8.215219954648524947e+01
5.450000000000000000e+01,8.217541950113377425e+01
5.450000000000000000e+01,8.219863945578229902e+01
5.450000000000000000e+01,8.222185941043082380e+01
5.450000000000000000e+01,8.224507936507934858e+01
5.450000000000000000e+01,8.226829931972787335e+01
5.450000000000000000e+01,8.229151927437641234e+01
5.450000000000000000e+01,8.231473922902493712e+01
5.450000000000000000e+01,8.233795918367346189e+01
5.450000000000000000e+01,8.236117913832198667e+01
5.450000000000000000e+01,8.238439909297051145e+01
5.450000000000000000e+01,8.240761904761903622e+01
5.450000000000000000e+01,8.243083900226756100e+01
5.450000000000000000e+01,8.245405895691608578e+01
5.450000000000000000e+01,8.247727891156462476e+01
5.450000000000000000e+01,8.250049886621314954e+01
5.450000000000000000e+01,8.252371882086167432e+01
5.450000000000000000e+01,8.254693877551019909e+01
5.450000000000000000e+01,8.257015873015870966e+01
5.450000000000000000e+01,8.259337868480724865e+01
5.450000000000000000e+01,8.261659863945577342e+01
5.450000000000000000e+01,8.263981859410431241e+01
5.450000000000000000e+01,8.266303854875283719e+01
5.450000000000000000e+01,8.268625850340136196e+01
5.450000000000000000e+01,8.270947845804987253e+01
5.450000000000000000e+01,8.273269841269839731e+01
5.450000000000000000e+01,8.275591836734692208e+01
5.450000000000000000e+01,8.277913832199544686e+01
5.450000000000000000e+01,8.280235827664398585e+01
5.450000000000000000e+01,8.282557823129252483e+01
5.450000000000000000e+01,8.284879818594103540e+01
5.450000000000000000e+01,8.287201814058956018e+01
5.450000000000000000e+01,8.289523809523808495e+01
5.450000000000000000e+01,8.291845804988660973e+01
5.450000000000000000e+01,8.294167800453513451e+01
5.450000000000000000e+01,8.296489795918364507e+01
5.450000000000000000e+01,8.298811791383221248e+01
5.450000000000000000e+01,8.301133786848072305e+01
5.450000000000000000e+01,8.303455782312924782e+01
5.450000000000000000e+01,8.305777777777777260e+01
5.450000000000000000e+01,8.308099773242629738e+01
5.450000000000000000e+01,8.310421768707480794e+01
5.450000000000000000e+01,8.312743764172333272e+01
5.450000000000000000e+01,8.315065759637187170e+01
5.450000000000000000e+01,8.317387755102041069e+01
5.450000000000000000e+01,8.319709750566893547e+01
5.450000000000000000e+01,8.322031746031746025e+01
5.450000000000000000e+01,8.324353741496598502e+01
5.450000000000000000e+01,8.326675736961449559e+01
5.450000000000000000e+01,8.328997732426302036e+01
5.450000000000000000e+01,8.331319727891154514e+01
5.450000000000000000e+01,8.333641723356008413e+01
5.450000000000000000e+01,8.335963718820862312e+01
5.450000000000000000e+01,8.338285714285713368e+01
5.450000000000000000e+01,8.340607709750565846e+01
5.450000000000000000e+01,8.342929705215418323e+01
5.450000000000000000e+01,8.345251700680270801e+01
5.450000000000000000e+01,8.347573696145123279e+01
5.450000000000000000e+01,8.349895691609975756e+01
5.450000000000000000e+01,8.352217687074828234e+01
5.450000000000000000e+01,8.354539682539682133e+01
5.450000000000000000e+01,8.356861678004534610e+01
5.450000000000000000e+01,8.359183673469387088e+01
5.450000000000000000e+01,8.361505668934239566e+01
5.450000000000000000e+01,8.363827664399092043e+01
5.450000000000000000e+01,8.366149659863944521e+01
5.450000000000000000e+01,8.368471655328796999e+01
5.450000000000000000e+01,8.370793650793650897e+01
5.450000000000000000e+01,8.373115646258503375e+01
5.450000000000000000e+01,8.375437641723355853e+01
5.450000000000000000e+01,8.377759637188208330e+01
5.450000000000000000e+01,8.380081632653059387e+01
5.450000000000000000e+01,8.382403628117913286e+01
5.450000000000000000e+01,8.384725623582765763e+01
5.450000000000000000e+01,8.387047619047619662e+01
5.450000000000000000e+01,8.389369614512472140e+01
5.450000000000000000e+01,8.391691609977323196e+01
5.450000000000000000e+01,8.394013605442175674e+01
5.450000000000000000e+01,8.396335600907028152e+01
5.450000000000000000e+01,8.398657596371880629e+01
5.452500000000000568e+01,8.400979591836733107e+01
5.455000000000000426e+01,8.403301587301587006e+01
5.457500000000000284e+01,8.405623582766440904e+01
5.460000000000000142e+01,8.407945578231291961e+01
5.462500000000000000e+01,8.410267573696144439e+01
5.465000000000000568e+01,8.412589569160996916e+01
5.467500000000000426e+01,8.414911564625849394e+01
5.470000000000000284e+01,8.417233560090701872e+01
5.472500000000000142e+01,8.419555555555552928e+01
5.475000000000000000e+01,8.421877551020406827e+01
5.477500000000000568e+01,8.424199546485260726e+01
5.480000000000000426e+01,8.426521541950113203e+01
5.482500000000000284e+01,8.428843537414965681e+01
5.485000000000000142e+01,8.431165532879818159e+01
5.487500000000000000e+01,8.433487528344669215e+01
5.490000000000000568e+01,8.435809523809521693e+01
5.492500000000000426e+01,8.438131519274375592e+01
5.495000000000000284e+01,8.440453514739228069e+01
5.497500000000000142e+01,8.442775510204081968e+01
5.500000000000000000e+01,8.445097505668933024e+01
5.502500000000000568e+01,8.447419501133785502e+01
5.505000000000000426e+01,8.449741496598637980e+01
5.507500000000000284e+01,8.452063492063490457e+01
5.510000000000000142e+01,8.454385487528342935e+01
5.512500000000000000e+01,8.456707482993195413e+01
5.515000000000000568e+01,8.459029478458047890e+01
5.517500000000000426e+01,8.461351473922901789e+01
5.520000000000000284e+01,8.463673469387754267e+01
5.522500000000000142e+01,8.465995464852606744e+01
5.525000000000000000e+01,8.468317460317459222e+01
5.527500000000000568e+01,8.470639455782311700e+01
5.530000000000000426e+01,8.472961451247164177e+01
5.532500000000000284e+01,8.475283446712016655e+01
5.535000000000000142e+01,8.477605442176870554e+01
5.537500000000000000e+01,8.479927437641723031e+01
5.540000000000000568e+01,8.482249433106575509e+01
5.542500000000000426e+01,8.484571428571427987e+01
5.545000000000000284e+01,8.486893424036279043e+01
5.547500000000000142e+01,8.489215419501132942e+01
5.550000000000000000e+01,8.491537414965985420e+01
5.550000000000000000e+01,8.493859410430839318e+01
5.550000000000000000e+01,8.496181405895691796e+01
5.550000000000000000e+01,8.498503401360544274e+01
5.552500000000000568e+01,8.500825396825395330e+01
5.555000000000000426e+01,8.503147392290247808e+01
5.557500000000000284e+01,8.505469387755100286e+01
5.560000000000000142e+01,8.507791383219952763e+01
5.562500000000000000e+01,8.510113378684806662e+01
5.565000000000000568e+01,8.512435374149660561e+01
5.567500000000000426e+01,8.514757369614511617e+01
5.570000000000000284e+01,8.517079365079364095e+01
5.572500000000000142e+01,8.519401360544216573e+01
5.575000000000000000e+01,8.521723356009069050e+01
5.577500000000000568e+01,8.524045351473921528e+01
5.580000000000000426e+01,8.526367346938772585e+01
5.582500000000000284e+01,8.528689342403629325e+01
5.585000000000000142e+01,8.531011337868480382e+01
5.587500000000000000e+01,8.533333333333332860e+01
5.590000000000000568e+01,8.535655328798185337e+01
5.592500000000000426e+01,8.537977324263037815e+01
5.595000000000000284e+01,8.540299319727888872e+01
5.597500000000000142e+01,8.542621315192741349e+01
5.600000000000000000e+01,8.544943310657595248e+01
5.600000000000000000e+01,8.547265306122449147e+01
5.600000000000000000e+01,8.549587301587301624e+01
5.600000000000000000e+01,8.551909297052154102e+01
5.600000000000000000e+01,8.554231292517006580e+01
5.600000000000000000e+01,8.556553287981857636e+01
5.600000000000000000e+01,8.558875283446710114e+01
5.600000000000000000e+01,8.561197278911564013e+01
5.600000000000000000e+01,8.563519274376416490e+01
5.600000000000000000e+01,8.565841269841270389e+01
5.600000000000000000e+01,8.568163265306121446e+01
5.600000000000000000e+01,8.570485260770973923e+01
5.600000000000000000e+01,8.572807256235826401e+01
5.600000000000000000e+01,8.575129251700678878e+01
5.600000000000000000e+01,8.577451247165531356e+01
5.600000000000000000e+01,8.579773242630383834e+01
5.600000000000000000e+01,8.582095238095236311e+01
5.600000000000000000e+01,8.584417233560090210e+01
5.600000000000000000e+01,8.586739229024942688e+01
5.600000000000000000e+01,8.589061224489795165e+01
5.600000000000000000e+01,8.591383219954647643e+01
5.600000000000000000e+01,8.593705215419500121e+01
5.600000000000000000e+01,8.596027210884352598e+01
5.600000000000000000e+01,8.598349206349205076e+01
5.600000000000000000e+01,8.600671201814058975e+01
5.600000000000000000e+01,8.602993197278911452e+01
5.600000000000000000e+01,8.605315192743763930e+01
5.600000000000000000e+01,8.607637188208616408e+01
5.600000000000000000e+01,8.609959183673467464e+01
5.600000000000000000e+01,8.612281179138321363e+01
5.600000000000000000e+01,8.614603174603173841e+01
5.600000000000000000e+01,8.616925170068027739e+01
5.600000000000000000e+01,8.619247165532880217e+01
5.600000000000000000e+01,8.621569160997731274e+01
5.602500000000000568e+01,8.623891156462583751e+01
5.605000000000000426e+01,8.626213151927436229e+01
5.607500000000000284e+01,8.628535147392288707e+01
5.610000000000000142e+01,8.630857142857141184e+01
5.612500000000000000e+01,8.633179138321995083e+01
5.615000000000000568e+01,8.635501133786848982e+01
5.617500000000000426e+01,8.637823129251700038e+01
5.620000000000000284e+01,8.640145124716552516e+01
5.622500000000000142e+01,8.642467120181404994e+01
5.625000000000000000e+01,8.644789115646257471e+01
5.627500000000000568e+01,8.647111111111109949e+01
5.630000000000000426e+01,8.649433106575961006e+01
5.632500000000000284e+01,8.651755102040814904e+01
5.635000000000000142e+01,8.654077097505668803e+01
5.637500000000000000e+01,8.656399092970521281e+01
5.640000000000000568e+01,8.658721088435373758e+01
5.642500000000000426e+01,8.661043083900226236e+01
5.645000000000000284e+01,8.663365079365077293e+01
5.647500000000000142e+01,8.665687074829929770e+01
5.650000000000000000e+01,8.668009070294783669e+01
5.652500000000000568e+01,8.670331065759637568e+01
5.655000000000000426e+01,8.672653061224490045e+01
5.657500000000000284e+01,8.674975056689342523e+01
5.660000000000000142e+01,8.677297052154193580e+01
5.662500000000000000e+01,8.679619047619046057e+01
5.665000000000000568e+01,8.681941043083898535e+01
5.667500000000000426e+01,8.684263038548751013e+01
5.670000000000000284e+01,8.686585034013604911e+01
5.672500000000000142e+01,8.688907029478457389e+01
5.675000000000000000e+01,8.691229024943309867e+01
5.677500000000000568e+01,8.693551020408162344e+01
5.680000000000000426e+01,8.695873015873014822e+01
5.682500000000000284e+01,8.698195011337867300e+01
5.685000000000000142e+01,8.700517006802719777e+01
5.687500000000000000e+01,8.702839002267572255e+01
5.690000000000000568e+01,8.705160997732424732e+01
5.692500000000000426e+01,8.707482993197278631e+01
5.695000000000000284e+01,8.709804988662131109e+01
5.697500000000000142e+01,8.712126984126983587e+01
5.700000000000000000e+01,8.714448979591836064e+01
5.702500000000000568e+01,8.716770975056687121e+01
5.705000000000000426e+01,8.719092970521541019e+01
5.707500000000000284e+01,8.721414965986393497e+01
5.710000000000000142e+01,8.723736961451247396e+01
5.712500000000000000e+01,8.726058956916099874e+01
5.715000000000000568e+01,8.728380952380952351e+01
5.717500000000000426e+01,8.730702947845804829e+01
5.720000000000000284e+01,8.733024943310655885e+01
5.722500000000000142e+01,8.735346938775508363e+01
5.725000000000000000e+01,8.737668934240360841e+01
5.727500000000000568e+01,8.739990929705214739e+01
5.730000000000000426e+01,8.742312925170068638e+01
5.732500000000000284e+01,8.744634920634919695e+01
5.735000000000000142e+01,8.746956916099772172e+01
5.737500000000000000e+01,8.749278911564624650e+01
5.740000000000000568e+01,8.751600907029477128e+01
5.742500000000000426e+01,8.753922902494329605e+01
5.745000000000000284e+01,8.756244897959183504e+01
5.747500000000000142e+01,8.758566893424037403e+01
5.750000000000000000e+01,8.760888888888888459e+01
5.752500000000000568e+01,8.763210884353740937e+01
5.755000000000000426e+01,8.765532879818593415e+01
5.757500000000000284e+01,8.767854875283445892e+01
5.760000000000000142e+01,8.770176870748298370e+01
5.762500000000000000e+01,8.772498866213149427e+01
5.765000000000000568e+01,8.774820861678003325e+01
5.767500000000000426e+01,8.777142857142857224e+01
5.770000000000000284e+01,8.779464852607709702e+01
5.772500000000000142e+01,8.781786848072562179e+01
5.775000000000000000e+01,8.784108843537414657e+01
5.777500000000000568e+01,8.786430839002265714e+01
5.780000000000000426e+01,8.788752834467118191e+01
5.782500000000000284e+01,8.791074829931972090e+01
5.785000000000000142e+01,8.793396825396824568e+01
5.787500000000000000e+01,8.795718820861678466e+01
5.790000000000000568e+01,8.798040816326529523e+01
5.792500000000000426e+01,8.800362811791382001e+01
5.795000000000000284e+01,8.802684807256234478e+01
5.797500000000000142e+01,8.805006802721086956e+01
5.800000000000000000e+01,8.807328798185939434e+01
5.802500000000000568e+01,8.809650793650791911e+01
5.805000000000000426e+01,8.811972789115644389e+01
5.807500000000000284e+01,8.814294784580498288e+01
5.810000000000000142e+01,8.816616780045350765e+01
5.812500000000000000e+01,8.818938775510203243e+01
5.815000000000000568e+01,8.821260770975055721e+01
5.817500000000000426e+01,8.823582766439908198e+01
5.820000000000000284e+01,8.825904761904760676e+01
5.822500000000000142e+01,8.828226757369613154e+01
5.825000000000000000e+01,8.830548752834467052e+01
5.827500000000000568e+01,8.832870748299319530e+01
5.830000000000000426e+01,8.835192743764172008e+01
5.832500000000000284e+01,8.837514739229024485e+01
5.835000000000000142e+01,8.839836734693875542e+01
5.837500000000000000e+01,8.842158730158729441e+01
5.840000000000000568e+01,8.844480725623581918e+01
5.842500000000000426e+01,8.846802721088435817e+01
5.845000000000000284e+01,8.849124716553288295e+01
5.847500000000000142e+01,8.851446712018139351e+01
5.850000000000000000e+01,8.853768707482991829e+01
5.852500000000000568e+01,8.856090702947844306e+01
5.855000000000000426e+01,8.858412698412696784e+01
5.857500000000000284e+01,8.860734693877549262e+01
5.860000000000000142e+01,8.863056689342403160e+01
5.862500000000000000e+01,8.865378684807257059e+01
5.865000000000000568e+01,8.867700680272108116e+01
5.867500000000000426e+01,8.870022675736960593e+01
5.870000000000000284e+01,8.872344671201813071e+01
5.872500000000000142e+01,8.874666666666665549e+01
5.875000000000000000e+01,8.876988662131518026e+01
5.877500000000000568e+01,8.879310657596369083e+01
5.880000000000000426e+01,8.881632653061222982e+01
5.882500000000000284e+01,8.883954648526076880e+01
5.885000000000000142e+01,8.886276643990929358e+01
5.887500000000000000e+01,8.888598639455781836e+01
5.890000000000000568e+01,8.890920634920634313e+01
5.892500000000000426e+01,8.893242630385485370e+01
5.895000000000000284e+01,8.895564625850337848e+01
5.897500000000000142e+01,8.897886621315191746e+01
5.900000000000000000e+01,8.900208616780045645e+01
5.900000000000000000e+01,8.902530612244898123e+01
5.900000000000000000e+01,8.904852607709750600e+01
5.900000000000000000e+01,8.907174603174601657e+01
5.900000000000000000e+01,8.909496598639454135e+01
5.900000000000000000e+01,8.911818594104306612e+01
5.900000000000000000e+01,8.914140589569159090e+01
5.900000000000000000e+01,8.916462585034012989e+01
5.900000000000000000e+01,8.918784580498866887e+01
5.900000000000000000e+01,8.921106575963717944e+01
5.900000000000000000e+01,8.923428571428570422e+01
5.900000000000000000e+01,8.925750566893422899e+01
5.900000000000000000e+01,8.928072562358275377e+01
5.900000000000000000e+01,8.930394557823127855e+01
5.900000000000000000e+01,8.932716553287980332e+01
5.900000000000000000e+01,8.935038548752832810e+01
5.900000000000000000e+01,8.937360544217686709e+01
5.900000000000000000e+01,8.939682539682539186e+01
5.900000000000000000e+01,8.942004535147391664e+01
5.900000000000000000e+01,8.944326530612244142e+01
5.900000000000000000e+01,8.946648526077096619e+01
5.900000000000000000e+01,8.948970521541949097e+01
5.900000000000000000e+01,8.951292517006801575e+01
5.900000000000000000e+01,8.953614512471655473e+01
5.900000000000000000e+01,8.955936507936507951e+01
5.900000000000000000e+01,8.958258503401360429e+01
5.900000000000000000e+01,8.960580498866212906e+01
5.900000000000000000e+01,8.962902494331063963e+01
5.900000000000000000e+01,8.965224489795917862e+01
5.900000000000000000e+01,8.967546485260770339e+01
5.900000000000000000e+01,8.969868480725624238e+01
5.900000000000000000e+01,8.972190476190476716e+01
5.900000000000000000e+01,8.974512471655327772e+01
5.900000000000000000e+01,8.976834467120180250e+01
5.900000000000000000e+01,8.979156462585032727e+01
5.900000000000000000e+01,8.981478458049885205e+01
5.900000000000000000e+01,8.983800453514737683e+01
5.900000000000000000e+01,8.986122448979591582e+01
5.900000000000000000e+01,8.988444444444445480e+01
5.900000000000000000e+01,8.990766439909296537e+01
5.900000000000000000e+01,8.993088435374149014e+01
5.902500000000000568e+01,8.995410430839001492e+01
5.905000000000000426e+01,8.997732426303853970e+01
5.907500000000000284e+01,9.000054421768706447e+01
5.910000000000000142e+01,9.002376417233557504e+01
5.912500000000000000e+01,9.004698412698411403e+01
5.915000000000000568e+01,9.007020408163265301e+01
5.917500000000000426e+01,9.009342403628117779e+01
5.920000000000000284e+01,9.011664399092970257e+01
5.922500000000000142e+01,9.013986394557822734e+01
5.925000000000000000e+01,9.016308390022673791e+01
5.927500000000000568e+01,9.018630385487526269e+01
5.930000000000000426e+01,9.020952380952380167e+01
5.932500000000000284e+01,9.023274376417232645e+01
5.935000000000000142e+01,9.025596371882086544e+01
5.937500000000000000e+01,9.027918367346937600e+01
5.940000000000000568e+01,9.030240362811790078e+01
5.942500000000000426e+01,9.032562358276642556e+01
5.945000000000000284e+01,9.034884353741495033e+01
5.947500000000000142e+01,9.037206349206347511e+01
5.950000000000000000e+01,9.039528344671199989e+01
5.952500000000000568e+01,9.041850340136052466e+01
5.955000000000000426e+01,9.044172335600906365e+01
5.957500000000000284e+01,9.046494331065758843e+01
5.960000000000000142e+01,9.048816326530611320e+01
5.962500000000000000e+01,9.051138321995463798e+01
5.965000000000000568e+01,9.053460317460316276e+01
5.967500000000000426e+01,9.055782312925168753e+01
5.970000000000000284e+01,9.058104308390021231e+01
5.972500000000000142e+01,9.060426303854875130e+01
5.975000000000000000e+01,9.062748299319727607e+01
5.977500000000000568e+01,9.065070294784580085e+01
5.980000000000000426e+01,9.067392290249432563e+01
5.982500000000000284e+01,9.069714285714283619e+01
5.985000000000000142e+01,9.072036281179137518e+01
5.987500000000000000e+01,9.074358276643989996e+01
5.990000000000000568e+01,9.076680272108843894e+01
5.992500000000000426e+01,9.079002267573696372e+01
5.995000000000000284e+01,9.081324263038548850e+01
5.997500000000000142e+01,9.083646258503399906e+01
6.000000000000000000e+01,9.085968253968252384e+01
6.000000000000000000e+01,9.088290249433104862e+01
6.000000000000000000e+01,9.090612244897957339e+01
6.000000000000000000e+01,9.092934240362811238e+01
6.000000000000000000e+01,9.095256235827665137e+01
6.000000000000000000e+01,9.097578231292516193e+01
6.000000000000000000e+01,9.099900226757368671e+01
6.000000000000000000e+01,9.102222222222221149e+01
6.000000000000000000e+01,9.104544217687073626e+01
6.000000000000000000e+01,9.106866213151926104e+01
6.000000000000000000e+01,9.109188208616777160e+01
6.000000000000000000e+01,9.111510204081633901e+01
6.000000000000000000e+01,9.113832199546484958e+01
6.000000000000000000e+01,9.116154195011337436e+01
6.000000000000000000e+01,9.118476190476189913e+01
6.000000000000000000e+01,9.120798185941042391e+01
6.000000000000000000e+01,9.123120181405893447e+01
6.000000000000000000e+01,9.125442176870745925e+01
6.000000000000000000e+01,9.127764172335599824e+01
6.000000000000000000e+01,9.130086167800453723e+01
6.000000000000000000e+01,9.132408163265306200e+01
6.000000000000000000e+01,9.134730158730158678e+01
6.000000000000000000e+01,9.137052154195011155e+01
6.000000000000000000e+01,9.139374149659862212e+01
6.000000000000000000e+01,9.141696145124714690e+01
6.000000000000000000e+01,9.144018140589567167e+01
6.000000000000000000e+01,9.146340136054421066e+01
6.000000000000000000e+01,9.148662131519274965e+01
6.000000000000000000e+01,9.150984126984126021e+01
6.000000000000000000e+01,9.153306122448978499e+01
6.000000000000000000e+01,9.155628117913830977e+01
6.000000000000000000e+01,9.157950113378683454e+01
6.000000000000000000e+01,9.160272108843535932e+01
6.000000000000000000e+01,9.162594104308388410e+01
6.000000000000000000e+01,9.164916099773240887e+01
6.000000000000000000e+01,9.167238095238094786e+01
6.000000000000000000e+01,9.169560090702947264e+01
6.000000000000000000e+01,9.171882086167799741e+01
6.000000000000000000e+01,9.174204081632652219e+01
6.000000000000000000e+01,9.176526077097504697e+01
6.000000000000000000e+01,9.178848072562357174e+01
6.000000000000000000e+01,9.181170068027209652e+01
6.000000000000000000e+01,9.183492063492063551e+01
6.000000000000000000e+01,9.185814058956916028e+01
6.002500000000000568e+01,9.188136054421768506e+01
6.005000000000000426e+01,9.190458049886620984e+01
6.007500000000000284e+01,9.192780045351472040e+01
6.010000000000000142e+01,9.195102040816325939e+01
6.012500000000000000e+01,9.197424036281178417e+01
6.015000000000000568e+01,9.199746031746032315e+01
6.017500000000000426e+01,9.202068027210884793e+01
6.020000000000000284e+01,9.204390022675735850e+01
6.022500000000000142e+01,9.206712018140588327e+01
6.025000000000000000e+01,9.209034013605440805e+01
6.027500000000000568e+01,9.211356009070293283e+01
6.030000000000000426e+01,9.213678004535145760e+01
6.032500000000000284e+01,9.215999999999999659e+01
6.035000000000000142e+01,9.218321995464853558e+01
6.037500000000000000e+01,9.220643990929704614e+01
6.040000000000000568e+01,9.222965986394557092e+01
6.042500000000000426e+01,9.225287981859409570e+01
6.045000000000000284e+01,9.227609977324262047e+01
6.047500000000000142e+01,9.229931972789114525e+01
6.050000000000000000e+01,9.232253968253965581e+01
6.052500000000000568e+01,9.234575963718819480e+01
6.055000000000000426e+01,9.236897959183673379e+01
6.057500000000000284e+01,9.239219954648525857e+01
6.060000000000000142e+01,9.241541950113378334e+01
6.062500000000000000e+01,9.243863945578230812e+01
6.065000000000000568e+01,9.246185941043081868e+01
6.067500000000000426e+01,9.248507936507934346e+01
6.070000000000000284e+01,9.250829931972788245e+01
6.072500000000000142e+01,9.253151927437642144e+01
6.075000000000000000e+01,9.255473922902494621e+01
6.077500000000000568e+01,9.257795918367347099e+01
6.080000000000000426e+01,9.260117913832198155e+01
6.082500000000000284e+01,9.262439909297050633e+01
6.085000000000000142e+01,9.264761904761903111e+01
6.087500000000000000e+01,9.267083900226755588e+01
6.090000000000000568e+01,9.269405895691609487e+01
6.092500000000000426e+01,9.271727891156461965e+01
6.095000000000000284e+01,9.274049886621314442e+01
6.097500000000000142e+01,9.276371882086166920e+01
6.100000000000000000e+01,9.278693877551019398e+01
6.102500000000000568e+01,9.281015873015871875e+01
6.105000000000000426e+01,9.283337868480724353e+01
6.107500000000000284e+01,9.285659863945576831e+01
6.110000000000000142e+01,9.287981859410429308e+01
6.112500000000000000e+01,9.290303854875283207e+01
6.115000000000000568e+01,9.292625850340135685e+01
6.117500000000000426e+01,9.294947845804988162e+01
6.120000000000000284e+01,9.297269841269840640e+01
6.122500000000000142e+01,9.299591836734691697e+01
6.125000000000000000e+01,9.301913832199545595e+01
6.127500000000000568e+01,9.304235827664398073e+01
6.130000000000000426e+01,9.306557823129251972e+01
6.132500000000000284e+01,9.308879818594104449e+01
6.135000000000000142e+01,9.311201814058956927e+01
6.137500000000000000e+01,9.313523809523809405e+01
6.140000000000000568e+01,9.315845804988660461e+01
6.142500000000000426e+01,9.318167800453512939e+01
6.145000000000000284e+01,9.320489795918365417e+01
6.147500000000000142e+01,9.322811791383219315e+01
6.150000000000000000e+01,9.325133786848073214e+01
6.152500000000000568e+01,9.327455782312924271e+01
6.155000000000000426e+01,9.329777777777776748e+01
6.157500000000000284e+01,9.332099773242629226e+01
6.160000000000000142e+01,9.334421768707481704e+01
6.162500000000000000e+01,9.336743764172334181e+01
6.165000000000000568e+01,9.339065759637188080e+01
6.167500000000000426e+01,9.341387755102041979e+01
6.170000000000000284e+01,9.343709750566893035e+01
6.172500000000000142e+01,9.346031746031745513e+01
6.175000000000000000e+01,9.348353741496597991e+01
6.177500000000000568e+01,9.350675736961450468e+01
6.180000000000000426e+01,9.352997732426302946e+01
6.182500000000000284e+01,9.355319727891154002e+01
6.185000000000000142e+01,9.357641723356007901e+01
6.187500000000000000e+01,9.359963718820861800e+01
6.190000000000000568e+01,9.362285714285714278e+01
6.192500000000000426e+01,9.364607709750566755e+01
6.195000000000000284e+01,9.366929705215419233e+01
6.197500000000000142e+01,9.369251700680270289e+01
6.200000000000000000e+01,9.371573696145122767e+01
6.202500000000000568e+01,9.373895691609976666e+01
6.205000000000000426e+01,9.376217687074829144e+01
6.207500000000000284e+01,9.378539682539683042e+01
6.210000000000000142e+01,9.380861678004534099e+01
6.212500000000000000e+01,9.383183673469386576e+01
6.215000000000000568e+01,9.385505668934239054e+01
6.217500000000000426e+01,9.387827664399091532e+01
6.220000000000000284e+01,9.390149659863944009e+01
6.222500000000000142e+01,9.392471655328796487e+01
6.225000000000000000e+01,9.394793650793648965e+01
6.227500000000000568e+01,9.397115646258502863e+01
6.230000000000000426e+01,9.399437641723355341e+01
6.232500000000000284e+01,9.401759637188207819e+01
6.235000000000000142e+01,9.404081632653060296e+01
6.237500000000000000e+01,9.406403628117912774e+01
6.240000000000000568e+01,9.408725623582765252e+01
6.242500000000000426e+01,9.411047619047617729e+01
6.245000000000000284e+01,9.413369614512471628e+01
6.247500000000000142e+01,9.415691609977324106e+01
6.250000000000000000e+01,9.418013605442176583e+01
6.252500000000000568e+01,9.420335600907029061e+01
6.255000000000000426e+01,9.422657596371880118e+01
6.257500000000000284e+01,9.424979591836734016e+01
6.260000000000000142e+01,9.427301587301586494e+01
6.262500000000000000e+01,9.429623582766440393e+01
6.265000000000000568e+01,9.431945578231292870e+01
6.267500000000000426e+01,9.434267573696143927e+01
6.270000000000000284e+01,9.436589569160996405e+01
6.272500000000000142e+01,9.438911564625848882e+01
6.275000000000000000e+01,9.441233560090701360e+01
6.277500000000000568e+01,9.443555555555553838e+01
6.280000000000000426e+01,9.445877551020407736e+01
6.282500000000000284e+01,9.447941546989167705e+01
6.285000000000000142e+01,9.449747543461828059e+01
6.287500000000000000e+01,9.451295540438397325e+01
6.290000000000000568e+01,9.452585537918869818e+01
6.292500000000000426e+01,9.453617535903251223e+01
6.295000000000000284e+01,9.454391534391533014e+01
6.297500000000000142e+01,9.454907533383723717e+01
6.300000000000000000e+01,9.455165532879817647e+01
6.302500000000000568e+01,9.455165532879817647e+01
6.305000000000000426e+01,9.455165532879817647e+01
6.307500000000000284e+01,9.455165532879817647e+01
6.310000000000000142e+01,9.455165532879817647e+01
6.312500000000000000e+01,9.455165532879817647e+01
6.315000000000000568e+01,9.455165532879817647e+01
6.317500000000000426e+01,9.455165532879817647e+01
6.320000000000000284e+01,9.455165532879817647e+01
6.322500000000000142e+01,9.455165532879817647e+01
6.325000000000000000e+01,9.455165532879817647e+01
6.327500000000000568e+01,9.455165532879817647e+01
6.330000000000000426e+01,9.455165532879817647e+01
6.332500000000000284e+01,9.455165532879817647e+01
6.335000000000000142e+01,9.455165532879817647e+01
6.337500000000000000e+01,9.455165532879817647e+01
6.340000000000000568e+01,9.455165532879817647e+01
6.342500000000000426e+01,9.455165532879817647e+01
6.345000000000000284e+01,9.455165532879817647e+01
6.347500000000000142e+01,9.455165532879817647e+01
6.350000000000000000e+01,9.455165532879817647e+01
6.352500000000000568e+01,9.455165532879817647e+01
6.355000000000000426e+01,9.455165532879817647e+01
6.357500000000000284e+01,9.455165532879817647e+01
6.360000000000000142e+01,9.455165532879817647e+01
6.362500000000000000e+01,9.455165532879817647e+01
6.365000000000000568e+01,9.455165532879817647e+01
6.367500000000000426e+01,9.455165532879817647e+01
6.370000000000000284e+01,9.455165532879817647e+01
6.372500000000000142e+01,9.455165532879817647e+01
6.375000000000000000e+01,9.455165532879817647e+01
6.377500000000000568e+01,9.455165532879817647e+01
6.380000000000000426e+01,9.455165532879817647e+01
6.382500000000000284e+01,9.455165532879817647e+01
6.385000000000000142e+01,9.455165532879817647e+01
6.387500000000000000e+01,9.455165532879817647e+01
6.390000000000000568e+01,9.455165532879817647e+01
6.392500000000000426e+01,9.455165532879817647e+01
6.395000000000000284e+01,9.455165532879817647e+01
6.397500000000000142e+01,9.455423532375911577e+01
6.400000000000000000e+01,9.455939531368100859e+01
6.402500000000000568e+01,9.456713529856385492e+01
6.404999999999999716e+01,9.457745527840764055e+01
6.407500000000000284e+01,9.459035525321237969e+01
6.410000000000000853e+01,9.460583522297805814e+01
6.412500000000000000e+01,9.462389518770470431e+01
6.415000000000000568e+01,9.464453514739227558e+01
6.417499999999999716e+01,9.466775510204081456e+01
6.420000000000000284e+01,9.469097505668933934e+01
6.422500000000000853e+01,9.471419501133786412e+01
6.425000000000000000e+01,9.473741496598638889e+01
6.427500000000000568e+01,9.476063492063489946e+01
6.429999999999999716e+01,9.478385487528342424e+01
6.432500000000000284e+01,9.480707482993196322e+01
6.435000000000000853e+01,9.483029478458050221e+01
6.437500000000000000e+01,9.485351473922902699e+01
6.440000000000000568e+01,9.487673469387755176e+01
6.442499999999999716e+01,9.489995464852606233e+01
6.445000000000000284e+01,9.492317460317458711e+01
6.447500000000000853e+01,9.494639455782311188e+01
6.450000000000000000e+01,9.496961451247163666e+01
6.452500000000000568e+01,9.499283446712017565e+01
6.454999999999999716e+01,9.501605442176870042e+01
6.457500000000000284e+01,9.503927437641722520e+01
6.460000000000000853e+01,9.506249433106574998e+01
6.462500000000000000e+01,9.508571428571427475e+01
6.465000000000000568e+01,9.510893424036279953e+01
6.467499999999999716e+01,9.513215419501132430e+01
6.470000000000000284e+01,9.515537414965984908e+01
6.472500000000000853e+01,9.517859410430837386e+01
6.475000000000000000e+01,9.520181405895691285e+01
6.477500000000000568e+01,9.522503401360543762e+01
6.479999999999999716e+01,9.524825396825396240e+01
6.482500000000000284e+01,9.527147392290248717e+01
6.485000000000000853e+01,9.529469387755099774e+01
6.487500000000000000e+01,9.531791383219953673e+01
6.490000000000000568e+01,9.534113378684806150e+01
6.492499999999999716e+01,9.536435374149660049e+01
6.495000000000000284e+01,9.538757369614512527e+01
6.497500000000000853e+01,9.541079365079365004e+01
6.500000000000000000e+01,9.543401360544217482e+01
6.502500000000000568e+01,9.545723356009068539e+01
6.504999999999999716e+01,9.548045351473921016e+01
6.507500000000000284e+01,9.550367346938773494e+01
6.510000000000000853e+01,9.552689342403627393e+01
6.512500000000000000e+01,9.555011337868481291e+01
6.515000000000000568e+01,9.557333333333332348e+01
6.517499999999999716e+01,9.559655328798184826e+01
6.520000000000000284e+01,9.561977324263037303e+01
6.522500000000000853e+01,9.564299319727889781e+01
6.525000000000000000e+01,9.566621315192742259e+01
6.527500000000000568e+01,9.568943310657596157e+01
6.529999999999999716e+01,9.571265306122450056e+01
6.532500000000000284e+01,9.573587301587301113e+01
6.535000000000000853e+01,9.575909297052153590e+01
6.537500000000000000e+01,9.578231292517006068e+01
6.540000000000000568e+01,9.580553287981858546e+01
6.542499999999999716e+01,9.582875283446711023e+01
6.545000000000000284e+01,9.585197278911562080e+01
6.547500000000000853e+01,9.587519274376415979e+01
6.550000000000000000e+01,9.589841269841269877e+01
6.552500000000000568e+01,9.592163265306122355e+01
6.554999999999999716e+01,9.594485260770974833e+01
6.557500000000000284e+01,9.596807256235827310e+01
6.560000000000000853e+01,9.599129251700678367e+01
6.562500000000000000e+01,9.601451247165530845e+01
6.565000000000000568e+01,9.603773242630384743e+01
6.567499999999999716e+01,9.606095238095237221e+01
6.570000000000000284e+01,9.608417233560089699e+01
6.572500000000000853e+01,9.610739229024943597e+01
6.575000000000000000e+01,9.613061224489794654e+01
6.577500000000000568e+01,9.615383219954648553e+01
6.579999999999999716e+01,9.617705215419499609e+01
6.582500000000000284e+01,9.620027210884352087e+01
6.585000000000000853e+01,9.622349206349204565e+01
6.587500000000000000e+01,9.624671201814057042e+01
6.590000000000000568e+01,9.626993197278910941e+01
6.592499999999999716e+01,9.629315192743763419e+01
6.595000000000000284e+01,9.631637188208615896e+01
6.597500000000000853e+01,9.633959183673466953e+01
6.600000000000000000e+01,9.636281179138320852e+01
6.600000000000000000e+01,9.638603174603173329e+01
6.600000000000000000e+01,9.640925170068025807e+01
6.600000000000000000e+01,9.643247165532879706e+01
6.600000000000000000e+01,9.645569160997732183e+01
6.600000000000000000e+01,9.647891156462584661e+01
6.600000000000000000e+01,9.650213151927435717e+01
6.600000000000000000e+01,9.652535147392289616e+01
6.600000000000000000e+01,9.654857142857142094e+01
6.600000000000000000e+01,9.657179138321994571e+01
6.600000000000000000e+01,9.659501133786848470e+01
6.600000000000000000e+01,9.661823129251699527e+01
6.600000000000000000e+01,9.664145124716553426e+01
6.600000000000000000e+01,9.666467120181404482e+01
6.600000000000000000e+01,9.668789115646258381e+01
6.600000000000000000e+01,9.671111111111109437e+01
6.600000000000000000e+01,9.673433106575961915e+01
6.600000000000000000e+01,9.675755102040815814e+01
6.600000000000000000e+01,9.678077097505668291e+01
6.600000000000000000e+01,9.680399092970522190e+01
6.600000000000000000e+01,9.682721088435373247e+01
6.600000000000000000e+01,9.685043083900225724e+01
6.600000000000000000e+01,9.687365079365076781e+01
6.600000000000000000e+01,9.689687074829930680e+01
6.600000000000000000e+01,9.692009070294781736e+01
6.600000000000000000e+01,9.694331065759635635e+01
6.600000000000000000e+01,9.696653061224490955e+01
6.600000000000000000e+01,9.698975056689342011e+01
6.600000000000000000e+01,9.701297052154194489e+01
6.600000000000000000e+01,9.703619047619045546e+01
6.600000000000000000e+01,9.705941043083899444e+01
6.600000000000000000e+01,9.708263038548750501e+01
6.600000000000000000e+01,9.710585034013604400e+01
6.600000000000000000e+01,9.712907029478459719e+01
6.600000000000000000e+01,9.715229024943309355e+01
6.600000000000000000e+01,9.717551020408163254e+01
6.600000000000000000e+01,9.719873015873014310e+01
6.600000000000000000e+01,9.722195011337868209e+01
6.600000000000000000e+01,9.724517006802719266e+01
6.600000000000000000e+01,9.726839002267571743e+01
6.600000000000000000e+01,9.729160997732425642e+01
6.600000000000000000e+01,9.731482993197278120e+01
6.600000000000000000e+01,9.733804988662132018e+01
6.600000000000000000e+01,9.736126984126983075e+01
6.600000000000000000e+01,9.738448979591835553e+01
6.600000000000000000e+01,9.740770975056688030e+01
6.600000000000000000e+01,9.743092970521540508e+01
6.600000000000000000e+01,9.745414965986392986e+01
6.600000000000000000e+01,9.747736961451245463e+01
6.600000000000000000e+01,9.750058956916099362e+01
6.600000000000000000e+01,9.752380952380951840e+01
6.600000000000000000e+01,9.754702947845804317e+01
6.600000000000000000e+01,9.757024943310655374e+01
6.600000000000000000e+01,9.759346938775509273e+01
6.600000000000000000e+01,9.761668934240361750e+01
6.600000000000000000e+01,9.763990929705214228e+01
6.600000000000000000e+01,9.766312925170068127e+01
6.600000000000000000e+01,9.768634920634920604e+01
6.600000000000000000e+01,9.770956916099773082e+01
6.600000000000000000e+01,9.773278911564624138e+01
6.600000000000000000e+01,9.775600907029478037e+01
6.600000000000000000e+01,9.777922902494330515e+01
6.600000000000000000e+01,9.780244897959182993e+01
6.600000000000000000e+01,9.782566893424036891e+01
6.600000000000000000e+01,9.784888888888887948e+01
6.600000000000000000e+01,9.787210884353741847e+01
6.600000000000000000e+01,9.789532879818592903e+01
6.600000000000000000e+01,9.791854875283445381e+01
6.600000000000000000e+01,9.794176870748297858e+01
6.600000000000000000e+01,9.796498866213150336e+01
6.600000000000000000e+01,9.798820861678004235e+01
6.600000000000000000e+01,9.801142857142855291e+01
6.600000000000000000e+01,9.803464852607710611e+01
6.600000000000000000e+01,9.805786848072561668e+01
6.600000000000000000e+01,9.808108843537414145e+01
6.600000000000000000e+01,9.810430839002265202e+01
6.600000000000000000e+01,9.812752834467119101e+01
6.600000000000000000e+01,9.815074829931970157e+01
6.600000000000000000e+01,9.817396825396824056e+01
6.600000000000000000e+01,9.819718820861679376e+01
6.600000000000000000e+01,9.822040816326530432e+01
6.600000000000000000e+01,9.824362811791382910e+01
6.600000000000000000e+01,9.826684807256233967e+01
6.600000000000000000e+01,9.829006802721087865e+01
6.600000000000000000e+01,9.831328798185938922e+01
6.600000000000000000e+01,9.833650793650792821e+01
6.600000000000000000e+01,9.835972789115645298e+01
6.600000000000000000e+01,9.838294784580497776e+01
6.600000000000000000e+01,9.840616780045351675e+01
6.600000000000000000e+01,9.842938775510202731e+01
6.600000000000000000e+01,9.845260770975056630e+01
6.600000000000000000e+01,9.847582766439907687e+01
6.600000000000000000e+01,9.849904761904760164e+01
6.600000000000000000e+01,9.852226757369612642e+01
6.600000000000000000e+01,9.854548752834465120e+01
6.600000000000000000e+01,9.856870748299319018e+01
6.600000000000000000e+01,9.859192743764171496e+01
6.600000000000000000e+01,9.861514739229023974e+01
6.600000000000000000e+01,9.863836734693875030e+01
6.600000000000000000e+01,9.866158730158728929e+01
6.600000000000000000e+01,9.868480725623581407e+01
6.600000000000000000e+01,9.870802721088433884e+01
6.600000000000000000e+01,9.873124716553287783e+01
6.600000000000000000e+01,9.875446712018140261e+01
6.600000000000000000e+01,9.877768707482992738e+01
6.600000000000000000e+01,9.880090702947843795e+01
6.600000000000000000e+01,9.882412698412697694e+01
6.600000000000000000e+01,9.884734693877550171e+01
6.600000000000000000e+01,9.887056689342402649e+01
6.600000000000000000e+01,9.889378684807256548e+01
6.600000000000000000e+01,9.891700680272107604e+01
6.600000000000000000e+01,9.894022675736961503e+01
6.600000000000000000e+01,9.896344671201812560e+01
6.600000000000000000e+01,9.898666666666666458e+01
6.602500000000000568e+01,9.900988662131517515e+01
6.604999999999999716e+01,9.903310657596369992e+01
6.607500000000000284e+01,9.905632653061223891e+01
6.610000000000000853e+01,9.907954648526076369e+01
6.612500000000000000e+01,9.910276643990930268e+01
6.615000000000000568e+01,9.912598639455781324e+01
6.617499999999999716e+01,9.914920634920633802e+01
6.620000000000000284e+01,9.917242630385484858e+01
6.622500000000000853e+01,9.919564625850338757e+01
6.625000000000000000e+01,9.921886621315189814e+01
6.627500000000000568e+01,9.924208616780043712e+01
6.629999999999999716e+01,9.926530612244899032e+01
6.632500000000000284e+01,9.928852607709750089e+01
6.635000000000000853e+01,9.931174603174602566e+01
6.637500000000000000e+01,9.933496598639453623e+01
6.640000000000000568e+01,9.935818594104307522e+01
6.642499999999999716e+01,9.938140589569158578e+01
6.645000000000000284e+01,9.940462585034012477e+01
6.647500000000000853e+01,9.942784580498867797e+01
6.650000000000000000e+01,9.945106575963717432e+01
6.650000000000000000e+01,9.947428571428571331e+01
6.650000000000000000e+01,9.949750566893422388e+01
6.650000000000000000e+01,9.952072562358276286e+01
6.650000000000000000e+01,9.954394557823127343e+01
6.650000000000000000e+01,9.956716553287981242e+01
6.650000000000000000e+01,9.959038548752833719e+01
6.650000000000000000e+01,9.961360544217686197e+01
6.650000000000000000e+01,9.963682539682540096e+01
6.650000000000000000e+01,9.966004535147391152e+01
6.650000000000000000e+01,9.968326530612243630e+01
6.650000000000000000e+01,9.970648526077096108e+01
6.650000000000000000e+01,9.972970521541948585e+01
6.650000000000000000e+01,9.975292517006801063e+01
6.650000000000000000e+01,9.977614512471653541e+01
6.650000000000000000e+01,9.979936507936507439e+01
6.650000000000000000e+01,9.982258503401359917e+01
6.652500000000000568e+01,9.984580498866212395e+01
6.654999999999999716e+01,9.986902494331063451e+01
6.657500000000000284e+01,9.989224489795917350e+01
6.660000000000000853e+01,9.991546485260769828e+01
6.662500000000000000e+01,9.993868480725622305e+01
6.665000000000000568e+01,9.996190476190476204e+01
6.667499999999999716e+01,9.998512471655328682e+01
6.670000000000000284e+01,1.000083446712018116e+02
6.672500000000000853e+01,1.000315646258503222e+02
6.675000000000000000e+01,1.000547845804988611e+02
6.677500000000000568e+01,1.000780045351473859e+02
6.679999999999999716e+01,1.001012244897959107e+02
6.682500000000000284e+01,1.001244444444444497e+02
6.685000000000000853e+01,1.001476643990929603e+02
6.687500000000000000e+01,1.001708843537414992e+02
6.690000000000000568e+01,1.001941043083900098e+02
6.692499999999999716e+01,1.002173242630385488e+02
6.695000000000000284e+01,1.002405442176870594e+02
6.697500000000000853e+01,1.002637641723355841e+02
6.700000000000000000e+01,1.002869841269841231e+02
6.702500000000000568e+01,1.003102040816326337e+02
6.704999999999999716e+01,1.003334240362811869e+02
6.707500000000000284e+01,1.003566439909296975e+02
6.710000000000000853e+01,1.003798639455782222e+02
6.712500000000000000e+01,1.004030839002267328e+02
6.715000000000000568e+01,1.004263038548752718e+02
6.717499999999999716e+01,1.004495238095237823e+02
6.720000000000000284e+01,1.004727437641723213e+02
6.722500000000000853e+01,1.004959637188208745e+02
6.725000000000000000e+01,1.005191836734693851e+02
6.727500000000000568e+01,1.005424036281179099e+02
6.729999999999999716e+01,1.005656235827664204e+02
6.732500000000000284e+01,1.005888435374149594e+02
6.735000000000000853e+01,1.006120634920634700e+02
6.737500000000000000e+01,1.006352834467120090e+02
6.740000000000000568e+01,1.006585034013605622e+02
6.742499999999999716e+01,1.006817233560090585e+02
6.745000000000000284e+01,1.007049433106575975e+02
6.747500000000000853e+01,1.007281632653061081e+02
6.750000000000000000e+01,1.007513832199546471e+02
6.750000000000000000e+01,1.007746031746031576e+02
6.750000000000000000e+01,1.007978231292516824e+02
6.750000000000000000e+01,1.008210430839002214e+02
6.750000000000000000e+01,1.008442630385487462e+02
6.750000000000000000e+01,1.008674829931972852e+02
6.750000000000000000e+01,1.008907029478457957e+02
6.750000000000000000e+01,1.009139229024943205e+02
6.750000000000000000e+01,1.009371428571428311e+02
6.750000000000000000e+01,1.009603628117913701e+02
6.750000000000000000e+01,1.009835827664398948e+02
6.750000000000000000e+01,1.010068027210884196e+02
6.750000000000000000e+01,1.010300226757369586e+02
6.750000000000000000e+01,1.010532426303854834e+02
6.750000000000000000e+01,1.010764625850340082e+02
6.750000000000000000e+01,1.010996825396825187e+02
6.750000000000000000e+01,1.011229024943310577e+02
6.750000000000000000e+01,1.011461224489795825e+02
6.750000000000000000e+01,1.011693424036281073e+02
6.750000000000000000e+01,1.011925623582766463e+02
6.750000000000000000e+01,1.012157823129251568e+02
6.750000000000000000e+01,1.012390022675736958e+02
6.750000000000000000e+01,1.012622222222222064e+02
6.750000000000000000e+01,1.012854421768707454e+02
6.750000000000000000e+01,1.013086621315192559e+02
6.750000000000000000e+01,1.013318820861677807e+02
6.750000000000000000e+01,1.013551020408163197e+02
6.750000000000000000e+01,1.013783219954648445e+02
6.750000000000000000e+01,1.014015419501133835e+02
6.750000000000000000e+01,1.014247619047618940e+02
6.750000000000000000e+01,1.014479818594104188e+02
6.750000000000000000e+01,1.014712018140589436e+02
6.750000000000000000e+01,1.014944217687074683e+02
6.750000000000000000e+01,1.015176417233560073e+02
6.750000000000000000e+01,1.015408616780045179e+02
6.750000000000000000e+01,1.015640816326530711e+02
6.752500000000000568e+01,1.015873015873015817e+02
6.754999999999999716e+01,1.016105215419501064e+02
6.757500000000000284e+01,1.016337414965986170e+02
6.760000000000000853e+01,1.016569614512471560e+02
6.762500000000000000e+01,1.016801814058956666e+02
6.765000000000000568e+01,1.017034013605442055e+02
6.767499999999999716e+01,1.017266213151927587e+02
6.770000000000000284e+01,1.017498412698412693e+02
6.772500000000000853e+01,1.017730612244897941e+02
6.775000000000000000e+01,1.017962811791383047e+02
6.777500000000000568e+01,1.018195011337868436e+02
6.779999999999999716e+01,1.018427210884353542e+02
6.782500000000000284e+01,1.018659410430838932e+02
6.785000000000000853e+01,1.018891609977324180e+02
6.787500000000000000e+01,1.019123809523809427e+02
6.790000000000000568e+01,1.019356009070294817e+02
6.792499999999999716e+01,1.019588208616779923e+02
6.795000000000000284e+01,1.019820408163265171e+02
6.797500000000000853e+01,1.020052607709750419e+02
6.800000000000000000e+01,1.020284807256235666e+02
6.800000000000000000e+01,1.020517006802720914e+02
6.800000000000000000e+01,1.020749206349206162e+02
6.800000000000000000e+01,1.020981405895691552e+02
6.800000000000000000e+01,1.021213605442176799e+02
6.800000000000000000e+01,1.021445804988662047e+02
6.800000000000000000e+01,1.021678004535147153e+02
6.800000000000000000e+01,1.021910204081632543e+02
6.800000000000000000e+01,1.022142403628117791e+02
6.800000000000000000e+01,1.022374603174603038e+02
6.800000000000000000e+01,1.022606802721088428e+02
6.800000000000000000e+01,1.022839002267573676e+02
6.800000000000000000e+01,1.023071201814058924e+02
6.800000000000000000e+01,1.023303401360544029e+02
6.800000000000000000e+01,1.023535600907029419e+02
6.800000000000000000e+01,1.023767800453514667e+02
6.800000000000000000e+01,1.023999999999999915e+02
6.800000000000000000e+01,1.024232199546485305e+02
6.800000000000000000e+01,1.024464399092970410e+02
6.800000000000000000e+01,1.024696598639455800e+02
6.800000000000000000e+01,1.024928798185940906e+02
6.800000000000000000e+01,1.025160997732426296e+02
6.800000000000000000e+01,1.025393197278911401e+02
6.800000000000000000e+01,1.025625396825396649e+02
6.800000000000000000e+01,1.025857596371882039e+02
6.800000000000000000e+01,1.026089795918367145e+02
6.800000000000000000e+01,1.026321995464852677e+02
6.800000000000000000e+01,1.026554195011337782e+02
6.800000000000000000e+01,1.026786394557823030e+02
6.800000000000000000e+01,1.027018594104308136e+02
6.800000000000000000e+01,1.027250793650793526e+02
6.800000000000000000e+01,1.027482993197278631e+02
6.800000000000000000e+01,1.027715192743764021e+02
6.800000000000000000e+01,1.027947392290249553e+02
6.800000000000000000e+01,1.028179591836734659e+02
6.800000000000000000e+01,1.028411791383219906e+02
6.800000000000000000e+01,1.028643990929705012e+02
6.800000000000000000e+01,1.028876190476190402e+02
6.800000000000000000e+01,1.029108390022675508e+02
6.800000000000000000e+01,1.029340589569160898e+02
6.800000000000000000e+01,1.029572789115646430e+02
6.800000000000000000e+01,1.029804988662131393e+02
6.800000000000000000e+01,1.030037188208616783e+02
6.800000000000000000e+01,1.030269387755101889e+02
6.800000000000000000e+01,1.030501587301587278e+02
6.800000000000000000e+01,1.030733786848072384e+02
6.800000000000000000e+01,1.030965986394557632e+02
6.800000000000000000e+01,1.031198185941043022e+02
6.800000000000000000e+01,1.031430385487528270e+02
6.800000000000000000e+01,1.031662585034013659e+02
6.800000000000000000e+01,1.031894784580498765e+02
6.800000000000000000e+01,1.032126984126984013e+02
6.800000000000000000e+01,1.032359183673469261e+02
6.800000000000000000e+01,1.032591383219954508e+02
6.800000000000000000e+01,1.032823582766439756e+02
6.800000000000000000e+01,1.033055782312925004e+02
6.800000000000000000e+01,1.033287981859410394e+02
6.800000000000000000e+01,1.033520181405895642e+02
6.800000000000000000e+01,1.033752380952380889e+02
6.800000000000000000e+01,1.033984580498865995e+02
6.800000000000000000e+01,1.034216780045351385e+02
6.800000000000000000e+01,1.034448979591836633e+02
6.800000000000000000e+01,1.034681179138321880e+02
6.800000000000000000e+01,1.034913378684807270e+02
6.800000000000000000e+01,1.035145578231292518e+02
6.800000000000000000e+01,1.035377777777777766e+02
6.800000000000000000e+01,1.035609977324262871e+02
6.800000000000000000e+01,1.035842176870748261e+02
6.800000000000000000e+01,1.036074376417233509e+02
6.800000000000000000e+01,1.036306575963718757e+02
6.800000000000000000e+01,1.036538775510204147e+02
6.800000000000000000e+01,1.036770975056689252e+02
6.800000000000000000e+01,1.037003174603174642e+02
6.800000000000000000e+01,1.037235374149659748e+02
6.800000000000000000e+01,1.037467573696144996e+02
6.800000000000000000e+01,1.037699773242630243e+02
6.800000000000000000e+01,1.037931972789115491e+02
6.800000000000000000e+01,1.038164172335600881e+02
6.800000000000000000e+01,1.038396371882085987e+02
6.800000000000000000e+01,1.038628571428571519e+02
6.800000000000000000e+01,1.038860770975056624e+02
6.800000000000000000e+01,1.039092970521541872e+02
6.800000000000000000e+01,1.039325170068026978e+02
6.800000000000000000e+01,1.039557369614512368e+02
6.800000000000000000e+01,1.039789569160997473e+02
6.800000000000000000e+01,1.040021768707482863e+02
6.800000000000000000e+01,1.040253968253968395e+02
6.800000000000000000e+01,1.040486167800453501e+02
6.800000000000000000e+01,1.040718367346938749e+02
6.800000000000000000e+01,1.040950566893423854e+02
6.800000000000000000e+01,1.041182766439909244e+02
6.800000000000000000e+01,1.041414965986394350e+02
6.800000000000000000e+01,1.041647165532879740e+02
6.800000000000000000e+01,1.041879365079364987e+02
6.800000000000000000e+01,1.042111564625850235e+02
6.800000000000000000e+01,1.042343764172335625e+02
6.800000000000000000e+01,1.042575963718820731e+02
6.800000000000000000e+01,1.042808163265306121e+02
6.800000000000000000e+01,1.043040362811791226e+02
6.800000000000000000e+01,1.043272562358276474e+02
6.800000000000000000e+01,1.043504761904761722e+02
6.800000000000000000e+01,1.043736961451246970e+02
6.800000000000000000e+01,1.043969160997732359e+02
6.800000000000000000e+01,1.044201360544217607e+02
6.800000000000000000e+01,1.044433560090702855e+02
6.800000000000000000e+01,1.044665759637187961e+02
6.800000000000000000e+01,1.044897959183673350e+02
6.800000000000000000e+01,1.045130158730158598e+02
6.800000000000000000e+01,1.045362358276643846e+02
6.800000000000000000e+01,1.045594557823129236e+02
6.800000000000000000e+01,1.045826757369614484e+02
6.800000000000000000e+01,1.046058956916099731e+02
6.800000000000000000e+01,1.046291156462584837e+02
6.800000000000000000e+01,1.046523356009070227e+02
6.800000000000000000e+01,1.046755555555555475e+02
6.800000000000000000e+01,1.046987755102040722e+02
6.800000000000000000e+01,1.047219954648526112e+02
6.800000000000000000e+01,1.047452154195011218e+02
6.800000000000000000e+01,1.047684353741496608e+02
6.800000000000000000e+01,1.047916553287981714e+02
6.800000000000000000e+01,1.048148752834467103e+02
6.800000000000000000e+01,1.048380952380952209e+02
6.800000000000000000e+01,1.048613151927437457e+02
6.800000000000000000e+01,1.048845351473922847e+02
6.800000000000000000e+01,1.049077551020408094e+02
6.800000000000000000e+01,1.049309750566893484e+02
6.800000000000000000e+01,1.049541950113378590e+02
6.800000000000000000e+01,1.049774149659863838e+02
6.800000000000000000e+01,1.050006349206348943e+02
6.800000000000000000e+01,1.050238548752834333e+02
6.800000000000000000e+01,1.050470748299319439e+02
6.800000000000000000e+01,1.050702947845804829e+02
6.800000000000000000e+01,1.050935147392290361e+02
6.800000000000000000e+01,1.051167346938775466e+02
6.800000000000000000e+01,1.051399546485260714e+02
6.800000000000000000e+01,1.051631746031745820e+02
6.800000000000000000e+01,1.051863945578231210e+02
6.800000000000000000e+01,1.052096145124716315e+02
6.800000000000000000e+01,1.052328344671201705e+02
6.800000000000000000e+01,1.052560544217687237e+02
6.800000000000000000e+01,1.052792743764172201e+02
6.800000000000000000e+01,1.053024943310657591e+02
6.800000000000000000e+01,1.053257142857142696e+02
6.800000000000000000e+01,1.053489342403628086e+02
6.800000000000000000e+01,1.053721541950113192e+02
6.800000000000000000e+01,1.053953741496598440e+02
6.800000000000000000e+01,1.054185941043083830e+02
6.800000000000000000e+01,1.054418140589569077e+02
6.800000000000000000e+01,1.054650340136054467e+02
6.800000000000000000e+01,1.054882539682539573e+02
6.800000000000000000e+01,1.055114739229024821e+02
6.800000000000000000e+01,1.055346938775510068e+02
6.800000000000000000e+01,1.055579138321995316e+02
6.800000000000000000e+01,1.055811337868480564e+02
6.800000000000000000e+01,1.056043537414965812e+02
6.800000000000000000e+01,1.056275736961451202e+02
6.800000000000000000e+01,1.056507936507936449e+02
6.800000000000000000e+01,1.056740136054421697e+02
6.800000000000000000e+01,1.056972335600906803e+02
6.800000000000000000e+01,1.057204535147392193e+02
6.800000000000000000e+01,1.057436734693877440e+02
6.800000000000000000e+01,1.057668934240362688e+02
6.800000000000000000e+01,1.057901133786848078e+02
6.800000000000000000e+01,1.058133333333333326e+02
6.800000000000000000e+01,1.058365532879818574e+02
6.800000000000000000e+01,1.058597732426303679e+02
6.800000000000000000e+01,1.058829931972789069e+02
6.800000000000000000e+01,1.059062131519274317e+02
6.800000000000000000e+01,1.059294331065759565e+02
6.800000000000000000e+01,1.059526530612244954e+02
6.800000000000000000e+01,1.059758730158730060e+02
6.800000000000000000e+01,1.059990929705215450e+02
6.800000000000000000e+01,1.060223129251700556e+02
6.800000000000000000e+01,1.060455328798185803e+02
6.800000000000000000e+01,1.060687528344671051e+02
6.800000000000000000e+01,1.060919727891156299e+02
6.800000000000000000e+01,1.061151927437641689e+02
6.800000000000000000e+01,1.061384126984126794e+02
6.800000000000000000e+01,1.061616326530612326e+02
6.800000000000000000e+01,1.061848526077097432e+02
6.800000000000000000e+01,1.062080725623582680e+02
6.800000000000000000e+01,1.062312925170067786e+02
6.800000000000000000e+01,1.062545124716553175e+02
6.800000000000000000e+01,1.062777324263038281e+02
6.800000000000000000e+01,1.063009523809523671e+02
6.800000000000000000e+01,1.063241723356009203e+02
6.800000000000000000e+01,1.063473922902494309e+02
6.800000000000000000e+01,1.063706122448979556e+02
6.800000000000000000e+01,1.063938321995464662e+02
6.800000000000000000e+01,1.064170521541950052e+02
6.800000000000000000e+01,1.064402721088435158e+02
6.800000000000000000e+01,1.064634920634920547e+02
6.800000000000000000e+01,1.064867120181406079e+02
6.800000000000000000e+01,1.065099319727891043e+02
6.800000000000000000e+01,1.065331519274376433e+02
6.800000000000000000e+01,1.065563718820861538e+02
6.800000000000000000e+01,1.065795918367346928e+02
6.800000000000000000e+01,1.066028117913832034e+02
6.800000000000000000e+01,1.066260317460317282e+02
6.800000000000000000e+01,1.066492517006802672e+02
6.800000000000000000e+01,1.066724716553287919e+02
6.800000000000000000e+01,1.066956916099773309e+02
6.800000000000000000e+01,1.067189115646258415e+02
6.800000000000000000e+01,1.067421315192743663e+02
6.800000000000000000e+01,1.067653514739228768e+02
6.800000000000000000e+01,1.067885714285714158e+02
6.800000000000000000e+01,1.068117913832199406e+02
6.800000000000000000e+01,1.068350113378684654e+02
6.800000000000000000e+01,1.068582312925170044e+02
6.800000000000000000e+01,1.068814512471655291e+02
6.800000000000000000e+01,1.069046712018140539e+02
6.800000000000000000e+01,1.069278911564625645e+02
6.800000000000000000e+01,1.069511111111111035e+02
6.800000000000000000e+01,1.069743310657596282e+02
6.800000000000000000e+01,1.069975510204081530e+02
6.800000000000000000e+01,1.070207709750566920e+02
6.800000000000000000e+01,1.070439909297052026e+02
6.800000000000000000e+01,1.070672108843537416e+02
6.800000000000000000e+01,1.070904308390022521e+02
6.800000000000000000e+01,1.071136507936507911e+02
6.800000000000000000e+01,1.071368707482993017e+02
6.800000000000000000e+01,1.071600907029478265e+02
6.800000000000000000e+01,1.071833106575963654e+02
6.800000000000000000e+01,1.072065306122448902e+02
6.800000000000000000e+01,1.072297505668934292e+02
6.800000000000000000e+01,1.072529705215419398e+02
6.800000000000000000e+01,1.072761904761904646e+02
6.800000000000000000e+01,1.072994104308389893e+02
6.800000000000000000e+01,1.073226303854875141e+02
6.800000000000000000e+01,1.073458503401360531e+02
6.800000000000000000e+01,1.073690702947845637e+02
6.800000000000000000e+01,1.073922902494331169e+02
6.800000000000000000e+01,1.074155102040816274e+02
6.800000000000000000e+01,1.074387301587301522e+02
6.800000000000000000e+01,1.074619501133786628e+02
6.800000000000000000e+01,1.074851700680272018e+02
6.800000000000000000e+01,1.075083900226757123e+02
6.800000000000000000e+01,1.075316099773242513e+02
6.800000000000000000e+01,1.075548299319728045e+02
6.800000000000000000e+01,1.075780498866213151e+02
6.802500000000000568e+01,1.076012698412698398e+02
6.804999999999999716e+01,1.076244897959183504e+02
6.807500000000000284e+01,1.076477097505668894e+02
6.810000000000000853e+01,1.076709297052154000e+02
6.812500000000000000e+01,1.076941496598639390e+02
6.815000000000000568e+01,1.077173696145124637e+02
6.817499999999999716e+01,1.077405895691609885e+02
6.820000000000000284e+01,1.077638095238095275e+02
6.822500000000000853e+01,1.077870294784580381e+02
6.825000000000000000e+01,1.078102494331065628e+02
6.827500000000000568e+01,1.078334693877550876e+02
6.829999999999999716e+01,1.078566893424036124e+02
6.832500000000000284e+01,1.078799092970521372e+02
6.835000000000000853e+01,1.079031292517006619e+02
6.837500000000000000e+01,1.079263492063492009e+02
6.840000000000000568e+01,1.079495691609977257e+02
6.842499999999999716e+01,1.079727891156462505e+02
6.845000000000000284e+01,1.079960090702947610e+02
6.847500000000000853e+01,1.080192290249433000e+02
6.850000000000000000e+01,1.080424489795918248e+02
6.850000000000000000e+01,1.080656689342403496e+02
6.852500000000000568e+01,1.080888888888888886e+02
6.854999999999999716e+01,1.081121088435374133e+02
6.857500000000000284e+01,1.081353287981859381e+02
6.860000000000000853e+01,1.081585487528344487e+02
6.862500000000000000e+01,1.081817687074829877e+02
6.865000000000000568e+01,1.082049886621315125e+02
6.867499999999999716e+01,1.082282086167800372e+02
6.870000000000000284e+01,1.082514285714285762e+02
6.872500000000000853e+01,1.082746485260770868e+02
6.875000000000000000e+01,1.082978684807256258e+02
6.877500000000000568e+01,1.083210884353741363e+02
6.879999999999999716e+01,1.083443083900226753e+02
6.882500000000000284e+01,1.083675283446711859e+02
6.885000000000000853e+01,1.083907482993197107e+02
6.887500000000000000e+01,1.084139682539682497e+02
6.890000000000000568e+01,1.084371882086167602e+02
6.892499999999999716e+01,1.084604081632653134e+02
6.895000000000000284e+01,1.084836281179138240e+02
6.897500000000000853e+01,1.085068480725623488e+02
6.900000000000000000e+01,1.085300680272108593e+02
6.902500000000000568e+01,1.085532879818593983e+02
6.904999999999999716e+01,1.085765079365079089e+02
6.907500000000000284e+01,1.085997278911564479e+02
6.910000000000000853e+01,1.086229478458050011e+02
6.912500000000000000e+01,1.086461678004535116e+02
6.915000000000000568e+01,1.086693877551020364e+02
6.917499999999999716e+01,1.086926077097505470e+02
6.920000000000000284e+01,1.087158276643990860e+02
6.922500000000000853e+01,1.087390476190475965e+02
6.925000000000000000e+01,1.087622675736961355e+02
6.927500000000000568e+01,1.087854875283446887e+02
6.929999999999999716e+01,1.088087074829931851e+02
6.932500000000000284e+01,1.088319274376417241e+02
6.935000000000000853e+01,1.088551473922902346e+02
6.937500000000000000e+01,1.088783673469387736e+02
6.940000000000000568e+01,1.089015873015872842e+02
6.942499999999999716e+01,1.089248072562358089e+02
6.945000000000000284e+01,1.089480272108843479e+02
6.947500000000000853e+01,1.089712471655328727e+02
6.950000000000000000e+01,1.089944671201814117e+02
6.952500000000000568e+01,1.090176870748299223e+02
6.954999999999999716e+01,1.090409070294784470e+02
6.957500000000000284e+01,1.090641269841269576e+02
6.960000000000000853e+01,1.090873469387754966e+02
6.962500000000000000e+01,1.091105668934240214e+02
6.965000000000000568e+01,1.091337868480725461e+02
6.967499999999999716e+01,1.091570068027210851e+02
6.970000000000000284e+01,1.091802267573696099e+02
6.972500000000000853e+01,1.092034467120181347e+02
6.975000000000000000e+01,1.092266666666666453e+02
6.977500000000000568e+01,1.092498866213151842e+02
6.979999999999999716e+01,1.092731065759637090e+02
6.982500000000000284e+01,1.092963265306122338e+02
6.985000000000000853e+01,1.093195464852607728e+02
6.987500000000000000e+01,1.093427664399092833e+02
6.990000000000000568e+01,1.093659863945578223e+02
6.992499999999999716e+01,1.093892063492063329e+02
6.995000000000000284e+01,1.094124263038548719e+02
6.997500000000000853e+01,1.094356462585033825e+02
7.000000000000000000e+01,1.094588662131519072e+02
7.002500000000000568e+01,1.094820861678004462e+02
7.004999999999999716e+01,1.095053061224489710e+02
7.007500000000000284e+01,1.095285260770975100e+02
7.010000000000000853e+01,1.095517460317460205e+02
7.012500000000000000e+01,1.095749659863945453e+02
7.015000000000000568e+01,1.095981859410430701e+02
7.017499999999999716e+01,1.096214058956915949e+02
7.020000000000000284e+01,1.096446258503401339e+02
7.022500000000000853e+01,1.096678458049886444e+02
7.025000000000000000e+01,1.096910657596371976e+02
7.027500000000000568e+01,1.097142857142857082e+02
7.029999999999999716e+01,1.097375056689342330e+02
7.032500000000000284e+01,1.097607256235827435e+02
7.035000000000000853e+01,1.097839455782312825e+02
7.037500000000000000e+01,1.098071655328797931e+02
7.040000000000000568e+01,1.098303854875283321e+02
7.042499999999999716e+01,1.098536054421768853e+02
7.045000000000000284e+01,1.098768253968253958e+02
7.047500000000000853e+01,1.099000453514739206e+02
7.050000000000000000e+01,1.099232653061224312e+02
7.052500000000000568e+01,1.099464852607709702e+02
7.054999999999999716e+01,1.099697052154194807e+02
7.057500000000000284e+01,1.099929251700680197e+02
7.060000000000000853e+01,1.100161451247165445e+02
7.062500000000000000e+01,1.100393650793650693e+02
7.065000000000000568e+01,1.100625850340136083e+02
7.067499999999999716e+01,1.100858049886621188e+02
7.070000000000000284e+01,1.101090249433106578e+02
7.072500000000000853e+01,1.101322448979591684e+02
7.075000000000000000e+01,1.101554648526076932e+02
7.077500000000000568e+01,1.101786848072562179e+02
7.079999999999999716e+01,1.102019047619047427e+02
7.082500000000000284e+01,1.102251247165532817e+02
7.085000000000000853e+01,1.102483446712018065e+02
7.087500000000000000e+01,1.102715646258503313e+02
7.090000000000000568e+01,1.102947845804988418e+02
7.092499999999999716e+01,1.103180045351473808e+02
7.095000000000000284e+01,1.103412244897959056e+02
7.097500000000000853e+01,1.103644444444444304e+02
7.100000000000000000e+01,1.103876643990929693e+02
7.102500000000000568e+01,1.104108843537414941e+02
7.104999999999999716e+01,1.104341043083900189e+02
7.107500000000000284e+01,1.104573242630385295e+02
7.110000000000000853e+01,1.104805442176870685e+02
7.112500000000000000e+01,1.105037641723355932e+02
7.115000000000000568e+01,1.105269841269841180e+02
7.117499999999999716e+01,1.105502040816326570e+02
7.120000000000000284e+01,1.105734240362811676e+02
7.122500000000000853e+01,1.105966439909297065e+02
7.125000000000000000e+01,1.106198639455782171e+02
7.127500000000000568e+01,1.106430839002267561e+02
7.129999999999999716e+01,1.106663038548752667e+02
7.132500000000000284e+01,1.106895238095237914e+02
7.135000000000000853e+01,1.107127437641723304e+02
7.137500000000000000e+01,1.107359637188208552e+02
7.140000000000000568e+01,1.107591836734693942e+02
7.142499999999999716e+01,1.107824036281179048e+02
7.145000000000000284e+01,1.108056235827664295e+02
7.147500000000000853e+01,1.108288435374149401e+02
7.150000000000000000e+01,1.108520634920634791e+02
7.152500000000000568e+01,1.108752834467119897e+02
7.154999999999999716e+01,1.108985034013605286e+02
7.157500000000000284e+01,1.109217233560090818e+02
7.160000000000000853e+01,1.109449433106575924e+02
7.162500000000000000e+01,1.109681632653061172e+02
7.165000000000000568e+01,1.109913832199546277e+02
7.167499999999999716e+01,1.110146031746031667e+02
7.170000000000000284e+01,1.110378231292516773e+02
7.172500000000000853e+01,1.110610430839002163e+02
7.175000000000000000e+01,1.110842630385487695e+02
7.177500000000000568e+01,1.111074829931972658e+02
7.179999999999999716e+01,1.111307029478458048e+02
7.182500000000000284e+01,1.111539229024943154e+02
7.185000000000000853e+01,1.111771428571428544e+02
7.187500000000000000e+01,1.112003628117913649e+02
7.190000000000000568e+01,1.112235827664398897e+02
7.192499999999999716e+01,1.112468027210884287e+02
7.195000000000000284e+01,1.112700226757369535e+02
7.197500000000000853e+01,1.112932426303854925e+02
7.200000000000000000e+01,1.113164625850340030e+02
7.200000000000000000e+01,1.113396825396825278e+02
7.200000000000000000e+01,1.113629024943310526e+02
7.200000000000000000e+01,1.113861224489795774e+02
7.200000000000000000e+01,1.114093424036281021e+02
7.200000000000000000e+01,1.114325623582766269e+02
7.202500000000000568e+01,1.114557823129251659e+02
7.204999999999999716e+01,1.114790022675736907e+02
7.207500000000000284e+01,1.115022222222222155e+02
7.210000000000000853e+01,1.115254421768707260e+02
7.212500000000000000e+01,1.115486621315192650e+02
7.215000000000000568e+01,1.115718820861677898e+02
7.217499999999999716e+01,1.115951020408163146e+02
7.220000000000000284e+01,1.116183219954648536e+02
7.222500000000000853e+01,1.116415419501133783e+02
7.225000000000000000e+01,1.116647619047619031e+02
7.227500000000000568e+01,1.116879818594104137e+02
7.229999999999999716e+01,1.117112018140589527e+02
7.232500000000000284e+01,1.117344217687074774e+02
7.235000000000000853e+01,1.117576417233560022e+02
7.237500000000000000e+01,1.117808616780045412e+02
7.240000000000000568e+01,1.118040816326530518e+02
7.242499999999999716e+01,1.118273015873015908e+02
7.245000000000000284e+01,1.118505215419501013e+02
7.247500000000000853e+01,1.118737414965986261e+02
7.250000000000000000e+01,1.118969614512471509e+02
7.252500000000000568e+01,1.119201814058956757e+02
7.254999999999999716e+01,1.119434013605442146e+02
7.257500000000000284e+01,1.119666213151927252e+02
7.260000000000000853e+01,1.119898412698412784e+02
7.262500000000000000e+01,1.120130612244897890e+02
7.265000000000000568e+01,1.120362811791383137e+02
7.267499999999999716e+01,1.120595011337868243e+02
7.270000000000000284e+01,1.120827210884353633e+02
7.272500000000000853e+01,1.121059410430838739e+02
7.275000000000000000e+01,1.121291609977324129e+02
7.277500000000000568e+01,1.121523809523809661e+02
7.279999999999999716e+01,1.121756009070294766e+02
7.282500000000000284e+01,1.121988208616780014e+02
7.285000000000000853e+01,1.122220408163265120e+02
7.287500000000000000e+01,1.122452607709750509e+02
7.290000000000000568e+01,1.122684807256235615e+02
7.292499999999999716e+01,1.122917006802721005e+02
7.295000000000000284e+01,1.123149206349206253e+02
7.297500000000000853e+01,1.123381405895691501e+02
7.300000000000000000e+01,1.123613605442176890e+02
7.302500000000000568e+01,1.123845804988661996e+02
7.304999999999999716e+01,1.124078004535147386e+02
7.307500000000000284e+01,1.124310204081632492e+02
7.310000000000000853e+01,1.124542403628117739e+02
7.312500000000000000e+01,1.124774603174602987e+02
7.315000000000000568e+01,1.125006802721088235e+02
7.317499999999999716e+01,1.125239002267573625e+02
7.320000000000000284e+01,1.125471201814058873e+02
7.322500000000000853e+01,1.125703401360544120e+02
7.325000000000000000e+01,1.125935600907029226e+02
7.327500000000000568e+01,1.126167800453514616e+02
7.329999999999999716e+01,1.126399999999999864e+02
7.332500000000000284e+01,1.126632199546485111e+02
7.335000000000000853e+01,1.126864399092970501e+02
7.337500000000000000e+01,1.127096598639455749e+02
7.340000000000000568e+01,1.127328798185940997e+02
7.342499999999999716e+01,1.127560997732426102e+02
7.345000000000000284e+01,1.127793197278911492e+02
7.347500000000000853e+01,1.128025396825396740e+02
7.350000000000000000e+01,1.128257596371881988e+02
7.352500000000000568e+01,1.128489795918367093e+02
7.354999999999999716e+01,1.128721995464852483e+02
7.357500000000000284e+01,1.128954195011337873e+02
7.360000000000000853e+01,1.129186394557822979e+02
7.362500000000000000e+01,1.129418594104308369e+02
7.365000000000000568e+01,1.129650793650793474e+02
7.367499999999999716e+01,1.129882993197278722e+02
7.370000000000000284e+01,1.130115192743763970e+02
7.372500000000000853e+01,1.130347392290249360e+02
7.375000000000000000e+01,1.130579591836734750e+02
7.377500000000000568e+01,1.130811791383219855e+02
7.379999999999999716e+01,1.131043990929705103e+02
7.382500000000000284e+01,1.131276190476190209e+02
7.385000000000000853e+01,1.131508390022675599e+02
7.387500000000000000e+01,1.131740589569160704e+02
7.390000000000000568e+01,1.131972789115646094e+02
7.392499999999999716e+01,1.132204988662131626e+02
7.395000000000000284e+01,1.132437188208616732e+02
7.397500000000000853e+01,1.132669387755101980e+02
7.400000000000000000e+01,1.132901587301587085e+02
7.402500000000000568e+01,1.133133786848072475e+02
7.404999999999999716e+01,1.133365986394557581e+02
7.407500000000000284e+01,1.133598185941042971e+02
7.410000000000000853e+01,1.133830385487528503e+02
7.412500000000000000e+01,1.134062585034013608e+02
7.415000000000000568e+01,1.134294784580498856e+02
7.417499999999999716e+01,1.134526984126983962e+02
7.420000000000000284e+01,1.134759183673469352e+02
7.422500000000000853e+01,1.134991383219954457e+02
7.425000000000000000e+01,1.135223582766439847e+02
7.427500000000000568e+01,1.135455782312925095e+02
7.429999999999999716e+01,1.135687981859410343e+02
7.432500000000000284e+01,1.135920181405895732e+02
7.435000000000000853e+01,1.136152380952380838e+02
7.437500000000000000e+01,1.136384580498866086e+02
7.440000000000000568e+01,1.136616780045351334e+02
7.442499999999999716e+01,1.136848979591836581e+02
7.445000000000000284e+01,1.137081179138321829e+02
7.447500000000000853e+01,1.137313378684807077e+02
7.450000000000000000e+01,1.137545578231292467e+02
7.452500000000000568e+01,1.137777777777777715e+02
7.454999999999999716e+01,1.138009977324262962e+02
7.457500000000000284e+01,1.138242176870748068e+02
7.460000000000000853e+01,1.138474376417233458e+02
7.462500000000000000e+01,1.138706575963718706e+02
7.465000000000000568e+01,1.138938775510203953e+02
7.467499999999999716e+01,1.139170975056689343e+02
7.470000000000000284e+01,1.139403174603174591e+02
7.472500000000000853e+01,1.139635374149659839e+02
7.475000000000000000e+01,1.139867573696144945e+02
7.477500000000000568e+01,1.140099773242630334e+02
7.479999999999999716e+01,1.140331972789115582e+02
7.482500000000000284e+01,1.140564172335600830e+02
7.485000000000000853e+01,1.140796371882085936e+02
7.487500000000000000e+01,1.141028571428571325e+02
7.490000000000000568e+01,1.141260770975056715e+02
7.492499999999999716e+01,1.141492970521541821e+02
7.495000000000000284e+01,1.141725170068027211e+02
7.497500000000000853e+01,1.141957369614512317e+02
7.500000000000000000e+01,1.142189569160997564e+02
7.502500000000000568e+01,1.142421768707482670e+02
7.504999999999999716e+01,1.142653968253968060e+02
7.507500000000000284e+01,1.142886167800453592e+02
7.510000000000000853e+01,1.143118367346938697e+02
7.512500000000000000e+01,1.143350566893423945e+02
7.515000000000000568e+01,1.143582766439909051e+02
7.517499999999999716e+01,1.143814965986394441e+02
7.520000000000000284e+01,1.144047165532879546e+02
7.522500000000000853e+01,1.144279365079364936e+02
7.525000000000000000e+01,1.144511564625850468e+02
7.527500000000000568e+01,1.144743764172335574e+02
7.529999999999999716e+01,1.144975963718820822e+02
7.532500000000000284e+01,1.145208163265305927e+02
7.535000000000000853e+01,1.145440362811791317e+02
7.537500000000000000e+01,1.145672562358276423e+02
7.540000000000000568e+01,1.145904761904761813e+02
7.542499999999999716e+01,1.146136961451247060e+02
7.545000000000000284e+01,1.146369160997732308e+02
7.547500000000000853e+01,1.146601360544217698e+02
7.550000000000000000e+01,1.146833560090702804e+02
7.552500000000000568e+01,1.147065759637188194e+02
7.554999999999999716e+01,1.147297959183673299e+02
7.557500000000000284e+01,1.147530158730158547e+02
7.560000000000000853e+01,1.147762358276643795e+02
7.562500000000000000e+01,1.147994557823129185e+02
7.565000000000000568e+01,1.148226757369614575e+02
7.567499999999999716e+01,1.148458956916099680e+02
7.570000000000000284e+01,1.148691156462584928e+02
7.572500000000000853e+01,1.148923356009070034e+02
7.575000000000000000e+01,1.149155555555555424e+02
7.577500000000000568e+01,1.149387755102040671e+02
7.579999999999999716e+01,1.149619954648525919e+02
7.582500000000000284e+01,1.149852154195011309e+02
7.585000000000000853e+01,1.150084353741496557e+02
7.587500000000000000e+01,1.150316553287981804e+02
7.590000000000000568e+01,1.150548752834466910e+02
7.592499999999999716e+01,1.150780952380952300e+02
7.595000000000000284e+01,1.151013151927437548e+02
7.597500000000000853e+01,1.151245351473922796e+02
7.600000000000000000e+01,1.151477551020408185e+02
7.602500000000000568e+01,1.151709750566893291e+02
7.604999999999999716e+01,1.151941950113378681e+02
7.607500000000000284e+01,1.152174149659863787e+02
7.610000000000000853e+01,1.152406349206349176e+02
7.612500000000000000e+01,1.152638548752834282e+02
7.615000000000000568e+01,1.152870748299319530e+02
7.617499999999999716e+01,1.153102947845804778e+02
7.620000000000000284e+01,1.153335147392290168e+02
7.622500000000000853e+01,1.153567346938775415e+02
7.625000000000000000e+01,1.153799546485260805e+02
7.627500000000000568e+01,1.154031746031745911e+02
7.629999999999999716e+01,1.154263945578231159e+02
7.632500000000000284e+01,1.154496145124716406e+02
7.635000000000000853e+01,1.154728344671201512e+02
7.637500000000000000e+01,1.154960544217686902e+02
7.640000000000000568e+01,1.155192743764172150e+02
7.642499999999999716e+01,1.155424943310657682e+02
7.645000000000000284e+01,1.155657142857142787e+02
7.647500000000000853e+01,1.155889342403627893e+02
7.650000000000000000e+01,1.156121541950113283e+02
7.652500000000000568e+01,1.156353741496598388e+02
7.654999999999999716e+01,1.156585941043083778e+02
7.657500000000000284e+01,1.156818140589569026e+02
7.660000000000000853e+01,1.157050340136054558e+02
7.662500000000000000e+01,1.157282539682539664e+02
7.665000000000000568e+01,1.157514739229024769e+02
7.667499999999999716e+01,1.157746938775510159e+02
7.670000000000000284e+01,1.157979138321995265e+02
7.672500000000000853e+01,1.158211337868480655e+02
7.675000000000000000e+01,1.158443537414965903e+02
7.677500000000000568e+01,1.158675736961451150e+02
7.680000000000001137e+01,1.158907936507936540e+02
7.682500000000000284e+01,1.159140136054421646e+02
7.685000000000000853e+01,1.159372335600906894e+02
7.687500000000000000e+01,1.159604535147392141e+02
7.690000000000000568e+01,1.159836734693877389e+02
7.692500000000001137e+01,1.160068934240362637e+02
7.695000000000000284e+01,1.160301133786847885e+02
7.697500000000000853e+01,1.160533333333333275e+02
7.700000000000000000e+01,1.160765532879818380e+02
7.702500000000000568e+01,1.160997732426303770e+02
7.705000000000001137e+01,1.161229931972789018e+02
7.707500000000000284e+01,1.161462131519274266e+02
7.710000000000000853e+01,1.161694331065759513e+02
7.712500000000000000e+01,1.161926530612244761e+02
7.715000000000000568e+01,1.162158730158730151e+02
7.717500000000001137e+01,1.162390929705215257e+02
7.720000000000000284e+01,1.162623129251700647e+02
7.722500000000000853e+01,1.162855328798185894e+02
7.725000000000000000e+01,1.163087528344671142e+02
7.727500000000000568e+01,1.163319727891156390e+02
7.730000000000001137e+01,1.163551927437641638e+02
7.732500000000000284e+01,1.163784126984126743e+02
7.735000000000000853e+01,1.164016326530612133e+02
7.737500000000000000e+01,1.164248526077097381e+02
7.740000000000000568e+01,1.164480725623582771e+02
7.742500000000001137e+01,1.164712925170068019e+02
7.745000000000000284e+01,1.164945124716553124e+02
7.747500000000000853e+01,1.165177324263038372e+02
7.750000000000000000e+01,1.165409523809523478e+02
7.752500000000000568e+01,1.165641723356008868e+02
7.755000000000001137e+01,1.165873922902494115e+02
7.757500000000000284e+01,1.166106122448979647e+02
7.760000000000000853e+01,1.166338321995464753e+02
7.762500000000000000e+01,1.166570521541950001e+02
7.765000000000000568e+01,1.166802721088435248e+02
7.767500000000001137e+01,1.167034920634920354e+02
7.770000000000000284e+01,1.167267120181405744e+02
7.772500000000000853e+01,1.167499319727890992e+02
7.775000000000000000e+01,1.167731519274376524e+02
7.777500000000000568e+01,1.167963718820861629e+02
7.780000000000001137e+01,1.168195918367346735e+02
7.782500000000000284e+01,1.168428117913832125e+02
7.785000000000000853e+01,1.168660317460317231e+02
7.787500000000000000e+01,1.168892517006802620e+02
7.790000000000000568e+01,1.169124716553287868e+02
7.792500000000001137e+01,1.169356916099773116e+02
7.795000000000000284e+01,1.169589115646258506e+02
7.797500000000000853e+01,1.169821315192743612e+02
7.800000000000000000e+01,1.170053514739229001e+02
7.802500000000000568e+01,1.170285714285714107e+02
7.805000000000001137e+01,1.170517913832199355e+02
7.807500000000000284e+01,1.170750113378684603e+02
7.810000000000000853e+01,1.170982312925169992e+02
7.812500000000000000e+01,1.171214512471655240e+02
7.815000000000000568e+01,1.171446712018140488e+02
7.817500000000001137e+01,1.171678911564625736e+02
7.820000000000000284e+01,1.171911111111110984e+02
7.822500000000000853e+01,1.172143310657596231e+02
7.825000000000000000e+01,1.172375510204081479e+02
7.827500000000000568e+01,1.172607709750566727e+02
7.830000000000001137e+01,1.172839909297052117e+02
7.832500000000000284e+01,1.173072108843537222e+02
7.835000000000000853e+01,1.173304308390022612e+02
7.837500000000000000e+01,1.173536507936507860e+02
7.840000000000000568e+01,1.173768707482993108e+02
7.842500000000001137e+01,1.174000907029478356e+02
7.845000000000000284e+01,1.174233106575963603e+02
7.847500000000000853e+01,1.174465306122448993e+02
7.850000000000000000e+01,1.174697505668934099e+02
7.852500000000000568e+01,1.174929705215419489e+02
7.855000000000001137e+01,1.175161904761904736e+02
7.857500000000000284e+01,1.175394104308389984e+02
7.860000000000000853e+01,1.175626303854875232e+02
7.862500000000000000e+01,1.175858503401360480e+02
7.865000000000000568e+01,1.176090702947845585e+02
7.867500000000001137e+01,1.176322902494330975e+02
7.870000000000000284e+01,1.176555102040816223e+02
7.872500000000000853e+01,1.176787301587301613e+02
7.875000000000000000e+01,1.177019501133786719e+02
7.877500000000000568e+01,1.177251700680271966e+02
7.880000000000001137e+01,1.177483900226757214e+02
7.882500000000000284e+01,1.177716099773242320e+02
7.885000000000000853e+01,1.177948299319727710e+02
7.887500000000000000e+01,1.178180498866212957e+02
7.890000000000000568e+01,1.178412698412698489e+02
7.892500000000001137e+01,1.178619098009574060e+02
7.895000000000000284e+01,1.178825497606449773e+02
7.897500000000000853e+01,1.179031897203325627e+02
7.900000000000000000e+01,1.179238296800201340e+02
7.902500000000000568e+01,1.179444696397077053e+02
7.905000000000001137e+01,1.179651095993953049e+02
7.907500000000000284e+01,1.179857495590828904e+02
7.910000000000000853e+01,1.180063895187704759e+02
7.912500000000000000e+01,1.180270294784580472e+02
7.915000000000000568e+01,1.180502494331065577e+02
7.917500000000001137e+01,1.180734693877550967e+02
7.920000000000000284e+01,1.180966893424036073e+02
7.922500000000000853e+01,1.181199092970521463e+02
7.925000000000000000e+01,1.181431292517006710e+02
7.927500000000000568e+01,1.181663492063491958e+02
7.930000000000001137e+01,1.181895691609977348e+02
7.932500000000000284e+01,1.182127891156462454e+02
7.935000000000000853e+01,1.182360090702947844e+02
7.937500000000000000e+01,1.182592290249432949e+02
7.940000000000000568e+01,1.182824489795918197e+02
7.942500000000001137e+01,1.183030889392793910e+02
7.945000000000000284e+01,1.183211489040060371e+02
7.947500000000000853e+01,1.183366288737717156e+02
7.950000000000000000e+01,1.183495288485764547e+02
7.952500000000000568e+01,1.183598488284202404e+02
7.955000000000001137e+01,1.183675888133030867e+02
7.957500000000000284e+01,1.183727488032249937e+02
7.960000000000000853e+01,1.183753287981859330e+02
7.962500000000000000e+01,1.183753287981859330e+02
7.965000000000000568e+01,1.183753287981859330e+02
7.967500000000001137e+01,1.183753287981859330e+02
7.970000000000000284e+01,1.183753287981859330e+02
7.972500000000000853e+01,1.183753287981859330e+02
7.975000000000000000e+01,1.183753287981859330e+02
7.977500000000000568e+01,1.183753287981859330e+02
7.980000000000001137e+01,1.183753287981859330e+02
7.982500000000000284e+01,1.183753287981859330e+02
7.985000000000000853e+01,1.183753287981859330e+02
7.987500000000000000e+01,1.183779087931468723e+02
7.990000000000000568e+01,1.183830687830687651e+02
7.992500000000001137e+01,1.183908087679516115e+02
7.995000000000000284e+01,1.184011287477953971e+02
7.997500000000000853e+01,1.184140287226001362e+02
8.000000000000000000e+01,1.184295086923658289e+02
8.002500000000000568e+01,1.184475686570924466e+02
8.005000000000001137e+01,1.184682086167800321e+02
8.007500000000000284e+01,1.184914285714285569e+02
8.010000000000000853e+01,1.185146485260770959e+02
8.012500000000000000e+01,1.185378684807256064e+02
8.015000000000000568e+01,1.185610884353741454e+02
8.017500000000001137e+01,1.185843083900226702e+02
8.020000000000000284e+01,1.186075283446711950e+02
8.022500000000000853e+01,1.186307482993197198e+02
8.025000000000000000e+01,1.186539682539682445e+02
8.027500000000000568e+01,1.186771882086167551e+02
8.030000000000001137e+01,1.187004081632652941e+02
8.032500000000000284e+01,1.187236281179138331e+02
8.035000000000000853e+01,1.187468480725623579e+02
8.037500000000000000e+01,1.187700680272108826e+02
8.040000000000000568e+01,1.187932879818593932e+02
8.042500000000001137e+01,1.188165079365079180e+02
8.045000000000000284e+01,1.188397278911564428e+02
8.047500000000000853e+01,1.188629478458049817e+02
8.050000000000000000e+01,1.188861678004535065e+02
8.050000000000000000e+01,1.189093877551020455e+02
8.050000000000000000e+01,1.189326077097505561e+02
8.050000000000000000e+01,1.189558276643990808e+02
8.050000000000000000e+01,1.189790476190476056e+02
8.050000000000000000e+01,1.190022675736961162e+02
8.050000000000000000e+01,1.190254875283446552e+02
8.050000000000000000e+01,1.190487074829931800e+02
8.050000000000000000e+01,1.190719274376417331e+02
8.050000000000000000e+01,1.190951473922902437e+02
8.050000000000000000e+01,1.191183673469387543e+02
8.050000000000000000e+01,1.191415873015872933e+02
8.050000000000000000e+01,1.191648072562358038e+02
8.050000000000000000e+01,1.191880272108843428e+02
8.050000000000000000e+01,1.192112471655328676e+02
8.050000000000000000e+01,1.192344671201813924e+02
8.050000000000000000e+01,1.192576870748299314e+02
8.050000000000000000e+01,1.192809070294784419e+02
8.050000000000000000e+01,1.193041269841269809e+02
8.050000000000000000e+01,1.193273469387754915e+02
8.050000000000000000e+01,1.193505668934240163e+02
8.050000000000000000e+01,1.193737868480725410e+02
8.050000000000000000e+01,1.193970068027210800e+02
8.050000000000000000e+01,1.194202267573696048e+02
8.050000000000000000e+01,1.194434467120181296e+02
8.050000000000000000e+01,1.194666666666666544e+02
8.050000000000000000e+01,1.194898866213151791e+02
8.050000000000000000e+01,1.195131065759637039e+02
8.050000000000000000e+01,1.195363265306122287e+02
8.050000000000000000e+01,1.195595464852607535e+02
8.050000000000000000e+01,1.195827664399092924e+02
8.050000000000000000e+01,1.196059863945578030e+02
8.050000000000000000e+01,1.196292063492063420e+02
8.050000000000000000e+01,1.196524263038548668e+02
8.050000000000000000e+01,1.196756462585033916e+02
8.050000000000000000e+01,1.196988662131519163e+02
8.050000000000000000e+01,1.197220861678004411e+02
8.050000000000000000e+01,1.197453061224489801e+02
8.050000000000000000e+01,1.197685260770974907e+02
8.050000000000000000e+01,1.197917460317460296e+02
8.050000000000000000e+01,1.198149659863945544e+02
8.050000000000000000e+01,1.198381859410430792e+02
8.050000000000000000e+01,1.198614058956916040e+02
8.050000000000000000e+01,1.198846258503401287e+02
8.050000000000000000e+01,1.199078458049886393e+02
8.050000000000000000e+01,1.199310657596371783e+02
8.050000000000000000e+01,1.199542857142857031e+02
8.050000000000000000e+01,1.199775056689342421e+02
8.050000000000000000e+01,1.200007256235827526e+02
8.050000000000000000e+01,1.200239455782312774e+02
8.050000000000000000e+01,1.200471655328798022e+02
8.050000000000000000e+01,1.200703854875283128e+02
8.050000000000000000e+01,1.200936054421768517e+02
8.050000000000000000e+01,1.201168253968253765e+02
8.050000000000000000e+01,1.201400453514739297e+02
8.050000000000000000e+01,1.201632653061224403e+02
8.050000000000000000e+01,1.201864852607709651e+02
8.050000000000000000e+01,1.202097052154194898e+02
8.050000000000000000e+01,1.202329251700680004e+02
8.050000000000000000e+01,1.202561451247165394e+02
8.050000000000000000e+01,1.202793650793650642e+02
8.050000000000000000e+01,1.203025850340136174e+02
8.050000000000000000e+01,1.203258049886621279e+02
8.050000000000000000e+01,1.203490249433106385e+02
8.050000000000000000e+01,1.203722448979591775e+02
8.050000000000000000e+01,1.203954648526076880e+02
8.050000000000000000e+01,1.204186848072562270e+02
8.050000000000000000e+01,1.204419047619047518e+02
8.050000000000000000e+01,1.204651247165532766e+02
8.050000000000000000e+01,1.204883446712018156e+02
8.050000000000000000e+01,1.205115646258503261e+02
8.050000000000000000e+01,1.205347845804988651e+02
8.050000000000000000e+01,1.205580045351473757e+02
8.050000000000000000e+01,1.205812244897959005e+02
8.050000000000000000e+01,1.206044444444444252e+02
8.050000000000000000e+01,1.206276643990929642e+02
8.050000000000000000e+01,1.206508843537414890e+02
8.050000000000000000e+01,1.206741043083900138e+02
8.050000000000000000e+01,1.206973242630385386e+02
8.050000000000000000e+01,1.207205442176870633e+02
8.050000000000000000e+01,1.207437641723355881e+02
8.050000000000000000e+01,1.207669841269841129e+02
8.050000000000000000e+01,1.207902040816326377e+02
8.050000000000000000e+01,1.208134240362811767e+02
8.050000000000000000e+01,1.208366439909296872e+02
8.050000000000000000e+01,1.208598639455782262e+02
8.050000000000000000e+01,1.208830839002267510e+02
8.050000000000000000e+01,1.209063038548752758e+02
8.050000000000000000e+01,1.209295238095238005e+02
8.050000000000000000e+01,1.209527437641723253e+02
8.050000000000000000e+01,1.209759637188208643e+02
8.050000000000000000e+01,1.209991836734693749e+02
8.050000000000000000e+01,1.210224036281179139e+02
8.050000000000000000e+01,1.210456235827664386e+02
8.050000000000000000e+01,1.210688435374149634e+02
8.050000000000000000e+01,1.210920634920634740e+02
8.050000000000000000e+01,1.211152834467119987e+02
8.050000000000000000e+01,1.211385034013605235e+02
8.050000000000000000e+01,1.211617233560090625e+02
8.050000000000000000e+01,1.211849433106575873e+02
8.050000000000000000e+01,1.212081632653061263e+02
8.050000000000000000e+01,1.212313832199546368e+02
8.050000000000000000e+01,1.212546031746031616e+02
8.050000000000000000e+01,1.212778231292516864e+02
8.050000000000000000e+01,1.213010430839001970e+02
8.050000000000000000e+01,1.213242630385487359e+02
8.050000000000000000e+01,1.213474829931972607e+02
8.050000000000000000e+01,1.213707029478458139e+02
8.050000000000000000e+01,1.213939229024943245e+02
8.050000000000000000e+01,1.214171428571428351e+02
8.050000000000000000e+01,1.214403628117913740e+02
8.050000000000000000e+01,1.214635827664398846e+02
8.050000000000000000e+01,1.214868027210884236e+02
8.050000000000000000e+01,1.215100226757369484e+02
8.050000000000000000e+01,1.215332426303855016e+02
8.050000000000000000e+01,1.215564625850340121e+02
8.050000000000000000e+01,1.215796825396825227e+02
8.050000000000000000e+01,1.216029024943310617e+02
8.050000000000000000e+01,1.216261224489795723e+02
8.050000000000000000e+01,1.216493424036281112e+02
8.050000000000000000e+01,1.216725623582766360e+02
8.050000000000000000e+01,1.216957823129251608e+02
8.050000000000000000e+01,1.217190022675736998e+02
8.050000000000000000e+01,1.217422222222222103e+02
8.050000000000000000e+01,1.217654421768707351e+02
8.050000000000000000e+01,1.217886621315192599e+02
8.050000000000000000e+01,1.218118820861677847e+02
8.050000000000000000e+01,1.218351020408163095e+02
8.050000000000000000e+01,1.218583219954648342e+02
8.050000000000000000e+01,1.218815419501133732e+02
8.050000000000000000e+01,1.219047619047618838e+02
8.050000000000000000e+01,1.219279818594104228e+02
8.050000000000000000e+01,1.219512018140589475e+02
8.050000000000000000e+01,1.219744217687074723e+02
8.050000000000000000e+01,1.219976417233559971e+02
8.050000000000000000e+01,1.220208616780045219e+02
8.050000000000000000e+01,1.220440816326530609e+02
8.050000000000000000e+01,1.220673015873015714e+02
8.050000000000000000e+01,1.220905215419501104e+02
8.050000000000000000e+01,1.221137414965986352e+02
8.050000000000000000e+01,1.221369614512471600e+02
8.050000000000000000e+01,1.221601814058956847e+02
8.050000000000000000e+01,1.221834013605442095e+02
8.050000000000000000e+01,1.222066213151927201e+02
8.050000000000000000e+01,1.222298412698412591e+02
8.050000000000000000e+01,1.222530612244897839e+02
8.050000000000000000e+01,1.222762811791383228e+02
8.050000000000000000e+01,1.222995011337868476e+02
8.050000000000000000e+01,1.223227210884353582e+02
8.050000000000000000e+01,1.223459410430838830e+02
8.050000000000000000e+01,1.223691609977323935e+02
8.050000000000000000e+01,1.223923809523809325e+02
8.050000000000000000e+01,1.224156009070294573e+02
8.050000000000000000e+01,1.224388208616780105e+02
8.050000000000000000e+01,1.224620408163265211e+02
8.050000000000000000e+01,1.224852607709750458e+02
8.050000000000000000e+01,1.225084807256235706e+02
8.050000000000000000e+01,1.225317006802720812e+02
8.050000000000000000e+01,1.225549206349206202e+02
8.050000000000000000e+01,1.225781405895691449e+02
8.050000000000000000e+01,1.226013605442176981e+02
8.050000000000000000e+01,1.226245804988662087e+02
8.050000000000000000e+01,1.226478004535147193e+02
8.050000000000000000e+01,1.226710204081632583e+02
8.050000000000000000e+01,1.226942403628117688e+02
8.050000000000000000e+01,1.227174603174603078e+02
8.050000000000000000e+01,1.227406802721088326e+02
8.050000000000000000e+01,1.227639002267573574e+02
8.050000000000000000e+01,1.227871201814058963e+02
8.050000000000000000e+01,1.228103401360544069e+02
8.050000000000000000e+01,1.228335600907029459e+02
8.050000000000000000e+01,1.228567800453514565e+02
8.050000000000000000e+01,1.228799999999999812e+02
8.050000000000000000e+01,1.229032199546485060e+02
8.050000000000000000e+01,1.229264399092970450e+02
8.050000000000000000e+01,1.229496598639455698e+02
8.050000000000000000e+01,1.229728798185940946e+02
8.050000000000000000e+01,1.229960997732426193e+02
8.050000000000000000e+01,1.230193197278911441e+02
8.050000000000000000e+01,1.230425396825396689e+02
8.050000000000000000e+01,1.230657596371881937e+02
8.050000000000000000e+01,1.230889795918367184e+02
8.050000000000000000e+01,1.231121995464852574e+02
8.050000000000000000e+01,1.231354195011337680e+02
8.050000000000000000e+01,1.231586394557823070e+02
8.050000000000000000e+01,1.231818594104308318e+02
8.050000000000000000e+01,1.232050793650793565e+02
8.050000000000000000e+01,1.232282993197278813e+02
8.050000000000000000e+01,1.232515192743764061e+02
8.050000000000000000e+01,1.232747392290249451e+02
8.050000000000000000e+01,1.232979591836734556e+02
8.050000000000000000e+01,1.233211791383219946e+02
8.050000000000000000e+01,1.233443990929705194e+02
8.050000000000000000e+01,1.233676190476190442e+02
8.050000000000000000e+01,1.233908390022675547e+02
8.050000000000000000e+01,1.234140589569160795e+02
8.050000000000000000e+01,1.234372789115646043e+02
8.050000000000000000e+01,1.234604988662131433e+02
8.050000000000000000e+01,1.234837188208616681e+02
8.050000000000000000e+01,1.235069387755102071e+02
8.050000000000000000e+01,1.235301587301587176e+02
8.050000000000000000e+01,1.235533786848072424e+02
8.050000000000000000e+01,1.235765986394557672e+02
8.050000000000000000e+01,1.235998185941042777e+02
8.050000000000000000e+01,1.236230385487528167e+02
8.050000000000000000e+01,1.236462585034013415e+02
8.050000000000000000e+01,1.236694784580498947e+02
8.050000000000000000e+01,1.236926984126984053e+02
8.050000000000000000e+01,1.237159183673469158e+02
8.050000000000000000e+01,1.237391383219954548e+02
8.050000000000000000e+01,1.237623582766439654e+02
8.050000000000000000e+01,1.237855782312925044e+02
8.050000000000000000e+01,1.238087981859410291e+02
8.050000000000000000e+01,1.238320181405895823e+02
8.050000000000000000e+01,1.238552380952380929e+02
8.050000000000000000e+01,1.238784580498866035e+02
8.050000000000000000e+01,1.239016780045351425e+02
8.050000000000000000e+01,1.239248979591836530e+02
8.050000000000000000e+01,1.239481179138321920e+02
8.050000000000000000e+01,1.239713378684807168e+02
8.050000000000000000e+01,1.239945578231292416e+02
8.050000000000000000e+01,1.240177777777777806e+02
8.050000000000000000e+01,1.240409977324262911e+02
8.050000000000000000e+01,1.240642176870748301e+02
8.050000000000000000e+01,1.240874376417233407e+02
8.050000000000000000e+01,1.241106575963718655e+02
8.050000000000000000e+01,1.241338775510203902e+02
8.050000000000000000e+01,1.241570975056689150e+02
8.050000000000000000e+01,1.241803174603174540e+02
8.050000000000000000e+01,1.242035374149659646e+02
8.050000000000000000e+01,1.242267573696145035e+02
8.050000000000000000e+01,1.242499773242630283e+02
8.050000000000000000e+01,1.242731972789115531e+02
8.050000000000000000e+01,1.242964172335600779e+02
8.050000000000000000e+01,1.243196371882086027e+02
8.050000000000000000e+01,1.243428571428571416e+02
8.050000000000000000e+01,1.243660770975056522e+02
8.050000000000000000e+01,1.243892970521541912e+02
8.050000000000000000e+01,1.244125170068027160e+02
8.050000000000000000e+01,1.244357369614512407e+02
8.050000000000000000e+01,1.244589569160997655e+02
8.050000000000000000e+01,1.244821768707482903e+02
8.050000000000000000e+01,1.245053968253968009e+02
8.050000000000000000e+01,1.245286167800453399e+02
8.050000000000000000e+01,1.245518367346938788e+02
8.050000000000000000e+01,1.245750566893424036e+02
8.050000000000000000e+01,1.245982766439909284e+02
8.050000000000000000e+01,1.246214965986394390e+02
8.050000000000000000e+01,1.246447165532879637e+02
8.050000000000000000e+01,1.246679365079364885e+02
8.050000000000000000e+01,1.246911564625850275e+02
8.050000000000000000e+01,1.247143764172335523e+02
8.050000000000000000e+01,1.247375963718820913e+02
8.050000000000000000e+01,1.247608163265306018e+02
8.050000000000000000e+01,1.247840362811791266e+02
8.050000000000000000e+01,1.248072562358276514e+02
8.050000000000000000e+01,1.248304761904761619e+02
8.050000000000000000e+01,1.248536961451247009e+02
8.050000000000000000e+01,1.248769160997732257e+02
8.050000000000000000e+01,1.249001360544217789e+02
8.050000000000000000e+01,1.249233560090702895e+02
8.050000000000000000e+01,1.249465759637188000e+02
8.050000000000000000e+01,1.249697959183673390e+02
8.050000000000000000e+01,1.249930158730158496e+02
8.050000000000000000e+01,1.250162358276643886e+02
8.050000000000000000e+01,1.250394557823129134e+02
8.050000000000000000e+01,1.250626757369614381e+02
8.050000000000000000e+01,1.250858956916099771e+02
8.050000000000000000e+01,1.251091156462584877e+02
8.050000000000000000e+01,1.251323356009070267e+02
8.050000000000000000e+01,1.251555555555555372e+02
8.050000000000000000e+01,1.251787755102040620e+02
8.050000000000000000e+01,1.252019954648525868e+02
8.050000000000000000e+01,1.252252154195011258e+02
8.050000000000000000e+01,1.252484353741496506e+02
8.050000000000000000e+01,1.252716553287981753e+02
8.050000000000000000e+01,1.252948752834467001e+02
8.050000000000000000e+01,1.253180952380952249e+02
8.050000000000000000e+01,1.253413151927437497e+02
8.050000000000000000e+01,1.253645351473922744e+02
8.050000000000000000e+01,1.253877551020407992e+02
8.050000000000000000e+01,1.254109750566893382e+02
8.050000000000000000e+01,1.254341950113378488e+02
8.050000000000000000e+01,1.254574149659863878e+02
8.050000000000000000e+01,1.254806349206349125e+02
8.050000000000000000e+01,1.255038548752834373e+02
8.050000000000000000e+01,1.255270748299319621e+02
8.050000000000000000e+01,1.255502947845804869e+02
8.050000000000000000e+01,1.255735147392290258e+02
8.050000000000000000e+01,1.255967346938775364e+02
8.050000000000000000e+01,1.256199546485260754e+02
8.050000000000000000e+01,1.256431746031746002e+02
8.050000000000000000e+01,1.256663945578231250e+02
8.050000000000000000e+01,1.256896145124716497e+02
8.050000000000000000e+01,1.257128344671201745e+02
8.050000000000000000e+01,1.257360544217686851e+02
8.050000000000000000e+01,1.257592743764172241e+02
8.050000000000000000e+01,1.257824943310657488e+02
8.050000000000000000e+01,1.258057142857142878e+02
8.050000000000000000e+01,1.258289342403627984e+02
8.050000000000000000e+01,1.258521541950113232e+02
8.050000000000000000e+01,1.258753741496598479e+02
8.050000000000000000e+01,1.258985941043083585e+02
8.050000000000000000e+01,1.259218140589568975e+02
8.050000000000000000e+01,1.259450340136054223e+02
8.050000000000000000e+01,1.259682539682539755e+02
8.050000000000000000e+01,1.259914739229024860e+02
8.050000000000000000e+01,1.260146938775509966e+02
8.050000000000000000e+01,1.260379138321995356e+02
8.050000000000000000e+01,1.260611337868480462e+02
8.050000000000000000e+01,1.260843537414965851e+02
8.050000000000000000e+01,1.261075736961451099e+02
8.050000000000000000e+01,1.261307936507936631e+02
8.050000000000000000e+01,1.261540136054421737e+02
8.050000000000000000e+01,1.261772335600906843e+02
8.050000000000000000e+01,1.262004535147392232e+02
8.050000000000000000e+01,1.262236734693877338e+02
8.050000000000000000e+01,1.262468934240362728e+02
8.050000000000000000e+01,1.262701133786847976e+02
8.050000000000000000e+01,1.262933333333333223e+02
8.050000000000000000e+01,1.263165532879818613e+02
8.050000000000000000e+01,1.263397732426303719e+02
8.050000000000000000e+01,1.263629931972789109e+02
8.050000000000000000e+01,1.263862131519274214e+02
8.050000000000000000e+01,1.264094331065759462e+02
8.050000000000000000e+01,1.264326530612244710e+02
8.050000000000000000e+01,1.264558730158729958e+02
8.050000000000000000e+01,1.264790929705215348e+02
8.050000000000000000e+01,1.265023129251700453e+02
8.050000000000000000e+01,1.265255328798185843e+02
8.050000000000000000e+01,1.265487528344671091e+02
8.050000000000000000e+01,1.265719727891156339e+02
8.050000000000000000e+01,1.265951927437641586e+02
8.050000000000000000e+01,1.266184126984126834e+02
8.050000000000000000e+01,1.266416326530612224e+02
8.050000000000000000e+01,1.266648526077097330e+02
8.050000000000000000e+01,1.266880725623582720e+02
8.050000000000000000e+01,1.267112925170067967e+02
8.050000000000000000e+01,1.267345124716553215e+02
8.050000000000000000e+01,1.267577324263038463e+02
8.050000000000000000e+01,1.267809523809523711e+02
8.050000000000000000e+01,1.268041723356008816e+02
8.050000000000000000e+01,1.268273922902494206e+02
8.050000000000000000e+01,1.268506122448979596e+02
8.050000000000000000e+01,1.268738321995464844e+02
8.052500000000000568e+01,1.268970521541950092e+02
8.055000000000001137e+01,1.269202721088435197e+02
8.057500000000000284e+01,1.269434920634920445e+02
8.060000000000000853e+01,1.269667120181405693e+02
8.062500000000000000e+01,1.269899319727891083e+02
8.065000000000000568e+01,1.270131519274376330e+02
8.067500000000001137e+01,1.270363718820861720e+02
8.070000000000000284e+01,1.270595918367346826e+02
8.072500000000000853e+01,1.270828117913832074e+02
8.075000000000000000e+01,1.271060317460317322e+02
8.077500000000000568e+01,1.271292517006802427e+02
8.080000000000001137e+01,1.271524716553287817e+02
8.082500000000000284e+01,1.271756916099773065e+02
8.085000000000000853e+01,1.271989115646258597e+02
8.087500000000000000e+01,1.272221315192743702e+02
8.090000000000000568e+01,1.272453514739228808e+02
8.092500000000001137e+01,1.272685714285714198e+02
8.095000000000000284e+01,1.272917913832199304e+02
8.097500000000000853e+01,1.273150113378684694e+02
8.100000000000000000e+01,1.273382312925169941e+02
8.102500000000000568e+01,1.273614512471655473e+02
8.105000000000001137e+01,1.273846712018140579e+02
8.107500000000000284e+01,1.274078911564625685e+02
8.110000000000000853e+01,1.274311111111111074e+02
8.112500000000000000e+01,1.274543310657596180e+02
8.115000000000000568e+01,1.274775510204081570e+02
8.117500000000001137e+01,1.275007709750566818e+02
8.120000000000000284e+01,1.275239909297052066e+02
8.122500000000000853e+01,1.275472108843537455e+02
8.125000000000000000e+01,1.275704308390022561e+02
8.127500000000000568e+01,1.275936507936507809e+02
8.130000000000001137e+01,1.276168707482993057e+02
8.132500000000000284e+01,1.276400907029478304e+02
8.135000000000000853e+01,1.276633106575963552e+02
8.137500000000000000e+01,1.276865306122448800e+02
8.140000000000000568e+01,1.277097505668934190e+02
8.142500000000001137e+01,1.277329705215419295e+02
8.145000000000000284e+01,1.277561904761904685e+02
8.147500000000000853e+01,1.277794104308389933e+02
8.150000000000000000e+01,1.278026303854875181e+02
8.150000000000000000e+01,1.278258503401360429e+02
8.150000000000000000e+01,1.278490702947845676e+02
8.150000000000000000e+01,1.278722902494331066e+02
8.150000000000000000e+01,1.278955102040816172e+02
8.150000000000000000e+01,1.279187301587301562e+02
8.150000000000000000e+01,1.279419501133786810e+02
8.152500000000000568e+01,1.279651700680272057e+02
8.155000000000001137e+01,1.279883900226757305e+02
8.157500000000000284e+01,1.280116099773242695e+02
8.160000000000000853e+01,1.280348299319727801e+02
8.162500000000000000e+01,1.280580498866213190e+02
8.165000000000000568e+01,1.280812698412698296e+02
8.167500000000001137e+01,1.281044897959183686e+02
8.170000000000000284e+01,1.281277097505669076e+02
8.172500000000000853e+01,1.281509297052154182e+02
8.175000000000000000e+01,1.281741496598639287e+02
8.177500000000000568e+01,1.281973696145124677e+02
8.180000000000001137e+01,1.282205895691609783e+02
8.182500000000000284e+01,1.282438095238094888e+02
8.185000000000000853e+01,1.282670294784580562e+02
8.187500000000000000e+01,1.282902494331065668e+02
8.190000000000000568e+01,1.283134693877551058e+02
8.192500000000001137e+01,1.283366893424036164e+02
8.195000000000000284e+01,1.283599092970521554e+02
8.197500000000000853e+01,1.283831292517006659e+02
8.200000000000000000e+01,1.284063492063491765e+02
8.200000000000000000e+01,1.284295691609977439e+02
8.200000000000000000e+01,1.284527891156462545e+02
8.200000000000000000e+01,1.284760090702947934e+02
8.202500000000000568e+01,1.284992290249433040e+02
8.205000000000001137e+01,1.285224489795918146e+02
8.207500000000000284e+01,1.285456689342403536e+02
8.210000000000000853e+01,1.285688888888888641e+02
8.212500000000000000e+01,1.285921088435374315e+02
8.215000000000000568e+01,1.286153287981859421e+02
8.217500000000001137e+01,1.286385487528344811e+02
8.220000000000000284e+01,1.286617687074829917e+02
8.222500000000000853e+01,1.286849886621315022e+02
8.225000000000000000e+01,1.287082086167800412e+02
8.227500000000000568e+01,1.287314285714285518e+02
8.230000000000001137e+01,1.287546485260770908e+02
8.232500000000000284e+01,1.287778684807256298e+02
8.235000000000000853e+01,1.288010884353741403e+02
8.237500000000000000e+01,1.288243083900226793e+02
8.240000000000000568e+01,1.288475283446711899e+02
8.242500000000001137e+01,1.288707482993197289e+02
8.245000000000000284e+01,1.288939682539682394e+02
8.247500000000000853e+01,1.289171882086167784e+02
8.250000000000000000e+01,1.289404081632653174e+02
8.252500000000000568e+01,1.289636281179138280e+02
8.255000000000001137e+01,1.289868480725623385e+02
8.257500000000000284e+01,1.290100680272108775e+02
8.260000000000000853e+01,1.290332879818594165e+02
8.262500000000000000e+01,1.290565079365079271e+02
8.265000000000000568e+01,1.290797278911564376e+02
8.267500000000001137e+01,1.291029478458049766e+02
8.270000000000000284e+01,1.291261678004535156e+02
8.272500000000000853e+01,1.291493877551020262e+02
8.275000000000000000e+01,1.291726077097505652e+02
8.277500000000000568e+01,1.291958276643990757e+02
8.280000000000001137e+01,1.292190476190476147e+02
8.282500000000000284e+01,1.292422675736961253e+02
8.285000000000000853e+01,1.292654875283446643e+02
8.287500000000000000e+01,1.292887074829931748e+02
8.290000000000000568e+01,1.293119274376416854e+02
8.292500000000001137e+01,1.293351473922902528e+02
8.295000000000000284e+01,1.293583673469387634e+02
8.297500000000000853e+01,1.293815873015873024e+02
8.300000000000000000e+01,1.294048072562358129e+02
8.302500000000000568e+01,1.294280272108843235e+02
8.305000000000001137e+01,1.294512471655328625e+02
8.307500000000000284e+01,1.294744671201813730e+02
8.310000000000000853e+01,1.294976870748299405e+02
8.312500000000000000e+01,1.295209070294784510e+02
8.315000000000000568e+01,1.295441269841269900e+02
8.317500000000001137e+01,1.295673469387755006e+02
8.320000000000000284e+01,1.295905668934240111e+02
8.322500000000000853e+01,1.296137868480725501e+02
8.325000000000000000e+01,1.296370068027210607e+02
8.327500000000000568e+01,1.296602267573695997e+02
8.330000000000001137e+01,1.296834467120181387e+02
8.332500000000000284e+01,1.297066666666666777e+02
8.335000000000000853e+01,1.297298866213151882e+02
8.337500000000000000e+01,1.297531065759636988e+02
8.340000000000000568e+01,1.297763265306122378e+02
8.342500000000001137e+01,1.297995464852607483e+02
8.345000000000000284e+01,1.298227664399092873e+02
8.347500000000000853e+01,1.298459863945578263e+02
8.350000000000000000e+01,1.298692063492063369e+02
8.352500000000000568e+01,1.298924263038548759e+02
8.355000000000001137e+01,1.299156462585033864e+02
8.357500000000000284e+01,1.299388662131519254e+02
8.360000000000000853e+01,1.299620861678004360e+02
8.362500000000000000e+01,1.299853061224489750e+02
8.365000000000000568e+01,1.300085260770975140e+02
8.367500000000001137e+01,1.300317460317460245e+02
8.370000000000000284e+01,1.300549659863945635e+02
8.372500000000000853e+01,1.300781859410430741e+02
8.375000000000000000e+01,1.301014058956915846e+02
8.377500000000000568e+01,1.301246258503401236e+02
8.380000000000001137e+01,1.301478458049886626e+02
8.382500000000000284e+01,1.301710657596371732e+02
8.385000000000000853e+01,1.301942857142857122e+02
8.387500000000000000e+01,1.302175056689342227e+02
8.390000000000000568e+01,1.302407256235827617e+02
8.392500000000001137e+01,1.302639455782313007e+02
8.395000000000000284e+01,1.302871655328798113e+02
8.397500000000000853e+01,1.303103854875283218e+02
8.400000000000000000e+01,1.303336054421768608e+02
8.402500000000000568e+01,1.303568253968253714e+02
8.405000000000001137e+01,1.303800453514738820e+02
8.407500000000000284e+01,1.304032653061224494e+02
8.410000000000000853e+01,1.304264852607709599e+02
8.412500000000000000e+01,1.304497052154194989e+02
8.415000000000000568e+01,1.304729251700680095e+02
8.417500000000001137e+01,1.304961451247165485e+02
8.420000000000000284e+01,1.305193650793650590e+02
8.422500000000000853e+01,1.305425850340135696e+02
8.425000000000000000e+01,1.305658049886621370e+02
8.427500000000000568e+01,1.305890249433106476e+02
8.430000000000001137e+01,1.306122448979591866e+02
8.432500000000000284e+01,1.306354648526076971e+02
8.435000000000000853e+01,1.306586848072562077e+02
8.437500000000000000e+01,1.306819047619047467e+02
8.440000000000000568e+01,1.307051247165532573e+02
8.442500000000001137e+01,1.307283446712018247e+02
8.445000000000000284e+01,1.307515646258503352e+02
8.447500000000000853e+01,1.307747845804988742e+02
8.450000000000000000e+01,1.307980045351473848e+02
8.452500000000000568e+01,1.308212244897958954e+02
8.455000000000001137e+01,1.308444444444444343e+02
8.457500000000000284e+01,1.308676643990929449e+02
8.460000000000000853e+01,1.308908843537414839e+02
8.462500000000000000e+01,1.309141043083900229e+02
8.465000000000000568e+01,1.309373242630385334e+02
8.467500000000001137e+01,1.309605442176870724e+02
8.470000000000000284e+01,1.309837641723355830e+02
8.472500000000000853e+01,1.310069841269841220e+02
8.475000000000000000e+01,1.310302040816326326e+02
8.477500000000000568e+01,1.310534240362811715e+02
8.480000000000001137e+01,1.310766439909297105e+02
8.482500000000000284e+01,1.310998639455782211e+02
8.485000000000000853e+01,1.311230839002267601e+02
8.487500000000000000e+01,1.311463038548752706e+02
8.490000000000000568e+01,1.311695238095238096e+02
8.492500000000001137e+01,1.311927437641723202e+02
8.495000000000000284e+01,1.312159637188208592e+02
8.497500000000000853e+01,1.312391836734693982e+02
8.500000000000000000e+01,1.312624036281179087e+02
8.500000000000000000e+01,1.312856235827664193e+02
8.500000000000000000e+01,1.313088435374149583e+02
8.500000000000000000e+01,1.313320634920634689e+02
8.500000000000000000e+01,1.313552834467120078e+02
8.500000000000000000e+01,1.313785034013605184e+02
8.500000000000000000e+01,1.314017233560090574e+02
8.500000000000000000e+01,1.314249433106575964e+02
8.500000000000000000e+01,1.314481632653061070e+02
8.500000000000000000e+01,1.314713832199546459e+02
8.500000000000000000e+01,1.314946031746031565e+02
8.500000000000000000e+01,1.315178231292516955e+02
8.500000000000000000e+01,1.315410430839002061e+02
8.500000000000000000e+01,1.315642630385487450e+02
8.500000000000000000e+01,1.315874829931972556e+02
8.500000000000000000e+01,1.316107029478457662e+02
8.500000000000000000e+01,1.316339229024943336e+02
8.500000000000000000e+01,1.316571428571428442e+02
8.500000000000000000e+01,1.316803628117913831e+02
8.500000000000000000e+01,1.317035827664398937e+02
8.500000000000000000e+01,1.317268027210884043e+02
8.500000000000000000e+01,1.317500226757369433e+02
8.500000000000000000e+01,1.317732426303854538e+02
8.500000000000000000e+01,1.317964625850340212e+02
8.500000000000000000e+01,1.318196825396825318e+02
8.500000000000000000e+01,1.318429024943310708e+02
8.500000000000000000e+01,1.318661224489795813e+02
8.500000000000000000e+01,1.318893424036280919e+02
8.500000000000000000e+01,1.319125623582766309e+02
8.500000000000000000e+01,1.319357823129251415e+02
8.500000000000000000e+01,1.319590022675736805e+02
8.500000000000000000e+01,1.319822222222222194e+02
8.500000000000000000e+01,1.320054421768707584e+02
8.500000000000000000e+01,1.320286621315192690e+02
8.500000000000000000e+01,1.320518820861677796e+02
8.500000000000000000e+01,1.320751020408163185e+02
8.500000000000000000e+01,1.320983219954648291e+02
8.500000000000000000e+01,1.321215419501133681e+02
8.500000000000000000e+01,1.321447619047619071e+02
8.500000000000000000e+01,1.321679818594104177e+02
8.500000000000000000e+01,1.321912018140589566e+02
8.500000000000000000e+01,1.322144217687074672e+02
8.500000000000000000e+01,1.322376417233560062e+02
8.500000000000000000e+01,1.322608616780045168e+02
8.500000000000000000e+01,1.322840816326530557e+02
8.500000000000000000e+01,1.323073015873015947e+02
8.500000000000000000e+01,1.323305215419501053e+02
8.500000000000000000e+01,1.323537414965986443e+02
8.500000000000000000e+01,1.323769614512471549e+02
8.500000000000000000e+01,1.324001814058956938e+02
8.500000000000000000e+01,1.324234013605442044e+02
8.500000000000000000e+01,1.324466213151927150e+02
8.500000000000000000e+01,1.324698412698412540e+02
8.500000000000000000e+01,1.324930612244897929e+02
8.500000000000000000e+01,1.325162811791383035e+02
8.500000000000000000e+01,1.325395011337868425e+02
8.500000000000000000e+01,1.325627210884353531e+02
8.500000000000000000e+01,1.325859410430838921e+02
8.500000000000000000e+01,1.326091609977324026e+02
8.500000000000000000e+01,1.326323809523809416e+02
8.500000000000000000e+01,1.326556009070294522e+02
8.500000000000000000e+01,1.326788208616779627e+02
8.500000000000000000e+01,1.327020408163265301e+02
8.500000000000000000e+01,1.327252607709750407e+02
8.500000000000000000e+01,1.327484807256235797e+02
8.500000000000000000e+01,1.327717006802720903e+02
8.500000000000000000e+01,1.327949206349206293e+02
8.500000000000000000e+01,1.328181405895691398e+02
8.500000000000000000e+01,1.328413605442176504e+02
8.500000000000000000e+01,1.328645804988662178e+02
8.500000000000000000e+01,1.328878004535147284e+02
8.500000000000000000e+01,1.329110204081632673e+02
8.500000000000000000e+01,1.329342403628117779e+02
8.500000000000000000e+01,1.329574603174602885e+02
8.500000000000000000e+01,1.329806802721088275e+02
8.500000000000000000e+01,1.330039002267573380e+02
8.500000000000000000e+01,1.330271201814059054e+02
8.500000000000000000e+01,1.330503401360544160e+02
8.500000000000000000e+01,1.330735600907029550e+02
8.500000000000000000e+01,1.330967800453514656e+02
8.500000000000000000e+01,1.331199999999999761e+02
8.500000000000000000e+01,1.331432199546485151e+02
8.500000000000000000e+01,1.331664399092970257e+02
8.500000000000000000e+01,1.331896598639455647e+02
8.500000000000000000e+01,1.332128798185941037e+02
8.500000000000000000e+01,1.332360997732426142e+02
8.500000000000000000e+01,1.332593197278911532e+02
8.500000000000000000e+01,1.332825396825396638e+02
8.500000000000000000e+01,1.333057596371882028e+02
8.500000000000000000e+01,1.333289795918367133e+02
8.500000000000000000e+01,1.333521995464852523e+02
8.500000000000000000e+01,1.333754195011337913e+02
8.500000000000000000e+01,1.333986394557823019e+02
8.500000000000000000e+01,1.334218594104308409e+02
8.500000000000000000e+01,1.334450793650793514e+02
8.500000000000000000e+01,1.334682993197278904e+02
8.500000000000000000e+01,1.334915192743764010e+02
8.500000000000000000e+01,1.335147392290249400e+02
8.500000000000000000e+01,1.335379591836734789e+02
8.500000000000000000e+01,1.335611791383219895e+02
8.500000000000000000e+01,1.335843990929705001e+02
8.500000000000000000e+01,1.336076190476190391e+02
8.500000000000000000e+01,1.336308390022675781e+02
8.500000000000000000e+01,1.336540589569160886e+02
8.500000000000000000e+01,1.336772789115645992e+02
8.500000000000000000e+01,1.337004988662131382e+02
8.500000000000000000e+01,1.337237188208616772e+02
8.500000000000000000e+01,1.337469387755101877e+02
8.500000000000000000e+01,1.337701587301587267e+02
8.500000000000000000e+01,1.337933786848072373e+02
8.500000000000000000e+01,1.338165986394557763e+02
8.500000000000000000e+01,1.338398185941042868e+02
8.500000000000000000e+01,1.338630385487528258e+02
8.500000000000000000e+01,1.338862585034013364e+02
8.500000000000000000e+01,1.339094784580498469e+02
8.500000000000000000e+01,1.339326984126984144e+02
8.500000000000000000e+01,1.339559183673469249e+02
8.500000000000000000e+01,1.339791383219954639e+02
8.500000000000000000e+01,1.340023582766439745e+02
8.500000000000000000e+01,1.340255782312924850e+02
8.500000000000000000e+01,1.340487981859410240e+02
8.500000000000000000e+01,1.340720181405895346e+02
8.500000000000000000e+01,1.340952380952381020e+02
8.500000000000000000e+01,1.341184580498866126e+02
8.500000000000000000e+01,1.341416780045351516e+02
8.500000000000000000e+01,1.341648979591836621e+02
8.500000000000000000e+01,1.341881179138321727e+02
8.500000000000000000e+01,1.342113378684807117e+02
8.500000000000000000e+01,1.342345578231292222e+02
8.500000000000000000e+01,1.342577777777777612e+02
8.500000000000000000e+01,1.342809977324263002e+02
8.500000000000000000e+01,1.343042176870748392e+02
8.500000000000000000e+01,1.343274376417233498e+02
8.500000000000000000e+01,1.343506575963718603e+02
8.500000000000000000e+01,1.343738775510203993e+02
8.500000000000000000e+01,1.343970975056689099e+02
8.500000000000000000e+01,1.344203174603174489e+02
8.500000000000000000e+01,1.344435374149659879e+02
8.500000000000000000e+01,1.344667573696144984e+02
8.500000000000000000e+01,1.344899773242630374e+02
8.500000000000000000e+01,1.345131972789115480e+02
8.500000000000000000e+01,1.345364172335600870e+02
8.500000000000000000e+01,1.345596371882085975e+02
8.500000000000000000e+01,1.345828571428571365e+02
8.500000000000000000e+01,1.346060770975056755e+02
8.500000000000000000e+01,1.346292970521541861e+02
8.500000000000000000e+01,1.346525170068027251e+02
8.500000000000000000e+01,1.346757369614512356e+02
8.500000000000000000e+01,1.346989569160997462e+02
8.500000000000000000e+01,1.347221768707482852e+02
8.500000000000000000e+01,1.347453968253968242e+02
8.500000000000000000e+01,1.347686167800453347e+02
8.500000000000000000e+01,1.347918367346938737e+02
8.500000000000000000e+01,1.348150566893423843e+02
8.500000000000000000e+01,1.348382766439909233e+02
8.500000000000000000e+01,1.348614965986394623e+02
8.500000000000000000e+01,1.348847165532879728e+02
8.500000000000000000e+01,1.349079365079364834e+02
8.500000000000000000e+01,1.349311564625850224e+02
8.500000000000000000e+01,1.349543764172335329e+02
8.500000000000000000e+01,1.349775963718820435e+02
8.500000000000000000e+01,1.350008163265306109e+02
8.500000000000000000e+01,1.350240362811791215e+02
8.500000000000000000e+01,1.350472562358276605e+02
8.500000000000000000e+01,1.350704761904761710e+02
8.500000000000000000e+01,1.350936961451247100e+02
8.500000000000000000e+01,1.351169160997732206e+02
8.500000000000000000e+01,1.351401360544217312e+02
8.500000000000000000e+01,1.351633560090702986e+02
8.500000000000000000e+01,1.351865759637188091e+02
8.500000000000000000e+01,1.352097959183673481e+02
8.500000000000000000e+01,1.352330158730158587e+02
8.500000000000000000e+01,1.352562358276643693e+02
8.500000000000000000e+01,1.352794557823129082e+02
8.500000000000000000e+01,1.353026757369614188e+02
8.500000000000000000e+01,1.353258956916099862e+02
8.500000000000000000e+01,1.353491156462584968e+02
8.500000000000000000e+01,1.353723356009070358e+02
8.500000000000000000e+01,1.353955555555555463e+02
8.500000000000000000e+01,1.354187755102040569e+02
8.500000000000000000e+01,1.354419954648525959e+02
8.500000000000000000e+01,1.354652154195011065e+02
8.500000000000000000e+01,1.354884353741496454e+02
8.500000000000000000e+01,1.355116553287981844e+02
8.500000000000000000e+01,1.355348752834466950e+02
8.500000000000000000e+01,1.355580952380952340e+02
8.500000000000000000e+01,1.355813151927437445e+02
8.500000000000000000e+01,1.356045351473922835e+02
8.500000000000000000e+01,1.356277551020407941e+02
8.500000000000000000e+01,1.356509750566893331e+02
8.500000000000000000e+01,1.356741950113378721e+02
8.500000000000000000e+01,1.356974149659863826e+02
8.500000000000000000e+01,1.357206349206349216e+02
8.500000000000000000e+01,1.357438548752834322e+02
8.500000000000000000e+01,1.357670748299319712e+02
8.500000000000000000e+01,1.357902947845804817e+02
8.500000000000000000e+01,1.358135147392290207e+02
8.500000000000000000e+01,1.358367346938775597e+02
8.500000000000000000e+01,1.358599546485260703e+02
8.500000000000000000e+01,1.358831746031746093e+02
8.500000000000000000e+01,1.359063945578231198e+02
8.500000000000000000e+01,1.359296145124716304e+02
8.500000000000000000e+01,1.359528344671201694e+02
8.500000000000000000e+01,1.359760544217687084e+02
8.500000000000000000e+01,1.359992743764172189e+02
8.500000000000000000e+01,1.360224943310657579e+02
8.500000000000000000e+01,1.360457142857142685e+02
8.500000000000000000e+01,1.360689342403628075e+02
8.500000000000000000e+01,1.360921541950113465e+02
8.500000000000000000e+01,1.361153741496598570e+02
8.500000000000000000e+01,1.361385941043083676e+02
8.502500000000000568e+01,1.361618140589569066e+02
8.505000000000001137e+01,1.361850340136054172e+02
8.507500000000000284e+01,1.362082539682539277e+02
8.510000000000000853e+01,1.362314739229024951e+02
8.512500000000000000e+01,1.362546938775510057e+02
8.515000000000000568e+01,1.362779138321995447e+02
8.517500000000001137e+01,1.363011337868480553e+02
8.520000000000000284e+01,1.363243537414965942e+02
8.522500000000000853e+01,1.363475736961451048e+02
8.525000000000000000e+01,1.363707936507936154e+02
8.527500000000000568e+01,1.363940136054421828e+02
8.530000000000001137e+01,1.364172335600906933e+02
8.532500000000000284e+01,1.364404535147392323e+02
8.535000000000000853e+01,1.364636734693877429e+02
8.537500000000000000e+01,1.364868934240362535e+02
8.540000000000000568e+01,1.365101133786847925e+02
8.542500000000001137e+01,1.365333333333333030e+02
8.545000000000000284e+01,1.365565532879818704e+02
8.547500000000000853e+01,1.365797732426303810e+02
8.550000000000000000e+01,1.366029931972789200e+02
8.552500000000000568e+01,1.366262131519274305e+02
8.555000000000001137e+01,1.366494331065759411e+02
8.557500000000000284e+01,1.366726530612244801e+02
8.560000000000000853e+01,1.366958730158729907e+02
8.562500000000000000e+01,1.367190929705215297e+02
8.565000000000000568e+01,1.367423129251700686e+02
8.567500000000001137e+01,1.367655328798185792e+02
8.570000000000000284e+01,1.367887528344671182e+02
8.572500000000000853e+01,1.368119727891156288e+02
8.575000000000000000e+01,1.368351927437641677e+02
8.577500000000000568e+01,1.368584126984126783e+02
8.580000000000001137e+01,1.368816326530612173e+02
8.582500000000000284e+01,1.369048526077097563e+02
8.585000000000000853e+01,1.369280725623582669e+02
8.587500000000000000e+01,1.369512925170068058e+02
8.590000000000000568e+01,1.369745124716553164e+02
8.592500000000001137e+01,1.369977324263038554e+02
8.595000000000000284e+01,1.370209523809523660e+02
8.597500000000000853e+01,1.370441723356009049e+02
8.600000000000000000e+01,1.370673922902494439e+02
8.600000000000000000e+01,1.370906122448979545e+02
8.600000000000000000e+01,1.371138321995464651e+02
8.602500000000000568e+01,1.371370521541950041e+02
8.605000000000001137e+01,1.371602721088435146e+02
8.607500000000000284e+01,1.371834920634920536e+02
8.610000000000000853e+01,1.372067120181405642e+02
8.612500000000000000e+01,1.372299319727891032e+02
8.615000000000000568e+01,1.372531519274376421e+02
8.617500000000001137e+01,1.372763718820861527e+02
8.620000000000000284e+01,1.372995918367346917e+02
8.622500000000000853e+01,1.373228117913832023e+02
8.625000000000000000e+01,1.373460317460317412e+02
8.627500000000000568e+01,1.373692517006802518e+02
8.630000000000001137e+01,1.373924716553287908e+02
8.632500000000000284e+01,1.374156916099773014e+02
8.635000000000000853e+01,1.374389115646258119e+02
8.637500000000000000e+01,1.374621315192743793e+02
8.640000000000000568e+01,1.374853514739228899e+02
8.642500000000001137e+01,1.375085714285714289e+02
8.645000000000000284e+01,1.375317913832199395e+02
8.647500000000000853e+01,1.375550113378684500e+02
8.650000000000000000e+01,1.375782312925169890e+02
8.652500000000000568e+01,1.376014512471654996e+02
8.655000000000001137e+01,1.376246712018140670e+02
8.657500000000000284e+01,1.376478911564625776e+02
8.660000000000000853e+01,1.376711111111111165e+02
8.662500000000000000e+01,1.376943310657596271e+02
8.665000000000000568e+01,1.377175510204081377e+02
8.667500000000001137e+01,1.377407709750566767e+02
8.670000000000000284e+01,1.377639909297051872e+02
8.672500000000000853e+01,1.377872108843537262e+02
8.675000000000000000e+01,1.378104308390022652e+02
8.677500000000000568e+01,1.378336507936508042e+02
8.680000000000001137e+01,1.378568707482993148e+02
8.682500000000000284e+01,1.378800907029478253e+02
8.685000000000000853e+01,1.379033106575963643e+02
8.687500000000000000e+01,1.379265306122448749e+02
8.690000000000000568e+01,1.379497505668934139e+02
8.692500000000001137e+01,1.379703905265810135e+02
8.695000000000000284e+01,1.379884504913076171e+02
8.697500000000000853e+01,1.380039304610733097e+02
8.700000000000000000e+01,1.380168304358780347e+02
