score_time,audio_time
0.000000000000000000e+00,9.004182413706223187e-01
2.500000000000000139e-02,9.158982111363063172e-01
5.000000000000000278e-02,9.365381708238851299e-01
7.500000000000001110e-02,9.571781305114639427e-01
1.000000000000000056e-01,9.829780801209373475e-01
1.250000000000000000e-01,1.008778029730410752e+00
1.500000000000000222e-01,1.034577979339884157e+00
1.750000000000000167e-01,1.055217939027462748e+00
2.000000000000000111e-01,1.081017888636936153e+00
2.250000000000000056e-01,1.101657848324514966e+00
2.500000000000000000e-01,1.127457797933988370e+00
2.750000000000000222e-01,1.148097757621566961e+00
3.000000000000000444e-01,1.173897707231040366e+00
3.250000000000000111e-01,1.194537666918619179e+00
3.500000000000000333e-01,1.220337616528092584e+00
3.750000000000000000e-01,1.240977576215671396e+00
4.000000000000000222e-01,1.266777525825144801e+00
4.250000000000000444e-01,1.287417485512723614e+00
4.500000000000000111e-01,1.313217435122197019e+00
4.750000000000000333e-01,1.333857394809775831e+00
5.000000000000000000e-01,1.359657344419249236e+00
5.250000000000000222e-01,1.380297304106827827e+00
5.500000000000000444e-01,1.406097253716301232e+00
5.750000000000000666e-01,1.426737213403879823e+00
6.000000000000000888e-01,1.452537163013353450e+00
6.250000000000000000e-01,1.473177122700932262e+00
6.500000000000000222e-01,1.498977072310405445e+00
6.750000000000000444e-01,1.519617031997984258e+00
7.000000000000000666e-01,1.545416981607457663e+00
7.250000000000000888e-01,1.566056941295036475e+00
7.500000000000000000e-01,1.591856890904509880e+00
7.750000000000000222e-01,1.612496850592088693e+00
8.000000000000000444e-01,1.638296800201561876e+00
8.250000000000000666e-01,1.658936759889140689e+00
8.500000000000000888e-01,1.684736709498614537e+00
8.750000000000000000e-01,1.710536659108087498e+00
9.000000000000000222e-01,1.751816578483245124e+00
9.250000000000000444e-01,1.793096497858402749e+00
9.500000000000000666e-01,1.839536407155454967e+00
9.750000000000000888e-01,1.880816326530612148e+00
1.000000000000000000e+00,1.927256235827664144e+00
1.025000000000000133e+00,1.968536155202821991e+00
1.050000000000000044e+00,2.014976064499873765e+00
1.074999999999999956e+00,2.056255983875031390e+00
1.100000000000000089e+00,2.097535903250188571e+00
1.125000000000000000e+00,2.123335852859661976e+00
1.150000000000000133e+00,2.149135802469135381e+00
1.175000000000000044e+00,2.169775762156714638e+00
1.200000000000000178e+00,2.195575711766187599e+00
1.225000000000000089e+00,2.216215671453766412e+00
1.250000000000000000e+00,2.242015621063239816e+00
1.275000000000000133e+00,2.262655580750818185e+00
1.300000000000000044e+00,2.288455530360292478e+00
1.325000000000000178e+00,2.309095490047871291e+00
1.350000000000000089e+00,2.334895439657344696e+00
1.375000000000000000e+00,2.360695389266817656e+00
1.400000000000000133e+00,2.407135298563870318e+00
1.425000000000000044e+00,2.461315192743763980e+00
1.450000000000000178e+00,2.518075081884605382e+00
1.475000000000000089e+00,2.572254976064499932e+00
1.500000000000000000e+00,2.629014865205341778e+00
1.525000000000000133e+00,2.683194759385235884e+00
1.550000000000000044e+00,2.739954648526077285e+00
1.575000000000000178e+00,2.794134542705971391e+00
1.600000000000000089e+00,2.845734441924917757e+00
1.625000000000000000e+00,2.879274376417233494e+00
1.650000000000000133e+00,2.902494331065759603e+00
1.675000000000000044e+00,2.925714285714285268e+00
1.700000000000000178e+00,2.948934240362811821e+00
1.725000000000000089e+00,2.972154195011337485e+00
1.750000000000000000e+00,2.995374149659864038e+00
1.775000000000000133e+00,3.018594104308390147e+00
1.800000000000000044e+00,3.041814058956916256e+00
1.825000000000000178e+00,3.065034013605441920e+00
1.850000000000000089e+00,3.088253968253968029e+00
1.875000000000000000e+00,3.121793902746283766e+00
1.900000000000000133e+00,3.186293776769967501e+00
1.925000000000000044e+00,3.274013605442176900e+00
1.950000000000000178e+00,3.359153439153439002e+00
1.975000000000000089e+00,3.446873267825648401e+00
2.000000000000000000e+00,3.532013101536910948e+00
2.024999999999999911e+00,3.619732930209119903e+00
2.050000000000000266e+00,3.704872763920382450e+00
2.075000000000000178e+00,3.792592592592591849e+00
2.100000000000000089e+00,3.867412446460065212e+00
2.125000000000000000e+00,3.913852355757117429e+00
2.149999999999999911e+00,3.934492315444696686e+00
2.175000000000000266e+00,3.960292265054169647e+00
2.200000000000000178e+00,3.980932224741748460e+00
2.225000000000000089e+00,4.006732174351221865e+00
2.250000000000000000e+00,4.027372134038800233e+00
2.274999999999999911e+00,4.053172083648274082e+00
2.300000000000000266e+00,4.073812043335852451e+00
2.325000000000000178e+00,4.099611992945325412e+00
2.350000000000000089e+00,4.120251952632904668e+00
2.375000000000000000e+00,4.146051902242377629e+00
2.400000000000000355e+00,4.166691861929956886e+00
2.425000000000000266e+00,4.192491811539430735e+00
2.450000000000000178e+00,4.213131771227009104e+00
2.475000000000000089e+00,4.238931720836482953e+00
2.500000000000000000e+00,4.259571680524061321e+00
2.525000000000000355e+00,4.285371630133534282e+00
2.550000000000000266e+00,4.306011589821113539e+00
2.575000000000000178e+00,4.331811539430587388e+00
2.600000000000000089e+00,4.352451499118165756e+00
2.625000000000000000e+00,4.378251448727639605e+00
2.650000000000000355e+00,4.398891408415217974e+00
2.675000000000000266e+00,4.424691358024691823e+00
2.700000000000000178e+00,4.445331317712270192e+00
2.725000000000000089e+00,4.471131267321744041e+00
2.750000000000000000e+00,4.491771227009322409e+00
2.775000000000000355e+00,4.517571176618795370e+00
2.800000000000000266e+00,4.538211136306373739e+00
2.825000000000000178e+00,4.564011085915846699e+00
2.850000000000000089e+00,4.584651045603425068e+00
2.875000000000000000e+00,4.631090954900478174e+00
2.900000000000000355e+00,4.744610733182160978e+00
2.925000000000000266e+00,4.909730410682790591e+00
2.950000000000000178e+00,5.072270093222472909e+00
2.975000000000000089e+00,5.237389770723102522e+00
3.000000000000000000e+00,5.399929453262784840e+00
3.025000000000000355e+00,5.565049130763414453e+00
3.050000000000000266e+00,5.727588813303098547e+00
3.075000000000000178e+00,5.892708490803728161e+00
3.100000000000000089e+00,6.034608213655832110e+00
3.125000000000000000e+00,6.106848072562359064e+00
3.150000000000000355e+00,6.130068027210884729e+00
3.175000000000000266e+00,6.153287981859410394e+00
3.200000000000000178e+00,6.176507936507936058e+00
3.225000000000000089e+00,6.199727891156462611e+00
3.250000000000000000e+00,6.222947845804988276e+00
3.275000000000000355e+00,6.246167800453514829e+00
3.300000000000000266e+00,6.269387755102040494e+00
3.325000000000000178e+00,6.292607709750566158e+00
3.350000000000000089e+00,6.315827664399092711e+00
3.375000000000000000e+00,6.339047619047618376e+00
3.400000000000000355e+00,6.362267573696144041e+00
3.425000000000000266e+00,6.385487528344669705e+00
3.450000000000000178e+00,6.408707482993195370e+00
3.475000000000000089e+00,6.431927437641721923e+00
3.500000000000000000e+00,6.455147392290248476e+00
3.525000000000000355e+00,6.478367346938775029e+00
3.550000000000000266e+00,6.501587301587302470e+00
3.575000000000000178e+00,6.524807256235829023e+00
3.600000000000000089e+00,6.548027210884354687e+00
3.625000000000000000e+00,6.571247165532880352e+00
3.650000000000000355e+00,6.594467120181406017e+00
3.675000000000000266e+00,6.617687074829931682e+00
3.700000000000000178e+00,6.640907029478458234e+00
3.725000000000000089e+00,6.664126984126983899e+00
3.750000000000000000e+00,6.687346938775510452e+00
3.775000000000000355e+00,6.710566893424036117e+00
3.800000000000000266e+00,6.733786848072561781e+00
3.825000000000000178e+00,6.757006802721087446e+00
3.850000000000000089e+00,6.780226757369613999e+00
3.875000000000000000e+00,6.852466616276139177e+00
3.900000000000000355e+00,6.976306374401611166e+00
3.925000000000000266e+00,7.102726127488030450e+00
3.950000000000000178e+00,7.229145880574449734e+00
3.975000000000000089e+00,7.355565633660869906e+00
4.000000000000000000e+00,7.481985386747290079e+00
4.025000000000000355e+00,7.608405139833711139e+00
4.049999999999999822e+00,7.734824892920131312e+00
4.075000000000000178e+00,7.861244646006551484e+00
4.100000000000000533e+00,7.938644494834971255e+00
4.125000000000000000e+00,7.964444444444445104e+00
4.150000000000000355e+00,7.987664399092970768e+00
4.174999999999999822e+00,8.010884353741495545e+00
4.200000000000000178e+00,8.034104308390023874e+00
4.225000000000000533e+00,8.057324263038548651e+00
4.250000000000000000e+00,8.080544217687075204e+00
4.275000000000000355e+00,8.103764172335599980e+00
4.299999999999999822e+00,8.126984126984126533e+00
4.325000000000000178e+00,8.150204081632653086e+00
4.350000000000000533e+00,8.173424036281177862e+00
4.375000000000000000e+00,8.196643990929704415e+00
4.400000000000000355e+00,8.219863945578229192e+00
4.424999999999999822e+00,8.243083900226755745e+00
4.450000000000000178e+00,8.266303854875282298e+00
4.475000000000000533e+00,8.289523809523808850e+00
4.500000000000000000e+00,8.312743764172335403e+00
4.525000000000000355e+00,8.335963718820861956e+00
4.549999999999999822e+00,8.359183673469388509e+00
4.575000000000000178e+00,8.382403628117915062e+00
4.600000000000000533e+00,8.405623582766439839e+00
4.625000000000000000e+00,8.428843537414966391e+00
4.650000000000000355e+00,8.452063492063491168e+00
4.674999999999999822e+00,8.475283446712019497e+00
4.700000000000000178e+00,8.498503401360544274e+00
4.725000000000000533e+00,8.521723356009070827e+00
4.750000000000000000e+00,8.544943310657595603e+00
4.775000000000000355e+00,8.568163265306122156e+00
4.800000000000000711e+00,8.591383219954648709e+00
4.825000000000000178e+00,8.614603174603173485e+00
4.850000000000000533e+00,8.637823129251700038e+00
4.875000000000000000e+00,8.663623078861172999e+00
4.900000000000000355e+00,8.694583018392540552e+00
4.925000000000000711e+00,8.733282942806750881e+00
4.950000000000000178e+00,8.769402872260014803e+00
4.975000000000000533e+00,8.808102796674225132e+00
5.000000000000000000e+00,8.844222726127487277e+00
5.025000000000000355e+00,8.882922650541697607e+00
5.050000000000000711e+00,8.919042579994961528e+00
5.075000000000000178e+00,8.957742504409171858e+00
5.100000000000000533e+00,8.991282438901485818e+00
5.125000000000000000e+00,9.022242378432855148e+00
5.150000000000000355e+00,9.042882338120433516e+00
5.175000000000000711e+00,9.068682287729906477e+00
5.200000000000000178e+00,9.089322247417484846e+00
5.225000000000000533e+00,9.115122197026959583e+00
5.250000000000000000e+00,9.135762156714537952e+00
5.275000000000000355e+00,9.161562106324012689e+00
5.300000000000000711e+00,9.182202066011592834e+00
5.325000000000000178e+00,9.208002015621065794e+00
5.350000000000000533e+00,9.228641975308644163e+00
5.375000000000000000e+00,9.259601914840011716e+00
5.400000000000000355e+00,9.295721844293273861e+00
5.425000000000000711e+00,9.337001763668432375e+00
5.450000000000000178e+00,9.375701688082642704e+00
5.475000000000000533e+00,9.416981607457797665e+00
5.500000000000000000e+00,9.455681531872007994e+00
5.525000000000000355e+00,9.496961451247166508e+00
5.550000000000000711e+00,9.535661375661376837e+00
5.575000000000000178e+00,9.576941295036533575e+00
5.600000000000000533e+00,9.610481229528849312e+00
5.625000000000000000e+00,9.636281179138322273e+00
5.650000000000000355e+00,9.659501133786848825e+00
5.675000000000000711e+00,9.682721088435373602e+00
5.700000000000000178e+00,9.705941043083900155e+00
5.725000000000000533e+00,9.729160997732424931e+00
5.750000000000000000e+00,9.752380952380953261e+00
5.775000000000000355e+00,9.775600907029478037e+00
5.800000000000000711e+00,9.798820861678006366e+00
5.825000000000000178e+00,9.822040816326531143e+00
5.850000000000000533e+00,9.845260770975057696e+00
5.875000000000000000e+00,9.873640715545478841e+00
5.900000000000000355e+00,9.927820609725371170e+00
5.925000000000000711e+00,1.000780045351473824e+01
5.950000000000000178e+00,1.008520030234315890e+01
5.975000000000000533e+00,1.016518014613252596e+01
6.000000000000000000e+00,1.024257999496094662e+01
6.025000000000000355e+00,1.032255983875031369e+01
6.050000000000000711e+00,1.039995968757873257e+01
6.075000000000000178e+00,1.047993953136809964e+01
6.100000000000000533e+00,1.055217939027462570e+01
6.125000000000000000e+00,1.060119929453262522e+01
6.150000000000000355e+00,1.062183925422020359e+01
6.175000000000000711e+00,1.064763920382967655e+01
6.200000000000000178e+00,1.066827916351725669e+01
6.225000000000000533e+00,1.069407911312672965e+01
6.250000000000000000e+00,1.071471907281430802e+01
6.275000000000000355e+00,1.074051902242378631e+01
6.300000000000000711e+00,1.076115898211136468e+01
6.325000000000000178e+00,1.078695893172083764e+01
6.350000000000000533e+00,1.080759889140841601e+01
6.375000000000000000e+00,1.083339884101789075e+01
6.400000000000000355e+00,1.085403880070546911e+01
6.425000000000000711e+00,1.087983875031494208e+01
6.450000000000000178e+00,1.090047871000252044e+01
6.475000000000000533e+00,1.092627865961199340e+01
6.500000000000000000e+00,1.094691861929957177e+01
6.525000000000000355e+00,1.097271856890904651e+01
6.550000000000000711e+00,1.099335852859662666e+01
6.575000000000000178e+00,1.101915847820609962e+01
6.600000000000000533e+00,1.103979843789367798e+01
6.625000000000000000e+00,1.106559838750315095e+01
6.650000000000000355e+00,1.108623834719072931e+01
6.675000000000000711e+00,1.111203829680020227e+01
6.700000000000000178e+00,1.113267825648778242e+01
6.725000000000000533e+00,1.115847820609725538e+01
6.750000000000000000e+00,1.117911816578483197e+01
6.775000000000000355e+00,1.120491811539430671e+01
6.800000000000000711e+00,1.122555807508188508e+01
6.825000000000000178e+00,1.125135802469135804e+01
6.850000000000000533e+00,1.127199798437893641e+01
6.875000000000000000e+00,1.129779793398840937e+01
6.900000000000000355e+00,1.131843789367598774e+01
6.925000000000000711e+00,1.134423784328546070e+01
6.950000000000000178e+00,1.136487780297303907e+01
6.975000000000000533e+00,1.139067775258251380e+01
7.000000000000000000e+00,1.141131771227009217e+01
7.025000000000000355e+00,1.143711766187956513e+01
7.050000000000000711e+00,1.145775762156714350e+01
7.075000000000000178e+00,1.148355757117661646e+01
7.100000000000000533e+00,1.150419753086419483e+01
7.125000000000000000e+00,1.152999748047366779e+01
7.150000000000000355e+00,1.155063744016124794e+01
7.175000000000000711e+00,1.157643738977072090e+01
7.200000000000000178e+00,1.159707734945829927e+01
7.225000000000000533e+00,1.162287729906777756e+01
7.250000000000000000e+00,1.164351725875535593e+01
7.275000000000000355e+00,1.166931720836482889e+01
7.300000000000000711e+00,1.168995716805240725e+01
7.325000000000000178e+00,1.171575711766188199e+01
7.350000000000000533e+00,1.173639707734946036e+01
7.375000000000000000e+00,1.176219702695893332e+01
7.400000000000000355e+00,1.178283698664651169e+01
7.425000000000000711e+00,1.180863693625598465e+01
7.450000000000000178e+00,1.182927689594356302e+01
7.475000000000000533e+00,1.185507684555303776e+01
7.500000000000000000e+00,1.187571680524061790e+01
7.525000000000000355e+00,1.190151675485009086e+01
7.550000000000000711e+00,1.192215671453766923e+01
7.575000000000000178e+00,1.194795666414714219e+01
7.600000000000000533e+00,1.196859662383472056e+01
7.625000000000000000e+00,1.199439657344419352e+01
7.650000000000000355e+00,1.201503653313177189e+01
7.675000000000000711e+00,1.204083648274124485e+01
7.700000000000000178e+00,1.206147644242882322e+01
7.725000000000000533e+00,1.208727639203829796e+01
7.750000000000000000e+00,1.210791635172587455e+01
7.775000000000000355e+00,1.213371630133534929e+01
7.800000000000000711e+00,1.215435626102292765e+01
7.825000000000000178e+00,1.218015621063240062e+01
7.850000000000000533e+00,1.220079617031997898e+01
7.875000000000000000e+00,1.224981607457797850e+01
7.900000000000000355e+00,1.234269589317208293e+01
7.925000000000000711e+00,1.246137566137566211e+01
7.950000000000000178e+00,1.257747543461829132e+01
7.975000000000000533e+00,1.269615520282186871e+01
8.000000000000000000e+00,1.281225497606450148e+01
8.025000000000000355e+00,1.293093474426807710e+01
8.050000000000000711e+00,1.304703451751070808e+01
8.075000000000001066e+00,1.316571428571428548e+01
8.099999999999999645e+00,1.325859410430838992e+01
8.125000000000000000e+00,1.330503401360544125e+01
8.150000000000000355e+00,1.332825396825396780e+01
8.175000000000000711e+00,1.335147392290249257e+01
8.200000000000001066e+00,1.337469387755101913e+01
8.224999999999999645e+00,1.339791383219954568e+01
8.250000000000000000e+00,1.342113378684807401e+01
8.275000000000000355e+00,1.344435374149659879e+01
8.300000000000000711e+00,1.346757369614512534e+01
8.325000000000001066e+00,1.349079365079365012e+01
8.349999999999999645e+00,1.351401360544217845e+01
8.375000000000000000e+00,1.353723356009070500e+01
8.400000000000000355e+00,1.356045351473922977e+01
8.425000000000000711e+00,1.358367346938775633e+01
8.450000000000001066e+00,1.360689342403628110e+01
8.474999999999999645e+00,1.363011337868480766e+01
8.500000000000000000e+00,1.365333333333333243e+01
8.525000000000000355e+00,1.367655328798185899e+01
8.550000000000000711e+00,1.369977324263038554e+01
8.575000000000001066e+00,1.372299319727891032e+01
8.599999999999999645e+00,1.374621315192743687e+01
8.625000000000000000e+00,1.376943310657596342e+01
8.650000000000000355e+00,1.379265306122448820e+01
8.675000000000000711e+00,1.381587301587301475e+01
8.700000000000001066e+00,1.383909297052154130e+01
8.724999999999999645e+00,1.386231292517006963e+01
8.750000000000000000e+00,1.388553287981859441e+01
8.775000000000000355e+00,1.390875283446712096e+01
8.800000000000000711e+00,1.393197278911564574e+01
8.825000000000001066e+00,1.395519274376417229e+01
8.849999999999999645e+00,1.397841269841269884e+01
8.875000000000000000e+00,1.402485260770975195e+01
8.900000000000000355e+00,1.409451247165532806e+01
8.925000000000000711e+00,1.416417233560090772e+01
8.950000000000001066e+00,1.423383219954648382e+01
8.974999999999999645e+00,1.430349206349206348e+01
9.000000000000000000e+00,1.437315192743764136e+01
9.025000000000000355e+00,1.444281179138321924e+01
9.050000000000000711e+00,1.451247165532879713e+01
9.075000000000001066e+00,1.458213151927437501e+01
9.099999999999999645e+00,1.462857142857142811e+01
9.125000000000000000e+00,1.465179138321995467e+01
9.150000000000000355e+00,1.467501133786847944e+01
9.175000000000000711e+00,1.469823129251700600e+01
9.200000000000001066e+00,1.472145124716553077e+01
9.224999999999999645e+00,1.474467120181405733e+01
9.250000000000000000e+00,1.476789115646258566e+01
9.275000000000000355e+00,1.479111111111111221e+01
9.300000000000000711e+00,1.481433106575963521e+01
9.325000000000001066e+00,1.483755102040815999e+01
9.349999999999999645e+00,1.486077097505669009e+01
9.375000000000000000e+00,1.488399092970521664e+01
9.400000000000000355e+00,1.491237087427563601e+01
9.425000000000000711e+00,1.494591080876795175e+01
9.450000000000001066e+00,1.497945074326026749e+01
9.474999999999999645e+00,1.501299067775258145e+01
9.500000000000000000e+00,1.504653061224489718e+01
9.525000000000000355e+00,1.508007054673721115e+01
9.550000000000000711e+00,1.511361048122952866e+01
9.575000000000001066e+00,1.514715041572184262e+01
9.600000000000001421e+00,1.518069035021415836e+01
9.625000000000000000e+00,1.520907029478457773e+01
9.650000000000000355e+00,1.523229024943310783e+01
9.675000000000000711e+00,1.525551020408163083e+01
9.700000000000001066e+00,1.527873015873015561e+01
9.725000000000001421e+00,1.530195011337868571e+01
9.750000000000000000e+00,1.532517006802721227e+01
9.775000000000000355e+00,1.534839002267573704e+01
9.800000000000000711e+00,1.537160997732426360e+01
9.825000000000001066e+00,1.539482993197279015e+01
9.850000000000001421e+00,1.541804988662131493e+01
9.875000000000000000e+00,1.544642983119173607e+01
9.900000000000000355e+00,1.548254976064499822e+01
9.925000000000000711e+00,1.551608969513731395e+01
9.950000000000001066e+00,1.555220962459057787e+01
9.975000000000001421e+00,1.558574955908289184e+01
1.000000000000000000e+01,1.562186948853615576e+01
1.002500000000000036e+01,1.565540942302847149e+01
1.005000000000000071e+01,1.569152935248173364e+01
1.007500000000000107e+01,1.572506928697404938e+01
1.010000000000000142e+01,1.575602922650541693e+01
1.012500000000000000e+01,1.577666918619299530e+01
1.015000000000000036e+01,1.580246913580246826e+01
1.017500000000000071e+01,1.582310909549004663e+01
1.020000000000000107e+01,1.584890904509951959e+01
1.022500000000000142e+01,1.586954900478709796e+01
1.025000000000000000e+01,1.589534895439657092e+01
1.027500000000000036e+01,1.591598891408414929e+01
1.030000000000000071e+01,1.594178886369362225e+01
1.032500000000000107e+01,1.596242882338120062e+01
1.035000000000000142e+01,1.598822877299067535e+01
1.037500000000000000e+01,1.600886873267825550e+01
1.040000000000000036e+01,1.605014865205341223e+01
1.042500000000000071e+01,1.610174855127235816e+01
1.045000000000000107e+01,1.615592844545225404e+01
1.047500000000000142e+01,1.620752834467120351e+01
1.050000000000000000e+01,1.626170823885109584e+01
1.052500000000000036e+01,1.631330813807004176e+01
1.055000000000000071e+01,1.636748803224993765e+01
1.057500000000000107e+01,1.641908793146888357e+01
1.060000000000000142e+01,1.647326782564877590e+01
1.062500000000000000e+01,1.650938775510203982e+01
1.065000000000000036e+01,1.653260770975056460e+01
1.067500000000000071e+01,1.655582766439908937e+01
1.070000000000000107e+01,1.657904761904761770e+01
1.072500000000000142e+01,1.660226757369614248e+01
1.075000000000000000e+01,1.662548752834467081e+01
1.077500000000000036e+01,1.664870748299319558e+01
1.080000000000000071e+01,1.667192743764172391e+01
1.082500000000000107e+01,1.669514739229024869e+01
1.085000000000000142e+01,1.671836734693877347e+01
1.087500000000000000e+01,1.674158730158730179e+01
1.090000000000000036e+01,1.676480725623582657e+01
1.092500000000000071e+01,1.678802721088435490e+01
1.095000000000000107e+01,1.681124716553287968e+01
1.097500000000000142e+01,1.683446712018140445e+01
1.100000000000000000e+01,1.685768707482992923e+01
1.102500000000000036e+01,1.688090702947845756e+01
1.105000000000000071e+01,1.690412698412698234e+01
1.107500000000000107e+01,1.692734693877551067e+01
1.110000000000000142e+01,1.695056689342403544e+01
1.112500000000000000e+01,1.697378684807256022e+01
1.115000000000000036e+01,1.699700680272108855e+01
1.117500000000000071e+01,1.702022675736961332e+01
1.120000000000000107e+01,1.704344671201813810e+01
1.122500000000000142e+01,1.706666666666666643e+01
1.125000000000000000e+01,1.708988662131519476e+01
1.127500000000000036e+01,1.711310657596371954e+01
1.130000000000000071e+01,1.713632653061224431e+01
1.132500000000000107e+01,1.715954648526076909e+01
1.135000000000000142e+01,1.718276643990929742e+01
1.137500000000000000e+01,1.722146636432350419e+01
1.140000000000000036e+01,1.727306626354245367e+01
1.142500000000000071e+01,1.732466616276139959e+01
1.145000000000000107e+01,1.737626606198034551e+01
1.147500000000000142e+01,1.742786596119929499e+01
1.150000000000000000e+01,1.747946586041824091e+01
1.152500000000000036e+01,1.753106575963718683e+01
1.155000000000000071e+01,1.758266565885613630e+01
1.157500000000000107e+01,1.763426555807508223e+01
1.160000000000000142e+01,1.767038548752834615e+01
1.162500000000000000e+01,1.769360544217687092e+01
1.165000000000000036e+01,1.771682539682539570e+01
1.167500000000000071e+01,1.774004535147392048e+01
1.170000000000000107e+01,1.776326530612244881e+01
1.172500000000000142e+01,1.778648526077097358e+01
1.175000000000000000e+01,1.780970521541950191e+01
1.177500000000000036e+01,1.783292517006802669e+01
1.180000000000000071e+01,1.785614512471655146e+01
1.182500000000000107e+01,1.787936507936507979e+01
1.185000000000000142e+01,1.790258503401360457e+01
1.187500000000000000e+01,1.792580498866212935e+01
1.190000000000000036e+01,1.799804484756865719e+01
1.192500000000000071e+01,1.811930461073318099e+01
1.195000000000000107e+01,1.824056437389770835e+01
1.197500000000000142e+01,1.836182413706223215e+01
1.200000000000000000e+01,1.848308390022675596e+01
1.202500000000000036e+01,1.860434366339128331e+01
1.205000000000000071e+01,1.872560342655580712e+01
1.207500000000000107e+01,1.884686318972033092e+01
1.210000000000000142e+01,1.896812295288485828e+01
1.212500000000000000e+01,1.904036281179138612e+01
1.215000000000000036e+01,1.906358276643991090e+01
1.217500000000000071e+01,1.908680272108843212e+01
1.220000000000000107e+01,1.911002267573696045e+01
1.222500000000000142e+01,1.913324263038548878e+01
1.225000000000000000e+01,1.915646258503401356e+01
1.227500000000000036e+01,1.917968253968253833e+01
1.230000000000000071e+01,1.920290249433106311e+01
1.232500000000000107e+01,1.922612244897959144e+01
1.235000000000000142e+01,1.924934240362811622e+01
1.237500000000000000e+01,1.927256235827664099e+01
1.240000000000000036e+01,1.929578231292516932e+01
1.242500000000000071e+01,1.931900226757369410e+01
1.245000000000000107e+01,1.934222222222221887e+01
1.247500000000000142e+01,1.936544217687074365e+01
1.250000000000000000e+01,1.938866213151926843e+01
1.252500000000000036e+01,1.941188208616779676e+01
1.255000000000000071e+01,1.943510204081632509e+01
1.257500000000000107e+01,1.945832199546485342e+01
1.260000000000000142e+01,1.948154195011338174e+01
1.262500000000000000e+01,1.950476190476190652e+01
1.265000000000000036e+01,1.952798185941042775e+01
1.267500000000000071e+01,1.955120181405895607e+01
1.270000000000000107e+01,1.957442176870748440e+01
1.272500000000000142e+01,1.959764172335600918e+01
1.275000000000000000e+01,1.962086167800453396e+01
1.277500000000000036e+01,1.964408163265305873e+01
1.280000000000000071e+01,1.966730158730158706e+01
1.282500000000000107e+01,1.969052154195011184e+01
1.285000000000000142e+01,1.971374149659863662e+01
1.287500000000000000e+01,1.973696145124716139e+01
1.290000000000000036e+01,1.976018140589568972e+01
1.292500000000000071e+01,1.978340136054421450e+01
1.295000000000000107e+01,1.980662131519273927e+01
1.297500000000000142e+01,1.982984126984126760e+01
1.300000000000000000e+01,1.985306122448979238e+01
1.302500000000000036e+01,1.987628117913832071e+01
1.305000000000000071e+01,1.989950113378684904e+01
1.307500000000000107e+01,1.992272108843537737e+01
1.310000000000000142e+01,1.994594104308390214e+01
1.312500000000000000e+01,1.996916099773242337e+01
1.315000000000000036e+01,1.999238095238095170e+01
1.317500000000000071e+01,2.001560090702948003e+01
1.320000000000000107e+01,2.003882086167800480e+01
1.322500000000000142e+01,2.006204081632652958e+01
1.325000000000000000e+01,2.008526077097505436e+01
1.327500000000000036e+01,2.010848072562358269e+01
1.330000000000000071e+01,2.013170068027210746e+01
1.332500000000000107e+01,2.015492063492063224e+01
1.335000000000000142e+01,2.017814058956916057e+01
1.337500000000000000e+01,2.025038044847568486e+01
1.340000000000000036e+01,2.037164021164020866e+01
1.342500000000000071e+01,2.049289997480473247e+01
1.345000000000000107e+01,2.061415973796925982e+01
1.347500000000000142e+01,2.073541950113378718e+01
1.350000000000000000e+01,2.085667926429830743e+01
1.352500000000000036e+01,2.097793902746283123e+01
1.355000000000000071e+01,2.109919879062736214e+01
1.357500000000000107e+01,2.122045855379188950e+01
1.360000000000000142e+01,2.129269841269841379e+01
1.362500000000000000e+01,2.131591836734693501e+01
1.365000000000000036e+01,2.133913832199546690e+01
1.367500000000000071e+01,2.136235827664399167e+01
1.370000000000000107e+01,2.138557823129251645e+01
1.372500000000000142e+01,2.140879818594104123e+01
1.375000000000000000e+01,2.143201814058956955e+01
1.377500000000000036e+01,2.145523809523809433e+01
1.380000000000000071e+01,2.147845804988661911e+01
1.382500000000000107e+01,2.150167800453514388e+01
1.385000000000000142e+01,2.152489795918367221e+01
1.387500000000000000e+01,2.154811791383220054e+01
1.390000000000000036e+01,2.157133786848072177e+01
1.392500000000000071e+01,2.159455782312925010e+01
1.395000000000000107e+01,2.161777777777777487e+01
1.397500000000000142e+01,2.164099773242629965e+01
1.400000000000000000e+01,2.166421768707482443e+01
1.402500000000000036e+01,2.168743764172335631e+01
1.405000000000000071e+01,2.171065759637188108e+01
1.407500000000000107e+01,2.173387755102040941e+01
1.410000000000000142e+01,2.175709750566893064e+01
1.412500000000000000e+01,2.178031746031746252e+01
1.415000000000000036e+01,2.180353741496598730e+01
1.417500000000000071e+01,2.182675736961451207e+01
1.420000000000000107e+01,2.184997732426303685e+01
1.422500000000000142e+01,2.187319727891156518e+01
1.425000000000000000e+01,2.189641723356008995e+01
1.427500000000000036e+01,2.191963718820861473e+01
1.430000000000000071e+01,2.194285714285714306e+01
1.432500000000000107e+01,2.196607709750566784e+01
1.435000000000000142e+01,2.198929705215419261e+01
1.437500000000000000e+01,2.201251700680271739e+01
1.440000000000000036e+01,2.205379692617787413e+01
1.442500000000000071e+01,2.211571680524061279e+01
1.445000000000000107e+01,2.217505668934240148e+01
1.447500000000000142e+01,2.223697656840513659e+01
1.450000000000000000e+01,2.229631645250692884e+01
1.452500000000000036e+01,2.235823633156966395e+01
1.455000000000000071e+01,2.241757621567145264e+01
1.457500000000000107e+01,2.247949609473418775e+01
1.460000000000000142e+01,2.253883597883597645e+01
1.462500000000000000e+01,2.258269589317208315e+01
1.465000000000000036e+01,2.260333585285966151e+01
1.467500000000000071e+01,2.262913580246913270e+01
1.470000000000000107e+01,2.264977576215671107e+01
1.472500000000000142e+01,2.267557571176618580e+01
1.475000000000000000e+01,2.269621567145376773e+01
1.477500000000000036e+01,2.272201562106323891e+01
1.480000000000000071e+01,2.274265558075081728e+01
1.482500000000000107e+01,2.276845553036029202e+01
1.485000000000000142e+01,2.278909549004787038e+01
1.487500000000000000e+01,2.281489543965734157e+01
1.490000000000000036e+01,2.283553539934492704e+01
1.492500000000000071e+01,2.286133534895439823e+01
1.495000000000000107e+01,2.288197530864197660e+01
1.497500000000000142e+01,2.290777525825144778e+01
1.500000000000000000e+01,2.292841521793902615e+01
1.502500000000000036e+01,2.295421516754850089e+01
1.505000000000000071e+01,2.297485512723607926e+01
1.507500000000000107e+01,2.300065507684555399e+01
1.510000000000000142e+01,2.302129503653313236e+01
1.512500000000000000e+01,2.304709498614260355e+01
1.515000000000000036e+01,2.306773494583018191e+01
1.517500000000000071e+01,2.309353489543965665e+01
1.520000000000000107e+01,2.311417485512723857e+01
1.522500000000000142e+01,2.313997480473670976e+01
1.525000000000000000e+01,2.316061476442428457e+01
1.527500000000000036e+01,2.318641471403375931e+01
1.530000000000000071e+01,2.320705467372134123e+01
1.532500000000000107e+01,2.323285462333081242e+01
1.535000000000000142e+01,2.325349458301839078e+01
1.537500000000000000e+01,2.329735449735449748e+01
1.540000000000000036e+01,2.337991433610480740e+01
1.542500000000000071e+01,2.348311413454270280e+01
1.545000000000000107e+01,2.358631393298059820e+01
1.547500000000000142e+01,2.368951373141849359e+01
1.550000000000000000e+01,2.379271352985638543e+01
1.552500000000000036e+01,2.389591332829427728e+01
1.555000000000000071e+01,2.399911312673217267e+01
1.557500000000000107e+01,2.410231292517006807e+01
1.560000000000000142e+01,2.418745275888133150e+01
1.562500000000000000e+01,2.422873267825648469e+01
1.565000000000000036e+01,2.425453262786595943e+01
1.567500000000000071e+01,2.427517258755354135e+01
1.570000000000000107e+01,2.430097253716301253e+01
1.572500000000000142e+01,2.432161249685059090e+01
1.575000000000000000e+01,2.434741244646006209e+01
1.577500000000000036e+01,2.436805240614764401e+01
1.580000000000000071e+01,2.439385235575711519e+01
1.582500000000000107e+01,2.441449231544469356e+01
1.585000000000000142e+01,2.444029226505416830e+01
1.587500000000000000e+01,2.448157218442932503e+01
1.590000000000000036e+01,2.456929201310153843e+01
1.592500000000000071e+01,2.467507180650037668e+01
1.595000000000000107e+01,2.478343159486016489e+01
1.597500000000000142e+01,2.488921138825900670e+01
1.600000000000000000e+01,2.499757117661879491e+01
1.602500000000000213e+01,2.510335097001763671e+01
1.605000000000000071e+01,2.521171075837742492e+01
1.607499999999999929e+01,2.531749055177626317e+01
1.610000000000000142e+01,2.540521038044847657e+01
1.612500000000000000e+01,2.544907029478457972e+01
1.615000000000000213e+01,2.547229024943310449e+01
1.617500000000000071e+01,2.549551020408163282e+01
1.619999999999999929e+01,2.551873015873015760e+01
1.622500000000000142e+01,2.554195011337868237e+01
1.625000000000000000e+01,2.556517006802720715e+01
1.627500000000000213e+01,2.558839002267573548e+01
1.630000000000000071e+01,2.561160997732426381e+01
1.632499999999999929e+01,2.563482993197278503e+01
1.635000000000000142e+01,2.565804988662131336e+01
1.637500000000000000e+01,2.568126984126983814e+01
1.640000000000000213e+01,2.570448979591836292e+01
1.642500000000000071e+01,2.572770975056688769e+01
1.644999999999999929e+01,2.575092970521541602e+01
1.647500000000000142e+01,2.577414965986394790e+01
1.650000000000000000e+01,2.579736961451247268e+01
1.652500000000000213e+01,2.582058956916099746e+01
1.655000000000000071e+01,2.584380952380952223e+01
1.657499999999999929e+01,2.586702947845805056e+01
1.660000000000000142e+01,2.589024943310657534e+01
1.662500000000000000e+01,2.591346938775510012e+01
1.665000000000000213e+01,2.593668934240362489e+01
1.667500000000000071e+01,2.595990929705215322e+01
1.669999999999999929e+01,2.598312925170067800e+01
1.672500000000000142e+01,2.600634920634920633e+01
1.675000000000000000e+01,2.602956916099773110e+01
1.677500000000000213e+01,2.605278911564625588e+01
1.680000000000000071e+01,2.607600907029478066e+01
1.682499999999999929e+01,2.609922902494330543e+01
1.685000000000000142e+01,2.612244897959183376e+01
1.687500000000000000e+01,2.614566893424036209e+01
1.690000000000000213e+01,2.616888888888888332e+01
1.692500000000000071e+01,2.619210884353741164e+01
1.694999999999999929e+01,2.621532879818593997e+01
1.697500000000000142e+01,2.623854875283446830e+01
1.700000000000000000e+01,2.626176870748299308e+01
1.702500000000000213e+01,2.628498866213151786e+01
1.705000000000000071e+01,2.630820861678004619e+01
1.707499999999999929e+01,2.633142857142857096e+01
1.710000000000000142e+01,2.635464852607709574e+01
1.712500000000000000e+01,2.637786848072562051e+01
1.715000000000000213e+01,2.640108843537414884e+01
1.717500000000000071e+01,2.642430839002267362e+01
1.719999999999999929e+01,2.644752834467119840e+01
1.722500000000000142e+01,2.647074829931972673e+01
1.725000000000000000e+01,2.649396825396825506e+01
1.727500000000000213e+01,2.651718820861677628e+01
1.730000000000000071e+01,2.654040816326530461e+01
1.732499999999999929e+01,2.656362811791382939e+01
1.735000000000000142e+01,2.658684807256235416e+01
1.737500000000000000e+01,2.663070798689845731e+01
1.740000000000000213e+01,2.669520786092214237e+01
1.742500000000000071e+01,2.675970773494582744e+01
1.744999999999999929e+01,2.682420760896951251e+01
1.747500000000000142e+01,2.688870748299319757e+01
1.750000000000000000e+01,2.695320735701687909e+01
1.752500000000000213e+01,2.701770723104056060e+01
1.755000000000000071e+01,2.708220710506424211e+01
1.757499999999999929e+01,2.714670697908792718e+01
1.760000000000000142e+01,2.719056689342403743e+01
1.762500000000000000e+01,2.721378684807256221e+01
1.765000000000000213e+01,2.723700680272108698e+01
1.767500000000000071e+01,2.726022675736961176e+01
1.769999999999999929e+01,2.728344671201814009e+01
1.772500000000000142e+01,2.730666666666666487e+01
1.775000000000000000e+01,2.732988662131518964e+01
1.777500000000000213e+01,2.735310657596371797e+01
1.780000000000000071e+01,2.737632653061224630e+01
1.782499999999999929e+01,2.739954648526076753e+01
1.785000000000000142e+01,2.742276643990929585e+01
1.787500000000000000e+01,2.744598639455782063e+01
1.790000000000000213e+01,2.748984630889392378e+01
1.792500000000000071e+01,2.755176618795665888e+01
1.794999999999999929e+01,2.761368606701939399e+01
1.797500000000000142e+01,2.767560594608213265e+01
1.800000000000000000e+01,2.773752582514487131e+01
1.802500000000000213e+01,2.779944570420760996e+01
1.805000000000000071e+01,2.786136558327034152e+01
1.807499999999999929e+01,2.792328546233307662e+01
1.810000000000000142e+01,2.798520534139581883e+01
1.812500000000000000e+01,2.802648526077097557e+01
1.815000000000000213e+01,2.804970521541949680e+01
1.817500000000000071e+01,2.807292517006802512e+01
1.819999999999999929e+01,2.809614512471655345e+01
1.822500000000000142e+01,2.811936507936507823e+01
1.825000000000000000e+01,2.814258503401360301e+01
1.827500000000000213e+01,2.816580498866213134e+01
1.830000000000000071e+01,2.818902494331065611e+01
1.832499999999999929e+01,2.821224489795918089e+01
1.835000000000000142e+01,2.823546485260770922e+01
1.837500000000000000e+01,2.825868480725623400e+01
1.840000000000000213e+01,2.828190476190475877e+01
1.842500000000000071e+01,2.830512471655328710e+01
1.844999999999999929e+01,2.832834467120181188e+01
1.847500000000000142e+01,2.835156462585033665e+01
1.850000000000000000e+01,2.837478458049886143e+01
1.852500000000000213e+01,2.839800453514738621e+01
1.855000000000000071e+01,2.842122448979591454e+01
1.857499999999999929e+01,2.844444444444444287e+01
1.860000000000000142e+01,2.846766439909297119e+01
1.862500000000000000e+01,2.849088435374149242e+01
1.865000000000000213e+01,2.851410430839002075e+01
1.867500000000000071e+01,2.853732426303854908e+01
1.869999999999999929e+01,2.856054421768707385e+01
1.872500000000000142e+01,2.858376417233559863e+01
1.875000000000000000e+01,2.860698412698412696e+01
1.877500000000000213e+01,2.863020408163265174e+01
1.880000000000000071e+01,2.865342403628117651e+01
1.882499999999999929e+01,2.867664399092970484e+01
1.885000000000000142e+01,2.869986394557822962e+01
1.887500000000000000e+01,2.874372385991433276e+01
1.890000000000000213e+01,2.880564373897706787e+01
1.892500000000000071e+01,2.886756361803980653e+01
1.894999999999999929e+01,2.892948349710254163e+01
1.897500000000000142e+01,2.899140337616527674e+01
1.900000000000000000e+01,2.905332325522801540e+01
1.902500000000000213e+01,2.911524313429075050e+01
1.905000000000000071e+01,2.917716301335348561e+01
1.907499999999999929e+01,2.923908289241622072e+01
1.910000000000000142e+01,2.928036281179137745e+01
1.912500000000000000e+01,2.930358276643990578e+01
1.915000000000000213e+01,2.932680272108843411e+01
1.917500000000000071e+01,2.935002267573695534e+01
1.920000000000000284e+01,2.937324263038548722e+01
1.922500000000000142e+01,2.939646258503401199e+01
1.925000000000000000e+01,2.941968253968254032e+01
1.927500000000000213e+01,2.944290249433106510e+01
1.930000000000000071e+01,2.946612244897959343e+01
1.932500000000000284e+01,2.948934240362811465e+01
1.935000000000000142e+01,2.951256235827664298e+01
1.937500000000000000e+01,2.953578231292516776e+01
1.940000000000000213e+01,2.956932224741748527e+01
1.942500000000000071e+01,2.961576215671453483e+01
1.945000000000000284e+01,2.965962207105063797e+01
1.947500000000000142e+01,2.970606198034769108e+01
1.950000000000000000e+01,2.974992189468379777e+01
1.952500000000000213e+01,2.979636180398084733e+01
1.955000000000000071e+01,2.984022171831695047e+01
1.957500000000000284e+01,2.988666162761400358e+01
1.960000000000000142e+01,2.993052154195011028e+01
1.962500000000000000e+01,2.996664147140337420e+01
1.965000000000000213e+01,2.998728143109095257e+01
1.967500000000000071e+01,3.001308138070042375e+01
1.970000000000000284e+01,3.003372134038800567e+01
1.972500000000000142e+01,3.005952128999747686e+01
1.975000000000000000e+01,3.008016124968506233e+01
1.977500000000000213e+01,3.010596119929453351e+01
1.980000000000000071e+01,3.012660115898211188e+01
1.982500000000000284e+01,3.015240110859158307e+01
1.985000000000000142e+01,3.017304106827916144e+01
1.987500000000000000e+01,3.020916099773242536e+01
1.990000000000000213e+01,3.025302091206852495e+01
1.992500000000000071e+01,3.029946082136558161e+01
1.995000000000000284e+01,3.034332073570168475e+01
1.997500000000000142e+01,3.038976064499873786e+01
2.000000000000000000e+01,3.043362055933484100e+01
2.002500000000000213e+01,3.048006046863189411e+01
2.005000000000000071e+01,3.052392038296800081e+01
2.007500000000000284e+01,3.057036029226505391e+01
2.010000000000000142e+01,3.060390022675736788e+01
2.012500000000000000e+01,3.062712018140589265e+01
2.015000000000000213e+01,3.065034013605441743e+01
2.017500000000000071e+01,3.067356009070294220e+01
2.020000000000000284e+01,3.069678004535147053e+01
2.022500000000000142e+01,3.071999999999999886e+01
2.025000000000000000e+01,3.074321995464852719e+01
2.027500000000000213e+01,3.076643990929705197e+01
2.030000000000000071e+01,3.078965986394558030e+01
2.032500000000000284e+01,3.081287981859410152e+01
2.035000000000000142e+01,3.083609977324262985e+01
2.037500000000000000e+01,3.085931972789115463e+01
2.040000000000000213e+01,3.088253968253968296e+01
2.042500000000000071e+01,3.090575963718820773e+01
2.045000000000000284e+01,3.092897959183673251e+01
2.047500000000000142e+01,3.095219954648526084e+01
2.050000000000000000e+01,3.097541950113378562e+01
2.052500000000000213e+01,3.099863945578231039e+01
2.055000000000000071e+01,3.102185941043083517e+01
2.057500000000000284e+01,3.104507936507935995e+01
2.060000000000000142e+01,3.106829931972788827e+01
2.062500000000000000e+01,3.109151927437641660e+01
2.065000000000000213e+01,3.111473922902493783e+01
2.067500000000000071e+01,3.113795918367346971e+01
2.070000000000000284e+01,3.116117913832199449e+01
2.072500000000000142e+01,3.118439909297052282e+01
2.075000000000000000e+01,3.120761904761904759e+01
2.077500000000000213e+01,3.123083900226757237e+01
2.080000000000000071e+01,3.125405895691609715e+01
2.082500000000000284e+01,3.127727891156462547e+01
2.085000000000000142e+01,3.130049886621315025e+01
2.087500000000000000e+01,3.132371882086167858e+01
2.090000000000000213e+01,3.139079868984630650e+01
2.092500000000000071e+01,3.150173847316704112e+01
2.095000000000000284e+01,3.161525825144872215e+01
2.097500000000000142e+01,3.172619803476946032e+01
2.100000000000000000e+01,3.183971781305114490e+01
2.102500000000000213e+01,3.195065759637188307e+01
2.105000000000000071e+01,3.206417737465356055e+01
2.107500000000000284e+01,3.217511715797429872e+01
2.110000000000000142e+01,3.228863693625598330e+01
2.112500000000000000e+01,3.235571680524061122e+01
2.115000000000000213e+01,3.238151675485008241e+01
2.117500000000000071e+01,3.240215671453766078e+01
2.120000000000000284e+01,3.242795666414713907e+01
2.122500000000000142e+01,3.244859662383471743e+01
2.125000000000000000e+01,3.247439657344418862e+01
2.127500000000000213e+01,3.249503653313176699e+01
2.130000000000000071e+01,3.252083648274124528e+01
2.132500000000000284e+01,3.254147644242882365e+01
2.135000000000000142e+01,3.256727639203828772e+01
2.137500000000000000e+01,3.258791635172587320e+01
2.140000000000000213e+01,3.261371630133534438e+01
2.142500000000000071e+01,3.263435626102292275e+01
2.145000000000000284e+01,3.266015621063239394e+01
2.147500000000000142e+01,3.268079617031997230e+01
2.150000000000000000e+01,3.270659611992945059e+01
2.152500000000000213e+01,3.272723607961702896e+01
2.155000000000000071e+01,3.275303602922650015e+01
2.157500000000000284e+01,3.277367598891407852e+01
2.160000000000000142e+01,3.279947593852355681e+01
2.162500000000000000e+01,3.282011589821112807e+01
2.165000000000000213e+01,3.284591584782059925e+01
2.167500000000000071e+01,3.286655580750817762e+01
2.170000000000000284e+01,3.289235575711765591e+01
2.172500000000000142e+01,3.291299571680524139e+01
2.175000000000000000e+01,3.293879566641471257e+01
2.177500000000000213e+01,3.295943562610229094e+01
2.180000000000000071e+01,3.298523557571176212e+01
2.182500000000000284e+01,3.300587553539934049e+01
2.185000000000000142e+01,3.303167548500880457e+01
2.187500000000000000e+01,3.309875535399343960e+01
2.190000000000000213e+01,3.322001511715797051e+01
2.192500000000000071e+01,3.334385487528344072e+01
2.195000000000000284e+01,3.347285462333081085e+01
2.197500000000000142e+01,3.359669438145628106e+01
2.200000000000000000e+01,3.372569412950365120e+01
2.202500000000000213e+01,3.384953388762912141e+01
2.205000000000000071e+01,3.397853363567649154e+01
2.207500000000000284e+01,3.410237339380196175e+01
2.210000000000000142e+01,3.418493323255228233e+01
2.212500000000000000e+01,3.421331317712269993e+01
2.215000000000000213e+01,3.423911312673217111e+01
2.217500000000000071e+01,3.425975308641974948e+01
2.220000000000000284e+01,3.428555303602922777e+01
2.222500000000000142e+01,3.430619299571680614e+01
2.225000000000000000e+01,3.433199294532627022e+01
2.227500000000000213e+01,3.435263290501384859e+01
2.230000000000000071e+01,3.437843285462332688e+01
2.232500000000000284e+01,3.439907281431090524e+01
2.235000000000000142e+01,3.442487276392037643e+01
2.237500000000000000e+01,3.444551272360795480e+01
2.240000000000000213e+01,3.447131267321743309e+01
2.242500000000000071e+01,3.449195263290501146e+01
2.245000000000000284e+01,3.451775258251447553e+01
2.247500000000000142e+01,3.453839254220206101e+01
2.250000000000000000e+01,3.456419249181153219e+01
2.252500000000000213e+01,3.458483245149911056e+01
2.255000000000000071e+01,3.461063240110858175e+01
2.257500000000000284e+01,3.463127236079616011e+01
2.260000000000000142e+01,3.465707231040563840e+01
2.262500000000000000e+01,3.467771227009322388e+01
2.265000000000000213e+01,3.470351221970269506e+01
2.267500000000000071e+01,3.472415217939027343e+01
2.270000000000000284e+01,3.474995212899974462e+01
2.272500000000000142e+01,3.477059208868732298e+01
2.275000000000000000e+01,3.479639203829678706e+01
2.277500000000000213e+01,3.481703199798437254e+01
2.280000000000000071e+01,3.484283194759384372e+01
2.282500000000000284e+01,3.486347190728142920e+01
2.285000000000000142e+01,3.488927185689090038e+01
2.287500000000000000e+01,3.491765180146131797e+01
2.290000000000000213e+01,3.495893172083648182e+01
2.292500000000000071e+01,3.499763164525069215e+01
2.295000000000000284e+01,3.503891156462584178e+01
2.297500000000000142e+01,3.507761148904005211e+01
2.300000000000000000e+01,3.511889140841521595e+01
2.302500000000000213e+01,3.515759133282942628e+01
2.305000000000000071e+01,3.519887125220458302e+01
2.307500000000000284e+01,3.523757117661879334e+01
2.310000000000000142e+01,3.527111111111110375e+01
2.312500000000000000e+01,3.529433106575962853e+01
2.315000000000000213e+01,3.531755102040816041e+01
2.317500000000000071e+01,3.534077097505668519e+01
2.320000000000000284e+01,3.536399092970521707e+01
2.322500000000000142e+01,3.538721088435373474e+01
2.325000000000000000e+01,3.541043083900225952e+01
2.327500000000000213e+01,3.543365079365078429e+01
2.330000000000000071e+01,3.545687074829931618e+01
2.332500000000000284e+01,3.548009070294784095e+01
2.335000000000000142e+01,3.550331065759636573e+01
2.337500000000000000e+01,3.552911060720584402e+01
2.340000000000000213e+01,3.556781053162005435e+01
2.342500000000000071e+01,3.561425044091710390e+01
2.345000000000000284e+01,3.566327034517510697e+01
2.347500000000000142e+01,3.570971025447215652e+01
2.350000000000000000e+01,3.575873015873015959e+01
2.352500000000000213e+01,3.580517006802720914e+01
2.355000000000000071e+01,3.585418997228520510e+01
2.357500000000000284e+01,3.590062988158226176e+01
2.360000000000000142e+01,3.594706979087931131e+01
2.362500000000000000e+01,3.597802973041067531e+01
2.365000000000000213e+01,3.600382968002014650e+01
2.367500000000000071e+01,3.602446963970772487e+01
2.370000000000000284e+01,3.605026958931720316e+01
2.372500000000000142e+01,3.607090954900478152e+01
2.375000000000000000e+01,3.609670949861425271e+01
2.377500000000000213e+01,3.611734945830183108e+01
2.380000000000000071e+01,3.614314940791130937e+01
2.382500000000000284e+01,3.616378936759888774e+01
2.385000000000000142e+01,3.618958931720835892e+01
2.387500000000000000e+01,3.622054925673973003e+01
2.390000000000000213e+01,3.628504913076341154e+01
2.392500000000000071e+01,3.636244897959183220e+01
2.395000000000000284e+01,3.644500881834214567e+01
2.397500000000000142e+01,3.652240866717056633e+01
2.400000000000000000e+01,3.660496850592087981e+01
2.402500000000000213e+01,3.668236835474930047e+01
2.405000000000000071e+01,3.676492819349961394e+01
2.407500000000000284e+01,3.684232804232803460e+01
2.410000000000000142e+01,3.691456790123456244e+01
2.412500000000000000e+01,3.695326782564877277e+01
2.415000000000000213e+01,3.697906777525824396e+01
2.417500000000000071e+01,3.699970773494582232e+01
2.420000000000000284e+01,3.702550768455530061e+01
2.422500000000000142e+01,3.704614764424287898e+01
2.425000000000000000e+01,3.707194759385235017e+01
2.427500000000000213e+01,3.709258755353992854e+01
2.430000000000000071e+01,3.711838750314940683e+01
2.432500000000000284e+01,3.713902746283698519e+01
2.435000000000000142e+01,3.716482741244645638e+01
2.437500000000000000e+01,3.718546737213403475e+01
2.440000000000000213e+01,3.721126732174350593e+01
2.442500000000000071e+01,3.723190728143108430e+01
2.445000000000000284e+01,3.725770723104055548e+01
2.447500000000000142e+01,3.727834719072813385e+01
2.450000000000000000e+01,3.730414714033761214e+01
2.452500000000000213e+01,3.732478710002519762e+01
2.455000000000000071e+01,3.735058704963466170e+01
2.457500000000000284e+01,3.737122700932224006e+01
2.460000000000000142e+01,3.739702695893171125e+01
2.462500000000000000e+01,3.741766691861928962e+01
2.465000000000000213e+01,3.744346686822876791e+01
2.467500000000000071e+01,3.746410682791635338e+01
2.470000000000000284e+01,3.748990677752581746e+01
2.472500000000000142e+01,3.751054673721340293e+01
2.475000000000000000e+01,3.753634668682287412e+01
2.477500000000000213e+01,3.755698664651045249e+01
2.480000000000000071e+01,3.758278659611992367e+01
2.482500000000000284e+01,3.760342655580750204e+01
2.485000000000000142e+01,3.762922650541698033e+01
2.487500000000000000e+01,3.764986646510455159e+01
2.490000000000000213e+01,3.767566641471402988e+01
2.492500000000000071e+01,3.769630637440160825e+01
2.495000000000000284e+01,3.772210632401107944e+01
2.497500000000000142e+01,3.774274628369865781e+01
2.500000000000000000e+01,3.776854623330812899e+01
2.502500000000000213e+01,3.778918619299570736e+01
2.505000000000000071e+01,3.781498614260517854e+01
2.507500000000000284e+01,3.783562610229276402e+01
2.510000000000000142e+01,3.786142605190223520e+01
2.512500000000000000e+01,3.788206601158981357e+01
2.515000000000000213e+01,3.790786596119929186e+01
2.517500000000000071e+01,3.792850592088687023e+01
2.520000000000000284e+01,3.795430587049634141e+01
2.522500000000000142e+01,3.797494583018391268e+01
2.525000000000000000e+01,3.800074577979339807e+01
2.527500000000000213e+01,3.802138573948097644e+01
2.530000000000000071e+01,3.804718568909044762e+01
2.532500000000000284e+01,3.806782564877802599e+01
2.535000000000000142e+01,3.809362559838749718e+01
2.537500000000000000e+01,3.811426555807507555e+01
2.540000000000000213e+01,3.814006550768454673e+01
2.542500000000000071e+01,3.816070546737212510e+01
2.545000000000000284e+01,3.818650541698160339e+01
2.547500000000000142e+01,3.820714537666918886e+01
2.550000000000000000e+01,3.823294532627865294e+01
2.552500000000000213e+01,3.825358528596623131e+01
2.555000000000000071e+01,3.827938523557570250e+01
2.557500000000000284e+01,3.830002519526328086e+01
2.560000000000000142e+01,3.832582514487275205e+01
2.562500000000000000e+01,3.834646510456033752e+01
2.565000000000000213e+01,3.837226505416980871e+01
2.567500000000000071e+01,3.839290501385739418e+01
2.570000000000000284e+01,3.841870496346686537e+01
2.572500000000000142e+01,3.843934492315444373e+01
2.575000000000000000e+01,3.846514487276391492e+01
2.577500000000000213e+01,3.848578483245149329e+01
2.580000000000000071e+01,3.851158478206096447e+01
2.582500000000000284e+01,3.853222474174854995e+01
2.585000000000000142e+01,3.855802469135802113e+01
2.587500000000000000e+01,3.859672461577223146e+01
2.590000000000000213e+01,3.867928445452254493e+01
2.592500000000000071e+01,3.878506424792138318e+01
2.595000000000000284e+01,3.889342403628117495e+01
2.597500000000000142e+01,3.899920382968002031e+01
2.600000000000000000e+01,3.910756361803980496e+01
2.602500000000000213e+01,3.921334341143864322e+01
2.605000000000000071e+01,3.932170319979843498e+01
2.607500000000000284e+01,3.942748299319727323e+01
2.610000000000000142e+01,3.951778281683042593e+01
2.612500000000000000e+01,3.956680272108842189e+01
2.615000000000000213e+01,3.959002267573694667e+01
2.617500000000000071e+01,3.961324263038548565e+01
2.620000000000000284e+01,3.963646258503401043e+01
2.622500000000000142e+01,3.965968253968253521e+01
2.625000000000000000e+01,3.968290249433105998e+01
2.627500000000000213e+01,3.970612244897958476e+01
2.630000000000000071e+01,3.972934240362810954e+01
2.632500000000000284e+01,3.975256235827663431e+01
2.635000000000000142e+01,3.977578231292516620e+01
2.637500000000000000e+01,3.979900226757369808e+01
2.640000000000000213e+01,3.982222222222221575e+01
2.642500000000000071e+01,3.984544217687074052e+01
2.645000000000000284e+01,3.986866213151927241e+01
2.647500000000000142e+01,3.989188208616779008e+01
2.650000000000000000e+01,3.991510204081631485e+01
2.652500000000000213e+01,3.993832199546484674e+01
2.655000000000000071e+01,3.996154195011337862e+01
2.657500000000000284e+01,3.998476190476190339e+01
2.660000000000000142e+01,4.000798185941042817e+01
2.662500000000000000e+01,4.003120181405895295e+01
2.665000000000000213e+01,4.005442176870747772e+01
2.667500000000000071e+01,4.007764172335600250e+01
2.670000000000000284e+01,4.010086167800452728e+01
2.672500000000000142e+01,4.012408163265305205e+01
2.675000000000000000e+01,4.014730158730158394e+01
2.677500000000000213e+01,4.017052154195010871e+01
2.680000000000000071e+01,4.019374149659863349e+01
2.682500000000000284e+01,4.021696145124715827e+01
2.685000000000000142e+01,4.024018140589568304e+01
2.687500000000000000e+01,4.028662131519273260e+01
2.690000000000000213e+01,4.035886117409926754e+01
2.692500000000000071e+01,4.043110103300578828e+01
2.695000000000000284e+01,4.050334089191231612e+01
2.697500000000000142e+01,4.057558075081883686e+01
2.700000000000000000e+01,4.064782060972535760e+01
2.702500000000000213e+01,4.072006046863189255e+01
2.705000000000000071e+01,4.079230032753842039e+01
2.707500000000000284e+01,4.086454018644494113e+01
2.710000000000000142e+01,4.091356009070293709e+01
2.712500000000000000e+01,4.093678004535146897e+01
2.715000000000000213e+01,4.095999999999998664e+01
2.717500000000000071e+01,4.098321995464851142e+01
2.720000000000000284e+01,4.100643990929704330e+01
2.722500000000000142e+01,4.102965986394557518e+01
2.725000000000000000e+01,4.105287981859409996e+01
2.727500000000000213e+01,4.107609977324262474e+01
2.730000000000000071e+01,4.109931972789114951e+01
2.732500000000000284e+01,4.112253968253967429e+01
2.735000000000000142e+01,4.114575963718819906e+01
2.737500000000000000e+01,4.116897959183673095e+01
2.740000000000000213e+01,4.120509952128998776e+01
2.742500000000000071e+01,4.125411942554799083e+01
2.745000000000000284e+01,4.130571932476693320e+01
2.747500000000000142e+01,4.135473922902492916e+01
2.750000000000000000e+01,4.140633912824387863e+01
2.752500000000000213e+01,4.145535903250188170e+01
2.755000000000000071e+01,4.150695893172083828e+01
2.757500000000000284e+01,4.155597883597882714e+01
2.760000000000000142e+01,4.160757873519777661e+01
2.762500000000000000e+01,4.164369866465104053e+01
2.765000000000000213e+01,4.166949861426051172e+01
2.767500000000000071e+01,4.169013857394809008e+01
2.770000000000000284e+01,4.171593852355756127e+01
2.772500000000000142e+01,4.173657848324514674e+01
2.775000000000000000e+01,4.176237843285462503e+01
2.777500000000000213e+01,4.178301839254219630e+01
2.780000000000000071e+01,4.180881834215166748e+01
2.782500000000000284e+01,4.182945830183924585e+01
2.785000000000000142e+01,4.185525825144871703e+01
2.787500000000000000e+01,4.189137818090198095e+01
2.790000000000000213e+01,4.194813807004281614e+01
2.792500000000000071e+01,4.200489795918366553e+01
2.795000000000000284e+01,4.206681783824640064e+01
2.797500000000000142e+01,4.212357772738724293e+01
2.800000000000000000e+01,4.218549760644997804e+01
2.802500000000000213e+01,4.224225749559082033e+01
2.805000000000000071e+01,4.230417737465355543e+01
2.807500000000000284e+01,4.236093726379439772e+01
2.810000000000000142e+01,4.240737717309145438e+01
2.812500000000000000e+01,4.243317712270093267e+01
2.815000000000000213e+01,4.245897707231040386e+01
2.817500000000000071e+01,4.247961703199797512e+01
2.820000000000000284e+01,4.250541698160745341e+01
2.822500000000000142e+01,4.252605694129503178e+01
2.825000000000000000e+01,4.255185689090450296e+01
2.827500000000000213e+01,4.257249685059208133e+01
2.830000000000000071e+01,4.259829680020155251e+01
2.832500000000000284e+01,4.261893675988913799e+01
2.835000000000000142e+01,4.264473670949861628e+01
2.837500000000000000e+01,4.267053665910808036e+01
2.840000000000000213e+01,4.270665658856134428e+01
2.842500000000000071e+01,4.274277651801460820e+01
2.845000000000000284e+01,4.278405643738976494e+01
2.847500000000000142e+01,4.282017636684302175e+01
2.850000000000000000e+01,4.286145628621818560e+01
2.852500000000000213e+01,4.289757621567143531e+01
2.855000000000000071e+01,4.293885613504659915e+01
2.857500000000000284e+01,4.297497606449987018e+01
2.860000000000000142e+01,4.301109599395313410e+01
2.862500000000000000e+01,4.303689594356260528e+01
2.865000000000000213e+01,4.306269589317207647e+01
2.867500000000000071e+01,4.308333585285965484e+01
2.870000000000000284e+01,4.310913580246912602e+01
2.872500000000000142e+01,4.312977576215671149e+01
2.875000000000000000e+01,4.315557571176618978e+01
2.877500000000000213e+01,4.317621567145376105e+01
2.880000000000000071e+01,4.320201562106323223e+01
2.882500000000000284e+01,4.322265558075081060e+01
2.885000000000000142e+01,4.324845553036028889e+01
2.887500000000000000e+01,4.327425547996976007e+01
2.890000000000000213e+01,4.330521541950113118e+01
2.892500000000000071e+01,4.333617535903250229e+01
2.895000000000000284e+01,4.336971529352480559e+01
2.897500000000000142e+01,4.340067523305617669e+01
2.900000000000000000e+01,4.343421516754848710e+01
2.902500000000000213e+01,4.346517510707985821e+01
2.905000000000000071e+01,4.349871504157218283e+01
2.907500000000000284e+01,4.352967498110355393e+01
2.910000000000000142e+01,4.355805492567396442e+01
2.912500000000000000e+01,4.358385487528344271e+01
2.915000000000000213e+01,4.360707482993196038e+01
2.917500000000000071e+01,4.363029478458048516e+01
2.920000000000000284e+01,4.365351473922900993e+01
2.922500000000000142e+01,4.367673469387754182e+01
2.925000000000000000e+01,4.369995464852607370e+01
2.927500000000000213e+01,4.372317460317459847e+01
2.930000000000000071e+01,4.374639455782312325e+01
2.932500000000000284e+01,4.376961451247164803e+01
2.935000000000000142e+01,4.379283446712017280e+01
2.937500000000000000e+01,4.381605442176869758e+01
2.940000000000000213e+01,4.384443436633912228e+01
2.942500000000000071e+01,4.387281431090953987e+01
2.945000000000000284e+01,4.390377425044091098e+01
2.947500000000000142e+01,4.393215419501132857e+01
2.950000000000000000e+01,4.396311413454269257e+01
2.952500000000000213e+01,4.399149407911311016e+01
2.955000000000000071e+01,4.402245401864448837e+01
2.957500000000000284e+01,4.405083396321491307e+01
2.960000000000000142e+01,4.408179390274627707e+01
2.962500000000000000e+01,4.410501385739480185e+01
2.965000000000000213e+01,4.413081380700428014e+01
2.967500000000000071e+01,4.415145376669185140e+01
2.970000000000000284e+01,4.417725371630132969e+01
2.972500000000000142e+01,4.419789367598891516e+01
2.975000000000000000e+01,4.422369362559838635e+01
2.977500000000000213e+01,4.424433358528595761e+01
2.980000000000000071e+01,4.427013353489543590e+01
2.982500000000000284e+01,4.429077349458301427e+01
2.985000000000000142e+01,4.431657344419248545e+01
2.987500000000000000e+01,4.433979339884101023e+01
2.990000000000000213e+01,4.438107331821615986e+01
2.992500000000000071e+01,4.443267321743511644e+01
2.995000000000000284e+01,4.448943310657595873e+01
2.997500000000000142e+01,4.454103300579490110e+01
3.000000000000000000e+01,4.459779289493574339e+01
3.002500000000000213e+01,4.464939279415469287e+01
3.005000000000000071e+01,4.470615268329553516e+01
3.007500000000000284e+01,4.475775258251448463e+01
3.010000000000000142e+01,4.481193247669437341e+01
3.012500000000000000e+01,4.484805240614763733e+01
3.015000000000000213e+01,4.487385235575710851e+01
3.017500000000000071e+01,4.489449231544469399e+01
3.020000000000000284e+01,4.492029226505417228e+01
3.022500000000000142e+01,4.494093222474174354e+01
3.025000000000000000e+01,4.496673217435121472e+01
3.027500000000000213e+01,4.498737213403879309e+01
3.030000000000000071e+01,4.501317208364827138e+01
3.032500000000000284e+01,4.503381204333584265e+01
3.035000000000000142e+01,4.505961199294532094e+01
3.037500000000000000e+01,4.508025195263290641e+01
3.040000000000000213e+01,4.510605190224237759e+01
3.042500000000000071e+01,4.512669186192994886e+01
3.045000000000000284e+01,4.515249181153942715e+01
3.047500000000000142e+01,4.517313177122700552e+01
3.050000000000000000e+01,4.519893172083647670e+01
3.052500000000000213e+01,4.521957168052405507e+01
3.055000000000000071e+01,4.524537163013352625e+01
3.057500000000000284e+01,4.526601158982111173e+01
3.060000000000000142e+01,4.529181153943059002e+01
3.062500000000000000e+01,4.531245149911816128e+01
3.065000000000000213e+01,4.533825144872763246e+01
3.067500000000000071e+01,4.535889140841521083e+01
3.070000000000000284e+01,4.538469135802468202e+01
3.072500000000000142e+01,4.540533131771226039e+01
3.075000000000000000e+01,4.543113126732173157e+01
3.077500000000000213e+01,4.545177122700931704e+01
3.080000000000000071e+01,4.547757117661879533e+01
3.082500000000000284e+01,4.549821113630637370e+01
3.085000000000000142e+01,4.552401108591584489e+01
3.087500000000000000e+01,4.556013101536910881e+01
3.090000000000000213e+01,4.561173091458805118e+01
3.092500000000000071e+01,4.566075081884605424e+01
3.095000000000000284e+01,4.571235071806499661e+01
3.097500000000000142e+01,4.576137062232299968e+01
3.100000000000000000e+01,4.581297052154194205e+01
3.102500000000000213e+01,4.586199042579993801e+01
3.105000000000000071e+01,4.591359032501888748e+01
3.107500000000000284e+01,4.596261022927689055e+01
3.110000000000000142e+01,4.599873015873015447e+01
3.112500000000000000e+01,4.602195011337867925e+01
3.115000000000000213e+01,4.604517006802720402e+01
3.117500000000000071e+01,4.606839002267572880e+01
3.120000000000000284e+01,4.609160997732425358e+01
3.122500000000000142e+01,4.611482993197277835e+01
3.125000000000000000e+01,4.613804988662131024e+01
3.127500000000000213e+01,4.616126984126983501e+01
3.130000000000000071e+01,4.618448979591836689e+01
3.132500000000000284e+01,4.620770975056688457e+01
3.135000000000000142e+01,4.623092970521540934e+01
3.137500000000000000e+01,4.625414965986393412e+01
3.140000000000000213e+01,4.627736961451245890e+01
3.142500000000000071e+01,4.630058956916099078e+01
3.145000000000000284e+01,4.632380952380951555e+01
3.147500000000000142e+01,4.634702947845804744e+01
3.150000000000000000e+01,4.637024943310657221e+01
3.152500000000000213e+01,4.639346938775509699e+01
3.155000000000000071e+01,4.641668934240362177e+01
3.157500000000000284e+01,4.643990929705214654e+01
3.160000000000000142e+01,4.646312925170067842e+01
3.162500000000000000e+01,4.648634920634920320e+01
3.165000000000000213e+01,4.650956916099773508e+01
3.167500000000000071e+01,4.653278911564625275e+01
3.170000000000000284e+01,4.655600907029477753e+01
3.172500000000000142e+01,4.657922902494330231e+01
3.175000000000000000e+01,4.660244897959182708e+01
3.177500000000000213e+01,4.662566893424035186e+01
3.180000000000000071e+01,4.664888888888887664e+01
3.182500000000000284e+01,4.667210884353740852e+01
3.185000000000000142e+01,4.669532879818594040e+01
3.187500000000000000e+01,4.671854875283446518e+01
3.190000000000000213e+01,4.675208868732677558e+01
3.192500000000000071e+01,4.679594860166288584e+01
3.195000000000000284e+01,4.683980851599898187e+01
3.197500000000000142e+01,4.688366843033509213e+01
3.200000000000000000e+01,4.692752834467120238e+01
3.202499999999999858e+01,4.697138825900730552e+01
3.205000000000000426e+01,4.701524817334340867e+01
3.207500000000000284e+01,4.705910808767951181e+01
3.210000000000000142e+01,4.710296800201561496e+01
3.212500000000000000e+01,4.713650793650792536e+01
3.214999999999999858e+01,4.715972789115645014e+01
3.217500000000000426e+01,4.718294784580497492e+01
3.220000000000000284e+01,4.720616780045350680e+01
3.222500000000000142e+01,4.722938775510203868e+01
3.225000000000000000e+01,4.725260770975056346e+01
3.227499999999999858e+01,4.727582766439908823e+01
3.230000000000000426e+01,4.729904761904761301e+01
3.232500000000000284e+01,4.732226757369613779e+01
3.235000000000000142e+01,4.734548752834466256e+01
3.237500000000000000e+01,4.736870748299319445e+01
3.239999999999999858e+01,4.739192743764171922e+01
3.242500000000000426e+01,4.741514739229024400e+01
3.245000000000000284e+01,4.743836734693876878e+01
3.247500000000000142e+01,4.746158730158729355e+01
3.250000000000000000e+01,4.748480725623581833e+01
3.252499999999999858e+01,4.750802721088434311e+01
3.255000000000000426e+01,4.753124716553287499e+01
3.257500000000000284e+01,4.755446712018139976e+01
3.260000000000000142e+01,4.757768707482993165e+01
3.262500000000000000e+01,4.760090702947845642e+01
3.264999999999999858e+01,4.762412698412697409e+01
3.267500000000000426e+01,4.764734693877550598e+01
3.270000000000000284e+01,4.767056689342402365e+01
3.272500000000000142e+01,4.769378684807254842e+01
3.275000000000000000e+01,4.771700680272107320e+01
3.277499999999999858e+01,4.774022675736960508e+01
3.280000000000000426e+01,4.776344671201813696e+01
3.282500000000000284e+01,4.778666666666666174e+01
3.285000000000000142e+01,4.780988662131518652e+01
3.287500000000000000e+01,4.783310657596371129e+01
3.289999999999999858e+01,4.785632653061223607e+01
3.292500000000000426e+01,4.787954648526076085e+01
3.295000000000000284e+01,4.790276643990929273e+01
3.297500000000000142e+01,4.792598639455781750e+01
3.300000000000000000e+01,4.794920634920634939e+01
3.302499999999999858e+01,4.797242630385486706e+01
3.305000000000000426e+01,4.799564625850339183e+01
3.307500000000000284e+01,4.801886621315191661e+01
3.310000000000000142e+01,4.804208616780044139e+01
3.312500000000000000e+01,4.806530612244897327e+01
3.314999999999999858e+01,4.808852607709749805e+01
3.317500000000000426e+01,4.811174603174602993e+01
3.320000000000000284e+01,4.813496598639455470e+01
3.322500000000000142e+01,4.815818594104307948e+01
3.325000000000000000e+01,4.818140589569160426e+01
3.327499999999999858e+01,4.820462585034012193e+01
3.330000000000000426e+01,4.822784580498865381e+01
3.332500000000000284e+01,4.825106575963717859e+01
3.335000000000000142e+01,4.827428571428571047e+01
3.337500000000000000e+01,4.829750566893423525e+01
3.339999999999999858e+01,4.832072562358276002e+01
3.342500000000000426e+01,4.834394557823128480e+01
3.345000000000000284e+01,4.836716553287980958e+01
3.347500000000000142e+01,4.839038548752833435e+01
3.350000000000000000e+01,4.841360544217685913e+01
3.352499999999999858e+01,4.843682539682539101e+01
3.355000000000000426e+01,4.846004535147391579e+01
3.357500000000000284e+01,4.848326530612244767e+01
3.360000000000000142e+01,4.850648526077097245e+01
3.362500000000000000e+01,4.852970521541949722e+01
3.364999999999999858e+01,4.855292517006801489e+01
3.367500000000000426e+01,4.857614512471653967e+01
3.370000000000000284e+01,4.859936507936507155e+01
3.372500000000000142e+01,4.862258503401359633e+01
3.375000000000000000e+01,4.864580498866212821e+01
3.377499999999999858e+01,4.866902494331065299e+01
3.380000000000000426e+01,4.869224489795917776e+01
3.382500000000000284e+01,4.871546485260770254e+01
3.385000000000000142e+01,4.873868480725622732e+01
3.387500000000000000e+01,4.877222474174854483e+01
3.389999999999999858e+01,4.884188460569411916e+01
3.392500000000000426e+01,4.893476442428822537e+01
3.395000000000000284e+01,4.902764424288232448e+01
3.397500000000000142e+01,4.912052406147643069e+01
3.400000000000000000e+01,4.921340388007053690e+01
3.402499999999999858e+01,4.930628369866465022e+01
3.405000000000000426e+01,4.939916351725875643e+01
3.407500000000000284e+01,4.949204333585285553e+01
3.410000000000000142e+01,4.957460317460316901e+01
3.412500000000000000e+01,4.962104308390021856e+01
3.414999999999999858e+01,4.964426303854874334e+01
3.417500000000000426e+01,4.966748299319727522e+01
3.420000000000000284e+01,4.969070294784580000e+01
3.422500000000000142e+01,4.971392290249433188e+01
3.425000000000000000e+01,4.973714285714284955e+01
3.427499999999999858e+01,4.976036281179137433e+01
3.430000000000000426e+01,4.978358276643989910e+01
3.432500000000000284e+01,4.980680272108842388e+01
3.435000000000000142e+01,4.983002267573695576e+01
3.437500000000000000e+01,4.985324263038548054e+01
3.439999999999999858e+01,4.987646258503401242e+01
3.442500000000000426e+01,4.989968253968253720e+01
3.445000000000000284e+01,4.992290249433106197e+01
3.447500000000000142e+01,4.994612244897958675e+01
3.450000000000000000e+01,4.996934240362810442e+01
3.452499999999999858e+01,4.999256235827662920e+01
3.455000000000000426e+01,5.001578231292516108e+01
3.457500000000000284e+01,5.003900226757369296e+01
3.460000000000000142e+01,5.006222222222221774e+01
3.462500000000000000e+01,5.008544217687074251e+01
3.464999999999999858e+01,5.010866213151926729e+01
3.467500000000000426e+01,5.013188208616779207e+01
3.470000000000000284e+01,5.015510204081631684e+01
3.472500000000000142e+01,5.017832199546484162e+01
3.475000000000000000e+01,5.020154195011337350e+01
3.477499999999999858e+01,5.022476190476189828e+01
3.480000000000000426e+01,5.024798185941043016e+01
3.482500000000000284e+01,5.027120181405895494e+01
3.485000000000000142e+01,5.029442176870747971e+01
3.487500000000000000e+01,5.031764172335599739e+01
3.489999999999999858e+01,5.034086167800452216e+01
3.492500000000000426e+01,5.036408163265305404e+01
3.495000000000000284e+01,5.038730158730157882e+01
3.497500000000000142e+01,5.041052154195011070e+01
3.500000000000000000e+01,5.043374149659863548e+01
3.502499999999999858e+01,5.045696145124716026e+01
3.505000000000000426e+01,5.048018140589568503e+01
3.507500000000000284e+01,5.050340136054420981e+01
3.510000000000000142e+01,5.052662131519274169e+01
3.512500000000000000e+01,5.054984126984126647e+01
3.514999999999999858e+01,5.057306122448979835e+01
3.517500000000000426e+01,5.059628117913832313e+01
3.520000000000000284e+01,5.061950113378684080e+01
3.522500000000000142e+01,5.064272108843536557e+01
3.525000000000000000e+01,5.066594104308389035e+01
3.527499999999999858e+01,5.068916099773241513e+01
3.530000000000000426e+01,5.071238095238093990e+01
3.532500000000000284e+01,5.073560090702947178e+01
3.535000000000000142e+01,5.075882086167799656e+01
3.537500000000000000e+01,5.078204081632652844e+01
3.539999999999999858e+01,5.080526077097505322e+01
3.542500000000000426e+01,5.082848072562357800e+01
3.545000000000000284e+01,5.085170068027209567e+01
3.547500000000000142e+01,5.087492063492062044e+01
3.550000000000000000e+01,5.089814058956915233e+01
3.552499999999999858e+01,5.092136054421768421e+01
3.555000000000000426e+01,5.094458049886620898e+01
3.557500000000000284e+01,5.096780045351473376e+01
3.560000000000000142e+01,5.099102040816325854e+01
3.562500000000000000e+01,5.101424036281178331e+01
3.564999999999999858e+01,5.103746031746030809e+01
3.567500000000000426e+01,5.106068027210883997e+01
3.570000000000000284e+01,5.108390022675736475e+01
3.572500000000000142e+01,5.110712018140589663e+01
3.575000000000000000e+01,5.113034013605442141e+01
3.577499999999999858e+01,5.115356009070294618e+01
3.580000000000000426e+01,5.117678004535146385e+01
3.582500000000000284e+01,5.119999999999998863e+01
3.585000000000000142e+01,5.122321995464851341e+01
3.587500000000000000e+01,5.127223985890651647e+01
3.589999999999999858e+01,5.134447971781304432e+01
3.592500000000000426e+01,5.141671957671956505e+01
3.595000000000000284e+01,5.148895943562608579e+01
3.597500000000000142e+01,5.156119929453262074e+01
3.600000000000000000e+01,5.163343915343914858e+01
3.602499999999999858e+01,5.170567901234567643e+01
3.605000000000000426e+01,5.177533887629125786e+01
3.607500000000000284e+01,5.184241874527588578e+01
3.610000000000000142e+01,5.188111866969009611e+01
3.612500000000000000e+01,5.189401864449483526e+01
3.614999999999999858e+01,5.190433862433862799e+01
3.617500000000000426e+01,5.191207860922146722e+01
3.620000000000000284e+01,5.191723859914336003e+01
3.622500000000000142e+01,5.191981859410430644e+01
3.625000000000000000e+01,5.191981859410430644e+01
3.627499999999999858e+01,5.191981859410430644e+01
3.630000000000000426e+01,5.191981859410430644e+01
3.632500000000000284e+01,5.191981859410430644e+01
3.635000000000000142e+01,5.191981859410430644e+01
3.637500000000000000e+01,5.191981859410430644e+01
3.639999999999999858e+01,5.191981859410430644e+01
3.642500000000000426e+01,5.191981859410430644e+01
3.645000000000000284e+01,5.191981859410430644e+01
3.647500000000000142e+01,5.191981859410430644e+01
3.650000000000000000e+01,5.191981859410430644e+01
3.652499999999999858e+01,5.191981859410430644e+01
3.655000000000000426e+01,5.191981859410430644e+01
3.657500000000000284e+01,5.191981859410430644e+01
3.660000000000000142e+01,5.191981859410430644e+01
3.662500000000000000e+01,5.191981859410430644e+01
3.664999999999999858e+01,5.191981859410430644e+01
3.667500000000000426e+01,5.191981859410430644e+01
3.670000000000000284e+01,5.191981859410430644e+01
3.672500000000000142e+01,5.191981859410430644e+01
3.675000000000000000e+01,5.191981859410430644e+01
3.677499999999999858e+01,5.191981859410430644e+01
3.680000000000000426e+01,5.191981859410430644e+01
3.682500000000000284e+01,5.191981859410430644e+01
3.685000000000000142e+01,5.191981859410430644e+01
3.687500000000000000e+01,5.191981859410430644e+01
3.689999999999999858e+01,5.191981859410430644e+01
3.692500000000000426e+01,5.191981859410430644e+01
3.695000000000000284e+01,5.191981859410430644e+01
3.697500000000000142e+01,5.191981859410430644e+01
3.700000000000000000e+01,5.191981859410430644e+01
3.702499999999999858e+01,5.191981859410430644e+01
3.705000000000000426e+01,5.191981859410430644e+01
3.707500000000000284e+01,5.191981859410430644e+01
3.710000000000000142e+01,5.191981859410430644e+01
3.712500000000000000e+01,5.191981859410430644e+01
3.714999999999999858e+01,5.191981859410430644e+01
3.717500000000000426e+01,5.191981859410430644e+01
3.720000000000000284e+01,5.191981859410430644e+01
3.722500000000000142e+01,5.191981859410430644e+01
3.725000000000000000e+01,5.191981859410430644e+01
3.727499999999999858e+01,5.191981859410430644e+01
3.730000000000000426e+01,5.191981859410430644e+01
3.732500000000000284e+01,5.191981859410430644e+01
3.735000000000000142e+01,5.191981859410430644e+01
3.737500000000000000e+01,5.191981859410430644e+01
3.739999999999999858e+01,5.191981859410430644e+01
3.742500000000000426e+01,5.191981859410430644e+01
3.745000000000000284e+01,5.191981859410430644e+01
3.747500000000000142e+01,5.191981859410430644e+01
3.750000000000000000e+01,5.191981859410430644e+01
3.752499999999999858e+01,5.191981859410430644e+01
3.755000000000000426e+01,5.191981859410430644e+01
3.757500000000000284e+01,5.191981859410430644e+01
3.760000000000000142e+01,5.191981859410430644e+01
3.762500000000000000e+01,5.191981859410430644e+01
3.764999999999999858e+01,5.192239858906525285e+01
3.767500000000000426e+01,5.192755857898714567e+01
3.770000000000000284e+01,5.193529856386998489e+01
3.772500000000000142e+01,5.194561854371377052e+01
3.775000000000000000e+01,5.195851851851851677e+01
3.777499999999999858e+01,5.197399848828420232e+01
3.780000000000000426e+01,5.199205845301083428e+01
3.782500000000000284e+01,5.201269841269841265e+01
3.785000000000000142e+01,5.203591836734693743e+01
3.787500000000000000e+01,5.205913832199545510e+01
3.789999999999999858e+01,5.208751826656587980e+01
3.792500000000000426e+01,5.211847820609724380e+01
3.795000000000000284e+01,5.214943814562861490e+01
3.797500000000000142e+01,5.218039808515998601e+01
3.800000000000000000e+01,5.221135802469135001e+01
3.802499999999999858e+01,5.224231796422272112e+01
3.805000000000000426e+01,5.227327790375409222e+01
3.807500000000000284e+01,5.230423784328546333e+01
3.810000000000000142e+01,5.233519778281682733e+01
3.812500000000000000e+01,5.236099773242630562e+01
3.814999999999999858e+01,5.238421768707482329e+01
3.817500000000000426e+01,5.240743764172334807e+01
3.820000000000000284e+01,5.243065759637187284e+01
3.822500000000000142e+01,5.245387755102039762e+01
3.825000000000000000e+01,5.247709750566892239e+01
3.827499999999999858e+01,5.250031746031745428e+01
3.830000000000000426e+01,5.252353741496597905e+01
3.832500000000000284e+01,5.254675736961451094e+01
3.835000000000000142e+01,5.256997732426303571e+01
3.837500000000000000e+01,5.259319727891156049e+01
3.840000000000000568e+01,5.261641723356007816e+01
3.842500000000000426e+01,5.263963718820860294e+01
3.845000000000000284e+01,5.266285714285713482e+01
3.847500000000000142e+01,5.268607709750565959e+01
3.850000000000000000e+01,5.270929705215419148e+01
3.852500000000000568e+01,5.273251700680271625e+01
3.855000000000000426e+01,5.275573696145124103e+01
3.857500000000000284e+01,5.277895691609976581e+01
3.860000000000000142e+01,5.280217687074829058e+01
3.862500000000000000e+01,5.282539682539682246e+01
3.865000000000000568e+01,5.284861678004534724e+01
3.867500000000000426e+01,5.287183673469387912e+01
3.870000000000000284e+01,5.289505668934240390e+01
3.872500000000000142e+01,5.291827664399092868e+01
3.875000000000000000e+01,5.294149659863944635e+01
3.877500000000000568e+01,5.296471655328797112e+01
3.880000000000000426e+01,5.298793650793649590e+01
3.882500000000000284e+01,5.301115646258502068e+01
3.885000000000000142e+01,5.303437641723355256e+01
3.887500000000000000e+01,5.306275636180397015e+01
3.890000000000000568e+01,5.309371630133534126e+01
3.892500000000000426e+01,5.312467624086670526e+01
3.895000000000000284e+01,5.315563618039807636e+01
3.897500000000000142e+01,5.318659611992944747e+01
3.900000000000000000e+01,5.321755605946081857e+01
3.902500000000000568e+01,5.324851599899218257e+01
3.905000000000000426e+01,5.327947593852355368e+01
3.907500000000000284e+01,5.331043587805491768e+01
3.910000000000000142e+01,5.333623582766438886e+01
3.912500000000000000e+01,5.335945578231292075e+01
3.915000000000000568e+01,5.338267573696144552e+01
3.917500000000000426e+01,5.340589569160997740e+01
3.920000000000000284e+01,5.342911564625850218e+01
3.922500000000000142e+01,5.345233560090702696e+01
3.925000000000000000e+01,5.347555555555555173e+01
3.927500000000000568e+01,5.349877551020406941e+01
3.930000000000000426e+01,5.352199546485259418e+01
3.932500000000000284e+01,5.354521541950111896e+01
3.935000000000000142e+01,5.356843537414965084e+01
3.937500000000000000e+01,5.359165532879817562e+01
3.940000000000000568e+01,5.361487528344670750e+01
3.942500000000000426e+01,5.363809523809523228e+01
3.945000000000000284e+01,5.366131519274375705e+01
3.947500000000000142e+01,5.368453514739228183e+01
3.950000000000000000e+01,5.370775510204080661e+01
3.952500000000000568e+01,5.373097505668933849e+01
3.955000000000000426e+01,5.375419501133786326e+01
3.957500000000000284e+01,5.377741496598639515e+01
3.960000000000000142e+01,5.380063492063491992e+01
3.962500000000000000e+01,5.382385487528343759e+01
3.965000000000000568e+01,5.384707482993196237e+01
3.967500000000000426e+01,5.387029478458048715e+01
3.970000000000000284e+01,5.389351473922901903e+01
3.972500000000000142e+01,5.391673469387754380e+01
3.975000000000000000e+01,5.393995464852607569e+01
3.977500000000000568e+01,5.396317460317460046e+01
3.980000000000000426e+01,5.398639455782312524e+01
3.982500000000000284e+01,5.400961451247165002e+01
3.985000000000000142e+01,5.403283446712016769e+01
3.987500000000000000e+01,5.405605442176869957e+01
3.990000000000000568e+01,5.415151423532374508e+01
3.992500000000000426e+01,5.431663391282437914e+01
3.995000000000000284e+01,5.448433358528595249e+01
3.997500000000000142e+01,5.464945326278658655e+01
4.000000000000000000e+01,5.481715293524815991e+01
4.002500000000000568e+01,5.498227261274880107e+01
4.005000000000000426e+01,5.514997228521038153e+01
4.007500000000000284e+01,5.531509196271100848e+01
4.010000000000000142e+01,5.548279163517258894e+01
4.012500000000000000e+01,5.557567145376668805e+01
4.015000000000000568e+01,5.560147140337615923e+01
4.017500000000000426e+01,5.562211136306373760e+01
4.020000000000000284e+01,5.564791131267321589e+01
4.022500000000000142e+01,5.566855127236078715e+01
4.025000000000000000e+01,5.569435122197025834e+01
4.027500000000000568e+01,5.571499118165783671e+01
4.030000000000000426e+01,5.574079113126731500e+01
4.032500000000000284e+01,5.576143109095489336e+01
4.035000000000000142e+01,5.578723104056436455e+01
4.037500000000000000e+01,5.588011085915847076e+01
4.040000000000000568e+01,5.605813051146383685e+01
4.042500000000000426e+01,5.624389014865204217e+01
4.045000000000000284e+01,5.643222978080120100e+01
4.047500000000000142e+01,5.661798941798940632e+01
4.050000000000000000e+01,5.680632905013856515e+01
4.052500000000000568e+01,5.699208868732677047e+01
4.055000000000000426e+01,5.718042831947593641e+01
4.057500000000000284e+01,5.736618795666414172e+01
4.060000000000000142e+01,5.748228772990677271e+01
4.062500000000000000e+01,5.751582766439909022e+01
4.065000000000000568e+01,5.753904761904760790e+01
4.067500000000000426e+01,5.756226757369613267e+01
4.070000000000000284e+01,5.758548752834465745e+01
4.072500000000000142e+01,5.760870748299318223e+01
4.075000000000000000e+01,5.763192743764171411e+01
4.077500000000000568e+01,5.765514739229023888e+01
4.080000000000000426e+01,5.767836734693877077e+01
4.082500000000000284e+01,5.770158730158729554e+01
4.085000000000000142e+01,5.772480725623582032e+01
4.087500000000000000e+01,5.774802721088434510e+01
4.090000000000000568e+01,5.777124716553286987e+01
4.092500000000000426e+01,5.779446712018140175e+01
4.095000000000000284e+01,5.781768707482992653e+01
4.097500000000000142e+01,5.784090702947845841e+01
4.100000000000000000e+01,5.786412698412698319e+01
4.102500000000000568e+01,5.788734693877550797e+01
4.105000000000000426e+01,5.791056689342402564e+01
4.107500000000000284e+01,5.793378684807255041e+01
4.110000000000000142e+01,5.795700680272108229e+01
4.112500000000000000e+01,5.798022675736960707e+01
4.115000000000000568e+01,5.800344671201813895e+01
4.117500000000000426e+01,5.802666666666666373e+01
4.120000000000000284e+01,5.804988662131518851e+01
4.122500000000000142e+01,5.807310657596371328e+01
4.125000000000000000e+01,5.809632653061223095e+01
4.127500000000000568e+01,5.811954648526075573e+01
4.130000000000000426e+01,5.814276643990928761e+01
4.132500000000000284e+01,5.816598639455781949e+01
4.135000000000000142e+01,5.818920634920634427e+01
4.137500000000000000e+01,5.822274628369865468e+01
4.140000000000000568e+01,5.827176618795665064e+01
4.142500000000000426e+01,5.832594608213655363e+01
4.145000000000000284e+01,5.838012597631644951e+01
4.147500000000000142e+01,5.843430587049633829e+01
4.150000000000000000e+01,5.848848576467623417e+01
4.152500000000000568e+01,5.854266565885612295e+01
4.155000000000000426e+01,5.859684555303601883e+01
4.157500000000000284e+01,5.865102544721591471e+01
4.160000000000000142e+01,5.869488536155201786e+01
4.162500000000000000e+01,5.872326530612244966e+01
4.165000000000000568e+01,5.874648526077096733e+01
4.167500000000000426e+01,5.876970521541949211e+01
4.170000000000000284e+01,5.879292517006801688e+01
4.172500000000000142e+01,5.881614512471654166e+01
4.175000000000000000e+01,5.883936507936506644e+01
4.177500000000000568e+01,5.886258503401359832e+01
4.180000000000000426e+01,5.888580498866212309e+01
4.182500000000000284e+01,5.890902494331065498e+01
4.185000000000000142e+01,5.893224489795917975e+01
4.187500000000000000e+01,5.896062484252959734e+01
4.190000000000000568e+01,5.899932476694380057e+01
4.192500000000000426e+01,5.904318468127991082e+01
4.195000000000000284e+01,5.908704459561602107e+01
4.197500000000000142e+01,5.913090450995212422e+01
4.200000000000000000e+01,5.917476442428823447e+01
4.202500000000000568e+01,5.921862433862433761e+01
4.205000000000000426e+01,5.926248425296044076e+01
4.207500000000000284e+01,5.930634416729653680e+01
4.210000000000000142e+01,5.934504409171074713e+01
4.212500000000000000e+01,5.937342403628116472e+01
4.215000000000000568e+01,5.939664399092969660e+01
4.217500000000000426e+01,5.941986394557822138e+01
4.220000000000000284e+01,5.944308390022675326e+01
4.222500000000000142e+01,5.946630385487527803e+01
4.225000000000000000e+01,5.948952380952380281e+01
4.227500000000000568e+01,5.951274376417232759e+01
4.230000000000000426e+01,5.953596371882085236e+01
4.232500000000000284e+01,5.955918367346938425e+01
4.235000000000000142e+01,5.958240362811790902e+01
4.237500000000000000e+01,5.961078357268833372e+01
4.240000000000000568e+01,5.969850340136054001e+01
4.242500000000000426e+01,5.984040312421263508e+01
4.245000000000000284e+01,5.997972285210379084e+01
4.247500000000000142e+01,6.012162257495589301e+01
4.250000000000000000e+01,6.026094230284704878e+01
4.252500000000000568e+01,6.040284202569915806e+01
4.255000000000000426e+01,6.054216175359031382e+01
4.257500000000000284e+01,6.068406147644242310e+01
4.260000000000000142e+01,6.081822121441168605e+01
4.262500000000000000e+01,6.089562106324010671e+01
4.265000000000000568e+01,6.091626102292768508e+01
4.267500000000000426e+01,6.094206097253714915e+01
4.270000000000000284e+01,6.096270093222473463e+01
4.272500000000000142e+01,6.098850088183420581e+01
4.275000000000000000e+01,6.100914084152178418e+01
4.277500000000000568e+01,6.103494079113125537e+01
4.280000000000000426e+01,6.105558075081884084e+01
4.282500000000000284e+01,6.108138070042831202e+01
4.285000000000000142e+01,6.110202066011589039e+01
4.287500000000000000e+01,6.112782060972536158e+01
4.290000000000000568e+01,6.114846056941294705e+01
4.292500000000000426e+01,6.117426051902242534e+01
4.295000000000000284e+01,6.119490047870999661e+01
4.297500000000000142e+01,6.122070042831947490e+01
4.300000000000000000e+01,6.124134038800704616e+01
4.302500000000000568e+01,6.126714033761651734e+01
4.305000000000000426e+01,6.128778029730409571e+01
4.307500000000000284e+01,6.131358024691357400e+01
4.310000000000000142e+01,6.133422020660115948e+01
4.312500000000000000e+01,6.136002015621063066e+01
4.315000000000000568e+01,6.138066011589820903e+01
4.317500000000000426e+01,6.140646006550768021e+01
4.320000000000000284e+01,6.142710002519525858e+01
4.322500000000000142e+01,6.145289997480472266e+01
4.325000000000000000e+01,6.147353993449230103e+01
4.327500000000000568e+01,6.149933988410177932e+01
4.330000000000000426e+01,6.151997984378935769e+01
4.332500000000000284e+01,6.154577979339883598e+01
4.335000000000000142e+01,6.156641975308642145e+01
4.337500000000000000e+01,6.164381960191484211e+01
4.340000000000000568e+01,6.177281934996220514e+01
4.342500000000000426e+01,6.190439909297052168e+01
4.345000000000000284e+01,6.203339884101788471e+01
4.347500000000000142e+01,6.216497858402620125e+01
4.350000000000000000e+01,6.229397833207356427e+01
4.352500000000000568e+01,6.242555807508188082e+01
4.355000000000000426e+01,6.255455782312924384e+01
4.357500000000000284e+01,6.268613756613756038e+01
4.360000000000000142e+01,6.276353741496598815e+01
4.362500000000000000e+01,6.278675736961451292e+01
4.365000000000000568e+01,6.280997732426303770e+01
4.367500000000000426e+01,6.283319727891156248e+01
4.370000000000000284e+01,6.285641723356008015e+01
4.372500000000000142e+01,6.287963718820860493e+01
4.375000000000000000e+01,6.290285714285712970e+01
4.377500000000000568e+01,6.292607709750566158e+01
4.380000000000000426e+01,6.294929705215418636e+01
4.382500000000000284e+01,6.297251700680271824e+01
4.385000000000000142e+01,6.299573696145124302e+01
4.387500000000000000e+01,6.301895691609976780e+01
4.390000000000000568e+01,6.310667674477197409e+01
4.392500000000000426e+01,6.325631645250692969e+01
4.395000000000000284e+01,6.340853615520281750e+01
4.397500000000000142e+01,6.355817586293776600e+01
4.400000000000000000e+01,6.371039556563366091e+01
4.402500000000000568e+01,6.386003527336859520e+01
4.405000000000000426e+01,6.401225497606449721e+01
4.407500000000000284e+01,6.416189468379944572e+01
4.410000000000000142e+01,6.431411438649534773e+01
4.412500000000000000e+01,6.439925422020660051e+01
4.415000000000000568e+01,6.442505416981607880e+01
4.417500000000000426e+01,6.444569412950365006e+01
4.420000000000000284e+01,6.447149407911312835e+01
4.422500000000000142e+01,6.449213403880069961e+01
4.425000000000000000e+01,6.451793398841017790e+01
4.427500000000000568e+01,6.453857394809776338e+01
4.430000000000000426e+01,6.456437389770724167e+01
4.432500000000000284e+01,6.458501385739481293e+01
4.435000000000000142e+01,6.461081380700427701e+01
4.437500000000000000e+01,6.463145376669186248e+01
4.440000000000000568e+01,6.465725371630132656e+01
4.442500000000000426e+01,6.467789367598891204e+01
4.445000000000000284e+01,6.470369362559839033e+01
4.447500000000000142e+01,6.472433358528596159e+01
4.450000000000000000e+01,6.475013353489543988e+01
4.452500000000000568e+01,6.477077349458301114e+01
4.455000000000000426e+01,6.479657344419248943e+01
4.457500000000000284e+01,6.481721340388006070e+01
4.460000000000000142e+01,6.484301335348953899e+01
4.462500000000000000e+01,6.486365331317711025e+01
4.465000000000000568e+01,6.488945326278658854e+01
4.467500000000000426e+01,6.491009322247417401e+01
4.470000000000000284e+01,6.493589317208365230e+01
4.472500000000000142e+01,6.495653313177122357e+01
4.475000000000000000e+01,6.498233308138070186e+01
4.477500000000000568e+01,6.500297304106827312e+01
4.480000000000000426e+01,6.502877299067773720e+01
4.482500000000000284e+01,6.504941295036532267e+01
4.485000000000000142e+01,6.507521289997480096e+01
4.487500000000000000e+01,6.509585285966238644e+01
4.490000000000000568e+01,6.512165280927185051e+01
4.492500000000000426e+01,6.514229276895943599e+01
4.495000000000000284e+01,6.516809271856890007e+01
4.497500000000000142e+01,6.518873267825648554e+01
4.500000000000000000e+01,6.521453262786594962e+01
4.502500000000000568e+01,6.523517258755353510e+01
4.505000000000000426e+01,6.526097253716299917e+01
4.507500000000000284e+01,6.528161249685058465e+01
4.510000000000000142e+01,6.530741244646006294e+01
4.512500000000000000e+01,6.532805240614763420e+01
4.515000000000000568e+01,6.535385235575711249e+01
4.517500000000000426e+01,6.537449231544468375e+01
4.520000000000000284e+01,6.540029226505416204e+01
4.522500000000000142e+01,6.542093222474174752e+01
4.525000000000000000e+01,6.544673217435122581e+01
4.527500000000000568e+01,6.546737213403879707e+01
4.530000000000000426e+01,6.549317208364827536e+01
4.532500000000000284e+01,6.551381204333584662e+01
4.535000000000000142e+01,6.553961199294532491e+01
4.537500000000000000e+01,6.556025195263289618e+01
4.540000000000000568e+01,6.558605190224237447e+01
4.542500000000000426e+01,6.560669186192995994e+01
4.545000000000000284e+01,6.563249181153943823e+01
4.547500000000000142e+01,6.565313177122700949e+01
4.550000000000000000e+01,6.567893172083647357e+01
4.552500000000000568e+01,6.569957168052405905e+01
4.555000000000000426e+01,6.572537163013352313e+01
4.557500000000000284e+01,6.574601158982110860e+01
4.560000000000000142e+01,6.577181153943058689e+01
4.562500000000000000e+01,6.579245149911815815e+01
4.565000000000000568e+01,6.581825144872763644e+01
4.567500000000000426e+01,6.583889140841520771e+01
4.570000000000000284e+01,6.586469135802468600e+01
4.572500000000000142e+01,6.588533131771225726e+01
4.575000000000000000e+01,6.591113126732173555e+01
4.577500000000000568e+01,6.593177122700930681e+01
4.580000000000000426e+01,6.595757117661878510e+01
4.582500000000000284e+01,6.597821113630637058e+01
4.585000000000000142e+01,6.600401108591584887e+01
4.587500000000000000e+01,6.608915091962710164e+01
4.590000000000000568e+01,6.629039052658099251e+01
4.592500000000000426e+01,6.653807004283194715e+01
4.595000000000000284e+01,6.678574955908288757e+01
4.597500000000000142e+01,6.703342907533382800e+01
4.600000000000000000e+01,6.728110859158478263e+01
4.602500000000000568e+01,6.752878810783572305e+01
4.605000000000000426e+01,6.777646762408666348e+01
4.607500000000000284e+01,6.802414714033761811e+01
4.610000000000000142e+01,6.820732678256487702e+01
4.612500000000000000e+01,6.827956664147140486e+01
4.615000000000000568e+01,6.830020660115897613e+01
4.617500000000000426e+01,6.832600655076845442e+01
4.620000000000000284e+01,6.834664651045602568e+01
4.622500000000000142e+01,6.837244646006550397e+01
4.625000000000000000e+01,6.839308641975307523e+01
4.627500000000000568e+01,6.841888636936255352e+01
4.630000000000000426e+01,6.843952632905013900e+01
4.632500000000000284e+01,6.846532627865961729e+01
4.635000000000000142e+01,6.848596623834718855e+01
4.637500000000000000e+01,6.851176618795666684e+01
4.640000000000000568e+01,6.853240614764423810e+01
4.642500000000000426e+01,6.855820609725370218e+01
4.645000000000000284e+01,6.857884605694128766e+01
4.647500000000000142e+01,6.860464600655076595e+01
4.650000000000000000e+01,6.862528596623833721e+01
4.652500000000000568e+01,6.865108591584781550e+01
4.655000000000000426e+01,6.867172587553538676e+01
4.657500000000000284e+01,6.869752582514486505e+01
4.660000000000000142e+01,6.871816578483243632e+01
4.662500000000000000e+01,6.874396573444191461e+01
4.665000000000000568e+01,6.876460569412950008e+01
4.667500000000000426e+01,6.879040564373896416e+01
4.670000000000000284e+01,6.881104560342654963e+01
4.672500000000000142e+01,6.883684555303602792e+01
4.675000000000000000e+01,6.885748551272359919e+01
4.677500000000000568e+01,6.888328546233307748e+01
4.680000000000000426e+01,6.890392542202064874e+01
4.682500000000000284e+01,6.892972537163012703e+01
4.685000000000000142e+01,6.895036533131771250e+01
4.687500000000000000e+01,6.897616528092719079e+01
4.690000000000000568e+01,6.899680524061476206e+01
4.692500000000000426e+01,6.902260519022424035e+01
4.695000000000000284e+01,6.904324514991181161e+01
4.697500000000000142e+01,6.906904509952128990e+01
4.700000000000000000e+01,6.908968505920886116e+01
4.702500000000000568e+01,6.911548500881832524e+01
4.705000000000000426e+01,6.913612496850591072e+01
4.707500000000000284e+01,6.916192491811537479e+01
4.710000000000000142e+01,6.918256487780297448e+01
4.712500000000000000e+01,6.920836482741243856e+01
4.715000000000000568e+01,6.922900478710002403e+01
4.717500000000000426e+01,6.925480473670948811e+01
4.720000000000000284e+01,6.927544469639707359e+01
4.722500000000000142e+01,6.930124464600655187e+01
4.725000000000000000e+01,6.932188460569412314e+01
4.727500000000000568e+01,6.934768455530360143e+01
4.730000000000000426e+01,6.936832451499117269e+01
4.732500000000000284e+01,6.939412446460065098e+01
4.735000000000000142e+01,6.941476442428822224e+01
4.737500000000000000e+01,6.948700428319475009e+01
4.740000000000000568e+01,6.960568405139832748e+01
4.742500000000000426e+01,6.972694381456284418e+01
4.745000000000000284e+01,6.984562358276645000e+01
4.747500000000000142e+01,6.996688334593096670e+01
4.750000000000000000e+01,7.008556311413454409e+01
4.752500000000000568e+01,7.020682287729906079e+01
4.755000000000000426e+01,7.032550264550263819e+01
4.757500000000000284e+01,7.044676240866715489e+01
4.760000000000000142e+01,7.051900226757368273e+01
4.762500000000000000e+01,7.054222222222220751e+01
4.765000000000000568e+01,7.056544217687074649e+01
4.767500000000000426e+01,7.058866213151927127e+01
4.770000000000000284e+01,7.061188208616779605e+01
4.772500000000000142e+01,7.063510204081632082e+01
4.775000000000000000e+01,7.065832199546484560e+01
4.777500000000000568e+01,7.068154195011337038e+01
4.780000000000000426e+01,7.070476190476189515e+01
4.782500000000000284e+01,7.072798185941043414e+01
4.785000000000000142e+01,7.075120181405895892e+01
4.787500000000000000e+01,7.077442176870748369e+01
4.790000000000000568e+01,7.080022171831694777e+01
4.792500000000000426e+01,7.082602166792642606e+01
4.795000000000000284e+01,7.085440161249684365e+01
4.797500000000000142e+01,7.088020156210630773e+01
4.800000000000000000e+01,7.090858150667673954e+01
4.802500000000000568e+01,7.093438145628621783e+01
4.805000000000000426e+01,7.096276140085663542e+01
4.807500000000000284e+01,7.098856135046609950e+01
4.810000000000000142e+01,7.101694129503651709e+01
4.812500000000000000e+01,7.104016124968505608e+01
4.815000000000000568e+01,7.106596119929453437e+01
4.817500000000000426e+01,7.108660115898210563e+01
4.820000000000000284e+01,7.111240110859158392e+01
4.822500000000000142e+01,7.113304106827915518e+01
4.825000000000000000e+01,7.115884101788863347e+01
4.827500000000000568e+01,7.117948097757620474e+01
4.830000000000000426e+01,7.120528092718568303e+01
4.832500000000000284e+01,7.122592088687325429e+01
4.835000000000000142e+01,7.125172083648273258e+01
4.837500000000000000e+01,7.127494079113127157e+01
4.840000000000000568e+01,7.130590073066264267e+01
4.842500000000000426e+01,7.133686067019399957e+01
4.845000000000000284e+01,7.137040060468630998e+01
4.847500000000000142e+01,7.140136054421768108e+01
4.850000000000000000e+01,7.143490047871000570e+01
4.852500000000000568e+01,7.146586041824137681e+01
4.855000000000000426e+01,7.149940035273368721e+01
4.857500000000000284e+01,7.153036029226504411e+01
4.860000000000000142e+01,7.156132023179641521e+01
4.862500000000000000e+01,7.158712018140587929e+01
4.865000000000000568e+01,7.161034013605440407e+01
4.867500000000000426e+01,7.163356009070294306e+01
4.870000000000000284e+01,7.165678004535146783e+01
4.872500000000000142e+01,7.167999999999999261e+01
4.875000000000000000e+01,7.170321995464851739e+01
4.877500000000000568e+01,7.172643990929704216e+01
4.880000000000000426e+01,7.174965986394556694e+01
4.882500000000000284e+01,7.177287981859409172e+01
4.885000000000000142e+01,7.179609977324263070e+01
4.887500000000000000e+01,7.181931972789115548e+01
4.890000000000000568e+01,7.184253968253968026e+01
4.892500000000000426e+01,7.186575963718820503e+01
4.895000000000000284e+01,7.188897959183672981e+01
4.897500000000000142e+01,7.191219954648525459e+01
4.900000000000000000e+01,7.193541950113377936e+01
4.902500000000000568e+01,7.195863945578230414e+01
4.905000000000000426e+01,7.198185941043084313e+01
4.907500000000000284e+01,7.200507936507935369e+01
4.910000000000000142e+01,7.202829931972787847e+01
4.912500000000000000e+01,7.205151927437641746e+01
4.915000000000000568e+01,7.207473922902494223e+01
4.917500000000000426e+01,7.209795918367346701e+01
4.920000000000000284e+01,7.212117913832199179e+01
4.922500000000000142e+01,7.214439909297051656e+01
4.925000000000000000e+01,7.216761904761904134e+01
4.927500000000000568e+01,7.219083900226756612e+01
4.930000000000000426e+01,7.221405895691610510e+01
4.932500000000000284e+01,7.223727891156461567e+01
4.935000000000000142e+01,7.226049886621314045e+01
4.937500000000000000e+01,7.228629881582261874e+01
4.940000000000000568e+01,7.232757873519778968e+01
4.942500000000000426e+01,7.238691861929956417e+01
4.945000000000000284e+01,7.244367850844039936e+01
4.947500000000000142e+01,7.250301839254220226e+01
4.950000000000000000e+01,7.255977828168303745e+01
4.952500000000000568e+01,7.261911816578484036e+01
4.955000000000000426e+01,7.267587805492567554e+01
4.957500000000000284e+01,7.273521793902746424e+01
4.960000000000000142e+01,7.278939783320734591e+01
4.962500000000000000e+01,7.283067775258251686e+01
4.965000000000000568e+01,7.285131771227008812e+01
4.967500000000000426e+01,7.287711766187956641e+01
4.970000000000000284e+01,7.289775762156713768e+01
4.972500000000000142e+01,7.292355757117661597e+01
4.975000000000000000e+01,7.294419753086418723e+01
4.977500000000000568e+01,7.296999748047366552e+01
4.980000000000000426e+01,7.299063744016123678e+01
4.982500000000000284e+01,7.301643738977070086e+01
4.985000000000000142e+01,7.303707734945827212e+01
4.987500000000000000e+01,7.307835726883345728e+01
4.990000000000000568e+01,7.312995716805239965e+01
4.992500000000000426e+01,7.318671705719323484e+01
4.995000000000000284e+01,7.323831695641217721e+01
4.997500000000000142e+01,7.329507684555304081e+01
5.000000000000000000e+01,7.334667674477198318e+01
5.002500000000000568e+01,7.340343663391281837e+01
5.005000000000000426e+01,7.345503653313176073e+01
5.007500000000000284e+01,7.351179642227261013e+01
5.010000000000000142e+01,7.354791635172587405e+01
5.012500000000000000e+01,7.357371630133535234e+01
5.015000000000000568e+01,7.359435626102292360e+01
5.017500000000000426e+01,7.362015621063240189e+01
5.020000000000000284e+01,7.364079617031997316e+01
5.022500000000000142e+01,7.366659611992945145e+01
5.025000000000000000e+01,7.368723607961702271e+01
5.027500000000000568e+01,7.371303602922648679e+01
5.030000000000000426e+01,7.373367598891405805e+01
5.032500000000000284e+01,7.375947593852353634e+01
5.035000000000000142e+01,7.378011589821113603e+01
5.037500000000000000e+01,7.380591584782061432e+01
5.040000000000000568e+01,7.382913580246912488e+01
5.042500000000000426e+01,7.385493575207860317e+01
5.045000000000000284e+01,7.387815570672712795e+01
5.047500000000000142e+01,7.390395565633660624e+01
5.050000000000000000e+01,7.392717561098513102e+01
5.052500000000000568e+01,7.395297556059460931e+01
5.055000000000000426e+01,7.397619551524313408e+01
5.057500000000000284e+01,7.400199546485259816e+01
5.060000000000000142e+01,7.402521541950112294e+01
5.062500000000000000e+01,7.404843537414964771e+01
5.065000000000000568e+01,7.407165532879817249e+01
5.067500000000000426e+01,7.409487528344669727e+01
5.070000000000000284e+01,7.411809523809522204e+01
5.072500000000000142e+01,7.414131519274374682e+01
5.075000000000000000e+01,7.416453514739228581e+01
5.077500000000000568e+01,7.418775510204081058e+01
5.080000000000000426e+01,7.421097505668933536e+01
5.082500000000000284e+01,7.423419501133786014e+01
5.085000000000000142e+01,7.425741496598638491e+01
5.087500000000000000e+01,7.428063492063490969e+01
5.090000000000000568e+01,7.430385487528343447e+01
5.092500000000000426e+01,7.432707482993195924e+01
5.095000000000000284e+01,7.435029478458049823e+01
5.097500000000000142e+01,7.437351473922902301e+01
5.100000000000000000e+01,7.439673469387754778e+01
5.102500000000000568e+01,7.441995464852607256e+01
5.105000000000000426e+01,7.444317460317459734e+01
5.107500000000000284e+01,7.446639455782312211e+01
5.110000000000000142e+01,7.448961451247164689e+01
5.112500000000000000e+01,7.451283446712018588e+01
5.115000000000000568e+01,7.453605442176869644e+01
5.117500000000000426e+01,7.455927437641722122e+01
5.120000000000000284e+01,7.458249433106574600e+01
5.122500000000000142e+01,7.460571428571428498e+01
5.125000000000000000e+01,7.462893424036279555e+01
5.127500000000000568e+01,7.465215419501132033e+01
5.130000000000000426e+01,7.467537414965985931e+01
5.132500000000000284e+01,7.469859410430838409e+01
5.135000000000000142e+01,7.472181405895690887e+01
5.137500000000000000e+01,7.474503401360543364e+01
5.140000000000000568e+01,7.476825396825395842e+01
5.142500000000000426e+01,7.479147392290248320e+01
5.145000000000000284e+01,7.481469387755100797e+01
5.147500000000000142e+01,7.483791383219954696e+01
5.150000000000000000e+01,7.486113378684807174e+01
5.152500000000000568e+01,7.488435374149659651e+01
5.155000000000000426e+01,7.490757369614512129e+01
5.157500000000000284e+01,7.493079365079364607e+01
5.160000000000000142e+01,7.495401360544217084e+01
5.162500000000000000e+01,7.497723356009069562e+01
5.165000000000000568e+01,7.500045351473923461e+01
5.167500000000000426e+01,7.502367346938774517e+01
5.170000000000000284e+01,7.504689342403628416e+01
5.172500000000000142e+01,7.507011337868479472e+01
5.175000000000000000e+01,7.509333333333333371e+01
5.177500000000000568e+01,7.511655328798184428e+01
5.180000000000000426e+01,7.513977324263038327e+01
5.182500000000000284e+01,7.516299319727889383e+01
5.185000000000000142e+01,7.518621315192741861e+01
5.187500000000000000e+01,7.520943310657597181e+01
5.190000000000000568e+01,7.523265306122448237e+01
5.192500000000000426e+01,7.525587301587300715e+01
5.195000000000000284e+01,7.527909297052153192e+01
5.197500000000000142e+01,7.530231292517005670e+01
5.200000000000000000e+01,7.532553287981858148e+01
5.202500000000000568e+01,7.534875283446710625e+01
5.205000000000000426e+01,7.537197278911563103e+01
5.207500000000000284e+01,7.539519274376417002e+01
5.210000000000000142e+01,7.541841269841269479e+01
5.212500000000000000e+01,7.544163265306121957e+01
5.215000000000000568e+01,7.546485260770974435e+01
5.217500000000000426e+01,7.548807256235826912e+01
5.220000000000000284e+01,7.551129251700679390e+01
5.222500000000000142e+01,7.553451247165531868e+01
5.225000000000000000e+01,7.555773242630384345e+01
5.227500000000000568e+01,7.558095238095238244e+01
5.230000000000000426e+01,7.560417233560090722e+01
5.232500000000000284e+01,7.562739229024943199e+01
5.235000000000000142e+01,7.565061224489795677e+01
5.237500000000000000e+01,7.567383219954648155e+01
5.240000000000000568e+01,7.569963214915594563e+01
5.242500000000000426e+01,7.572543209876542392e+01
5.245000000000000284e+01,7.575123204837490221e+01
5.247500000000000142e+01,7.577703199798438050e+01
5.250000000000000000e+01,7.580283194759384457e+01
5.252500000000000568e+01,7.582863189720332286e+01
5.255000000000000426e+01,7.585443184681278694e+01
5.257500000000000284e+01,7.588023179642226523e+01
5.260000000000000142e+01,7.590603174603174352e+01
5.262500000000000000e+01,7.592925170068026830e+01
5.265000000000000568e+01,7.595247165532879308e+01
5.267500000000000426e+01,7.597569160997731785e+01
5.270000000000000284e+01,7.599891156462584263e+01
5.272500000000000142e+01,7.602213151927436741e+01
5.275000000000000000e+01,7.604535147392289218e+01
5.277500000000000568e+01,7.606857142857143117e+01
5.280000000000000426e+01,7.609179138321994174e+01
5.282500000000000284e+01,7.611501133786848072e+01
5.285000000000000142e+01,7.613823129251700550e+01
5.287500000000000000e+01,7.616145124716553028e+01
5.290000000000000568e+01,7.618467120181405505e+01
5.292500000000000426e+01,7.620789115646257983e+01
5.295000000000000284e+01,7.623111111111109039e+01
5.297500000000000142e+01,7.625433106575962938e+01
5.300000000000000000e+01,7.627755102040816837e+01
5.302500000000000568e+01,7.630077097505667894e+01
5.305000000000000426e+01,7.632399092970520371e+01
5.307500000000000284e+01,7.634721088435372849e+01
5.310000000000000142e+01,7.637043083900226748e+01
5.312500000000000000e+01,7.639365079365077804e+01
5.315000000000000568e+01,7.641687074829930282e+01
5.317500000000000426e+01,7.644009070294782759e+01
5.320000000000000284e+01,7.646331065759636658e+01
5.322500000000000142e+01,7.648653061224489136e+01
5.325000000000000000e+01,7.650975056689341613e+01
5.327500000000000568e+01,7.653297052154194091e+01
5.330000000000000426e+01,7.655619047619046569e+01
5.332500000000000284e+01,7.657941043083899046e+01
5.335000000000000142e+01,7.660263038548751524e+01
5.337500000000000000e+01,7.662843033509700774e+01
5.340000000000000568e+01,7.665423028470647182e+01
5.342500000000000426e+01,7.668003023431595011e+01
5.345000000000000284e+01,7.670583018392541419e+01
5.347500000000000142e+01,7.673163013353489248e+01
5.350000000000000000e+01,7.675743008314435656e+01
5.352500000000000568e+01,7.678323003275383485e+01
5.355000000000000426e+01,7.680902998236331314e+01
5.357500000000000284e+01,7.683482993197277722e+01
5.360000000000000142e+01,7.685804988662131620e+01
5.362500000000000000e+01,7.688126984126982677e+01
5.365000000000000568e+01,7.690448979591836576e+01
5.367500000000000426e+01,7.692770975056687632e+01
5.370000000000000284e+01,7.695092970521540110e+01
5.372500000000000142e+01,7.697414965986394009e+01
5.375000000000000000e+01,7.699736961451246486e+01
5.377500000000000568e+01,7.702058956916098964e+01
5.380000000000000426e+01,7.704380952380951442e+01
5.382500000000000284e+01,7.706702947845803919e+01
5.385000000000000142e+01,7.709024943310656397e+01
5.387500000000000000e+01,7.711346938775508875e+01
5.390000000000000568e+01,7.713668934240362773e+01
5.392500000000000426e+01,7.715990929705215251e+01
5.395000000000000284e+01,7.718312925170067729e+01
5.397500000000000142e+01,7.720634920634920206e+01
5.400000000000000000e+01,7.722956916099772684e+01
5.402500000000000568e+01,7.725278911564625162e+01
5.405000000000000426e+01,7.727600907029477639e+01
5.407500000000000284e+01,7.729922902494331538e+01
5.410000000000000142e+01,7.732244897959182595e+01
5.412500000000000000e+01,7.734566893424036493e+01
5.415000000000000568e+01,7.736888888888888971e+01
5.417500000000000426e+01,7.739210884353741449e+01
5.420000000000000284e+01,7.741532879818593926e+01
5.422500000000000142e+01,7.743854875283446404e+01
5.425000000000000000e+01,7.746176870748297461e+01
5.427500000000000568e+01,7.748498866213149938e+01
5.430000000000000426e+01,7.750820861678005258e+01
5.432500000000000284e+01,7.753142857142856315e+01
5.435000000000000142e+01,7.755464852607708792e+01
5.437500000000000000e+01,7.757786848072561270e+01
5.440000000000000568e+01,7.777394809775761075e+01
5.442500000000000426e+01,7.814804736709497490e+01
5.445000000000000284e+01,7.851956664147138554e+01
5.447500000000000142e+01,7.889366591080877811e+01
5.450000000000000000e+01,7.926518518518520295e+01
5.452500000000000568e+01,7.963928445452255289e+01
5.455000000000000426e+01,8.001080372889896353e+01
5.457500000000000284e+01,8.038490299823632768e+01
5.460000000000000142e+01,8.075642227261273831e+01
5.462500000000000000e+01,8.095766187956664339e+01
5.465000000000000568e+01,8.097830183925421466e+01
5.467500000000000426e+01,8.100410178886369295e+01
5.470000000000000284e+01,8.102474174855126421e+01
5.472500000000000142e+01,8.105054169816074250e+01
5.475000000000000000e+01,8.107118165784831376e+01
5.477500000000000568e+01,8.109698160745779205e+01
5.480000000000000426e+01,8.111762156714536331e+01
5.482500000000000284e+01,8.114342151675482739e+01
5.485000000000000142e+01,8.116406147644239866e+01
5.487500000000000000e+01,8.118986142605189116e+01
5.490000000000000568e+01,8.121050138573946242e+01
5.492500000000000426e+01,8.123630133534895492e+01
5.495000000000000284e+01,8.125694129503652618e+01
5.497500000000000142e+01,8.128274124464600447e+01
5.500000000000000000e+01,8.130338120433357574e+01
5.502500000000000568e+01,8.132918115394305403e+01
5.505000000000000426e+01,8.134982111363063950e+01
5.507500000000000284e+01,8.137562106324010358e+01
5.510000000000000142e+01,8.139626102292768905e+01
5.512500000000000000e+01,8.142206097253715313e+01
5.515000000000000568e+01,8.144270093222473861e+01
5.517500000000000426e+01,8.146850088183420269e+01
5.520000000000000284e+01,8.148914084152177395e+01
5.522500000000000142e+01,8.151494079113123803e+01
5.525000000000000000e+01,8.153558075081880929e+01
5.527500000000000568e+01,8.156138070042831600e+01
5.530000000000000426e+01,8.158202066011590148e+01
5.532500000000000284e+01,8.160782060972536556e+01
5.535000000000000142e+01,8.162846056941293682e+01
5.537500000000000000e+01,8.182970017636682769e+01
5.540000000000000568e+01,8.220379944570419184e+01
5.542500000000000426e+01,8.258047871000250950e+01
5.545000000000000284e+01,8.295715797430081295e+01
5.547500000000000142e+01,8.333383723859913061e+01
5.550000000000000000e+01,8.371051650289744828e+01
5.552500000000000568e+01,8.408719576719575173e+01
5.555000000000000426e+01,8.446387503149406939e+01
5.557500000000000284e+01,8.484055429579237284e+01
5.560000000000000142e+01,8.504179390274626371e+01
5.562500000000000000e+01,8.506501385739477428e+01
5.565000000000000568e+01,8.509081380700426678e+01
5.567500000000000426e+01,8.511145376669186646e+01
5.570000000000000284e+01,8.513725371630134475e+01
5.572500000000000142e+01,8.515789367598891602e+01
5.575000000000000000e+01,8.518369362559838009e+01
5.577500000000000568e+01,8.520433358528596557e+01
5.580000000000000426e+01,8.523013353489544386e+01
5.582500000000000284e+01,8.525077349458301512e+01
5.585000000000000142e+01,8.527657344419249341e+01
5.587500000000000000e+01,8.529979339884101819e+01
5.590000000000000568e+01,8.535139329805997477e+01
5.592500000000000426e+01,8.541847316704458137e+01
5.595000000000000284e+01,8.549071302595109501e+01
5.597500000000000142e+01,8.555779289493574424e+01
5.600000000000000000e+01,8.563003275384227209e+01
5.602500000000000568e+01,8.569711262282690711e+01
5.605000000000000426e+01,8.576935248173343496e+01
5.607500000000000284e+01,8.583643235071806998e+01
5.610000000000000142e+01,8.590609221466364431e+01
5.612500000000000000e+01,8.594737213403880105e+01
5.615000000000000568e+01,8.597317208364826513e+01
5.617500000000000426e+01,8.599381204333585060e+01
5.620000000000000284e+01,8.601961199294532889e+01
5.622500000000000142e+01,8.604025195263290016e+01
5.625000000000000000e+01,8.606605190224236424e+01
5.627500000000000568e+01,8.608669186192993550e+01
5.630000000000000426e+01,8.611249181153939958e+01
5.632500000000000284e+01,8.613313177122697084e+01
5.635000000000000142e+01,8.615893172083647755e+01
5.637500000000000000e+01,8.620021164021163429e+01
5.640000000000000568e+01,8.626729150919626932e+01
5.642500000000000426e+01,8.633179138321993662e+01
5.645000000000000284e+01,8.639887125220457165e+01
5.647500000000000142e+01,8.646337112622825316e+01
5.650000000000000000e+01,8.653045099521290240e+01
5.652500000000000568e+01,8.659495086923658391e+01
5.655000000000000426e+01,8.666203073822121894e+01
5.657500000000000284e+01,8.672653061224490045e+01
5.660000000000000142e+01,8.677297052154193580e+01
5.662500000000000000e+01,8.679619047619046057e+01
5.665000000000000568e+01,8.681941043083898535e+01
5.667500000000000426e+01,8.684263038548751013e+01
5.670000000000000284e+01,8.686585034013604911e+01
5.672500000000000142e+01,8.688907029478457389e+01
5.675000000000000000e+01,8.691229024943309867e+01
5.677500000000000568e+01,8.693551020408162344e+01
5.680000000000000426e+01,8.695873015873014822e+01
5.682500000000000284e+01,8.698195011337867300e+01
5.685000000000000142e+01,8.700517006802719777e+01
5.687500000000000000e+01,8.702839002267572255e+01
5.690000000000000568e+01,8.705160997732424732e+01
5.692500000000000426e+01,8.707482993197278631e+01
5.695000000000000284e+01,8.709804988662131109e+01
5.697500000000000142e+01,8.712126984126983587e+01
5.700000000000000000e+01,8.714448979591836064e+01
5.702500000000000568e+01,8.716770975056687121e+01
5.705000000000000426e+01,8.719092970521541019e+01
5.707500000000000284e+01,8.721414965986393497e+01
5.710000000000000142e+01,8.723736961451247396e+01
5.712500000000000000e+01,8.726058956916099874e+01
5.715000000000000568e+01,8.728380952380952351e+01
5.717500000000000426e+01,8.730702947845804829e+01
5.720000000000000284e+01,8.733024943310655885e+01
5.722500000000000142e+01,8.735346938775508363e+01
5.725000000000000000e+01,8.737668934240360841e+01
5.727500000000000568e+01,8.739990929705214739e+01
5.730000000000000426e+01,8.742312925170068638e+01
5.732500000000000284e+01,8.744634920634919695e+01
5.735000000000000142e+01,8.746956916099772172e+01
5.737500000000000000e+01,8.749278911564624650e+01
5.740000000000000568e+01,8.751600907029477128e+01
5.742500000000000426e+01,8.753922902494329605e+01
5.745000000000000284e+01,8.756244897959183504e+01
5.747500000000000142e+01,8.758566893424037403e+01
5.750000000000000000e+01,8.760888888888888459e+01
5.752500000000000568e+01,8.763210884353740937e+01
5.755000000000000426e+01,8.765532879818593415e+01
5.757500000000000284e+01,8.767854875283445892e+01
5.760000000000000142e+01,8.770176870748298370e+01
5.762500000000000000e+01,8.772498866213149427e+01
5.765000000000000568e+01,8.774820861678003325e+01
5.767500000000000426e+01,8.777142857142857224e+01
5.770000000000000284e+01,8.779464852607709702e+01
5.772500000000000142e+01,8.781786848072562179e+01
5.775000000000000000e+01,8.784108843537414657e+01
5.777500000000000568e+01,8.786430839002265714e+01
5.780000000000000426e+01,8.788752834467118191e+01
5.782500000000000284e+01,8.791074829931972090e+01
5.785000000000000142e+01,8.793396825396824568e+01
5.787500000000000000e+01,8.795718820861678466e+01
5.790000000000000568e+01,8.798040816326529523e+01
5.792500000000000426e+01,8.800362811791382001e+01
5.795000000000000284e+01,8.802684807256234478e+01
5.797500000000000142e+01,8.805006802721086956e+01
5.800000000000000000e+01,8.807328798185939434e+01
5.802500000000000568e+01,8.809650793650791911e+01
5.805000000000000426e+01,8.811972789115644389e+01
5.807500000000000284e+01,8.814294784580498288e+01
5.810000000000000142e+01,8.816616780045350765e+01
5.812500000000000000e+01,8.818938775510203243e+01
5.815000000000000568e+01,8.821260770975055721e+01
5.817500000000000426e+01,8.823582766439908198e+01
5.820000000000000284e+01,8.825904761904760676e+01
5.822500000000000142e+01,8.828226757369613154e+01
5.825000000000000000e+01,8.830548752834467052e+01
5.827500000000000568e+01,8.832870748299319530e+01
5.830000000000000426e+01,8.835192743764172008e+01
5.832500000000000284e+01,8.837514739229024485e+01
5.835000000000000142e+01,8.839836734693875542e+01
5.837500000000000000e+01,8.842158730158729441e+01
5.840000000000000568e+01,8.844480725623581918e+01
5.842500000000000426e+01,8.846802721088435817e+01
5.845000000000000284e+01,8.849124716553288295e+01
5.847500000000000142e+01,8.851446712018139351e+01
5.850000000000000000e+01,8.853768707482991829e+01
5.852500000000000568e+01,8.856090702947844306e+01
5.855000000000000426e+01,8.858412698412696784e+01
5.857500000000000284e+01,8.860734693877549262e+01
5.860000000000000142e+01,8.863056689342403160e+01
5.862500000000000000e+01,8.865378684807257059e+01
5.865000000000000568e+01,8.867700680272108116e+01
5.867500000000000426e+01,8.870022675736960593e+01
5.870000000000000284e+01,8.872344671201813071e+01
5.872500000000000142e+01,8.874666666666665549e+01
5.875000000000000000e+01,8.876988662131518026e+01
5.877500000000000568e+01,8.879310657596369083e+01
5.880000000000000426e+01,8.881632653061222982e+01
5.882500000000000284e+01,8.883954648526076880e+01
5.885000000000000142e+01,8.886276643990929358e+01
5.887500000000000000e+01,8.888598639455781836e+01
5.890000000000000568e+01,8.893500629881582142e+01
5.892500000000000426e+01,8.900982615268327436e+01
5.895000000000000284e+01,8.908464600655075571e+01
5.897500000000000142e+01,8.915946586041822286e+01
5.900000000000000000e+01,8.923428571428570422e+01
5.902500000000000568e+01,8.930910556815317136e+01
5.905000000000000426e+01,8.938392542202065272e+01
5.907500000000000284e+01,8.945874527588813407e+01
5.910000000000000142e+01,8.953356512975561543e+01
5.912500000000000000e+01,8.958258503401360429e+01
5.915000000000000568e+01,8.960580498866212906e+01
5.917500000000000426e+01,8.962902494331063963e+01
5.920000000000000284e+01,8.965224489795917862e+01
5.922500000000000142e+01,8.967546485260770339e+01
5.925000000000000000e+01,8.969868480725624238e+01
5.927500000000000568e+01,8.972190476190476716e+01
5.930000000000000426e+01,8.974512471655327772e+01
5.932500000000000284e+01,8.976834467120180250e+01
5.935000000000000142e+01,8.979156462585032727e+01
5.937500000000000000e+01,8.981478458049885205e+01
5.940000000000000568e+01,8.983800453514737683e+01
5.942500000000000426e+01,8.986122448979591582e+01
5.945000000000000284e+01,8.988444444444445480e+01
5.947500000000000142e+01,8.990766439909296537e+01
5.950000000000000000e+01,8.993088435374149014e+01
5.952500000000000568e+01,8.995410430839001492e+01
5.955000000000000426e+01,8.997732426303853970e+01
5.957500000000000284e+01,9.000054421768706447e+01
5.960000000000000142e+01,9.002376417233557504e+01
5.962500000000000000e+01,9.004698412698411403e+01
5.965000000000000568e+01,9.007020408163265301e+01
5.967500000000000426e+01,9.009342403628117779e+01
5.970000000000000284e+01,9.011664399092970257e+01
5.972500000000000142e+01,9.013986394557822734e+01
5.975000000000000000e+01,9.016308390022673791e+01
5.977500000000000568e+01,9.018630385487526269e+01
5.980000000000000426e+01,9.020952380952380167e+01
5.982500000000000284e+01,9.023274376417232645e+01
5.985000000000000142e+01,9.025596371882086544e+01
5.987500000000000000e+01,9.030498362307884008e+01
5.990000000000000568e+01,9.040818342151673903e+01
5.992500000000000426e+01,9.053718316956411627e+01
5.995000000000000284e+01,9.066876291257241860e+01
5.997500000000000142e+01,9.079776266061979584e+01
6.000000000000000000e+01,9.092934240362811238e+01
6.002500000000000568e+01,9.105834215167546120e+01
6.005000000000000426e+01,9.118992189468377774e+01
6.007500000000000284e+01,9.131892164273114076e+01
6.010000000000000142e+01,9.142470143612997902e+01
6.012500000000000000e+01,9.147372134038801050e+01
6.015000000000000568e+01,9.149952128999748879e+01
6.017500000000000426e+01,9.152016124968506006e+01
6.020000000000000284e+01,9.154596119929452414e+01
6.022500000000000142e+01,9.156660115898210961e+01
6.025000000000000000e+01,9.159240110859158790e+01
6.027500000000000568e+01,9.161304106827915916e+01
6.030000000000000426e+01,9.163884101788863745e+01
6.032500000000000284e+01,9.165948097757620872e+01
6.035000000000000142e+01,9.168528092718568701e+01
6.037500000000000000e+01,9.170592088687325827e+01
6.040000000000000568e+01,9.173172083648272235e+01
6.042500000000000426e+01,9.175236079617029361e+01
6.045000000000000284e+01,9.177816074577975769e+01
6.047500000000000142e+01,9.179880070546735737e+01
6.050000000000000000e+01,9.182460065507683566e+01
6.052500000000000568e+01,9.184524061476443535e+01
6.055000000000000426e+01,9.187104056437389943e+01
6.057500000000000284e+01,9.189168052406147069e+01
6.060000000000000142e+01,9.191748047367094898e+01
6.062500000000000000e+01,9.193812043335852024e+01
6.065000000000000568e+01,9.196392038296799853e+01
6.067500000000000426e+01,9.198456034265556980e+01
6.070000000000000284e+01,9.201036029226504809e+01
6.072500000000000142e+01,9.203100025195261935e+01
6.075000000000000000e+01,9.205680020156209764e+01
6.077500000000000568e+01,9.207744016124966890e+01
6.080000000000000426e+01,9.210324011085913298e+01
6.082500000000000284e+01,9.212388007054670425e+01
6.085000000000000142e+01,9.214968002015618254e+01
6.087500000000000000e+01,9.219869992441419981e+01
6.090000000000000568e+01,9.227867976820358820e+01
6.092500000000000426e+01,9.235607961703199464e+01
6.095000000000000284e+01,9.243605946082136882e+01
6.097500000000000142e+01,9.251345930964977526e+01
6.100000000000000000e+01,9.259343915343913523e+01
6.102500000000000568e+01,9.267083900226755588e+01
6.105000000000000426e+01,9.275081884605693006e+01
6.107500000000000284e+01,9.282821869488535071e+01
6.110000000000000142e+01,9.287981859410429308e+01
6.112500000000000000e+01,9.290303854875283207e+01
6.115000000000000568e+01,9.292625850340135685e+01
6.117500000000000426e+01,9.294947845804988162e+01
6.120000000000000284e+01,9.297269841269840640e+01
6.122500000000000142e+01,9.299591836734691697e+01
6.125000000000000000e+01,9.301913832199545595e+01
6.127500000000000568e+01,9.304235827664398073e+01
6.130000000000000426e+01,9.306557823129251972e+01
6.132500000000000284e+01,9.308879818594104449e+01
6.135000000000000142e+01,9.311201814058956927e+01
6.137500000000000000e+01,9.313523809523809405e+01
6.140000000000000568e+01,9.315845804988660461e+01
6.142500000000000426e+01,9.318167800453512939e+01
6.145000000000000284e+01,9.320489795918365417e+01
6.147500000000000142e+01,9.322811791383219315e+01
6.150000000000000000e+01,9.325133786848073214e+01
6.152500000000000568e+01,9.327455782312924271e+01
6.155000000000000426e+01,9.329777777777776748e+01
6.157500000000000284e+01,9.332099773242629226e+01
6.160000000000000142e+01,9.334421768707481704e+01
6.162500000000000000e+01,9.336743764172334181e+01
6.165000000000000568e+01,9.339065759637188080e+01
6.167500000000000426e+01,9.341387755102041979e+01
6.170000000000000284e+01,9.343709750566893035e+01
6.172500000000000142e+01,9.346031746031745513e+01
6.175000000000000000e+01,9.348353741496597991e+01
6.177500000000000568e+01,9.350675736961450468e+01
6.180000000000000426e+01,9.352997732426302946e+01
6.182500000000000284e+01,9.355319727891154002e+01
6.185000000000000142e+01,9.357641723356007901e+01
6.187500000000000000e+01,9.359963718820861800e+01
6.190000000000000568e+01,9.362285714285714278e+01
6.192500000000000426e+01,9.364607709750566755e+01
6.195000000000000284e+01,9.366929705215419233e+01
6.197500000000000142e+01,9.369251700680270289e+01
6.200000000000000000e+01,9.371573696145122767e+01
6.202500000000000568e+01,9.373895691609976666e+01
6.205000000000000426e+01,9.376217687074829144e+01
6.207500000000000284e+01,9.378539682539683042e+01
6.210000000000000142e+01,9.380861678004534099e+01
6.212500000000000000e+01,9.383183673469386576e+01
6.215000000000000568e+01,9.385505668934239054e+01
6.217500000000000426e+01,9.387827664399091532e+01
6.220000000000000284e+01,9.390149659863944009e+01
6.222500000000000142e+01,9.392471655328796487e+01
6.225000000000000000e+01,9.394793650793648965e+01
6.227500000000000568e+01,9.397115646258502863e+01
6.230000000000000426e+01,9.399437641723355341e+01
6.232500000000000284e+01,9.401759637188207819e+01
6.235000000000000142e+01,9.404081632653060296e+01
6.237500000000000000e+01,9.406403628117912774e+01
6.240000000000000568e+01,9.408725623582765252e+01
6.242500000000000426e+01,9.411047619047617729e+01
6.245000000000000284e+01,9.413369614512471628e+01
6.247500000000000142e+01,9.415691609977324106e+01
6.250000000000000000e+01,9.418013605442176583e+01
6.252500000000000568e+01,9.420335600907029061e+01
6.255000000000000426e+01,9.422657596371880118e+01
6.257500000000000284e+01,9.424979591836734016e+01
6.260000000000000142e+01,9.427301587301586494e+01
6.262500000000000000e+01,9.429623582766440393e+01
6.265000000000000568e+01,9.431945578231292870e+01
6.267500000000000426e+01,9.434267573696143927e+01
6.270000000000000284e+01,9.436589569160996405e+01
6.272500000000000142e+01,9.438911564625848882e+01
6.275000000000000000e+01,9.441233560090701360e+01
6.277500000000000568e+01,9.443555555555553838e+01
6.280000000000000426e+01,9.445877551020407736e+01
6.282500000000000284e+01,9.447941546989167705e+01
6.285000000000000142e+01,9.449747543461828059e+01
6.287500000000000000e+01,9.451295540438397325e+01
6.290000000000000568e+01,9.452585537918869818e+01
6.292500000000000426e+01,9.453617535903251223e+01
6.295000000000000284e+01,9.454391534391533014e+01
6.297500000000000142e+01,9.454907533383723717e+01
6.300000000000000000e+01,9.455165532879817647e+01
6.302500000000000568e+01,9.455165532879817647e+01
6.305000000000000426e+01,9.455165532879817647e+01
6.307500000000000284e+01,9.455165532879817647e+01
6.310000000000000142e+01,9.455165532879817647e+01
6.312500000000000000e+01,9.455165532879817647e+01
6.315000000000000568e+01,9.455165532879817647e+01
6.317500000000000426e+01,9.455165532879817647e+01
6.320000000000000284e+01,9.455165532879817647e+01
6.322500000000000142e+01,9.455165532879817647e+01
6.325000000000000000e+01,9.455165532879817647e+01
6.327500000000000568e+01,9.455165532879817647e+01
6.330000000000000426e+01,9.455165532879817647e+01
6.332500000000000284e+01,9.455165532879817647e+01
6.335000000000000142e+01,9.455165532879817647e+01
6.337500000000000000e+01,9.455165532879817647e+01
6.340000000000000568e+01,9.455165532879817647e+01
6.342500000000000426e+01,9.455165532879817647e+01
6.345000000000000284e+01,9.455165532879817647e+01
6.347500000000000142e+01,9.455165532879817647e+01
6.350000000000000000e+01,9.455165532879817647e+01
6.352500000000000568e+01,9.455165532879817647e+01
6.355000000000000426e+01,9.455165532879817647e+01
6.357500000000000284e+01,9.455165532879817647e+01
6.360000000000000142e+01,9.455165532879817647e+01
6.362500000000000000e+01,9.455165532879817647e+01
6.365000000000000568e+01,9.455165532879817647e+01
6.367500000000000426e+01,9.455165532879817647e+01
6.370000000000000284e+01,9.455165532879817647e+01
6.372500000000000142e+01,9.455165532879817647e+01
6.375000000000000000e+01,9.455165532879817647e+01
6.377500000000000568e+01,9.455165532879817647e+01
6.380000000000000426e+01,9.455165532879817647e+01
6.382500000000000284e+01,9.455165532879817647e+01
6.385000000000000142e+01,9.455165532879817647e+01
6.387500000000000000e+01,9.455165532879817647e+01
6.390000000000000568e+01,9.455165532879817647e+01
6.392500000000000426e+01,9.455165532879817647e+01
6.395000000000000284e+01,9.455165532879817647e+01
6.397500000000000142e+01,9.455423532375911577e+01
6.400000000000000000e+01,9.455939531368100859e+01
6.402500000000000568e+01,9.456713529856385492e+01
6.404999999999999716e+01,9.457745527840764055e+01
6.407500000000000284e+01,9.459035525321237969e+01
6.410000000000000853e+01,9.460583522297805814e+01
6.412500000000000000e+01,9.462389518770470431e+01
6.415000000000000568e+01,9.464453514739227558e+01
6.417499999999999716e+01,9.466775510204081456e+01
6.420000000000000284e+01,9.469097505668933934e+01
6.422500000000000853e+01,9.471419501133786412e+01
6.425000000000000000e+01,9.473741496598638889e+01
6.427500000000000568e+01,9.476063492063489946e+01
6.429999999999999716e+01,9.478385487528342424e+01
6.432500000000000284e+01,9.480707482993196322e+01
6.435000000000000853e+01,9.483029478458050221e+01
6.437500000000000000e+01,9.485351473922902699e+01
6.440000000000000568e+01,9.487673469387755176e+01
6.442499999999999716e+01,9.489995464852606233e+01
6.445000000000000284e+01,9.492317460317458711e+01
6.447500000000000853e+01,9.494639455782311188e+01
6.450000000000000000e+01,9.496961451247163666e+01
6.452500000000000568e+01,9.499283446712017565e+01
6.454999999999999716e+01,9.501605442176870042e+01
6.457500000000000284e+01,9.503927437641722520e+01
6.460000000000000853e+01,9.506249433106574998e+01
6.462500000000000000e+01,9.508571428571427475e+01
6.465000000000000568e+01,9.510893424036279953e+01
6.467499999999999716e+01,9.513215419501132430e+01
6.470000000000000284e+01,9.515537414965984908e+01
6.472500000000000853e+01,9.517859410430837386e+01
6.475000000000000000e+01,9.520181405895691285e+01
6.477500000000000568e+01,9.522503401360543762e+01
6.479999999999999716e+01,9.524825396825396240e+01
6.482500000000000284e+01,9.527147392290248717e+01
6.485000000000000853e+01,9.529469387755099774e+01
6.487500000000000000e+01,9.531791383219953673e+01
6.490000000000000568e+01,9.534113378684806150e+01
6.492499999999999716e+01,9.536435374149660049e+01
6.495000000000000284e+01,9.538757369614512527e+01
6.497500000000000853e+01,9.541079365079365004e+01
6.500000000000000000e+01,9.543401360544217482e+01
6.502500000000000568e+01,9.545723356009068539e+01
6.504999999999999716e+01,9.548045351473921016e+01
6.507500000000000284e+01,9.550367346938773494e+01
6.510000000000000853e+01,9.552689342403627393e+01
6.512500000000000000e+01,9.555011337868481291e+01
6.515000000000000568e+01,9.557333333333332348e+01
6.517499999999999716e+01,9.559655328798184826e+01
6.520000000000000284e+01,9.561977324263037303e+01
6.522500000000000853e+01,9.564299319727889781e+01
6.525000000000000000e+01,9.566621315192742259e+01
6.527500000000000568e+01,9.568943310657596157e+01
6.529999999999999716e+01,9.571265306122450056e+01
6.532500000000000284e+01,9.573587301587301113e+01
6.535000000000000853e+01,9.575909297052153590e+01
6.537500000000000000e+01,9.578231292517006068e+01
6.540000000000000568e+01,9.580553287981858546e+01
6.542499999999999716e+01,9.582875283446711023e+01
6.545000000000000284e+01,9.585197278911562080e+01
6.547500000000000853e+01,9.587519274376415979e+01
6.550000000000000000e+01,9.589841269841269877e+01
6.552500000000000568e+01,9.592163265306122355e+01
6.554999999999999716e+01,9.594485260770974833e+01
6.557500000000000284e+01,9.596807256235827310e+01
6.560000000000000853e+01,9.599129251700678367e+01
6.562500000000000000e+01,9.601451247165530845e+01
6.565000000000000568e+01,9.603773242630384743e+01
6.567499999999999716e+01,9.606095238095237221e+01
6.570000000000000284e+01,9.608417233560089699e+01
6.572500000000000853e+01,9.610739229024943597e+01
6.575000000000000000e+01,9.613061224489794654e+01
6.577500000000000568e+01,9.615383219954648553e+01
6.579999999999999716e+01,9.617705215419499609e+01
6.582500000000000284e+01,9.620027210884352087e+01
6.585000000000000853e+01,9.622349206349204565e+01
6.587500000000000000e+01,9.624671201814057042e+01
6.590000000000000568e+01,9.634475182665657655e+01
6.592499999999999716e+01,9.651245149911815702e+01
6.595000000000000284e+01,9.668273116654067678e+01
6.597500000000000853e+01,9.685043083900225724e+01
6.600000000000000000e+01,9.702071050642477701e+01
6.602500000000000568e+01,9.718841017888635747e+01
6.604999999999999716e+01,9.735868984630887724e+01
6.607500000000000284e+01,9.752638951877044349e+01
6.610000000000000853e+01,9.769666918619296325e+01
6.612500000000000000e+01,9.778954900478706236e+01
6.615000000000000568e+01,9.781534895439656907e+01
6.617499999999999716e+01,9.783598891408414033e+01
6.620000000000000284e+01,9.786178886369363283e+01
6.622500000000000853e+01,9.788242882338121831e+01
6.625000000000000000e+01,9.790822877299068239e+01
6.627500000000000568e+01,9.792886873267825365e+01
6.629999999999999716e+01,9.795466868228773194e+01
6.632500000000000284e+01,9.797530864197530320e+01
6.635000000000000853e+01,9.800110859158478149e+01
6.637500000000000000e+01,9.809398841017888060e+01
6.640000000000000568e+01,9.827458805744520021e+01
6.642499999999999716e+01,9.846292768959435193e+01
6.645000000000000284e+01,9.865384731670445717e+01
6.647500000000000853e+01,9.884218694885360890e+01
6.650000000000000000e+01,9.903310657596371414e+01
6.652500000000000568e+01,9.922144620811286586e+01
6.654999999999999716e+01,9.941236583522297110e+01
6.657500000000000284e+01,9.960070546737210861e+01
6.660000000000000853e+01,9.971938523557570022e+01
6.662500000000000000e+01,9.975292517006801063e+01
6.665000000000000568e+01,9.977614512471653541e+01
6.667499999999999716e+01,9.979936507936507439e+01
6.670000000000000284e+01,9.982258503401359917e+01
6.672500000000000853e+01,9.984580498866212395e+01
6.675000000000000000e+01,9.986902494331063451e+01
6.677500000000000568e+01,9.989224489795917350e+01
6.679999999999999716e+01,9.991546485260769828e+01
6.682500000000000284e+01,9.993868480725622305e+01
6.685000000000000853e+01,9.996190476190476204e+01
6.687500000000000000e+01,9.998512471655328682e+01
6.690000000000000568e+01,1.000083446712018116e+02
6.692499999999999716e+01,1.000315646258503222e+02
6.695000000000000284e+01,1.000547845804988611e+02
6.697500000000000853e+01,1.000780045351473859e+02
6.700000000000000000e+01,1.001012244897959107e+02
6.702500000000000568e+01,1.001244444444444497e+02
6.704999999999999716e+01,1.001476643990929603e+02
6.707500000000000284e+01,1.001708843537414992e+02
6.710000000000000853e+01,1.001941043083900098e+02
6.712500000000000000e+01,1.002173242630385488e+02
6.715000000000000568e+01,1.002405442176870594e+02
6.717499999999999716e+01,1.002637641723355841e+02
6.720000000000000284e+01,1.002869841269841231e+02
6.722500000000000853e+01,1.003102040816326337e+02
6.725000000000000000e+01,1.003334240362811869e+02
6.727500000000000568e+01,1.003566439909296975e+02
6.729999999999999716e+01,1.003798639455782222e+02
6.732500000000000284e+01,1.004030839002267328e+02
6.735000000000000853e+01,1.004263038548752718e+02
6.737500000000000000e+01,1.004598437893675822e+02
6.740000000000000568e+01,1.005269236583522172e+02
6.742499999999999716e+01,1.006146434870244519e+02
6.745000000000000284e+01,1.007049433106575975e+02
6.747500000000000853e+01,1.007926631393298038e+02
6.750000000000000000e+01,1.008829629629629636e+02
6.752500000000000568e+01,1.009706827916351699e+02
6.754999999999999716e+01,1.010609826152683297e+02
6.757500000000000284e+01,1.011487024439405360e+02
6.760000000000000853e+01,1.012286822877298960e+02
6.762500000000000000e+01,1.012725422020659920e+02
6.765000000000000568e+01,1.012983421516754561e+02
6.767499999999999716e+01,1.013189821113630273e+02
6.770000000000000284e+01,1.013447820609725198e+02
6.772500000000000853e+01,1.013654220206601053e+02
6.775000000000000000e+01,1.013912219702695978e+02
6.777500000000000568e+01,1.014118619299571833e+02
6.779999999999999716e+01,1.014376618795666474e+02
6.782500000000000284e+01,1.014583018392542186e+02
6.785000000000000853e+01,1.014841017888636969e+02
6.787500000000000000e+01,1.015279617031997930e+02
6.790000000000000568e+01,1.017498412698412693e+02
6.792499999999999716e+01,1.021265205341395728e+02
6.795000000000000284e+01,1.025031997984378904e+02
6.797500000000000853e+01,1.028798790627361939e+02
6.800000000000000000e+01,1.032565583270344973e+02
6.802500000000000568e+01,1.036332375913328008e+02
6.804999999999999716e+01,1.040099168556311042e+02
6.807500000000000284e+01,1.043865961199294361e+02
6.810000000000000853e+01,1.047400554295792290e+02
6.812500000000000000e+01,1.049206550768455628e+02
6.815000000000000568e+01,1.049412950365331483e+02
6.817499999999999716e+01,1.049670949861426124e+02
6.820000000000000284e+01,1.049877349458301836e+02
6.822500000000000853e+01,1.050135348954396619e+02
6.825000000000000000e+01,1.050341748551272332e+02
6.827500000000000568e+01,1.050599748047367115e+02
6.829999999999999716e+01,1.050806147644242827e+02
6.832500000000000284e+01,1.051064147140337610e+02
6.835000000000000853e+01,1.051270546737213323e+02
6.837500000000000000e+01,1.053076543209876377e+02
6.840000000000000568e+01,1.056378936759888916e+02
6.842499999999999716e+01,1.059732930209120383e+02
6.845000000000000284e+01,1.063035323759132922e+02
6.847500000000000853e+01,1.066389317208364673e+02
6.850000000000000000e+01,1.069691710758377212e+02
6.852500000000000568e+01,1.073045704207608821e+02
6.854999999999999716e+01,1.076348097757621645e+02
6.857500000000000284e+01,1.079702091206853112e+02
6.860000000000000853e+01,1.081456487780297380e+02
6.862500000000000000e+01,1.081714487276392020e+02
6.865000000000000568e+01,1.081920886873267733e+02
6.867499999999999716e+01,1.082178886369362516e+02
6.870000000000000284e+01,1.082385285966238229e+02
6.872500000000000853e+01,1.082643285462333012e+02
6.875000000000000000e+01,1.082849685059208724e+02
6.877500000000000568e+01,1.083107684555303507e+02
6.879999999999999716e+01,1.083314084152179220e+02
6.882500000000000284e+01,1.083572083648273860e+02
6.885000000000000853e+01,1.083778483245149573e+02
6.887500000000000000e+01,1.084036482741244356e+02
6.890000000000000568e+01,1.084242882338120353e+02
6.892499999999999716e+01,1.084500881834215278e+02
6.895000000000000284e+01,1.084707281431091133e+02
6.897500000000000853e+01,1.084965280927185631e+02
6.900000000000000000e+01,1.085171680524061486e+02
6.902500000000000568e+01,1.085429680020156127e+02
6.904999999999999716e+01,1.085636079617031982e+02
6.907500000000000284e+01,1.085894079113126764e+02
6.910000000000000853e+01,1.086100478710002477e+02
6.912500000000000000e+01,1.086358478206097260e+02
6.915000000000000568e+01,1.086564877802972973e+02
6.917499999999999716e+01,1.086822877299067613e+02
6.920000000000000284e+01,1.087029276895943326e+02
6.922500000000000853e+01,1.087287276392038109e+02
6.925000000000000000e+01,1.087493675988913822e+02
6.927500000000000568e+01,1.087751675485008747e+02
6.929999999999999716e+01,1.087958075081884601e+02
6.932500000000000284e+01,1.088216074577979384e+02
6.935000000000000853e+01,1.088422474174855239e+02
6.937500000000000000e+01,1.088680473670949880e+02
6.940000000000000568e+01,1.088912673217434985e+02
6.942499999999999716e+01,1.089170672713529768e+02
6.945000000000000284e+01,1.089402872260015016e+02
6.947500000000000853e+01,1.089660871756109799e+02
6.950000000000000000e+01,1.089893071302595047e+02
6.952500000000000568e+01,1.090151070798689830e+02
6.954999999999999716e+01,1.090383270345175077e+02
6.957500000000000284e+01,1.090641269841269576e+02
6.960000000000000853e+01,1.090873469387754966e+02
6.962500000000000000e+01,1.091105668934240214e+02
6.965000000000000568e+01,1.091337868480725461e+02
6.967499999999999716e+01,1.091570068027210851e+02
6.970000000000000284e+01,1.091802267573696099e+02
6.972500000000000853e+01,1.092034467120181347e+02
6.975000000000000000e+01,1.092266666666666453e+02
6.977500000000000568e+01,1.092498866213151842e+02
6.979999999999999716e+01,1.092731065759637090e+02
6.982500000000000284e+01,1.092963265306122338e+02
6.985000000000000853e+01,1.093195464852607728e+02
6.987500000000000000e+01,1.093427664399092833e+02
6.990000000000000568e+01,1.093659863945578223e+02
6.992499999999999716e+01,1.093892063492063329e+02
6.995000000000000284e+01,1.094124263038548719e+02
6.997500000000000853e+01,1.094356462585033825e+02
7.000000000000000000e+01,1.094588662131519072e+02
7.002500000000000568e+01,1.094820861678004462e+02
7.004999999999999716e+01,1.095053061224489710e+02
7.007500000000000284e+01,1.095285260770975100e+02
7.010000000000000853e+01,1.095517460317460205e+02
7.012500000000000000e+01,1.095749659863945453e+02
7.015000000000000568e+01,1.095981859410430701e+02
7.017499999999999716e+01,1.096214058956915949e+02
7.020000000000000284e+01,1.096446258503401339e+02
7.022500000000000853e+01,1.096678458049886444e+02
7.025000000000000000e+01,1.096910657596371976e+02
7.027500000000000568e+01,1.097142857142857082e+02
7.029999999999999716e+01,1.097375056689342330e+02
7.032500000000000284e+01,1.097607256235827435e+02
7.035000000000000853e+01,1.097839455782312825e+02
7.037500000000000000e+01,1.098071655328797931e+02
7.040000000000000568e+01,1.098303854875283321e+02
7.042499999999999716e+01,1.098536054421768853e+02
7.045000000000000284e+01,1.098768253968253958e+02
7.047500000000000853e+01,1.099000453514739206e+02
7.050000000000000000e+01,1.099232653061224312e+02
7.052500000000000568e+01,1.099464852607709702e+02
7.054999999999999716e+01,1.099697052154194807e+02
7.057500000000000284e+01,1.099929251700680197e+02
7.060000000000000853e+01,1.100161451247165445e+02
7.062500000000000000e+01,1.100393650793650693e+02
7.065000000000000568e+01,1.100625850340136083e+02
7.067499999999999716e+01,1.100858049886621188e+02
7.070000000000000284e+01,1.101090249433106578e+02
7.072500000000000853e+01,1.101322448979591684e+02
7.075000000000000000e+01,1.101554648526076932e+02
7.077500000000000568e+01,1.101786848072562179e+02
7.079999999999999716e+01,1.102019047619047427e+02
7.082500000000000284e+01,1.102251247165532817e+02
7.085000000000000853e+01,1.102483446712018065e+02
7.087500000000000000e+01,1.102715646258503313e+02
7.090000000000000568e+01,1.102947845804988418e+02
7.092499999999999716e+01,1.103180045351473808e+02
7.095000000000000284e+01,1.103412244897959056e+02
7.097500000000000853e+01,1.103644444444444304e+02
7.100000000000000000e+01,1.103876643990929693e+02
7.102500000000000568e+01,1.104108843537414941e+02
7.104999999999999716e+01,1.104341043083900189e+02
7.107500000000000284e+01,1.104573242630385295e+02
7.110000000000000853e+01,1.104805442176870685e+02
7.112500000000000000e+01,1.105037641723355932e+02
7.115000000000000568e+01,1.105269841269841180e+02
7.117499999999999716e+01,1.105502040816326570e+02
7.120000000000000284e+01,1.105734240362811676e+02
7.122500000000000853e+01,1.105966439909297065e+02
7.125000000000000000e+01,1.106198639455782171e+02
7.127500000000000568e+01,1.106430839002267561e+02
7.129999999999999716e+01,1.106663038548752667e+02
7.132500000000000284e+01,1.106895238095237914e+02
7.135000000000000853e+01,1.107127437641723304e+02
7.137500000000000000e+01,1.107359637188208552e+02
7.140000000000000568e+01,1.107591836734693942e+02
7.142499999999999716e+01,1.107824036281179048e+02
7.145000000000000284e+01,1.108056235827664295e+02
7.147500000000000853e+01,1.108288435374149401e+02
7.150000000000000000e+01,1.108520634920634791e+02
7.152500000000000568e+01,1.108752834467119897e+02
7.154999999999999716e+01,1.108985034013605286e+02
7.157500000000000284e+01,1.109217233560090818e+02
7.160000000000000853e+01,1.109449433106575924e+02
7.162500000000000000e+01,1.109681632653061172e+02
7.165000000000000568e+01,1.109913832199546277e+02
7.167499999999999716e+01,1.110146031746031667e+02
7.170000000000000284e+01,1.110378231292516773e+02
7.172500000000000853e+01,1.110610430839002163e+02
7.175000000000000000e+01,1.110842630385487695e+02
7.177500000000000568e+01,1.111074829931972658e+02
7.179999999999999716e+01,1.111307029478458048e+02
7.182500000000000284e+01,1.111539229024943154e+02
7.185000000000000853e+01,1.111771428571428544e+02
7.187500000000000000e+01,1.112003628117913649e+02
7.190000000000000568e+01,1.112261627614008432e+02
7.192499999999999716e+01,1.112545427059712750e+02
7.195000000000000284e+01,1.112855026455026461e+02
7.197500000000000853e+01,1.113138825900730637e+02
7.200000000000000000e+01,1.113448425296044348e+02
7.202500000000000568e+01,1.113732224741748524e+02
7.204999999999999716e+01,1.114041824137062235e+02
7.207500000000000284e+01,1.114325623582766411e+02
7.210000000000000853e+01,1.114635222978079980e+02
7.212500000000000000e+01,1.114893222474174763e+02
7.215000000000000568e+01,1.115151221970269404e+02
7.217499999999999716e+01,1.115357621567145117e+02
7.220000000000000284e+01,1.115615621063239757e+02
7.222500000000000853e+01,1.115822020660115470e+02
7.225000000000000000e+01,1.116080020156210537e+02
7.227500000000000568e+01,1.116286419753086534e+02
7.229999999999999716e+01,1.116544419249181175e+02
7.232500000000000284e+01,1.116750818846057030e+02
7.235000000000000853e+01,1.117008818342151670e+02
7.237500000000000000e+01,1.117215217939027383e+02
7.240000000000000568e+01,1.117473217435122166e+02
7.242499999999999716e+01,1.117679617031997878e+02
7.245000000000000284e+01,1.117937616528092661e+02
7.247500000000000853e+01,1.118144016124968374e+02
7.250000000000000000e+01,1.118402015621063157e+02
7.252500000000000568e+01,1.118608415217938870e+02
7.254999999999999716e+01,1.118866414714033510e+02
7.257500000000000284e+01,1.119072814310909223e+02
7.260000000000000853e+01,1.119330813807004006e+02
7.262500000000000000e+01,1.119537213403880003e+02
7.265000000000000568e+01,1.119795212899974928e+02
7.267499999999999716e+01,1.120001612496850782e+02
7.270000000000000284e+01,1.120259611992945281e+02
7.272500000000000853e+01,1.120466011589821136e+02
7.275000000000000000e+01,1.120724011085915777e+02
7.277500000000000568e+01,1.120930410682791631e+02
7.279999999999999716e+01,1.121188410178886414e+02
7.282500000000000284e+01,1.121394809775762127e+02
7.285000000000000853e+01,1.121652809271856910e+02
7.287500000000000000e+01,1.121859208868732480e+02
7.290000000000000568e+01,1.122117208364827263e+02
7.292499999999999716e+01,1.122323607961702976e+02
7.295000000000000284e+01,1.122581607457797759e+02
7.297500000000000853e+01,1.122788007054673471e+02
7.300000000000000000e+01,1.123046006550768396e+02
7.302500000000000568e+01,1.123252406147644251e+02
7.304999999999999716e+01,1.123510405643739034e+02
7.307500000000000284e+01,1.123716805240614889e+02
7.310000000000000853e+01,1.123974804736709530e+02
7.312500000000000000e+01,1.124181204333585242e+02
7.315000000000000568e+01,1.124439203829680025e+02
7.317499999999999716e+01,1.124645603426555738e+02
7.320000000000000284e+01,1.124903602922650521e+02
7.322500000000000853e+01,1.125110002519526233e+02
7.325000000000000000e+01,1.125368002015621016e+02
7.327500000000000568e+01,1.125574401612496729e+02
7.329999999999999716e+01,1.125832401108591370e+02
7.332500000000000284e+01,1.126038800705467082e+02
7.335000000000000853e+01,1.126296800201561723e+02
7.337500000000000000e+01,1.126554799697656506e+02
7.340000000000000568e+01,1.126864399092970501e+02
7.342499999999999716e+01,1.127148198538674819e+02
7.345000000000000284e+01,1.127457797933988388e+02
7.347500000000000853e+01,1.127741597379692564e+02
7.350000000000000000e+01,1.128051196775005991e+02
7.352500000000000568e+01,1.128334996220710451e+02
7.354999999999999716e+01,1.128644595616024162e+02
7.357500000000000284e+01,1.128928395061728480e+02
7.360000000000000853e+01,1.129186394557822979e+02
7.362500000000000000e+01,1.129418594104308369e+02
7.365000000000000568e+01,1.129650793650793474e+02
7.367499999999999716e+01,1.129882993197278722e+02
7.370000000000000284e+01,1.130115192743763970e+02
7.372500000000000853e+01,1.130347392290249360e+02
7.375000000000000000e+01,1.130579591836734750e+02
7.377500000000000568e+01,1.130811791383219855e+02
7.379999999999999716e+01,1.131043990929705103e+02
7.382500000000000284e+01,1.131276190476190209e+02
7.385000000000000853e+01,1.131508390022675599e+02
7.387500000000000000e+01,1.131740589569160704e+02
7.390000000000000568e+01,1.131972789115646094e+02
7.392499999999999716e+01,1.132204988662131626e+02
7.395000000000000284e+01,1.132437188208616732e+02
7.397500000000000853e+01,1.132669387755101980e+02
7.400000000000000000e+01,1.132901587301587085e+02
7.402500000000000568e+01,1.133133786848072475e+02
7.404999999999999716e+01,1.133365986394557581e+02
7.407500000000000284e+01,1.133598185941042971e+02
7.410000000000000853e+01,1.133830385487528503e+02
7.412500000000000000e+01,1.134062585034013608e+02
7.415000000000000568e+01,1.134294784580498856e+02
7.417499999999999716e+01,1.134526984126983962e+02
7.420000000000000284e+01,1.134759183673469352e+02
7.422500000000000853e+01,1.134991383219954457e+02
7.425000000000000000e+01,1.135223582766439847e+02
7.427500000000000568e+01,1.135455782312925095e+02
7.429999999999999716e+01,1.135687981859410343e+02
7.432500000000000284e+01,1.135920181405895732e+02
7.435000000000000853e+01,1.136152380952380838e+02
7.437500000000000000e+01,1.136384580498866086e+02
7.440000000000000568e+01,1.136616780045351334e+02
7.442499999999999716e+01,1.136848979591836581e+02
7.445000000000000284e+01,1.137081179138321829e+02
7.447500000000000853e+01,1.137313378684807077e+02
7.450000000000000000e+01,1.137545578231292467e+02
7.452500000000000568e+01,1.137777777777777715e+02
7.454999999999999716e+01,1.138009977324262962e+02
7.457500000000000284e+01,1.138242176870748068e+02
7.460000000000000853e+01,1.138474376417233458e+02
7.462500000000000000e+01,1.138706575963718706e+02
7.465000000000000568e+01,1.138938775510203953e+02
7.467499999999999716e+01,1.139170975056689343e+02
7.470000000000000284e+01,1.139403174603174591e+02
7.472500000000000853e+01,1.139635374149659839e+02
7.475000000000000000e+01,1.139867573696144945e+02
7.477500000000000568e+01,1.140099773242630334e+02
7.479999999999999716e+01,1.140331972789115582e+02
7.482500000000000284e+01,1.140564172335600830e+02
7.485000000000000853e+01,1.140796371882085936e+02
7.487500000000000000e+01,1.141028571428571325e+02
7.490000000000000568e+01,1.141260770975056715e+02
7.492499999999999716e+01,1.141492970521541821e+02
7.495000000000000284e+01,1.141725170068027211e+02
7.497500000000000853e+01,1.141957369614512317e+02
7.500000000000000000e+01,1.142189569160997564e+02
7.502500000000000568e+01,1.142421768707482670e+02
7.504999999999999716e+01,1.142653968253968060e+02
7.507500000000000284e+01,1.142886167800453592e+02
7.510000000000000853e+01,1.143118367346938697e+02
7.512500000000000000e+01,1.143350566893423945e+02
7.515000000000000568e+01,1.143582766439909051e+02
7.517499999999999716e+01,1.143814965986394441e+02
7.520000000000000284e+01,1.144047165532879546e+02
7.522500000000000853e+01,1.144279365079364936e+02
7.525000000000000000e+01,1.144511564625850468e+02
7.527500000000000568e+01,1.144743764172335574e+02
7.529999999999999716e+01,1.144975963718820822e+02
7.532500000000000284e+01,1.145208163265305927e+02
7.535000000000000853e+01,1.145440362811791317e+02
7.537500000000000000e+01,1.145672562358276423e+02
7.540000000000000568e+01,1.145904761904761813e+02
7.542499999999999716e+01,1.146136961451247060e+02
7.545000000000000284e+01,1.146369160997732308e+02
7.547500000000000853e+01,1.146601360544217698e+02
7.550000000000000000e+01,1.146833560090702804e+02
7.552500000000000568e+01,1.147065759637188194e+02
7.554999999999999716e+01,1.147297959183673299e+02
7.557500000000000284e+01,1.147530158730158547e+02
7.560000000000000853e+01,1.147762358276643795e+02
7.562500000000000000e+01,1.147994557823129185e+02
7.565000000000000568e+01,1.148226757369614575e+02
7.567499999999999716e+01,1.148458956916099680e+02
7.570000000000000284e+01,1.148691156462584928e+02
7.572500000000000853e+01,1.148923356009070034e+02
7.575000000000000000e+01,1.149155555555555424e+02
7.577500000000000568e+01,1.149387755102040671e+02
7.579999999999999716e+01,1.149619954648525919e+02
7.582500000000000284e+01,1.149852154195011309e+02
7.585000000000000853e+01,1.150084353741496557e+02
7.587500000000000000e+01,1.150316553287981804e+02
7.590000000000000568e+01,1.150548752834466910e+02
7.592499999999999716e+01,1.150780952380952300e+02
7.595000000000000284e+01,1.151013151927437548e+02
7.597500000000000853e+01,1.151245351473922796e+02
7.600000000000000000e+01,1.151477551020408185e+02
7.602500000000000568e+01,1.151709750566893291e+02
7.604999999999999716e+01,1.151941950113378681e+02
7.607500000000000284e+01,1.152174149659863787e+02
7.610000000000000853e+01,1.152406349206349176e+02
7.612500000000000000e+01,1.152638548752834282e+02
7.615000000000000568e+01,1.152870748299319530e+02
7.617499999999999716e+01,1.153102947845804778e+02
7.620000000000000284e+01,1.153335147392290168e+02
7.622500000000000853e+01,1.153567346938775415e+02
7.625000000000000000e+01,1.153799546485260805e+02
7.627500000000000568e+01,1.154031746031745911e+02
7.629999999999999716e+01,1.154263945578231159e+02
7.632500000000000284e+01,1.154496145124716406e+02
7.635000000000000853e+01,1.154728344671201512e+02
7.637500000000000000e+01,1.154960544217686902e+02
7.640000000000000568e+01,1.155192743764172150e+02
7.642499999999999716e+01,1.155424943310657682e+02
7.645000000000000284e+01,1.155657142857142787e+02
7.647500000000000853e+01,1.155889342403627893e+02
7.650000000000000000e+01,1.156121541950113283e+02
7.652500000000000568e+01,1.156353741496598388e+02
7.654999999999999716e+01,1.156585941043083778e+02
7.657500000000000284e+01,1.156818140589569026e+02
7.660000000000000853e+01,1.157050340136054558e+02
7.662500000000000000e+01,1.157282539682539664e+02
7.665000000000000568e+01,1.157514739229024769e+02
7.667499999999999716e+01,1.157746938775510159e+02
7.670000000000000284e+01,1.157979138321995265e+02
7.672500000000000853e+01,1.158211337868480655e+02
7.675000000000000000e+01,1.158443537414965903e+02
7.677500000000000568e+01,1.158675736961451150e+02
7.680000000000001137e+01,1.158907936507936540e+02
7.682500000000000284e+01,1.159140136054421646e+02
7.685000000000000853e+01,1.159372335600906894e+02
7.687500000000000000e+01,1.159604535147392141e+02
7.690000000000000568e+01,1.159836734693877389e+02
7.692500000000001137e+01,1.160068934240362637e+02
7.695000000000000284e+01,1.160301133786847885e+02
7.697500000000000853e+01,1.160533333333333275e+02
7.700000000000000000e+01,1.160765532879818380e+02
7.702500000000000568e+01,1.160997732426303770e+02
7.705000000000001137e+01,1.161229931972789018e+02
7.707500000000000284e+01,1.161462131519274266e+02
7.710000000000000853e+01,1.161694331065759513e+02
7.712500000000000000e+01,1.161926530612244761e+02
7.715000000000000568e+01,1.162158730158730151e+02
7.717500000000001137e+01,1.162390929705215257e+02
7.720000000000000284e+01,1.162623129251700647e+02
7.722500000000000853e+01,1.162855328798185894e+02
7.725000000000000000e+01,1.163087528344671142e+02
7.727500000000000568e+01,1.163319727891156390e+02
7.730000000000001137e+01,1.163551927437641638e+02
7.732500000000000284e+01,1.163784126984126743e+02
7.735000000000000853e+01,1.164016326530612133e+02
7.737500000000000000e+01,1.164248526077097381e+02
7.740000000000000568e+01,1.164480725623582771e+02
7.742500000000001137e+01,1.164712925170068019e+02
7.745000000000000284e+01,1.164945124716553124e+02
7.747500000000000853e+01,1.165177324263038372e+02
7.750000000000000000e+01,1.165409523809523478e+02
7.752500000000000568e+01,1.165641723356008868e+02
7.755000000000001137e+01,1.165873922902494115e+02
7.757500000000000284e+01,1.166106122448979647e+02
7.760000000000000853e+01,1.166338321995464753e+02
7.762500000000000000e+01,1.166570521541950001e+02
7.765000000000000568e+01,1.166802721088435248e+02
7.767500000000001137e+01,1.167034920634920354e+02
7.770000000000000284e+01,1.167267120181405744e+02
7.772500000000000853e+01,1.167499319727890992e+02
7.775000000000000000e+01,1.167731519274376524e+02
7.777500000000000568e+01,1.167963718820861629e+02
7.780000000000001137e+01,1.168195918367346735e+02
7.782500000000000284e+01,1.168428117913832125e+02
7.785000000000000853e+01,1.168660317460317231e+02
7.787500000000000000e+01,1.168892517006802620e+02
7.790000000000000568e+01,1.169124716553287868e+02
7.792500000000001137e+01,1.169356916099773116e+02
7.795000000000000284e+01,1.169589115646258506e+02
7.797500000000000853e+01,1.169821315192743612e+02
7.800000000000000000e+01,1.170053514739229001e+02
7.802500000000000568e+01,1.170285714285714107e+02
7.805000000000001137e+01,1.170517913832199355e+02
7.807500000000000284e+01,1.170750113378684603e+02
7.810000000000000853e+01,1.170982312925169992e+02
7.812500000000000000e+01,1.171214512471655240e+02
7.815000000000000568e+01,1.171446712018140488e+02
7.817500000000001137e+01,1.171678911564625736e+02
7.820000000000000284e+01,1.171911111111110984e+02
7.822500000000000853e+01,1.172143310657596231e+02
7.825000000000000000e+01,1.172375510204081479e+02
7.827500000000000568e+01,1.172607709750566727e+02
7.830000000000001137e+01,1.172839909297052117e+02
7.832500000000000284e+01,1.173072108843537222e+02
7.835000000000000853e+01,1.173304308390022612e+02
7.837500000000000000e+01,1.173536507936507860e+02
7.840000000000000568e+01,1.173768707482993108e+02
7.842500000000001137e+01,1.174000907029478356e+02
7.845000000000000284e+01,1.174233106575963603e+02
7.847500000000000853e+01,1.174465306122448993e+02
7.850000000000000000e+01,1.174697505668934099e+02
7.852500000000000568e+01,1.174929705215419489e+02
7.855000000000001137e+01,1.175161904761904736e+02
7.857500000000000284e+01,1.175394104308389984e+02
7.860000000000000853e+01,1.175626303854875232e+02
7.862500000000000000e+01,1.175858503401360480e+02
7.865000000000000568e+01,1.176090702947845585e+02
7.867500000000001137e+01,1.176322902494330975e+02
7.870000000000000284e+01,1.176555102040816223e+02
7.872500000000000853e+01,1.176787301587301613e+02
7.875000000000000000e+01,1.177019501133786719e+02
7.877500000000000568e+01,1.177251700680271966e+02
7.880000000000001137e+01,1.177483900226757214e+02
7.882500000000000284e+01,1.177716099773242320e+02
7.885000000000000853e+01,1.177948299319727710e+02
7.887500000000000000e+01,1.178180498866212957e+02
7.890000000000000568e+01,1.178412698412698489e+02
7.892500000000001137e+01,1.178619098009574060e+02
7.895000000000000284e+01,1.178825497606449773e+02
7.897500000000000853e+01,1.179031897203325627e+02
7.900000000000000000e+01,1.179238296800201340e+02
7.902500000000000568e+01,1.179444696397077053e+02
7.905000000000001137e+01,1.179651095993953049e+02
7.907500000000000284e+01,1.179857495590828904e+02
7.910000000000000853e+01,1.180063895187704759e+02
7.912500000000000000e+01,1.180270294784580472e+02
7.915000000000000568e+01,1.180502494331065577e+02
7.917500000000001137e+01,1.180734693877550967e+02
7.920000000000000284e+01,1.180966893424036073e+02
7.922500000000000853e+01,1.181199092970521463e+02
7.925000000000000000e+01,1.181431292517006710e+02
7.927500000000000568e+01,1.181663492063491958e+02
7.930000000000001137e+01,1.181895691609977348e+02
7.932500000000000284e+01,1.182127891156462454e+02
7.935000000000000853e+01,1.182360090702947844e+02
7.937500000000000000e+01,1.182592290249432949e+02
7.940000000000000568e+01,1.182824489795918197e+02
7.942500000000001137e+01,1.183030889392793910e+02
7.945000000000000284e+01,1.183211489040060371e+02
7.947500000000000853e+01,1.183366288737717156e+02
7.950000000000000000e+01,1.183495288485764547e+02
7.952500000000000568e+01,1.183598488284202404e+02
7.955000000000001137e+01,1.183675888133030867e+02
7.957500000000000284e+01,1.183727488032249937e+02
7.960000000000000853e+01,1.183753287981859330e+02
7.962500000000000000e+01,1.183753287981859330e+02
7.965000000000000568e+01,1.183753287981859330e+02
7.967500000000001137e+01,1.183753287981859330e+02
7.970000000000000284e+01,1.183753287981859330e+02
7.972500000000000853e+01,1.183753287981859330e+02
7.975000000000000000e+01,1.183753287981859330e+02
7.977500000000000568e+01,1.183753287981859330e+02
7.980000000000001137e+01,1.183753287981859330e+02
7.982500000000000284e+01,1.183753287981859330e+02
7.985000000000000853e+01,1.183753287981859330e+02
7.987500000000000000e+01,1.183779087931468723e+02
7.990000000000000568e+01,1.183830687830687651e+02
7.992500000000001137e+01,1.183908087679516115e+02
7.995000000000000284e+01,1.184011287477953971e+02
7.997500000000000853e+01,1.184140287226001362e+02
8.000000000000000000e+01,1.184295086923658289e+02
8.002500000000000568e+01,1.184475686570924466e+02
8.005000000000001137e+01,1.184682086167800321e+02
8.007500000000000284e+01,1.184914285714285569e+02
8.010000000000000853e+01,1.185146485260770959e+02
8.012500000000000000e+01,1.185378684807256064e+02
8.015000000000000568e+01,1.185610884353741454e+02
8.017500000000001137e+01,1.185843083900226702e+02
8.020000000000000284e+01,1.186075283446711950e+02
8.022500000000000853e+01,1.186307482993197198e+02
8.025000000000000000e+01,1.186539682539682445e+02
8.027500000000000568e+01,1.186771882086167551e+02
8.030000000000001137e+01,1.187004081632652941e+02
8.032500000000000284e+01,1.187236281179138331e+02
8.035000000000000853e+01,1.187468480725623579e+02
8.037500000000000000e+01,1.187700680272108826e+02
8.040000000000000568e+01,1.190151675485008695e+02
8.042500000000001137e+01,1.194821466364323328e+02
8.045000000000000284e+01,1.199491257243637961e+02
8.047500000000000853e+01,1.204161048122952735e+02
8.050000000000000000e+01,1.208830839002267368e+02
8.052500000000000568e+01,1.213500629881582142e+02
8.055000000000001137e+01,1.218170420760896775e+02
8.057500000000000284e+01,1.222840211640211550e+02
8.060000000000000853e+01,1.227510002519526324e+02
8.062500000000000000e+01,1.229960997732426193e+02
8.065000000000000568e+01,1.230193197278911441e+02
8.067500000000001137e+01,1.230425396825396689e+02
8.070000000000000284e+01,1.230657596371881937e+02
8.072500000000000853e+01,1.230889795918367184e+02
8.075000000000000000e+01,1.231121995464852574e+02
8.077500000000000568e+01,1.231354195011337680e+02
8.080000000000001137e+01,1.231586394557823070e+02
8.082500000000000284e+01,1.231818594104308318e+02
8.085000000000000853e+01,1.232050793650793565e+02
8.087500000000000000e+01,1.232282993197278813e+02
8.090000000000000568e+01,1.232515192743764061e+02
8.092500000000001137e+01,1.232747392290249451e+02
8.095000000000000284e+01,1.232979591836734556e+02
8.097500000000000853e+01,1.233211791383219946e+02
8.100000000000000000e+01,1.233443990929705194e+02
8.102500000000000568e+01,1.233676190476190442e+02
8.105000000000001137e+01,1.233908390022675547e+02
8.107500000000000284e+01,1.234140589569160795e+02
8.110000000000000853e+01,1.234372789115646043e+02
8.112500000000000000e+01,1.234604988662131433e+02
8.115000000000000568e+01,1.234837188208616681e+02
8.117500000000001137e+01,1.235069387755102071e+02
8.120000000000000284e+01,1.235301587301587176e+02
8.122500000000000853e+01,1.235533786848072424e+02
8.125000000000000000e+01,1.235765986394557672e+02
8.127500000000000568e+01,1.235998185941042777e+02
8.130000000000001137e+01,1.236230385487528167e+02
8.132500000000000284e+01,1.236462585034013415e+02
8.135000000000000853e+01,1.236694784580498947e+02
8.137500000000000000e+01,1.239145779793398674e+02
8.140000000000000568e+01,1.243841370622322700e+02
8.142500000000001137e+01,1.248588561350466080e+02
8.145000000000000284e+01,1.253335752078608891e+02
8.147500000000000853e+01,1.258082942806752129e+02
8.150000000000000000e+01,1.262830133534895509e+02
8.152500000000000568e+01,1.267577324263038605e+02
8.155000000000001137e+01,1.272324514991181559e+02
8.157500000000000284e+01,1.277071705719324655e+02
8.160000000000000853e+01,1.279600100781053129e+02
8.162500000000000000e+01,1.279883900226757305e+02
8.165000000000000568e+01,1.280116099773242695e+02
8.167500000000001137e+01,1.280348299319727801e+02
8.170000000000000284e+01,1.280580498866213190e+02
8.172500000000000853e+01,1.280812698412698296e+02
8.175000000000000000e+01,1.281044897959183686e+02
8.177500000000000568e+01,1.281277097505669076e+02
8.180000000000001137e+01,1.281509297052154182e+02
8.182500000000000284e+01,1.281741496598639287e+02
8.185000000000000853e+01,1.281973696145124677e+02
8.187500000000000000e+01,1.282231695641219176e+02
8.190000000000000568e+01,1.282567094986142422e+02
8.192500000000001137e+01,1.282928294280675345e+02
8.195000000000000284e+01,1.283263693625598307e+02
8.197500000000000853e+01,1.283624892920130947e+02
8.200000000000000000e+01,1.283960292265054193e+02
8.202500000000000568e+01,1.284321491559586832e+02
8.205000000000001137e+01,1.284656890904509794e+02
8.207500000000000284e+01,1.285018090199042433e+02
8.210000000000000853e+01,1.285327689594356002e+02
8.212500000000000000e+01,1.285585689090450785e+02
8.215000000000000568e+01,1.285792088687327066e+02
8.217500000000001137e+01,1.286050088183421565e+02
8.220000000000000284e+01,1.286256487780297277e+02
8.222500000000000853e+01,1.286514487276392060e+02
8.225000000000000000e+01,1.286720886873267773e+02
8.227500000000000568e+01,1.286978886369362556e+02
8.230000000000001137e+01,1.287185285966238268e+02
8.232500000000000284e+01,1.287443285462333051e+02
8.235000000000000853e+01,1.287649685059208764e+02
8.237500000000000000e+01,1.287907684555303547e+02
8.240000000000000568e+01,1.288165684051398330e+02
8.242500000000001137e+01,1.288449483497102506e+02
8.245000000000000284e+01,1.288707482993197004e+02
8.247500000000000853e+01,1.288991282438901465e+02
8.250000000000000000e+01,1.289249281934996247e+02
8.252500000000000568e+01,1.289533081380700423e+02
8.255000000000001137e+01,1.289791080876794922e+02
8.257500000000000284e+01,1.290074880322499382e+02
8.260000000000000853e+01,1.290332879818594165e+02
8.262500000000000000e+01,1.290565079365079271e+02
8.265000000000000568e+01,1.290797278911564376e+02
8.267500000000001137e+01,1.291029478458049766e+02
8.270000000000000284e+01,1.291261678004535156e+02
8.272500000000000853e+01,1.291493877551020262e+02
8.275000000000000000e+01,1.291726077097505652e+02
8.277500000000000568e+01,1.291958276643990757e+02
8.280000000000001137e+01,1.292190476190476147e+02
8.282500000000000284e+01,1.292422675736961253e+02
8.285000000000000853e+01,1.292654875283446643e+02
8.287500000000000000e+01,1.292887074829931748e+02
8.290000000000000568e+01,1.293119274376416854e+02
8.292500000000001137e+01,1.293351473922902528e+02
8.295000000000000284e+01,1.293583673469387634e+02
8.297500000000000853e+01,1.293815873015873024e+02
8.300000000000000000e+01,1.294048072562358129e+02
8.302500000000000568e+01,1.294280272108843235e+02
8.305000000000001137e+01,1.294512471655328625e+02
8.307500000000000284e+01,1.294744671201813730e+02
8.310000000000000853e+01,1.294976870748299405e+02
8.312500000000000000e+01,1.295209070294784510e+02
8.315000000000000568e+01,1.295441269841269900e+02
8.317500000000001137e+01,1.295673469387755006e+02
8.320000000000000284e+01,1.295905668934240111e+02
8.322500000000000853e+01,1.296137868480725501e+02
8.325000000000000000e+01,1.296370068027210607e+02
8.327500000000000568e+01,1.296602267573695997e+02
8.330000000000001137e+01,1.296834467120181387e+02
8.332500000000000284e+01,1.297066666666666777e+02
8.335000000000000853e+01,1.297298866213151882e+02
8.337500000000000000e+01,1.297531065759636988e+02
8.340000000000000568e+01,1.297763265306122378e+02
8.342500000000001137e+01,1.297995464852607483e+02
8.345000000000000284e+01,1.298227664399092873e+02
8.347500000000000853e+01,1.298459863945578263e+02
8.350000000000000000e+01,1.298692063492063369e+02
8.352500000000000568e+01,1.298924263038548759e+02
8.355000000000001137e+01,1.299156462585033864e+02
8.357500000000000284e+01,1.299388662131519254e+02
8.360000000000000853e+01,1.299620861678004360e+02
8.362500000000000000e+01,1.299853061224489750e+02
8.365000000000000568e+01,1.300085260770975140e+02
8.367500000000001137e+01,1.300317460317460245e+02
8.370000000000000284e+01,1.300549659863945635e+02
8.372500000000000853e+01,1.300781859410430741e+02
8.375000000000000000e+01,1.301014058956915846e+02
8.377500000000000568e+01,1.301246258503401236e+02
8.380000000000001137e+01,1.301478458049886626e+02
8.382500000000000284e+01,1.301710657596371732e+02
8.385000000000000853e+01,1.301942857142857122e+02
8.387500000000000000e+01,1.302175056689342227e+02
8.390000000000000568e+01,1.302407256235827617e+02
8.392500000000001137e+01,1.302639455782313007e+02
8.395000000000000284e+01,1.302871655328798113e+02
8.397500000000000853e+01,1.303103854875283218e+02
8.400000000000000000e+01,1.303336054421768608e+02
8.402500000000000568e+01,1.303568253968253714e+02
8.405000000000001137e+01,1.303800453514738820e+02
8.407500000000000284e+01,1.304032653061224494e+02
8.410000000000000853e+01,1.304264852607709599e+02
8.412500000000000000e+01,1.304497052154194989e+02
8.415000000000000568e+01,1.304729251700680095e+02
8.417500000000001137e+01,1.304961451247165485e+02
8.420000000000000284e+01,1.305193650793650590e+02
8.422500000000000853e+01,1.305425850340135696e+02
8.425000000000000000e+01,1.305658049886621370e+02
8.427500000000000568e+01,1.305890249433106476e+02
8.430000000000001137e+01,1.306122448979591866e+02
8.432500000000000284e+01,1.306354648526076971e+02
8.435000000000000853e+01,1.306586848072562077e+02
8.437500000000000000e+01,1.306819047619047467e+02
8.440000000000000568e+01,1.307051247165532573e+02
8.442500000000001137e+01,1.307283446712018247e+02
8.445000000000000284e+01,1.307515646258503352e+02
8.447500000000000853e+01,1.307747845804988742e+02
8.450000000000000000e+01,1.307980045351473848e+02
8.452500000000000568e+01,1.308212244897958954e+02
8.455000000000001137e+01,1.308444444444444343e+02
8.457500000000000284e+01,1.308676643990929449e+02
8.460000000000000853e+01,1.308908843537414839e+02
8.462500000000000000e+01,1.309141043083900229e+02
8.465000000000000568e+01,1.309373242630385334e+02
8.467500000000001137e+01,1.309605442176870724e+02
8.470000000000000284e+01,1.309837641723355830e+02
8.472500000000000853e+01,1.310069841269841220e+02
8.475000000000000000e+01,1.310302040816326326e+02
8.477500000000000568e+01,1.310534240362811715e+02
8.480000000000001137e+01,1.310766439909297105e+02
8.482500000000000284e+01,1.310998639455782211e+02
8.485000000000000853e+01,1.311230839002267601e+02
8.487500000000000000e+01,1.311463038548752706e+02
8.490000000000000568e+01,1.313036835474930797e+02
8.492500000000001137e+01,1.315978029730410412e+02
8.495000000000000284e+01,1.318919223985890596e+02
8.497500000000000853e+01,1.321860418241370496e+02
8.500000000000000000e+01,1.324801612496850396e+02
8.502500000000000568e+01,1.327742806752330580e+02
8.505000000000001137e+01,1.330684001007810480e+02
8.507500000000000284e+01,1.333625195263290379e+02
8.510000000000000853e+01,1.336566389518770279e+02
8.512500000000000000e+01,1.338165986394557763e+02
8.515000000000000568e+01,1.338398185941042868e+02
8.517500000000001137e+01,1.338630385487528258e+02
8.520000000000000284e+01,1.338862585034013364e+02
8.522500000000000853e+01,1.339094784580498469e+02
8.525000000000000000e+01,1.339326984126984144e+02
8.527500000000000568e+01,1.339559183673469249e+02
8.530000000000001137e+01,1.339791383219954639e+02
8.532500000000000284e+01,1.340023582766439745e+02
8.535000000000000853e+01,1.340255782312924850e+02
8.537500000000000000e+01,1.340487981859410240e+02
8.540000000000000568e+01,1.340720181405895346e+02
8.542500000000001137e+01,1.340952380952381020e+02
8.545000000000000284e+01,1.341184580498866126e+02
8.547500000000000853e+01,1.341416780045351516e+02
8.550000000000000000e+01,1.341648979591836621e+02
8.552500000000000568e+01,1.341881179138321727e+02
8.555000000000001137e+01,1.342113378684807117e+02
8.557500000000000284e+01,1.342345578231292222e+02
8.560000000000000853e+01,1.342577777777777612e+02
8.562500000000000000e+01,1.342809977324263002e+02
8.565000000000000568e+01,1.343042176870748392e+02
8.567500000000001137e+01,1.343274376417233498e+02
8.570000000000000284e+01,1.343506575963718603e+02
8.572500000000000853e+01,1.343738775510203993e+02
8.575000000000000000e+01,1.343970975056689099e+02
8.577500000000000568e+01,1.344203174603174489e+02
8.580000000000001137e+01,1.344435374149659879e+02
8.582500000000000284e+01,1.344667573696144984e+02
8.585000000000000853e+01,1.344899773242630374e+02
8.587500000000000000e+01,1.346473570168808180e+02
8.590000000000000568e+01,1.349414764424288080e+02
8.592500000000001137e+01,1.352381758629377373e+02
8.595000000000000284e+01,1.355348752834466950e+02
8.597500000000000853e+01,1.358315747039556527e+02
8.600000000000000000e+01,1.361282741244646104e+02
8.602500000000000568e+01,1.364249735449735397e+02
8.605000000000001137e+01,1.367216729654824690e+02
8.607500000000000284e+01,1.370183723859914267e+02
8.610000000000000853e+01,1.371809120685311143e+02
8.612500000000000000e+01,1.372067120181405642e+02
8.615000000000000568e+01,1.372299319727891032e+02
8.617500000000001137e+01,1.372531519274376421e+02
8.620000000000000284e+01,1.372763718820861527e+02
8.622500000000000853e+01,1.372995918367346917e+02
8.625000000000000000e+01,1.373228117913832023e+02
8.627500000000000568e+01,1.373460317460317412e+02
8.630000000000001137e+01,1.373692517006802518e+02
8.632500000000000284e+01,1.373924716553287908e+02
8.635000000000000853e+01,1.374156916099773014e+02
8.637500000000000000e+01,1.374389115646258119e+02
8.640000000000000568e+01,1.374621315192743793e+02
8.642500000000001137e+01,1.374853514739228899e+02
8.645000000000000284e+01,1.375085714285714289e+02
8.647500000000000853e+01,1.375317913832199395e+02
8.650000000000000000e+01,1.375550113378684500e+02
8.652500000000000568e+01,1.375782312925169890e+02
8.655000000000001137e+01,1.376014512471654996e+02
8.657500000000000284e+01,1.376246712018140670e+02
8.660000000000000853e+01,1.376478911564625776e+02
8.662500000000000000e+01,1.376711111111111165e+02
8.665000000000000568e+01,1.376943310657596271e+02
8.667500000000001137e+01,1.377175510204081377e+02
8.670000000000000284e+01,1.377407709750566767e+02
8.672500000000000853e+01,1.377639909297051872e+02
8.675000000000000000e+01,1.377872108843537262e+02
8.677500000000000568e+01,1.378104308390022652e+02
8.680000000000001137e+01,1.378336507936508042e+02
8.682500000000000284e+01,1.378568707482993148e+02
8.685000000000000853e+01,1.378800907029478253e+02
8.687500000000000000e+01,1.379033106575963643e+02
8.690000000000000568e+01,1.379291106072058142e+02
8.692500000000001137e+01,1.379523305618543532e+02
8.695000000000000284e+01,1.379729705215419244e+02
8.697500000000000853e+01,1.379910304862685564e+02
8.700000000000000000e+01,1.380065104560342490e+02
