score_time,audio_time
-1.000000000000000000e+00,5.366389518770471323e-01
-9.749999999999999778e-01,5.495389266817838347e-01
-9.499999999999999556e-01,5.650188964474678333e-01
-9.249999999999999334e-01,5.830788611740993499e-01
-8.999999999999999112e-01,6.037188208616779406e-01
-8.749999999999998890e-01,6.269387755102040494e-01
-8.499999999999998668e-01,6.501587301587301582e-01
-8.249999999999998446e-01,6.733786848072562670e-01
-7.999999999999998224e-01,6.965986394557823758e-01
-7.749999999999998002e-01,7.198185941043083735e-01
-7.499999999999997780e-01,7.430385487528344823e-01
-7.249999999999997558e-01,7.662585034013604801e-01
-6.999999999999997335e-01,7.894784580498865889e-01
-6.749999999999997113e-01,8.126984126984126977e-01
-6.499999999999996891e-01,8.359183673469388065e-01
-6.249999999999996669e-01,8.591383219954648043e-01
-5.999999999999996447e-01,8.823582766439910241e-01
-5.749999999999996225e-01,9.055782312925169109e-01
-5.499999999999996003e-01,9.287981859410430197e-01
-5.249999999999995781e-01,9.520181405895691285e-01
-4.999999999999995559e-01,9.752380952380952372e-01
-4.749999999999995337e-01,9.984580498866213460e-01
-4.499999999999995115e-01,1.021678004535147455e+00
-4.249999999999994893e-01,1.044897959183673564e+00
-3.999999999999994671e-01,1.068117913832199450e+00
-3.749999999999994449e-01,1.091337868480725781e+00
-3.499999999999994227e-01,1.114557823129251668e+00
-3.249999999999994005e-01,1.137777777777777777e+00
-2.999999999999993783e-01,1.160997732426303886e+00
-2.749999999999993561e-01,1.184217687074829772e+00
-2.499999999999993339e-01,1.207437641723355881e+00
-2.249999999999993117e-01,1.230657596371881990e+00
-1.999999999999992895e-01,1.253877551020408099e+00
-1.749999999999992673e-01,1.277097505668933985e+00
-1.499999999999992450e-01,1.300317460317460094e+00
-1.249999999999992228e-01,1.323537414965986425e+00
-9.999999999999920064e-02,1.346757369614512534e+00
-7.499999999999917843e-02,1.369977324263038643e+00
-4.999999999999915623e-02,1.393197278911564529e+00
-2.499999999999913403e-02,1.416417233560090638e+00
8.881784197001252323e-16,1.439637188208616747e+00
2.500000000000079936e-02,1.460277147896195560e+00
5.000000000000093259e-02,1.478337112622827076e+00
7.500000000000106581e-02,1.496397077349458371e+00
1.000000000000009770e-01,1.514457042076089666e+00
1.250000000000008882e-01,1.532517006802720960e+00
1.500000000000010214e-01,1.550576971529352255e+00
1.750000000000011546e-01,1.568636936255983771e+00
2.000000000000010658e-01,1.586696900982615288e+00
2.250000000000009770e-01,1.604756865709246583e+00
2.500000000000011102e-01,1.625396825396825395e+00
2.750000000000012434e-01,1.648616780045351282e+00
3.000000000000011546e-01,1.671836734693877391e+00
3.250000000000010658e-01,1.695056689342403500e+00
3.500000000000011990e-01,1.718276643990929609e+00
3.750000000000013323e-01,1.741496598639455717e+00
4.000000000000012434e-01,1.764716553287981604e+00
4.250000000000011546e-01,1.787936507936507935e+00
4.500000000000012879e-01,1.811156462585033822e+00
4.750000000000014211e-01,1.831796422272612856e+00
5.000000000000013323e-01,1.849856386999244151e+00
5.250000000000012434e-01,1.867916351725875446e+00
5.500000000000013767e-01,1.885976316452506962e+00
5.750000000000015099e-01,1.904036281179138257e+00
6.000000000000014211e-01,1.922096245905769774e+00
6.250000000000013323e-01,1.940156210632400846e+00
6.500000000000014655e-01,1.958216175359032363e+00
6.750000000000015987e-01,1.976276140085663879e+00
7.000000000000015099e-01,1.996916099773242470e+00
7.250000000000014211e-01,2.020136054421768801e+00
7.500000000000015543e-01,2.043356009070294910e+00
7.750000000000016875e-01,2.066575963718820574e+00
8.000000000000015987e-01,2.089795918367347127e+00
8.250000000000015099e-01,2.113015873015872792e+00
8.500000000000016431e-01,2.136235827664398901e+00
8.750000000000017764e-01,2.159455782312925454e+00
9.000000000000016875e-01,2.182675736961451118e+00
9.250000000000015987e-01,2.205895691609977227e+00
9.500000000000017319e-01,2.229115646258503336e+00
9.750000000000018652e-01,2.252335600907029001e+00
1.000000000000001776e+00,2.275555555555555109e+00
1.025000000000001688e+00,2.298775510204081662e+00
1.050000000000001599e+00,2.321995464852607771e+00
1.075000000000001954e+00,2.342635424540186584e+00
1.100000000000001865e+00,2.360695389266817656e+00
1.125000000000001776e+00,2.376175359032501877e+00
1.150000000000002132e+00,2.389075333837238357e+00
1.175000000000002043e+00,2.399395313681027542e+00
1.200000000000001954e+00,2.407135298563869430e+00
1.225000000000001865e+00,2.412295288485764466e+00
1.250000000000001776e+00,2.414875283446711762e+00
1.275000000000002132e+00,2.414875283446711762e+00
1.300000000000002043e+00,2.414875283446711762e+00
1.325000000000001954e+00,2.414875283446711762e+00
1.350000000000002309e+00,2.414875283446711762e+00
1.375000000000002220e+00,2.414875283446711762e+00
1.400000000000002132e+00,2.414875283446711762e+00
1.425000000000002043e+00,2.414875283446711762e+00
1.450000000000001954e+00,2.414875283446711762e+00
1.475000000000002309e+00,2.414875283446711762e+00
1.500000000000002220e+00,2.414875283446711762e+00
1.525000000000002132e+00,2.414875283446711762e+00
1.550000000000002487e+00,2.414875283446711762e+00
1.575000000000002398e+00,2.414875283446711762e+00
1.600000000000002309e+00,2.414875283446711762e+00
1.625000000000002220e+00,2.414875283446711762e+00
1.650000000000002132e+00,2.414875283446711762e+00
1.675000000000002487e+00,2.414875283446711762e+00
1.700000000000002398e+00,2.414875283446711762e+00
1.725000000000002309e+00,2.414875283446711762e+00
1.750000000000002665e+00,2.414875283446711762e+00
1.775000000000002576e+00,2.414875283446711762e+00
1.800000000000002487e+00,2.417455278407659058e+00
1.825000000000002398e+00,2.422615268329553651e+00
1.850000000000002309e+00,2.430355253212395539e+00
1.875000000000002665e+00,2.440675233056185167e+00
1.900000000000002576e+00,2.453575207860922092e+00
1.925000000000002487e+00,2.469055177626605868e+00
1.950000000000002842e+00,2.487115142353236941e+00
1.975000000000002753e+00,2.507755102040816197e+00
2.000000000000002665e+00,2.530975056689342306e+00
2.025000000000002576e+00,2.554195011337868415e+00
2.050000000000002487e+00,2.577414965986394968e+00
2.075000000000002842e+00,2.600634920634920633e+00
2.100000000000002753e+00,2.623854875283446741e+00
2.125000000000002665e+00,2.647074829931972850e+00
2.150000000000003020e+00,2.670294784580498515e+00
2.175000000000002931e+00,2.693514739229024624e+00
2.200000000000002842e+00,2.716734693877550288e+00
2.225000000000002753e+00,2.739954648526076841e+00
2.250000000000002665e+00,2.763174603174603394e+00
2.275000000000003020e+00,2.786394557823129503e+00
2.300000000000002931e+00,2.809614512471655168e+00
2.325000000000002842e+00,2.832834467120181277e+00
2.350000000000003197e+00,2.856054421768707385e+00
2.375000000000003109e+00,2.879274376417233494e+00
2.400000000000003020e+00,2.902494331065759603e+00
2.425000000000002931e+00,2.925714285714285268e+00
2.450000000000002842e+00,2.948934240362811821e+00
2.475000000000003197e+00,2.972154195011337485e+00
2.500000000000003109e+00,2.995374149659864038e+00
2.525000000000003020e+00,3.018594104308390147e+00
2.550000000000003375e+00,3.041814058956916256e+00
2.575000000000003286e+00,3.065034013605441920e+00
2.600000000000003197e+00,3.088253968253968029e+00
2.625000000000003109e+00,3.111473922902494138e+00
2.650000000000003020e+00,3.134693877551020247e+00
2.675000000000003375e+00,3.157913832199545912e+00
2.700000000000003286e+00,3.181133786848072464e+00
2.725000000000003197e+00,3.204353741496598573e+00
2.750000000000003553e+00,3.227573696145125126e+00
2.775000000000003464e+00,3.250793650793651235e+00
2.800000000000003375e+00,3.274013605442176900e+00
2.825000000000003286e+00,3.297233560090703008e+00
2.850000000000003197e+00,3.320453514739228673e+00
2.875000000000003553e+00,3.343673469387754782e+00
2.900000000000003464e+00,3.366893424036280891e+00
2.925000000000003375e+00,3.390113378684806555e+00
2.950000000000003730e+00,3.413333333333333108e+00
2.975000000000003642e+00,3.433973293020912365e+00
3.000000000000003553e+00,3.452033257747543438e+00
3.025000000000003908e+00,3.467513227513228102e+00
3.050000000000003375e+00,3.480413202317964583e+00
3.075000000000003730e+00,3.490733182161753767e+00
3.100000000000003197e+00,3.498473167044595655e+00
3.125000000000003553e+00,3.503633156966490247e+00
3.150000000000003908e+00,3.506213151927437544e+00
3.175000000000003375e+00,3.506213151927437544e+00
3.200000000000003730e+00,3.506213151927437544e+00
3.225000000000004086e+00,3.508793146888384840e+00
3.250000000000003553e+00,3.513953136810279432e+00
3.275000000000003908e+00,3.521693121693121764e+00
3.300000000000004263e+00,3.532013101536910948e+00
3.325000000000003730e+00,3.544913076341647873e+00
3.350000000000004086e+00,3.560393046107331649e+00
3.375000000000003553e+00,3.578453010833963166e+00
3.400000000000003908e+00,3.599092970521541535e+00
3.425000000000004263e+00,3.619732930209120347e+00
3.450000000000003730e+00,3.637792894935751420e+00
3.475000000000004086e+00,3.653272864701435196e+00
3.500000000000003553e+00,3.668752834467118973e+00
3.525000000000003908e+00,3.684232804232803637e+00
3.550000000000004263e+00,3.699712773998487858e+00
3.575000000000003730e+00,3.715192743764172523e+00
3.600000000000004086e+00,3.730672713529856743e+00
3.625000000000004441e+00,3.746152683295540520e+00
3.650000000000003908e+00,3.764212648022171592e+00
3.675000000000004263e+00,3.784852607709750405e+00
3.700000000000004619e+00,3.808072562358276070e+00
3.725000000000004086e+00,3.831292517006802179e+00
3.750000000000004441e+00,3.854512471655328731e+00
3.775000000000003908e+00,3.877732426303855284e+00
3.800000000000004263e+00,3.900952380952380949e+00
3.825000000000004619e+00,3.924172335600907502e+00
3.850000000000004086e+00,3.947392290249433167e+00
3.875000000000004441e+00,3.970612244897959275e+00
3.900000000000003908e+00,3.993832199546484940e+00
3.925000000000004263e+00,4.017052154195011049e+00
3.950000000000004619e+00,4.040272108843537602e+00
3.975000000000004086e+00,4.063492063492063266e+00
4.000000000000004441e+00,4.086712018140588931e+00
4.025000000000004796e+00,4.109931972789115484e+00
4.050000000000004263e+00,4.133151927437641149e+00
4.075000000000004619e+00,4.153791887125220406e+00
4.100000000000004974e+00,4.171851851851852366e+00
4.125000000000004441e+00,4.187331821617536143e+00
4.150000000000004796e+00,4.200231796422272623e+00
4.175000000000004263e+00,4.210551776266061808e+00
4.200000000000004619e+00,4.218291761148904584e+00
4.225000000000004974e+00,4.223451751070799176e+00
4.250000000000004441e+00,4.226031746031746472e+00
4.275000000000004796e+00,4.226031746031746472e+00
4.300000000000004263e+00,4.226031746031746472e+00
4.325000000000004619e+00,4.226031746031746472e+00
4.350000000000004974e+00,4.226031746031746472e+00
4.375000000000004441e+00,4.226031746031746472e+00
4.400000000000004796e+00,4.226031746031746472e+00
4.425000000000005151e+00,4.226031746031746472e+00
4.450000000000004619e+00,4.226031746031746472e+00
4.475000000000004974e+00,4.226031746031746472e+00
4.500000000000005329e+00,4.226031746031746472e+00
4.525000000000004796e+00,4.226031746031746472e+00
4.550000000000005151e+00,4.226031746031746472e+00
4.575000000000004619e+00,4.226031746031746472e+00
4.600000000000004974e+00,4.226031746031746472e+00
4.625000000000005329e+00,4.226031746031746472e+00
4.650000000000004796e+00,4.226031746031746472e+00
4.675000000000005151e+00,4.226031746031746472e+00
4.700000000000004619e+00,4.226031746031746472e+00
4.725000000000004974e+00,4.226031746031746472e+00
4.750000000000005329e+00,4.226031746031746472e+00
4.775000000000004796e+00,4.226031746031746472e+00
4.800000000000005151e+00,4.226031746031746472e+00
4.825000000000005507e+00,4.226031746031746472e+00
4.850000000000004974e+00,4.226031746031746472e+00
4.875000000000005329e+00,4.226031746031746472e+00
4.900000000000005684e+00,4.226031746031746472e+00
4.925000000000005151e+00,4.226031746031746472e+00
4.950000000000005507e+00,4.228611740992693768e+00
4.975000000000004974e+00,4.233771730914588360e+00
5.000000000000005329e+00,4.241511715797430249e+00
5.025000000000005684e+00,4.251831695641219433e+00
5.050000000000005151e+00,4.264731670445955913e+00
5.075000000000005507e+00,4.280211640211639690e+00
5.100000000000004974e+00,4.298271604938270762e+00
5.125000000000005329e+00,4.318911564625850019e+00
5.150000000000005684e+00,4.342131519274376572e+00
5.175000000000005151e+00,4.365351473922902237e+00
5.200000000000005507e+00,4.388571428571428790e+00
5.225000000000005862e+00,4.411791383219954454e+00
5.250000000000005329e+00,4.435011337868481007e+00
5.275000000000005684e+00,4.458231292517006672e+00
5.300000000000006040e+00,4.481451247165533225e+00
5.325000000000005507e+00,4.504671201814058890e+00
5.350000000000005862e+00,4.527891156462584554e+00
5.375000000000005329e+00,4.551111111111110219e+00
5.400000000000005684e+00,4.574331065759635884e+00
5.425000000000006040e+00,4.597551020408161548e+00
5.450000000000005507e+00,4.620770975056687213e+00
5.475000000000005862e+00,4.643990929705214654e+00
5.500000000000005329e+00,4.667210884353741207e+00
5.525000000000005684e+00,4.690430839002267760e+00
5.550000000000006040e+00,4.713650793650793425e+00
5.575000000000005507e+00,4.736870748299319978e+00
5.600000000000005862e+00,4.760090702947845642e+00
5.625000000000006217e+00,4.783310657596371307e+00
5.650000000000005684e+00,4.806530612244897860e+00
5.675000000000006040e+00,4.829750566893423525e+00
5.700000000000006395e+00,4.852970521541950077e+00
5.725000000000005862e+00,4.876190476190475742e+00
5.750000000000006217e+00,4.899410430839002295e+00
5.775000000000005684e+00,4.922630385487527960e+00
5.800000000000006040e+00,4.945850340136054513e+00
5.825000000000006395e+00,4.969070294784580177e+00
5.850000000000005862e+00,4.992290249433105842e+00
5.875000000000006217e+00,5.015510204081631507e+00
5.900000000000005684e+00,5.038730158730157171e+00
5.925000000000006040e+00,5.061950113378682836e+00
5.950000000000006395e+00,5.085170068027209389e+00
5.975000000000005862e+00,5.108390022675736830e+00
6.000000000000006217e+00,5.129029982363315199e+00
6.025000000000006573e+00,5.147089947089947159e+00
6.050000000000006040e+00,5.162569916855630936e+00
6.075000000000006395e+00,5.175469891660368305e+00
6.100000000000006750e+00,5.185789871504157489e+00
6.125000000000006217e+00,5.193529856387000265e+00
6.150000000000006573e+00,5.198689846308894857e+00
6.175000000000006040e+00,5.201269841269841265e+00
6.200000000000006395e+00,5.203849836230787673e+00
6.225000000000006750e+00,5.209009826152682265e+00
6.250000000000006217e+00,5.216749811035525930e+00
6.275000000000006573e+00,5.227069790879315114e+00
6.300000000000006040e+00,5.239969765684051595e+00
6.325000000000006395e+00,5.255449735449735371e+00
6.350000000000006750e+00,5.273509700176366444e+00
6.375000000000006217e+00,5.294149659863945701e+00
6.400000000000006573e+00,5.317369614512471365e+00
6.425000000000006928e+00,5.340589569160997918e+00
6.450000000000006395e+00,5.363809523809523583e+00
6.475000000000006750e+00,5.387029478458049248e+00
6.500000000000007105e+00,5.410249433106575800e+00
6.525000000000006573e+00,5.433469387755101465e+00
6.550000000000006928e+00,5.456689342403627130e+00
6.575000000000006395e+00,5.479909297052152795e+00
6.600000000000006750e+00,5.503129251700678459e+00
6.625000000000007105e+00,5.526349206349204124e+00
6.650000000000006573e+00,5.549569160997730677e+00
6.675000000000006928e+00,5.572789115646257230e+00
6.700000000000006395e+00,5.596009070294783783e+00
6.725000000000006750e+00,5.619229024943311224e+00
6.750000000000007105e+00,5.642448979591836888e+00
6.775000000000006573e+00,5.665668934240362553e+00
6.800000000000006928e+00,5.688888888888889106e+00
6.825000000000007283e+00,5.712108843537414771e+00
6.850000000000006750e+00,5.735328798185940435e+00
6.875000000000007105e+00,5.758548752834466988e+00
6.900000000000007461e+00,5.781768707482993541e+00
6.925000000000006928e+00,5.804988662131519206e+00
6.950000000000007283e+00,5.828208616780044871e+00
6.975000000000006750e+00,5.851428571428571423e+00
7.000000000000007105e+00,5.874648526077097088e+00
7.025000000000007461e+00,5.897868480725622753e+00
7.050000000000007816e+00,5.921088435374148418e+00
7.075000000000006395e+00,5.944308390022674082e+00
7.100000000000006750e+00,5.967528344671199747e+00
7.125000000000007105e+00,5.990748299319726300e+00
7.150000000000007461e+00,6.013968253968252853e+00
7.175000000000007816e+00,6.037188208616779406e+00
7.200000000000006395e+00,6.057828168304359551e+00
7.225000000000006750e+00,6.075888133030991511e+00
7.250000000000007105e+00,6.091368102796675288e+00
7.275000000000007461e+00,6.104268077601410880e+00
7.300000000000007816e+00,6.114588057445200064e+00
7.325000000000008171e+00,6.122328042328042841e+00
7.350000000000006750e+00,6.127488032249937433e+00
7.375000000000007105e+00,6.130068027210883841e+00
7.400000000000007461e+00,6.130068027210883841e+00
7.425000000000007816e+00,6.130068027210883841e+00
7.450000000000008171e+00,6.130068027210883841e+00
7.475000000000006750e+00,6.130068027210883841e+00
7.500000000000007105e+00,6.130068027210883841e+00
7.525000000000007461e+00,6.130068027210883841e+00
7.550000000000007816e+00,6.130068027210883841e+00
7.575000000000008171e+00,6.130068027210883841e+00
7.600000000000008527e+00,6.130068027210883841e+00
7.625000000000007105e+00,6.130068027210883841e+00
7.650000000000007461e+00,6.130068027210883841e+00
7.675000000000007816e+00,6.130068027210883841e+00
7.700000000000008171e+00,6.130068027210883841e+00
7.725000000000008527e+00,6.130068027210883841e+00
7.750000000000007105e+00,6.130068027210883841e+00
7.775000000000007461e+00,6.130068027210883841e+00
7.800000000000007816e+00,6.130068027210883841e+00
7.825000000000008171e+00,6.130068027210883841e+00
7.850000000000008527e+00,6.130068027210883841e+00
7.875000000000007105e+00,6.130068027210883841e+00
7.900000000000007461e+00,6.132648022171831137e+00
7.925000000000007816e+00,6.137808012093725729e+00
7.950000000000008171e+00,6.145547996976568506e+00
7.975000000000008527e+00,6.155867976820357690e+00
8.000000000000007105e+00,6.166187956664146874e+00
8.025000000000007461e+00,6.176507936507936058e+00
8.050000000000007816e+00,6.186827916351726131e+00
8.075000000000008171e+00,6.197147896195515315e+00
8.100000000000008527e+00,6.207467876039305388e+00
8.125000000000008882e+00,6.215207860922147276e+00
8.150000000000007461e+00,6.220367850844041868e+00
8.175000000000007816e+00,6.222947845804989164e+00
8.200000000000008171e+00,6.222947845804989164e+00
8.225000000000008527e+00,6.222947845804989164e+00
8.250000000000008882e+00,6.222947845804989164e+00
8.275000000000007461e+00,6.225527840765936460e+00
8.300000000000007816e+00,6.230687830687831053e+00
8.325000000000008171e+00,6.238427815570672941e+00
8.350000000000008527e+00,6.248747795414462125e+00
8.375000000000008882e+00,6.261647770219198605e+00
8.400000000000009237e+00,6.277127739984882382e+00
8.425000000000007816e+00,6.295187704711514343e+00
8.450000000000008171e+00,6.315827664399092711e+00
8.475000000000008527e+00,6.339047619047618376e+00
8.500000000000008882e+00,6.362267573696144041e+00
8.525000000000009237e+00,6.385487528344669705e+00
8.550000000000007816e+00,6.408707482993195370e+00
8.575000000000008171e+00,6.431927437641721923e+00
8.600000000000008527e+00,6.455147392290248476e+00
8.625000000000008882e+00,6.475787351977826845e+00
8.650000000000009237e+00,6.493847316704458805e+00
8.675000000000007816e+00,6.509327286470142582e+00
8.700000000000008171e+00,6.522227261274878174e+00
8.725000000000008527e+00,6.535127236079615543e+00
8.750000000000008882e+00,6.548027210884353799e+00
8.775000000000009237e+00,6.560927185689091168e+00
8.800000000000007816e+00,6.573827160493827648e+00
8.825000000000008171e+00,6.586727135298564129e+00
8.850000000000008527e+00,6.602207105064247905e+00
8.875000000000008882e+00,6.620267069790878978e+00
8.900000000000009237e+00,6.640907029478458234e+00
8.925000000000009592e+00,6.664126984126983899e+00
8.950000000000008171e+00,6.687346938775510452e+00
8.975000000000008527e+00,6.710566893424036117e+00
9.000000000000008882e+00,6.733786848072561781e+00
9.025000000000009237e+00,6.757006802721087446e+00
9.050000000000009592e+00,6.780226757369613999e+00
9.075000000000008171e+00,6.803446712018139664e+00
9.100000000000008527e+00,6.826666666666665328e+00
9.125000000000008882e+00,6.849886621315190993e+00
9.150000000000009237e+00,6.873106575963716658e+00
9.175000000000009592e+00,6.896326530612244099e+00
9.200000000000009948e+00,6.919546485260770652e+00
9.225000000000008527e+00,6.940186444948350797e+00
9.250000000000008882e+00,6.958246409674982758e+00
9.275000000000009237e+00,6.973726379440666534e+00
9.300000000000009592e+00,6.989206349206348534e+00
9.325000000000009948e+00,7.004686318972032311e+00
9.350000000000008527e+00,7.020166288737716975e+00
9.375000000000008882e+00,7.035646258503401640e+00
9.400000000000009237e+00,7.051126228269085416e+00
9.425000000000009592e+00,7.066606198034769193e+00
9.450000000000009948e+00,7.082086167800452969e+00
9.475000000000008527e+00,7.097566137566137634e+00
9.500000000000008882e+00,7.113046107331821410e+00
9.525000000000009237e+00,7.125946082136558779e+00
9.550000000000009592e+00,7.136266061980347963e+00
9.575000000000009948e+00,7.144006046863189852e+00
9.600000000000008527e+00,7.149166036785084444e+00
9.625000000000008882e+00,7.151746031746031740e+00
9.650000000000009237e+00,7.151746031746031740e+00
9.675000000000009592e+00,7.154326026706979036e+00
9.700000000000009948e+00,7.159486016628873628e+00
9.725000000000010303e+00,7.167226001511715516e+00
9.750000000000008882e+00,7.177545981355504701e+00
9.775000000000009237e+00,7.190445956160241181e+00
9.800000000000009592e+00,7.205925925925925846e+00
9.825000000000009948e+00,7.223985890652556918e+00
9.850000000000010303e+00,7.244625850340135287e+00
9.875000000000008882e+00,7.267845804988660952e+00
9.900000000000009237e+00,7.291065759637186616e+00
9.925000000000009592e+00,7.314285714285712281e+00
9.950000000000009948e+00,7.337505668934237946e+00
9.975000000000010303e+00,7.360725623582764499e+00
1.000000000000001066e+01,7.383945578231291051e+00
1.002500000000000924e+01,7.407165532879817604e+00
1.005000000000000959e+01,7.430385487528345045e+00
1.007500000000000995e+01,7.453605442176871598e+00
1.010000000000001030e+01,7.476825396825397263e+00
1.012500000000001066e+01,7.500045351473922928e+00
1.015000000000000924e+01,7.523265306122449481e+00
1.017500000000000959e+01,7.546485260770975145e+00
1.020000000000000995e+01,7.569705215419500810e+00
1.022500000000001030e+01,7.592925170068027363e+00
1.025000000000001066e+01,7.616145124716553028e+00
1.027500000000000924e+01,7.639365079365079580e+00
1.030000000000000959e+01,7.662585034013604357e+00
1.032500000000000995e+01,7.685804988662130910e+00
1.035000000000001030e+01,7.709024943310656575e+00
1.037500000000001066e+01,7.732244897959182239e+00
1.040000000000000924e+01,7.755464852607707904e+00
1.042500000000000959e+01,7.778684807256233569e+00
1.045000000000000995e+01,7.801904761904760122e+00
1.047500000000001030e+01,7.825124716553284898e+00
1.050000000000001066e+01,7.848344671201813227e+00
1.052500000000001101e+01,7.871564625850340668e+00
1.055000000000000959e+01,7.894784580498867221e+00
1.057500000000000995e+01,7.918004535147392886e+00
1.060000000000001030e+01,7.941224489795918551e+00
1.062500000000001066e+01,7.964444444444445104e+00
1.065000000000001101e+01,7.987664399092970768e+00
1.067500000000000959e+01,8.010884353741495545e+00
1.070000000000000995e+01,8.034104308390023874e+00
1.072500000000001030e+01,8.057324263038548651e+00
1.075000000000001066e+01,8.080544217687075204e+00
1.077500000000001101e+01,8.103764172335599980e+00
1.080000000000001137e+01,8.124404132023180125e+00
1.082500000000000995e+01,8.142464096749810309e+00
1.085000000000001030e+01,8.157944066515494086e+00
1.087500000000001066e+01,8.170844041320231455e+00
1.090000000000001101e+01,8.181164021164020639e+00
1.092500000000001137e+01,8.188904006046861639e+00
1.095000000000000995e+01,8.194063995968758007e+00
1.097500000000001030e+01,8.196643990929704415e+00
1.100000000000001066e+01,8.196643990929704415e+00
1.102500000000001101e+01,8.196643990929704415e+00
1.105000000000001137e+01,8.196643990929704415e+00
1.107500000000000995e+01,8.196643990929704415e+00
1.110000000000001030e+01,8.196643990929704415e+00
1.112500000000001066e+01,8.196643990929704415e+00
1.115000000000001101e+01,8.196643990929704415e+00
1.117500000000001137e+01,8.196643990929704415e+00
1.120000000000000995e+01,8.196643990929704415e+00
1.122500000000001030e+01,8.196643990929704415e+00
1.125000000000001066e+01,8.196643990929704415e+00
1.127500000000001101e+01,8.196643990929704415e+00
1.130000000000001137e+01,8.196643990929704415e+00
1.132500000000001172e+01,8.196643990929704415e+00
1.135000000000001030e+01,8.196643990929704415e+00
1.137500000000001066e+01,8.196643990929704415e+00
1.140000000000001101e+01,8.196643990929704415e+00
1.142500000000001137e+01,8.196643990929704415e+00
1.145000000000001172e+01,8.196643990929704415e+00
1.147500000000001030e+01,8.196643990929704415e+00
1.150000000000001066e+01,8.196643990929704415e+00
1.152500000000001101e+01,8.196643990929704415e+00
1.155000000000001137e+01,8.196643990929704415e+00
1.157500000000001172e+01,8.196643990929704415e+00
1.160000000000001208e+01,8.199223985890652600e+00
1.162500000000001066e+01,8.204383975812547192e+00
1.165000000000001101e+01,8.212123960695388192e+00
1.167500000000001137e+01,8.222443940539177376e+00
1.170000000000001172e+01,8.235343915343914745e+00
1.172500000000001208e+01,8.250823885109598521e+00
1.175000000000001066e+01,8.268883849836230482e+00
1.177500000000001101e+01,8.289523809523808850e+00
1.180000000000001137e+01,8.312743764172335403e+00
1.182500000000001172e+01,8.335963718820861956e+00
1.185000000000001208e+01,8.359183673469388509e+00
1.187500000000001066e+01,8.382403628117915062e+00
1.190000000000001101e+01,8.405623582766439839e+00
1.192500000000001137e+01,8.428843537414966391e+00
1.195000000000001172e+01,8.452063492063491168e+00
1.197500000000001208e+01,8.475283446712019497e+00
1.200000000000001066e+01,8.498503401360544274e+00
1.202500000000001101e+01,8.519143361048122642e+00
1.205000000000001137e+01,8.537203325774754603e+00
1.207500000000001172e+01,8.552683295540438380e+00
1.210000000000001208e+01,8.565583270345175748e+00
1.212500000000001243e+01,8.575903250188964932e+00
1.215000000000001101e+01,8.583643235071805933e+00
1.217500000000001137e+01,8.588803224993700525e+00
1.220000000000001172e+01,8.591383219954646933e+00
1.222500000000001208e+01,8.591383219954646933e+00
1.225000000000001243e+01,8.591383219954646933e+00
1.227500000000001101e+01,8.593963214915595117e+00
1.230000000000001137e+01,8.599123204837489709e+00
1.232500000000001172e+01,8.606863189720332485e+00
1.235000000000001208e+01,8.617183169564121670e+00
1.237500000000001243e+01,8.630083144368857262e+00
1.240000000000001279e+01,8.645563114134541038e+00
1.242500000000001137e+01,8.663623078861172999e+00
1.245000000000001172e+01,8.684263038548751368e+00
1.247500000000001208e+01,8.707482993197276144e+00
1.250000000000001243e+01,8.730702947845802697e+00
1.252500000000001279e+01,8.751342907533382842e+00
1.255000000000001137e+01,8.769402872260014803e+00
1.257500000000001172e+01,8.784882842025700356e+00
1.260000000000001208e+01,8.797782816830435948e+00
1.262500000000001243e+01,8.808102796674226909e+00
1.265000000000001279e+01,8.815842781557067909e+00
1.267500000000001137e+01,8.821002771478962501e+00
1.270000000000001172e+01,8.823582766439910685e+00
1.272500000000001208e+01,8.826162761400857093e+00
1.275000000000001243e+01,8.831322751322751685e+00
1.277500000000001279e+01,8.839062736205594462e+00
1.280000000000001137e+01,8.849382716049383646e+00
1.282500000000001172e+01,8.862282690854119238e+00
1.285000000000001208e+01,8.877762660619804791e+00
1.287500000000001243e+01,8.895822625346434975e+00
1.290000000000001279e+01,8.916462585034013344e+00
1.292500000000001315e+01,8.939682539682539897e+00
1.295000000000001172e+01,8.962902494331064673e+00
1.297500000000001208e+01,8.986122448979591226e+00
1.300000000000001243e+01,9.009342403628117779e+00
1.302500000000001279e+01,9.032562358276644332e+00
1.305000000000001315e+01,9.055782312925169109e+00
1.307500000000001172e+01,9.079002267573695661e+00
1.310000000000001208e+01,9.102222222222220438e+00
1.312500000000001243e+01,9.125442176870746991e+00
1.315000000000001279e+01,9.148662131519273544e+00
1.317500000000001315e+01,9.171882086167800097e+00
1.320000000000001350e+01,9.195102040816326650e+00
1.322500000000001208e+01,9.218321995464853202e+00
1.325000000000001243e+01,9.241541950113377979e+00
1.327500000000001279e+01,9.264761904761904532e+00
1.330000000000001315e+01,9.287981859410429308e+00
1.332500000000001350e+01,9.311201814058955861e+00
1.335000000000001208e+01,9.334421768707480638e+00
1.337500000000001243e+01,9.357641723356008967e+00
1.340000000000001279e+01,9.380861678004535520e+00
1.342500000000001315e+01,9.404081632653062073e+00
1.345000000000001350e+01,9.427301587301588626e+00
1.347500000000001208e+01,9.450521541950113402e+00
1.350000000000001243e+01,9.473741496598639955e+00
1.352500000000001279e+01,9.496961451247164732e+00
1.355000000000001315e+01,9.520181405895691285e+00
1.357500000000001350e+01,9.540821365583269653e+00
1.360000000000001208e+01,9.558881330309901614e+00
1.362500000000001243e+01,9.574361300075585390e+00
1.365000000000001279e+01,9.587261274880320983e+00
1.367500000000001315e+01,9.597581254724111943e+00
1.370000000000001350e+01,9.605321239606952943e+00
1.372500000000001386e+01,9.610481229528847535e+00
1.375000000000001243e+01,9.613061224489795720e+00
1.377500000000001279e+01,9.613061224489795720e+00
1.380000000000001315e+01,9.613061224489795720e+00
1.382500000000001350e+01,9.613061224489795720e+00
1.385000000000001386e+01,9.613061224489795720e+00
1.387500000000001243e+01,9.613061224489795720e+00
1.390000000000001279e+01,9.613061224489795720e+00
1.392500000000001315e+01,9.613061224489795720e+00
1.395000000000001350e+01,9.613061224489795720e+00
1.397500000000001386e+01,9.613061224489795720e+00
1.400000000000001421e+01,9.613061224489795720e+00
1.402500000000001279e+01,9.613061224489795720e+00
1.405000000000001315e+01,9.613061224489795720e+00
1.407500000000001350e+01,9.615641219450742128e+00
1.410000000000001386e+01,9.620801209372636720e+00
1.412500000000001421e+01,9.628541194255479496e+00
1.415000000000001279e+01,9.638861174099268680e+00
1.417500000000001315e+01,9.651761148904006049e+00
1.420000000000001350e+01,9.667241118669689826e+00
1.422500000000001386e+01,9.685301083396320010e+00
1.425000000000001421e+01,9.705941043083900155e+00
1.427500000000001279e+01,9.729160997732424931e+00
1.430000000000001315e+01,9.752380952380951484e+00
1.432500000000001350e+01,9.775600907029476261e+00
1.435000000000001386e+01,9.798820861678004590e+00
1.437500000000001421e+01,9.822040816326531143e+00
1.440000000000001279e+01,9.845260770975057696e+00
1.442500000000001315e+01,9.868480725623584249e+00
1.445000000000001350e+01,9.891700680272109025e+00
1.447500000000001386e+01,9.914920634920633802e+00
1.450000000000001421e+01,9.938140589569160355e+00
1.452500000000001457e+01,9.961360544217686908e+00
1.455000000000001315e+01,9.984580498866211684e+00
1.457500000000001350e+01,1.000780045351473824e+01
1.460000000000001386e+01,1.003102040816326301e+01
1.462500000000001421e+01,1.005424036281178957e+01
1.465000000000001457e+01,1.007746031746031434e+01
1.467500000000001315e+01,1.010068027210884090e+01
1.470000000000001350e+01,1.012390022675736745e+01
1.472500000000001386e+01,1.014712018140589400e+01
1.475000000000001421e+01,1.017034013605442055e+01
1.477500000000001457e+01,1.019356009070294711e+01
1.480000000000001492e+01,1.021678004535147188e+01
1.482500000000001350e+01,1.024000000000000021e+01
1.485000000000001386e+01,1.026321995464852499e+01
1.487500000000001421e+01,1.028643990929705154e+01
1.490000000000001457e+01,1.030965986394557632e+01
1.492500000000001492e+01,1.033287981859410465e+01
1.495000000000001350e+01,1.035609977324262942e+01
1.497500000000001386e+01,1.037931972789115598e+01
1.500000000000001421e+01,1.040253968253968253e+01
1.502500000000001279e+01,1.042575963718820908e+01
1.505000000000001492e+01,1.044639959687578568e+01
1.507500000000001350e+01,1.046445956160241764e+01
1.510000000000001563e+01,1.047993953136810141e+01
1.512500000000001421e+01,1.049283950617283701e+01
1.515000000000001279e+01,1.050315948601662619e+01
1.517500000000001492e+01,1.051089947089946897e+01
1.520000000000001350e+01,1.051605946082136356e+01
1.522500000000001563e+01,1.051863945578231174e+01
1.525000000000001421e+01,1.051863945578231174e+01
1.527500000000001279e+01,1.051863945578231174e+01
1.530000000000001492e+01,1.051863945578231174e+01
1.532500000000001350e+01,1.051863945578231174e+01
1.535000000000001563e+01,1.052121945074325993e+01
1.537500000000001421e+01,1.052637944066515452e+01
1.540000000000001279e+01,1.053411942554799552e+01
1.542500000000001492e+01,1.054185941043083830e+01
1.545000000000001350e+01,1.054959939531368107e+01
1.547500000000001563e+01,1.055733938019652385e+01
1.550000000000001421e+01,1.056507936507936662e+01
1.552500000000001634e+01,1.057539934492315581e+01
1.555000000000001492e+01,1.058829931972789140e+01
1.557500000000001350e+01,1.060119929453262699e+01
1.560000000000001563e+01,1.061409926933736436e+01
1.562500000000001421e+01,1.062699924414209995e+01
1.565000000000001634e+01,1.064247921390778373e+01
1.567500000000001492e+01,1.066053917863441391e+01
1.570000000000001350e+01,1.068117913832199406e+01
1.572500000000001563e+01,1.070439909297051884e+01
1.575000000000001421e+01,1.072761904761904539e+01
1.577500000000001634e+01,1.075083900226757194e+01
1.580000000000001492e+01,1.077405895691610027e+01
1.582500000000001350e+01,1.079727891156462505e+01
1.585000000000001563e+01,1.082049886621315160e+01
1.587500000000001421e+01,1.084371882086167815e+01
1.590000000000001634e+01,1.086693877551020471e+01
1.592500000000001492e+01,1.089015873015872948e+01
1.595000000000001350e+01,1.091337868480725604e+01
1.597500000000001563e+01,1.093659863945578081e+01
1.600000000000001421e+01,1.095981859410430737e+01
1.602500000000001634e+01,1.098303854875283214e+01
1.605000000000001492e+01,1.100625850340135869e+01
1.607500000000001350e+01,1.102947845804988525e+01
1.610000000000001563e+01,1.105269841269841180e+01
1.612500000000001421e+01,1.107591836734693658e+01
1.615000000000001634e+01,1.109913832199546313e+01
1.617500000000001492e+01,1.112235827664398968e+01
1.620000000000001705e+01,1.114557823129251446e+01
1.622500000000001563e+01,1.116879818594104101e+01
1.625000000000001421e+01,1.119201814058956757e+01
1.627500000000001634e+01,1.121523809523809589e+01
1.630000000000001492e+01,1.123845804988662067e+01
1.632500000000001705e+01,1.126167800453514722e+01
1.635000000000001563e+01,1.128489795918367378e+01
1.637500000000001421e+01,1.130811791383220033e+01
1.640000000000001634e+01,1.133133786848072511e+01
1.642500000000001492e+01,1.135455782312925166e+01
1.645000000000001705e+01,1.137777777777777644e+01
1.647500000000001563e+01,1.140099773242630299e+01
1.650000000000001421e+01,1.142421768707482777e+01
1.652500000000001634e+01,1.144743764172335432e+01
1.655000000000001492e+01,1.147065759637188087e+01
1.657500000000001705e+01,1.149387755102040742e+01
1.660000000000001563e+01,1.151709750566893220e+01
1.662500000000001421e+01,1.154031746031745875e+01
1.665000000000001634e+01,1.156353741496598531e+01
1.667500000000001492e+01,1.158675736961451008e+01
1.670000000000001705e+01,1.160997732426303664e+01
1.672500000000001563e+01,1.163061728395061678e+01
1.675000000000001421e+01,1.164867724867724874e+01
1.677500000000001634e+01,1.166415721844293252e+01
1.680000000000001492e+01,1.167705719324766989e+01
1.682500000000001705e+01,1.168737717309145907e+01
1.685000000000001563e+01,1.169511715797430007e+01
1.687500000000001421e+01,1.170027714789619466e+01
1.690000000000001634e+01,1.170285714285714285e+01
1.692500000000001492e+01,1.170285714285714285e+01
1.695000000000001705e+01,1.170285714285714285e+01
1.697500000000001563e+01,1.170285714285714285e+01
1.700000000000001421e+01,1.170285714285714285e+01
1.702500000000001634e+01,1.170285714285714285e+01
1.705000000000001492e+01,1.170285714285714285e+01
1.707500000000001705e+01,1.170285714285714285e+01
1.710000000000001563e+01,1.170285714285714285e+01
1.712500000000001776e+01,1.170285714285714285e+01
1.715000000000001634e+01,1.170285714285714285e+01
1.717500000000001492e+01,1.170285714285714285e+01
1.720000000000001705e+01,1.170285714285714285e+01
1.722500000000001563e+01,1.170285714285714285e+01
1.725000000000001776e+01,1.170285714285714285e+01
1.727500000000001634e+01,1.170285714285714285e+01
1.730000000000001492e+01,1.170285714285714285e+01
1.732500000000001705e+01,1.170285714285714285e+01
1.735000000000001563e+01,1.170285714285714285e+01
1.737500000000001776e+01,1.170285714285714285e+01
1.740000000000001634e+01,1.170285714285714285e+01
1.742500000000001492e+01,1.170285714285714285e+01
1.745000000000001705e+01,1.170543713781809103e+01
1.747500000000001563e+01,1.171059712773998385e+01
1.750000000000001776e+01,1.171833711262282662e+01
1.752500000000001634e+01,1.172865709246661403e+01
1.755000000000001492e+01,1.174155706727135318e+01
1.757500000000001705e+01,1.175703703703703695e+01
1.760000000000001563e+01,1.177509700176366891e+01
1.762500000000001776e+01,1.179573696145124728e+01
1.765000000000001634e+01,1.181895691609977206e+01
1.767500000000001492e+01,1.184217687074829861e+01
1.770000000000001705e+01,1.186539682539682339e+01
1.772500000000001563e+01,1.188861678004534994e+01
1.775000000000001776e+01,1.191183673469387649e+01
1.777500000000001634e+01,1.193505668934240127e+01
1.780000000000001847e+01,1.195827664399092782e+01
1.782500000000001705e+01,1.198149659863945438e+01
1.785000000000001563e+01,1.200471655328798093e+01
1.787500000000001776e+01,1.202793650793650571e+01
1.790000000000001634e+01,1.205115646258503226e+01
1.792500000000001847e+01,1.207437641723355881e+01
1.795000000000001705e+01,1.209759637188208714e+01
1.797500000000001563e+01,1.211823633156966551e+01
1.800000000000001776e+01,1.213629629629629569e+01
1.802500000000001634e+01,1.215177626606197947e+01
1.805000000000001847e+01,1.216467624086671506e+01
1.807500000000001705e+01,1.217499622071050602e+01
1.810000000000001563e+01,1.218273620559334702e+01
1.812500000000001776e+01,1.218789619551524339e+01
1.815000000000001634e+01,1.219047619047618980e+01
1.817500000000001847e+01,1.219305618543713621e+01
1.820000000000001705e+01,1.219821617535903080e+01
1.822500000000001563e+01,1.220595616024187180e+01
1.825000000000001776e+01,1.221627614008566098e+01
1.827500000000001634e+01,1.222917611489040191e+01
1.830000000000001847e+01,1.224465608465608391e+01
1.832500000000001705e+01,1.226271604938271587e+01
1.835000000000001563e+01,1.228335600907029423e+01
1.837500000000001776e+01,1.230657596371882079e+01
1.840000000000001634e+01,1.232979591836734556e+01
1.842500000000001847e+01,1.235301587301587212e+01
1.845000000000001705e+01,1.237623582766439689e+01
1.847500000000001563e+01,1.239945578231292345e+01
1.850000000000001776e+01,1.242267573696145000e+01
1.852500000000001634e+01,1.244589569160997655e+01
1.855000000000001847e+01,1.246911564625850133e+01
1.857500000000001705e+01,1.249233560090702788e+01
1.860000000000001563e+01,1.251555555555555266e+01
1.862500000000001776e+01,1.253877551020408099e+01
1.865000000000001634e+01,1.256199546485260754e+01
1.867500000000001847e+01,1.258263542454018591e+01
1.870000000000001705e+01,1.260069538926681432e+01
1.872500000000001918e+01,1.261617535903249987e+01
1.875000000000001776e+01,1.262907533383723546e+01
1.877500000000001634e+01,1.263939531368102465e+01
1.880000000000001847e+01,1.264713529856386742e+01
1.882500000000001705e+01,1.265487528344670842e+01
1.885000000000001918e+01,1.266261526832955298e+01
1.887500000000001776e+01,1.267035525321239575e+01
1.890000000000001634e+01,1.268067523305618671e+01
1.892500000000001847e+01,1.269357520786092053e+01
1.895000000000001705e+01,1.270905517762660608e+01
1.897500000000001918e+01,1.272711514235323627e+01
1.900000000000001776e+01,1.274775510204081641e+01
1.902500000000001634e+01,1.276839506172839478e+01
1.905000000000001847e+01,1.278645502645502674e+01
1.907500000000001705e+01,1.280193499622071052e+01
1.910000000000001918e+01,1.281483497102544789e+01
1.912500000000001776e+01,1.282515495086923885e+01
1.915000000000001634e+01,1.283289493575207985e+01
1.917500000000001847e+01,1.283805492567397621e+01
1.920000000000001705e+01,1.284063492063492262e+01
1.922500000000001918e+01,1.284063492063492262e+01
1.925000000000001776e+01,1.284063492063492262e+01
1.927500000000001634e+01,1.284063492063492262e+01
1.930000000000001847e+01,1.284321491559586903e+01
1.932500000000001705e+01,1.284837490551776362e+01
1.935000000000001918e+01,1.285611489040060462e+01
1.937500000000001776e+01,1.286643487024439381e+01
1.940000000000001990e+01,1.287933484504912940e+01
1.942500000000001847e+01,1.289481481481481318e+01
1.945000000000001705e+01,1.291287477954144514e+01
1.947500000000001918e+01,1.293351473922902350e+01
1.950000000000001776e+01,1.295673469387754828e+01
1.952500000000001990e+01,1.297995464852607483e+01
1.955000000000001847e+01,1.300317460317460316e+01
1.957500000000001705e+01,1.302639455782312972e+01
1.960000000000001918e+01,1.304961451247165272e+01
1.962500000000001776e+01,1.307283446712018105e+01
1.965000000000001990e+01,1.309605442176870760e+01
1.967500000000001847e+01,1.311927437641723415e+01
1.970000000000001705e+01,1.314249433106576070e+01
1.972500000000001918e+01,1.316313429075333907e+01
1.975000000000001776e+01,1.318119425547997103e+01
1.977500000000001990e+01,1.319667422524565481e+01
1.980000000000001847e+01,1.321215419501133681e+01
1.982500000000001705e+01,1.322763416477702236e+01
1.985000000000001918e+01,1.324311413454270436e+01
1.987500000000001776e+01,1.325859410430838992e+01
1.990000000000001990e+01,1.327407407407407192e+01
1.992500000000001847e+01,1.328955404383975747e+01
1.995000000000001705e+01,1.330761400856638765e+01
1.997500000000001918e+01,1.332825396825396602e+01
2.000000000000001776e+01,1.335147392290249257e+01
2.002500000000001990e+01,1.337469387755101913e+01
2.005000000000001847e+01,1.339533383723859750e+01
2.007500000000001705e+01,1.341597379692617586e+01
2.010000000000001918e+01,1.343661375661375601e+01
2.012500000000001776e+01,1.345725371630133438e+01
2.015000000000001990e+01,1.347789367598891452e+01
2.017500000000001847e+01,1.349853363567649112e+01
2.020000000000001705e+01,1.351917359536406948e+01
2.022500000000001918e+01,1.353981355505164963e+01
2.025000000000001776e+01,1.356045351473922977e+01
2.027500000000001990e+01,1.358367346938775633e+01
2.030000000000001847e+01,1.360689342403628110e+01
2.032500000000002061e+01,1.363011337868480766e+01
2.035000000000001918e+01,1.365333333333333243e+01
2.037500000000001776e+01,1.367655328798185899e+01
2.040000000000001990e+01,1.369977324263038376e+01
2.042500000000001847e+01,1.372299319727891032e+01
2.045000000000002061e+01,1.374621315192743687e+01
2.047500000000001918e+01,1.376943310657596165e+01
2.050000000000001776e+01,1.379265306122448820e+01
2.052500000000001990e+01,1.381587301587301475e+01
2.055000000000001847e+01,1.383909297052153953e+01
2.057500000000002061e+01,1.386231292517006608e+01
2.060000000000001918e+01,1.388553287981859086e+01
2.062500000000001776e+01,1.390875283446712096e+01
2.065000000000001990e+01,1.393197278911564396e+01
2.067500000000001847e+01,1.395519274376417229e+01
2.070000000000002061e+01,1.397841269841269884e+01
2.072500000000001918e+01,1.400163265306122362e+01
2.075000000000001776e+01,1.402485260770975017e+01
2.077500000000001990e+01,1.404807256235827673e+01
2.080000000000001847e+01,1.407129251700680150e+01
2.082500000000002061e+01,1.409451247165532806e+01
2.085000000000001918e+01,1.411773242630385461e+01
2.087500000000001776e+01,1.414095238095237939e+01
2.090000000000001990e+01,1.416417233560090594e+01
2.092500000000001847e+01,1.418739229024943072e+01
2.095000000000002061e+01,1.421061224489795727e+01
2.097500000000001918e+01,1.423383219954648382e+01
2.097500000000001918e+01,1.425705215419501037e+01
2.100000000000002132e+01,1.428027210884353515e+01
2.102500000000001990e+01,1.430349206349206170e+01
2.105000000000001847e+01,1.432671201814058648e+01
2.107500000000002061e+01,1.434993197278911659e+01
2.110000000000001918e+01,1.437315192743763959e+01
2.112500000000002132e+01,1.439637188208616791e+01
2.115000000000001990e+01,1.441959183673469269e+01
2.117500000000001847e+01,1.444281179138321924e+01
2.120000000000002061e+01,1.446603174603174402e+01
2.122500000000001918e+01,1.448925170068027235e+01
2.125000000000002132e+01,1.451247165532879890e+01
2.127500000000001990e+01,1.453569160997732368e+01
2.130000000000001847e+01,1.455891156462585023e+01
2.132500000000002061e+01,1.458213151927437501e+01
2.135000000000001918e+01,1.460535147392290156e+01
2.137500000000002132e+01,1.462857142857142634e+01
2.140000000000001990e+01,1.465179138321995289e+01
2.142500000000001847e+01,1.467501133786847944e+01
2.145000000000002061e+01,1.469823129251700600e+01
2.147500000000001918e+01,1.472145124716553077e+01
2.150000000000002132e+01,1.474467120181405733e+01
2.152500000000001990e+01,1.476789115646258210e+01
2.155000000000001847e+01,1.479111111111110866e+01
2.157500000000002061e+01,1.481433106575963521e+01
2.160000000000001918e+01,1.483755102040815999e+01
2.162500000000002132e+01,1.486077097505668831e+01
2.165000000000001990e+01,1.488399092970521487e+01
2.167500000000001847e+01,1.490721088435373964e+01
2.170000000000002061e+01,1.493043083900226797e+01
2.172500000000001918e+01,1.495365079365079453e+01
2.175000000000002132e+01,1.497687074829931930e+01
2.177500000000001990e+01,1.500009070294784586e+01
2.180000000000001847e+01,1.502331065759637063e+01
2.182500000000002061e+01,1.504653061224489718e+01
2.185000000000001918e+01,1.506975056689342196e+01
2.187500000000002132e+01,1.509297052154194851e+01
2.190000000000001990e+01,1.511619047619047507e+01
2.192500000000002203e+01,1.513941043083900162e+01
2.195000000000002061e+01,1.516263038548752640e+01
2.197500000000001918e+01,1.518585034013605295e+01
2.200000000000002132e+01,1.520907029478457773e+01
2.202500000000001990e+01,1.523229024943310428e+01
2.205000000000002203e+01,1.525551020408163083e+01
2.207500000000002061e+01,1.527873015873015561e+01
2.210000000000001918e+01,1.530195011337868394e+01
2.212500000000002132e+01,1.532517006802721049e+01
2.215000000000001990e+01,1.534839002267573527e+01
2.217500000000002203e+01,1.537160997732426360e+01
2.220000000000002061e+01,1.539482993197279015e+01
2.222500000000001918e+01,1.541804988662131493e+01
2.225000000000002132e+01,1.544126984126984148e+01
2.227500000000001990e+01,1.546448979591836626e+01
2.230000000000002203e+01,1.548770975056689281e+01
2.232500000000002061e+01,1.551092970521541758e+01
2.235000000000001918e+01,1.553414965986394414e+01
2.237500000000002132e+01,1.555736961451247069e+01
2.240000000000001990e+01,1.558058956916099547e+01
2.242500000000002203e+01,1.560380952380952202e+01
2.245000000000002061e+01,1.562702947845804857e+01
2.247500000000001918e+01,1.565024943310657335e+01
2.250000000000002132e+01,1.567346938775509990e+01
2.252500000000001990e+01,1.569668934240362645e+01
2.255000000000002203e+01,1.571990929705215123e+01
2.257500000000002061e+01,1.574312925170067956e+01
2.260000000000002274e+01,1.576634920634920611e+01
2.262500000000002132e+01,1.578956916099773089e+01
2.265000000000001990e+01,1.581278911564625922e+01
2.267500000000002203e+01,1.583600907029478577e+01
2.270000000000002061e+01,1.585922902494331055e+01
2.272500000000002274e+01,1.588244897959183710e+01
2.275000000000002132e+01,1.590566893424036188e+01
2.277500000000001990e+01,1.592888888888888843e+01
2.280000000000002203e+01,1.595210884353741321e+01
2.282500000000002061e+01,1.597532879818593976e+01
2.285000000000002274e+01,1.599854875283446454e+01
2.287500000000002132e+01,1.602176870748299109e+01
2.290000000000001990e+01,1.604498866213151942e+01
2.292500000000002203e+01,1.606820861678004420e+01
2.295000000000002061e+01,1.609142857142856897e+01
2.297500000000002274e+01,1.611464852607709730e+01
2.300000000000002132e+01,1.613786848072562208e+01
2.302500000000001990e+01,1.616108843537415041e+01
2.305000000000002203e+01,1.618430839002267518e+01
2.307500000000002061e+01,1.620752834467120351e+01
2.310000000000002274e+01,1.623074829931972829e+01
2.312500000000002132e+01,1.625396825396825662e+01
2.315000000000001990e+01,1.627718820861678140e+01
2.317500000000002203e+01,1.630040816326530617e+01
2.320000000000002061e+01,1.632362811791383095e+01
2.322500000000002274e+01,1.634684807256235928e+01
2.325000000000002132e+01,1.637006802721088405e+01
2.327500000000001990e+01,1.639328798185941238e+01
2.330000000000002203e+01,1.641650793650793716e+01
2.332500000000002061e+01,1.643972789115646194e+01
2.335000000000002274e+01,1.646294784580498671e+01
2.337500000000002132e+01,1.648616780045351504e+01
2.340000000000001990e+01,1.650938775510203982e+01
2.342500000000002203e+01,1.653260770975056460e+01
2.345000000000002061e+01,1.655582766439908937e+01
2.347500000000002274e+01,1.657904761904761770e+01
2.350000000000002132e+01,1.660226757369614248e+01
2.352500000000002345e+01,1.662548752834467081e+01
2.355000000000002203e+01,1.664870748299319558e+01
2.357500000000002061e+01,1.667192743764172391e+01
2.360000000000002274e+01,1.669514739229024869e+01
2.362500000000002132e+01,1.671836734693877347e+01
2.365000000000002345e+01,1.674158730158730179e+01
2.367500000000002203e+01,1.676480725623582657e+01
2.370000000000002061e+01,1.678802721088435490e+01
2.372500000000002274e+01,1.681124716553287968e+01
2.375000000000002132e+01,1.683446712018140445e+01
2.377500000000002345e+01,1.685768707482992923e+01
2.380000000000002203e+01,1.688090702947845756e+01
2.382500000000002061e+01,1.690412698412698234e+01
2.385000000000002274e+01,1.692734693877551067e+01
2.387500000000002132e+01,1.695056689342403544e+01
2.390000000000002345e+01,1.697378684807256022e+01
2.392500000000002203e+01,1.699700680272108499e+01
2.395000000000002061e+01,1.702022675736961332e+01
2.397500000000002274e+01,1.704344671201813810e+01
2.397500000000002274e+01,1.706666666666666643e+01
2.397500000000002274e+01,1.708988662131518765e+01
2.400000000000002132e+01,1.711310657596371598e+01
2.402500000000002345e+01,1.713632653061224431e+01
2.405000000000002203e+01,1.715954648526076909e+01
2.407500000000002061e+01,1.718276643990929742e+01
2.410000000000002274e+01,1.720598639455782219e+01
2.412500000000002132e+01,1.722662635424540056e+01
2.415000000000002345e+01,1.724468631897203252e+01
2.417500000000002203e+01,1.726016628873771808e+01
2.420000000000002416e+01,1.727306626354245367e+01
2.422500000000002274e+01,1.728596623834719281e+01
2.425000000000002132e+01,1.729886621315192841e+01
2.427500000000002345e+01,1.731176618795666400e+01
2.430000000000002203e+01,1.732466616276139959e+01
2.432500000000002416e+01,1.733756613756613874e+01
2.435000000000002274e+01,1.735304610733182074e+01
2.437500000000002132e+01,1.737110607205845270e+01
2.440000000000002345e+01,1.739174603174603106e+01
2.442500000000002203e+01,1.741496598639455584e+01
2.445000000000002416e+01,1.743818594104308062e+01
2.447500000000002274e+01,1.746140589569160895e+01
2.450000000000002132e+01,1.748462585034013372e+01
2.452500000000002345e+01,1.750784580498866205e+01
2.455000000000002203e+01,1.753106575963718683e+01
2.457500000000002416e+01,1.755428571428571161e+01
2.460000000000002274e+01,1.757750566893423994e+01
2.462500000000002132e+01,1.760072562358276471e+01
2.465000000000002345e+01,1.762394557823129304e+01
2.467500000000002203e+01,1.764716553287981782e+01
2.470000000000002416e+01,1.766780549256739619e+01
2.472500000000002274e+01,1.768586545729402815e+01
2.475000000000002132e+01,1.770134542705971370e+01
2.477500000000002345e+01,1.771424540186444929e+01
2.480000000000002203e+01,1.772456538170824203e+01
2.482500000000002416e+01,1.773488536155203121e+01
2.485000000000002274e+01,1.774520534139581684e+01
2.487500000000002132e+01,1.775552532123960958e+01
2.490000000000002345e+01,1.776584530108339521e+01
2.492500000000002203e+01,1.777874527588813436e+01
2.495000000000002416e+01,1.779422524565381636e+01
2.497500000000002274e+01,1.781228521038044832e+01
2.500000000000002132e+01,1.783292517006802669e+01
2.502500000000002345e+01,1.785614512471655146e+01
2.505000000000002203e+01,1.787936507936507624e+01
2.507500000000002416e+01,1.790258503401360457e+01
2.510000000000002274e+01,1.792580498866212935e+01
2.512500000000002487e+01,1.794902494331065412e+01
2.515000000000002345e+01,1.797224489795917890e+01
2.517500000000002203e+01,1.799546485260770723e+01
2.520000000000002416e+01,1.801868480725623556e+01
2.522500000000002274e+01,1.804190476190476033e+01
2.525000000000002487e+01,1.806512471655328511e+01
2.527500000000002345e+01,1.808834467120180989e+01
2.530000000000002203e+01,1.811156462585033822e+01
2.532500000000002416e+01,1.813478458049886655e+01
2.535000000000002274e+01,1.815800453514739132e+01
2.537500000000002487e+01,1.818122448979591965e+01
2.540000000000002345e+01,1.820444444444444088e+01
2.542500000000002203e+01,1.822766439909296921e+01
2.545000000000002416e+01,1.825088435374149753e+01
2.547500000000002274e+01,1.827410430839002231e+01
2.550000000000002487e+01,1.829732426303854709e+01
2.552500000000002345e+01,1.832054421768707186e+01
2.555000000000002203e+01,1.834376417233560019e+01
2.557500000000002416e+01,1.836698412698412497e+01
2.560000000000002274e+01,1.839020408163264975e+01
2.562500000000002487e+01,1.841342403628117808e+01
2.565000000000002345e+01,1.843664399092970285e+01
2.567500000000002203e+01,1.845986394557822763e+01
2.570000000000002416e+01,1.848308390022675241e+01
2.572500000000002274e+01,1.850630385487527718e+01
2.575000000000002487e+01,1.852952380952380551e+01
2.577500000000002345e+01,1.855274376417233384e+01
2.580000000000002558e+01,1.857596371882086217e+01
2.582500000000002416e+01,1.859918367346938695e+01
2.585000000000002274e+01,1.862240362811791528e+01
2.587500000000002487e+01,1.864562358276643650e+01
2.590000000000002345e+01,1.866884353741496483e+01
2.592500000000002558e+01,1.869206349206349316e+01
2.595000000000002416e+01,1.871528344671201793e+01
2.597500000000002274e+01,1.873850340136054271e+01
2.600000000000002487e+01,1.876172335600906749e+01
2.602500000000002345e+01,1.878494331065759582e+01
2.605000000000002558e+01,1.880816326530612059e+01
2.607500000000002416e+01,1.883138321995464537e+01
2.610000000000002274e+01,1.885460317460317015e+01
2.612500000000002487e+01,1.887524313429074851e+01
2.615000000000002345e+01,1.889330309901738048e+01
2.617500000000002558e+01,1.890878306878306603e+01
2.620000000000002416e+01,1.892168304358780517e+01
2.622500000000002274e+01,1.893200302343159080e+01
2.625000000000002487e+01,1.893974300831443713e+01
2.627500000000002345e+01,1.894490299823632995e+01
2.630000000000002558e+01,1.894748299319727636e+01
2.632500000000002416e+01,1.894748299319727636e+01
2.635000000000002274e+01,1.894748299319727636e+01
2.637500000000002487e+01,1.894748299319727636e+01
2.640000000000002345e+01,1.894748299319727636e+01
2.642500000000002558e+01,1.894748299319727636e+01
2.645000000000002416e+01,1.894748299319727636e+01
2.647500000000002274e+01,1.894748299319727636e+01
2.650000000000002487e+01,1.894748299319727636e+01
2.652500000000002345e+01,1.894748299319727636e+01
2.655000000000002558e+01,1.894748299319727636e+01
2.657500000000002416e+01,1.894748299319727636e+01
2.660000000000002274e+01,1.894748299319727636e+01
2.662500000000002487e+01,1.894748299319727636e+01
2.665000000000002345e+01,1.894748299319727636e+01
2.667500000000002558e+01,1.894748299319727636e+01
2.670000000000002416e+01,1.895006298815822632e+01
2.672500000000002629e+01,1.895522297808011913e+01
2.675000000000002487e+01,1.896296296296296191e+01
2.677500000000002345e+01,1.897328294280674754e+01
2.680000000000002558e+01,1.898618291761148669e+01
2.682500000000002416e+01,1.900166288737716869e+01
2.685000000000002629e+01,1.901972285210380065e+01
2.687500000000002487e+01,1.904036281179138257e+01
2.690000000000002345e+01,1.906358276643990735e+01
2.692500000000002558e+01,1.908680272108843212e+01
2.695000000000002416e+01,1.911002267573696045e+01
2.697500000000002629e+01,1.913066263542453882e+01
2.700000000000002487e+01,1.914872260015117078e+01
2.702500000000002345e+01,1.916420256991685278e+01
2.705000000000002558e+01,1.917710254472159193e+01
2.707500000000002416e+01,1.918742252456538111e+01
2.710000000000002629e+01,1.919516250944822389e+01
2.712500000000002487e+01,1.920032249937011670e+01
2.715000000000002345e+01,1.920290249433106311e+01
2.717500000000002558e+01,1.920290249433106311e+01
2.720000000000002416e+01,1.920290249433106311e+01
2.722500000000002629e+01,1.920548248929201307e+01
2.725000000000002487e+01,1.921064247921390944e+01
2.727500000000002345e+01,1.921838246409674866e+01
2.730000000000002558e+01,1.922870244394053785e+01
2.732500000000002416e+01,1.924160241874527344e+01
2.735000000000002629e+01,1.925708238851095899e+01
2.737500000000002487e+01,1.927514235323759095e+01
2.740000000000002700e+01,1.929578231292516932e+01
2.742500000000002558e+01,1.931900226757369410e+01
2.745000000000002416e+01,1.934222222222221887e+01
2.747500000000002629e+01,1.936544217687074365e+01
2.750000000000002487e+01,1.938866213151926843e+01
2.752500000000002700e+01,1.941188208616779676e+01
2.755000000000002558e+01,1.943510204081632509e+01
2.757500000000002416e+01,1.945832199546484986e+01
2.760000000000002629e+01,1.948154195011337819e+01
2.762500000000002487e+01,1.950476190476190297e+01
2.765000000000002700e+01,1.952798185941042775e+01
2.767500000000002558e+01,1.955120181405895607e+01
2.770000000000002416e+01,1.957442176870748440e+01
2.772500000000002629e+01,1.959764172335600918e+01
2.775000000000002487e+01,1.962086167800453396e+01
2.777500000000002700e+01,1.964408163265305873e+01
2.780000000000002558e+01,1.966472159234063710e+01
2.782500000000002416e+01,1.968278155706726906e+01
2.785000000000002629e+01,1.970084152179390102e+01
2.787500000000002487e+01,1.971890148652053298e+01
2.790000000000002700e+01,1.973696145124716139e+01
2.792500000000002558e+01,1.975502141597379335e+01
2.795000000000002416e+01,1.977308138070042887e+01
2.797500000000002629e+01,1.979114134542705727e+01
2.800000000000002487e+01,1.980920131015368923e+01
2.802500000000002700e+01,1.982984126984126760e+01
2.805000000000002558e+01,1.985306122448979238e+01
2.807500000000002416e+01,1.987628117913832071e+01
2.810000000000002629e+01,1.989950113378684549e+01
2.812500000000002487e+01,1.992272108843537382e+01
2.815000000000002700e+01,1.994594104308389859e+01
2.817500000000002558e+01,1.996916099773242337e+01
2.820000000000002416e+01,1.999238095238095170e+01
2.822500000000002629e+01,2.001560090702948003e+01
2.825000000000002487e+01,2.003882086167800480e+01
2.827500000000002700e+01,2.006204081632652958e+01
2.830000000000002558e+01,2.008526077097505436e+01
2.832500000000002771e+01,2.010848072562358269e+01
2.835000000000002629e+01,2.013170068027210746e+01
2.837500000000002487e+01,2.015492063492063224e+01
2.840000000000002700e+01,2.017814058956916057e+01
2.842500000000002558e+01,2.020136054421768534e+01
2.845000000000002771e+01,2.022458049886621012e+01
2.847500000000002629e+01,2.024522045855378849e+01
2.850000000000002487e+01,2.026328042328042045e+01
2.852500000000002700e+01,2.027876039304610600e+01
2.855000000000002558e+01,2.029166036785084160e+01
2.857500000000002771e+01,2.030198034769463078e+01
2.860000000000002629e+01,2.030972033257747356e+01
2.862500000000002487e+01,2.031488032249936992e+01
2.865000000000002700e+01,2.031746031746031633e+01
2.867500000000002558e+01,2.031746031746031633e+01
2.870000000000002771e+01,2.031746031746031633e+01
2.872500000000002629e+01,2.031746031746031633e+01
2.875000000000002487e+01,2.031746031746031633e+01
2.877500000000002700e+01,2.031746031746031633e+01
2.880000000000002558e+01,2.031746031746031633e+01
2.882500000000002771e+01,2.031746031746031633e+01
2.885000000000002629e+01,2.031746031746031633e+01
2.887500000000002487e+01,2.031746031746031633e+01
2.890000000000002700e+01,2.031746031746031633e+01
2.892500000000002558e+01,2.031746031746031633e+01
2.895000000000002771e+01,2.031746031746031633e+01
2.897500000000002629e+01,2.031746031746031633e+01
2.900000000000002842e+01,2.031746031746031633e+01
2.902500000000002700e+01,2.031746031746031633e+01
2.905000000000002558e+01,2.031746031746031633e+01
2.907500000000002771e+01,2.031746031746031633e+01
2.910000000000002629e+01,2.031746031746031633e+01
2.912500000000002842e+01,2.031746031746031633e+01
2.915000000000002700e+01,2.031746031746031633e+01
2.917500000000002558e+01,2.031746031746031633e+01
2.920000000000002771e+01,2.031746031746031633e+01
2.922500000000002629e+01,2.031746031746031633e+01
2.925000000000002842e+01,2.031746031746031633e+01
2.927500000000002700e+01,2.031746031746031633e+01
2.930000000000002558e+01,2.031746031746031633e+01
2.932500000000002771e+01,2.031746031746031633e+01
2.935000000000002629e+01,2.031746031746031633e+01
2.937500000000002842e+01,2.032004031242126274e+01
2.940000000000002700e+01,2.032520030234315556e+01
2.942500000000002558e+01,2.033294028722599833e+01
2.945000000000002771e+01,2.034326026706978752e+01
2.947500000000002629e+01,2.035616024187452311e+01
2.950000000000002842e+01,2.037164021164020511e+01
2.952500000000002700e+01,2.038970017636684418e+01
2.955000000000002558e+01,2.041034013605441899e+01
2.957500000000002771e+01,2.043356009070294732e+01
2.960000000000002629e+01,2.045678004535147565e+01
2.962500000000002842e+01,2.048000000000000043e+01
2.965000000000002700e+01,2.050321995464852520e+01
2.967500000000002558e+01,2.052643990929704998e+01
2.970000000000002771e+01,2.054965986394557831e+01
2.972500000000002629e+01,2.057287981859410309e+01
2.975000000000002842e+01,2.059609977324262786e+01
2.977500000000002700e+01,2.061931972789115264e+01
2.980000000000002558e+01,2.064253968253968097e+01
2.982500000000002771e+01,2.066575963718820574e+01
2.985000000000002629e+01,2.068897959183673052e+01
2.987500000000002842e+01,2.071219954648525885e+01
2.990000000000002700e+01,2.073541950113378363e+01
2.992500000000002913e+01,2.075863945578230840e+01
2.995000000000002771e+01,2.078185941043083318e+01
2.997500000000002629e+01,2.080507936507935796e+01
3.000000000000002842e+01,2.082829931972788629e+01
3.002500000000002700e+01,2.085151927437641461e+01
3.005000000000002913e+01,2.087473922902493939e+01
3.007500000000002771e+01,2.089795918367347127e+01
3.010000000000002629e+01,2.092117913832199605e+01
3.012500000000002842e+01,2.094181909800957442e+01
3.015000000000002700e+01,2.095987906273620283e+01
3.017500000000002913e+01,2.097535903250188838e+01
3.020000000000002771e+01,2.098825900730662752e+01
3.022500000000002629e+01,2.099857898715041671e+01
3.025000000000002842e+01,2.100631897203325948e+01
3.027500000000002700e+01,2.101147896195515230e+01
3.030000000000002913e+01,2.101405895691609871e+01
3.032500000000002771e+01,2.101405895691609871e+01
3.035000000000002629e+01,2.101405895691609871e+01
3.037500000000002842e+01,2.101663895187704512e+01
3.040000000000002700e+01,2.102179894179893793e+01
3.042500000000002913e+01,2.102953892668178426e+01
3.045000000000002771e+01,2.103985890652557345e+01
3.047500000000002629e+01,2.105275888133030904e+01
3.050000000000002842e+01,2.106823885109599104e+01
3.052500000000002700e+01,2.108629881582262300e+01
3.055000000000002913e+01,2.110693877551020137e+01
3.057500000000002771e+01,2.113015873015872614e+01
3.060000000000002984e+01,2.115337868480725092e+01
3.062500000000002842e+01,2.117659863945577925e+01
3.065000000000002700e+01,2.119981859410430758e+01
3.067500000000002913e+01,2.122303854875282880e+01
3.070000000000002771e+01,2.124367850844040717e+01
3.072500000000002984e+01,2.126173847316703913e+01
3.075000000000002842e+01,2.127721844293272468e+01
3.077500000000002700e+01,2.129011841773746028e+01
3.080000000000002913e+01,2.130043839758124946e+01
3.082500000000002771e+01,2.130817838246409224e+01
3.085000000000002984e+01,2.131591836734693146e+01
3.087500000000002842e+01,2.132365835222977779e+01
3.090000000000002700e+01,2.133139833711261701e+01
3.092500000000002913e+01,2.134171831695640620e+01
3.095000000000002771e+01,2.135203829680019894e+01
3.097500000000002984e+01,2.136235827664398457e+01
3.100000000000002842e+01,2.137267825648777375e+01
3.102500000000002700e+01,2.138299823633156294e+01
3.105000000000002558e+01,2.139331821617535212e+01
3.107500000000003126e+01,2.140105820105819490e+01
3.110000000000002984e+01,2.140621819098008771e+01
3.112500000000002842e+01,2.140879818594103412e+01
3.115000000000002700e+01,2.140879818594103412e+01
3.117500000000002558e+01,2.140879818594103412e+01
3.120000000000003126e+01,2.140879818594103412e+01
3.122500000000002984e+01,2.140879818594103412e+01
3.125000000000002842e+01,2.140879818594103412e+01
3.127500000000002700e+01,2.141137818090198408e+01
3.130000000000002558e+01,2.141653817082388045e+01
3.132500000000003126e+01,2.142427815570672323e+01
3.135000000000002984e+01,2.143459813555050886e+01
3.137500000000002842e+01,2.144749811035525155e+01
3.140000000000002700e+01,2.146297808012093711e+01
3.142500000000002558e+01,2.148103804484756552e+01
3.145000000000003126e+01,2.150167800453514388e+01
3.147500000000002984e+01,2.152489795918367221e+01
3.150000000000002842e+01,2.154811791383219699e+01
3.152500000000002700e+01,2.157133786848072177e+01
3.155000000000002558e+01,2.159455782312925010e+01
3.157500000000003126e+01,2.161777777777777487e+01
3.160000000000002984e+01,2.164099773242629965e+01
3.162500000000002842e+01,2.166421768707482443e+01
3.165000000000002700e+01,2.168743764172334920e+01
3.167500000000002558e+01,2.170807760141092757e+01
3.170000000000003126e+01,2.172613756613755953e+01
3.172500000000002984e+01,2.174161753590324508e+01
3.175000000000002842e+01,2.175451751070798423e+01
3.177500000000002700e+01,2.176483749055176986e+01
3.180000000000002558e+01,2.177257747543461619e+01
3.182500000000003126e+01,2.177773746535650901e+01
3.185000000000002984e+01,2.178031746031745541e+01
3.187500000000002842e+01,2.178031746031745541e+01
3.190000000000002700e+01,2.178289745527840537e+01
3.192500000000003268e+01,2.178805744520030174e+01
3.195000000000003126e+01,2.179579743008314097e+01
3.197500000000002984e+01,2.180611740992693370e+01
3.200000000000002842e+01,2.181901738473166930e+01
3.202500000000002700e+01,2.183449735449735485e+01
3.205000000000003268e+01,2.185255731922397970e+01
3.207500000000003126e+01,2.187319727891156518e+01
3.210000000000002984e+01,2.189641723356008995e+01
3.212500000000002842e+01,2.191963718820861473e+01
3.215000000000002700e+01,2.194027714789619310e+01
3.217500000000003268e+01,2.195833711262282506e+01
3.220000000000003126e+01,2.197381708238850706e+01
3.222500000000002984e+01,2.198671705719324265e+01
3.225000000000002842e+01,2.199703703703703184e+01
3.227500000000002700e+01,2.200477702191987461e+01
3.230000000000003268e+01,2.200993701184176743e+01
3.232500000000003126e+01,2.201251700680271739e+01
3.235000000000002984e+01,2.201251700680271739e+01
3.237500000000002842e+01,2.201509700176366380e+01
3.240000000000002700e+01,2.202025699168556017e+01
3.242500000000003268e+01,2.202799697656840294e+01
3.245000000000003126e+01,2.203831695641219213e+01
3.247500000000002984e+01,2.205121693121692772e+01
3.250000000000002842e+01,2.206669690098261682e+01
3.252500000000002700e+01,2.208475686570924523e+01
3.255000000000003268e+01,2.210539682539682005e+01
3.257500000000003126e+01,2.212861678004534838e+01
3.260000000000002984e+01,2.215183673469387315e+01
3.262500000000002842e+01,2.217505668934239793e+01
3.265000000000002700e+01,2.219569664902997985e+01
3.267500000000003268e+01,2.221375661375661537e+01
3.270000000000003126e+01,2.222923658352229737e+01
3.272500000000002984e+01,2.224471655328797937e+01
3.275000000000002842e+01,2.226019652305366492e+01
3.277500000000002700e+01,2.227567649281935047e+01
3.280000000000003268e+01,2.229115646258503247e+01
3.282500000000003126e+01,2.230663643235071447e+01
3.285000000000002984e+01,2.232211640211640358e+01
3.287500000000002842e+01,2.234017636684303199e+01
3.290000000000002700e+01,2.236081632653061035e+01
3.292500000000003268e+01,2.238403628117913513e+01
3.295000000000003126e+01,2.240725623582766346e+01
3.297500000000002984e+01,2.243047619047618824e+01
3.300000000000002842e+01,2.245369614512471301e+01
3.302500000000002700e+01,2.247691609977324134e+01
3.305000000000003268e+01,2.250013605442176612e+01
3.307500000000003126e+01,2.252335600907029090e+01
3.310000000000002984e+01,2.254657596371881567e+01
3.312500000000002842e+01,2.256979591836734045e+01
3.315000000000002700e+01,2.259301587301586878e+01
3.317500000000003268e+01,2.261623582766439711e+01
3.320000000000003126e+01,2.263945578231292188e+01
3.322500000000002984e+01,2.266009574200050380e+01
3.325000000000002842e+01,2.267815570672713221e+01
3.327500000000002700e+01,2.269363567649281421e+01
3.330000000000003268e+01,2.270653565129754980e+01
3.332500000000003126e+01,2.271943562610228895e+01
3.335000000000002984e+01,2.273233560090702809e+01
3.337500000000002842e+01,2.274523557571176369e+01
3.340000000000003411e+01,2.275813555051649573e+01
3.342500000000003268e+01,2.277103552532123842e+01
3.345000000000003126e+01,2.278651549508692398e+01
3.347500000000002984e+01,2.280457545981355238e+01
3.350000000000002842e+01,2.282263542454018435e+01
3.352500000000003411e+01,2.284069538926681631e+01
3.355000000000003268e+01,2.285617535903249831e+01
3.357500000000003126e+01,2.286907533383723390e+01
3.360000000000002984e+01,2.287939531368102308e+01
3.362500000000002842e+01,2.288713529856386586e+01
3.365000000000003411e+01,2.289229528848575868e+01
3.367500000000003268e+01,2.289745527840765504e+01
3.370000000000003126e+01,2.290261526832955141e+01
3.372500000000002984e+01,2.291035525321239419e+01
3.375000000000002842e+01,2.292067523305618337e+01
3.377500000000003411e+01,2.293357520786091897e+01
3.380000000000003268e+01,2.294905517762660807e+01
3.382500000000003126e+01,2.296711514235323648e+01
3.385000000000002984e+01,2.298775510204081129e+01
3.387500000000002842e+01,2.301097505668933962e+01
3.390000000000003411e+01,2.303419501133786440e+01
3.392500000000003268e+01,2.305741496598638918e+01
3.395000000000003126e+01,2.308063492063491395e+01
3.397500000000002984e+01,2.310385487528344584e+01
3.400000000000002842e+01,2.312707482993197416e+01
3.402500000000003411e+01,2.315029478458049894e+01
3.405000000000003268e+01,2.317351473922902017e+01
3.407500000000003126e+01,2.319673469387755205e+01
3.410000000000002984e+01,2.321995464852607682e+01
3.412500000000002842e+01,2.324317460317460160e+01
3.415000000000003411e+01,2.326639455782312638e+01
3.417500000000003268e+01,2.328961451247165471e+01
3.420000000000003126e+01,2.331283446712017948e+01
3.422500000000002984e+01,2.333605442176870426e+01
3.425000000000002842e+01,2.335927437641723259e+01
3.427500000000003411e+01,2.338249433106575736e+01
3.430000000000003268e+01,2.340571428571428214e+01
3.432500000000003126e+01,2.342893424036280692e+01
3.435000000000002984e+01,2.345215419501133169e+01
3.437500000000002842e+01,2.347537414965986002e+01
3.440000000000003411e+01,2.349859410430838835e+01
3.442500000000003268e+01,2.352181405895690958e+01
3.445000000000003126e+01,2.354503401360544146e+01
3.447500000000002984e+01,2.356825396825396979e+01
3.450000000000002842e+01,2.359147392290249456e+01
3.452500000000003411e+01,2.361469387755101579e+01
3.455000000000003268e+01,2.363791383219954767e+01
3.457500000000003126e+01,2.366113378684807245e+01
3.460000000000002984e+01,2.368435374149659722e+01
3.462500000000002842e+01,2.370757369614512200e+01
3.465000000000003411e+01,2.373079365079365033e+01
3.467500000000003268e+01,2.375401360544217511e+01
3.470000000000003126e+01,2.377723356009069988e+01
3.472500000000002984e+01,2.379787351977827825e+01
3.475000000000002842e+01,2.381593348450491021e+01
3.477500000000003411e+01,2.383141345427059221e+01
3.480000000000003268e+01,2.384431342907532780e+01
3.482500000000003126e+01,2.385463340891911699e+01
3.485000000000002984e+01,2.386237339380195976e+01
3.487500000000002842e+01,2.386753338372385258e+01
3.490000000000003411e+01,2.387011337868480254e+01
3.492500000000003268e+01,2.387011337868480254e+01
3.495000000000003126e+01,2.387011337868480254e+01
3.497500000000002984e+01,2.387011337868480254e+01
3.500000000000002842e+01,2.387011337868480254e+01
3.502500000000003411e+01,2.387011337868480254e+01
3.505000000000003268e+01,2.387011337868480254e+01
3.507500000000003126e+01,2.387011337868480254e+01
3.510000000000002984e+01,2.387011337868480254e+01
3.512500000000003553e+01,2.387011337868480254e+01
3.515000000000003411e+01,2.387011337868480254e+01
3.517500000000003268e+01,2.387011337868480254e+01
3.520000000000003126e+01,2.387011337868480254e+01
3.522500000000002984e+01,2.387011337868480254e+01
3.525000000000003553e+01,2.387011337868480254e+01
3.527500000000003411e+01,2.387011337868480254e+01
3.530000000000003268e+01,2.387011337868480254e+01
3.532500000000003126e+01,2.387011337868480254e+01
3.535000000000002984e+01,2.387011337868480254e+01
3.537500000000003553e+01,2.387011337868480254e+01
3.540000000000003411e+01,2.387011337868480254e+01
3.542500000000003268e+01,2.387011337868480254e+01
3.545000000000003126e+01,2.387011337868480254e+01
3.547500000000002984e+01,2.387011337868480254e+01
3.550000000000003553e+01,2.387011337868480254e+01
3.552500000000003411e+01,2.387011337868480254e+01
3.555000000000003268e+01,2.387011337868480254e+01
3.557500000000003126e+01,2.387011337868480254e+01
3.560000000000002984e+01,2.387269337364575250e+01
3.562500000000003553e+01,2.387785336356764887e+01
3.565000000000003411e+01,2.388559334845048809e+01
3.567500000000003268e+01,2.389591332829427728e+01
3.570000000000003126e+01,2.390881330309901642e+01
3.572500000000002984e+01,2.392429327286470198e+01
3.575000000000003553e+01,2.394235323759133394e+01
3.577500000000003411e+01,2.396299319727890520e+01
3.580000000000003268e+01,2.398621315192743708e+01
3.582500000000003126e+01,2.400943310657596186e+01
3.585000000000002984e+01,2.403265306122449019e+01
3.587500000000003553e+01,2.405587301587301496e+01
3.590000000000003411e+01,2.407909297052153974e+01
3.592500000000003268e+01,2.410231292517006807e+01
3.595000000000003126e+01,2.412553287981859285e+01
3.597500000000002984e+01,2.414875283446711762e+01
3.600000000000003553e+01,2.416939279415469244e+01
3.602500000000003411e+01,2.418745275888132440e+01
3.605000000000003268e+01,2.420293272864700640e+01
3.607500000000003126e+01,2.421583270345174554e+01
3.610000000000002984e+01,2.422615268329553473e+01
3.612500000000003553e+01,2.423389266817837751e+01
3.615000000000003411e+01,2.423905265810027032e+01
3.617500000000003268e+01,2.424421264802216669e+01
3.620000000000003126e+01,2.424937263794406306e+01
3.622500000000002984e+01,2.425711262282690583e+01
3.625000000000003553e+01,2.426743260267069502e+01
3.627500000000003411e+01,2.428033257747543416e+01
3.630000000000003268e+01,2.429581254724111972e+01
3.632500000000003126e+01,2.431387251196774812e+01
3.635000000000002984e+01,2.433451247165532294e+01
3.637500000000003553e+01,2.435773242630385127e+01
3.640000000000003411e+01,2.438095238095237960e+01
3.642500000000003268e+01,2.440417233560090082e+01
3.645000000000003126e+01,2.442739229024942915e+01
3.647500000000002984e+01,2.445061224489795748e+01
3.650000000000003553e+01,2.447383219954648581e+01
3.652500000000003411e+01,2.449705215419501059e+01
3.655000000000003268e+01,2.452027210884353536e+01
3.657500000000003126e+01,2.454349206349206369e+01
3.660000000000003695e+01,2.456413202317964206e+01
3.662500000000003553e+01,2.458219198790627402e+01
3.665000000000003411e+01,2.459767195767195602e+01
3.667500000000003268e+01,2.461057193247669517e+01
3.670000000000003126e+01,2.462089191232048435e+01
3.672500000000003695e+01,2.462863189720332713e+01
3.675000000000003553e+01,2.463379188712521994e+01
3.677500000000003411e+01,2.463637188208616635e+01
3.680000000000003268e+01,2.463637188208616635e+01
3.682500000000003126e+01,2.463637188208616635e+01
3.685000000000003695e+01,2.463637188208616635e+01
3.687500000000003553e+01,2.463895187704711276e+01
3.690000000000003411e+01,2.464411186696900558e+01
3.692500000000003268e+01,2.465185185185184835e+01
3.695000000000003126e+01,2.466217183169564109e+01
3.697500000000003695e+01,2.467507180650037668e+01
3.700000000000003553e+01,2.469055177626606223e+01
3.702500000000003411e+01,2.470861174099269064e+01
3.705000000000003268e+01,2.472925170068027256e+01
3.707500000000003126e+01,2.475247165532879379e+01
3.710000000000003695e+01,2.477569160997732212e+01
3.712500000000003553e+01,2.479891156462584689e+01
3.715000000000003411e+01,2.482213151927437167e+01
3.717500000000003268e+01,2.484535147392289645e+01
3.720000000000003126e+01,2.486857142857142122e+01
3.722500000000003695e+01,2.489179138321994955e+01
3.725000000000003553e+01,2.491501133786847788e+01
3.727500000000003411e+01,2.493823129251700621e+01
3.730000000000003268e+01,2.496145124716553099e+01
3.732500000000003126e+01,2.498467120181405932e+01
3.735000000000003695e+01,2.500789115646258409e+01
3.737500000000003553e+01,2.503111111111110887e+01
3.740000000000003411e+01,2.505433106575963365e+01
3.742500000000003268e+01,2.507755102040816197e+01
3.745000000000003126e+01,2.510077097505668675e+01
3.747500000000003695e+01,2.512399092970521508e+01
3.750000000000003553e+01,2.514721088435373986e+01
3.752500000000003411e+01,2.517043083900226463e+01
3.755000000000003268e+01,2.519365079365078941e+01
3.757500000000003126e+01,2.521687074829931419e+01
3.760000000000003695e+01,2.524009070294784252e+01
3.762500000000003553e+01,2.526073066263542444e+01
3.765000000000003411e+01,2.527879062736205285e+01
3.767500000000003268e+01,2.529427059712773840e+01
3.770000000000003126e+01,2.530717057193247754e+01
3.772500000000003695e+01,2.531749055177627028e+01
3.775000000000003553e+01,2.532523053665910950e+01
3.777500000000003411e+01,2.533039052658100587e+01
3.780000000000003268e+01,2.533297052154195228e+01
3.782500000000003126e+01,2.533297052154195228e+01
3.785000000000003695e+01,2.533297052154195228e+01
3.787500000000003553e+01,2.533297052154195228e+01
3.790000000000003411e+01,2.533297052154195228e+01
3.792500000000003268e+01,2.533297052154195228e+01
3.795000000000003126e+01,2.533297052154195228e+01
3.797500000000003695e+01,2.533297052154195228e+01
3.800000000000003553e+01,2.533297052154195228e+01
3.802500000000003411e+01,2.533297052154195228e+01
3.805000000000003268e+01,2.533297052154195228e+01
3.807500000000003126e+01,2.533297052154195228e+01
3.810000000000003695e+01,2.533297052154195228e+01
3.812500000000003553e+01,2.533297052154195228e+01
3.815000000000003411e+01,2.533297052154195228e+01
3.817500000000003268e+01,2.533297052154195228e+01
3.820000000000003126e+01,2.533297052154195228e+01
3.822500000000003695e+01,2.533297052154195228e+01
3.825000000000003553e+01,2.533297052154195228e+01
3.827500000000003411e+01,2.533297052154195228e+01
3.830000000000003268e+01,2.533297052154195228e+01
3.832500000000003837e+01,2.533297052154195228e+01
3.835000000000003695e+01,2.533297052154195228e+01
3.837500000000003553e+01,2.533297052154195228e+01
3.840000000000003411e+01,2.533555051650289869e+01
3.842500000000003268e+01,2.534071050642479150e+01
3.845000000000003837e+01,2.534845049130763073e+01
3.847500000000003695e+01,2.535877047115142346e+01
3.850000000000003553e+01,2.537167044595615550e+01
3.852500000000003411e+01,2.538715041572184106e+01
3.855000000000003268e+01,2.540521038044847302e+01
3.857500000000003837e+01,2.542585034013605494e+01
3.860000000000003695e+01,2.544907029478457972e+01
3.862500000000003553e+01,2.547229024943310449e+01
3.865000000000003411e+01,2.549551020408162927e+01
3.867500000000003268e+01,2.551873015873015760e+01
3.870000000000003837e+01,2.554195011337868237e+01
3.872500000000003695e+01,2.556517006802720715e+01
3.875000000000003553e+01,2.558839002267573548e+01
3.877500000000003411e+01,2.561160997732426026e+01
3.880000000000003268e+01,2.563482993197278503e+01
3.882500000000003837e+01,2.565804988662131336e+01
3.885000000000003695e+01,2.568126984126983814e+01
3.887500000000003553e+01,2.570448979591836292e+01
3.890000000000003411e+01,2.572770975056688769e+01
3.892500000000003268e+01,2.575092970521541247e+01
3.895000000000003837e+01,2.577414965986394080e+01
3.897500000000003695e+01,2.579736961451246913e+01
3.900000000000003553e+01,2.582058956916099746e+01
3.902500000000003411e+01,2.584380952380952223e+01
3.905000000000003268e+01,2.586702947845805056e+01
3.907500000000003837e+01,2.589024943310657534e+01
3.910000000000003695e+01,2.591346938775510012e+01
3.912500000000003553e+01,2.593668934240362489e+01
3.915000000000003411e+01,2.595990929705215322e+01
3.917500000000003268e+01,2.598312925170067800e+01
3.920000000000003837e+01,2.600376921138825637e+01
3.922500000000003695e+01,2.602182917611488833e+01
3.925000000000003553e+01,2.603730914588057033e+01
3.927500000000003411e+01,2.605020912068530592e+01
3.930000000000003268e+01,2.606052910052909510e+01
3.932500000000003837e+01,2.606826908541193788e+01
3.935000000000003695e+01,2.607342907533383070e+01
3.937500000000003553e+01,2.607858906525572706e+01
3.940000000000003411e+01,2.608374905517762343e+01
3.942500000000003268e+01,2.609148904006046621e+01
3.945000000000003837e+01,2.610180901990425539e+01
3.947500000000003695e+01,2.611470899470899099e+01
3.950000000000003553e+01,2.613018896447468009e+01
3.952500000000003411e+01,2.614824892920130850e+01
3.955000000000003268e+01,2.616888888888888332e+01
3.957500000000003837e+01,2.619210884353741164e+01
3.960000000000003695e+01,2.621532879818593642e+01
3.962500000000003553e+01,2.623854875283446830e+01
3.965000000000003411e+01,2.626176870748299308e+01
3.967500000000003268e+01,2.628498866213151786e+01
3.970000000000003837e+01,2.630820861678004619e+01
3.972500000000003695e+01,2.633142857142857096e+01
3.975000000000003553e+01,2.635464852607709574e+01
3.977500000000003411e+01,2.637528848576467055e+01
3.980000000000003979e+01,2.639334845049130251e+01
3.982500000000003837e+01,2.640882842025698451e+01
3.985000000000003695e+01,2.642172839506172366e+01
3.987500000000003553e+01,2.643462836986646280e+01
3.990000000000003411e+01,2.644752834467120195e+01
3.992500000000003979e+01,2.646042831947593754e+01
3.995000000000003837e+01,2.647332829428067313e+01
3.997500000000003695e+01,2.648622826908540873e+01
4.000000000000003553e+01,2.650170823885109428e+01
4.002500000000003411e+01,2.651976820357772624e+01
4.005000000000003979e+01,2.654040816326530461e+01
4.007500000000003837e+01,2.656362811791382939e+01
4.010000000000003695e+01,2.658684807256235416e+01
4.012500000000003553e+01,2.661006802721087894e+01
4.015000000000003411e+01,2.663328798185940371e+01
4.017500000000003979e+01,2.665650793650793204e+01
4.020000000000003837e+01,2.667972789115646037e+01
4.022500000000003695e+01,2.670294784580498160e+01
4.025000000000003553e+01,2.672616780045351348e+01
4.027500000000003411e+01,2.674938775510204181e+01
4.030000000000003979e+01,2.677260770975056658e+01
4.032500000000003837e+01,2.679582766439909136e+01
4.035000000000003695e+01,2.681904761904761614e+01
4.037500000000003553e+01,2.684226757369614447e+01
4.040000000000003411e+01,2.686548752834466924e+01
4.042500000000003979e+01,2.688870748299319402e+01
4.045000000000003837e+01,2.691192743764172235e+01
4.047500000000003695e+01,2.693514739229024713e+01
4.050000000000003553e+01,2.695836734693877190e+01
4.052500000000003411e+01,2.698158730158729668e+01
4.055000000000003979e+01,2.700480725623582501e+01
4.057500000000003837e+01,2.702802721088435334e+01
4.060000000000003695e+01,2.705124716553287456e+01
4.062500000000003553e+01,2.707446712018140289e+01
4.065000000000003411e+01,2.709768707482992767e+01
4.067500000000003979e+01,2.712090702947845244e+01
4.070000000000003837e+01,2.714412698412697722e+01
4.072500000000003695e+01,2.716734693877550910e+01
4.075000000000003553e+01,2.719056689342403743e+01
4.077500000000003411e+01,2.721378684807256221e+01
4.080000000000003979e+01,2.723700680272108698e+01
4.082500000000003837e+01,2.725764676240866180e+01
4.085000000000003695e+01,2.727570672713529376e+01
4.087500000000003553e+01,2.729118669690097576e+01
4.090000000000003411e+01,2.730408667170571491e+01
4.092500000000003979e+01,2.731440665154950409e+01
4.095000000000003837e+01,2.732214663643234687e+01
4.097500000000003695e+01,2.732730662635423968e+01
4.100000000000003553e+01,2.732988662131518609e+01
4.102500000000003411e+01,2.732988662131518609e+01
4.105000000000003979e+01,2.732988662131518609e+01
4.107500000000003837e+01,2.732988662131518609e+01
4.110000000000003695e+01,2.733246661627613605e+01
4.112500000000003553e+01,2.733762660619803242e+01
4.115000000000003411e+01,2.734536659108087520e+01
4.117500000000003979e+01,2.735568657092466438e+01
4.120000000000003837e+01,2.736858654572939997e+01
4.122500000000003695e+01,2.738406651549508553e+01
4.125000000000003553e+01,2.740212648022171749e+01
4.127500000000003411e+01,2.742276643990929585e+01
4.130000000000003979e+01,2.744598639455782063e+01
4.132500000000003837e+01,2.746920634920634541e+01
4.135000000000003695e+01,2.749242630385487018e+01
4.137500000000003553e+01,2.751564625850339496e+01
4.140000000000003411e+01,2.753886621315192329e+01
4.142500000000003979e+01,2.756208616780045162e+01
4.145000000000003837e+01,2.758530612244897284e+01
4.147500000000003695e+01,2.760852607709750117e+01
4.150000000000003553e+01,2.763174603174603305e+01
4.152500000000004121e+01,2.765496598639455783e+01
4.155000000000003979e+01,2.767818594104308261e+01
4.157500000000003837e+01,2.770140589569160738e+01
4.160000000000003695e+01,2.772462585034013571e+01
4.162500000000003553e+01,2.774784580498866049e+01
4.165000000000004121e+01,2.777106575963718527e+01
4.167500000000003979e+01,2.779428571428571360e+01
4.170000000000003837e+01,2.781750566893423837e+01
4.172500000000003695e+01,2.784072562358276315e+01
4.175000000000003553e+01,2.786394557823128793e+01
4.177500000000004121e+01,2.788716553287981625e+01
4.180000000000003979e+01,2.791038548752834458e+01
4.182500000000003837e+01,2.793360544217686581e+01
4.185000000000003695e+01,2.795682539682539414e+01
4.187500000000003553e+01,2.798004535147391891e+01
4.190000000000004121e+01,2.800326530612244369e+01
4.192500000000003979e+01,2.802648526077096847e+01
4.195000000000003837e+01,2.804970521541949680e+01
4.197500000000003695e+01,2.807292517006802512e+01
4.200000000000003553e+01,2.809614512471655345e+01
4.202500000000004121e+01,2.811936507936507823e+01
4.205000000000003979e+01,2.814000503905265305e+01
4.207500000000003837e+01,2.816064499874023142e+01
4.210000000000003695e+01,2.818128495842781334e+01
4.212500000000003553e+01,2.820192491811539526e+01
4.215000000000004121e+01,2.822256487780297007e+01
4.217500000000003979e+01,2.824320483749054844e+01
4.220000000000003837e+01,2.826384479717813036e+01
4.222500000000003695e+01,2.828448475686570873e+01
4.225000000000003553e+01,2.830512471655328710e+01
4.227500000000004121e+01,2.832834467120181188e+01
4.230000000000003979e+01,2.835156462585033665e+01
4.232500000000003837e+01,2.837478458049886143e+01
4.235000000000003695e+01,2.839800453514738621e+01
4.237500000000003553e+01,2.842122448979591454e+01
4.240000000000004121e+01,2.844444444444444287e+01
4.242500000000003979e+01,2.846766439909296409e+01
4.245000000000003837e+01,2.849088435374149242e+01
4.247500000000003695e+01,2.851410430839002075e+01
4.250000000000003553e+01,2.853732426303854908e+01
4.252500000000004121e+01,2.856054421768707385e+01
4.255000000000003979e+01,2.858376417233559508e+01
4.257500000000003837e+01,2.860698412698412341e+01
4.260000000000003695e+01,2.863020408163265174e+01
4.262500000000003553e+01,2.865342403628117651e+01
4.265000000000004121e+01,2.867664399092970129e+01
4.267500000000003979e+01,2.869986394557822962e+01
4.270000000000003837e+01,2.872308390022675439e+01
4.272500000000003695e+01,2.874630385487527917e+01
4.275000000000003553e+01,2.876952380952380750e+01
4.277500000000004121e+01,2.879274376417233583e+01
4.280000000000003979e+01,2.881596371882085705e+01
4.282500000000003837e+01,2.883918367346938538e+01
4.285000000000003695e+01,2.886240362811791016e+01
4.287500000000003553e+01,2.888562358276643494e+01
4.290000000000004121e+01,2.890884353741495971e+01
4.292500000000003979e+01,2.893206349206348804e+01
4.295000000000003837e+01,2.895528344671201637e+01
4.297500000000003695e+01,2.897850340136054470e+01
4.300000000000004263e+01,2.900172335600906948e+01
4.302500000000004121e+01,2.902494331065759425e+01
4.305000000000003979e+01,2.904816326530611903e+01
4.307500000000003837e+01,2.907138321995464736e+01
4.310000000000003695e+01,2.909460317460317214e+01
4.312500000000004263e+01,2.911782312925170046e+01
4.315000000000004121e+01,2.914104308390022524e+01
4.317500000000003979e+01,2.916426303854875002e+01
4.320000000000003837e+01,2.918748299319727835e+01
4.322500000000003695e+01,2.921070294784580312e+01
4.325000000000004263e+01,2.923392290249432790e+01
4.327500000000004121e+01,2.925714285714285268e+01
4.330000000000003979e+01,2.927778281683043105e+01
4.332500000000003837e+01,2.929584278155706301e+01
4.335000000000003695e+01,2.931132275132274501e+01
4.337500000000004263e+01,2.932422272612748060e+01
4.340000000000004121e+01,2.933712270093221974e+01
4.342500000000003979e+01,2.935002267573695534e+01
4.345000000000003837e+01,2.936292265054169803e+01
4.347500000000003695e+01,2.937582262534643363e+01
4.350000000000004263e+01,2.938872260015116922e+01
4.352500000000004121e+01,2.940420256991685477e+01
4.355000000000003979e+01,2.942226253464348673e+01
4.357500000000003837e+01,2.944290249433106510e+01
4.360000000000003695e+01,2.946612244897958632e+01
4.362500000000004263e+01,2.948934240362811465e+01
4.365000000000004121e+01,2.951256235827664298e+01
4.367500000000003979e+01,2.953320231796422135e+01
4.370000000000003837e+01,2.955126228269085331e+01
4.372500000000003695e+01,2.956674225245653531e+01
4.375000000000004263e+01,2.957964222726127090e+01
4.377500000000004121e+01,2.958996220710506009e+01
4.380000000000003979e+01,2.959770219198790286e+01
4.382500000000003837e+01,2.960286218190979568e+01
4.385000000000003695e+01,2.960802217183169205e+01
4.387500000000004263e+01,2.961318216175358842e+01
4.390000000000004121e+01,2.962092214663643119e+01
4.392500000000003979e+01,2.963124212648022038e+01
4.395000000000003837e+01,2.964414210128495597e+01
4.397500000000003695e+01,2.965962207105064508e+01
4.400000000000004263e+01,2.967768203577727348e+01
4.402500000000004121e+01,2.969832199546484830e+01
4.405000000000003979e+01,2.972154195011337663e+01
4.407500000000003837e+01,2.974476190476190141e+01
4.410000000000003695e+01,2.976798185941042618e+01
4.412500000000004263e+01,2.979120181405895096e+01
4.415000000000004121e+01,2.981442176870747574e+01
4.417500000000003979e+01,2.983506172839505410e+01
4.420000000000003837e+01,2.985312169312168606e+01
4.422500000000003695e+01,2.986860166288737162e+01
4.425000000000004263e+01,2.988150163769210366e+01
4.427500000000004121e+01,2.989182161753589639e+01
4.430000000000003979e+01,2.989956160241873562e+01
4.432500000000003837e+01,2.990472159234062843e+01
4.435000000000003695e+01,2.990730158730157484e+01
4.437500000000004263e+01,2.990988158226252480e+01
4.440000000000004121e+01,2.991504157218442117e+01
4.442500000000003979e+01,2.992278155706726395e+01
4.445000000000003837e+01,2.993310153691105668e+01
4.447500000000003695e+01,2.994600151171579583e+01
4.450000000000004263e+01,2.996148148148148138e+01
4.452500000000004121e+01,2.997954144620810979e+01
4.455000000000003979e+01,3.000018140589569171e+01
4.457500000000003837e+01,3.002340136054421649e+01
4.460000000000003695e+01,3.004662131519274126e+01
4.462500000000004263e+01,3.006984126984126604e+01
4.465000000000004121e+01,3.009306122448979437e+01
4.467500000000003979e+01,3.011628117913831915e+01
4.470000000000003837e+01,3.013950113378684392e+01
4.472500000000004405e+01,3.016014109347442229e+01
4.475000000000004263e+01,3.017820105820105425e+01
4.477500000000004121e+01,3.019368102796673625e+01
4.480000000000003979e+01,3.020658100277147184e+01
4.482500000000003837e+01,3.021690098261526103e+01
4.485000000000004405e+01,3.022464096749810381e+01
4.487500000000004263e+01,3.023238095238095013e+01
4.490000000000004121e+01,3.024012093726379291e+01
4.492500000000003979e+01,3.024786092214663569e+01
4.495000000000003837e+01,3.025818090199042487e+01
4.497500000000004405e+01,3.027108087679516046e+01
4.500000000000004263e+01,3.028656084656084602e+01
4.502500000000004121e+01,3.030462081128747798e+01
4.505000000000003979e+01,3.032526077097505635e+01
4.507500000000003837e+01,3.034848072562357757e+01
4.510000000000004405e+01,3.037170068027210590e+01
4.512500000000004263e+01,3.039492063492063423e+01
4.515000000000004121e+01,3.041814058956915900e+01
4.517500000000003979e+01,3.044136054421768733e+01
4.520000000000003837e+01,3.046458049886621211e+01
4.522500000000004405e+01,3.048780045351473689e+01
4.525000000000004263e+01,3.051102040816326166e+01
4.527500000000004121e+01,3.053424036281178999e+01
4.530000000000003979e+01,3.055746031746031477e+01
4.532500000000003837e+01,3.058068027210883955e+01
4.535000000000004405e+01,3.060390022675736788e+01
4.537500000000004263e+01,3.062712018140589265e+01
4.540000000000004121e+01,3.065034013605441743e+01
4.542500000000003979e+01,3.067356009070294220e+01
4.545000000000003837e+01,3.069678004535146698e+01
4.547500000000004405e+01,3.071999999999999531e+01
4.550000000000004263e+01,3.074321995464852364e+01
4.552500000000004121e+01,3.076643990929705197e+01
4.555000000000003979e+01,3.078965986394557675e+01
4.557500000000003837e+01,3.081287981859410152e+01
4.560000000000004405e+01,3.083609977324262985e+01
4.562500000000004263e+01,3.085931972789115463e+01
4.565000000000004121e+01,3.088253968253968296e+01
4.567500000000003979e+01,3.090575963718820418e+01
4.570000000000003837e+01,3.092897959183673251e+01
4.572500000000004405e+01,3.095219954648525729e+01
4.575000000000004263e+01,3.097541950113378562e+01
4.577500000000004121e+01,3.099863945578231039e+01
4.580000000000003979e+01,3.102185941043083517e+01
4.582500000000003837e+01,3.104507936507935995e+01
4.585000000000004405e+01,3.106829931972788827e+01
4.587500000000004263e+01,3.109151927437641660e+01
4.590000000000004121e+01,3.111473922902493783e+01
4.592500000000003979e+01,3.113795918367346616e+01
4.595000000000003837e+01,3.116117913832199093e+01
4.597500000000004405e+01,3.118439909297051571e+01
4.600000000000004263e+01,3.120761904761904049e+01
4.602500000000004121e+01,3.123083900226756882e+01
4.605000000000003979e+01,3.125405895691609715e+01
4.607500000000003837e+01,3.127727891156462547e+01
4.610000000000004405e+01,3.130049886621315025e+01
4.612500000000004263e+01,3.132371882086167858e+01
4.615000000000004121e+01,3.134693877551019980e+01
4.617500000000003979e+01,3.137015873015872813e+01
4.620000000000004547e+01,3.139337868480725291e+01
4.622500000000004405e+01,3.141659863945578124e+01
4.625000000000004263e+01,3.143981859410430602e+01
4.627500000000004121e+01,3.146303854875283079e+01
4.630000000000003979e+01,3.148625850340135912e+01
4.632500000000004547e+01,3.150947845804988390e+01
4.635000000000004405e+01,3.153269841269840867e+01
4.637500000000004263e+01,3.155591836734693345e+01
4.640000000000004121e+01,3.157913832199545823e+01
4.642500000000003979e+01,3.160235827664398656e+01
4.645000000000004547e+01,3.162557823129251489e+01
4.647500000000004405e+01,3.164879818594103611e+01
4.650000000000004263e+01,3.167201814058956799e+01
4.652500000000004121e+01,3.169523809523809277e+01
4.655000000000003979e+01,3.171845804988662110e+01
4.657500000000004547e+01,3.174167800453514587e+01
4.660000000000004405e+01,3.176489795918367420e+01
4.662500000000004263e+01,3.178811791383219543e+01
4.665000000000004121e+01,3.181133786848072376e+01
4.667500000000003979e+01,3.183455782312924853e+01
4.670000000000004547e+01,3.185777777777777686e+01
4.672500000000004405e+01,3.188099773242630164e+01
4.675000000000004263e+01,3.190421768707482642e+01
4.677500000000004121e+01,3.192743764172335474e+01
4.680000000000003979e+01,3.195065759637188307e+01
4.682500000000004547e+01,3.197387755102040785e+01
4.685000000000004405e+01,3.199709750566893263e+01
4.687500000000004263e+01,3.202031746031745740e+01
4.690000000000004121e+01,3.204353741496598218e+01
4.692500000000003979e+01,3.206675736961450696e+01
4.695000000000004547e+01,3.208997732426303884e+01
4.697500000000004405e+01,3.211319727891156361e+01
4.700000000000004263e+01,3.213641723356008839e+01
4.702500000000004121e+01,3.215963718820862027e+01
4.705000000000003979e+01,3.218285714285714505e+01
4.707500000000004547e+01,3.220607709750566983e+01
4.710000000000004405e+01,3.222929705215419460e+01
4.712500000000004263e+01,3.225251700680271938e+01
4.715000000000004121e+01,3.227573696145124416e+01
4.717500000000003979e+01,3.229895691609976893e+01
4.720000000000004547e+01,3.232217687074829371e+01
4.722500000000004405e+01,3.234539682539682559e+01
4.725000000000004263e+01,3.236861678004535037e+01
4.727500000000004121e+01,3.239183673469387514e+01
4.730000000000003979e+01,3.241505668934239992e+01
4.732500000000004547e+01,3.243827664399093180e+01
4.735000000000004405e+01,3.245891660367850307e+01
4.737500000000004263e+01,3.247697656840513503e+01
4.740000000000004121e+01,3.249245653817082058e+01
4.742500000000003979e+01,3.250535651297555972e+01
4.745000000000004547e+01,3.251567649281934536e+01
4.747500000000004405e+01,3.252341647770218458e+01
4.750000000000004263e+01,3.252857646762407740e+01
4.752500000000004121e+01,3.253115646258503091e+01
4.755000000000003979e+01,3.253115646258503091e+01
4.757500000000004547e+01,3.253115646258503091e+01
4.760000000000004405e+01,3.253115646258503091e+01
4.762500000000004263e+01,3.253373645754597732e+01
4.765000000000004121e+01,3.253889644746787013e+01
4.767500000000003979e+01,3.254663643235071646e+01
4.770000000000004547e+01,3.255695641219450920e+01
4.772500000000004405e+01,3.256985638699924124e+01
4.775000000000004263e+01,3.258533635676492679e+01
4.777500000000004121e+01,3.260339632149155875e+01
4.780000000000003979e+01,3.262403628117913712e+01
4.782500000000004547e+01,3.264725623582766190e+01
4.785000000000004405e+01,3.267047619047618667e+01
4.787500000000004263e+01,3.269369614512471856e+01
4.790000000000004121e+01,3.271691609977324333e+01
4.792500000000004690e+01,3.274013605442176811e+01
4.795000000000004547e+01,3.276335600907029288e+01
4.797500000000004405e+01,3.278657596371881766e+01
4.800000000000004263e+01,3.280979591836734244e+01
4.802500000000004121e+01,3.283301587301586721e+01
4.805000000000004690e+01,3.285623582766439199e+01
4.807500000000004547e+01,3.287945578231292387e+01
4.810000000000004405e+01,3.290267573696144865e+01
4.812500000000004263e+01,3.292589569160997343e+01
4.815000000000004121e+01,3.294911564625849820e+01
4.817500000000004690e+01,3.297233560090703008e+01
4.820000000000004547e+01,3.299555555555554776e+01
4.822500000000004405e+01,3.301877551020407964e+01
4.825000000000004263e+01,3.304199546485260441e+01
4.827500000000004121e+01,3.306521541950113630e+01
4.830000000000004690e+01,3.308843537414965397e+01
4.832500000000004547e+01,3.311165532879817874e+01
4.835000000000004405e+01,3.313487528344671063e+01
4.837500000000004263e+01,3.315809523809523540e+01
4.840000000000004121e+01,3.318131519274376018e+01
4.842500000000004690e+01,3.320453514739228496e+01
4.845000000000004547e+01,3.322775510204081684e+01
4.847500000000004405e+01,3.325097505668934161e+01
4.847500000000004405e+01,3.327419501133786639e+01
4.847500000000004405e+01,3.329741496598639117e+01
4.847500000000004405e+01,3.332063492063491594e+01
4.847500000000004405e+01,3.334385487528344072e+01
4.847500000000004405e+01,3.336449483497102619e+01
4.847500000000004405e+01,3.338255479969765815e+01
4.847500000000004405e+01,3.340061476442429012e+01
4.850000000000004263e+01,3.341867472915092208e+01
4.852500000000004121e+01,3.343673469387755404e+01
4.855000000000004690e+01,3.345479465860417889e+01
4.857500000000004547e+01,3.347285462333081085e+01
4.860000000000004405e+01,3.349091458805744281e+01
4.862500000000004263e+01,3.350897455278407477e+01
4.865000000000004121e+01,3.352961451247165314e+01
4.867500000000004690e+01,3.355283446712017792e+01
4.870000000000004547e+01,3.357605442176870270e+01
4.872500000000004405e+01,3.359927437641723458e+01
4.875000000000004263e+01,3.362249433106575935e+01
4.877500000000004121e+01,3.364571428571428413e+01
4.880000000000004690e+01,3.366893424036280891e+01
4.882500000000004547e+01,3.369215419501133368e+01
4.885000000000004405e+01,3.371537414965985846e+01
4.887500000000004263e+01,3.373859410430839034e+01
4.890000000000004121e+01,3.376181405895691512e+01
4.892500000000004690e+01,3.378503401360543990e+01
4.895000000000004547e+01,3.380825396825396467e+01
4.897500000000004405e+01,3.383147392290248945e+01
4.900000000000004263e+01,3.385469387755101422e+01
4.902500000000004121e+01,3.387791383219953900e+01
4.905000000000004690e+01,3.390113378684807088e+01
4.907500000000004547e+01,3.392177374653564925e+01
4.910000000000004405e+01,3.393983371126228121e+01
4.912500000000004263e+01,3.395531368102796677e+01
4.915000000000004121e+01,3.396821365583269881e+01
4.917500000000004690e+01,3.397853363567649154e+01
4.920000000000004547e+01,3.398885361552028428e+01
4.922500000000004405e+01,3.399917359536406991e+01
4.925000000000004263e+01,3.400949357520785554e+01
4.927500000000004121e+01,3.401981355505164828e+01
4.930000000000004690e+01,3.403271352985638032e+01
4.932500000000004547e+01,3.404819349962206587e+01
4.935000000000004405e+01,3.406625346434869783e+01
4.937500000000004263e+01,3.408689342403627620e+01
4.940000000000004832e+01,3.411011337868480808e+01
4.942500000000004690e+01,3.413333333333333286e+01
4.945000000000004547e+01,3.415655328798185764e+01
4.947500000000004405e+01,3.417977324263038241e+01
4.950000000000004263e+01,3.420299319727890719e+01
4.952500000000004832e+01,3.422621315192743197e+01
4.955000000000004690e+01,3.424943310657596385e+01
4.957500000000004547e+01,3.427265306122448862e+01
4.960000000000004405e+01,3.429587301587302051e+01
4.962500000000004263e+01,3.431909297052153818e+01
4.965000000000004832e+01,3.434231292517006295e+01
4.967500000000004690e+01,3.436553287981858773e+01
4.970000000000004547e+01,3.438875283446711961e+01
4.972500000000004405e+01,3.441197278911564439e+01
4.975000000000004263e+01,3.443519274376416917e+01
4.977500000000004832e+01,3.445841269841270105e+01
4.980000000000004690e+01,3.448163265306122582e+01
4.982500000000004547e+01,3.450227261274880419e+01
4.985000000000004405e+01,3.452033257747543615e+01
4.987500000000004263e+01,3.453581254724112171e+01
4.990000000000004832e+01,3.454871252204586085e+01
4.992500000000004690e+01,3.455903250188965359e+01
4.995000000000004547e+01,3.456677248677249281e+01
4.997500000000004405e+01,3.457193247669438563e+01
5.000000000000004263e+01,3.457451247165533914e+01
5.002500000000004832e+01,3.457451247165533914e+01
5.005000000000004690e+01,3.457451247165533914e+01
5.007500000000004547e+01,3.457451247165533914e+01
5.010000000000004405e+01,3.457451247165533914e+01
5.012500000000004263e+01,3.457451247165533914e+01
5.015000000000004832e+01,3.457451247165533914e+01
5.017500000000004690e+01,3.457451247165533914e+01
5.020000000000004547e+01,3.457451247165533914e+01
5.022500000000004405e+01,3.457451247165533914e+01
5.025000000000004263e+01,3.457451247165533914e+01
5.027500000000004832e+01,3.457709246661628555e+01
5.030000000000004690e+01,3.458225245653817836e+01
5.032500000000004547e+01,3.458999244142101759e+01
5.035000000000004405e+01,3.460031242126480322e+01
5.037500000000004263e+01,3.461321239606953526e+01
5.040000000000004832e+01,3.462869236583522081e+01
5.042500000000004690e+01,3.464675233056185277e+01
5.045000000000004547e+01,3.466739229024943114e+01
5.047500000000004405e+01,3.469061224489795592e+01
5.050000000000004263e+01,3.471383219954648069e+01
5.052500000000004832e+01,3.473705215419500547e+01
5.055000000000004690e+01,3.476027210884353025e+01
5.057500000000004547e+01,3.478349206349206213e+01
5.060000000000004405e+01,3.480671201814058691e+01
5.062500000000004263e+01,3.482993197278911879e+01
5.065000000000004832e+01,3.485315192743763646e+01
5.067500000000004690e+01,3.487637188208616124e+01
5.070000000000004547e+01,3.489959183673469312e+01
5.072500000000004405e+01,3.492281179138321789e+01
5.075000000000004263e+01,3.494603174603174267e+01
5.077500000000004832e+01,3.496925170068026745e+01
5.080000000000004690e+01,3.499247165532879933e+01
5.082500000000004547e+01,3.501569160997732411e+01
5.085000000000004405e+01,3.503891156462584888e+01
5.087500000000004263e+01,3.506213151927437366e+01
5.090000000000004832e+01,3.508535147392289844e+01
5.092500000000004690e+01,3.510599143361047680e+01
5.095000000000004547e+01,3.512405139833710876e+01
5.097500000000004405e+01,3.513953136810279432e+01
5.100000000000004263e+01,3.515243134290753346e+01
5.102500000000004832e+01,3.516275132275131909e+01
5.105000000000004690e+01,3.517049130763415832e+01
5.107500000000004547e+01,3.517565129755605113e+01
5.110000000000004405e+01,3.517823129251700465e+01
5.112500000000004974e+01,3.517823129251700465e+01
5.115000000000004832e+01,3.517823129251700465e+01
5.117500000000004690e+01,3.517823129251700465e+01
5.120000000000004547e+01,3.517823129251700465e+01
5.122500000000004405e+01,3.517823129251700465e+01
5.125000000000004974e+01,3.517823129251700465e+01
5.127500000000004832e+01,3.517823129251700465e+01
5.130000000000004690e+01,3.517823129251700465e+01
5.132500000000004547e+01,3.517823129251700465e+01
5.135000000000004405e+01,3.517823129251700465e+01
5.137500000000004974e+01,3.517823129251700465e+01
5.140000000000004832e+01,3.518081128747795105e+01
5.142500000000004690e+01,3.518597127739984387e+01
5.145000000000004547e+01,3.519113126732173669e+01
5.147500000000004405e+01,3.519629125724363661e+01
5.150000000000004974e+01,3.520145124716552942e+01
5.152500000000004832e+01,3.520661123708742934e+01
5.155000000000004690e+01,3.521177122700932216e+01
5.157500000000004547e+01,3.521693121693121498e+01
5.160000000000004405e+01,3.522209120685311490e+01
5.162500000000004974e+01,3.522467120181406131e+01
5.165000000000004832e+01,3.522467120181406131e+01
5.167500000000004690e+01,3.522467120181406131e+01
5.170000000000004547e+01,3.522467120181406131e+01
5.172500000000004405e+01,3.522725119677500771e+01
5.175000000000004974e+01,3.523241118669690053e+01
5.177500000000004832e+01,3.524015117157973975e+01
5.180000000000004690e+01,3.525047115142353249e+01
5.182500000000004547e+01,3.526337112622826453e+01
5.185000000000004405e+01,3.527885109599395008e+01
5.187500000000004974e+01,3.529691106072058204e+01
5.190000000000004832e+01,3.531755102040816041e+01
5.192500000000004690e+01,3.533819098009573878e+01
5.195000000000004547e+01,3.535625094482237074e+01
5.197500000000004405e+01,3.537173091458805629e+01
5.200000000000004974e+01,3.538463088939279544e+01
5.202500000000004832e+01,3.539495086923658107e+01
5.205000000000004690e+01,3.540269085411942740e+01
5.207500000000004547e+01,3.540785084404132022e+01
5.210000000000004405e+01,3.541043083900226662e+01
5.212500000000004974e+01,3.541043083900226662e+01
5.215000000000004832e+01,3.541301083396321303e+01
5.217500000000004690e+01,3.541817082388510585e+01
5.220000000000004547e+01,3.542591080876794507e+01
5.222500000000004405e+01,3.543623078861173781e+01
5.225000000000004974e+01,3.544913076341647695e+01
5.227500000000004832e+01,3.546461073318216251e+01
5.230000000000004690e+01,3.548267069790878736e+01
5.232500000000004547e+01,3.550331065759637283e+01
5.235000000000004405e+01,3.552653061224489761e+01
5.237500000000004974e+01,3.554975056689342239e+01
5.240000000000004832e+01,3.557297052154194716e+01
5.242500000000004690e+01,3.559619047619047194e+01
5.245000000000004547e+01,3.561941043083899672e+01
5.247500000000004405e+01,3.564263038548752149e+01
5.250000000000004974e+01,3.566585034013605338e+01
5.252500000000004832e+01,3.568907029478458526e+01
5.255000000000004690e+01,3.571229024943311003e+01
5.257500000000004547e+01,3.573551020408162771e+01
5.260000000000005116e+01,3.575873015873015248e+01
5.262500000000004974e+01,3.578195011337867726e+01
5.265000000000004832e+01,3.580517006802720914e+01
5.267500000000004690e+01,3.582839002267573392e+01
5.270000000000004547e+01,3.585160997732425869e+01
5.272500000000005116e+01,3.587482993197278347e+01
5.275000000000004974e+01,3.589804988662131535e+01
5.277500000000004832e+01,3.592126984126984013e+01
5.280000000000004690e+01,3.594448979591836490e+01
5.282500000000004547e+01,3.596770975056688968e+01
5.285000000000005116e+01,3.599092970521541446e+01
5.287500000000004974e+01,3.601414965986393923e+01
5.290000000000004832e+01,3.603736961451247112e+01
5.292500000000004690e+01,3.606058956916099589e+01
5.295000000000004547e+01,3.608380952380952778e+01
5.297500000000005116e+01,3.610702947845804545e+01
5.300000000000004974e+01,3.613024943310657022e+01
5.302500000000004832e+01,3.615346938775510210e+01
5.305000000000004690e+01,3.617668934240361978e+01
5.307500000000004547e+01,3.619990929705214455e+01
5.310000000000005116e+01,3.622312925170066933e+01
5.312500000000004974e+01,3.624634920634920832e+01
5.315000000000004832e+01,3.626956916099773309e+01
5.317500000000004690e+01,3.629278911564625787e+01
5.320000000000004547e+01,3.631600907029478265e+01
5.322500000000005116e+01,3.633922902494330742e+01
5.325000000000004974e+01,3.636244897959183220e+01
5.327500000000004832e+01,3.638308893927941057e+01
5.330000000000004690e+01,3.640114890400603542e+01
5.332500000000004547e+01,3.641662887377172098e+01
5.335000000000005116e+01,3.642952884857645302e+01
5.337500000000004974e+01,3.643984882842024575e+01
5.340000000000004832e+01,3.644758881330308498e+01
5.342500000000004690e+01,3.645274880322497779e+01
5.345000000000004547e+01,3.645532879818592420e+01
5.347500000000005116e+01,3.645532879818592420e+01
5.350000000000004974e+01,3.645532879818592420e+01
5.352500000000004832e+01,3.645532879818592420e+01
5.355000000000004690e+01,3.645532879818592420e+01
5.357500000000004547e+01,3.645532879818592420e+01
5.360000000000005116e+01,3.645532879818592420e+01
5.362500000000004974e+01,3.645532879818592420e+01
5.365000000000004832e+01,3.645532879818592420e+01
5.367500000000004690e+01,3.645532879818592420e+01
5.370000000000004547e+01,3.645532879818592420e+01
5.372500000000005116e+01,3.645532879818592420e+01
5.375000000000004974e+01,3.645532879818592420e+01
5.377500000000004832e+01,3.645532879818592420e+01
5.380000000000004690e+01,3.645532879818592420e+01
5.382500000000004547e+01,3.645532879818592420e+01
5.385000000000005116e+01,3.645532879818592420e+01
5.387500000000004974e+01,3.645532879818592420e+01
5.390000000000004832e+01,3.645532879818592420e+01
5.392500000000004690e+01,3.645532879818592420e+01
5.395000000000004547e+01,3.645532879818592420e+01
5.397500000000005116e+01,3.645532879818592420e+01
5.400000000000004974e+01,3.645532879818592420e+01
5.402500000000004832e+01,3.645532879818592420e+01
5.405000000000004690e+01,3.645532879818592420e+01
5.407500000000004547e+01,3.645532879818592420e+01
5.410000000000005116e+01,3.645532879818592420e+01
5.412500000000004974e+01,3.645532879818592420e+01
5.415000000000004832e+01,3.645532879818592420e+01
5.417500000000004690e+01,3.645532879818592420e+01
5.420000000000004547e+01,3.645532879818592420e+01
5.422500000000005116e+01,3.645532879818592420e+01
5.425000000000004974e+01,3.645532879818592420e+01
5.427500000000004832e+01,3.645532879818592420e+01
5.430000000000004690e+01,3.645532879818592420e+01
5.432500000000005258e+01,3.645532879818592420e+01
5.435000000000005116e+01,3.645532879818592420e+01
5.437500000000004974e+01,3.645790879314687061e+01
5.440000000000004832e+01,3.646306878306877053e+01
5.442500000000004690e+01,3.647080876795161686e+01
5.445000000000005258e+01,3.648112874779540959e+01
5.447500000000005116e+01,3.649402872260014874e+01
5.450000000000004974e+01,3.650950869236582719e+01
5.452500000000004832e+01,3.652756865709245915e+01
5.455000000000004690e+01,3.654820861678003752e+01
5.457500000000005258e+01,3.657142857142856940e+01
5.460000000000005116e+01,3.659464852607710128e+01
5.462500000000004974e+01,3.661786848072562606e+01
5.465000000000004832e+01,3.663850844041319732e+01
5.467500000000004690e+01,3.665656840513982928e+01
5.470000000000005258e+01,3.667204837490552194e+01
5.472500000000005116e+01,3.668494834971025398e+01
5.475000000000004974e+01,3.669526832955404672e+01
5.477500000000004832e+01,3.670300831443688594e+01
5.480000000000004690e+01,3.670816830435878586e+01
5.482500000000005258e+01,3.671074829931973227e+01
5.485000000000005116e+01,3.671074829931973227e+01
5.487500000000004974e+01,3.671074829931973227e+01
5.490000000000004832e+01,3.671332829428067868e+01
5.492500000000004690e+01,3.671848828420257149e+01
5.495000000000005258e+01,3.672622826908541072e+01
5.497500000000005116e+01,3.673396825396824994e+01
5.500000000000004974e+01,3.674170823885108916e+01
5.502500000000004832e+01,3.674944822373392839e+01
5.505000000000004690e+01,3.675718820861677472e+01
5.507500000000005258e+01,3.676492819349961394e+01
5.510000000000005116e+01,3.677266817838246027e+01
5.512500000000004974e+01,3.677782816830435308e+01
5.515000000000004832e+01,3.678040816326529949e+01
5.517500000000004690e+01,3.678040816326529949e+01
5.520000000000005258e+01,3.678040816326529949e+01
5.522500000000005116e+01,3.678040816326529949e+01
5.525000000000004974e+01,3.678040816326529949e+01
5.527500000000004832e+01,3.678298815822624590e+01
5.530000000000004690e+01,3.678814814814813872e+01
5.532500000000005258e+01,3.679588813303098505e+01
5.535000000000005116e+01,3.680620811287477778e+01
5.537500000000004974e+01,3.681910808767951693e+01
5.540000000000004832e+01,3.683458805744520248e+01
5.542500000000004690e+01,3.685264802217182734e+01
5.545000000000005258e+01,3.687328798185940570e+01
5.547500000000005116e+01,3.689650793650793048e+01
5.550000000000004974e+01,3.691972789115645526e+01
5.552500000000004832e+01,3.694294784580498714e+01
5.555000000000004690e+01,3.696616780045351902e+01
5.557500000000005258e+01,3.698938775510203669e+01
5.560000000000005116e+01,3.701260770975056147e+01
5.562500000000004974e+01,3.703582766439909335e+01
5.565000000000004832e+01,3.705904761904761102e+01
5.567500000000004690e+01,3.707968757873518939e+01
5.570000000000005258e+01,3.709774754346182135e+01
5.572500000000005116e+01,3.711322751322750690e+01
5.575000000000004974e+01,3.712612748803223894e+01
5.577500000000004832e+01,3.713644746787603168e+01
5.580000000000005400e+01,3.714418745275887090e+01
5.582500000000005258e+01,3.714934744268076372e+01
5.585000000000005116e+01,3.715192743764171013e+01
5.587500000000004974e+01,3.715450743260265654e+01
5.590000000000004832e+01,3.715966742252454935e+01
5.592500000000005400e+01,3.716740740740740279e+01
5.595000000000005258e+01,3.717772738725119552e+01
5.597500000000005116e+01,3.719062736205592756e+01
5.600000000000004974e+01,3.720610733182161312e+01
5.602500000000004832e+01,3.722416729654824508e+01
5.605000000000005400e+01,3.724480725623582344e+01
5.607500000000005258e+01,3.726802721088434822e+01
5.610000000000005116e+01,3.729124716553287300e+01
5.612500000000004974e+01,3.731446712018140488e+01
5.615000000000004832e+01,3.733510707986898325e+01
5.617500000000005400e+01,3.735316704459561521e+01
5.620000000000005258e+01,3.736864701436130076e+01
5.622500000000005116e+01,3.738154698916603991e+01
5.625000000000004974e+01,3.739186696900983264e+01
5.627500000000004832e+01,3.739960695389267187e+01
5.630000000000005400e+01,3.740476694381457179e+01
5.632500000000005258e+01,3.740734693877551820e+01
5.635000000000005116e+01,3.740734693877551820e+01
5.637500000000004974e+01,3.740734693877551820e+01
5.640000000000004832e+01,3.740734693877551820e+01
5.642500000000005400e+01,3.740734693877551820e+01
5.645000000000005258e+01,3.740734693877551820e+01
5.647500000000005116e+01,3.740734693877551820e+01
5.650000000000004974e+01,3.740734693877551820e+01
5.652500000000004832e+01,3.740734693877551820e+01
5.655000000000005400e+01,3.740734693877551820e+01
5.657500000000005258e+01,3.740734693877551820e+01
5.660000000000005116e+01,3.740734693877551820e+01
5.662500000000004974e+01,3.740734693877551820e+01
5.665000000000004832e+01,3.740734693877551820e+01
5.667500000000005400e+01,3.740734693877551820e+01
5.670000000000005258e+01,3.740734693877551820e+01
5.672500000000005116e+01,3.740734693877551820e+01
5.675000000000004974e+01,3.740734693877551820e+01
5.677500000000004832e+01,3.740734693877551820e+01
5.680000000000005400e+01,3.740734693877551820e+01
5.682500000000005258e+01,3.740734693877551820e+01
5.685000000000005116e+01,3.740734693877551820e+01
5.687500000000004974e+01,3.740992693373646460e+01
5.690000000000004832e+01,3.741508692365835742e+01
5.692500000000005400e+01,3.742282690854119664e+01
5.695000000000005258e+01,3.743056689342403587e+01
5.697500000000005116e+01,3.743830687830687509e+01
5.700000000000004974e+01,3.744604686318971432e+01
5.702500000000004832e+01,3.745378684807256064e+01
5.705000000000005400e+01,3.746152683295539987e+01
5.707500000000005258e+01,3.747184681279918550e+01
5.710000000000005116e+01,3.748216679264297113e+01
5.712500000000004974e+01,3.749248677248677097e+01
5.715000000000004832e+01,3.750280675233056371e+01
5.717500000000005400e+01,3.751570672713530286e+01
5.720000000000005258e+01,3.753118669690098130e+01
5.722500000000005116e+01,3.754924666162761326e+01
5.725000000000004974e+01,3.756988662131519163e+01
5.727500000000004832e+01,3.759310657596370930e+01
5.730000000000005400e+01,3.761632653061223408e+01
5.732500000000005258e+01,3.763954648526076596e+01
5.735000000000005116e+01,3.766276643990929784e+01
5.737500000000004974e+01,3.768598639455782262e+01
5.740000000000004832e+01,3.770920634920634740e+01
5.742500000000005400e+01,3.773242630385487217e+01
5.745000000000005258e+01,3.775564625850339695e+01
5.747500000000005116e+01,3.777886621315192173e+01
5.750000000000004974e+01,3.780208616780045361e+01
5.752500000000005542e+01,3.782530612244897839e+01
5.755000000000005400e+01,3.784852607709751027e+01
5.757500000000005258e+01,3.787174603174602794e+01
5.760000000000005116e+01,3.789496598639455271e+01
5.762500000000004974e+01,3.791818594104308460e+01
5.765000000000005542e+01,3.794140589569160227e+01
5.767500000000005400e+01,3.796204585537918064e+01
5.770000000000005258e+01,3.798010582010581260e+01
5.772500000000005116e+01,3.799558578987149815e+01
5.775000000000004974e+01,3.800848576467623019e+01
5.777500000000005542e+01,3.801880574452002293e+01
5.780000000000005400e+01,3.802654572940286215e+01
5.782500000000005258e+01,3.803170571932475497e+01
5.785000000000005116e+01,3.803428571428570137e+01
5.787500000000004974e+01,3.803428571428570137e+01
5.790000000000005542e+01,3.803428571428570137e+01
5.792500000000005400e+01,3.803428571428570137e+01
5.795000000000005258e+01,3.803428571428570137e+01
5.797500000000005116e+01,3.803428571428570137e+01
5.800000000000004974e+01,3.803428571428570137e+01
5.802500000000005542e+01,3.803428571428570137e+01
5.805000000000005400e+01,3.803428571428570137e+01
5.807500000000005258e+01,3.803428571428570137e+01
5.810000000000005116e+01,3.803428571428570137e+01
5.812500000000004974e+01,3.803428571428570137e+01
5.815000000000005542e+01,3.803428571428570137e+01
5.817500000000005400e+01,3.803428571428570137e+01
5.820000000000005258e+01,3.803686570924664778e+01
5.822500000000005116e+01,3.804202569916854770e+01
5.825000000000004974e+01,3.804976568405139403e+01
5.827500000000005542e+01,3.806008566389518677e+01
5.830000000000005400e+01,3.807298563869991881e+01
5.832500000000005258e+01,3.808846560846560436e+01
5.835000000000005116e+01,3.810652557319223632e+01
5.837500000000004974e+01,3.812716553287981469e+01
5.840000000000005542e+01,3.815038548752833947e+01
5.842500000000005400e+01,3.817360544217686424e+01
5.845000000000005258e+01,3.819424540186444972e+01
5.847500000000005116e+01,3.821230536659108168e+01
5.850000000000004974e+01,3.822778533635676723e+01
5.852500000000005542e+01,3.824068531116149927e+01
5.855000000000005400e+01,3.825100529100529201e+01
5.857500000000005258e+01,3.825874527588813123e+01
5.860000000000005116e+01,3.826390526581002405e+01
5.862500000000004974e+01,3.826648526077097756e+01
5.865000000000005542e+01,3.826648526077097756e+01
5.867500000000005400e+01,3.826906525573192397e+01
5.870000000000005258e+01,3.827422524565381678e+01
5.872500000000005116e+01,3.828196523053665601e+01
5.875000000000004974e+01,3.829228521038044875e+01
5.877500000000005542e+01,3.830518518518518079e+01
5.880000000000005400e+01,3.832066515495086634e+01
5.882500000000005258e+01,3.833872511967749119e+01
5.885000000000005116e+01,3.835936507936508377e+01
5.887500000000004974e+01,3.838258503401360855e+01
5.890000000000005542e+01,3.840580498866212622e+01
5.892500000000005400e+01,3.842902494331065100e+01
5.895000000000005258e+01,3.845224489795918288e+01
5.897500000000005116e+01,3.847546485260770055e+01
5.900000000000005684e+01,3.849868480725622533e+01
5.902500000000005542e+01,3.852190476190475010e+01
5.905000000000005400e+01,3.854512471655328909e+01
5.907500000000005258e+01,3.856834467120181387e+01
5.910000000000005116e+01,3.859156462585033864e+01
5.912500000000005684e+01,3.861478458049886342e+01
5.915000000000005542e+01,3.863800453514738820e+01
5.917500000000005400e+01,3.866122448979591297e+01
5.920000000000005258e+01,3.868444444444443775e+01
5.922500000000005116e+01,3.870766439909296963e+01
5.925000000000005684e+01,3.872830435878054800e+01
5.927500000000005542e+01,3.874636432350717996e+01
5.930000000000005400e+01,3.876184429327286551e+01
5.932500000000005258e+01,3.877474426807759755e+01
5.935000000000005116e+01,3.878506424792139029e+01
5.937500000000005684e+01,3.879280423280422951e+01
5.940000000000005542e+01,3.879796422272612233e+01
5.942500000000005400e+01,3.880054421768707584e+01
5.945000000000005258e+01,3.880054421768707584e+01
5.947500000000005116e+01,3.880054421768707584e+01
5.950000000000005684e+01,3.880054421768707584e+01
5.952500000000005542e+01,3.880312421264802225e+01
5.955000000000005400e+01,3.880828420256991507e+01
5.957500000000005258e+01,3.881602418745275429e+01
5.960000000000005116e+01,3.882634416729654703e+01
5.962500000000005684e+01,3.883924414210127907e+01
5.965000000000005542e+01,3.885472411186696462e+01
5.967500000000005400e+01,3.887278407659358948e+01
5.970000000000005258e+01,3.889342403628118205e+01
5.972500000000005116e+01,3.891664399092970683e+01
5.975000000000005684e+01,3.893986394557823161e+01
5.977500000000005542e+01,3.896308390022675638e+01
5.980000000000005400e+01,3.898630385487528116e+01
5.982500000000005258e+01,3.900952380952379883e+01
5.985000000000005116e+01,3.903274376417232361e+01
5.987500000000005684e+01,3.905596371882085549e+01
5.990000000000005542e+01,3.907918367346938737e+01
5.992500000000005400e+01,3.910240362811791215e+01
5.995000000000005258e+01,3.912562358276643693e+01
5.997500000000005116e+01,3.914884353741496170e+01
6.000000000000005684e+01,3.916948349710254007e+01
6.002500000000005542e+01,3.918754346182917203e+01
6.005000000000005400e+01,3.920302343159485758e+01
6.007500000000005258e+01,3.921592340639959673e+01
6.010000000000005116e+01,3.922624338624338236e+01
6.012500000000005684e+01,3.923398337112622158e+01
6.015000000000005542e+01,3.923914336104811440e+01
6.017500000000005400e+01,3.924430335097001432e+01
6.020000000000005258e+01,3.924946334089190714e+01
6.022500000000005116e+01,3.925720332577475347e+01
6.025000000000005684e+01,3.926752330561854620e+01
6.027500000000005542e+01,3.927784328546233894e+01
6.030000000000005400e+01,3.928816326530612457e+01
6.032500000000005258e+01,3.930106324011085661e+01
6.035000000000005116e+01,3.931654320987654216e+01
6.037500000000005684e+01,3.933460317460316702e+01
6.040000000000005542e+01,3.935266313932979898e+01
6.042500000000005400e+01,3.937072310405643094e+01
6.045000000000005258e+01,3.938878306878306290e+01
6.047500000000005116e+01,3.940684303350968776e+01
6.050000000000005684e+01,3.942748299319728034e+01
6.052500000000005542e+01,3.945070294784580511e+01
6.055000000000005400e+01,3.947392290249432989e+01
6.057500000000005258e+01,3.949714285714285467e+01
6.060000000000005116e+01,3.952036281179137944e+01
6.062500000000005684e+01,3.954358276643990422e+01
6.065000000000005542e+01,3.956680272108843610e+01
6.067500000000005400e+01,3.959002267573696088e+01
6.070000000000005258e+01,3.961066263542453925e+01
6.072500000000005826e+01,3.962872260015117121e+01
6.075000000000005684e+01,3.964420256991685676e+01
6.077500000000005542e+01,3.965710254472158880e+01
6.080000000000005400e+01,3.966742252456538154e+01
6.082500000000005258e+01,3.967516250944822076e+01
6.085000000000005826e+01,3.968032249937011358e+01
6.087500000000005684e+01,3.968290249433106709e+01
6.090000000000005542e+01,3.968290249433106709e+01
6.092500000000005400e+01,3.968548248929201350e+01
6.095000000000005258e+01,3.969064247921390631e+01
6.097500000000005826e+01,3.969838246409674554e+01
6.100000000000005684e+01,3.970870244394053827e+01
6.102500000000005542e+01,3.971902242378432391e+01
6.105000000000005400e+01,3.972934240362811664e+01
6.107500000000005258e+01,3.973966238347190227e+01
6.110000000000005826e+01,3.974998236331569501e+01
6.112500000000005684e+01,3.976288233812042705e+01
6.115000000000005542e+01,3.977320231796421979e+01
6.117500000000005400e+01,3.978094230284705901e+01
6.120000000000005258e+01,3.978610229276895183e+01
6.122500000000005826e+01,3.978868228772989823e+01
6.125000000000005684e+01,3.979384227765179105e+01
6.127500000000005542e+01,3.980158226253463738e+01
6.130000000000005400e+01,3.981190224237843012e+01
6.132500000000005258e+01,3.982480221718316926e+01
6.135000000000005826e+01,3.983770219198790130e+01
6.137500000000005684e+01,3.985318216175358685e+01
6.140000000000005542e+01,3.987124212648021881e+01
6.142500000000005400e+01,3.988930209120684367e+01
6.145000000000005258e+01,3.990736205593347563e+01
6.147500000000005826e+01,3.992284202569916118e+01
6.150000000000005684e+01,3.993574200050390033e+01
6.152500000000005542e+01,3.994864197530863237e+01
6.155000000000005400e+01,3.996154195011337151e+01
6.157500000000005258e+01,3.997444192491811066e+01
6.160000000000005826e+01,3.998476190476190339e+01
6.162500000000005684e+01,3.999250188964474972e+01
6.165000000000005542e+01,4.000024187452758895e+01
6.167500000000005400e+01,4.000798185941042817e+01
6.170000000000005258e+01,4.001830183925422091e+01
6.172500000000005826e+01,4.003120181405895295e+01
6.175000000000005684e+01,4.004410178886369209e+01
6.177500000000005542e+01,4.005700176366843124e+01
6.180000000000005400e+01,4.006990173847316328e+01
6.182500000000005258e+01,4.008538170823884883e+01
6.185000000000005826e+01,4.010344167296547369e+01
6.187500000000005684e+01,4.012408163265305916e+01
6.190000000000005542e+01,4.014730158730158394e+01
6.192500000000005400e+01,4.017052154195010871e+01
6.195000000000005258e+01,4.019374149659863349e+01
6.197500000000005826e+01,4.021696145124715827e+01
6.200000000000005684e+01,4.023760141093473663e+01
6.202500000000005542e+01,4.025566137566136860e+01
6.205000000000005400e+01,4.027114134542705415e+01
6.207500000000005258e+01,4.028404132023179329e+01
6.210000000000005826e+01,4.029436130007557892e+01
6.212500000000005684e+01,4.030210128495841815e+01
6.215000000000005542e+01,4.030726127488031807e+01
6.217500000000005400e+01,4.030984126984126448e+01
6.220000000000005969e+01,4.030984126984126448e+01
6.222500000000005826e+01,4.030984126984126448e+01
6.225000000000005684e+01,4.030984126984126448e+01
6.227500000000005542e+01,4.030984126984126448e+01
6.230000000000005400e+01,4.030984126984126448e+01
6.232500000000005969e+01,4.030984126984126448e+01
6.235000000000005826e+01,4.030984126984126448e+01
6.237500000000005684e+01,4.030984126984126448e+01
6.240000000000005542e+01,4.030984126984126448e+01
6.242500000000005400e+01,4.030984126984126448e+01
6.245000000000005969e+01,4.030984126984126448e+01
6.247500000000005826e+01,4.030984126984126448e+01
6.250000000000005684e+01,4.030984126984126448e+01
6.252500000000005542e+01,4.030984126984126448e+01
6.255000000000005400e+01,4.030984126984126448e+01
6.257500000000005969e+01,4.031242126480221089e+01
6.260000000000005826e+01,4.031758125472410370e+01
6.262500000000005684e+01,4.032532123960695003e+01
6.265000000000005542e+01,4.033564121945074277e+01
6.267500000000005400e+01,4.034854119425548191e+01
6.270000000000005969e+01,4.036402116402116036e+01
6.272500000000005826e+01,4.038208112874779232e+01
6.275000000000005684e+01,4.040272108843537069e+01
6.277500000000005542e+01,4.042594104308389547e+01
6.280000000000005400e+01,4.044916099773242024e+01
6.282500000000005969e+01,4.047238095238095212e+01
6.285000000000005826e+01,4.049560090702947690e+01
6.287500000000005684e+01,4.051882086167800168e+01
6.290000000000005542e+01,4.054204081632652645e+01
6.292500000000005400e+01,4.056526077097505123e+01
6.295000000000005969e+01,4.058848072562357601e+01
6.297500000000005826e+01,4.061170068027210078e+01
6.300000000000005684e+01,4.063492063492063266e+01
6.302500000000006253e+01,4.065814058956916455e+01
6.305000000000005400e+01,4.068136054421768932e+01
6.307500000000005969e+01,4.070458049886620699e+01
6.310000000000005116e+01,4.072780045351473177e+01
6.312500000000005684e+01,4.075102040816326365e+01
6.315000000000006253e+01,4.077424036281178132e+01
6.317500000000005400e+01,4.079746031746030610e+01
6.320000000000005969e+01,4.082068027210883088e+01
6.322500000000005116e+01,4.084390022675736986e+01
6.325000000000005684e+01,4.086712018140589464e+01
6.327500000000006253e+01,4.088776014109347301e+01
6.330000000000005400e+01,4.090582010582010497e+01
6.332500000000005969e+01,4.092130007558579052e+01
6.335000000000005116e+01,4.093420005039052967e+01
6.337500000000005684e+01,4.094452003023431530e+01
6.340000000000006253e+01,4.095484001007810804e+01
6.342500000000005400e+01,4.096257999496095437e+01
6.345000000000005969e+01,4.096773998488284718e+01
6.347500000000005116e+01,4.097031997984378648e+01
6.350000000000005684e+01,4.097289997480474000e+01
6.352500000000006253e+01,4.097547996976567930e+01
6.355000000000005400e+01,4.097805996472663281e+01
6.357500000000005969e+01,4.098063995968757922e+01
6.360000000000005116e+01,4.098321995464852563e+01
6.362500000000005684e+01,4.098321995464852563e+01
6.365000000000006253e+01,4.098321995464852563e+01
6.367500000000005400e+01,4.098321995464852563e+01
6.370000000000005969e+01,4.098321995464852563e+01
6.372500000000005116e+01,4.098321995464852563e+01
6.375000000000005684e+01,4.098321995464852563e+01
6.377500000000006253e+01,4.098321995464852563e+01
6.380000000000005400e+01,4.098321995464852563e+01
6.382500000000005969e+01,4.098321995464852563e+01
6.385000000000005116e+01,4.098321995464852563e+01
6.387500000000005684e+01,4.098579994960947204e+01
6.390000000000006253e+01,4.099095993953136485e+01
6.392500000000005400e+01,4.099869992441420408e+01
6.395000000000005969e+01,4.100901990425799681e+01
6.397500000000005116e+01,4.102191987906273596e+01
6.400000000000005684e+01,4.103481985386747510e+01
6.402500000000006253e+01,4.104771982867220714e+01
6.405000000000005400e+01,4.106061980347694629e+01
6.407500000000005969e+01,4.107351977828167833e+01
6.410000000000005116e+01,4.108383975812547106e+01
6.412500000000005684e+01,4.109157974300831029e+01
6.415000000000006253e+01,4.109673973293020310e+01
6.417500000000005400e+01,4.109931972789115662e+01
6.420000000000005969e+01,4.109931972789115662e+01
6.422500000000005116e+01,4.109931972789115662e+01
6.425000000000005684e+01,4.109931972789115662e+01
6.427500000000006253e+01,4.109931972789115662e+01
6.430000000000005400e+01,4.109931972789115662e+01
6.432500000000005969e+01,4.109931972789115662e+01
6.435000000000005116e+01,4.109931972789115662e+01
6.437500000000005684e+01,4.109931972789115662e+01
6.440000000000006253e+01,4.110189972285210303e+01
6.442500000000005400e+01,4.110705971277399584e+01
6.445000000000005969e+01,4.111479969765683506e+01
6.447500000000005116e+01,4.112511967750062780e+01
6.450000000000005684e+01,4.113801965230535984e+01
6.452500000000006253e+01,4.115349962207104539e+01
6.455000000000005400e+01,4.117155958679767025e+01
6.457500000000005969e+01,4.119219954648525572e+01
6.460000000000005116e+01,4.121283950617284120e+01
6.462500000000005684e+01,4.123089947089947316e+01
6.465000000000006253e+01,4.124637944066515871e+01
6.467500000000005400e+01,4.125927941546989075e+01
6.470000000000005969e+01,4.126959939531367638e+01
6.472500000000006537e+01,4.127733938019652271e+01
6.475000000000005684e+01,4.128249937011841553e+01
6.477500000000006253e+01,4.128765936004030834e+01
6.480000000000005400e+01,4.129281934996220116e+01
6.482500000000005969e+01,4.130055933484504038e+01
6.485000000000006537e+01,4.131087931468883312e+01
6.487500000000005684e+01,4.132377928949357226e+01
6.490000000000006253e+01,4.133925925925925071e+01
6.492500000000005400e+01,4.135731922398588267e+01
6.495000000000005969e+01,4.137795918367347525e+01
6.497500000000006537e+01,4.140117913832199292e+01
6.500000000000005684e+01,4.142439909297051770e+01
6.502500000000006253e+01,4.144761904761904248e+01
6.505000000000005400e+01,4.147083900226756725e+01
6.507500000000005969e+01,4.149405895691609203e+01
6.510000000000006537e+01,4.151469891660367040e+01
6.512500000000005684e+01,4.153275888133030236e+01
6.515000000000006253e+01,4.154823885109598791e+01
6.517500000000005400e+01,4.156113882590071995e+01
6.520000000000005969e+01,4.157145880574451269e+01
6.522500000000006537e+01,4.157919879062735902e+01
6.525000000000005684e+01,4.158435878054925183e+01
6.527500000000006253e+01,4.158693877551019824e+01
6.530000000000005400e+01,4.158693877551019824e+01
6.532500000000005969e+01,4.158693877551019824e+01
6.535000000000006537e+01,4.158693877551019824e+01
6.537500000000005684e+01,4.158693877551019824e+01
6.540000000000006253e+01,4.158693877551019824e+01
6.542500000000005400e+01,4.158693877551019824e+01
6.545000000000005969e+01,4.158693877551019824e+01
6.547500000000006537e+01,4.158693877551019824e+01
6.550000000000005684e+01,4.158693877551019824e+01
6.552500000000006253e+01,4.158693877551019824e+01
6.555000000000005400e+01,4.158693877551019824e+01
6.557500000000005969e+01,4.158693877551019824e+01
6.560000000000006537e+01,4.158693877551019824e+01
6.562500000000005684e+01,4.158693877551019824e+01
6.565000000000006253e+01,4.158693877551019824e+01
6.567500000000005400e+01,4.158693877551019824e+01
6.570000000000005969e+01,4.158693877551019824e+01
6.572500000000006537e+01,4.158693877551019824e+01
6.575000000000005684e+01,4.158693877551019824e+01
6.577500000000006253e+01,4.158693877551019824e+01
6.580000000000005400e+01,4.158693877551019824e+01
6.582500000000005969e+01,4.158693877551019824e+01
6.585000000000006537e+01,4.158693877551019824e+01
6.587500000000005684e+01,4.158693877551019824e+01
6.590000000000006253e+01,4.158951877047114465e+01
6.592500000000005400e+01,4.159467876039304457e+01
6.595000000000005969e+01,4.160241874527589090e+01
6.597500000000006537e+01,4.161273872511967653e+01
6.600000000000005684e+01,4.162563869992440857e+01
6.602500000000006253e+01,4.164111866969009412e+01
6.605000000000005400e+01,4.165917863441672608e+01
6.607500000000005969e+01,4.167981859410429735e+01
6.610000000000006537e+01,4.170303854875282923e+01
6.612500000000005684e+01,4.172625850340135401e+01
6.615000000000006253e+01,4.174947845804988589e+01
6.617500000000005400e+01,4.177269841269841066e+01
6.620000000000005969e+01,4.179591836734693544e+01
6.622500000000006537e+01,4.181913832199546022e+01
6.625000000000005684e+01,4.184235827664398499e+01
6.627500000000006253e+01,4.186557823129251688e+01
6.630000000000005400e+01,4.188879818594104165e+01
6.632500000000005969e+01,4.191201814058957353e+01
6.635000000000006537e+01,4.193523809523809831e+01
6.637500000000005684e+01,4.195845804988661598e+01
6.640000000000006253e+01,4.198167800453514076e+01
6.642500000000005400e+01,4.200489795918366553e+01
6.645000000000005969e+01,4.202811791383219031e+01
6.647500000000006537e+01,4.205133786848071509e+01
6.650000000000005684e+01,4.207455782312924697e+01
6.652500000000006253e+01,4.209777777777777885e+01
6.655000000000005400e+01,4.212099773242630363e+01
6.657500000000005969e+01,4.214421768707482130e+01
6.660000000000006537e+01,4.216743764172335318e+01
6.662500000000005684e+01,4.219065759637187796e+01
6.665000000000006253e+01,4.221387755102040273e+01
6.667500000000005400e+01,4.223709750566892751e+01
6.670000000000005969e+01,4.226031746031745939e+01
6.672500000000006537e+01,4.228353741496598417e+01
6.675000000000005684e+01,4.230417737465356254e+01
6.677500000000006253e+01,4.232223733938019450e+01
6.680000000000005400e+01,4.233771730914588005e+01
6.682500000000005969e+01,4.235061728395061920e+01
6.685000000000006537e+01,4.236093726379440483e+01
6.687500000000005684e+01,4.236867724867725116e+01
6.690000000000006253e+01,4.237641723356009038e+01
6.692500000000005400e+01,4.238415721844292960e+01
6.695000000000005969e+01,4.238931720836482953e+01
6.697500000000006537e+01,4.239447719828672234e+01
6.700000000000005684e+01,4.239963718820861516e+01
6.702500000000006253e+01,4.240479717813050797e+01
6.705000000000005400e+01,4.240995716805240079e+01
6.707500000000005969e+01,4.241511715797429360e+01
6.710000000000006537e+01,4.242027714789618642e+01
6.712500000000005684e+01,4.242285714285713993e+01
6.715000000000006253e+01,4.242285714285713993e+01
6.717500000000005400e+01,4.242285714285713993e+01
6.720000000000005969e+01,4.242285714285713993e+01
6.722500000000006537e+01,4.242285714285713993e+01
6.725000000000005684e+01,4.242285714285713993e+01
6.727500000000006253e+01,4.242285714285713993e+01
6.730000000000005400e+01,4.242285714285713993e+01
6.732500000000005969e+01,4.242285714285713993e+01
6.735000000000006537e+01,4.242285714285713993e+01
6.737500000000005684e+01,4.242285714285713993e+01
6.740000000000006253e+01,4.242285714285713993e+01
6.742500000000005400e+01,4.242285714285713993e+01
6.745000000000005969e+01,4.242285714285713993e+01
6.747500000000006537e+01,4.242285714285713993e+01
6.750000000000005684e+01,4.242285714285713993e+01
6.752500000000006253e+01,4.242285714285713993e+01
6.755000000000005400e+01,4.242285714285713993e+01
6.757500000000005969e+01,4.242285714285713993e+01
6.760000000000006537e+01,4.242285714285713993e+01
6.762500000000005684e+01,4.242285714285713993e+01
6.765000000000006253e+01,4.242285714285713993e+01
6.767500000000005400e+01,4.242285714285713993e+01
6.770000000000005969e+01,4.242285714285713993e+01
6.772500000000006537e+01,4.242285714285713993e+01
6.775000000000005684e+01,4.242285714285713993e+01
6.777500000000006253e+01,4.242543713781808634e+01
6.780000000000006821e+01,4.243059712773997916e+01
6.782500000000005969e+01,4.243833711262281838e+01
6.785000000000006537e+01,4.244865709246661822e+01
6.787500000000005684e+01,4.246155706727135737e+01
6.790000000000006253e+01,4.247703703703704292e+01
6.792500000000006821e+01,4.249509700176366778e+01
6.795000000000005969e+01,4.251573696145124615e+01
6.797500000000006537e+01,4.253895691609976382e+01
6.800000000000005684e+01,4.256217687074828859e+01
6.802500000000006253e+01,4.258539682539681337e+01
6.805000000000006821e+01,4.260861678004534525e+01
6.807500000000005969e+01,4.263183673469387713e+01
6.810000000000006537e+01,4.265505668934240191e+01
6.812500000000005684e+01,4.267827664399092669e+01
6.815000000000006253e+01,4.270149659863945146e+01
6.817500000000006821e+01,4.272471655328797624e+01
6.820000000000005969e+01,4.274793650793650102e+01
6.822500000000006537e+01,4.277115646258503290e+01
6.825000000000005684e+01,4.279437641723355767e+01
6.827500000000006253e+01,4.281759637188208245e+01
6.830000000000006821e+01,4.284081632653060723e+01
6.832500000000005969e+01,4.286403628117913200e+01
6.835000000000006537e+01,4.288725623582765678e+01
6.837500000000005684e+01,4.291047619047618156e+01
6.840000000000006253e+01,4.293369614512471344e+01
6.842500000000006821e+01,4.295691609977323822e+01
6.845000000000005969e+01,4.298013605442177010e+01
6.847500000000006537e+01,4.300335600907029487e+01
6.850000000000005684e+01,4.302657596371881255e+01
6.852500000000006253e+01,4.304979591836734443e+01
6.855000000000006821e+01,4.307301587301586920e+01
6.857500000000005969e+01,4.309623582766439398e+01
6.860000000000006537e+01,4.311945578231291876e+01
6.862500000000005684e+01,4.314267573696145064e+01
6.865000000000006253e+01,4.316589569160997542e+01
6.867500000000006821e+01,4.318911564625850019e+01
6.870000000000005969e+01,4.321233560090702497e+01
6.872500000000006537e+01,4.323555555555554974e+01
6.875000000000005684e+01,4.325877551020407452e+01
6.877500000000006253e+01,4.328199546485259930e+01
6.880000000000006821e+01,4.330521541950113118e+01
6.882500000000005969e+01,4.332843537414966306e+01
6.885000000000006537e+01,4.335165532879818784e+01
6.887500000000005684e+01,4.337487528344670551e+01
6.890000000000006253e+01,4.339809523809523739e+01
6.892500000000006821e+01,4.342131519274375506e+01
6.895000000000005969e+01,4.344453514739227984e+01
6.897500000000006537e+01,4.346775510204081172e+01
6.900000000000005684e+01,4.349097505668933650e+01
6.902500000000006253e+01,4.351161501637692197e+01
6.905000000000006821e+01,4.352967498110355393e+01
6.907500000000005969e+01,4.354515495086923949e+01
6.910000000000006537e+01,4.355805492567397863e+01
6.912500000000005684e+01,4.356837490551777137e+01
6.915000000000006253e+01,4.357611489040061059e+01
6.917500000000006821e+01,4.358127488032251051e+01
6.920000000000005969e+01,4.358385487528345692e+01
6.922500000000006537e+01,4.358385487528345692e+01
6.925000000000005684e+01,4.358385487528345692e+01
6.927500000000006253e+01,4.358385487528345692e+01
6.930000000000006821e+01,4.358385487528345692e+01
6.932500000000005969e+01,4.358385487528345692e+01
6.935000000000006537e+01,4.358385487528345692e+01
6.937500000000005684e+01,4.358385487528345692e+01
6.940000000000006253e+01,4.358643487024440333e+01
6.942500000000006821e+01,4.359159486016629614e+01
6.945000000000005969e+01,4.359933484504913537e+01
6.947500000000006537e+01,4.360965482489292100e+01
6.950000000000005684e+01,4.362255479969765304e+01
6.952500000000006253e+01,4.363803476946333149e+01
6.955000000000006821e+01,4.365609473418997766e+01
6.957500000000005969e+01,4.367673469387755603e+01
6.960000000000006537e+01,4.369995464852607370e+01
6.962500000000005684e+01,4.372317460317459847e+01
6.965000000000006253e+01,4.374639455782312325e+01
6.967500000000006821e+01,4.376961451247164803e+01
6.970000000000005969e+01,4.379283446712017280e+01
6.972500000000006537e+01,4.381605442176869758e+01
6.975000000000005684e+01,4.383927437641722946e+01
6.977500000000006253e+01,4.386249433106576134e+01
6.980000000000006821e+01,4.388571428571428612e+01
6.982500000000005969e+01,4.390893424036280379e+01
6.985000000000006537e+01,4.393215419501133567e+01
6.987500000000005684e+01,4.395537414965985334e+01
6.990000000000006253e+01,4.397859410430837812e+01
6.992500000000006821e+01,4.400181405895691000e+01
6.995000000000005969e+01,4.402503401360544188e+01
6.997500000000006537e+01,4.404825396825396666e+01
7.000000000000005684e+01,4.407147392290249144e+01
7.002500000000006253e+01,4.409469387755101621e+01
7.005000000000006821e+01,4.411791383219954099e+01
7.007500000000005969e+01,4.413855379188711936e+01
7.010000000000006537e+01,4.415661375661375132e+01
7.012500000000005684e+01,4.417209372637943687e+01
7.015000000000006253e+01,4.418499370118416891e+01
7.017500000000006821e+01,4.419531368102795454e+01
7.020000000000005969e+01,4.420305366591079377e+01
7.022500000000006537e+01,4.420821365583269369e+01
7.025000000000005684e+01,4.421079365079364010e+01
7.027500000000006253e+01,4.421337364575458651e+01
7.030000000000006821e+01,4.421853363567647932e+01
7.032500000000005969e+01,4.422627362055932565e+01
7.035000000000006537e+01,4.423659360040311839e+01
7.037500000000005684e+01,4.424949357520785753e+01
7.040000000000006253e+01,4.426497354497354308e+01
7.042500000000006821e+01,4.428303350970016794e+01
7.045000000000005969e+01,4.430367346938774631e+01
7.047500000000006537e+01,4.432689342403627109e+01
7.050000000000005684e+01,4.435011337868479586e+01
7.052500000000006253e+01,4.437333333333332774e+01
7.055000000000006821e+01,4.439655328798185963e+01
7.057500000000005969e+01,4.441977324263038440e+01
7.060000000000006537e+01,4.444299319727890918e+01
7.062500000000005684e+01,4.446621315192743396e+01
7.065000000000006253e+01,4.448943310657595873e+01
7.067500000000006821e+01,4.451265306122448351e+01
7.070000000000005969e+01,4.453587301587301539e+01
7.072500000000006537e+01,4.455909297052154017e+01
7.075000000000005684e+01,4.458231292517006494e+01
7.077500000000006253e+01,4.460553287981858972e+01
7.080000000000006821e+01,4.462875283446711450e+01
7.082500000000005969e+01,4.465197278911563927e+01
7.085000000000006537e+01,4.467519274376416405e+01
7.087500000000005684e+01,4.469841269841269593e+01
7.090000000000006253e+01,4.472163265306122071e+01
7.092500000000006821e+01,4.474485260770975259e+01
7.095000000000005969e+01,4.476549256739733096e+01
7.097500000000006537e+01,4.478355253212395581e+01
7.100000000000005684e+01,4.479903250188964847e+01
7.102500000000006253e+01,4.481193247669438051e+01
7.105000000000006821e+01,4.482225245653817325e+01
7.107500000000005969e+01,4.483257243638195888e+01
7.110000000000006537e+01,4.484289241622575162e+01
7.112500000000007105e+01,4.485321239606953725e+01
7.115000000000006253e+01,4.486353237591332288e+01
7.117500000000006821e+01,4.487643235071805492e+01
7.120000000000005969e+01,4.489191232048374047e+01
7.122500000000006537e+01,4.490997228521037954e+01
7.125000000000007105e+01,4.493061224489795791e+01
7.127500000000006253e+01,4.495383219954648268e+01
7.130000000000006821e+01,4.497705215419500746e+01
7.132500000000005969e+01,4.500027210884353224e+01
7.135000000000006537e+01,4.502349206349205701e+01
7.137500000000007105e+01,4.504671201814058179e+01
7.140000000000006253e+01,4.506993197278911367e+01
7.142500000000006821e+01,4.509315192743763845e+01
7.145000000000005969e+01,4.511637188208617033e+01
7.147500000000006537e+01,4.513959183673468800e+01
7.150000000000007105e+01,4.516281179138321278e+01
7.152500000000006253e+01,4.518603174603173755e+01
7.155000000000006821e+01,4.520925170068026233e+01
7.157500000000005969e+01,4.523247165532879421e+01
7.160000000000006537e+01,4.525569160997731899e+01
7.162500000000007105e+01,4.527891156462585087e+01
7.165000000000006253e+01,4.530213151927437565e+01
7.167500000000006821e+01,4.532535147392290042e+01
7.170000000000005969e+01,4.534857142857142520e+01
7.172500000000006537e+01,4.537179138321994998e+01
7.175000000000007105e+01,4.539501133786848186e+01
7.177500000000006253e+01,4.541823129251700664e+01
7.180000000000006821e+01,4.544145124716553852e+01
7.182500000000005969e+01,4.546467120181405619e+01
7.185000000000006537e+01,4.548789115646258097e+01
7.187500000000007105e+01,4.551111111111110574e+01
7.190000000000006253e+01,4.553433106575963052e+01
7.192500000000006821e+01,4.555755102040815530e+01
7.195000000000005969e+01,4.558077097505668007e+01
7.197500000000006537e+01,4.560399092970521195e+01
7.200000000000007105e+01,4.562721088435374384e+01
7.202500000000006253e+01,4.564785084404132220e+01
7.205000000000006821e+01,4.566591080876794706e+01
7.207500000000005969e+01,4.568139077853363972e+01
7.210000000000006537e+01,4.569429075333837176e+01
7.212500000000007105e+01,4.570719072814311090e+01
7.215000000000006253e+01,4.572009070294784294e+01
7.217500000000006821e+01,4.573299067775258209e+01
7.220000000000005969e+01,4.574589065255731413e+01
7.222500000000006537e+01,4.575879062736204617e+01
7.225000000000007105e+01,4.577427059712772461e+01
7.227500000000006253e+01,4.579233056185437079e+01
7.230000000000006821e+01,4.581297052154194915e+01
7.232500000000005969e+01,4.583619047619047393e+01
7.235000000000006537e+01,4.585941043083899871e+01
7.237500000000007105e+01,4.588263038548752348e+01
7.240000000000006253e+01,4.590585034013604826e+01
7.242500000000006821e+01,4.592907029478458014e+01
7.245000000000005969e+01,4.594971025447215141e+01
7.247500000000006537e+01,4.596777021919878337e+01
7.250000000000007105e+01,4.598325018896446181e+01
7.252500000000006253e+01,4.599615016376920096e+01
7.255000000000006821e+01,4.600647014361298659e+01
7.257500000000005969e+01,4.601421012849583292e+01
7.260000000000006537e+01,4.602195011337867925e+01
7.262500000000007105e+01,4.602969009826153268e+01
7.265000000000006253e+01,4.603743008314437191e+01
7.267500000000006821e+01,4.604775006298815754e+01
7.270000000000005969e+01,4.606065003779288958e+01
7.272500000000006537e+01,4.607613000755857513e+01
7.275000000000007105e+01,4.609418997228519999e+01
7.277500000000006253e+01,4.611482993197277835e+01
7.280000000000006821e+01,4.613804988662131024e+01
7.282500000000005969e+01,4.616126984126984212e+01
7.285000000000006537e+01,4.618448979591836689e+01
7.287500000000007105e+01,4.620770975056688457e+01
7.290000000000006253e+01,4.623092970521541645e+01
7.292500000000006821e+01,4.625414965986394122e+01
7.295000000000005969e+01,4.627736961451246600e+01
7.297500000000006537e+01,4.630058956916099788e+01
7.300000000000007105e+01,4.632380952380952266e+01
7.302500000000006253e+01,4.634702947845804744e+01
7.305000000000006821e+01,4.636766943814562580e+01
7.307500000000005969e+01,4.638572940287225777e+01
7.310000000000006537e+01,4.640120937263794332e+01
7.312500000000007105e+01,4.641410934744268246e+01
7.315000000000006253e+01,4.642442932728646809e+01
7.317500000000006821e+01,4.643216931216931442e+01
7.320000000000005969e+01,4.643732930209120724e+01
7.322500000000006537e+01,4.643990929705215365e+01
7.325000000000007105e+01,4.643990929705215365e+01
7.327500000000006253e+01,4.643990929705215365e+01
7.330000000000006821e+01,4.644248929201310006e+01
7.332500000000005969e+01,4.644764928193499287e+01
7.335000000000006537e+01,4.645538926681783920e+01
7.337500000000007105e+01,4.646570924666162483e+01
7.340000000000006253e+01,4.647860922146635687e+01
7.342500000000006821e+01,4.649408919123204953e+01
7.345000000000005969e+01,4.651214915595868149e+01
7.347500000000006537e+01,4.653278911564625986e+01
7.350000000000007105e+01,4.655600907029477753e+01
7.352500000000006253e+01,4.657922902494330941e+01
7.355000000000006821e+01,4.660244897959182708e+01
7.357500000000005969e+01,4.662566893424035186e+01
7.360000000000006537e+01,4.664888888888887664e+01
7.362500000000007105e+01,4.667210884353740852e+01
7.365000000000006253e+01,4.669532879818594040e+01
7.367500000000006821e+01,4.671854875283446518e+01
7.370000000000005969e+01,4.674176870748298995e+01
7.372500000000006537e+01,4.676498866213151473e+01
7.375000000000007105e+01,4.678820861678003951e+01
7.377500000000006253e+01,4.680884857646761787e+01
7.380000000000006821e+01,4.682690854119424273e+01
7.382500000000005969e+01,4.684238851095992828e+01
7.385000000000006537e+01,4.685528848576466743e+01
7.387500000000007105e+01,4.686560846560846016e+01
7.390000000000006253e+01,4.687334845049129939e+01
7.392500000000006821e+01,4.687850844041319931e+01
7.395000000000005969e+01,4.688108843537414572e+01
7.397500000000006537e+01,4.688108843537414572e+01
7.400000000000007105e+01,4.688108843537414572e+01
7.402500000000006253e+01,4.688108843537414572e+01
7.405000000000006821e+01,4.688108843537414572e+01
7.407500000000005969e+01,4.688108843537414572e+01
7.410000000000006537e+01,4.688108843537414572e+01
7.412500000000007105e+01,4.688108843537414572e+01
7.415000000000006253e+01,4.688108843537414572e+01
7.417500000000006821e+01,4.688108843537414572e+01
7.420000000000007390e+01,4.688108843537414572e+01
7.422500000000006537e+01,4.688108843537414572e+01
7.425000000000007105e+01,4.688108843537414572e+01
7.427500000000006253e+01,4.688108843537414572e+01
7.430000000000006821e+01,4.688108843537414572e+01
7.432500000000007390e+01,4.688108843537414572e+01
7.435000000000006537e+01,4.688366843033509213e+01
7.437500000000007105e+01,4.688882842025699205e+01
7.440000000000006253e+01,4.689656840513983838e+01
7.442500000000006821e+01,4.690430839002267760e+01
7.445000000000007390e+01,4.691204837490551682e+01
7.447500000000006537e+01,4.691978835978836315e+01
7.450000000000007105e+01,4.693010833963215589e+01
7.452500000000006253e+01,4.694300831443688793e+01
7.455000000000006821e+01,4.695848828420256638e+01
7.457500000000007390e+01,4.697396825396825193e+01
7.460000000000006537e+01,4.698944822373393038e+01
7.462500000000007105e+01,4.700492819349960882e+01
7.465000000000006253e+01,4.702298815822625500e+01
7.467500000000006821e+01,4.704362811791383336e+01
7.470000000000007390e+01,4.706684807256235814e+01
7.472500000000006537e+01,4.709006802721087581e+01
7.475000000000007105e+01,4.711328798185940769e+01
7.477500000000006253e+01,4.713650793650793247e+01
7.480000000000006821e+01,4.715972789115645725e+01
7.482500000000007390e+01,4.718294784580498202e+01
7.485000000000006537e+01,4.720616780045351391e+01
7.487500000000007105e+01,4.722938775510203868e+01
7.490000000000006253e+01,4.725260770975056346e+01
7.492500000000006821e+01,4.727582766439908823e+01
7.495000000000007390e+01,4.729646762408666660e+01
7.497500000000006537e+01,4.731452758881329856e+01
7.500000000000007105e+01,4.733000755857898412e+01
7.502500000000006253e+01,4.734290753338372326e+01
7.505000000000006821e+01,4.735322751322750889e+01
7.507500000000007390e+01,4.736096749811034812e+01
7.510000000000006537e+01,4.736612748803224093e+01
7.512500000000007105e+01,4.736870748299319445e+01
7.515000000000006253e+01,4.736870748299319445e+01
7.517500000000006821e+01,4.736870748299319445e+01
7.520000000000007390e+01,4.736870748299319445e+01
7.522500000000006537e+01,4.736870748299319445e+01
7.525000000000007105e+01,4.736870748299319445e+01
7.527500000000006253e+01,4.736870748299319445e+01
7.530000000000006821e+01,4.736870748299319445e+01
7.532500000000007390e+01,4.736870748299319445e+01
7.535000000000006537e+01,4.736870748299319445e+01
7.537500000000007105e+01,4.736870748299319445e+01
7.540000000000006253e+01,4.737128747795414085e+01
7.542500000000006821e+01,4.737644746787603367e+01
7.545000000000007390e+01,4.738418745275888000e+01
7.547500000000006537e+01,4.739192743764172633e+01
7.550000000000007105e+01,4.739966742252457266e+01
7.552500000000006253e+01,4.740740740740741899e+01
7.555000000000006821e+01,4.741514739229025110e+01
7.557500000000007390e+01,4.742288737717309743e+01
7.560000000000006537e+01,4.743062736205592955e+01
7.562500000000007105e+01,4.743578735197783658e+01
7.565000000000006253e+01,4.743836734693877588e+01
7.567500000000006821e+01,4.743836734693877588e+01
7.570000000000007390e+01,4.743836734693877588e+01
7.572500000000006537e+01,4.743836734693877588e+01
7.575000000000007105e+01,4.744094734189972229e+01
7.577500000000006253e+01,4.744610733182161511e+01
7.580000000000006821e+01,4.745384731670446143e+01
7.582500000000007390e+01,4.746416729654824707e+01
7.585000000000006537e+01,4.747706727135297911e+01
7.587500000000007105e+01,4.749254724111866466e+01
7.590000000000006253e+01,4.751060720584528951e+01
7.592500000000006821e+01,4.753124716553287499e+01
7.595000000000007390e+01,4.755446712018139976e+01
7.597500000000006537e+01,4.757768707482993165e+01
7.600000000000007105e+01,4.759832703451751001e+01
7.602500000000006253e+01,4.761638699924414198e+01
7.605000000000006821e+01,4.763186696900982753e+01
7.607500000000007390e+01,4.764476694381456667e+01
7.610000000000006537e+01,4.765508692365835230e+01
7.612500000000007105e+01,4.766282690854119863e+01
7.615000000000006253e+01,4.766798689846309145e+01
7.617500000000006821e+01,4.767056689342403786e+01
7.620000000000007390e+01,4.767056689342403786e+01
7.622500000000006537e+01,4.767056689342403786e+01
7.625000000000007105e+01,4.767056689342403786e+01
7.627500000000006253e+01,4.767314688838498427e+01
7.630000000000006821e+01,4.767830687830687708e+01
7.632500000000007390e+01,4.768604686318972341e+01
7.635000000000006537e+01,4.769636684303350904e+01
7.637500000000007105e+01,4.770926681783824108e+01
7.640000000000006253e+01,4.772474678760393374e+01
7.642500000000006821e+01,4.774280675233055860e+01
7.645000000000007390e+01,4.776344671201813696e+01
7.647500000000006537e+01,4.778666666666666174e+01
7.650000000000007105e+01,4.780988662131518652e+01
7.652500000000006253e+01,4.783310657596371129e+01
7.655000000000006821e+01,4.785632653061223607e+01
7.657500000000007390e+01,4.787954648526076085e+01
7.660000000000006537e+01,4.790276643990929273e+01
7.662500000000007105e+01,4.792598639455782461e+01
7.665000000000006253e+01,4.794920634920634939e+01
7.667500000000006821e+01,4.797242630385486706e+01
7.670000000000007390e+01,4.799564625850339894e+01
7.672500000000006537e+01,4.801886621315191661e+01
7.675000000000007105e+01,4.803950617283949498e+01
7.677500000000006253e+01,4.805756613756612694e+01
7.680000000000006821e+01,4.807304610733181249e+01
7.682500000000007390e+01,4.808594608213654453e+01
7.685000000000006537e+01,4.809626606198033016e+01
7.687500000000007105e+01,4.810400604686317649e+01
7.690000000000006253e+01,4.811174603174601572e+01
7.692500000000006821e+01,4.811948601662886205e+01
7.695000000000007390e+01,4.812464600655076197e+01
7.697500000000006537e+01,4.812980599647266189e+01
7.700000000000007105e+01,4.813496598639456181e+01
7.702500000000006253e+01,4.814012597631646173e+01
7.705000000000006821e+01,4.814528596623835455e+01
7.707500000000007390e+01,4.815044595616024736e+01
7.710000000000006537e+01,4.815560594608214018e+01
7.712500000000007105e+01,4.815818594104309369e+01
7.715000000000006253e+01,4.815818594104309369e+01
7.717500000000006821e+01,4.815818594104309369e+01
7.720000000000007390e+01,4.815818594104309369e+01
7.722500000000006537e+01,4.815818594104309369e+01
7.725000000000007105e+01,4.815818594104309369e+01
7.727500000000006253e+01,4.815818594104309369e+01
7.730000000000006821e+01,4.815818594104309369e+01
7.732500000000007390e+01,4.815818594104309369e+01
7.735000000000006537e+01,4.815818594104309369e+01
7.737500000000007105e+01,4.815818594104309369e+01
7.740000000000006253e+01,4.815818594104309369e+01
7.742500000000006821e+01,4.815818594104309369e+01
7.745000000000007390e+01,4.815818594104309369e+01
7.747500000000006537e+01,4.815818594104309369e+01
7.750000000000007105e+01,4.815818594104309369e+01
7.752500000000007674e+01,4.815818594104309369e+01
7.755000000000006821e+01,4.815818594104309369e+01
7.757500000000007390e+01,4.815818594104309369e+01
7.760000000000006537e+01,4.815818594104309369e+01
7.762500000000007105e+01,4.815818594104309369e+01
7.765000000000007674e+01,4.815818594104309369e+01
7.767500000000006821e+01,4.815818594104309369e+01
7.770000000000007390e+01,4.815818594104309369e+01
7.772500000000006537e+01,4.815818594104309369e+01
7.775000000000007105e+01,4.815818594104309369e+01
7.777500000000007674e+01,4.815818594104309369e+01
7.780000000000006821e+01,4.815818594104309369e+01
7.782500000000007390e+01,4.815818594104309369e+01
7.785000000000006537e+01,4.815818594104309369e+01
7.787500000000007105e+01,4.815818594104309369e+01
7.790000000000007674e+01,4.816076593600404010e+01
7.792500000000006821e+01,4.816334593096498651e+01
7.795000000000007390e+01,4.816592592592593292e+01
7.797500000000006537e+01,4.817108591584782573e+01
7.800000000000007105e+01,4.817882590073066496e+01
7.802500000000007674e+01,4.818914588057445769e+01
7.805000000000006821e+01,4.820204585537918973e+01
7.807500000000007390e+01,4.821752582514486818e+01
7.810000000000006537e+01,4.823558578987149303e+01
7.812500000000007105e+01,4.825364575459813921e+01
7.815000000000007674e+01,4.827428571428571757e+01
7.817500000000006821e+01,4.829750566893424235e+01
7.820000000000007390e+01,4.832072562358276713e+01
7.822500000000006537e+01,4.834394557823129190e+01
7.825000000000007105e+01,4.836716553287980958e+01
7.827500000000007674e+01,4.839038548752833435e+01
7.830000000000006821e+01,4.841360544217685913e+01
7.832500000000007390e+01,4.843682539682539101e+01
7.835000000000006537e+01,4.846004535147391579e+01
7.837500000000007105e+01,4.848326530612244767e+01
7.840000000000007674e+01,4.850648526077097245e+01
7.842500000000006821e+01,4.852970521541949722e+01
7.845000000000007390e+01,4.855292517006802200e+01
7.847500000000006537e+01,4.857614512471654677e+01
7.850000000000007105e+01,4.859936507936507866e+01
7.852500000000007674e+01,4.862258503401360343e+01
7.855000000000006821e+01,4.864580498866213532e+01
7.857500000000007390e+01,4.866902494331065299e+01
7.860000000000006537e+01,4.869224489795917776e+01
7.862500000000007105e+01,4.871546485260770254e+01
7.865000000000007674e+01,4.873610481229528091e+01
7.867500000000006821e+01,4.875416477702191287e+01
7.870000000000007390e+01,4.876964474678759842e+01
7.872500000000006537e+01,4.878254472159233046e+01
7.875000000000007105e+01,4.879286470143611609e+01
7.877500000000007674e+01,4.880060468631895532e+01
7.880000000000006821e+01,4.880576467624085524e+01
7.882500000000007390e+01,4.880834467120180165e+01
7.885000000000006537e+01,4.880834467120180165e+01
7.887500000000007105e+01,4.880834467120180165e+01
7.890000000000007674e+01,4.881092466616274805e+01
7.892500000000006821e+01,4.881608465608464087e+01
7.895000000000007390e+01,4.882382464096748720e+01
7.897500000000006537e+01,4.883156462585033353e+01
7.900000000000007105e+01,4.883930461073318696e+01
7.902500000000007674e+01,4.884704459561603329e+01
7.905000000000006821e+01,4.885478458049887251e+01
7.907500000000007390e+01,4.886252456538171174e+01
7.910000000000006537e+01,4.887026455026455096e+01
7.912500000000007105e+01,4.887542454018644378e+01
7.915000000000007674e+01,4.887800453514739729e+01
7.917500000000006821e+01,4.887800453514739729e+01
7.920000000000007390e+01,4.887800453514739729e+01
7.922500000000006537e+01,4.887800453514739729e+01
7.925000000000007105e+01,4.887800453514739729e+01
7.927500000000007674e+01,4.888058453010834370e+01
7.930000000000006821e+01,4.888574452003023652e+01
7.932500000000007390e+01,4.889348450491307574e+01
7.935000000000006537e+01,4.890380448475686137e+01
7.937500000000007105e+01,4.891670445956159341e+01
7.940000000000007674e+01,4.893218442932727896e+01
7.942500000000006821e+01,4.895024439405391092e+01
7.945000000000007390e+01,4.897088435374149640e+01
7.947500000000006537e+01,4.899410430839002117e+01
7.950000000000007105e+01,4.901732426303854595e+01
7.952500000000007674e+01,4.904054421768707073e+01
7.955000000000006821e+01,4.906376417233559550e+01
7.957500000000007390e+01,4.908698412698412028e+01
7.960000000000006537e+01,4.911020408163264506e+01
7.962500000000007105e+01,4.913342403628117694e+01
7.965000000000007674e+01,4.915664399092970172e+01
7.967500000000006821e+01,4.917986394557823360e+01
7.970000000000007390e+01,4.920308390022675837e+01
7.972500000000006537e+01,4.922372385991432964e+01
7.975000000000007105e+01,4.924178382464096160e+01
7.977500000000007674e+01,4.925726379440664715e+01
7.980000000000006821e+01,4.927016376921138630e+01
7.982500000000007390e+01,4.928048374905517903e+01
7.985000000000006537e+01,4.928822373393801826e+01
7.987500000000007105e+01,4.929338372385991107e+01
7.990000000000007674e+01,4.929854371378181099e+01
7.992500000000006821e+01,4.930370370370370381e+01
7.995000000000007390e+01,4.931144368858654303e+01
7.997500000000006537e+01,4.932176366843033577e+01
8.000000000000007105e+01,4.933466364323507491e+01
8.002500000000007674e+01,4.935014361300076047e+01
8.005000000000006821e+01,4.936820357772739243e+01
8.007500000000007390e+01,4.938884353741496369e+01
8.010000000000006537e+01,4.941206349206348847e+01
8.012500000000007105e+01,4.943528344671200614e+01
8.015000000000007674e+01,4.945850340136054513e+01
8.017500000000006821e+01,4.948172335600906990e+01
8.020000000000007390e+01,4.950494331065760178e+01
8.022500000000006537e+01,4.952558327034518015e+01
8.025000000000007105e+01,4.954364323507180501e+01
8.027500000000007674e+01,4.955912320483749056e+01
8.030000000000006821e+01,4.957202317964222971e+01
8.032500000000007390e+01,4.958234315948602244e+01
8.035000000000006537e+01,4.959008314436886877e+01
8.037500000000007105e+01,4.959524313429076159e+01
8.040000000000007674e+01,4.959782312925170800e+01
8.042500000000006821e+01,4.959782312925170800e+01
8.045000000000007390e+01,4.959782312925170800e+01
8.047500000000006537e+01,4.959782312925170800e+01
8.050000000000007105e+01,4.959782312925170800e+01
8.052500000000007674e+01,4.959782312925170800e+01
8.055000000000006821e+01,4.959782312925170800e+01
8.057500000000007390e+01,4.959782312925170800e+01
8.060000000000007958e+01,4.959782312925170800e+01
8.062500000000007105e+01,4.959782312925170800e+01
8.065000000000007674e+01,4.959782312925170800e+01
8.067500000000006821e+01,4.959782312925170800e+01
8.070000000000007390e+01,4.959782312925170800e+01
8.072500000000007958e+01,4.959782312925170800e+01
8.075000000000007105e+01,4.959782312925170800e+01
8.077500000000007674e+01,4.959782312925170800e+01
8.080000000000006821e+01,4.959782312925170800e+01
8.082500000000007390e+01,4.959782312925170800e+01
8.085000000000007958e+01,4.959782312925170800e+01
8.087500000000007105e+01,4.959782312925170800e+01
8.090000000000007674e+01,4.959782312925170800e+01
8.092500000000006821e+01,4.959782312925170800e+01
8.095000000000007390e+01,4.959782312925170800e+01
8.097500000000007958e+01,4.959782312925170800e+01
8.100000000000007105e+01,4.959782312925170800e+01
8.102500000000007674e+01,4.959782312925170800e+01
8.105000000000006821e+01,4.959782312925170800e+01
8.107500000000007390e+01,4.960040312421265440e+01
8.110000000000007958e+01,4.960556311413454722e+01
8.112500000000007105e+01,4.961330309901738644e+01
8.115000000000007674e+01,4.962362307886117208e+01
8.117500000000006821e+01,4.963652305366590411e+01
8.120000000000007390e+01,4.965200302343158967e+01
8.122500000000007958e+01,4.967006298815822873e+01
8.125000000000007105e+01,4.969070294784580000e+01
8.127500000000007674e+01,4.971392290249433188e+01
8.130000000000006821e+01,4.973714285714285666e+01
8.132500000000007390e+01,4.976036281179138143e+01
8.135000000000007958e+01,4.978358276643989910e+01
8.137500000000007105e+01,4.980680272108842388e+01
8.140000000000007674e+01,4.983002267573695576e+01
8.142500000000006821e+01,4.985324263038548764e+01
8.145000000000007390e+01,4.987646258503401242e+01
8.147500000000007958e+01,4.989968253968253720e+01
8.150000000000007105e+01,4.992290249433106197e+01
8.152500000000007674e+01,4.994612244897958675e+01
8.155000000000006821e+01,4.996934240362811153e+01
8.157500000000007390e+01,4.999256235827664341e+01
8.160000000000007958e+01,5.001578231292516818e+01
8.162500000000007105e+01,5.003900226757370007e+01
8.165000000000007674e+01,5.006222222222222484e+01
8.167500000000006821e+01,5.008286218190980321e+01
8.170000000000007390e+01,5.010092214663642807e+01
8.172500000000007958e+01,5.011640211640211362e+01
8.175000000000007105e+01,5.012930209120685277e+01
8.177500000000007674e+01,5.013962207105064550e+01
8.180000000000006821e+01,5.014736205593348473e+01
8.182500000000007390e+01,5.015252204585537754e+01
8.185000000000007958e+01,5.015510204081632395e+01
8.187500000000007105e+01,5.015510204081632395e+01
8.190000000000007674e+01,5.015768203577727036e+01
8.192500000000006821e+01,5.016026203073821677e+01
8.195000000000007390e+01,5.016284202569916317e+01
8.197500000000007958e+01,5.016542202066011669e+01
8.200000000000007105e+01,5.016800201562106309e+01
8.202500000000007674e+01,5.017058201058200950e+01
8.205000000000006821e+01,5.017316200554295591e+01
8.207500000000007390e+01,5.017574200050390232e+01
8.210000000000007958e+01,5.017832199546485583e+01
8.212500000000007105e+01,5.017832199546485583e+01
8.215000000000007674e+01,5.017832199546485583e+01
8.217500000000006821e+01,5.017832199546485583e+01
8.220000000000007390e+01,5.018090199042580224e+01
8.222500000000007958e+01,5.018606198034769506e+01
8.225000000000007105e+01,5.019380196523053428e+01
8.227500000000007674e+01,5.020412194507431991e+01
8.230000000000006821e+01,5.021702191987906616e+01
8.232500000000007390e+01,5.023250188964474461e+01
8.235000000000007958e+01,5.025056185437138367e+01
8.237500000000007105e+01,5.027120181405895494e+01
8.240000000000007674e+01,5.029442176870747971e+01
8.242500000000006821e+01,5.031506172839505098e+01
8.245000000000007390e+01,5.033312169312169004e+01
8.247500000000007958e+01,5.034860166288736849e+01
8.250000000000007105e+01,5.036150163769210764e+01
8.252500000000007674e+01,5.037182161753589327e+01
8.255000000000006821e+01,5.037956160241873249e+01
8.257500000000007390e+01,5.038472159234063241e+01
8.260000000000007958e+01,5.038730158730157882e+01
8.262500000000007105e+01,5.038988158226252523e+01
8.265000000000007674e+01,5.039504157218442515e+01
8.267500000000006821e+01,5.040278155706726437e+01
8.270000000000007390e+01,5.041310153691106422e+01
8.272500000000007958e+01,5.042600151171579625e+01
8.275000000000007105e+01,5.044148148148148181e+01
8.277500000000007674e+01,5.045954144620810666e+01
8.280000000000006821e+01,5.048018140589568503e+01
8.282500000000007390e+01,5.050340136054420981e+01
8.285000000000007958e+01,5.052662131519274169e+01
8.287500000000007105e+01,5.054984126984126647e+01
8.290000000000007674e+01,5.057306122448979835e+01
8.292500000000006821e+01,5.059628117913832313e+01
8.295000000000007390e+01,5.061950113378684790e+01
8.297500000000007958e+01,5.064272108843537268e+01
8.300000000000007105e+01,5.066594104308389035e+01
8.302500000000007674e+01,5.068916099773241513e+01
8.305000000000006821e+01,5.071238095238093990e+01
8.307500000000007390e+01,5.073560090702947178e+01
8.310000000000007958e+01,5.075882086167799656e+01
8.312500000000007105e+01,5.078204081632652844e+01
8.315000000000007674e+01,5.080526077097505322e+01
8.317500000000006821e+01,5.082848072562357800e+01
8.320000000000007390e+01,5.085170068027210277e+01
8.322500000000007958e+01,5.087492063492062755e+01
8.325000000000007105e+01,5.089814058956915943e+01
8.327500000000007674e+01,5.092136054421768421e+01
8.330000000000006821e+01,5.094200050390526968e+01
8.332500000000007390e+01,5.096006046863190164e+01
8.335000000000007958e+01,5.097554043839758009e+01
8.337500000000007105e+01,5.098844041320231923e+01
8.340000000000007674e+01,5.099876039304611197e+01
8.342500000000006821e+01,5.100650037792895830e+01
8.345000000000007390e+01,5.101166036785085112e+01
8.347500000000007958e+01,5.101424036281179752e+01
8.350000000000007105e+01,5.101424036281179752e+01
8.352500000000007674e+01,5.101424036281179752e+01
8.355000000000006821e+01,5.101424036281179752e+01
8.357500000000007390e+01,5.101424036281179752e+01
8.360000000000007958e+01,5.101424036281179752e+01
8.362500000000007105e+01,5.101424036281179752e+01
8.365000000000007674e+01,5.101424036281179752e+01
8.367500000000006821e+01,5.101424036281179752e+01
8.370000000000007390e+01,5.101682035777274393e+01
8.372500000000007958e+01,5.102198034769463675e+01
8.375000000000007105e+01,5.102972033257747597e+01
8.377500000000007674e+01,5.104004031242126160e+01
8.380000000000006821e+01,5.105294028722599364e+01
8.382500000000007390e+01,5.106842025699167209e+01
8.385000000000007958e+01,5.108648022171831826e+01
8.387500000000007105e+01,5.110712018140589663e+01
8.390000000000007674e+01,5.113034013605442141e+01
8.392500000000008242e+01,5.115356009070294618e+01
8.395000000000007390e+01,5.117678004535147096e+01
8.397500000000007958e+01,5.119999999999998863e+01
8.400000000000007105e+01,5.122321995464852051e+01
8.402500000000007674e+01,5.124643990929704529e+01
8.405000000000008242e+01,5.126965986394557717e+01
8.407500000000007390e+01,5.129029982363315554e+01
8.410000000000007958e+01,5.130835978835978750e+01
8.412500000000007105e+01,5.132641975308641946e+01
8.415000000000007674e+01,5.134447971781305142e+01
8.417500000000008242e+01,5.136253968253968338e+01
8.420000000000007390e+01,5.138059964726631534e+01
8.422500000000007958e+01,5.139865961199294020e+01
8.425000000000007105e+01,5.141671957671957216e+01
8.427500000000007674e+01,5.143477954144621123e+01
8.430000000000008242e+01,5.145541950113378249e+01
8.432500000000007390e+01,5.147863945578231437e+01
8.435000000000007958e+01,5.149927941546989274e+01
8.437500000000007105e+01,5.151733938019652470e+01
8.440000000000007674e+01,5.153281934996220315e+01
8.442500000000008242e+01,5.154571932476694229e+01
8.445000000000007390e+01,5.155603930461073503e+01
8.447500000000007958e+01,5.156635928445452066e+01
8.450000000000007105e+01,5.157667926429831340e+01
8.452500000000007674e+01,5.158699924414209903e+01
8.455000000000008242e+01,5.159731922398588466e+01
8.457500000000007390e+01,5.161021919879061670e+01
8.460000000000007958e+01,5.162569916855630936e+01
8.462500000000007105e+01,5.164375913328293422e+01
8.465000000000007674e+01,5.166439909297051969e+01
8.467500000000008242e+01,5.168761904761904447e+01
8.470000000000007390e+01,5.171083900226756924e+01
8.472500000000007958e+01,5.173405895691609402e+01
8.475000000000007105e+01,5.175727891156462590e+01
8.477500000000007674e+01,5.177791887125219716e+01
8.480000000000008242e+01,5.179597883597882912e+01
8.482500000000007390e+01,5.181145880574450757e+01
8.485000000000007958e+01,5.182435878054924672e+01
8.487500000000007105e+01,5.183467876039303235e+01
8.490000000000007674e+01,5.184499874023683219e+01
8.492500000000008242e+01,5.185273872511967852e+01
8.495000000000007390e+01,5.185789871504157844e+01
8.497500000000007958e+01,5.186047871000252485e+01
8.500000000000007105e+01,5.186305870496347126e+01
8.502500000000007674e+01,5.186563869992441766e+01
8.505000000000008242e+01,5.187079868984631048e+01
8.507500000000007390e+01,5.187853867472914970e+01
8.510000000000007958e+01,5.188885865457294244e+01
8.512500000000007105e+01,5.189917863441672807e+01
8.515000000000007674e+01,5.191207860922146011e+01
8.517500000000008242e+01,5.192755857898714567e+01
8.520000000000007390e+01,5.194561854371377763e+01
8.522500000000007958e+01,5.196367850844040959e+01
8.525000000000007105e+01,5.198173847316704155e+01
8.527500000000007674e+01,5.199721844293273421e+01
8.530000000000008242e+01,5.201269841269841976e+01
8.532500000000007390e+01,5.202817838246409821e+01
8.535000000000007958e+01,5.204365835222978376e+01
8.537500000000007105e+01,5.205913832199546221e+01
8.540000000000007674e+01,5.207203829680019425e+01
8.542500000000008242e+01,5.208235827664398698e+01
8.545000000000007390e+01,5.209267825648777972e+01
8.547500000000007958e+01,5.210299823633156535e+01
8.550000000000007105e+01,5.211331821617535809e+01
8.552500000000007674e+01,5.212363819601914372e+01
8.555000000000008242e+01,5.213395817586292935e+01
8.557500000000007390e+01,5.214169816074577568e+01
8.560000000000007958e+01,5.214685815066766850e+01
8.562500000000007105e+01,5.215201814058956131e+01
8.565000000000007674e+01,5.215717813051145413e+01
8.567500000000008242e+01,5.216233812043334694e+01
8.570000000000007390e+01,5.216749811035523976e+01
8.572500000000007958e+01,5.217523809523807898e+01
8.575000000000007105e+01,5.218039808515997180e+01
8.577500000000007674e+01,5.218297808012091821e+01
8.580000000000008242e+01,5.218555807508186462e+01
8.582500000000007390e+01,5.218813807004281813e+01
8.585000000000007958e+01,5.219071806500376454e+01
8.587500000000007105e+01,5.219329805996471094e+01
8.590000000000007674e+01,5.219845804988661087e+01
8.592500000000008242e+01,5.220619803476945719e+01
8.595000000000007390e+01,5.221393801965230352e+01
8.597500000000007958e+01,5.222425799949609626e+01
8.600000000000007105e+01,5.223715797430082830e+01
8.600000000000007105e+01,5.225263794406650675e+01
8.600000000000007105e+01,5.227069790879313871e+01
8.602500000000007674e+01,5.229133786848072418e+01
8.605000000000008242e+01,5.231197782816829545e+01
8.607500000000007390e+01,5.233003779289492741e+01
8.610000000000007958e+01,5.234551776266060585e+01
8.612500000000007105e+01,5.235841773746534500e+01
8.615000000000007674e+01,5.236873771730913063e+01
8.617500000000008242e+01,5.237647770219197696e+01
8.620000000000007390e+01,5.238163769211386978e+01
8.622500000000007958e+01,5.238421768707482329e+01
8.625000000000007105e+01,5.238421768707482329e+01
8.627500000000007674e+01,5.238421768707482329e+01
8.630000000000008242e+01,5.238421768707482329e+01
8.632500000000007390e+01,5.238421768707482329e+01
8.635000000000007958e+01,5.238421768707482329e+01
8.637500000000007105e+01,5.238421768707482329e+01
8.640000000000007674e+01,5.238421768707482329e+01
8.642500000000008242e+01,5.238421768707482329e+01
8.645000000000007390e+01,5.238421768707482329e+01
8.647500000000007958e+01,5.238421768707482329e+01
8.650000000000007105e+01,5.238421768707482329e+01
8.652500000000007674e+01,5.238679768203577680e+01
8.655000000000008242e+01,5.239195767195767672e+01
8.657500000000007390e+01,5.239969765684051595e+01
8.660000000000007958e+01,5.241001763668430158e+01
8.662500000000007105e+01,5.242291761148903362e+01
8.665000000000007674e+01,5.243839758125471917e+01
8.667500000000008242e+01,5.245645754598134403e+01
8.670000000000007390e+01,5.247709750566892239e+01
8.672500000000007958e+01,5.250031746031745428e+01
8.675000000000007105e+01,5.252353741496597905e+01
8.677500000000007674e+01,5.254675736961451094e+01
8.680000000000008242e+01,5.256997732426303571e+01
8.682500000000007390e+01,5.259319727891156049e+01
8.685000000000007958e+01,5.261641723356008526e+01
8.687500000000007105e+01,5.263963718820861004e+01
8.690000000000007674e+01,5.266285714285714192e+01
8.692500000000008242e+01,5.268607709750566670e+01
8.695000000000007390e+01,5.270929705215419858e+01
8.697500000000007958e+01,5.273251700680271625e+01
8.700000000000008527e+01,5.275573696145124103e+01
8.702500000000007674e+01,5.277895691609976581e+01
8.705000000000008242e+01,5.280217687074829058e+01
8.707500000000007390e+01,5.282539682539682246e+01
8.710000000000007958e+01,5.284861678004534724e+01
8.712500000000008527e+01,5.287183673469387912e+01
8.715000000000007674e+01,5.289505668934240390e+01
8.717500000000008242e+01,5.291827664399092868e+01
8.720000000000007390e+01,5.294149659863945345e+01
8.722500000000007958e+01,5.296471655328797112e+01
8.725000000000008527e+01,5.298793650793649590e+01
8.727500000000007674e+01,5.300857646762407427e+01
8.730000000000008242e+01,5.302663643235070623e+01
8.732500000000007390e+01,5.304211640211638468e+01
8.735000000000007958e+01,5.305501637692112382e+01
8.737500000000008527e+01,5.306791635172587007e+01
8.740000000000007674e+01,5.308081632653060922e+01
8.742500000000008242e+01,5.309113630637440195e+01
8.745000000000007390e+01,5.309887629125724828e+01
8.747500000000007958e+01,5.310403628117914110e+01
8.750000000000008527e+01,5.310919627110103391e+01
8.752500000000007674e+01,5.311435626102293384e+01
8.755000000000008242e+01,5.311951625094483376e+01
8.757500000000007390e+01,5.312467624086672657e+01
8.760000000000007958e+01,5.312725623582767298e+01
8.762500000000008527e+01,5.312725623582767298e+01
8.765000000000007674e+01,5.312725623582767298e+01
8.767500000000008242e+01,5.312725623582767298e+01
8.770000000000007390e+01,5.312725623582767298e+01
8.772500000000007958e+01,5.312725623582767298e+01
8.775000000000008527e+01,5.312725623582767298e+01
8.777500000000007674e+01,5.312725623582767298e+01
8.780000000000008242e+01,5.312725623582767298e+01
8.782500000000007390e+01,5.312725623582767298e+01
8.785000000000007958e+01,5.312725623582767298e+01
8.787500000000008527e+01,5.312983623078861939e+01
8.790000000000007674e+01,5.313499622071051220e+01
8.792500000000008242e+01,5.314273620559335143e+01
8.795000000000007390e+01,5.315305618543713706e+01
8.797500000000007958e+01,5.316595616024186910e+01
8.800000000000008527e+01,5.318143613000755465e+01
8.802500000000007674e+01,5.319949609473419372e+01
8.805000000000008242e+01,5.322013605442176498e+01
8.807500000000007390e+01,5.324077601410935046e+01
8.810000000000007958e+01,5.325883597883598242e+01
8.812500000000008527e+01,5.327431594860166086e+01
8.815000000000007674e+01,5.328721592340640001e+01
8.817500000000008242e+01,5.329753590325019275e+01
8.820000000000007390e+01,5.330527588813303908e+01
8.822500000000007958e+01,5.331043587805493189e+01
8.825000000000008527e+01,5.331301587301587830e+01
8.827500000000007674e+01,5.331301587301587830e+01
8.830000000000008242e+01,5.331301587301587830e+01
8.832500000000007390e+01,5.331301587301587830e+01
8.835000000000007958e+01,5.331301587301587830e+01
8.837500000000008527e+01,5.331301587301587830e+01
8.840000000000007674e+01,5.331559586797682471e+01
8.842500000000008242e+01,5.332075585789871752e+01
8.845000000000007390e+01,5.332849584278155675e+01
8.847500000000007958e+01,5.333881582262534238e+01
8.850000000000008527e+01,5.334913580246912801e+01
8.852500000000007674e+01,5.335945578231291364e+01
8.855000000000008242e+01,5.336977576215670638e+01
8.857500000000007390e+01,5.338009574200049201e+01
8.860000000000007958e+01,5.339041572184427764e+01
8.862500000000008527e+01,5.339815570672712397e+01
8.865000000000007674e+01,5.340331569664901679e+01
8.867500000000008242e+01,5.340589569160996319e+01
8.870000000000007390e+01,5.340589569160996319e+01
8.872500000000007958e+01,5.340589569160996319e+01
8.875000000000008527e+01,5.340847568657090960e+01
8.877500000000007674e+01,5.341363567649280242e+01
8.880000000000008242e+01,5.342137566137564875e+01
8.882500000000007390e+01,5.343169564121944148e+01
8.885000000000007958e+01,5.344459561602418773e+01
8.887500000000008527e+01,5.346007558578987329e+01
8.890000000000007674e+01,5.347813555051649814e+01
8.892500000000008242e+01,5.349877551020407651e+01
8.895000000000007390e+01,5.352199546485260839e+01
8.897500000000007958e+01,5.354521541950113317e+01
8.900000000000008527e+01,5.356843537414966505e+01
8.902500000000007674e+01,5.359165532879818983e+01
8.905000000000008242e+01,5.361487528344670750e+01
8.907500000000007390e+01,5.363551524313428587e+01
8.910000000000007958e+01,5.365357520786091783e+01
8.912500000000008527e+01,5.366905517762660338e+01
8.915000000000007674e+01,5.368195515243134253e+01
8.917500000000008242e+01,5.369227513227513526e+01
8.920000000000007390e+01,5.370001511715796738e+01
8.922500000000007958e+01,5.370517510707986730e+01
8.925000000000008527e+01,5.370775510204081371e+01
8.927500000000007674e+01,5.370775510204081371e+01
8.930000000000008242e+01,5.370775510204081371e+01
8.932500000000007390e+01,5.370775510204081371e+01
8.935000000000007958e+01,5.370775510204081371e+01
8.937500000000008527e+01,5.370775510204081371e+01
8.940000000000007674e+01,5.370775510204081371e+01
8.942500000000008242e+01,5.370775510204081371e+01
8.945000000000007390e+01,5.370775510204081371e+01
8.947500000000007958e+01,5.370775510204081371e+01
8.950000000000008527e+01,5.371033509700176012e+01
8.952500000000007674e+01,5.371549508692365293e+01
8.955000000000008242e+01,5.372323507180649216e+01
8.957500000000007390e+01,5.373355505165028490e+01
8.960000000000007958e+01,5.374645502645501693e+01
8.962500000000008527e+01,5.376193499622070959e+01
8.965000000000007674e+01,5.377999496094734155e+01
8.967500000000008242e+01,5.380063492063491992e+01
8.970000000000007390e+01,5.382385487528344470e+01
8.972500000000007958e+01,5.384707482993196237e+01
8.975000000000008527e+01,5.387029478458048715e+01
8.977500000000007674e+01,5.389351473922901903e+01
8.980000000000008242e+01,5.391673469387755091e+01
8.982500000000007390e+01,5.393995464852607569e+01
8.985000000000007958e+01,5.396317460317460046e+01
8.987500000000008527e+01,5.398639455782312524e+01
8.990000000000007674e+01,5.400961451247165002e+01
8.992500000000008242e+01,5.403025447215922838e+01
8.995000000000007390e+01,5.404831443688586035e+01
8.997500000000007958e+01,5.406379440665154590e+01
9.000000000000008527e+01,5.407669438145627794e+01
9.002500000000007674e+01,5.408701436130006357e+01
9.005000000000008242e+01,5.409475434618290279e+01
9.007500000000007390e+01,5.409991433610480271e+01
9.010000000000007958e+01,5.410249433106574912e+01
9.012500000000008527e+01,5.410249433106574912e+01
9.015000000000007674e+01,5.410249433106574912e+01
9.017500000000008242e+01,5.410249433106574912e+01
9.020000000000007390e+01,5.410249433106574912e+01
9.022500000000007958e+01,5.410249433106574912e+01
9.025000000000008527e+01,5.410249433106574912e+01
9.027500000000007674e+01,5.410249433106574912e+01
9.030000000000008242e+01,5.410249433106574912e+01
9.032500000000008811e+01,5.410249433106574912e+01
9.035000000000007958e+01,5.410507432602669553e+01
9.037500000000008527e+01,5.411023431594858835e+01
9.040000000000007674e+01,5.411797430083143468e+01
9.042500000000008242e+01,5.412829428067522741e+01
9.045000000000008811e+01,5.414119425547996656e+01
9.047500000000007958e+01,5.415667422524565211e+01
9.050000000000008527e+01,5.417215419501133056e+01
9.052500000000007674e+01,5.418763416477701611e+01
9.055000000000008242e+01,5.420311413454270166e+01
9.057500000000008811e+01,5.421601410934744081e+01
9.060000000000007958e+01,5.422633408919123355e+01
9.062500000000008527e+01,5.423407407407407277e+01
9.065000000000007674e+01,5.423923406399596558e+01
9.067500000000008242e+01,5.424181405895691910e+01
9.070000000000008811e+01,5.424181405895691910e+01
9.072500000000007958e+01,5.424181405895691910e+01
9.075000000000008527e+01,5.424181405895691910e+01
9.077500000000007674e+01,5.424439405391786551e+01
9.080000000000008242e+01,5.424955404383975832e+01
9.082500000000008811e+01,5.425729402872259755e+01
9.085000000000007958e+01,5.426761400856638318e+01
9.087500000000008527e+01,5.428051398337112943e+01
9.090000000000007674e+01,5.429599395313680787e+01
9.092500000000008242e+01,5.431405391786344694e+01
9.095000000000008811e+01,5.433469387755101820e+01
9.097500000000007958e+01,5.435791383219954298e+01
9.100000000000008527e+01,5.438113378684806065e+01
9.102500000000007674e+01,5.440435374149659253e+01
9.105000000000008242e+01,5.442757369614512442e+01
9.107500000000008811e+01,5.445079365079364919e+01
9.110000000000007958e+01,5.447401360544218107e+01
9.112500000000008527e+01,5.449465356512975234e+01
9.115000000000007674e+01,5.451271352985638430e+01
9.117500000000008242e+01,5.452819349962206985e+01
9.120000000000008811e+01,5.454109347442680900e+01
9.122500000000007958e+01,5.455141345427060173e+01
9.125000000000008527e+01,5.455915343915344096e+01
9.127500000000007674e+01,5.456431342907533377e+01
9.130000000000008242e+01,5.456689342403628018e+01
9.132500000000008811e+01,5.456689342403628018e+01
9.135000000000007958e+01,5.456689342403628018e+01
9.137500000000008527e+01,5.456689342403628018e+01
9.140000000000007674e+01,5.456689342403628018e+01
9.142500000000008242e+01,5.456689342403628018e+01
9.145000000000008811e+01,5.456689342403628018e+01
9.147500000000007958e+01,5.456947341899722659e+01
9.150000000000008527e+01,5.457463340891911940e+01
9.152500000000007674e+01,5.458237339380195863e+01
9.155000000000008242e+01,5.459269337364574426e+01
9.157500000000008811e+01,5.460559334845048340e+01
9.160000000000007958e+01,5.462107331821617606e+01
9.162500000000008527e+01,5.463913328294280092e+01
9.165000000000007674e+01,5.465977324263038639e+01
9.167500000000008242e+01,5.468299319727891117e+01
9.170000000000008811e+01,5.470621315192743594e+01
9.172500000000007958e+01,5.472943310657595362e+01
9.175000000000008527e+01,5.475265306122447839e+01
9.177500000000007674e+01,5.477587301587300317e+01
9.180000000000008242e+01,5.479909297052153505e+01
9.182500000000008811e+01,5.482231292517005983e+01
9.185000000000007958e+01,5.484553287981859171e+01
9.187500000000008527e+01,5.486875283446711649e+01
9.190000000000007674e+01,5.489197278911564126e+01
9.192500000000008242e+01,5.491519274376416604e+01
9.195000000000008811e+01,5.493841269841269082e+01
9.197500000000007958e+01,5.496163265306122270e+01
9.200000000000008527e+01,5.498485260770974747e+01
9.202500000000007674e+01,5.500807256235827936e+01
9.205000000000008242e+01,5.503129251700680413e+01
9.207500000000008811e+01,5.505451247165532180e+01
9.210000000000007958e+01,5.507773242630384658e+01
9.212500000000008527e+01,5.510095238095237136e+01
9.215000000000007674e+01,5.512417233560090324e+01
9.217500000000008242e+01,5.514739229024942802e+01
9.220000000000008811e+01,5.517061224489795990e+01
9.222500000000007958e+01,5.519383219954648467e+01
9.225000000000008527e+01,5.521705215419500945e+01
9.227500000000007674e+01,5.524027210884353423e+01
9.230000000000008242e+01,5.526349206349205190e+01
9.232500000000008811e+01,5.528671201814059089e+01
9.235000000000007958e+01,5.530993197278911566e+01
9.237500000000008527e+01,5.533315192743764754e+01
9.240000000000007674e+01,5.535637188208617232e+01
9.242500000000008242e+01,5.537959183673468999e+01
9.245000000000008811e+01,5.540281179138321477e+01
9.247500000000007958e+01,5.542603174603173954e+01
9.250000000000008527e+01,5.544925170068026432e+01
9.252500000000007674e+01,5.547247165532878910e+01
9.255000000000008242e+01,5.549569160997732098e+01
9.257500000000008811e+01,5.551891156462584576e+01
9.260000000000007958e+01,5.554213151927437764e+01
9.262500000000008527e+01,5.556535147392290241e+01
9.265000000000007674e+01,5.558857142857142719e+01
9.267500000000008242e+01,5.561179138321994486e+01
9.270000000000008811e+01,5.563501133786846964e+01
9.272500000000007958e+01,5.565823129251700152e+01
9.275000000000008527e+01,5.568145124716552630e+01
9.277500000000007674e+01,5.570467120181405818e+01
9.280000000000008242e+01,5.572789115646258296e+01
9.282500000000008811e+01,5.575111111111110773e+01
9.285000000000007958e+01,5.577433106575963251e+01
9.287500000000008527e+01,5.579755102040815729e+01
9.290000000000007674e+01,5.582077097505668917e+01
9.292500000000008242e+01,5.584399092970521394e+01
9.295000000000008811e+01,5.586721088435374583e+01
9.297500000000007958e+01,5.589043083900227060e+01
9.300000000000008527e+01,5.591107079868984897e+01
9.302500000000007674e+01,5.592913076341647383e+01
9.305000000000008242e+01,5.594461073318215938e+01
9.307500000000008811e+01,5.595751070798689852e+01
9.310000000000007958e+01,5.596783068783069126e+01
9.312500000000008527e+01,5.597557067271353048e+01
9.315000000000007674e+01,5.598073066263542330e+01
9.317500000000008242e+01,5.598331065759636971e+01
9.320000000000008811e+01,5.598589065255731612e+01
9.322500000000007958e+01,5.599105064247920893e+01
9.325000000000008527e+01,5.599879062736204816e+01
9.327500000000007674e+01,5.600911060720583379e+01
9.330000000000008242e+01,5.602201058201058004e+01
9.332500000000008811e+01,5.603749055177626559e+01
9.335000000000007958e+01,5.605555051650289755e+01
9.337500000000008527e+01,5.607619047619047592e+01
9.340000000000009095e+01,5.609941043083900070e+01
9.342500000000008242e+01,5.612263038548752547e+01
9.345000000000008811e+01,5.614585034013604314e+01
9.347500000000007958e+01,5.616907029478457503e+01
9.350000000000008527e+01,5.619229024943309980e+01
9.352500000000009095e+01,5.621551020408163168e+01
9.355000000000008242e+01,5.623873015873015646e+01
9.357500000000008811e+01,5.626195011337868124e+01
9.360000000000007958e+01,5.628517006802720601e+01
9.362500000000008527e+01,5.630839002267573079e+01
9.365000000000009095e+01,5.633160997732425557e+01
9.367500000000008242e+01,5.635482993197278745e+01
9.370000000000008811e+01,5.637804988662131223e+01
9.372500000000007958e+01,5.640126984126984411e+01
9.375000000000008527e+01,5.642448979591836888e+01
9.377500000000009095e+01,5.644770975056689366e+01
9.380000000000008242e+01,5.647092970521541133e+01
9.382500000000008811e+01,5.649414965986393611e+01
9.385000000000007958e+01,5.651736961451246088e+01
9.387500000000008527e+01,5.654058956916098566e+01
9.390000000000009095e+01,5.656380952380951754e+01
9.392500000000008242e+01,5.658702947845804232e+01
9.395000000000008811e+01,5.661024943310657420e+01
9.397500000000007958e+01,5.663346938775509898e+01
9.400000000000008527e+01,5.665668934240362375e+01
9.402500000000009095e+01,5.667990929705214853e+01
9.405000000000008242e+01,5.670312925170067331e+01
9.407500000000008811e+01,5.672634920634920519e+01
9.410000000000007958e+01,5.674956916099772997e+01
9.412500000000008527e+01,5.677278911564626185e+01
9.415000000000009095e+01,5.679600907029478662e+01
9.417500000000008242e+01,5.681922902494330430e+01
9.420000000000008811e+01,5.684244897959182907e+01
9.422500000000007958e+01,5.686566893424035385e+01
9.425000000000008527e+01,5.688888888888888573e+01
9.427500000000009095e+01,5.691210884353741051e+01
9.430000000000008242e+01,5.693532879818594239e+01
9.432500000000008811e+01,5.695854875283446717e+01
9.435000000000007958e+01,5.698176870748299194e+01
9.437500000000008527e+01,5.700498866213151672e+01
9.440000000000009095e+01,5.702820861678003439e+01
9.442500000000008242e+01,5.705142857142856627e+01
9.445000000000008811e+01,5.707206853111613754e+01
9.447500000000007958e+01,5.709012849584276950e+01
9.450000000000008527e+01,5.710560846560844794e+01
9.452500000000009095e+01,5.712108843537414060e+01
9.455000000000008242e+01,5.713656840513982615e+01
9.457500000000008811e+01,5.715204837490551881e+01
9.460000000000007958e+01,5.716752834467120437e+01
9.462500000000008527e+01,5.718300831443688281e+01
9.465000000000009095e+01,5.719848828420256126e+01
9.467500000000008242e+01,5.721654824892919322e+01
9.470000000000008811e+01,5.723718820861677159e+01
9.472500000000007958e+01,5.726040816326530347e+01
9.475000000000008527e+01,5.728362811791382825e+01
9.477500000000009095e+01,5.730684807256236013e+01
9.480000000000008242e+01,5.733006802721088491e+01
9.482500000000008811e+01,5.735328798185940258e+01
9.485000000000007958e+01,5.737650793650792735e+01
9.487500000000008527e+01,5.739972789115645213e+01
9.490000000000009095e+01,5.742294784580498401e+01
9.492500000000008242e+01,5.744616780045350879e+01
9.495000000000008811e+01,5.746938775510204067e+01
9.497500000000007958e+01,5.749260770975056545e+01
9.500000000000008527e+01,5.751582766439909022e+01
9.502500000000009095e+01,5.753904761904761500e+01
9.505000000000008242e+01,5.756226757369613978e+01
9.507500000000008811e+01,5.758548752834467166e+01
9.510000000000007958e+01,5.760870748299319644e+01
9.512500000000008527e+01,5.763192743764172832e+01
9.515000000000009095e+01,5.765514739229025309e+01
9.517500000000008242e+01,5.767836734693877077e+01
9.520000000000008811e+01,5.770158730158729554e+01
9.522500000000007958e+01,5.772480725623582032e+01
9.525000000000008527e+01,5.774802721088434510e+01
9.527500000000009095e+01,5.777124716553286987e+01
9.530000000000008242e+01,5.779446712018140175e+01
9.532500000000008811e+01,5.781768707482992653e+01
9.535000000000007958e+01,5.784090702947845841e+01
9.537500000000008527e+01,5.786412698412698319e+01
9.540000000000009095e+01,5.788734693877550797e+01
9.542500000000008242e+01,5.791056689342402564e+01
9.545000000000008811e+01,5.793378684807255041e+01
9.547500000000007958e+01,5.795700680272108229e+01
9.550000000000008527e+01,5.798022675736961418e+01
9.552500000000009095e+01,5.800344671201813895e+01
9.555000000000008242e+01,5.802666666666666373e+01
9.557500000000008811e+01,5.804988662131518851e+01
9.560000000000007958e+01,5.807310657596371328e+01
9.562500000000008527e+01,5.809632653061223806e+01
9.565000000000009095e+01,5.811954648526076994e+01
9.567500000000008242e+01,5.814276643990929472e+01
9.570000000000008811e+01,5.816598639455782660e+01
9.572500000000007958e+01,5.818920634920635138e+01
9.575000000000008527e+01,5.821242630385487615e+01
9.577500000000009095e+01,5.823564625850340093e+01
9.580000000000008242e+01,5.825886621315191860e+01
9.582500000000008811e+01,5.828208616780044338e+01
9.585000000000007958e+01,5.830530612244896815e+01
9.587500000000008527e+01,5.832852607709750004e+01
9.590000000000009095e+01,5.835174603174602481e+01
9.592500000000008242e+01,5.837496598639455669e+01
9.595000000000008811e+01,5.839818594104308147e+01
9.597500000000007958e+01,5.842140589569160625e+01
9.600000000000008527e+01,5.844462585034012392e+01
9.602500000000009095e+01,5.846526581002770939e+01
9.605000000000008242e+01,5.848332577475433425e+01
9.607500000000008811e+01,5.849880574452001980e+01
9.610000000000007958e+01,5.851170571932475184e+01
9.612500000000008527e+01,5.852202569916853747e+01
9.615000000000009095e+01,5.853234567901232310e+01
9.617500000000008242e+01,5.854266565885613005e+01
9.620000000000008811e+01,5.855298563869991568e+01
9.622500000000007958e+01,5.856330561854370842e+01
9.625000000000008527e+01,5.857620559334844756e+01
9.627500000000009095e+01,5.859168556311413312e+01
9.630000000000008242e+01,5.860974552784075797e+01
9.632500000000008811e+01,5.863038548752833634e+01
9.635000000000007958e+01,5.865360544217686822e+01
9.637500000000008527e+01,5.867682539682539300e+01
9.640000000000009095e+01,5.870004535147392488e+01
9.642500000000008242e+01,5.872326530612244966e+01
9.645000000000008811e+01,5.874648526077097443e+01
9.647500000000007958e+01,5.876970521541949921e+01
9.650000000000008527e+01,5.879292517006801688e+01
9.652500000000009095e+01,5.881356512975559525e+01
9.655000000000008242e+01,5.883162509448222721e+01
9.657500000000008811e+01,5.884710506424791276e+01
9.660000000000007958e+01,5.886000503905264480e+01
9.662500000000008527e+01,5.887032501889643044e+01
9.665000000000009095e+01,5.888064499874021607e+01
9.667500000000008242e+01,5.889096497858401591e+01
9.670000000000008811e+01,5.890128495842780865e+01
9.672500000000009379e+01,5.891160493827160138e+01
9.675000000000008527e+01,5.892450491307634053e+01
9.677500000000009095e+01,5.893998488284202608e+01
9.680000000000008242e+01,5.895804484756865094e+01
9.682500000000008811e+01,5.897868480725622931e+01
9.685000000000009379e+01,5.900190476190475408e+01
9.687500000000008527e+01,5.902512471655328596e+01
9.690000000000009095e+01,5.904834467120181074e+01
9.692500000000008242e+01,5.907156462585034262e+01
9.695000000000008811e+01,5.909478458049886740e+01
9.697500000000009379e+01,5.911800453514739218e+01
9.700000000000008527e+01,5.914122448979590985e+01
9.702500000000009095e+01,5.916444444444443462e+01
9.705000000000008242e+01,5.918766439909296651e+01
9.707500000000008811e+01,5.921088435374149128e+01
9.710000000000009379e+01,5.923410430839002316e+01
9.712500000000008527e+01,5.925732426303854794e+01
9.715000000000009095e+01,5.928054421768707272e+01
9.717500000000008242e+01,5.930376417233559749e+01
9.720000000000008811e+01,5.932698412698411516e+01
9.722500000000009379e+01,5.935020408163263994e+01
9.725000000000008527e+01,5.937342403628117893e+01
9.727500000000009095e+01,5.939664399092971081e+01
9.730000000000008242e+01,5.941986394557823559e+01
9.732500000000008811e+01,5.944308390022675326e+01
9.735000000000009379e+01,5.946630385487527803e+01
9.737500000000008527e+01,5.948952380952380281e+01
9.740000000000009095e+01,5.951274376417232759e+01
9.742500000000008242e+01,5.953596371882085236e+01
9.745000000000008811e+01,5.955918367346938425e+01
9.747500000000009379e+01,5.958240362811790902e+01
9.750000000000008527e+01,5.960562358276644090e+01
9.752500000000009095e+01,5.962884353741496568e+01
9.755000000000008242e+01,5.965206349206349046e+01
9.757500000000008811e+01,5.967528344671200813e+01
9.760000000000009379e+01,5.969850340136053291e+01
9.762500000000008527e+01,5.972172335600906479e+01
9.765000000000009095e+01,5.974494331065758956e+01
9.767500000000008242e+01,5.976816326530612145e+01
9.770000000000008811e+01,5.979138321995464622e+01
9.772500000000009379e+01,5.981460317460317100e+01
9.775000000000008527e+01,5.983782312925169578e+01
9.777500000000009095e+01,5.986104308390022055e+01
9.780000000000008242e+01,5.988426303854875243e+01
9.782500000000008811e+01,5.990748299319727721e+01
9.785000000000009379e+01,5.993070294784580909e+01
9.787500000000008527e+01,5.995392290249433387e+01
9.790000000000009095e+01,5.997714285714285865e+01
9.792500000000008242e+01,6.000036281179138342e+01
9.795000000000008811e+01,6.002358276643990109e+01
9.797500000000009379e+01,6.004680272108842587e+01
9.800000000000008527e+01,6.007002267573695065e+01
9.802500000000009095e+01,6.009324263038548253e+01
9.805000000000008242e+01,6.011646258503400730e+01
9.807500000000008811e+01,6.013968253968253919e+01
9.810000000000009379e+01,6.016290249433106396e+01
9.812500000000008527e+01,6.018354245401864233e+01
9.815000000000009095e+01,6.020160241874526719e+01
9.817500000000008242e+01,6.021708238851095985e+01
9.820000000000008811e+01,6.022998236331569188e+01
9.822500000000009379e+01,6.024030234315948462e+01
9.825000000000008527e+01,6.024804232804232385e+01
9.827500000000009095e+01,6.025320231796421666e+01
9.830000000000008242e+01,6.025578231292516307e+01
9.832500000000008811e+01,6.025578231292516307e+01
9.835000000000009379e+01,6.025578231292516307e+01
9.837500000000008527e+01,6.025578231292516307e+01
9.840000000000009095e+01,6.025578231292516307e+01
9.842500000000008242e+01,6.025578231292516307e+01
9.845000000000008811e+01,6.025578231292516307e+01
9.847500000000009379e+01,6.025578231292516307e+01
9.850000000000008527e+01,6.025578231292516307e+01
9.852500000000009095e+01,6.025578231292516307e+01
9.855000000000008242e+01,6.025578231292516307e+01
9.857500000000008811e+01,6.025578231292516307e+01
9.860000000000009379e+01,6.025578231292516307e+01
9.862500000000008527e+01,6.025578231292516307e+01
9.865000000000009095e+01,6.025578231292516307e+01
9.867500000000008242e+01,6.025578231292516307e+01
9.870000000000008811e+01,6.025578231292516307e+01
9.872500000000009379e+01,6.025578231292516307e+01
9.875000000000008527e+01,6.025836230788610948e+01
9.877500000000009095e+01,6.026352229780800229e+01
9.880000000000008242e+01,6.027126228269084152e+01
9.882500000000008811e+01,6.028158226253463425e+01
9.885000000000009379e+01,6.029448223733937340e+01
9.887500000000008527e+01,6.030996220710505895e+01
9.890000000000009095e+01,6.032802217183169091e+01
9.892500000000008242e+01,6.034866213151926928e+01
9.895000000000008811e+01,6.037188208616779406e+01
9.897500000000009379e+01,6.039510204081631883e+01
9.900000000000008527e+01,6.041574200050389720e+01
9.902500000000009095e+01,6.043380196523052206e+01
9.905000000000008242e+01,6.044928193499620761e+01
9.907500000000008811e+01,6.046218190980093965e+01
9.910000000000009379e+01,6.047250188964473239e+01
9.912500000000008527e+01,6.048024187452757161e+01
9.915000000000009095e+01,6.048540186444947153e+01
9.917500000000008242e+01,6.048798185941041794e+01
9.920000000000008811e+01,6.048798185941041794e+01
9.922500000000009379e+01,6.048798185941041794e+01
9.925000000000008527e+01,6.048798185941041794e+01
9.927500000000009095e+01,6.049056185437136435e+01
9.930000000000008242e+01,6.049572184429327137e+01
9.932500000000008811e+01,6.050346182917611060e+01
9.935000000000009379e+01,6.051378180901991044e+01
9.937500000000008527e+01,6.052668178382464248e+01
9.940000000000009095e+01,6.054216175359032093e+01
9.942500000000008242e+01,6.055764172335599937e+01
9.945000000000008811e+01,6.057312169312168493e+01
9.947500000000009379e+01,6.058860166288737048e+01
9.950000000000008527e+01,6.060150163769210963e+01
9.952500000000009095e+01,6.061182161753589526e+01
9.955000000000008242e+01,6.061956160241873448e+01
9.957500000000008811e+01,6.062730158730157370e+01
9.960000000000009379e+01,6.063504157218442003e+01
9.962500000000008527e+01,6.064278155706726636e+01
9.965000000000009095e+01,6.065310153691105910e+01
9.967500000000008242e+01,6.066600151171579824e+01
9.970000000000008811e+01,6.068148148148148380e+01
9.972500000000009379e+01,6.069954144620811576e+01
9.975000000000008527e+01,6.072018140589568702e+01
9.977500000000009095e+01,6.074340136054421180e+01
9.980000000000009663e+01,6.076662131519273657e+01
9.982500000000008811e+01,6.078984126984126846e+01
9.985000000000009379e+01,6.081306122448979323e+01
9.987500000000008527e+01,6.083628117913832511e+01
9.990000000000009095e+01,6.085950113378684989e+01
9.992500000000009663e+01,6.088272108843537467e+01
9.995000000000008811e+01,6.090594104308389234e+01
9.997500000000009379e+01,6.092916099773241712e+01
1.000000000000000853e+02,6.095238095238094900e+01
1.000250000000000909e+02,6.097560090702947377e+01
1.000500000000000966e+02,6.099882086167800566e+01
1.000750000000000881e+02,6.102204081632653043e+01
1.001000000000000938e+02,6.104526077097505521e+01
1.001250000000000853e+02,6.106848072562357999e+01
1.001500000000000909e+02,6.109170068027209766e+01
1.001750000000000966e+02,6.111492063492062243e+01
1.002000000000000881e+02,6.113814058956915432e+01
1.002250000000000938e+02,6.116136054421768620e+01
1.002500000000000853e+02,6.118458049886621097e+01
1.002750000000000909e+02,6.120780045351473575e+01
1.003000000000000966e+02,6.123102040816326053e+01
1.003250000000000881e+02,6.125424036281178530e+01
1.003500000000000938e+02,6.127746031746031008e+01
1.003750000000000853e+02,6.130068027210883486e+01
1.004000000000000909e+02,6.132390022675736674e+01
1.004250000000000966e+02,6.134454018644494511e+01
1.004500000000000881e+02,6.136260015117158417e+01
1.004750000000000938e+02,6.137808012093726973e+01
1.005000000000000853e+02,6.139098009574200887e+01
1.005250000000000909e+02,6.140130007558579450e+01
1.005500000000000966e+02,6.140904006046864083e+01
1.005750000000000881e+02,6.141420005039053365e+01
1.006000000000000938e+02,6.141678004535148006e+01
1.006250000000000853e+02,6.141678004535148006e+01
1.006500000000000909e+02,6.141678004535148006e+01
1.006750000000000966e+02,6.141678004535148006e+01
1.007000000000000881e+02,6.141678004535148006e+01
1.007250000000000938e+02,6.141678004535148006e+01
1.007500000000000853e+02,6.141678004535148006e+01
1.007750000000000909e+02,6.141678004535148006e+01
1.008000000000000966e+02,6.141678004535148006e+01
1.008250000000000881e+02,6.141678004535148006e+01
1.008500000000000938e+02,6.141678004535148006e+01
1.008750000000000853e+02,6.141678004535148006e+01
1.009000000000000909e+02,6.141678004535148006e+01
1.009250000000000966e+02,6.141678004535148006e+01
1.009500000000000881e+02,6.141678004535148006e+01
1.009750000000000938e+02,6.141678004535148006e+01
1.010000000000000853e+02,6.141678004535148006e+01
1.010250000000000909e+02,6.141678004535148006e+01
1.010500000000000966e+02,6.141678004535148006e+01
1.010750000000000881e+02,6.141678004535148006e+01
1.011000000000000938e+02,6.141678004535148006e+01
1.011250000000000853e+02,6.141678004535148006e+01
1.011500000000000909e+02,6.141678004535148006e+01
1.011750000000000966e+02,6.141678004535148006e+01
1.012000000000000881e+02,6.141678004535148006e+01
1.012250000000000938e+02,6.141678004535148006e+01
1.012500000000000853e+02,6.141936004031242646e+01
1.012750000000000909e+02,6.142452003023431928e+01
1.013000000000000966e+02,6.143226001511715850e+01
1.013250000000000881e+02,6.144257999496094413e+01
1.013500000000000938e+02,6.145547996976567617e+01
1.013750000000000853e+02,6.147095993953136173e+01
1.014000000000000909e+02,6.148901990425798658e+01
1.014250000000000966e+02,6.150965986394557206e+01
1.014500000000000881e+02,6.153287981859410394e+01
1.014750000000000938e+02,6.155609977324262871e+01
1.015000000000000853e+02,6.157931972789115349e+01
1.015250000000000909e+02,6.160253968253967827e+01
1.015500000000000966e+02,6.162575963718820304e+01
1.015750000000000881e+02,6.164897959183673493e+01
1.016000000000000938e+02,6.167219954648525970e+01
1.016250000000000853e+02,6.169541950113379158e+01
1.016500000000000909e+02,6.171863945578231636e+01
1.016750000000000966e+02,6.174185941043083403e+01
1.017000000000000881e+02,6.176507936507935881e+01
1.017250000000000938e+02,6.178829931972788359e+01
1.017500000000000853e+02,6.181151927437640836e+01
1.017750000000000909e+02,6.183473922902493314e+01
1.018000000000000966e+02,6.185795918367346502e+01
1.018250000000000881e+02,6.188117913832198980e+01
1.018500000000000938e+02,6.190439909297052168e+01
1.018750000000000853e+02,6.192761904761904646e+01
1.019000000000000909e+02,6.195083900226757123e+01
1.019250000000000966e+02,6.197405895691608890e+01
1.019500000000000881e+02,6.199727891156462078e+01
1.019750000000000938e+02,6.202049886621314556e+01
1.020000000000000853e+02,6.204371882086167744e+01
1.020250000000000909e+02,6.206693877551020222e+01
1.020500000000000966e+02,6.209015873015872700e+01
1.020750000000000881e+02,6.211079868984630536e+01
1.021000000000000938e+02,6.212885865457293733e+01
1.021250000000000853e+02,6.214433862433862288e+01
1.021500000000000909e+02,6.215723859914336202e+01
1.021750000000000966e+02,6.216755857898715476e+01
1.022000000000000881e+02,6.217529856386998688e+01
1.022250000000000938e+02,6.218303854875283321e+01
1.022500000000000853e+02,6.219077853363567243e+01
1.022750000000000909e+02,6.219851851851851166e+01
1.023000000000000966e+02,6.220883849836229729e+01
1.023250000000000881e+02,6.222173847316703643e+01
1.023500000000000938e+02,6.223721844293272198e+01
1.023750000000000853e+02,6.225527840765935395e+01
1.024000000000000909e+02,6.227591836734693942e+01
1.024250000000000966e+02,6.229913832199546420e+01
1.024500000000000881e+02,6.232235827664398187e+01
1.024750000000000938e+02,6.234557823129250664e+01
1.025000000000000853e+02,6.236879818594103142e+01
1.025250000000000909e+02,6.239201814058956330e+01
1.025500000000000966e+02,6.241523809523808808e+01
1.025750000000000881e+02,6.243845804988661996e+01
1.026000000000000938e+02,6.246167800453514474e+01
1.026250000000000853e+02,6.248489795918366951e+01
1.026500000000000909e+02,6.250811791383219429e+01
1.026750000000000966e+02,6.253133786848071907e+01
1.027000000000000881e+02,6.255455782312925095e+01
1.027250000000000938e+02,6.257777777777777573e+01
1.027500000000000853e+02,6.260099773242630761e+01
1.027750000000000909e+02,6.262421768707483238e+01
1.028000000000000966e+02,6.264743764172335005e+01
1.028250000000000881e+02,6.267065759637187483e+01
1.028500000000000938e+02,6.269387755102039961e+01
1.028750000000000853e+02,6.271709750566893149e+01
1.029000000000000909e+02,6.274031746031745627e+01
1.029250000000000966e+02,6.276353741496598815e+01
1.029500000000000881e+02,6.278675736961451292e+01
1.029750000000000938e+02,6.280997732426303770e+01
1.030000000000000853e+02,6.283319727891156248e+01
1.030250000000000909e+02,6.285641723356008015e+01
1.030500000000000966e+02,6.287963718820860493e+01
1.030750000000000881e+02,6.290285714285713681e+01
1.031000000000000938e+02,6.292607709750566869e+01
1.031250000000000995e+02,6.294929705215419347e+01
1.031500000000000909e+02,6.297251700680271824e+01
1.031750000000000966e+02,6.299573696145124302e+01
1.032000000000000881e+02,6.301895691609976780e+01
1.032250000000000938e+02,6.303959687578734616e+01
1.032500000000000995e+02,6.305765684051397812e+01
1.032750000000000909e+02,6.307313681027966368e+01
1.033000000000000966e+02,6.308603678508439572e+01
1.033250000000000881e+02,6.309635676492818135e+01
1.033500000000000938e+02,6.310409674981102057e+01
1.033750000000000995e+02,6.310925673973291339e+01
1.034000000000000909e+02,6.311183673469386690e+01
1.034250000000000966e+02,6.311183673469386690e+01
1.034500000000000881e+02,6.311183673469386690e+01
1.034750000000000938e+02,6.311183673469386690e+01
1.035000000000000995e+02,6.311183673469386690e+01
1.035250000000000909e+02,6.311183673469386690e+01
1.035500000000000966e+02,6.311183673469386690e+01
1.035750000000000881e+02,6.311183673469386690e+01
1.036000000000000938e+02,6.311183673469386690e+01
1.036250000000000995e+02,6.311183673469386690e+01
1.036500000000000909e+02,6.311183673469386690e+01
1.036750000000000966e+02,6.311183673469386690e+01
1.037000000000000881e+02,6.311183673469386690e+01
1.037250000000000938e+02,6.311183673469386690e+01
1.037500000000000995e+02,6.311183673469386690e+01
1.037750000000000909e+02,6.311183673469386690e+01
1.038000000000000966e+02,6.311183673469386690e+01
1.038250000000000881e+02,6.311183673469386690e+01
1.038500000000000938e+02,6.311183673469386690e+01
1.038750000000000995e+02,6.311183673469386690e+01
1.039000000000000909e+02,6.311183673469386690e+01
1.039250000000000966e+02,6.311183673469386690e+01
1.039500000000000881e+02,6.311183673469386690e+01
1.039750000000000938e+02,6.311183673469386690e+01
1.040000000000000995e+02,6.311183673469386690e+01
1.040250000000000909e+02,6.311183673469386690e+01
1.040500000000000966e+02,6.311183673469386690e+01
1.040750000000000881e+02,6.311183673469386690e+01
1.041000000000000938e+02,6.311183673469386690e+01
1.041250000000000995e+02,6.311183673469386690e+01
1.041500000000000909e+02,6.311183673469386690e+01
1.041750000000000966e+02,6.311183673469386690e+01
1.042000000000000881e+02,6.311183673469386690e+01
1.042250000000000938e+02,6.311183673469386690e+01
1.042500000000000995e+02,6.311183673469386690e+01
1.042750000000000909e+02,6.311441672965481331e+01
1.043000000000000966e+02,6.311957671957671323e+01
1.043250000000000881e+02,6.312731670445955245e+01
1.043500000000000938e+02,6.313763668430335230e+01
1.043750000000000995e+02,6.315053665910808434e+01
1.044000000000000909e+02,6.316601662887377699e+01
1.044250000000000966e+02,6.318407659360040185e+01
1.044500000000000881e+02,6.320471655328797311e+01
1.044750000000000938e+02,6.322793650793649789e+01
1.045000000000000995e+02,6.325115646258502977e+01
1.045250000000000909e+02,6.327437641723355455e+01
1.045500000000000966e+02,6.329759637188208643e+01
1.045750000000000881e+02,6.331823633156966480e+01
1.046000000000000938e+02,6.333629629629629676e+01
1.046250000000000995e+02,6.335177626606198231e+01
1.046500000000000909e+02,6.336467624086671435e+01
1.046750000000000966e+02,6.337499622071050709e+01
1.047000000000000881e+02,6.338273620559335342e+01
1.047250000000000938e+02,6.339047619047619264e+01
1.047500000000000995e+02,6.339821617535903187e+01
1.047750000000000909e+02,6.340595616024187109e+01
1.048000000000000966e+02,6.341627614008565672e+01
1.048250000000000881e+02,6.342917611489039587e+01
1.048500000000000938e+02,6.344465608465608852e+01
1.048750000000000995e+02,6.346271604938271338e+01
1.049000000000000909e+02,6.348335600907029885e+01
1.049250000000000966e+02,6.350657596371881652e+01
1.049500000000000881e+02,6.352979591836734130e+01
1.049750000000000938e+02,6.355301587301586608e+01
1.050000000000000995e+02,6.357623582766439085e+01
1.050250000000000909e+02,6.359945578231291563e+01
1.050500000000000966e+02,6.362267573696144751e+01
1.050750000000000881e+02,6.364589569160997229e+01
1.051000000000000938e+02,6.366911564625850417e+01
1.051250000000000995e+02,6.368975560594608254e+01
1.051500000000000909e+02,6.370781557067271450e+01
1.051750000000000966e+02,6.372329554043839295e+01
1.052000000000000881e+02,6.373619551524313209e+01
1.052250000000000938e+02,6.374651549508692483e+01
1.052500000000000995e+02,6.375425547996977116e+01
1.052750000000000909e+02,6.375941546989166397e+01
1.053000000000000966e+02,6.376199546485261038e+01
1.053250000000000881e+02,6.376457545981355679e+01
1.053500000000000938e+02,6.376973544973544961e+01
1.053750000000000995e+02,6.377747543461828883e+01
1.054000000000000909e+02,6.378779541446207446e+01
1.054250000000000966e+02,6.380069538926681361e+01
1.054500000000000881e+02,6.381617535903249916e+01
1.054750000000000938e+02,6.383165532879818471e+01
1.055000000000000995e+02,6.384713529856387026e+01
1.055250000000000909e+02,6.386261526832955582e+01
1.055500000000000966e+02,6.387551524313429496e+01
1.055750000000000881e+02,6.388583522297808770e+01
1.056000000000000938e+02,6.389357520786093403e+01
1.056250000000000995e+02,6.389873519778282684e+01
1.056500000000000909e+02,6.390131519274377325e+01
1.056750000000000966e+02,6.390131519274377325e+01
1.057000000000000881e+02,6.390389518770471966e+01
1.057250000000000938e+02,6.390905517762661248e+01
1.057500000000000995e+02,6.391679516250945170e+01
1.057750000000000909e+02,6.392711514235323733e+01
1.058000000000000966e+02,6.394001511715796937e+01
1.058250000000000881e+02,6.395549508692365492e+01
1.058500000000000938e+02,6.397355505165030110e+01
1.058750000000000995e+02,6.399419501133787946e+01
1.059000000000000909e+02,6.401741496598640424e+01
1.059250000000000966e+02,6.404063492063491481e+01
1.059500000000000881e+02,6.406385487528345379e+01
1.059750000000000938e+02,6.408707482993197857e+01
1.060000000000000995e+02,6.411029478458050335e+01
1.060250000000000909e+02,6.413351473922901391e+01
1.060500000000000966e+02,6.415673469387753869e+01
1.060750000000000881e+02,6.417995464852606347e+01
1.061000000000000938e+02,6.420317460317460245e+01
1.061250000000000995e+02,6.422639455782312723e+01
1.061500000000000909e+02,6.424961451247165201e+01
1.061750000000000966e+02,6.427283446712017678e+01
1.062000000000001023e+02,6.429605442176870156e+01
1.062250000000000938e+02,6.431927437641722634e+01
1.062500000000000995e+02,6.434249433106575111e+01
1.062750000000000909e+02,6.436571428571429010e+01
1.063000000000000966e+02,6.438893424036281488e+01
1.063250000000001023e+02,6.441215419501133965e+01
1.063500000000000938e+02,6.443537414965986443e+01
1.063750000000000995e+02,6.445859410430838921e+01
1.064000000000000909e+02,6.448181405895691398e+01
1.064250000000000966e+02,6.450503401360543876e+01
1.064500000000001023e+02,6.452825396825396354e+01
1.064750000000000938e+02,6.455147392290248831e+01
1.065000000000000995e+02,6.457469387755102730e+01
1.065250000000000909e+02,6.459791383219953786e+01
1.065500000000000966e+02,6.462113378684807685e+01
1.065750000000001023e+02,6.464435374149660163e+01
1.066000000000000938e+02,6.466757369614511219e+01
1.066250000000000995e+02,6.469079365079363697e+01
1.066500000000000909e+02,6.471401360544216175e+01
1.066750000000000966e+02,6.473723356009070073e+01
1.067000000000001023e+02,6.475787351977828621e+01
1.067250000000000938e+02,6.477593348450491817e+01
1.067500000000000995e+02,6.479141345427058241e+01
1.067750000000000909e+02,6.480431342907533576e+01
1.068000000000000966e+02,6.481463340891912139e+01
1.068250000000001023e+02,6.482237339380196772e+01
1.068500000000000938e+02,6.482753338372386054e+01
1.068750000000000995e+02,6.483011337868481405e+01
1.069000000000000909e+02,6.483011337868481405e+01
1.069250000000000966e+02,6.483011337868481405e+01
1.069500000000001023e+02,6.483011337868481405e+01
1.069750000000000938e+02,6.483011337868481405e+01
1.070000000000000995e+02,6.483011337868481405e+01
1.070250000000000909e+02,6.483011337868481405e+01
1.070500000000000966e+02,6.483011337868481405e+01
1.070750000000001023e+02,6.483011337868481405e+01
1.071000000000000938e+02,6.483011337868481405e+01
1.071250000000000995e+02,6.483011337868481405e+01
1.071500000000000909e+02,6.483011337868481405e+01
1.071750000000000966e+02,6.483011337868481405e+01
1.072000000000001023e+02,6.483011337868481405e+01
1.072250000000000938e+02,6.483011337868481405e+01
1.072500000000000995e+02,6.483011337868481405e+01
1.072750000000000909e+02,6.483011337868481405e+01
1.073000000000000966e+02,6.483011337868481405e+01
1.073250000000001023e+02,6.483011337868481405e+01
1.073500000000000938e+02,6.483011337868481405e+01
1.073750000000000995e+02,6.483011337868481405e+01
1.074000000000000909e+02,6.483011337868481405e+01
1.074250000000000966e+02,6.483011337868481405e+01
1.074500000000001023e+02,6.483011337868481405e+01
1.074750000000000938e+02,6.483011337868481405e+01
1.075000000000000995e+02,6.483011337868481405e+01
1.075250000000000909e+02,6.483011337868481405e+01
1.075500000000000966e+02,6.483011337868481405e+01
1.075750000000001023e+02,6.483011337868481405e+01
1.076000000000000938e+02,6.483011337868481405e+01
1.076250000000000995e+02,6.483011337868481405e+01
1.076500000000000909e+02,6.483269337364575335e+01
1.076750000000000966e+02,6.483785336356764617e+01
1.077000000000001023e+02,6.484559334845049250e+01
1.077250000000000938e+02,6.485591332829427813e+01
1.077500000000000995e+02,6.486881330309900306e+01
1.077750000000000909e+02,6.488429327286469572e+01
1.078000000000000966e+02,6.490235323759132768e+01
1.078250000000001023e+02,6.492299319727891316e+01
1.078500000000000938e+02,6.494621315192743793e+01
1.078750000000000995e+02,6.496943310657596271e+01
1.079000000000000909e+02,6.499265306122448749e+01
1.079250000000000966e+02,6.501587301587301226e+01
1.079500000000001023e+02,6.503909297052153704e+01
1.079750000000000938e+02,6.505973293020912251e+01
1.080000000000000995e+02,6.507779289493575448e+01
1.080250000000000909e+02,6.509327286470143292e+01
1.080500000000000966e+02,6.510617283950617207e+01
1.080750000000001023e+02,6.511649281934997191e+01
1.081000000000000938e+02,6.512423280423281824e+01
1.081250000000000995e+02,6.512939279415471105e+01
1.081500000000000909e+02,6.513197278911565036e+01
1.081750000000000966e+02,6.513197278911565036e+01
1.082000000000001023e+02,6.513455278407660387e+01
1.082250000000000938e+02,6.513971277399849669e+01
1.082500000000000995e+02,6.514745275888134302e+01
1.082750000000000909e+02,6.515777273872512865e+01
1.083000000000000966e+02,6.517067271352985358e+01
1.083250000000001023e+02,6.518615268329553203e+01
1.083500000000000938e+02,6.520421264802216399e+01
1.083750000000000995e+02,6.522485260770973525e+01
1.084000000000000909e+02,6.524807256235826003e+01
1.084250000000000966e+02,6.527129251700679902e+01
1.084500000000001023e+02,6.529451247165532379e+01
1.084750000000000938e+02,6.531515243134290927e+01
1.085000000000000995e+02,6.533321239606954123e+01
1.085250000000000909e+02,6.534869236583521968e+01
1.085500000000000966e+02,6.536159234063995882e+01
1.085750000000001023e+02,6.537191232048374445e+01
1.086000000000000938e+02,6.537965230536659078e+01
1.086250000000000995e+02,6.538481229528848360e+01
1.086500000000000909e+02,6.538739229024943711e+01
1.086750000000000966e+02,6.538739229024943711e+01
1.087000000000001023e+02,6.538739229024943711e+01
1.087250000000000938e+02,6.538739229024943711e+01
1.087500000000000995e+02,6.538739229024943711e+01
1.087750000000000909e+02,6.538739229024943711e+01
1.088000000000000966e+02,6.538997228521037641e+01
1.088250000000001023e+02,6.539513227513226923e+01
1.088500000000000938e+02,6.540287226001511556e+01
1.088750000000000995e+02,6.541319223985890119e+01
1.089000000000000909e+02,6.542609221466364033e+01
1.089250000000000966e+02,6.544157218442933299e+01
1.089500000000001023e+02,6.545963214915596495e+01
1.089750000000000938e+02,6.548027210884353622e+01
1.090000000000000995e+02,6.550349206349206099e+01
1.090250000000000909e+02,6.552671201814058577e+01
1.090500000000000966e+02,6.554993197278911055e+01
1.090750000000001023e+02,6.557315192743763532e+01
1.091000000000000938e+02,6.559637188208617431e+01
1.091250000000000995e+02,6.561959183673469909e+01
1.091500000000000909e+02,6.564281179138322386e+01
1.091750000000000966e+02,6.566603174603174864e+01
1.092000000000001023e+02,6.568925170068027342e+01
1.092250000000000938e+02,6.571247165532879819e+01
1.092500000000000995e+02,6.573569160997730876e+01
1.092750000000000909e+02,6.575891156462583353e+01
1.093000000000000966e+02,6.578213151927437252e+01
1.093250000000001023e+02,6.580535147392289730e+01
1.093500000000000938e+02,6.582857142857142208e+01
1.093750000000000995e+02,6.585179138321994685e+01
1.094000000000000909e+02,6.587501133786847163e+01
1.094250000000000966e+02,6.589823129251699640e+01
1.094500000000001023e+02,6.592145124716552118e+01
1.094750000000000938e+02,6.594467120181404596e+01
1.095000000000000995e+02,6.596789115646258495e+01
1.095250000000001052e+02,6.599111111111110972e+01
1.095500000000000966e+02,6.601433106575963450e+01
1.095750000000001023e+02,6.603755102040815927e+01
1.096000000000000938e+02,6.606077097505668405e+01
1.096250000000000995e+02,6.608399092970520883e+01
1.096500000000001052e+02,6.610721088435373360e+01
1.096750000000000966e+02,6.613043083900227259e+01
1.097000000000001023e+02,6.615365079365079737e+01
1.097250000000000938e+02,6.617687074829932214e+01
1.097500000000000995e+02,6.620009070294784692e+01
1.097750000000001052e+02,6.622331065759637170e+01
1.098000000000000966e+02,6.624653061224489647e+01
1.098250000000001023e+02,6.626975056689340704e+01
1.098500000000000938e+02,6.629297052154194603e+01
1.098750000000000995e+02,6.631619047619047080e+01
1.099000000000001052e+02,6.633941043083899558e+01
1.099250000000000966e+02,6.636263038548752036e+01
1.099500000000001023e+02,6.638585034013605934e+01
1.099750000000000938e+02,6.640907029478456991e+01
1.100000000000000995e+02,6.643229024943309469e+01
1.100250000000001052e+02,6.645293020912068016e+01
1.100500000000000966e+02,6.647099017384731212e+01
1.100750000000001023e+02,6.648647014361300478e+01
1.101000000000000938e+02,6.649937011841774392e+01
1.101250000000000995e+02,6.650969009826152956e+01
1.101500000000001052e+02,6.651743008314437589e+01
1.101750000000000966e+02,6.652259007306626870e+01
1.102000000000001023e+02,6.652517006802722221e+01
1.102250000000000938e+02,6.652517006802722221e+01
1.102500000000000995e+02,6.652517006802722221e+01
1.102750000000001052e+02,6.652517006802722221e+01
1.103000000000000966e+02,6.652517006802722221e+01
1.103250000000001023e+02,6.652517006802722221e+01
1.103500000000000938e+02,6.652517006802722221e+01
1.103750000000000995e+02,6.652517006802722221e+01
1.104000000000001052e+02,6.652517006802722221e+01
1.104250000000000966e+02,6.652517006802722221e+01
1.104500000000001023e+02,6.652517006802722221e+01
1.104750000000000938e+02,6.652517006802722221e+01
1.105000000000000995e+02,6.652517006802722221e+01
1.105250000000001052e+02,6.652517006802722221e+01
1.105500000000000966e+02,6.652517006802722221e+01
1.105750000000001023e+02,6.652517006802722221e+01
1.106000000000000938e+02,6.652517006802722221e+01
1.106250000000000995e+02,6.652517006802722221e+01
1.106500000000001052e+02,6.652517006802722221e+01
1.106750000000000966e+02,6.652517006802722221e+01
1.107000000000001023e+02,6.652517006802722221e+01
1.107250000000000938e+02,6.652517006802722221e+01
1.107500000000000995e+02,6.652517006802722221e+01
1.107750000000001052e+02,6.652517006802722221e+01
1.108000000000000966e+02,6.652517006802722221e+01
1.108250000000001023e+02,6.652517006802722221e+01
1.108500000000000938e+02,6.652517006802722221e+01
1.108750000000000995e+02,6.652775006298816152e+01
1.109000000000001052e+02,6.653291005291005433e+01
1.109250000000000966e+02,6.654065003779290066e+01
1.109500000000001023e+02,6.655097001763668629e+01
1.109750000000000938e+02,6.656386999244142544e+01
1.110000000000000995e+02,6.657934996220710389e+01
1.110250000000001052e+02,6.659740992693372164e+01
1.110500000000000966e+02,6.661804988662130711e+01
1.110750000000001023e+02,6.664126984126983189e+01
1.111000000000000938e+02,6.666448979591837087e+01
1.111250000000000995e+02,6.668512975560594214e+01
1.111500000000001052e+02,6.670318972033257410e+01
1.111750000000000966e+02,6.671866969009825254e+01
1.112000000000001023e+02,6.673156966490299169e+01
1.112250000000000938e+02,6.674188964474679153e+01
1.112500000000000995e+02,6.674962962962962365e+01
1.112750000000001052e+02,6.675478961955151647e+01
1.113000000000000966e+02,6.675736961451246998e+01
1.113250000000001023e+02,6.675736961451246998e+01
1.113500000000000938e+02,6.675736961451246998e+01
1.113750000000000995e+02,6.675994960947340928e+01
1.114000000000001052e+02,6.676510959939531631e+01
1.114250000000000966e+02,6.677284958427814843e+01
1.114500000000001023e+02,6.678316956412193406e+01
1.114750000000000938e+02,6.679606953892667320e+01
1.115000000000000995e+02,6.681154950869236586e+01
1.115250000000001052e+02,6.682960947341899782e+01
1.115500000000000966e+02,6.685024943310656909e+01
1.115750000000001023e+02,6.687346938775510807e+01
1.116000000000000938e+02,6.689668934240361864e+01
1.116250000000000995e+02,6.691990929705215763e+01
1.116500000000001052e+02,6.694054925673972889e+01
1.116750000000000966e+02,6.695860922146636085e+01
1.117000000000001023e+02,6.697408919123203930e+01
1.117250000000000938e+02,6.698698916603677844e+01
1.117500000000000995e+02,6.699730914588056407e+01
1.117750000000001052e+02,6.700504913076339619e+01
1.118000000000000966e+02,6.701020912068530322e+01
1.118250000000001023e+02,6.701278911564624252e+01
1.118500000000000938e+02,6.701278911564624252e+01
1.118750000000000995e+02,6.701536911060719603e+01
1.119000000000001052e+02,6.702052910052908885e+01
1.119250000000000966e+02,6.702826908541192097e+01
1.119500000000001023e+02,6.703858906525572081e+01
1.119750000000000938e+02,6.705148904006045996e+01
1.120000000000000995e+02,6.706696900982615261e+01
1.120250000000001052e+02,6.708502897455278458e+01
1.120500000000000966e+02,6.710566893424035584e+01
1.120750000000001023e+02,6.712630889392792710e+01
1.121000000000000938e+02,6.714436885865455906e+01
1.121250000000000995e+02,6.715984882842025172e+01
1.121500000000001052e+02,6.717274880322497665e+01
1.121750000000000966e+02,6.718306878306877650e+01
1.122000000000001023e+02,6.719080876795162283e+01
1.122250000000000938e+02,6.719596875787351564e+01
1.122500000000000995e+02,6.719854875283445494e+01
1.122750000000001052e+02,6.719854875283445494e+01
1.123000000000000966e+02,6.719854875283445494e+01
1.123250000000001023e+02,6.719854875283445494e+01
1.123500000000000938e+02,6.719854875283445494e+01
1.123750000000000995e+02,6.719854875283445494e+01
1.124000000000001052e+02,6.719854875283445494e+01
1.124250000000000966e+02,6.719854875283445494e+01
1.124500000000001023e+02,6.719854875283445494e+01
1.124750000000000938e+02,6.719854875283445494e+01
1.125000000000000995e+02,6.719854875283445494e+01
1.125250000000001052e+02,6.719854875283445494e+01
1.125500000000000966e+02,6.719854875283445494e+01
1.125750000000001023e+02,6.719854875283445494e+01
1.126000000000001080e+02,6.719854875283445494e+01
1.126250000000000995e+02,6.719854875283445494e+01
1.126500000000001052e+02,6.719854875283445494e+01
1.126750000000000966e+02,6.719854875283445494e+01
1.127000000000001023e+02,6.719854875283445494e+01
1.127250000000001080e+02,6.719854875283445494e+01
1.127500000000000995e+02,6.719854875283445494e+01
1.127750000000001052e+02,6.719854875283445494e+01
1.128000000000000966e+02,6.719854875283445494e+01
1.128250000000001023e+02,6.720112874779540846e+01
1.128500000000001080e+02,6.720628873771730127e+01
1.128750000000000995e+02,6.721402872260014760e+01
1.129000000000001052e+02,6.722434870244394745e+01
1.129250000000000966e+02,6.723724867724868659e+01
1.129500000000001023e+02,6.725272864701435083e+01
1.129750000000001080e+02,6.727078861174098279e+01
1.130000000000000995e+02,6.729142857142856826e+01
1.130250000000001052e+02,6.731464852607709304e+01
1.130500000000000966e+02,6.733786848072561781e+01
1.130750000000001023e+02,6.736108843537415680e+01
1.131000000000001080e+02,6.738430839002268158e+01
1.131250000000000995e+02,6.740752834467119214e+01
1.131500000000001052e+02,6.743074829931973113e+01
1.131750000000000966e+02,6.745396825396825591e+01
1.132000000000001023e+02,6.747718820861678068e+01
1.132250000000001080e+02,6.750040816326529125e+01
1.132500000000000995e+02,6.752362811791381603e+01
1.132750000000001052e+02,6.754684807256234080e+01
1.133000000000000966e+02,6.757006802721087979e+01
1.133250000000001023e+02,6.759328798185940457e+01
1.133500000000001080e+02,6.761650793650792934e+01
1.133750000000000995e+02,6.763972789115645412e+01
1.134000000000001052e+02,6.766294784580497890e+01
1.134250000000000966e+02,6.768616780045350367e+01
1.134500000000001023e+02,6.770938775510202845e+01
1.134750000000001080e+02,6.773260770975056744e+01
1.135000000000000995e+02,6.775582766439909221e+01
1.135250000000001052e+02,6.777904761904761699e+01
1.135500000000000966e+02,6.780226757369614177e+01
1.135750000000001023e+02,6.782548752834466654e+01
1.136000000000001080e+02,6.784870748299319132e+01
1.136250000000000995e+02,6.787192743764171610e+01
1.136500000000001052e+02,6.789514739229025508e+01
1.136750000000000966e+02,6.791836734693877986e+01
1.137000000000001023e+02,6.794158730158730464e+01
1.137250000000001080e+02,6.796480725623582941e+01
1.137500000000000995e+02,6.798802721088435419e+01
1.137750000000001052e+02,6.801124716553287897e+01
1.138000000000000966e+02,6.803446712018138953e+01
1.138250000000001023e+02,6.805768707482992852e+01
1.138500000000001080e+02,6.808090702947845330e+01
1.138750000000000995e+02,6.810412698412697807e+01
1.139000000000001052e+02,6.812734693877550285e+01
1.139250000000000966e+02,6.815056689342404184e+01
1.139500000000001023e+02,6.817378684807255240e+01
1.139750000000001080e+02,6.819700680272107718e+01
1.140000000000000995e+02,6.822022675736960196e+01
1.140250000000001052e+02,6.824344671201812673e+01
1.140500000000000966e+02,6.826408667170571221e+01
1.140750000000001023e+02,6.828214663643234417e+01
1.141000000000001080e+02,6.829762660619803682e+01
1.141250000000000995e+02,6.831052658100276176e+01
1.141500000000001052e+02,6.832084656084656160e+01
1.141750000000000966e+02,6.832858654572940793e+01
1.142000000000001023e+02,6.833374653565130075e+01
1.142250000000001080e+02,6.833632653061224005e+01
1.142500000000000995e+02,6.833632653061224005e+01
1.142750000000001052e+02,6.833632653061224005e+01
1.143000000000000966e+02,6.833890652557319356e+01
1.143250000000001023e+02,6.834406651549508638e+01
1.143500000000001080e+02,6.835180650037793271e+01
1.143750000000000995e+02,6.836212648022171834e+01
1.144000000000001052e+02,6.837502645502644327e+01
1.144250000000000966e+02,6.839050642479212172e+01
1.144500000000001023e+02,6.840856638951876789e+01
1.144750000000001080e+02,6.842920634920635337e+01
1.145000000000000995e+02,6.845242630385487814e+01
1.145250000000001052e+02,6.847564625850340292e+01
1.145500000000000966e+02,6.849886621315192770e+01
1.145750000000001023e+02,6.852208616780045247e+01
1.146000000000001080e+02,6.854530612244897725e+01
1.146250000000000995e+02,6.856852607709750203e+01
1.146500000000001052e+02,6.859174603174602680e+01
1.146750000000000966e+02,6.861496598639456579e+01
1.147000000000001023e+02,6.863560594608213705e+01
1.147250000000001080e+02,6.865366591080876901e+01
1.147500000000000995e+02,6.866914588057446167e+01
1.147750000000001052e+02,6.868204585537918661e+01
1.148000000000000966e+02,6.869236583522298645e+01
1.148250000000001023e+02,6.870010582010581857e+01
1.148500000000001080e+02,6.870526581002772559e+01
1.148750000000000995e+02,6.871042579994960420e+01
1.149000000000001052e+02,6.871558578987151122e+01
1.149250000000000966e+02,6.872332577475434334e+01
1.149500000000001023e+02,6.873364575459812897e+01
1.149750000000001080e+02,6.874654572940286812e+01
1.150000000000000995e+02,6.876202569916854657e+01
1.150250000000001052e+02,6.878008566389517853e+01
1.150500000000000966e+02,6.880072562358276400e+01
1.150750000000001023e+02,6.882394557823128878e+01
1.151000000000001080e+02,6.884716553287981355e+01
1.151250000000000995e+02,6.887038548752833833e+01
1.151500000000001052e+02,6.889360544217686311e+01
1.151750000000000966e+02,6.891682539682538788e+01
1.152000000000001023e+02,6.894004535147391266e+01
1.152250000000001080e+02,6.896326530612245165e+01
1.152500000000000995e+02,6.898390526581002291e+01
1.152750000000001052e+02,6.900196523053665487e+01
1.153000000000000966e+02,6.901744520030233332e+01
1.153250000000001023e+02,6.903034517510707246e+01
1.153500000000001080e+02,6.904066515495087231e+01
1.153750000000000995e+02,6.904840513983370442e+01
1.154000000000001052e+02,6.905356512975559724e+01
1.154250000000000966e+02,6.905614512471655075e+01
1.154500000000001023e+02,6.905614512471655075e+01
1.154750000000001080e+02,6.905614512471655075e+01
1.155000000000000995e+02,6.905614512471655075e+01
1.155250000000001052e+02,6.905614512471655075e+01
1.155500000000000966e+02,6.905614512471655075e+01
1.155750000000001023e+02,6.905614512471655075e+01
1.156000000000001080e+02,6.905614512471655075e+01
1.156250000000000995e+02,6.905872511967749006e+01
1.156500000000001052e+02,6.906388510959939708e+01
1.156750000000000966e+02,6.907162509448222920e+01
1.157000000000001023e+02,6.908194507432601483e+01
1.157250000000001080e+02,6.909484504913075398e+01
1.157500000000000995e+02,6.911032501889644664e+01
1.157750000000001052e+02,6.912838498362307860e+01
1.158000000000000966e+02,6.914902494331066407e+01
1.158250000000001023e+02,6.917224489795918885e+01
1.158500000000001080e+02,6.919546485260771362e+01
1.158750000000000995e+02,6.921868480725623840e+01
1.159000000000001052e+02,6.924190476190476318e+01
1.159250000000001108e+02,6.926512471655327374e+01
1.159500000000001023e+02,6.928834467120179852e+01
1.159750000000001080e+02,6.931156462585033751e+01
1.160000000000000995e+02,6.933478458049886228e+01
1.160250000000001052e+02,6.935800453514738706e+01
1.160500000000001108e+02,6.938122448979591184e+01
1.160750000000001023e+02,6.940444444444443661e+01
1.161000000000001080e+02,6.942766439909296139e+01
1.161250000000000995e+02,6.945088435374148617e+01
1.161500000000001052e+02,6.947410430839001094e+01
1.161750000000001108e+02,6.949732426303854993e+01
1.162000000000001023e+02,6.952054421768707471e+01
1.162250000000001080e+02,6.954376417233559948e+01
1.162500000000000995e+02,6.956698412698412426e+01
1.162750000000001052e+02,6.959020408163264904e+01
1.163000000000001108e+02,6.961342403628117381e+01
1.163250000000001023e+02,6.963664399092969859e+01
1.163500000000001080e+02,6.965986394557823758e+01
1.163750000000000995e+02,6.968308390022676235e+01
1.164000000000001052e+02,6.970630385487528713e+01
1.164250000000001108e+02,6.972952380952381191e+01
1.164500000000001023e+02,6.975274376417233668e+01
1.164750000000001080e+02,6.977596371882086146e+01
1.165000000000000995e+02,6.979918367346937202e+01
1.165250000000001052e+02,6.982240362811789680e+01
1.165500000000001108e+02,6.984562358276642158e+01
1.165750000000001023e+02,6.986884353741496057e+01
1.166000000000001080e+02,6.989206349206348534e+01
1.166250000000000995e+02,6.991528344671201012e+01
1.166500000000001052e+02,6.993850340136053489e+01
1.166750000000001108e+02,6.996172335600905967e+01
1.167000000000001023e+02,6.998494331065758445e+01
1.167250000000001080e+02,7.000816326530610922e+01
1.167500000000000995e+02,7.003138321995464821e+01
1.167750000000001052e+02,7.005460317460317299e+01
1.168000000000001108e+02,7.007782312925169776e+01
1.168250000000001023e+02,7.010104308390022254e+01
1.168500000000001080e+02,7.012426303854874732e+01
1.168750000000000995e+02,7.014748299319727209e+01
1.169000000000001052e+02,7.017070294784579687e+01
1.169250000000001108e+02,7.019392290249433586e+01
1.169500000000001023e+02,7.021714285714286063e+01
1.169750000000001080e+02,7.024036281179138541e+01
1.170000000000000995e+02,7.026358276643991019e+01
1.170250000000001052e+02,7.028680272108843496e+01
1.170500000000001108e+02,7.031002267573695974e+01
1.170750000000001023e+02,7.033324263038547031e+01
1.171000000000001080e+02,7.035646258503400929e+01
1.171250000000000995e+02,7.037968253968253407e+01
1.171500000000001052e+02,7.040290249433105885e+01
1.171750000000001108e+02,7.042612244897958362e+01
1.172000000000001023e+02,7.044934240362812261e+01
1.172250000000001080e+02,7.047256235827663318e+01
1.172500000000000995e+02,7.049578231292515795e+01
1.172750000000001052e+02,7.051642227261274343e+01
1.173000000000001108e+02,7.053706223230031469e+01
1.173250000000001023e+02,7.055770219198790016e+01
1.173500000000001080e+02,7.057834215167548564e+01
1.173750000000000995e+02,7.059898211136307111e+01
1.174000000000001052e+02,7.061962207105064238e+01
1.174250000000001108e+02,7.064026203073821364e+01
1.174500000000001023e+02,7.066090199042578490e+01
1.174750000000001080e+02,7.068154195011337038e+01
1.175000000000000995e+02,7.070476190476189515e+01
1.175250000000001052e+02,7.072798185941043414e+01
1.175500000000001108e+02,7.075120181405895892e+01
1.175750000000001023e+02,7.077442176870748369e+01
1.176000000000001080e+02,7.079764172335600847e+01
1.176250000000000995e+02,7.082086167800453325e+01
1.176500000000001052e+02,7.084408163265305802e+01
1.176750000000001108e+02,7.086730158730158280e+01
1.177000000000001023e+02,7.089052154195010758e+01
1.177250000000001080e+02,7.091374149659864656e+01
1.177500000000000995e+02,7.093696145124715713e+01
1.177750000000001052e+02,7.096018140589568191e+01
1.178000000000001108e+02,7.098340136054422089e+01
1.178250000000001023e+02,7.100662131519274567e+01
1.178500000000001080e+02,7.102984126984125623e+01
1.178750000000000995e+02,7.105306122448978101e+01
1.179000000000001052e+02,7.107628117913830579e+01
1.179250000000001108e+02,7.109950113378684478e+01
1.179500000000001023e+02,7.112272108843536955e+01
1.179750000000001080e+02,7.114594104308389433e+01
1.179750000000001080e+02,7.116916099773241910e+01
1.179750000000001080e+02,7.119238095238094388e+01
1.179750000000001080e+02,7.121560090702946866e+01
1.179750000000001080e+02,7.123882086167799343e+01
1.179750000000001080e+02,7.126204081632653242e+01
1.179750000000001080e+02,7.128526077097505720e+01
1.179750000000001080e+02,7.130848072562358198e+01
1.179750000000001080e+02,7.133170068027210675e+01
1.180000000000000995e+02,7.135492063492063153e+01
1.180250000000001052e+02,7.137814058956915630e+01
1.180500000000001108e+02,7.140136054421768108e+01
1.180750000000001023e+02,7.142458049886622007e+01
1.181000000000001080e+02,7.144780045351474485e+01
1.181250000000000995e+02,7.147102040816326962e+01
1.181500000000001052e+02,7.149424036281179440e+01
1.181750000000001108e+02,7.151746031746031917e+01
1.182000000000001023e+02,7.154068027210884395e+01
1.182250000000001080e+02,7.156390022675735452e+01
1.182500000000000995e+02,7.158712018140587929e+01
1.182750000000001052e+02,7.161034013605441828e+01
1.183000000000001108e+02,7.163356009070294306e+01
1.183250000000001023e+02,7.165678004535146783e+01
1.183500000000001080e+02,7.167999999999999261e+01
1.183750000000000995e+02,7.170321995464851739e+01
1.184000000000001052e+02,7.172643990929704216e+01
1.184250000000001108e+02,7.174965986394556694e+01
1.184500000000001023e+02,7.177287981859409172e+01
1.184750000000001080e+02,7.179609977324263070e+01
1.185000000000000995e+02,7.181931972789115548e+01
1.185250000000001052e+02,7.184253968253968026e+01
1.185500000000001108e+02,7.186575963718820503e+01
1.185750000000001023e+02,7.188897959183672981e+01
1.186000000000001080e+02,7.191219954648525459e+01
1.186250000000000995e+02,7.193541950113377936e+01
1.186500000000001052e+02,7.195863945578230414e+01
1.186750000000001108e+02,7.198185941043084313e+01
1.187000000000001023e+02,7.200507936507936790e+01
1.187250000000001080e+02,7.202829931972787847e+01
1.187500000000000995e+02,7.205151927437641746e+01
1.187750000000001052e+02,7.207473922902494223e+01
1.188000000000001108e+02,7.209795918367346701e+01
1.188250000000001023e+02,7.212117913832199179e+01
1.188500000000001080e+02,7.214439909297051656e+01
1.188750000000000995e+02,7.216761904761904134e+01
1.189000000000001052e+02,7.219083900226756612e+01
1.189250000000001108e+02,7.221405895691610510e+01
1.189500000000001023e+02,7.223727891156462988e+01
1.189750000000001080e+02,7.226049886621315466e+01
1.189750000000001080e+02,7.228371882086167943e+01
1.189750000000001080e+02,7.230693877551020421e+01
1.189750000000001080e+02,7.233015873015871477e+01
1.189750000000001080e+02,7.235337868480723955e+01
1.189750000000001080e+02,7.237659863945579275e+01
1.189750000000001080e+02,7.239981859410430332e+01
1.189750000000001080e+02,7.242303854875282809e+01
1.189750000000001080e+02,7.244625850340135287e+01
1.189750000000001080e+02,7.246947845804987764e+01
1.189750000000001080e+02,7.249269841269840242e+01
1.189750000000001080e+02,7.251591836734692720e+01
1.189750000000001080e+02,7.253913832199546619e+01
1.189750000000001080e+02,7.256235827664399096e+01
1.189750000000001080e+02,7.258557823129251574e+01
1.189750000000001080e+02,7.260879818594104051e+01
1.189750000000001080e+02,7.263201814058956529e+01
1.189750000000001080e+02,7.265523809523809007e+01
1.189750000000001080e+02,7.267845804988661484e+01
1.189750000000001080e+02,7.270167800453515383e+01
1.189750000000001080e+02,7.272489795918366440e+01
1.189750000000001080e+02,7.274811791383220339e+01
1.189750000000001080e+02,7.277133786848072816e+01
1.189750000000001080e+02,7.279455782312925294e+01
1.189750000000001080e+02,7.281777777777777771e+01
1.189750000000001080e+02,7.284099773242630249e+01
1.189750000000001080e+02,7.286421768707481306e+01
1.189750000000001080e+02,7.288743764172335204e+01
1.189750000000001080e+02,7.291065759637189103e+01
1.189750000000001080e+02,7.293387755102040160e+01
1.189750000000001080e+02,7.295709750566892637e+01
1.189750000000001080e+02,7.298031746031745115e+01
1.189750000000001080e+02,7.300353741496597593e+01
1.189750000000001080e+02,7.302675736961450070e+01
1.189750000000001080e+02,7.304997732426302548e+01
1.189750000000001080e+02,7.307319727891155026e+01
1.189750000000001080e+02,7.309641723356008924e+01
1.189750000000001080e+02,7.311963718820861402e+01
1.189750000000001080e+02,7.314285714285713880e+01
1.189750000000001080e+02,7.316607709750566357e+01
1.189750000000001080e+02,7.318929705215418835e+01
1.189750000000001080e+02,7.321251700680271313e+01
1.189750000000001080e+02,7.323573696145123790e+01
1.189750000000001080e+02,7.325895691609976268e+01
1.189750000000001080e+02,7.328217687074830167e+01
1.189750000000001080e+02,7.330539682539682644e+01
1.189750000000001080e+02,7.332861678004535122e+01
1.189750000000001080e+02,7.335183673469387600e+01
1.189750000000001080e+02,7.337505668934240077e+01
1.189750000000001080e+02,7.339827664399092555e+01
1.189750000000001080e+02,7.342149659863945033e+01
1.189750000000001080e+02,7.344471655328798931e+01
1.189750000000001080e+02,7.346793650793649988e+01
1.189750000000001080e+02,7.349115646258502466e+01
1.189750000000001080e+02,7.351437641723354943e+01
1.189750000000001080e+02,7.353759637188208842e+01
1.190000000000001137e+02,7.356081632653059899e+01
1.190250000000001052e+02,7.358403628117912376e+01
1.190500000000001108e+02,7.360467624086670924e+01
1.190750000000001023e+02,7.362273620559334120e+01
1.191000000000001080e+02,7.363821617535903385e+01
1.191250000000001137e+02,7.365111615016375879e+01
1.191500000000001052e+02,7.366143613000754442e+01
1.191750000000001108e+02,7.366917611489039075e+01
1.192000000000001023e+02,7.367433610481229778e+01
1.192250000000001080e+02,7.367691609977323708e+01
1.192500000000001137e+02,7.367691609977323708e+01
1.192750000000001052e+02,7.367691609977323708e+01
1.193000000000001108e+02,7.367691609977323708e+01
1.193250000000001023e+02,7.367691609977323708e+01
1.193500000000001080e+02,7.367691609977323708e+01
1.193750000000001137e+02,7.367691609977323708e+01
1.194000000000001052e+02,7.367691609977323708e+01
1.194250000000001108e+02,7.367691609977323708e+01
1.194500000000001023e+02,7.367691609977323708e+01
1.194750000000001080e+02,7.367691609977323708e+01
1.195000000000001137e+02,7.367691609977323708e+01
1.195250000000001052e+02,7.367691609977323708e+01
1.195500000000001108e+02,7.367691609977323708e+01
1.195750000000001023e+02,7.367691609977323708e+01
1.196000000000001080e+02,7.367691609977323708e+01
1.196250000000001137e+02,7.367691609977323708e+01
1.196500000000001052e+02,7.367949609473419059e+01
1.196750000000001108e+02,7.368465608465606920e+01
1.197000000000001023e+02,7.369239606953892974e+01
1.197250000000001080e+02,7.370271604938271537e+01
1.197500000000001137e+02,7.371561602418745451e+01
1.197750000000001052e+02,7.373109599395313296e+01
1.198000000000001108e+02,7.374915595867976492e+01
1.198250000000001023e+02,7.376979591836735040e+01
1.198500000000001080e+02,7.379301587301587517e+01
1.198750000000001137e+02,7.381623582766439995e+01
1.199000000000001052e+02,7.383945578231292473e+01
1.199250000000001108e+02,7.386267573696144950e+01
1.199500000000001023e+02,7.388331569664903498e+01
1.199750000000001080e+02,7.390137566137566694e+01
1.200000000000001137e+02,7.391685563114134538e+01
1.200250000000001052e+02,7.392975560594608453e+01
1.200500000000001108e+02,7.394007558578988437e+01
1.200750000000001023e+02,7.394781557067271649e+01
1.201000000000001080e+02,7.395297556059460931e+01
1.201250000000001137e+02,7.395555555555556282e+01
1.201500000000001052e+02,7.395555555555556282e+01
1.201750000000001108e+02,7.395555555555556282e+01
1.202000000000001023e+02,7.395813555051650212e+01
1.202250000000001080e+02,7.396329554043839494e+01
1.202500000000001137e+02,7.397103552532124127e+01
1.202750000000001052e+02,7.398135550516502690e+01
1.203000000000001108e+02,7.399425547996976604e+01
1.203250000000001023e+02,7.400973544973544449e+01
1.203500000000001080e+02,7.402779541446207645e+01
1.203750000000001137e+02,7.404843537414964771e+01
1.204000000000001052e+02,7.407165532879818670e+01
1.204250000000001108e+02,7.409487528344669727e+01
1.204500000000001023e+02,7.411809523809522204e+01
1.204750000000001080e+02,7.414131519274376103e+01
1.205000000000001137e+02,7.416453514739228581e+01
1.205250000000001052e+02,7.418775510204081058e+01
1.205500000000001108e+02,7.421097505668933536e+01
1.205750000000001023e+02,7.423419501133786014e+01
1.206000000000001080e+02,7.425741496598638491e+01
1.206250000000001137e+02,7.428063492063490969e+01
1.206500000000001052e+02,7.430385487528343447e+01
1.206750000000001108e+02,7.432707482993197345e+01
1.207000000000001023e+02,7.435029478458049823e+01
1.207250000000001080e+02,7.437351473922902301e+01
1.207500000000001137e+02,7.439673469387754778e+01
1.207750000000001052e+02,7.441995464852607256e+01
1.208000000000001108e+02,7.444317460317459734e+01
1.208250000000001023e+02,7.446639455782312211e+01
1.208500000000001080e+02,7.448703451751069338e+01
1.208750000000001137e+02,7.450767447719827885e+01
1.209000000000001052e+02,7.452831443688587854e+01
1.209250000000001108e+02,7.454895439657343559e+01
1.209500000000001023e+02,7.456959435626102106e+01
1.209750000000001080e+02,7.459023431594859233e+01
1.210000000000001137e+02,7.461087427563617780e+01
1.210250000000001052e+02,7.463151423532374906e+01
1.210500000000001108e+02,7.465215419501132033e+01
1.210750000000001023e+02,7.467537414965987352e+01
1.211000000000001080e+02,7.469859410430838409e+01
1.211250000000001137e+02,7.472181405895690887e+01
1.211500000000001052e+02,7.474503401360543364e+01
1.211750000000001108e+02,7.476825396825395842e+01
1.212000000000001023e+02,7.478889392794154389e+01
1.212250000000001080e+02,7.480695389266817585e+01
1.212500000000001137e+02,7.482243386243386851e+01
1.212750000000001052e+02,7.483533383723860766e+01
1.213000000000001108e+02,7.484565381708239329e+01
1.213250000000001023e+02,7.485339380196523962e+01
1.213500000000001080e+02,7.485855379188713243e+01
1.213750000000001137e+02,7.486371378180901104e+01
1.214000000000001052e+02,7.486887377173091807e+01
1.214250000000001108e+02,7.487661375661375018e+01
1.214500000000001023e+02,7.488693373645753582e+01
1.214750000000001080e+02,7.489983371126228917e+01
1.215000000000001137e+02,7.491531368102795341e+01
1.215250000000001052e+02,7.493337364575458537e+01
1.215500000000001108e+02,7.495401360544217084e+01
1.215750000000001023e+02,7.497465356512974211e+01
1.216000000000001080e+02,7.499271352985637407e+01
1.216250000000001137e+02,7.500819349962206672e+01
1.216500000000001052e+02,7.502109347442680587e+01
1.216750000000001108e+02,7.503141345427059150e+01
1.217000000000001023e+02,7.503915343915343783e+01
1.217250000000001080e+02,7.504431342907533065e+01
1.217500000000001137e+02,7.504689342403626995e+01
1.217750000000001052e+02,7.504947341899722346e+01
1.218000000000001108e+02,7.505463340891913049e+01
1.218250000000001023e+02,7.506237339380196261e+01
1.218500000000001080e+02,7.507269337364576245e+01
1.218750000000001137e+02,7.508559334845048738e+01
1.219000000000001052e+02,7.510107331821616583e+01
1.219250000000001108e+02,7.511913328294279779e+01
1.219500000000001023e+02,7.513977324263038327e+01
1.219750000000001080e+02,7.516299319727889383e+01
1.220000000000001137e+02,7.518621315192743282e+01
1.220250000000001052e+02,7.520943310657597181e+01
1.220500000000001108e+02,7.523265306122448237e+01
1.220750000000001023e+02,7.525587301587300715e+01
1.221000000000001080e+02,7.527651297556059262e+01
1.221250000000001137e+02,7.529457294028723879e+01
1.221500000000001052e+02,7.531005291005291724e+01
1.221750000000001108e+02,7.532295288485765639e+01
1.222000000000001023e+02,7.533327286470145623e+01
1.222250000000001080e+02,7.534101284958428835e+01
1.222500000000001137e+02,7.534617283950618116e+01
1.222750000000001052e+02,7.534875283446713468e+01
1.223000000000001108e+02,7.534875283446713468e+01
1.223250000000001165e+02,7.534875283446713468e+01
1.223500000000001080e+02,7.534875283446713468e+01
1.223750000000001137e+02,7.534875283446713468e+01
1.224000000000001052e+02,7.535133282942807398e+01
1.224250000000001108e+02,7.535391282438901328e+01
1.224500000000001165e+02,7.535649281934995258e+01
1.224750000000001080e+02,7.535907281431089189e+01
1.225000000000001137e+02,7.536165280927183119e+01
1.225250000000001052e+02,7.536423280423278470e+01
1.225500000000001108e+02,7.536681279919372400e+01
1.225750000000001165e+02,7.536939279415467752e+01
1.226000000000001080e+02,7.537455278407657033e+01
1.226250000000001137e+02,7.537971277399846315e+01
1.226500000000001052e+02,7.538745275888130948e+01
1.226750000000001108e+02,7.539777273872510932e+01
1.227000000000001165e+02,7.541067271352984847e+01
1.227250000000001080e+02,7.542615268329554112e+01
1.227500000000001137e+02,7.544421264802217308e+01
1.227750000000001052e+02,7.546485260770974435e+01
1.228000000000001108e+02,7.548807256235826912e+01
1.228250000000001165e+02,7.551129251700679390e+01
1.228500000000001080e+02,7.553451247165531868e+01
1.228750000000001137e+02,7.555773242630385766e+01
1.229000000000001052e+02,7.558095238095238244e+01
1.229250000000001108e+02,7.560417233560090722e+01
1.229500000000001165e+02,7.562739229024943199e+01
1.229750000000001080e+02,7.564803224993701747e+01
1.230000000000001137e+02,7.566609221466364943e+01
1.230250000000001052e+02,7.568157218442932788e+01
1.230500000000001108e+02,7.569447215923406702e+01
1.230750000000001165e+02,7.570479213907786686e+01
1.231000000000001080e+02,7.571253212396069898e+01
1.231250000000001137e+02,7.571769211388259180e+01
1.231500000000001052e+02,7.572027210884354531e+01
1.231750000000001108e+02,7.572027210884354531e+01
1.232000000000001165e+02,7.572027210884354531e+01
1.232250000000001080e+02,7.572027210884354531e+01
1.232500000000001137e+02,7.572027210884354531e+01
1.232750000000001052e+02,7.572027210884354531e+01
1.233000000000001108e+02,7.572027210884354531e+01
1.233250000000001165e+02,7.572285210380448461e+01
1.233500000000001080e+02,7.572801209372637743e+01
1.233750000000001137e+02,7.573575207860920955e+01
1.234000000000001052e+02,7.574607205845300939e+01
1.234250000000001108e+02,7.575897203325774854e+01
1.234500000000001165e+02,7.577445200302342698e+01
1.234750000000001080e+02,7.579251196775005894e+01
1.235000000000001137e+02,7.581315192743763021e+01
1.235250000000001052e+02,7.583637188208616919e+01
1.235500000000001108e+02,7.585959183673467976e+01
1.235750000000001165e+02,7.588281179138320454e+01
1.236000000000001080e+02,7.590603174603174352e+01
1.236250000000001137e+02,7.592667170571932900e+01
1.236500000000001052e+02,7.594473167044596096e+01
1.236750000000001108e+02,7.596021164021163941e+01
1.237000000000001165e+02,7.597311161501637855e+01
1.237250000000001080e+02,7.598343159486016418e+01
1.237500000000001137e+02,7.599117157974301051e+01
1.237750000000001052e+02,7.599633156966490333e+01
1.238000000000001108e+02,7.599891156462585684e+01
1.238250000000001165e+02,7.599891156462585684e+01
1.238500000000001080e+02,7.599891156462585684e+01
1.238750000000001137e+02,7.600149155958679614e+01
1.239000000000001052e+02,7.600665154950868896e+01
1.239250000000001108e+02,7.601439153439153529e+01
1.239500000000001165e+02,7.602471151423532092e+01
1.239750000000001080e+02,7.603761148904006006e+01
1.240000000000001137e+02,7.605051146384478500e+01
1.240250000000001052e+02,7.606341143864952414e+01
1.240500000000001108e+02,7.607631141345426329e+01
1.240750000000001165e+02,7.608921138825900243e+01
1.241000000000001080e+02,7.609953136810278806e+01
1.241250000000001137e+02,7.610727135298563439e+01
1.241500000000001052e+02,7.611243134290752721e+01
1.241750000000001108e+02,7.611501133786846651e+01
1.242000000000001165e+02,7.611501133786846651e+01
1.242250000000001080e+02,7.611501133786846651e+01
1.242500000000001137e+02,7.611501133786846651e+01
1.242750000000001052e+02,7.611501133786846651e+01
1.243000000000001108e+02,7.611501133786846651e+01
1.243250000000001165e+02,7.611759133282942003e+01
1.243500000000001080e+02,7.612275132275132705e+01
1.243750000000001137e+02,7.613049130763415917e+01
1.244000000000001052e+02,7.614081128747795901e+01
1.244250000000001108e+02,7.615113126732174464e+01
1.244500000000001165e+02,7.616145124716553028e+01
1.244750000000001080e+02,7.617177122700931591e+01
1.245000000000001137e+02,7.618209120685310154e+01
1.245250000000001052e+02,7.619241118669688717e+01
1.245500000000001108e+02,7.620015117157973350e+01
1.245750000000001165e+02,7.620531116150162632e+01
1.246000000000001080e+02,7.620789115646257983e+01
1.246250000000001137e+02,7.620789115646257983e+01
1.246500000000001052e+02,7.620789115646257983e+01
1.246750000000001108e+02,7.621047115142351913e+01
1.247000000000001165e+02,7.621563114134541195e+01
1.247250000000001080e+02,7.622337112622825828e+01
1.247500000000001137e+02,7.623369110607204391e+01
1.247750000000001052e+02,7.624659108087681147e+01
1.248000000000001108e+02,7.626207105064247571e+01
1.248250000000001165e+02,7.628013101536912188e+01
1.248500000000001080e+02,7.630077097505669315e+01
1.248750000000001137e+02,7.632399092970521792e+01
1.249000000000001052e+02,7.634721088435374270e+01
1.249250000000001108e+02,7.637043083900226748e+01
1.249500000000001165e+02,7.639107079868983874e+01
1.249750000000001080e+02,7.640913076341647070e+01
1.250000000000001137e+02,7.642461073318216336e+01
1.250250000000001052e+02,7.643751070798690250e+01
1.250500000000001108e+02,7.644783068783068813e+01
1.250750000000001165e+02,7.645557067271353446e+01
1.251000000000001080e+02,7.646073066263542728e+01
1.251250000000001137e+02,7.646331065759636658e+01
1.251500000000001052e+02,7.646331065759636658e+01
1.251750000000001108e+02,7.646331065759636658e+01
1.252000000000001165e+02,7.646331065759636658e+01
1.252250000000001080e+02,7.646331065759636658e+01
1.252500000000001137e+02,7.646589065255730588e+01
1.252750000000001052e+02,7.647105064247921291e+01
1.253000000000001108e+02,7.647879062736205924e+01
1.253250000000001165e+02,7.648911060720584487e+01
1.253500000000001080e+02,7.650201058201058402e+01
1.253750000000001137e+02,7.651749055177626246e+01
1.254000000000001194e+02,7.653555051650289442e+01
1.254250000000001108e+02,7.655619047619046569e+01
1.254500000000001165e+02,7.657941043083899046e+01
1.254750000000001080e+02,7.660263038548751524e+01
1.255000000000001137e+02,7.662585034013605423e+01
1.255250000000001194e+02,7.664907029478457900e+01
1.255500000000001108e+02,7.667229024943310378e+01
1.255750000000001165e+02,7.669293020912067504e+01
1.256000000000001080e+02,7.671099017384730701e+01
1.256250000000001137e+02,7.672647014361298545e+01
1.256500000000001194e+02,7.673937011841771039e+01
1.256750000000001108e+02,7.674969009826149602e+01
1.257000000000001165e+02,7.675743008314434235e+01
1.257250000000001080e+02,7.676259007306624937e+01
1.257500000000001137e+02,7.676517006802718868e+01
1.257750000000001194e+02,7.676517006802718868e+01
1.258000000000001108e+02,7.676517006802718868e+01
1.258250000000001165e+02,7.676517006802718868e+01
1.258500000000001080e+02,7.676517006802718868e+01
1.258750000000001137e+02,7.676517006802718868e+01
1.259000000000001194e+02,7.676775006298814219e+01
1.259250000000001108e+02,7.677033005794909570e+01
1.259500000000001165e+02,7.677291005291004922e+01
1.259750000000001080e+02,7.677549004787100273e+01
1.260000000000001137e+02,7.677807004283195624e+01
1.260250000000001194e+02,7.678065003779289555e+01
1.260500000000001108e+02,7.678323003275384906e+01
1.260750000000001165e+02,7.678581002771480257e+01
1.261000000000001080e+02,7.678839002267574187e+01
1.261250000000001137e+02,7.679097001763668118e+01
1.261500000000001194e+02,7.679613000755858820e+01
1.261750000000001108e+02,7.680386999244143453e+01
1.262000000000001165e+02,7.681418997228520595e+01
1.262250000000001080e+02,7.682708994708995931e+01
1.262500000000001137e+02,7.684256991685562355e+01
1.262750000000001194e+02,7.686062988158225551e+01
1.263000000000001108e+02,7.688126984126984098e+01
1.263250000000001165e+02,7.690448979591836576e+01
1.263500000000001080e+02,7.692770975056689053e+01
1.263750000000001137e+02,7.695092970521541531e+01
1.264000000000001194e+02,7.697414965986395430e+01
1.264250000000001108e+02,7.699736961451246486e+01
1.264500000000001165e+02,7.702058956916098964e+01
1.264750000000001080e+02,7.704380952380951442e+01
1.265000000000001137e+02,7.706702947845803919e+01
1.265250000000001194e+02,7.709024943310656397e+01
1.265500000000001108e+02,7.711346938775508875e+01
1.265750000000001165e+02,7.713410934744267422e+01
1.266000000000001080e+02,7.715216931216930618e+01
1.266250000000001137e+02,7.716764928193499884e+01
1.266500000000001194e+02,7.718054925673972377e+01
1.266750000000001108e+02,7.719086923658350941e+01
1.267000000000001165e+02,7.719860922146635573e+01
1.267250000000001080e+02,7.720376921138826276e+01
1.267500000000001137e+02,7.720634920634920206e+01
1.267750000000001194e+02,7.720634920634920206e+01
1.268000000000001108e+02,7.720634920634920206e+01
1.268250000000001165e+02,7.720634920634920206e+01
1.268500000000001080e+02,7.720634920634920206e+01
1.268750000000001137e+02,7.720634920634920206e+01
1.269000000000001194e+02,7.720892920131015558e+01
1.269250000000001108e+02,7.721408919123203418e+01
1.269500000000001165e+02,7.722182917611489472e+01
1.269750000000001080e+02,7.723214915595866614e+01
1.270000000000001137e+02,7.724246913580245177e+01
1.270250000000001194e+02,7.725278911564623741e+01
1.270500000000001251e+02,7.726310909549002304e+01
1.270750000000001023e+02,7.727342907533380867e+01
1.271000000000001080e+02,7.728374905517760851e+01
1.271250000000001137e+02,7.729148904006045484e+01
1.271500000000001194e+02,7.729664902998234766e+01
1.271750000000001251e+02,7.729922902494328696e+01
1.272000000000001023e+02,7.729922902494328696e+01
1.272250000000001080e+02,7.729922902494328696e+01
1.272500000000001137e+02,7.729922902494328696e+01
1.272750000000001194e+02,7.730180901990424047e+01
1.273000000000001251e+02,7.730696900982613329e+01
1.273250000000001023e+02,7.731470899470897962e+01
1.273500000000001080e+02,7.732502897455279367e+01
1.273750000000001137e+02,7.733792894935751860e+01
1.274000000000001194e+02,7.735340891912321126e+01
1.274250000000001251e+02,7.737146888384982901e+01
1.274500000000001023e+02,7.739210884353741449e+01
1.274750000000001080e+02,7.741532879818593926e+01
1.275000000000001137e+02,7.743854875283446404e+01
1.275250000000001194e+02,7.746176870748297461e+01
1.275500000000001251e+02,7.748498866213151359e+01
1.275750000000001023e+02,7.750820861678005258e+01
1.276000000000001080e+02,7.753142857142856315e+01
1.276250000000001137e+02,7.755464852607708792e+01
1.276500000000001194e+02,7.757786848072561270e+01
1.276750000000001251e+02,7.759850844041319817e+01
1.277000000000001023e+02,7.761656840513981592e+01
1.277250000000001080e+02,7.763462836986644788e+01
1.277500000000001137e+02,7.765268833459307984e+01
1.277750000000001194e+02,7.767074829931971180e+01
1.278000000000001251e+02,7.768880826404634377e+01
1.278250000000001023e+02,7.770686822877298994e+01
1.278500000000001080e+02,7.772492819349962190e+01
1.278750000000001137e+02,7.774298815822625386e+01
1.279000000000001194e+02,7.776362811791382512e+01
1.279250000000001251e+02,7.778684807256234990e+01
1.279500000000001023e+02,7.781006802721087467e+01
1.279750000000001080e+02,7.783328798185939945e+01
1.280000000000001137e+02,7.785392794154699914e+01
1.280250000000001194e+02,7.787198790627360268e+01
1.280500000000001251e+02,7.788746787603929533e+01
1.280750000000001023e+02,7.790036785084402027e+01
1.281000000000001080e+02,7.791068783068783432e+01
1.281250000000001137e+02,7.791842781557065223e+01
1.281500000000001194e+02,7.792358780549255926e+01
1.281750000000001251e+02,7.792616780045349856e+01
1.282000000000001023e+02,7.792616780045349856e+01
1.282250000000001080e+02,7.792616780045349856e+01
1.282500000000001137e+02,7.792616780045349856e+01
1.282750000000001194e+02,7.792616780045349856e+01
1.283000000000001251e+02,7.792616780045349856e+01
1.283250000000001023e+02,7.792616780045349856e+01
1.283500000000001080e+02,7.792616780045349856e+01
1.283750000000001137e+02,7.792616780045349856e+01
1.284000000000001194e+02,7.792616780045349856e+01
1.284250000000001251e+02,7.792616780045349856e+01
1.284500000000001023e+02,7.792616780045349856e+01
1.284750000000001080e+02,7.792616780045349856e+01
1.285000000000001137e+02,7.792616780045349856e+01
1.285250000000001194e+02,7.792616780045349856e+01
1.285500000000001251e+02,7.792616780045349856e+01
1.285750000000001023e+02,7.792616780045349856e+01
1.286000000000001080e+02,7.792616780045349856e+01
1.286250000000001137e+02,7.792616780045349856e+01
1.286500000000001194e+02,7.792616780045349856e+01
1.286750000000001251e+02,7.792616780045349856e+01
1.287000000000001023e+02,7.792616780045349856e+01
1.287250000000001080e+02,7.792616780045349856e+01
1.287500000000001137e+02,7.792616780045349856e+01
1.287750000000001194e+02,7.792616780045349856e+01
1.288000000000001251e+02,7.792616780045349856e+01
1.288250000000001023e+02,7.792616780045349856e+01
1.288500000000001080e+02,7.792616780045349856e+01
1.288750000000001137e+02,7.792874779541445207e+01
1.289000000000001194e+02,7.793390778533635910e+01
1.289250000000001251e+02,7.794164777021919122e+01
1.289500000000001023e+02,7.795196775006297685e+01
1.289750000000001080e+02,7.796486772486771599e+01
1.290000000000001137e+02,7.798034769463339444e+01
1.290250000000001194e+02,7.799840765936002640e+01
1.290500000000001251e+02,7.801904761904761187e+01
1.290750000000001023e+02,7.804226757369615086e+01
1.291000000000001080e+02,7.806290753338372213e+01
1.291250000000001137e+02,7.808096749811035409e+01
1.291500000000001194e+02,7.809902746283697184e+01
1.291750000000001251e+02,7.811708742756361801e+01
1.292000000000001023e+02,7.813514739229023576e+01
1.292250000000001080e+02,7.815320735701686772e+01
1.292500000000001137e+02,7.817126732174349968e+01
1.292750000000001194e+02,7.818932728647013164e+01
1.293000000000001251e+02,7.820738725119676360e+01
1.293250000000001023e+02,7.822802721088434907e+01
1.293500000000001080e+02,7.825124716553287385e+01
1.293750000000001137e+02,7.827446712018139863e+01
1.294000000000001194e+02,7.829768707482992340e+01
1.294250000000001251e+02,7.832090702947844818e+01
1.294500000000001023e+02,7.834412698412697296e+01
1.294750000000001080e+02,7.836476694381455843e+01
1.295000000000001137e+02,7.838282690854119039e+01
1.295250000000001194e+02,7.839830687830688305e+01
1.295500000000001251e+02,7.841120685311160798e+01
1.295750000000001023e+02,7.842152683295539362e+01
1.296000000000001080e+02,7.842926681783823994e+01
1.296250000000001137e+02,7.843442680776014697e+01
1.296500000000001194e+02,7.843700680272108627e+01
1.296750000000001251e+02,7.843700680272108627e+01
1.297000000000001023e+02,7.843700680272108627e+01
1.297250000000001080e+02,7.843700680272108627e+01
1.297500000000001137e+02,7.843700680272108627e+01
1.297750000000001194e+02,7.843700680272108627e+01
1.298000000000001251e+02,7.843700680272108627e+01
1.298250000000001023e+02,7.843700680272108627e+01
1.298500000000001080e+02,7.843700680272108627e+01
1.298750000000001137e+02,7.843700680272108627e+01
1.299000000000001194e+02,7.843700680272108627e+01
1.299250000000001251e+02,7.843700680272108627e+01
1.299500000000001023e+02,7.843700680272108627e+01
1.299750000000001080e+02,7.843700680272108627e+01
1.300000000000001137e+02,7.843700680272108627e+01
1.300250000000001194e+02,7.843700680272108627e+01
1.300500000000001251e+02,7.843700680272108627e+01
1.300750000000001023e+02,7.843700680272108627e+01
1.301000000000001080e+02,7.843700680272108627e+01
1.301250000000001137e+02,7.843700680272108627e+01
1.301500000000001194e+02,7.843700680272108627e+01
1.301750000000001251e+02,7.843700680272108627e+01
1.302000000000001023e+02,7.843958679768203979e+01
1.302250000000001080e+02,7.844474678760391839e+01
1.302500000000001137e+02,7.845248677248677893e+01
1.302750000000001194e+02,7.846280675233055035e+01
1.303000000000001251e+02,7.847570672713528950e+01
1.303250000000001307e+02,7.849118669690096795e+01
1.303500000000001080e+02,7.850924666162759991e+01
1.303750000000001137e+02,7.852988662131519959e+01
1.304000000000001194e+02,7.855310657596371016e+01
1.304250000000001251e+02,7.857374653565129563e+01
1.304500000000001307e+02,7.859180650037792759e+01
1.304750000000001080e+02,7.860728647014360604e+01
1.305000000000001137e+02,7.862018644494834518e+01
1.305250000000001194e+02,7.863050642479213082e+01
1.305500000000001251e+02,7.863824640967497714e+01
1.305750000000001307e+02,7.864340639959686996e+01
1.306000000000001080e+02,7.864598639455782347e+01
1.306250000000001137e+02,7.864598639455782347e+01
1.306500000000001194e+02,7.864598639455782347e+01
1.306750000000001251e+02,7.864598639455782347e+01
1.307000000000001307e+02,7.864856638951877699e+01
1.307250000000001080e+02,7.865372637944065559e+01
1.307500000000001137e+02,7.866146636432350192e+01
1.307750000000001194e+02,7.867178634416728755e+01
1.308000000000001251e+02,7.868468631897202670e+01
1.308250000000001307e+02,7.870016628873770514e+01
1.308500000000001080e+02,7.871822625346433711e+01
1.308750000000001137e+02,7.873886621315193679e+01
1.309000000000001194e+02,7.876208616780044736e+01
1.309250000000001251e+02,7.878530612244897213e+01
1.309500000000001307e+02,7.880852607709749691e+01
1.309750000000001080e+02,7.883174603174602169e+01
1.310000000000001137e+02,7.885496598639454646e+01
1.310250000000001194e+02,7.887818594104307124e+01
1.310500000000001251e+02,7.890140589569159602e+01
1.310750000000001307e+02,7.892462585034013500e+01
1.311000000000001080e+02,7.894784580498865978e+01
1.311250000000001137e+02,7.897106575963718456e+01
1.311500000000001194e+02,7.899428571428570933e+01
1.311750000000001251e+02,7.901492567397329481e+01
1.312000000000001307e+02,7.903298563869992677e+01
1.312250000000001080e+02,7.904846560846560521e+01
1.312500000000001137e+02,7.906136558327034436e+01
1.312750000000001194e+02,7.907168556311414420e+01
1.313000000000001251e+02,7.907942554799699053e+01
1.313250000000001307e+02,7.908458553791888335e+01
1.313500000000001080e+02,7.908716553287982265e+01
1.313750000000001137e+02,7.908716553287982265e+01
1.314000000000001194e+02,7.908716553287982265e+01
1.314250000000001251e+02,7.908716553287982265e+01
1.314500000000001307e+02,7.908716553287982265e+01
1.314750000000001080e+02,7.908716553287982265e+01
1.315000000000001137e+02,7.908716553287982265e+01
1.315250000000001194e+02,7.908716553287982265e+01
1.315500000000001251e+02,7.908716553287982265e+01
1.315750000000001307e+02,7.908716553287982265e+01
1.316000000000001080e+02,7.908716553287982265e+01
1.316250000000001137e+02,7.908716553287982265e+01
1.316500000000001194e+02,7.908716553287982265e+01
1.316750000000001251e+02,7.908716553287982265e+01
1.317000000000001307e+02,7.908974552784076195e+01
1.317250000000001080e+02,7.909490551776266898e+01
1.317500000000001137e+02,7.910264550264551531e+01
1.317750000000001194e+02,7.911296548248928673e+01
1.318000000000001251e+02,7.912586545729404008e+01
1.318250000000001307e+02,7.914134542705970432e+01
1.318500000000001080e+02,7.915940539178633628e+01
1.318750000000001137e+02,7.918004535147392176e+01
1.319000000000001194e+02,7.920326530612244653e+01
1.319250000000001251e+02,7.922390526581001780e+01
1.319500000000001307e+02,7.924196523053664976e+01
1.319750000000001080e+02,7.925744520030234241e+01
1.320000000000001137e+02,7.927034517510708156e+01
1.320250000000001194e+02,7.928066515495086719e+01
1.320500000000001251e+02,7.928840513983371352e+01
1.320750000000001307e+02,7.929356512975560634e+01
1.321000000000001080e+02,7.929614512471655985e+01
1.321250000000001137e+02,7.929614512471655985e+01
1.321500000000001194e+02,7.929614512471655985e+01
1.321750000000001251e+02,7.929872511967749915e+01
1.322000000000001307e+02,7.930388510959939197e+01
1.322250000000001080e+02,7.931162509448225251e+01
1.322500000000001137e+02,7.932194507432602393e+01
1.322750000000001194e+02,7.933484504913076307e+01
1.323000000000001251e+02,7.935032501889644152e+01
1.323250000000001307e+02,7.936838498362307348e+01
1.323500000000001080e+02,7.938902494331064474e+01
1.323750000000001137e+02,7.941224489795916952e+01
1.324000000000001194e+02,7.943546485260770851e+01
1.324250000000001251e+02,7.945868480725623328e+01
1.324500000000001307e+02,7.948190476190475806e+01
1.324750000000001080e+02,7.950512471655328284e+01
1.325000000000001137e+02,7.952834467120180761e+01
1.325250000000001194e+02,7.955156462585033239e+01
1.325500000000001251e+02,7.957478458049885717e+01
1.325750000000001307e+02,7.959542454018644264e+01
1.326000000000001080e+02,7.961348450491307460e+01
1.326250000000001137e+02,7.962896447467876726e+01
1.326500000000001194e+02,7.964186444948349219e+01
1.326750000000001251e+02,7.965218442932727783e+01
1.327000000000001307e+02,7.965992441421012416e+01
1.327250000000001080e+02,7.966508440413203118e+01
1.327500000000001137e+02,7.966766439909297048e+01
1.327750000000001194e+02,7.966766439909297048e+01
1.328000000000001251e+02,7.966766439909297048e+01
1.328250000000001307e+02,7.966766439909297048e+01
1.328500000000001080e+02,7.966766439909297048e+01
1.328750000000001137e+02,7.967024439405392400e+01
1.329000000000001194e+02,7.967540438397580260e+01
1.329250000000001251e+02,7.968314436885866314e+01
1.329500000000001307e+02,7.969346434870243456e+01
1.329750000000001080e+02,7.970636432350717371e+01
1.330000000000001137e+02,7.972184429327285216e+01
1.330250000000001194e+02,7.973990425799948412e+01
1.330500000000001251e+02,7.976054421768708380e+01
1.330750000000001307e+02,7.978118417737465506e+01
1.331000000000001080e+02,7.979924414210128703e+01
1.331250000000001137e+02,7.981472411186697968e+01
1.331500000000001194e+02,7.982762408667170462e+01
1.331750000000001251e+02,7.983794406651549025e+01
1.332000000000001307e+02,7.984568405139833658e+01
1.332250000000001080e+02,7.985084404132024360e+01
1.332500000000001137e+02,7.985342403628118291e+01
1.332750000000001194e+02,7.985342403628118291e+01
1.333000000000001251e+02,7.985342403628118291e+01
1.333250000000001307e+02,7.985342403628118291e+01
1.333500000000001080e+02,7.985342403628118291e+01
1.333750000000001137e+02,7.985342403628118291e+01
1.334000000000001194e+02,7.985600403124212221e+01
1.334250000000001251e+02,7.986116402116402924e+01
1.334500000000001307e+02,7.986890400604686135e+01
1.334750000000001080e+02,7.987922398589064699e+01
1.335000000000001137e+02,7.989212396069538613e+01
1.335250000000001194e+02,7.990760393046106458e+01
1.335500000000001251e+02,7.992308390022675724e+01
1.335750000000001307e+02,7.993856386999243568e+01
1.336000000000001080e+02,7.995404383975812834e+01
1.336250000000001137e+02,7.996694381456286749e+01
1.336500000000001194e+02,7.997726379440665312e+01
1.336750000000001251e+02,7.998500377928949945e+01
1.337000000000001307e+02,7.999016376921139226e+01
1.337250000000001080e+02,7.999274376417233157e+01
1.337500000000001137e+02,7.999274376417233157e+01
1.337750000000001194e+02,7.999274376417233157e+01
1.338000000000001251e+02,7.999532375913327087e+01
1.338250000000001307e+02,8.000048374905517790e+01
1.338500000000001080e+02,8.000822373393802422e+01
1.338750000000001137e+02,8.001854371378180986e+01
1.339000000000001194e+02,8.003144368858654900e+01
1.339250000000001251e+02,8.004692365835221324e+01
1.339500000000001307e+02,8.006498362307884520e+01
1.339750000000001080e+02,8.008562358276643067e+01
1.340000000000001137e+02,8.010884353741495545e+01
1.340250000000001194e+02,8.012948349710254092e+01
1.340500000000001251e+02,8.014754346182917288e+01
1.340750000000001307e+02,8.016302343159486554e+01
1.341000000000001080e+02,8.017592340639959048e+01
1.341250000000001137e+02,8.018624338624337611e+01
1.341500000000001194e+02,8.019398337112622244e+01
1.341750000000001251e+02,8.019914336104812946e+01
1.342000000000001307e+02,8.020172335600906877e+01
1.342250000000001080e+02,8.020172335600906877e+01
1.342500000000001137e+02,8.020172335600906877e+01
1.342750000000001194e+02,8.020172335600906877e+01
1.343000000000001251e+02,8.020172335600906877e+01
1.343250000000001307e+02,8.020172335600906877e+01
1.343500000000001080e+02,8.020172335600906877e+01
1.343750000000001137e+02,8.020172335600906877e+01
1.344000000000001194e+02,8.020430335097000807e+01
1.344250000000001251e+02,8.020946334089190088e+01
1.344500000000001307e+02,8.021462333081380791e+01
1.344750000000001080e+02,8.021978332073570073e+01
1.345000000000001137e+02,8.022494331065759354e+01
1.345250000000001194e+02,8.023010330057948636e+01
1.345500000000001251e+02,8.023526329050137917e+01
1.345750000000001307e+02,8.024042328042327199e+01
1.346000000000001080e+02,8.024558327034516481e+01
1.346250000000001137e+02,8.024816326530611832e+01
1.346500000000001194e+02,8.025074326026707183e+01
1.346750000000001251e+02,8.025590325018895044e+01
1.347000000000001307e+02,8.026364323507179677e+01
1.347250000000001080e+02,8.027396321491558240e+01
1.347500000000001137e+02,8.028686318972032154e+01
1.347750000000001194e+02,8.030234315948601420e+01
1.348000000000001251e+02,8.032040312421264616e+01
1.348250000000001307e+02,8.034104308390023164e+01
1.348500000000001080e+02,8.036426303854874220e+01
1.348750000000001137e+02,8.038748299319728119e+01
1.349000000000001194e+02,8.041070294784579175e+01
1.349250000000001251e+02,8.043392290249431653e+01
1.349500000000001307e+02,8.045714285714284131e+01
1.349750000000001080e+02,8.048036281179136608e+01
1.350000000000001137e+02,8.050358276643991928e+01
1.350250000000001194e+02,8.052680272108842985e+01
1.350500000000001251e+02,8.054744268077600111e+01
1.350750000000001307e+02,8.056550264550263307e+01
1.351000000000001080e+02,8.058098261526831152e+01
1.351250000000001137e+02,8.059388259007305066e+01
1.351500000000001194e+02,8.060420256991683630e+01
1.351750000000001251e+02,8.061194255479968263e+01
1.352000000000001307e+02,8.061710254472157544e+01
1.352250000000001080e+02,8.061968253968252895e+01
1.352500000000001137e+02,8.061968253968252895e+01
1.352750000000001194e+02,8.061968253968252895e+01
1.353000000000001251e+02,8.061968253968252895e+01
1.353250000000001307e+02,8.061968253968252895e+01
1.353500000000001080e+02,8.061968253968252895e+01
1.353750000000001137e+02,8.061968253968252895e+01
1.354000000000001194e+02,8.062226253464348247e+01
1.354250000000001251e+02,8.062742252456536107e+01
1.354500000000001307e+02,8.063516250944820740e+01
1.354750000000001080e+02,8.064548248929199303e+01
1.355000000000001137e+02,8.065580246913577867e+01
1.355250000000001194e+02,8.066612244897957851e+01
1.355500000000001251e+02,8.067644242882336414e+01
1.355750000000001307e+02,8.068676240866716398e+01
1.356000000000001080e+02,8.069708238851094961e+01
1.356250000000001137e+02,8.070482237339379594e+01
1.356500000000001194e+02,8.070998236331568876e+01
1.356750000000001251e+02,8.071256235827662806e+01
1.357000000000001307e+02,8.071256235827662806e+01
1.357250000000001080e+02,8.071256235827662806e+01
1.357500000000001137e+02,8.071256235827662806e+01
1.357750000000001194e+02,8.071514235323758157e+01
1.358000000000001251e+02,8.072030234315948860e+01
1.358250000000001307e+02,8.072804232804232072e+01
1.358500000000001080e+02,8.073836230788612056e+01
1.358750000000001137e+02,8.075126228269084550e+01
1.359000000000001194e+02,8.076674225245652394e+01
1.359250000000001251e+02,8.078480221718315590e+01
1.359500000000001307e+02,8.080544217687074138e+01
1.359750000000001080e+02,8.082866213151928036e+01
1.360000000000001137e+02,8.085188208616779093e+01
1.360250000000001194e+02,8.087510204081632992e+01
1.360500000000001251e+02,8.089832199546485469e+01
1.360750000000001307e+02,8.091896195515242596e+01
1.361000000000001080e+02,8.093702191987905792e+01
1.361250000000001137e+02,8.095250188964473637e+01
1.361500000000001194e+02,8.096540186444946130e+01
1.361750000000001251e+02,8.097572184429324693e+01
1.362000000000001307e+02,8.098346182917609326e+01
1.362250000000001080e+02,8.098862181909798608e+01
1.362500000000001137e+02,8.099120181405893959e+01
1.362750000000001194e+02,8.099120181405893959e+01
1.363000000000001251e+02,8.099120181405893959e+01
1.363250000000001307e+02,8.099120181405893959e+01
1.363500000000001080e+02,8.099120181405893959e+01
1.363750000000001137e+02,8.099120181405893959e+01
1.364000000000001194e+02,8.099120181405893959e+01
1.364250000000001251e+02,8.099120181405893959e+01
1.364500000000001307e+02,8.099120181405893959e+01
1.364750000000001080e+02,8.099120181405893959e+01
1.365000000000001137e+02,8.099120181405893959e+01
1.365250000000001194e+02,8.099120181405893959e+01
1.365500000000001251e+02,8.099120181405893959e+01
1.365750000000001307e+02,8.099120181405893959e+01
1.366000000000001364e+02,8.099120181405893959e+01
1.366250000000001137e+02,8.099120181405893959e+01
1.366500000000001194e+02,8.099120181405893959e+01
1.366750000000001251e+02,8.099120181405893959e+01
1.367000000000001307e+02,8.099378180901989310e+01
1.367250000000001364e+02,8.099894179894177171e+01
1.367500000000001137e+02,8.100668178382461804e+01
1.367750000000001194e+02,8.101700176366841788e+01
1.368000000000001251e+02,8.102990173847314281e+01
1.368250000000001307e+02,8.104538170823884968e+01
1.368500000000001364e+02,8.106344167296546743e+01
1.368750000000001137e+02,8.108408163265305291e+01
1.369000000000001194e+02,8.110730158730157768e+01
1.369250000000001251e+02,8.113052154195010246e+01
1.369500000000001307e+02,8.115116150163768793e+01
1.369750000000001364e+02,8.116922146636431989e+01
1.370000000000001137e+02,8.118470143613001255e+01
1.370250000000001194e+02,8.119760141093475170e+01
1.370500000000001251e+02,8.120792139077853733e+01
1.370750000000001307e+02,8.121566137566138366e+01
1.371000000000001364e+02,8.122082136558327647e+01
1.371250000000001137e+02,8.122340136054421578e+01
1.371500000000001194e+02,8.122340136054421578e+01
1.371750000000001251e+02,8.122340136054421578e+01
1.372000000000001307e+02,8.122340136054421578e+01
1.372250000000001364e+02,8.122340136054421578e+01
1.372500000000001137e+02,8.122340136054421578e+01
1.372750000000001194e+02,8.122340136054421578e+01
1.373000000000001251e+02,8.122598135550515508e+01
1.373250000000001307e+02,8.123114134542706211e+01
1.373500000000001364e+02,8.123888133030990844e+01
1.373750000000001137e+02,8.124920131015367986e+01
1.374000000000001194e+02,8.126210128495843321e+01
1.374250000000001251e+02,8.127758125472409745e+01
1.374500000000001307e+02,8.129564121945072941e+01
1.374750000000001364e+02,8.131628117913831488e+01
1.375000000000001137e+02,8.133950113378683966e+01
1.375250000000001194e+02,8.136272108843536444e+01
1.375500000000001251e+02,8.138594104308388921e+01
1.375750000000001307e+02,8.140916099773242820e+01
1.376000000000001364e+02,8.143238095238095298e+01
1.376250000000001137e+02,8.145560090702947775e+01
1.376500000000001194e+02,8.147882086167798832e+01
1.376750000000001251e+02,8.150204081632651310e+01
1.377000000000001307e+02,8.152526077097505208e+01
1.377250000000001364e+02,8.154848072562357686e+01
1.377500000000001137e+02,8.157170068027211585e+01
1.377750000000001194e+02,8.159492063492062641e+01
1.378000000000001251e+02,8.161814058956915119e+01
1.378250000000001307e+02,8.164136054421767597e+01
1.378500000000001364e+02,8.166458049886620074e+01
1.378750000000001137e+02,8.168780045351472552e+01
1.379000000000001194e+02,8.171102040816325029e+01
1.379250000000001251e+02,8.173424036281178928e+01
1.379500000000001307e+02,8.175746031746031406e+01
1.379750000000001364e+02,8.178068027210883884e+01
1.380000000000001137e+02,8.180390022675736361e+01
1.380250000000001194e+02,8.182454018644493487e+01
1.380500000000001251e+02,8.184260015117156684e+01
1.380750000000001307e+02,8.185808012093724528e+01
1.381000000000001364e+02,8.187098009574197022e+01
1.381250000000001137e+02,8.188130007558577006e+01
1.381500000000001194e+02,8.188904006046861639e+01
1.381750000000001251e+02,8.189420005039050920e+01
1.382000000000001307e+02,8.189678004535144851e+01
1.382250000000001364e+02,8.189678004535144851e+01
1.382500000000001137e+02,8.189678004535144851e+01
1.382750000000001194e+02,8.189678004535144851e+01
1.383000000000001251e+02,8.189678004535144851e+01
1.383250000000001307e+02,8.189678004535144851e+01
1.383500000000001364e+02,8.189678004535144851e+01
1.383750000000001137e+02,8.189678004535144851e+01
1.384000000000001194e+02,8.189936004031240202e+01
1.384250000000001251e+02,8.190194003527335553e+01
1.384500000000001307e+02,8.190452003023430905e+01
1.384750000000001364e+02,8.190710002519526256e+01
1.385000000000001137e+02,8.190968002015621607e+01
1.385250000000001194e+02,8.191226001511715538e+01
1.385500000000001251e+02,8.191484001007810889e+01
1.385750000000001307e+02,8.191742000503906240e+01
1.386000000000001364e+02,8.192000000000000171e+01
1.386250000000001137e+02,8.192000000000000171e+01
1.386500000000001194e+02,8.192000000000000171e+01
1.386750000000001251e+02,8.192000000000000171e+01
1.387000000000001307e+02,8.192000000000000171e+01
1.387250000000001364e+02,8.192000000000000171e+01
1.387500000000001137e+02,8.192000000000000171e+01
1.387750000000001194e+02,8.192000000000000171e+01
1.388000000000001251e+02,8.192000000000000171e+01
1.388250000000001307e+02,8.192000000000000171e+01
1.388500000000001364e+02,8.192000000000000171e+01
1.388750000000001137e+02,8.192000000000000171e+01
1.389000000000001194e+02,8.192257999496094101e+01
1.389250000000001251e+02,8.192773998488284803e+01
1.389500000000001307e+02,8.193547996976568015e+01
1.389750000000001364e+02,8.194579994960946578e+01
1.390000000000001137e+02,8.195611992945326563e+01
1.390250000000001194e+02,8.196643990929705126e+01
1.390500000000001251e+02,8.197675988914083689e+01
1.390750000000001307e+02,8.198707986898462252e+01
1.391000000000001364e+02,8.199739984882840815e+01
1.391250000000001137e+02,8.200513983371125448e+01
1.391500000000001194e+02,8.201029982363314730e+01
1.391750000000001251e+02,8.201287981859410081e+01
1.392000000000001307e+02,8.201287981859410081e+01
1.392250000000001364e+02,8.201287981859410081e+01
1.392500000000001137e+02,8.201287981859410081e+01
1.392750000000001194e+02,8.201545981355505432e+01
1.393000000000001251e+02,8.202061980347693293e+01
1.393250000000001307e+02,8.202835978835977926e+01
1.393500000000001364e+02,8.203867976820356489e+01
1.393750000000001137e+02,8.205157974300830404e+01
1.394000000000001194e+02,8.206705971277401090e+01
1.394250000000001251e+02,8.208511967750062865e+01
1.394500000000001307e+02,8.210575963718821413e+01
1.394750000000001364e+02,8.212897959183672469e+01
1.395000000000001137e+02,8.215219954648526368e+01
1.395250000000001194e+02,8.217541950113377425e+01
1.395500000000001251e+02,8.219863945578229902e+01
1.395750000000001307e+02,8.222185941043082380e+01
1.396000000000001364e+02,8.224507936507934858e+01
1.396250000000001137e+02,8.226829931972790177e+01
1.396500000000001194e+02,8.229151927437641234e+01
1.396750000000001251e+02,8.231473922902493712e+01
1.397000000000001307e+02,8.233795918367346189e+01
1.397250000000001364e+02,8.236117913832198667e+01
1.397500000000001137e+02,8.238439909297051145e+01
1.397750000000001194e+02,8.240761904761903622e+01
1.398000000000001251e+02,8.243083900226756100e+01
1.398250000000001307e+02,8.245147896195513226e+01
1.398500000000001364e+02,8.246953892668176422e+01
1.398750000000001137e+02,8.248759889140841040e+01
1.399000000000001194e+02,8.250565885613504236e+01
1.399250000000001251e+02,8.252371882086167432e+01
1.399500000000001307e+02,8.253919879062735276e+01
1.399750000000001364e+02,8.255209876543207770e+01
1.400000000000001137e+02,8.256241874527586333e+01
1.400250000000001194e+02,8.257015873015870966e+01
1.400500000000001251e+02,8.257789871504154178e+01
1.400750000000001307e+02,8.258563869992438811e+01
1.401000000000001364e+02,8.259079868984629513e+01
1.401250000000001137e+02,8.259337868480723444e+01
1.401500000000001194e+02,8.259337868480723444e+01
1.401750000000001251e+02,8.259337868480723444e+01
1.402000000000001307e+02,8.259337868480723444e+01
1.402250000000001364e+02,8.259337868480723444e+01
1.402500000000001137e+02,8.259337868480723444e+01
1.402750000000001194e+02,8.259337868480723444e+01
1.403000000000001251e+02,8.259337868480723444e+01
1.403250000000001307e+02,8.259337868480723444e+01
1.403500000000001364e+02,8.259337868480723444e+01
1.403750000000001137e+02,8.259595867976818795e+01
1.404000000000001194e+02,8.260111866969008076e+01
1.404250000000001251e+02,8.260885865457292709e+01
1.404500000000001307e+02,8.261917863441672694e+01
1.404750000000001364e+02,8.263207860922146608e+01
1.405000000000001137e+02,8.264755857898715874e+01
1.405250000000001194e+02,8.266561854371379070e+01
1.405500000000001251e+02,8.268625850340136196e+01
1.405750000000001307e+02,8.270947845804988674e+01
1.406000000000001364e+02,8.273269841269839731e+01
1.406250000000001137e+02,8.275591836734693629e+01
1.406500000000001194e+02,8.277913832199546107e+01
1.406750000000001251e+02,8.280235827664400006e+01
1.407000000000001307e+02,8.282557823129252483e+01
1.407250000000001364e+02,8.284879818594103540e+01
1.407500000000001137e+02,8.286943814562862087e+01
1.407750000000001194e+02,8.288749811035525283e+01
1.408000000000001251e+02,8.290555807508188479e+01
1.408250000000001307e+02,8.292361803980851676e+01
1.408500000000001364e+02,8.294167800453514872e+01
1.408750000000001137e+02,8.295973796926176647e+01
1.409000000000001194e+02,8.297779793398839843e+01
1.409250000000001251e+02,8.299585789871503039e+01
1.409500000000001307e+02,8.301391786344167656e+01
1.409750000000001364e+02,8.303455782312924782e+01
1.410000000000001137e+02,8.305777777777777260e+01
1.410250000000001194e+02,8.308099773242629738e+01
1.410500000000001251e+02,8.310163769211386864e+01
1.410750000000001307e+02,8.311969765684048639e+01
1.411000000000001364e+02,8.313517762660617905e+01
1.411250000000001137e+02,8.314807760141091819e+01
1.411500000000001194e+02,8.315839758125471803e+01
1.411750000000001251e+02,8.316613756613755015e+01
1.412000000000001307e+02,8.317129755605944297e+01
1.412250000000001364e+02,8.317387755102039648e+01
1.412500000000001137e+02,8.317387755102039648e+01
1.412750000000001194e+02,8.317387755102039648e+01
1.413000000000001251e+02,8.317645754598134999e+01
1.413250000000001307e+02,8.318161753590325702e+01
1.413500000000001364e+02,8.318935752078610335e+01
1.413750000000001137e+02,8.319967750062987477e+01
1.414000000000001194e+02,8.321257747543461392e+01
1.414250000000001251e+02,8.322805744520029236e+01
1.414500000000001307e+02,8.324611740992692432e+01
1.414750000000001364e+02,8.326675736961449559e+01
1.415000000000001137e+02,8.328997732426302036e+01
1.415250000000001194e+02,8.331319727891155935e+01
1.415500000000001251e+02,8.333641723356008413e+01
1.415750000000001307e+02,8.335963718820862312e+01
1.416000000000001364e+02,8.338285714285713368e+01
1.416250000000001137e+02,8.340607709750565846e+01
1.416500000000001194e+02,8.342929705215418323e+01
1.416750000000001251e+02,8.345251700680270801e+01
1.417000000000001307e+02,8.347573696145123279e+01
1.417250000000001364e+02,8.349895691609975756e+01
1.417500000000001137e+02,8.352217687074828234e+01
1.417750000000001194e+02,8.354539682539682133e+01
1.418000000000001251e+02,8.356861678004534610e+01
1.418250000000001307e+02,8.359183673469387088e+01
1.418500000000001364e+02,8.361505668934239566e+01
1.418750000000001137e+02,8.363827664399092043e+01
1.419000000000001194e+02,8.366149659863944521e+01
1.419250000000001251e+02,8.368471655328796999e+01
1.419500000000001307e+02,8.370793650793650897e+01
1.419750000000001364e+02,8.372857646762409445e+01
1.420000000000001137e+02,8.374663643235072641e+01
1.420250000000001194e+02,8.376211640211640486e+01
1.420500000000001251e+02,8.377501637692114400e+01
1.420750000000001307e+02,8.378533635676492963e+01
1.421000000000001364e+02,8.379307634164776175e+01
1.421250000000001137e+02,8.379823633156966878e+01
1.421500000000001194e+02,8.380339632149154738e+01
1.421750000000001251e+02,8.380855631141344020e+01
1.422000000000001307e+02,8.381629629629628653e+01
1.422250000000001364e+02,8.382661627614007216e+01
1.422500000000001137e+02,8.383951625094479709e+01
1.422750000000001194e+02,8.385499622071050396e+01
1.423000000000001251e+02,8.387305618543713592e+01
1.423250000000001307e+02,8.389369614512472140e+01
1.423500000000001364e+02,8.391691609977324617e+01
1.423750000000001137e+02,8.394013605442175674e+01
1.424000000000001194e+02,8.396335600907028152e+01
1.424250000000001251e+02,8.398657596371880629e+01
1.424500000000001307e+02,8.400979591836733107e+01
1.424750000000001364e+02,8.403301587301587006e+01
1.425000000000001137e+02,8.405623582766440904e+01
1.425250000000001194e+02,8.407945578231291961e+01
1.425500000000001251e+02,8.410267573696144439e+01
1.425750000000001307e+02,8.412589569160996916e+01
1.426000000000001364e+02,8.414911564625849394e+01
1.426250000000001137e+02,8.417233560090701872e+01
1.426500000000001194e+02,8.419555555555552928e+01
1.426750000000001251e+02,8.421877551020409669e+01
1.427000000000001307e+02,8.424199546485260726e+01
1.427250000000001364e+02,8.426521541950113203e+01
1.427500000000001137e+02,8.428843537414965681e+01
1.427750000000001194e+02,8.431165532879818159e+01
1.428000000000001251e+02,8.433487528344669215e+01
1.428250000000001307e+02,8.435809523809521693e+01
1.428500000000001364e+02,8.438131519274375592e+01
1.428750000000001137e+02,8.440453514739229490e+01
1.429000000000001194e+02,8.442775510204081968e+01
1.429250000000001251e+02,8.445097505668934446e+01
1.429500000000001307e+02,8.447419501133786923e+01
1.429750000000001364e+02,8.449741496598637980e+01
1.430000000000001137e+02,8.451805492567396527e+01
1.430250000000001194e+02,8.453611489040059723e+01
1.430500000000001251e+02,8.455159486016628989e+01
1.430750000000001307e+02,8.456449483497102904e+01
1.431000000000001364e+02,8.457481481481481467e+01
1.431250000000001421e+02,8.458255479969766100e+01
1.431500000000001194e+02,8.458771478961955381e+01
1.431750000000001251e+02,8.459029478458049311e+01
1.432000000000001307e+02,8.459029478458049311e+01
1.432250000000001364e+02,8.459287477954143242e+01
1.432500000000001421e+02,8.459803476946332523e+01
1.432750000000001194e+02,8.460577475434618577e+01
1.433000000000001251e+02,8.461609473418997140e+01
1.433250000000001307e+02,8.462899470899471055e+01
1.433500000000001364e+02,8.464447467876038900e+01
1.433750000000001421e+02,8.466253464348700675e+01
1.434000000000001194e+02,8.468317460317459222e+01
1.434250000000001251e+02,8.470639455782311700e+01
1.434500000000001307e+02,8.472961451247164177e+01
1.434750000000001364e+02,8.475283446712016655e+01
1.435000000000001421e+02,8.477605442176870554e+01
1.435250000000001194e+02,8.479927437641723031e+01
1.435500000000001251e+02,8.482249433106575509e+01
1.435750000000001307e+02,8.484571428571427987e+01
1.436000000000001364e+02,8.486893424036280464e+01
1.436250000000001421e+02,8.489215419501132942e+01
1.436500000000001194e+02,8.491537414965985420e+01
1.436750000000001251e+02,8.493859410430839318e+01
1.437000000000001307e+02,8.496181405895691796e+01
1.437250000000001364e+02,8.498503401360544274e+01
1.437500000000001421e+02,8.500825396825396751e+01
1.437750000000001194e+02,8.503147392290247808e+01
1.438000000000001251e+02,8.505469387755101707e+01
1.438250000000001307e+02,8.507791383219954184e+01
1.438500000000001364e+02,8.510113378684808083e+01
1.438750000000001421e+02,8.512435374149660561e+01
1.439000000000001194e+02,8.514757369614511617e+01
1.439250000000001251e+02,8.517079365079364095e+01
1.439500000000001307e+02,8.519401360544216573e+01
1.439750000000001364e+02,8.521723356009069050e+01
1.440000000000001421e+02,8.524045351473921528e+01
1.440250000000001194e+02,8.526109347442680075e+01
1.440500000000001251e+02,8.527915343915344693e+01
1.440750000000001307e+02,8.529463340891911116e+01
1.441000000000001364e+02,8.530753338372386452e+01
1.441250000000001421e+02,8.531785336356765015e+01
1.441500000000001194e+02,8.532559334845048227e+01
1.441750000000001251e+02,8.533333333333331439e+01
1.442000000000001307e+02,8.534107331821616071e+01
1.442250000000001364e+02,8.534881330309902125e+01
1.442500000000001421e+02,8.535913328294280689e+01
1.442750000000001194e+02,8.537203325774753182e+01
1.443000000000001251e+02,8.538751322751321027e+01
1.443250000000001307e+02,8.540557319223984223e+01
1.443500000000001364e+02,8.542621315192741349e+01
1.443750000000001421e+02,8.544943310657595248e+01
1.444000000000001194e+02,8.547265306122449147e+01
1.444250000000001251e+02,8.549587301587301624e+01
1.444500000000001307e+02,8.551909297052154102e+01
1.444750000000001364e+02,8.553973293020912649e+01
1.445000000000001421e+02,8.555779289493574424e+01
1.445250000000001194e+02,8.557327286470143690e+01
1.445500000000001251e+02,8.558617283950617605e+01
1.445750000000001307e+02,8.559649281934997589e+01
1.446000000000001364e+02,8.560423280423280801e+01
1.446250000000001421e+02,8.561197278911564013e+01
1.446500000000001194e+02,8.561971277399848645e+01
1.446750000000001251e+02,8.562745275888133278e+01
1.447000000000001307e+02,8.563777273872511842e+01
1.447250000000001364e+02,8.565067271352985756e+01
1.447500000000001421e+02,8.566615268329553601e+01
1.447750000000001194e+02,8.568421264802216797e+01
1.448000000000001251e+02,8.570485260770973923e+01
1.448250000000001307e+02,8.572807256235826401e+01
1.448500000000001364e+02,8.575129251700678878e+01
1.448750000000001421e+02,8.577451247165531356e+01
1.449000000000001194e+02,8.579773242630385255e+01
1.449250000000001251e+02,8.582095238095237733e+01
1.449500000000001307e+02,8.584417233560090210e+01
1.449750000000001364e+02,8.586739229024942688e+01
1.450000000000001421e+02,8.589061224489795165e+01
1.450250000000001194e+02,8.591383219954647643e+01
1.450500000000001251e+02,8.593705215419500121e+01
1.450750000000001307e+02,8.596027210884352598e+01
1.451000000000001364e+02,8.598349206349205076e+01
1.451250000000001421e+02,8.600671201814058975e+01
1.451500000000001194e+02,8.602993197278911452e+01
1.451750000000001251e+02,8.605315192743763930e+01
1.452000000000001307e+02,8.607637188208616408e+01
1.452250000000001364e+02,8.609959183673467464e+01
1.452500000000001421e+02,8.612281179138321363e+01
1.452750000000001194e+02,8.614603174603173841e+01
1.453000000000001251e+02,8.616925170068027739e+01
1.453250000000001307e+02,8.619247165532880217e+01
1.453500000000001364e+02,8.621569160997732695e+01
1.453750000000001421e+02,8.623891156462585172e+01
1.454000000000001194e+02,8.626213151927436229e+01
1.454250000000001251e+02,8.628535147392288707e+01
1.454500000000001307e+02,8.630857142857141184e+01
1.454750000000001364e+02,8.633179138321995083e+01
1.455000000000001421e+02,8.635501133786848982e+01
1.455250000000001194e+02,8.637565129755604687e+01
1.455500000000001251e+02,8.639371126228267883e+01
1.455750000000001307e+02,8.640919123204835728e+01
1.456000000000001364e+02,8.642209120685309642e+01
1.456250000000001421e+02,8.643241118669688206e+01
1.456500000000001194e+02,8.644015117157972838e+01
1.456750000000001251e+02,8.644531116150162120e+01
1.457000000000001307e+02,8.644789115646257471e+01
1.457250000000001364e+02,8.644789115646257471e+01
1.457500000000001421e+02,8.644789115646257471e+01
1.457750000000001194e+02,8.644789115646257471e+01
1.458000000000001251e+02,8.644789115646257471e+01
1.458250000000001307e+02,8.644789115646257471e+01
1.458500000000001364e+02,8.644789115646257471e+01
1.458750000000001421e+02,8.644789115646257471e+01
1.459000000000001194e+02,8.644789115646257471e+01
1.459250000000001251e+02,8.644789115646257471e+01
1.459500000000001307e+02,8.644789115646257471e+01
1.459750000000001364e+02,8.644789115646257471e+01
1.460000000000001421e+02,8.644789115646257471e+01
1.460250000000001194e+02,8.644789115646257471e+01
1.460500000000001251e+02,8.644789115646257471e+01
1.460750000000001307e+02,8.644789115646257471e+01
1.461000000000001364e+02,8.644789115646257471e+01
1.461250000000001421e+02,8.644789115646257471e+01
1.461500000000001194e+02,8.644789115646257471e+01
1.461750000000001251e+02,8.644789115646257471e+01
1.462000000000001307e+02,8.644789115646257471e+01
1.462250000000001364e+02,8.644789115646257471e+01
1.462500000000001421e+02,8.645047115142352823e+01
1.462750000000001194e+02,8.645563114134542104e+01
1.463000000000001251e+02,8.646337112622825316e+01
1.463250000000001307e+02,8.647369110607203879e+01
1.463500000000001364e+02,8.648659108087677794e+01
1.463750000000001421e+02,8.650207105064245638e+01
1.464000000000001194e+02,8.652013101536911677e+01
1.464250000000001251e+02,8.654077097505668803e+01
1.464500000000001307e+02,8.656399092970521281e+01
1.464750000000001364e+02,8.658721088435373758e+01
1.465000000000001421e+02,8.661043083900226236e+01
1.465250000000001194e+02,8.663365079365078714e+01
1.465500000000001251e+02,8.665687074829929770e+01
1.465750000000001307e+02,8.668009070294783669e+01
1.466000000000001364e+02,8.670331065759637568e+01
1.466250000000001421e+02,8.672653061224490045e+01
1.466500000000001194e+02,8.674975056689342523e+01
1.466750000000001251e+02,8.677297052154195001e+01
1.467000000000001307e+02,8.679619047619046057e+01
1.467250000000001364e+02,8.681941043083898535e+01
1.467500000000001421e+02,8.684263038548752434e+01
1.467750000000001194e+02,8.686585034013604911e+01
1.468000000000001251e+02,8.688907029478458810e+01
1.468250000000001307e+02,8.691229024943309867e+01
1.468500000000001364e+02,8.693551020408162344e+01
1.468750000000001421e+02,8.695873015873014822e+01
1.469000000000001194e+02,8.698195011337867300e+01
1.469250000000001251e+02,8.700517006802719777e+01
1.469500000000001307e+02,8.702839002267572255e+01
1.469750000000001364e+02,8.704902998236329381e+01
1.470000000000001421e+02,8.706708994708992577e+01
1.470250000000001194e+02,8.708256991685561843e+01
1.470500000000001251e+02,8.709546989166034336e+01
1.470750000000001307e+02,8.710578987150412900e+01
1.471000000000001364e+02,8.711352985638697533e+01
1.471250000000001421e+02,8.711868984630888235e+01
1.471500000000001194e+02,8.712126984126982165e+01
1.471750000000001251e+02,8.712126984126982165e+01
1.472000000000001307e+02,8.712126984126982165e+01
1.472250000000001364e+02,8.712126984126982165e+01
1.472500000000001421e+02,8.712126984126982165e+01
1.472750000000001194e+02,8.712384983623077517e+01
1.473000000000001251e+02,8.712900982615268219e+01
1.473250000000001307e+02,8.713674981103551431e+01
1.473500000000001364e+02,8.714706979087929994e+01
1.473750000000001421e+02,8.715996976568403909e+01
1.474000000000001194e+02,8.717544973544971754e+01
1.474250000000001251e+02,8.719092970521541019e+01
1.474500000000001307e+02,8.720640967498110285e+01
1.474750000000001364e+02,8.722188964474679551e+01
1.475000000000001421e+02,8.723736961451245975e+01
1.475250000000001194e+02,8.725284958427813820e+01
1.475500000000001251e+02,8.726832955404383085e+01
1.475750000000001307e+02,8.728380952380952351e+01
1.476000000000001364e+02,8.729928949357520196e+01
1.476250000000001421e+02,8.731476946334088041e+01
1.476500000000001194e+02,8.733282942806751237e+01
1.476750000000001251e+02,8.735346938775509784e+01
1.477000000000001307e+02,8.737668934240362262e+01
1.477250000000001364e+02,8.739990929705216161e+01
1.477500000000001421e+02,8.742312925170068638e+01
1.477750000000001194e+02,8.744634920634919695e+01
1.478000000000001251e+02,8.746956916099772172e+01
1.478250000000001307e+02,8.749278911564624650e+01
1.478500000000001364e+02,8.751600907029477128e+01
1.478750000000001421e+02,8.753922902494329605e+01
1.479000000000001194e+02,8.756244897959183504e+01
1.479250000000001251e+02,8.758566893424037403e+01
1.479500000000001307e+02,8.760888888888888459e+01
1.479750000000001364e+02,8.763210884353740937e+01
1.480000000000001421e+02,8.765532879818593415e+01
1.480250000000001194e+02,8.767854875283445892e+01
1.480500000000001251e+02,8.770176870748298370e+01
1.480750000000001307e+02,8.772498866213149427e+01
1.481000000000001364e+02,8.774820861678003325e+01
1.481250000000001421e+02,8.777142857142857224e+01
1.481500000000001194e+02,8.779464852607709702e+01
1.481750000000001251e+02,8.781786848072562179e+01
1.482000000000001307e+02,8.784108843537414657e+01
1.482250000000001364e+02,8.786430839002265714e+01
1.482500000000001421e+02,8.788494834971024261e+01
1.482750000000001194e+02,8.790300831443687457e+01
1.483000000000001251e+02,8.791848828420256723e+01
1.483250000000001307e+02,8.793138825900730637e+01
1.483500000000001364e+02,8.794170823885110622e+01
1.483750000000001421e+02,8.794944822373393833e+01
1.484000000000001194e+02,8.795460821365583115e+01
1.484250000000001251e+02,8.795718820861678466e+01
1.484500000000001307e+02,8.795718820861678466e+01
1.484750000000001364e+02,8.795718820861678466e+01
1.485000000000001421e+02,8.795718820861678466e+01
1.485250000000001194e+02,8.795718820861678466e+01
1.485500000000001251e+02,8.795718820861678466e+01
1.485750000000001307e+02,8.795718820861678466e+01
1.486000000000001364e+02,8.795718820861678466e+01
1.486250000000001421e+02,8.795718820861678466e+01
1.486500000000001194e+02,8.795718820861678466e+01
1.486750000000001251e+02,8.795718820861678466e+01
1.487000000000001307e+02,8.795718820861678466e+01
1.487250000000001364e+02,8.795718820861678466e+01
1.487500000000001421e+02,8.795718820861678466e+01
1.487750000000001194e+02,8.795718820861678466e+01
1.488000000000001251e+02,8.795718820861678466e+01
1.488250000000001307e+02,8.795718820861678466e+01
1.488500000000001364e+02,8.795718820861678466e+01
1.488750000000001421e+02,8.795718820861678466e+01
1.489000000000001194e+02,8.795718820861678466e+01
1.489250000000001251e+02,8.795718820861678466e+01
1.489500000000001307e+02,8.795718820861678466e+01
1.489750000000001364e+02,8.795718820861678466e+01
1.490000000000001421e+02,8.795718820861678466e+01
1.490250000000001194e+02,8.795718820861678466e+01
1.490500000000001251e+02,8.795718820861678466e+01
1.490750000000001307e+02,8.795718820861678466e+01
1.491000000000001364e+02,8.795718820861678466e+01
1.491250000000001421e+02,8.795718820861678466e+01
1.491500000000001194e+02,8.795718820861678466e+01
1.491750000000001251e+02,8.795976820357773818e+01
1.492000000000001307e+02,8.796492819349961678e+01
1.492250000000001364e+02,8.797266817838247732e+01
1.492500000000001421e+02,8.798298815822626295e+01
1.492750000000001194e+02,8.799588813303098789e+01
1.493000000000001251e+02,8.801136810279666634e+01
1.493250000000001307e+02,8.802942806752329830e+01
1.493500000000001364e+02,8.805006802721086956e+01
1.493750000000001421e+02,8.807328798185939434e+01
1.494000000000001478e+02,8.809650793650793332e+01
1.494250000000001251e+02,8.811972789115645810e+01
1.494500000000001307e+02,8.814294784580498288e+01
1.494750000000001364e+02,8.816616780045350765e+01
1.495000000000001421e+02,8.818938775510203243e+01
1.495250000000001478e+02,8.821260770975055721e+01
1.495500000000001251e+02,8.823582766439908198e+01
1.495750000000001307e+02,8.825904761904760676e+01
1.496000000000001364e+02,8.828226757369613154e+01
1.496250000000001421e+02,8.830548752834467052e+01
1.496500000000001478e+02,8.832870748299319530e+01
1.496750000000001251e+02,8.835192743764172008e+01
1.497000000000001307e+02,8.837514739229024485e+01
1.497250000000001364e+02,8.839836734693875542e+01
1.497500000000001421e+02,8.842158730158729441e+01
1.497750000000001478e+02,8.844480725623581918e+01
1.498000000000001251e+02,8.846802721088435817e+01
1.498250000000001307e+02,8.849124716553288295e+01
1.498500000000001364e+02,8.851446712018140772e+01
1.498750000000001421e+02,8.853768707482993250e+01
1.499000000000001478e+02,8.856090702947844306e+01
1.499250000000001251e+02,8.858412698412696784e+01
1.499500000000001307e+02,8.860734693877549262e+01
1.499750000000001364e+02,8.863056689342403160e+01
1.500000000000001421e+02,8.865378684807257059e+01
1.500250000000001478e+02,8.867700680272108116e+01
1.500500000000001251e+02,8.870022675736960593e+01
1.500750000000001307e+02,8.872344671201813071e+01
1.501000000000001364e+02,8.874408667170571618e+01
1.501250000000001421e+02,8.876214663643234815e+01
1.501500000000001478e+02,8.877762660619804080e+01
1.501750000000001251e+02,8.879052658100277995e+01
1.502000000000001307e+02,8.880084656084656558e+01
1.502250000000001364e+02,8.880858654572941191e+01
1.502500000000001421e+02,8.881374653565130473e+01
1.502750000000001478e+02,8.881632653061224403e+01
1.503000000000001251e+02,8.881632653061224403e+01
1.503250000000001307e+02,8.881890652557318333e+01
1.503500000000001364e+02,8.882406651549507615e+01
1.503750000000001421e+02,8.883180650037792248e+01
1.504000000000001478e+02,8.884212648022170811e+01
1.504250000000001251e+02,8.885502645502644725e+01
1.504500000000001307e+02,8.887050642479213991e+01
1.504750000000001364e+02,8.888856638951875766e+01
1.505000000000001421e+02,8.890920634920634313e+01
1.505250000000001478e+02,8.893242630385486791e+01
1.505500000000001251e+02,8.895564625850337848e+01
1.505750000000001307e+02,8.897886621315191746e+01
1.506000000000001364e+02,8.900208616780045645e+01
1.506250000000001421e+02,8.902530612244898123e+01
1.506500000000001478e+02,8.904852607709750600e+01
1.506750000000001251e+02,8.907174603174603078e+01
1.507000000000001307e+02,8.909238599143358783e+01
1.507250000000001364e+02,8.911044595616021979e+01
1.507500000000001421e+02,8.912592592592589824e+01
1.507750000000001478e+02,8.913882590073063739e+01
1.508000000000001251e+02,8.914914588057442302e+01
1.508250000000001307e+02,8.915688586545726935e+01
1.508500000000001364e+02,8.916462585034011568e+01
1.508750000000001421e+02,8.917236583522296200e+01
1.509000000000001478e+02,8.918010582010580833e+01
1.509250000000001251e+02,8.919042579994960818e+01
1.509500000000001307e+02,8.920074577979340802e+01
1.509750000000001364e+02,8.921106575963719365e+01
1.510000000000001421e+02,8.922138573948097928e+01
1.510250000000001478e+02,8.923170571932477912e+01
1.510500000000001251e+02,8.924202569916856476e+01
1.510750000000001307e+02,8.924976568405139687e+01
1.511000000000001364e+02,8.925492567397330390e+01
1.511250000000001421e+02,8.925750566893424320e+01
1.511500000000001478e+02,8.925750566893424320e+01
1.511750000000001251e+02,8.925750566893424320e+01
1.512000000000001307e+02,8.925750566893424320e+01
1.512250000000001364e+02,8.925750566893424320e+01
1.512500000000001421e+02,8.926008566389518251e+01
1.512750000000001478e+02,8.926524565381707532e+01
1.513000000000001251e+02,8.927298563869992165e+01
1.513250000000001307e+02,8.928330561854370728e+01
1.513500000000001364e+02,8.929620559334843222e+01
1.513750000000001421e+02,8.931168556311412488e+01
1.514000000000001478e+02,8.932974552784074262e+01
1.514250000000001251e+02,8.935038548752832810e+01
1.514500000000001307e+02,8.937360544217686709e+01
1.514750000000001364e+02,8.939682539682539186e+01
1.515000000000001421e+02,8.942004535147391664e+01
1.515250000000001478e+02,8.944326530612244142e+01
1.515500000000001251e+02,8.946648526077096619e+01
1.515750000000001307e+02,8.948970521541949097e+01
1.516000000000001364e+02,8.951292517006801575e+01
1.516250000000001421e+02,8.953614512471655473e+01
1.516500000000001478e+02,8.955936507936507951e+01
1.516750000000001251e+02,8.958258503401360429e+01
1.517000000000001307e+02,8.960580498866212906e+01
1.517250000000001364e+02,8.962644494834968611e+01
1.517500000000001421e+02,8.964450491307631808e+01
1.517750000000001478e+02,8.965998488284201073e+01
1.518000000000001251e+02,8.967288485764674988e+01
1.518250000000001307e+02,8.968578483245148902e+01
1.518500000000001364e+02,8.969868480725622817e+01
1.518750000000001421e+02,8.971158478206096731e+01
1.519000000000001478e+02,8.972448475686572067e+01
1.519250000000001251e+02,8.973738473167044560e+01
1.519500000000001307e+02,8.975028470647517054e+01
1.519750000000001364e+02,8.976318468127990968e+01
1.520000000000001421e+02,8.977608465608464883e+01
1.520250000000001478e+02,8.978898463088937376e+01
1.520500000000001251e+02,8.979930461073315939e+01
1.520750000000001307e+02,8.980704459561600572e+01
1.521000000000001364e+02,8.981220458553789854e+01
1.521250000000001421e+02,8.981478458049885205e+01
1.521500000000001478e+02,8.981478458049885205e+01
1.521750000000001251e+02,8.981478458049885205e+01
1.522000000000001307e+02,8.981736457545980556e+01
1.522250000000001364e+02,8.982252456538169838e+01
1.522500000000001421e+02,8.983026455026453050e+01
1.522750000000001478e+02,8.984058453010831613e+01
1.523000000000001251e+02,8.985348450491305528e+01
1.523250000000001307e+02,8.986896447467874793e+01
1.523500000000001364e+02,8.988702443940539411e+01
1.523750000000001421e+02,8.990766439909296537e+01
1.524000000000001478e+02,8.993088435374149014e+01
1.524250000000001251e+02,8.995410430839001492e+01
1.524500000000001307e+02,8.997732426303853970e+01
1.524750000000001364e+02,9.000054421768706447e+01
1.525000000000001421e+02,9.002376417233557504e+01
1.525250000000001478e+02,9.004698412698414245e+01
1.525500000000001251e+02,9.006762408667169950e+01
1.525750000000001307e+02,9.008568405139833146e+01
1.526000000000001364e+02,9.010116402116400991e+01
1.526250000000001421e+02,9.011406399596874905e+01
1.526500000000001478e+02,9.012438397581253469e+01
1.526750000000001251e+02,9.013212396069538102e+01
1.527000000000001307e+02,9.013728395061727383e+01
1.527250000000001364e+02,9.013986394557822734e+01
1.527500000000001421e+02,9.014244394053918086e+01
1.527750000000001478e+02,9.014760393046107367e+01
1.528000000000001251e+02,9.015534391534390579e+01
1.528250000000001307e+02,9.016566389518769142e+01
1.528500000000001364e+02,9.017856386999243057e+01
1.528750000000001421e+02,9.019404383975810902e+01
1.529000000000001478e+02,9.021210380448476940e+01
1.529250000000001251e+02,9.023274376417234066e+01
1.529500000000001307e+02,9.025596371882086544e+01
1.529750000000001364e+02,9.027918367346939021e+01
1.530000000000001421e+02,9.030240362811791499e+01
1.530250000000001478e+02,9.032562358276642556e+01
1.530500000000001251e+02,9.034884353741495033e+01
1.530750000000001307e+02,9.037206349206347511e+01
1.531000000000001364e+02,9.039528344671201410e+01
1.531250000000001421e+02,9.041592340639961378e+01
1.531500000000001478e+02,9.043398337112623153e+01
1.531750000000001251e+02,9.044946334089192419e+01
1.532000000000001307e+02,9.046236331569664912e+01
1.532250000000001364e+02,9.047268329554044897e+01
1.532500000000001421e+02,9.048042328042328108e+01
1.532750000000001478e+02,9.048558327034518811e+01
1.533000000000001251e+02,9.048816326530612741e+01
1.533250000000001307e+02,9.049074326026706672e+01
1.533500000000001364e+02,9.049590325018895953e+01
1.533750000000001421e+02,9.050364323507180586e+01
1.534000000000001478e+02,9.051396321491559149e+01
1.534250000000001251e+02,9.052686318972031643e+01
1.534500000000001307e+02,9.054234315948600909e+01
1.534750000000001364e+02,9.055782312925168753e+01
1.535000000000001421e+02,9.057330309901738019e+01
1.535250000000001478e+02,9.058878306878307285e+01
1.535500000000001251e+02,9.060168304358779778e+01
1.535750000000001307e+02,9.061200302343158342e+01
1.536000000000001364e+02,9.061974300831442974e+01
1.536250000000001421e+02,9.062490299823633677e+01
1.536500000000001478e+02,9.062748299319727607e+01
1.536750000000001251e+02,9.062748299319727607e+01
1.537000000000001307e+02,9.062748299319727607e+01
1.537250000000001364e+02,9.062748299319727607e+01
1.537500000000001421e+02,9.062748299319727607e+01
1.537750000000001478e+02,9.062748299319727607e+01
1.538000000000001251e+02,9.063006298815821538e+01
1.538250000000001307e+02,9.063522297808010819e+01
1.538500000000001364e+02,9.064296296296295452e+01
1.538750000000001421e+02,9.065328294280675436e+01
1.539000000000001478e+02,9.066618291761147930e+01
1.539250000000001251e+02,9.068166288737715774e+01
1.539500000000001307e+02,9.069972285210378971e+01
1.539750000000001364e+02,9.072036281179137518e+01
1.540000000000001421e+02,9.074358276643989996e+01
1.540250000000001478e+02,9.076680272108843894e+01
1.540500000000001251e+02,9.079002267573696372e+01
1.540750000000001307e+02,9.081324263038548850e+01
1.541000000000001364e+02,9.083646258503401327e+01
1.541250000000001421e+02,9.085968253968252384e+01
1.541500000000001478e+02,9.088290249433106283e+01
1.541750000000001251e+02,9.090612244897958760e+01
1.542000000000001307e+02,9.092934240362812659e+01
1.542250000000001364e+02,9.095256235827665137e+01
1.542500000000001421e+02,9.097578231292516193e+01
1.542750000000001478e+02,9.099900226757368671e+01
1.543000000000001251e+02,9.102222222222221149e+01
1.543250000000001307e+02,9.104544217687073626e+01
1.543500000000001364e+02,9.106866213151926104e+01
1.543750000000001421e+02,9.109188208616780003e+01
1.544000000000001478e+02,9.111510204081633901e+01
1.544250000000001251e+02,9.113832199546484958e+01
1.544500000000001307e+02,9.116154195011337436e+01
1.544750000000001364e+02,9.118476190476189913e+01
1.545000000000001421e+02,9.120798185941042391e+01
1.545250000000001478e+02,9.123120181405894868e+01
1.545500000000001251e+02,9.125442176870745925e+01
1.545750000000001307e+02,9.127764172335599824e+01
1.546000000000001364e+02,9.130086167800453723e+01
1.546250000000001421e+02,9.132408163265306200e+01
1.546500000000001478e+02,9.134730158730158678e+01
1.546750000000001251e+02,9.137052154195011155e+01
1.547000000000001307e+02,9.139374149659862212e+01
1.547250000000001364e+02,9.141696145124714690e+01
1.547500000000001421e+02,9.144018140589568588e+01
1.547750000000001478e+02,9.146340136054421066e+01
1.548000000000001251e+02,9.148662131519274965e+01
1.548250000000001307e+02,9.150726127488030670e+01
1.548500000000001364e+02,9.152532123960693866e+01
1.548750000000001421e+02,9.154080120937263132e+01
1.549000000000001478e+02,9.155370118417735625e+01
1.549250000000001251e+02,9.156402116402114189e+01
1.549500000000001307e+02,9.157176114890398821e+01
1.549750000000001364e+02,9.157692113882588103e+01
1.550000000000001421e+02,9.157950113378683454e+01
1.550250000000001478e+02,9.157950113378683454e+01
1.550500000000001251e+02,9.157950113378683454e+01
1.550750000000001307e+02,9.157950113378683454e+01
1.551000000000001364e+02,9.157950113378683454e+01
1.551250000000001421e+02,9.157950113378683454e+01
1.551500000000001478e+02,9.157950113378683454e+01
1.551750000000001251e+02,9.157950113378683454e+01
1.552000000000001307e+02,9.157950113378683454e+01
1.552250000000001364e+02,9.157950113378683454e+01
1.552500000000001421e+02,9.157950113378683454e+01
1.552750000000001478e+02,9.157950113378683454e+01
1.553000000000001251e+02,9.157950113378683454e+01
1.553250000000001307e+02,9.157950113378683454e+01
1.553500000000001364e+02,9.157950113378683454e+01
1.553750000000001421e+02,9.157950113378683454e+01
1.554000000000001478e+02,9.157950113378683454e+01
1.554250000000001251e+02,9.157950113378683454e+01
1.554500000000001307e+02,9.157950113378683454e+01
1.554750000000001364e+02,9.157950113378683454e+01
1.555000000000001421e+02,9.157950113378683454e+01
1.555250000000001478e+02,9.157950113378683454e+01
1.555500000000001251e+02,9.157950113378683454e+01
1.555750000000001307e+02,9.157950113378683454e+01
1.556000000000001364e+02,9.157950113378683454e+01
1.556250000000001421e+02,9.157950113378683454e+01
1.556500000000001478e+02,9.158208112874778806e+01
1.556750000000001251e+02,9.158724111866968087e+01
1.557000000000001307e+02,9.159498110355251299e+01
1.557250000000001364e+02,9.160530108339629862e+01
1.557500000000001421e+02,9.161820105820103777e+01
1.557750000000001478e+02,9.163368102796673043e+01
1.558000000000001251e+02,9.165174099269334818e+01
1.558250000000001307e+02,9.167238095238094786e+01
1.558500000000001364e+02,9.169560090702947264e+01
1.558750000000001421e+02,9.171882086167799741e+01
1.559000000000001478e+02,9.174204081632652219e+01
1.559250000000001535e+02,9.176526077097504697e+01
1.559500000000001307e+02,9.178848072562357174e+01
1.559750000000001364e+02,9.180912068531114301e+01
1.560000000000001421e+02,9.182718065003777497e+01
1.560250000000001478e+02,9.184266061980346763e+01
1.560500000000001535e+02,9.185556059460819256e+01
1.560750000000001307e+02,9.186588057445197819e+01
1.561000000000001364e+02,9.187362055933482452e+01
1.561250000000001421e+02,9.187878054925673155e+01
1.561500000000001478e+02,9.188136054421767085e+01
1.561750000000001535e+02,9.188136054421767085e+01
1.562000000000001307e+02,9.188394053917862436e+01
1.562250000000001364e+02,9.188910052910053139e+01
1.562500000000001421e+02,9.189684051398336351e+01
1.562750000000001478e+02,9.190716049382714914e+01
1.563000000000001535e+02,9.192006046863188828e+01
1.563250000000001307e+02,9.193554043839756673e+01
1.563500000000001364e+02,9.195360040312419869e+01
1.563750000000001421e+02,9.197424036281178417e+01
1.564000000000001478e+02,9.199746031746032315e+01
1.564250000000001535e+02,9.202068027210884793e+01
1.564500000000001307e+02,9.204390022675737271e+01
1.564750000000001364e+02,9.206712018140588327e+01
1.565000000000001421e+02,9.208776014109345454e+01
1.565250000000001478e+02,9.210582010582008650e+01
1.565500000000001535e+02,9.212130007558576494e+01
1.565750000000001307e+02,9.213420005039050409e+01
1.566000000000001364e+02,9.214452003023428972e+01
1.566250000000001421e+02,9.215226001511713605e+01
1.566500000000001478e+02,9.215742000503902887e+01
1.566750000000001535e+02,9.215999999999996817e+01
1.567000000000001307e+02,9.215999999999996817e+01
1.567250000000001364e+02,9.215999999999996817e+01
1.567500000000001421e+02,9.215999999999996817e+01
1.567750000000001478e+02,9.216257999496092168e+01
1.568000000000001535e+02,9.216773998488281450e+01
1.568250000000001307e+02,9.217547996976566083e+01
1.568500000000001364e+02,9.218579994960946067e+01
1.568750000000001421e+02,9.219869992441421402e+01
1.569000000000001478e+02,9.221417989417989247e+01
1.569250000000001535e+02,9.223223985890652443e+01
1.569500000000001307e+02,9.225287981859409570e+01
1.569750000000001364e+02,9.227609977324262047e+01
1.570000000000001421e+02,9.229931972789114525e+01
1.570250000000001478e+02,9.232253968253968424e+01
1.570500000000001535e+02,9.234575963718822322e+01
1.570750000000001307e+02,9.236897959183673379e+01
1.571000000000001364e+02,9.239219954648525857e+01
1.571250000000001421e+02,9.241541950113378334e+01
1.571500000000001478e+02,9.243863945578230812e+01
1.571750000000001535e+02,9.246185941043083290e+01
1.572000000000001307e+02,9.248507936507934346e+01
1.572250000000001364e+02,9.250829931972788245e+01
1.572500000000001421e+02,9.253151927437642144e+01
1.572750000000001478e+02,9.255473922902494621e+01
1.573000000000001535e+02,9.257795918367347099e+01
1.573250000000001307e+02,9.260117913832199577e+01
1.573500000000001364e+02,9.262439909297050633e+01
1.573750000000001421e+02,9.264761904761903111e+01
1.574000000000001478e+02,9.267083900226757009e+01
1.574250000000001535e+02,9.269405895691609487e+01
1.574500000000001307e+02,9.271727891156463386e+01
1.574750000000001364e+02,9.274049886621314442e+01
1.575000000000001421e+02,9.276371882086166920e+01
1.575250000000001478e+02,9.278693877551019398e+01
1.575500000000001535e+02,9.281015873015871875e+01
1.575750000000001307e+02,9.283337868480724353e+01
1.576000000000001364e+02,9.285659863945576831e+01
1.576250000000001421e+02,9.287981859410429308e+01
1.576500000000001478e+02,9.290303854875283207e+01
1.576750000000001535e+02,9.292625850340135685e+01
1.577000000000001307e+02,9.294947845804988162e+01
1.577250000000001364e+02,9.297269841269840640e+01
1.577500000000001421e+02,9.299591836734693118e+01
1.577750000000001478e+02,9.301913832199545595e+01
1.578000000000001535e+02,9.304235827664398073e+01
1.578250000000001307e+02,9.306557823129251972e+01
1.578500000000001364e+02,9.308879818594104449e+01
1.578750000000001421e+02,9.311201814058956927e+01
1.579000000000001478e+02,9.313523809523809405e+01
1.579250000000001535e+02,9.315845804988660461e+01
1.579500000000001307e+02,9.318167800453514360e+01
1.579750000000001364e+02,9.320489795918366838e+01
1.580000000000001421e+02,9.322811791383220736e+01
1.580250000000001478e+02,9.325133786848073214e+01
1.580500000000001535e+02,9.327455782312924271e+01
1.580750000000001307e+02,9.329519778281682818e+01
1.581000000000001364e+02,9.331325774754346014e+01
1.581250000000001421e+02,9.332873771730915280e+01
1.581500000000001478e+02,9.334163769211389194e+01
1.581750000000001535e+02,9.335195767195769179e+01
1.582000000000001307e+02,9.335969765684052390e+01
1.582250000000001364e+02,9.336485764676241672e+01
1.582500000000001421e+02,9.336743764172337023e+01
1.582750000000001478e+02,9.336743764172337023e+01
1.583000000000001535e+02,9.336743764172337023e+01
1.583250000000001307e+02,9.336743764172337023e+01
1.583500000000001364e+02,9.336743764172337023e+01
1.583750000000001421e+02,9.336743764172337023e+01
1.584000000000001478e+02,9.336743764172337023e+01
1.584250000000001535e+02,9.336743764172337023e+01
1.584500000000001307e+02,9.336743764172337023e+01
1.584750000000001364e+02,9.336743764172337023e+01
1.585000000000001421e+02,9.336743764172337023e+01
1.585250000000001478e+02,9.336743764172337023e+01
1.585500000000001535e+02,9.336743764172337023e+01
1.585750000000001307e+02,9.337001763668430954e+01
1.586000000000001364e+02,9.337517762660620235e+01
1.586250000000001421e+02,9.338291761148903447e+01
1.586500000000001478e+02,9.339323759133282010e+01
1.586750000000001535e+02,9.340613756613754504e+01
1.587000000000001307e+02,9.342161753590323769e+01
1.587250000000001364e+02,9.343967750062988387e+01
1.587500000000001421e+02,9.346031746031745513e+01
1.587750000000001478e+02,9.348353741496597991e+01
1.588000000000001535e+02,9.350675736961450468e+01
1.588250000000001307e+02,9.352997732426302946e+01
1.588500000000001364e+02,9.355319727891154002e+01
1.588750000000001421e+02,9.357641723356007901e+01
1.589000000000001478e+02,9.359963718820861800e+01
1.589250000000001535e+02,9.362285714285714278e+01
1.589500000000001307e+02,9.364607709750566755e+01
1.589750000000001364e+02,9.366929705215419233e+01
1.590000000000001421e+02,9.369251700680270289e+01
1.590250000000001478e+02,9.371573696145122767e+01
1.590500000000001535e+02,9.373895691609976666e+01
1.590750000000001307e+02,9.376217687074830565e+01
1.591000000000001364e+02,9.378539682539683042e+01
1.591250000000001421e+02,9.380861678004535520e+01
1.591500000000001478e+02,9.383183673469386576e+01
1.591750000000001535e+02,9.385505668934239054e+01
1.592000000000001307e+02,9.387827664399091532e+01
1.592250000000001364e+02,9.389891660367848658e+01
1.592500000000001421e+02,9.391697656840511854e+01
1.592750000000001478e+02,9.393245653817081120e+01
1.593000000000001535e+02,9.394535651297553613e+01
1.593250000000001307e+02,9.395567649281933598e+01
1.593500000000001364e+02,9.396341647770216809e+01
1.593750000000001421e+02,9.397115646258501442e+01
1.594000000000001478e+02,9.397889644746787496e+01
1.594250000000001535e+02,9.398663643235070708e+01
1.594500000000001307e+02,9.399695641219450692e+01
1.594750000000001364e+02,9.400985638699923186e+01
1.595000000000001421e+02,9.402533635676491031e+01
1.595250000000001478e+02,9.404339632149154227e+01
1.595500000000001535e+02,9.406403628117912774e+01
1.595750000000001307e+02,9.408725623582765252e+01
1.596000000000001364e+02,9.411047619047617729e+01
1.596250000000001421e+02,9.413369614512471628e+01
1.596500000000001478e+02,9.415691609977324106e+01
1.596750000000001535e+02,9.418013605442176583e+01
1.597000000000001307e+02,9.420335600907029061e+01
1.597250000000001364e+02,9.422657596371880118e+01
1.597500000000001421e+02,9.424979591836734016e+01
1.597750000000001478e+02,9.427301587301586494e+01
1.598000000000001535e+02,9.429623582766440393e+01
1.598250000000001307e+02,9.431945578231292870e+01
1.598500000000001364e+02,9.434009574200049997e+01
1.598750000000001421e+02,9.436073570168808544e+01
1.599000000000001478e+02,9.438137566137565670e+01
1.599250000000001535e+02,9.440201562106322797e+01
1.599500000000001307e+02,9.442265558075079923e+01
1.599750000000001364e+02,9.444329554043838471e+01
1.600000000000001421e+02,9.446393550012597018e+01
1.600250000000001478e+02,9.448457545981355565e+01
1.600500000000001535e+02,9.450521541950112692e+01
1.600750000000001307e+02,9.452843537414965169e+01
1.601000000000001364e+02,9.455165532879817647e+01
1.601250000000001421e+02,9.457487528344670125e+01
1.601500000000001478e+02,9.459809523809522602e+01
1.601750000000001535e+02,9.462131519274376501e+01
1.602000000000001307e+02,9.464453514739230400e+01
1.602250000000001364e+02,9.466775510204081456e+01
1.602500000000001421e+02,9.469097505668933934e+01
1.602750000000001478e+02,9.471419501133786412e+01
1.603000000000001535e+02,9.473741496598638889e+01
1.603250000000001307e+02,9.476063492063491367e+01
1.603500000000001364e+02,9.478385487528342424e+01
1.603750000000001421e+02,9.480707482993196322e+01
1.604000000000001478e+02,9.483029478458050221e+01
1.604250000000001535e+02,9.485351473922902699e+01
1.604500000000001307e+02,9.487673469387755176e+01
1.604750000000001364e+02,9.489995464852607654e+01
1.605000000000001421e+02,9.492317460317458711e+01
1.605250000000001478e+02,9.494639455782311188e+01
1.605500000000001535e+02,9.496961451247165087e+01
1.605750000000001307e+02,9.499283446712017565e+01
1.606000000000001364e+02,9.501605442176871463e+01
1.606250000000001421e+02,9.503927437641722520e+01
1.606500000000001478e+02,9.506249433106574998e+01
1.606750000000001535e+02,9.508571428571427475e+01
1.607000000000001307e+02,9.510893424036279953e+01
1.607250000000001364e+02,9.513215419501132430e+01
1.607500000000001421e+02,9.515537414965984908e+01
1.607750000000001478e+02,9.517859410430837386e+01
1.608000000000001535e+02,9.520181405895691285e+01
1.608250000000001307e+02,9.522503401360543762e+01
1.608500000000001364e+02,9.524825396825396240e+01
1.608750000000001421e+02,9.527147392290248717e+01
1.609000000000001478e+02,9.529469387755101195e+01
1.609250000000001535e+02,9.531791383219953673e+01
1.609500000000001307e+02,9.534113378684806150e+01
1.609750000000001364e+02,9.536435374149660049e+01
1.610000000000001421e+02,9.538757369614512527e+01
1.610250000000001478e+02,9.541079365079365004e+01
1.610500000000001535e+02,9.543401360544217482e+01
1.610750000000001307e+02,9.545723356009068539e+01
1.611000000000001364e+02,9.548045351473922437e+01
1.611250000000001421e+02,9.550367346938774915e+01
1.611500000000001478e+02,9.552689342403628814e+01
1.611750000000001535e+02,9.555011337868481291e+01
1.612000000000001307e+02,9.557333333333332348e+01
1.612250000000001364e+02,9.559655328798184826e+01
1.612500000000001421e+02,9.561977324263037303e+01
1.612750000000001478e+02,9.564299319727889781e+01
1.613000000000001535e+02,9.566621315192742259e+01
1.613250000000001307e+02,9.568943310657596157e+01
1.613500000000001364e+02,9.571265306122450056e+01
1.613750000000001421e+02,9.573587301587301113e+01
1.614000000000001478e+02,9.575909297052153590e+01
1.614250000000001535e+02,9.578231292517006068e+01
1.614500000000001307e+02,9.580553287981858546e+01
1.614750000000001364e+02,9.582875283446711023e+01
1.615000000000001421e+02,9.585197278911562080e+01
1.615250000000001478e+02,9.587519274376418821e+01
1.615500000000001535e+02,9.589841269841269877e+01
1.615750000000001307e+02,9.592163265306122355e+01
1.616000000000001364e+02,9.594485260770974833e+01
1.616250000000001421e+02,9.596807256235827310e+01
1.616500000000001478e+02,9.599129251700678367e+01
1.616750000000001535e+02,9.601451247165530845e+01
1.617000000000001307e+02,9.603773242630384743e+01
1.617250000000001364e+02,9.606095238095240063e+01
1.617500000000001421e+02,9.608417233560089699e+01
1.617750000000001478e+02,9.610739229024943597e+01
1.618000000000001535e+02,9.613061224489794654e+01
1.618250000000001307e+02,9.615383219954648553e+01
1.618500000000001364e+02,9.617705215419499609e+01
1.618750000000001421e+02,9.620027210884352087e+01
1.619000000000001478e+02,9.622349206349205986e+01
1.619250000000001535e+02,9.624671201814058463e+01
1.619500000000001307e+02,9.626993197278912362e+01
1.619750000000001364e+02,9.629315192743763419e+01
1.619750000000001364e+02,9.631637188208615896e+01
1.619750000000001364e+02,9.633959183673468374e+01
1.620000000000001421e+02,9.636281179138320852e+01
1.620250000000001478e+02,9.638603174603173329e+01
1.620500000000001535e+02,9.640925170068025807e+01
1.620750000000001307e+02,9.643247165532879706e+01
1.621000000000001364e+02,9.645569160997732183e+01
1.621250000000001421e+02,9.647891156462584661e+01
1.621500000000001478e+02,9.650213151927435717e+01
1.621750000000001535e+02,9.652535147392289616e+01
1.622000000000001592e+02,9.654857142857142094e+01
1.622250000000001364e+02,9.657179138321994571e+01
1.622500000000001421e+02,9.659501133786848470e+01
1.622750000000001478e+02,9.661565129755607018e+01
1.623000000000001535e+02,9.663371126228270214e+01
1.623250000000001592e+02,9.664919123204838058e+01
1.623500000000001364e+02,9.666209120685311973e+01
1.623750000000001421e+02,9.667499118165784466e+01
1.624000000000001478e+02,9.668789115646258381e+01
1.624250000000001535e+02,9.670079113126730874e+01
1.624500000000001592e+02,9.671369110607204789e+01
1.624750000000001364e+02,9.672659108087677282e+01
1.625000000000001421e+02,9.674207105064247969e+01
1.625250000000001478e+02,9.676013101536911165e+01
1.625500000000001535e+02,9.678077097505668291e+01
1.625750000000001592e+02,9.680399092970522190e+01
1.626000000000001364e+02,9.682721088435373247e+01
1.626250000000001421e+02,9.685043083900225724e+01
1.626500000000001478e+02,9.687365079365078202e+01
1.626750000000001535e+02,9.689687074829930680e+01
1.627000000000001592e+02,9.692009070294784578e+01
1.627250000000001364e+02,9.694331065759635635e+01
1.627500000000001421e+02,9.696395061728395603e+01
1.627750000000001478e+02,9.698201058201057378e+01
1.628000000000001535e+02,9.699749055177625223e+01
1.628250000000001592e+02,9.701039052658099138e+01
1.628500000000001364e+02,9.702071050642477701e+01
1.628750000000001421e+02,9.703103048626857685e+01
1.629000000000001478e+02,9.704135046611236248e+01
1.629250000000001535e+02,9.705167044595616233e+01
1.629500000000001592e+02,9.706199042579993375e+01
1.629750000000001364e+02,9.707489040060467289e+01
1.630000000000001421e+02,9.709037037037035134e+01
1.630250000000001478e+02,9.710843033509698330e+01
1.630500000000001535e+02,9.712907029478459719e+01
1.630750000000001592e+02,9.715229024943310776e+01
1.631000000000001364e+02,9.717551020408163254e+01
1.631250000000001421e+02,9.719873015873014310e+01
1.631500000000001478e+02,9.722195011337868209e+01
1.631750000000001535e+02,9.724517006802719266e+01
1.632000000000001592e+02,9.726839002267573164e+01
1.632250000000001364e+02,9.729160997732425642e+01
1.632500000000001421e+02,9.731482993197278120e+01
1.632750000000001478e+02,9.733804988662132018e+01
1.633000000000001535e+02,9.736126984126983075e+01
1.633250000000001592e+02,9.738448979591836974e+01
1.633500000000001364e+02,9.740770975056688030e+01
1.633750000000001421e+02,9.743092970521540508e+01
1.634000000000001478e+02,9.745414965986392986e+01
1.634250000000001535e+02,9.747736961451245463e+01
1.634500000000001592e+02,9.750058956916099362e+01
1.634750000000001364e+02,9.752380952380951840e+01
1.635000000000001421e+02,9.754702947845804317e+01
1.635250000000001478e+02,9.757024943310655374e+01
1.635500000000001535e+02,9.759346938775509273e+01
1.635750000000001592e+02,9.761668934240361750e+01
1.636000000000001364e+02,9.763990929705214228e+01
1.636250000000001421e+02,9.766312925170068127e+01
1.636500000000001478e+02,9.768634920634920604e+01
1.636750000000001535e+02,9.770956916099773082e+01
1.637000000000001592e+02,9.773278911564624138e+01
1.637250000000001364e+02,9.775600907029478037e+01
1.637500000000001421e+02,9.777922902494330515e+01
1.637750000000001478e+02,9.780244897959182993e+01
1.638000000000001535e+02,9.782566893424036891e+01
1.638250000000001592e+02,9.784888888888887948e+01
1.638500000000001364e+02,9.787210884353741847e+01
1.638750000000001421e+02,9.789532879818592903e+01
1.639000000000001478e+02,9.791854875283446802e+01
1.639250000000001535e+02,9.794176870748297858e+01
1.639500000000001592e+02,9.796498866213150336e+01
1.639750000000001364e+02,9.798820861678004235e+01
1.640000000000001421e+02,9.801142857142856712e+01
1.640250000000001478e+02,9.803464852607710611e+01
1.640500000000001535e+02,9.805786848072561668e+01
1.640750000000001592e+02,9.808108843537414145e+01
1.641000000000001364e+02,9.810430839002265202e+01
1.641250000000001421e+02,9.812752834467119101e+01
1.641500000000001478e+02,9.815074829931970157e+01
1.641750000000001535e+02,9.817396825396824056e+01
1.642000000000001592e+02,9.819718820861679376e+01
1.642250000000001364e+02,9.822040816326530432e+01
1.642500000000001421e+02,9.824362811791382910e+01
1.642750000000001478e+02,9.826684807256233967e+01
1.643000000000001535e+02,9.829006802721087865e+01
1.643250000000001592e+02,9.831328798185938922e+01
1.643500000000001364e+02,9.833650793650792821e+01
1.643750000000001421e+02,9.835972789115648141e+01
1.644000000000001478e+02,9.838294784580497776e+01
1.644250000000001535e+02,9.840358780549256323e+01
1.644500000000001592e+02,9.842164777021918098e+01
1.644750000000001364e+02,9.843712773998487364e+01
1.645000000000001421e+02,9.845002771478959858e+01
1.645250000000001478e+02,9.846034769463338421e+01
1.645500000000001535e+02,9.846808767951623054e+01
1.645750000000001592e+02,9.847324766943812335e+01
1.646000000000001364e+02,9.847582766439907687e+01
1.646250000000001421e+02,9.847582766439907687e+01
1.646500000000001478e+02,9.847582766439907687e+01
1.646750000000001535e+02,9.847582766439907687e+01
1.647000000000001592e+02,9.847582766439907687e+01
1.647250000000001364e+02,9.847840765936003038e+01
1.647500000000001421e+02,9.848356764928192320e+01
1.647750000000001478e+02,9.849130763416476952e+01
1.648000000000001535e+02,9.850162761400854095e+01
1.648250000000001592e+02,9.851452758881328009e+01
1.648500000000001364e+02,9.853000755857897275e+01
1.648750000000001421e+02,9.854806752330560471e+01
1.649000000000001478e+02,9.856870748299320439e+01
1.649250000000001535e+02,9.859192743764171496e+01
1.649500000000001592e+02,9.861514739229023974e+01
1.649750000000001364e+02,9.863836734693876451e+01
1.650000000000001421e+02,9.866158730158728929e+01
1.650250000000001478e+02,9.868480725623581407e+01
1.650500000000001535e+02,9.870802721088433884e+01
1.650750000000001592e+02,9.873124716553287783e+01
1.651000000000001364e+02,9.875446712018140261e+01
1.651250000000001421e+02,9.877768707482992738e+01
1.651500000000001478e+02,9.880090702947843795e+01
1.651750000000001535e+02,9.882412698412697694e+01
1.652000000000001592e+02,9.884734693877550171e+01
1.652250000000001364e+02,9.887056689342402649e+01
1.652500000000001421e+02,9.889378684807256548e+01
1.652750000000001478e+02,9.891700680272109025e+01
1.653000000000001535e+02,9.894022675736961503e+01
1.653250000000001592e+02,9.896344671201812560e+01
1.653500000000001364e+02,9.898666666666666458e+01
1.653750000000001421e+02,9.900988662131518936e+01
1.654000000000001478e+02,9.903310657596371414e+01
1.654250000000001535e+02,9.905632653061225312e+01
1.654500000000001592e+02,9.907954648526076369e+01
1.654750000000001364e+02,9.910276643990930268e+01
1.654750000000001364e+02,9.912598639455781324e+01
1.655000000000001421e+02,9.914920634920633802e+01
1.655250000000001478e+02,9.917242630385486279e+01
1.655500000000001535e+02,9.919564625850338757e+01
1.655750000000001592e+02,9.921886621315192656e+01
1.656000000000001364e+02,9.924208616780043712e+01
1.656250000000001421e+02,9.926530612244899032e+01
1.656500000000001478e+02,9.928852607709750089e+01
1.656750000000001535e+02,9.931174603174602566e+01
1.657000000000001592e+02,9.933496598639453623e+01
1.657250000000001364e+02,9.935818594104307522e+01
1.657500000000001421e+02,9.938140589569158578e+01
1.657750000000001478e+02,9.940462585034012477e+01
1.658000000000001535e+02,9.942784580498867797e+01
1.658250000000001592e+02,9.945106575963718853e+01
1.658500000000001364e+02,9.947428571428571331e+01
1.658750000000001421e+02,9.949750566893422388e+01
1.659000000000001478e+02,9.952072562358276286e+01
1.659250000000001535e+02,9.954394557823127343e+01
1.659500000000001592e+02,9.956716553287981242e+01
1.659750000000001364e+02,9.959038548752836562e+01
1.659750000000001364e+02,9.961360544217686197e+01
1.659750000000001364e+02,9.963682539682540096e+01
1.659750000000001364e+02,9.966004535147391152e+01
1.659750000000001364e+02,9.968326530612245051e+01
1.659750000000001364e+02,9.970648526077096108e+01
1.659750000000001364e+02,9.972970521541948585e+01
1.659750000000001364e+02,9.975292517006802484e+01
1.659750000000001364e+02,9.977614512471654962e+01
1.659750000000001364e+02,9.979936507936508860e+01
1.660000000000001421e+02,9.982258503401359917e+01
1.660250000000001478e+02,9.984580498866212395e+01
1.660500000000001535e+02,9.986902494331063451e+01
1.660750000000001592e+02,9.989224489795917350e+01
1.661000000000001364e+02,9.991546485260769828e+01
1.661250000000001421e+02,9.993868480725622305e+01
1.661500000000001478e+02,9.996190476190476204e+01
1.661750000000001535e+02,9.998512471655328682e+01
1.662000000000001592e+02,1.000083446712018116e+02
1.662250000000001364e+02,1.000315646258503222e+02
1.662500000000001421e+02,1.000547845804988611e+02
1.662750000000001478e+02,1.000780045351473859e+02
1.663000000000001535e+02,1.001012244897959107e+02
1.663250000000001592e+02,1.001244444444444497e+02
1.663500000000001364e+02,1.001476643990929603e+02
1.663750000000001421e+02,1.001708843537414992e+02
1.664000000000001478e+02,1.001941043083900098e+02
1.664250000000001535e+02,1.002173242630385488e+02
1.664500000000001592e+02,1.002405442176870594e+02
1.664750000000001364e+02,1.002637641723355841e+02
1.665000000000001421e+02,1.002869841269841231e+02
1.665250000000001478e+02,1.003102040816326479e+02
1.665500000000001535e+02,1.003334240362811869e+02
1.665750000000001592e+02,1.003566439909296975e+02
1.666000000000001364e+02,1.003798639455782222e+02
1.666250000000001421e+02,1.004030839002267470e+02
1.666500000000001478e+02,1.004263038548752718e+02
1.666750000000001535e+02,1.004495238095238108e+02
1.667000000000001592e+02,1.004727437641723213e+02
1.667250000000001364e+02,1.004959637188208745e+02
1.667500000000001421e+02,1.005191836734693851e+02
1.667750000000001478e+02,1.005424036281179099e+02
1.668000000000001535e+02,1.005656235827664204e+02
1.668250000000001592e+02,1.005888435374149594e+02
1.668500000000001364e+02,1.006120634920634700e+02
1.668750000000001421e+02,1.006352834467120090e+02
1.669000000000001478e+02,1.006585034013605622e+02
1.669250000000001535e+02,1.006817233560090727e+02
1.669500000000001592e+02,1.007049433106575975e+02
1.669750000000001364e+02,1.007281632653061081e+02
1.669750000000001364e+02,1.007513832199546471e+02
1.669750000000001364e+02,1.007746031746031576e+02
1.669750000000001364e+02,1.007978231292516966e+02
1.669750000000001364e+02,1.008210430839002214e+02
1.669750000000001364e+02,1.008442630385487462e+02
1.669750000000001364e+02,1.008674829931972852e+02
1.669750000000001364e+02,1.008907029478457957e+02
1.669750000000001364e+02,1.009139229024943205e+02
1.669750000000001364e+02,1.009371428571428453e+02
1.669750000000001364e+02,1.009603628117913701e+02
1.669750000000001364e+02,1.009835827664398948e+02
1.669750000000001364e+02,1.010068027210884196e+02
1.669750000000001364e+02,1.010300226757369586e+02
1.669750000000001364e+02,1.010532426303854834e+02
1.669750000000001364e+02,1.010764625850340082e+02
1.669750000000001364e+02,1.010996825396825187e+02
1.669750000000001364e+02,1.011229024943310577e+02
1.669750000000001364e+02,1.011461224489795825e+02
1.669750000000001364e+02,1.011693424036281073e+02
1.669750000000001364e+02,1.011925623582766463e+02
1.669750000000001364e+02,1.012157823129251710e+02
1.669750000000001364e+02,1.012390022675736958e+02
1.669750000000001364e+02,1.012622222222222064e+02
1.669750000000001364e+02,1.012854421768707454e+02
1.669750000000001364e+02,1.013086621315192701e+02
1.669750000000001364e+02,1.013318820861677949e+02
1.669750000000001364e+02,1.013551020408163339e+02
1.669750000000001364e+02,1.013783219954648445e+02
1.669750000000001364e+02,1.014015419501133835e+02
1.669750000000001364e+02,1.014247619047618940e+02
1.669750000000001364e+02,1.014479818594104330e+02
1.669750000000001364e+02,1.014712018140589436e+02
1.669750000000001364e+02,1.014944217687074683e+02
1.669750000000001364e+02,1.015176417233560073e+02
1.669750000000001364e+02,1.015408616780045179e+02
1.669750000000001364e+02,1.015640816326530711e+02
1.669750000000001364e+02,1.015873015873015817e+02
1.669750000000001364e+02,1.016105215419501064e+02
1.669750000000001364e+02,1.016337414965986170e+02
1.669750000000001364e+02,1.016569614512471560e+02
1.669750000000001364e+02,1.016801814058956666e+02
1.669750000000001364e+02,1.017034013605442055e+02
1.669750000000001364e+02,1.017266213151927587e+02
1.669750000000001364e+02,1.017498412698412693e+02
1.669750000000001364e+02,1.017730612244897941e+02
1.669750000000001364e+02,1.017962811791383047e+02
1.669750000000001364e+02,1.018195011337868436e+02
1.669750000000001364e+02,1.018427210884353542e+02
1.669750000000001364e+02,1.018659410430838932e+02
1.669750000000001364e+02,1.018891609977324464e+02
1.669750000000001364e+02,1.019123809523809427e+02
1.669750000000001364e+02,1.019356009070294817e+02
1.669750000000001364e+02,1.019588208616779923e+02
1.669750000000001364e+02,1.019820408163265313e+02
1.669750000000001364e+02,1.020052607709750419e+02
1.669750000000001364e+02,1.020284807256235666e+02
1.670000000000001421e+02,1.020517006802721056e+02
1.670250000000001478e+02,1.020749206349206304e+02
1.670500000000001535e+02,1.020981405895691694e+02
1.670750000000001592e+02,1.021213605442176799e+02
1.671000000000001364e+02,1.021445804988662047e+02
1.671250000000001421e+02,1.021678004535147153e+02
1.671500000000001478e+02,1.021884404132023008e+02
1.671750000000001535e+02,1.022065003779289185e+02
1.672000000000001592e+02,1.022219803476946112e+02
1.672250000000001364e+02,1.022348803224993503e+02
1.672500000000001421e+02,1.022452003023431359e+02
1.672750000000001478e+02,1.022529402872259823e+02
1.673000000000001535e+02,1.022581002771478751e+02
1.673250000000001592e+02,1.022606802721088144e+02
1.673500000000001364e+02,1.022606802721088144e+02
1.673750000000001421e+02,1.022606802721088144e+02
1.674000000000001478e+02,1.022606802721088144e+02
1.674250000000001535e+02,1.022606802721088144e+02
1.674500000000001592e+02,1.022606802721088144e+02
1.674750000000001364e+02,1.022606802721088144e+02
1.675000000000001421e+02,1.022606802721088144e+02
1.675250000000001478e+02,1.022606802721088144e+02
1.675500000000001535e+02,1.022606802721088144e+02
1.675750000000001592e+02,1.022606802721088144e+02
1.676000000000001364e+02,1.022606802721088144e+02
1.676250000000001421e+02,1.022606802721088144e+02
1.676500000000001478e+02,1.022606802721088144e+02
1.676750000000001535e+02,1.022606802721088144e+02
1.677000000000001592e+02,1.022606802721088144e+02
1.677250000000001364e+02,1.022606802721088144e+02
1.677500000000001421e+02,1.022606802721088144e+02
1.677750000000001478e+02,1.022606802721088144e+02
1.678000000000001535e+02,1.022632602670697679e+02
1.678250000000001592e+02,1.022684202569916749e+02
1.678500000000001364e+02,1.022761602418745071e+02
1.678750000000001421e+02,1.022864802217183211e+02
1.679000000000001478e+02,1.022993801965230460e+02
1.679250000000001535e+02,1.023148601662887387e+02
1.679500000000001592e+02,1.023329201310153564e+02
1.679750000000001364e+02,1.023509800957419884e+02
1.680000000000001421e+02,1.023690400604686062e+02
1.680250000000001478e+02,1.023845200302342846e+02
1.680500000000001535e+02,1.023974200050390380e+02
1.680750000000001592e+02,1.024077399848828236e+02
1.681000000000001364e+02,1.024154799697656699e+02
1.681250000000001421e+02,1.024206399596875627e+02
1.681500000000001478e+02,1.024232199546485020e+02
1.681750000000001535e+02,1.024232199546485020e+02
1.682000000000001592e+02,1.024257999496094556e+02
1.682250000000001364e+02,1.024309599395313626e+02
1.682500000000001421e+02,1.024386999244141947e+02
1.682750000000001478e+02,1.024490199042580088e+02
1.683000000000001535e+02,1.024619198790627337e+02
1.683250000000001592e+02,1.024773998488284263e+02
1.683500000000001364e+02,1.024954598135550441e+02
1.683750000000001421e+02,1.025160997732426296e+02
1.684000000000001478e+02,1.025393197278911543e+02
1.684250000000001535e+02,1.025625396825396791e+02
1.684500000000001592e+02,1.025857596371882181e+02
1.684750000000001364e+02,1.026089795918367287e+02
1.685000000000001421e+02,1.026321995464852677e+02
1.685250000000001478e+02,1.026554195011337782e+02
1.685500000000001535e+02,1.026786394557823030e+02
1.685750000000001592e+02,1.027018594104308278e+02
1.686000000000001364e+02,1.027250793650793526e+02
1.686250000000001421e+02,1.027482993197278915e+02
1.686500000000001478e+02,1.027715192743764021e+02
1.686750000000001535e+02,1.027947392290249553e+02
1.687000000000001592e+02,1.028179591836734659e+02
1.687250000000001648e+02,1.028411791383219906e+02
1.687500000000001421e+02,1.028643990929705012e+02
1.687750000000001478e+02,1.028876190476190402e+02
1.688000000000001535e+02,1.029108390022675508e+02
1.688250000000001592e+02,1.029314789619551505e+02
1.688500000000001648e+02,1.029521189216427501e+02
1.688750000000001421e+02,1.029727588813303072e+02
1.689000000000001478e+02,1.029933988410178927e+02
1.689250000000001535e+02,1.030140388007054639e+02
1.689500000000001592e+02,1.030346787603930352e+02
1.689750000000001648e+02,1.030553187200806207e+02
1.690000000000001421e+02,1.030759586797681777e+02
1.690250000000001478e+02,1.030965986394557774e+02
1.690500000000001535e+02,1.031198185941043022e+02
1.690750000000001592e+02,1.031430385487528270e+02
1.691000000000001648e+02,1.031662585034013659e+02
1.691250000000001421e+02,1.031868984630889372e+02
1.691500000000001478e+02,1.032049584278155834e+02
1.691750000000001535e+02,1.032204383975812618e+02
1.692000000000001592e+02,1.032333383723860010e+02
1.692250000000001648e+02,1.032436583522298008e+02
1.692500000000001421e+02,1.032513983371126329e+02
1.692750000000001478e+02,1.032565583270345400e+02
1.693000000000001535e+02,1.032617183169564186e+02
1.693250000000001592e+02,1.032668783068783114e+02
1.693500000000001648e+02,1.032746182917611435e+02
1.693750000000001421e+02,1.032849382716049291e+02
1.694000000000001478e+02,1.032978382464096683e+02
1.694250000000001535e+02,1.033133182161753467e+02
1.694500000000001592e+02,1.033313781809019787e+02
1.694750000000001648e+02,1.033520181405895642e+02
1.695000000000001421e+02,1.033752380952380889e+02
1.695250000000001478e+02,1.033984580498865995e+02
1.695500000000001535e+02,1.034190980095741850e+02
1.695750000000001592e+02,1.034371579743008027e+02
1.696000000000001648e+02,1.034526379440664812e+02
1.696250000000001421e+02,1.034655379188712345e+02
1.696500000000001478e+02,1.034758578987150202e+02
1.696750000000001535e+02,1.034835978835978665e+02
1.697000000000001592e+02,1.034887578735197593e+02
1.697250000000001648e+02,1.034939178634416521e+02
1.697500000000001421e+02,1.034990778533635591e+02
1.697750000000001478e+02,1.035068178382463913e+02
1.698000000000001535e+02,1.035171378180902053e+02
1.698250000000001592e+02,1.035300377928949302e+02
1.698500000000001648e+02,1.035455177626606229e+02
1.698750000000001421e+02,1.035635777273872407e+02
1.699000000000001478e+02,1.035842176870748261e+02
1.699250000000001535e+02,1.036074376417233509e+02
1.699500000000001592e+02,1.036306575963718757e+02
1.699750000000001648e+02,1.036538775510204147e+02
1.700000000000001421e+02,1.036770975056689252e+02
1.700250000000001478e+02,1.037003174603174642e+02
1.700500000000001535e+02,1.037235374149659748e+02
1.700750000000001592e+02,1.037441773746535603e+02
1.701000000000001648e+02,1.037622373393801780e+02
1.701250000000001421e+02,1.037777173091458565e+02
1.701500000000001478e+02,1.037906172839505956e+02
1.701750000000001535e+02,1.038009372637943812e+02
1.702000000000001592e+02,1.038086772486772134e+02
1.702250000000001648e+02,1.038138372385991062e+02
1.702500000000001421e+02,1.038164172335600597e+02
1.702750000000001478e+02,1.038164172335600597e+02
1.703000000000001535e+02,1.038164172335600597e+02
1.703250000000001592e+02,1.038164172335600597e+02
1.703500000000001648e+02,1.038164172335600597e+02
1.703750000000001421e+02,1.038189972285210132e+02
1.704000000000001478e+02,1.038241572184429060e+02
1.704250000000001535e+02,1.038293172083647988e+02
1.704500000000001592e+02,1.038344771982866916e+02
1.704750000000001648e+02,1.038396371882085845e+02
1.705000000000001421e+02,1.038447971781304915e+02
1.705250000000001478e+02,1.038499571680523843e+02
1.705500000000001535e+02,1.038551171579742771e+02
1.705750000000001592e+02,1.038602771478961699e+02
1.706000000000001648e+02,1.038628571428571092e+02
1.706250000000001421e+02,1.038628571428571092e+02
1.706500000000001478e+02,1.038654371378180628e+02
1.706750000000001535e+02,1.038705971277399698e+02
1.707000000000001592e+02,1.038783371126228161e+02
1.707250000000001648e+02,1.038886570924666159e+02
1.707500000000001421e+02,1.039015570672713409e+02
1.707750000000001478e+02,1.039170370370370335e+02
1.708000000000001535e+02,1.039350970017636513e+02
1.708250000000001592e+02,1.039557369614512368e+02
1.708500000000001648e+02,1.039789569160997473e+02
1.708750000000001421e+02,1.040021768707482863e+02
1.709000000000001478e+02,1.040253968253968395e+02
1.709250000000001535e+02,1.040486167800453501e+02
1.709500000000001592e+02,1.040718367346938749e+02
1.709750000000001648e+02,1.040950566893423854e+02
1.710000000000001421e+02,1.041182766439909244e+02
1.710250000000001478e+02,1.041414965986394350e+02
1.710500000000001535e+02,1.041647165532879740e+02
1.710750000000001592e+02,1.041879365079365272e+02
1.711000000000001648e+02,1.042085764676240842e+02
1.711250000000001421e+02,1.042266364323507304e+02
1.711500000000001478e+02,1.042421164021164088e+02
1.711750000000001535e+02,1.042550163769211480e+02
1.712000000000001592e+02,1.042653363567649336e+02
1.712250000000001648e+02,1.042730763416477799e+02
1.712500000000001421e+02,1.042782363315696728e+02
1.712750000000001478e+02,1.042808163265306263e+02
1.713000000000001535e+02,1.042808163265306263e+02
1.713250000000001592e+02,1.042808163265306263e+02
1.713500000000001648e+02,1.042808163265306263e+02
1.713750000000001421e+02,1.042808163265306263e+02
1.714000000000001478e+02,1.042833963214915656e+02
1.714250000000001535e+02,1.042885563114134584e+02
1.714500000000001592e+02,1.042962962962962905e+02
1.714750000000001648e+02,1.043066162761400761e+02
1.715000000000001421e+02,1.043195162509448011e+02
1.715250000000001478e+02,1.043349962207104937e+02
1.715500000000001535e+02,1.043530561854371257e+02
1.715750000000001592e+02,1.043736961451247112e+02
1.716000000000001648e+02,1.043969160997732502e+02
1.716250000000001421e+02,1.044175560594608214e+02
1.716500000000001478e+02,1.044356160241874534e+02
1.716750000000001535e+02,1.044510959939531460e+02
1.717000000000001592e+02,1.044639959687578852e+02
1.717250000000001648e+02,1.044743159486016850e+02
1.717500000000001421e+02,1.044820559334845171e+02
1.717750000000001478e+02,1.044872159234064242e+02
1.718000000000001535e+02,1.044897959183673635e+02
1.718250000000001592e+02,1.044897959183673635e+02
1.718500000000001648e+02,1.044897959183673635e+02
1.718750000000001421e+02,1.044923759133283028e+02
1.719000000000001478e+02,1.044975359032501956e+02
1.719250000000001535e+02,1.045052758881330277e+02
1.719500000000001592e+02,1.045155958679768133e+02
1.719750000000001648e+02,1.045284958427815525e+02
1.720000000000001421e+02,1.045413958175862774e+02
1.720250000000001478e+02,1.045542957923910024e+02
1.720500000000001535e+02,1.045671957671957557e+02
1.720750000000001592e+02,1.045800957420004806e+02
1.721000000000001648e+02,1.045904157218442663e+02
1.721250000000001421e+02,1.045981557067271126e+02
1.721500000000001478e+02,1.046033156966489912e+02
1.721750000000001535e+02,1.046058956916099589e+02
1.722000000000001592e+02,1.046058956916099589e+02
1.722250000000001648e+02,1.046058956916099589e+02
1.722500000000001421e+02,1.046058956916099589e+02
1.722750000000001478e+02,1.046058956916099589e+02
1.723000000000001535e+02,1.046058956916099589e+02
1.723250000000001592e+02,1.046084756865709124e+02
1.723500000000001648e+02,1.046136356764928195e+02
1.723750000000001421e+02,1.046213756613756516e+02
1.724000000000001478e+02,1.046316956412194514e+02
1.724250000000001535e+02,1.046420156210632371e+02
1.724500000000001592e+02,1.046523356009070227e+02
1.724750000000001648e+02,1.046626555807508225e+02
1.725000000000001421e+02,1.046729755605946082e+02
1.725250000000001478e+02,1.046832955404384080e+02
1.725500000000001535e+02,1.046910355253212543e+02
1.725750000000001592e+02,1.046961955152431472e+02
1.726000000000001648e+02,1.046987755102040865e+02
1.726250000000001421e+02,1.046987755102040865e+02
1.726500000000001478e+02,1.046987755102040865e+02
1.726750000000001535e+02,1.046987755102040865e+02
1.727000000000001592e+02,1.047013555051650258e+02
1.727250000000001648e+02,1.047065154950869186e+02
1.727500000000001421e+02,1.047142554799697507e+02
1.727750000000001478e+02,1.047245754598135505e+02
1.728000000000001535e+02,1.047374754346183039e+02
1.728250000000001592e+02,1.047529554043839681e+02
1.728500000000001648e+02,1.047710153691106143e+02
1.728750000000001421e+02,1.047916553287981714e+02
1.729000000000001478e+02,1.048148752834467103e+02
1.729250000000001535e+02,1.048380952380952351e+02
1.729500000000001592e+02,1.048587351977828064e+02
1.729750000000001648e+02,1.048767951625094383e+02
1.730000000000001421e+02,1.048922751322751026e+02
1.730250000000001478e+02,1.049051751070798559e+02
1.730500000000001535e+02,1.049154950869236416e+02
1.730750000000001592e+02,1.049232350718064879e+02
1.731000000000001648e+02,1.049283950617283665e+02
1.731250000000001421e+02,1.049309750566893342e+02
1.731500000000001478e+02,1.049309750566893342e+02
1.731750000000001535e+02,1.049309750566893342e+02
1.732000000000001592e+02,1.049309750566893342e+02
1.732250000000001648e+02,1.049309750566893342e+02
1.732500000000001421e+02,1.049309750566893342e+02
1.732750000000001478e+02,1.049335550516502877e+02
1.733000000000001535e+02,1.049387150415721948e+02
1.733250000000001592e+02,1.049464550264550269e+02
1.733500000000001648e+02,1.049567750062988267e+02
1.733750000000001421e+02,1.049696749811035517e+02
1.734000000000001478e+02,1.049851549508692301e+02
1.734250000000001535e+02,1.050032149155958479e+02
1.734500000000001592e+02,1.050238548752834333e+02
1.734750000000001648e+02,1.050470748299319723e+02
1.735000000000001421e+02,1.050702947845804829e+02
1.735250000000001478e+02,1.050935147392290361e+02
1.735500000000001535e+02,1.051167346938775466e+02
1.735750000000001592e+02,1.051399546485260714e+02
1.736000000000001648e+02,1.051605946082136427e+02
1.736250000000001421e+02,1.051786545729402889e+02
1.736500000000001478e+02,1.051941345427059673e+02
1.736750000000001535e+02,1.052070345175107065e+02
1.737000000000001592e+02,1.052173544973545063e+02
1.737250000000001648e+02,1.052250944822373526e+02
1.737500000000001421e+02,1.052302544721592454e+02
1.737750000000001478e+02,1.052328344671201847e+02
1.738000000000001535e+02,1.052328344671201847e+02
1.738250000000001592e+02,1.052328344671201847e+02
1.738500000000001648e+02,1.052328344671201847e+02
1.738750000000001421e+02,1.052328344671201847e+02
1.739000000000001478e+02,1.052354144620811240e+02
1.739250000000001535e+02,1.052379944570420633e+02
1.739500000000001592e+02,1.052405744520030026e+02
1.739750000000001648e+02,1.052431544469639562e+02
1.740000000000001421e+02,1.052457344419248955e+02
1.740250000000001478e+02,1.052483144368858490e+02
1.740500000000001535e+02,1.052508944318467883e+02
1.740750000000001592e+02,1.052534744268077418e+02
1.741000000000001648e+02,1.052560544217686811e+02
1.741250000000001421e+02,1.052586344167296346e+02
1.741500000000001478e+02,1.052637944066515274e+02
1.741750000000001535e+02,1.052715343915343738e+02
1.742000000000001592e+02,1.052818543713781736e+02
1.742250000000001648e+02,1.052947543461829127e+02
1.742500000000001421e+02,1.053102343159486054e+02
1.742750000000001478e+02,1.053282942806752231e+02
1.743000000000001535e+02,1.053489342403628086e+02
1.743250000000001592e+02,1.053721541950113192e+02
1.743500000000001648e+02,1.053953741496598582e+02
1.743750000000001421e+02,1.054185941043083830e+02
1.744000000000001478e+02,1.054418140589569077e+02
1.744250000000001535e+02,1.054650340136054467e+02
1.744500000000001592e+02,1.054882539682539573e+02
1.744750000000001648e+02,1.055114739229024963e+02
1.745000000000001421e+02,1.055346938775510068e+02
1.745250000000001478e+02,1.055579138321995316e+02
1.745500000000001535e+02,1.055785537918871171e+02
1.745750000000001592e+02,1.055966137566137490e+02
1.746000000000001648e+02,1.056120937263794417e+02
1.746250000000001421e+02,1.056249937011841666e+02
1.746500000000001478e+02,1.056353136810279523e+02
1.746750000000001535e+02,1.056430536659107986e+02
1.747000000000001592e+02,1.056482136558327056e+02
1.747250000000001648e+02,1.056507936507936449e+02
1.747500000000001421e+02,1.056507936507936449e+02
1.747750000000001478e+02,1.056507936507936449e+02
1.748000000000001535e+02,1.056507936507936449e+02
1.748250000000001592e+02,1.056507936507936449e+02
1.748500000000001648e+02,1.056507936507936449e+02
1.748750000000001421e+02,1.056507936507936449e+02
1.749000000000001478e+02,1.056533736457545842e+02
1.749250000000001535e+02,1.056585336356764770e+02
1.749500000000001592e+02,1.056662736205593234e+02
1.749750000000001648e+02,1.056765936004031090e+02
1.750000000000001705e+02,1.056869135802469089e+02
1.750250000000001478e+02,1.056972335600906803e+02
1.750500000000001535e+02,1.057075535399344659e+02
1.750750000000001592e+02,1.057178735197782515e+02
1.751000000000001648e+02,1.057281934996220372e+02
1.751250000000001705e+02,1.057359334845048835e+02
1.751500000000001478e+02,1.057410934744267763e+02
1.751750000000001535e+02,1.057436734693877298e+02
1.752000000000001592e+02,1.057436734693877298e+02
1.752250000000001648e+02,1.057436734693877298e+02
1.752500000000001705e+02,1.057436734693877298e+02
1.752750000000001478e+02,1.057436734693877298e+02
1.753000000000001535e+02,1.057462534643486833e+02
1.753250000000001592e+02,1.057514134542705762e+02
1.753500000000001648e+02,1.057591534391534225e+02
1.753750000000001705e+02,1.057694734189972223e+02
1.754000000000001478e+02,1.057823733938019615e+02
1.754250000000001535e+02,1.057978533635676541e+02
1.754500000000001592e+02,1.058159133282942861e+02
1.754750000000001648e+02,1.058365532879818574e+02
1.755000000000001705e+02,1.058597732426303679e+02
1.755250000000001478e+02,1.058829931972789069e+02
1.755500000000001535e+02,1.059062131519274317e+02
1.755750000000001592e+02,1.059294331065759565e+02
1.756000000000001648e+02,1.059526530612244954e+02
1.756250000000001705e+02,1.059758730158730060e+02
1.756500000000001478e+02,1.059990929705215450e+02
1.756750000000001535e+02,1.060223129251700556e+02
1.757000000000001592e+02,1.060455328798185946e+02
1.757250000000001648e+02,1.060687528344671051e+02
1.757500000000001705e+02,1.060919727891156299e+02
1.757750000000001478e+02,1.061151927437641689e+02
1.758000000000001535e+02,1.061384126984126937e+02
1.758250000000001592e+02,1.061616326530612326e+02
1.758500000000001648e+02,1.061848526077097432e+02
1.758750000000001705e+02,1.062080725623582680e+02
1.759000000000001478e+02,1.062312925170067928e+02
1.759250000000001535e+02,1.062545124716553175e+02
1.759500000000001592e+02,1.062777324263038565e+02
1.759750000000001648e+02,1.063009523809523671e+02
1.760000000000001705e+02,1.063241723356009203e+02
1.760250000000001478e+02,1.063473922902494309e+02
1.760500000000001535e+02,1.063706122448979556e+02
1.760750000000001592e+02,1.063938321995464662e+02
1.761000000000001648e+02,1.064170521541950052e+02
1.761250000000001705e+02,1.064402721088435158e+02
1.761500000000001478e+02,1.064609120685311154e+02
1.761750000000001535e+02,1.064789720332577758e+02
1.762000000000001592e+02,1.064944520030234401e+02
1.762250000000001648e+02,1.065073519778281934e+02
1.762500000000001705e+02,1.065176719576719790e+02
1.762750000000001478e+02,1.065254119425548254e+02
1.763000000000001535e+02,1.065305719324767040e+02
1.763250000000001592e+02,1.065331519274376433e+02
1.763500000000001648e+02,1.065331519274376433e+02
1.763750000000001705e+02,1.065331519274376433e+02
1.764000000000001478e+02,1.065331519274376433e+02
1.764250000000001535e+02,1.065331519274376433e+02
1.764500000000001592e+02,1.065331519274376433e+02
1.764750000000001648e+02,1.065331519274376433e+02
1.765000000000001705e+02,1.065331519274376433e+02
1.765250000000001478e+02,1.065331519274376433e+02
1.765500000000001535e+02,1.065331519274376433e+02
1.765750000000001592e+02,1.065331519274376433e+02
1.766000000000001648e+02,1.065331519274376433e+02
1.766250000000001705e+02,1.065331519274376433e+02
1.766500000000001478e+02,1.065331519274376433e+02
1.766750000000001535e+02,1.065331519274376433e+02
1.767000000000001592e+02,1.065331519274376433e+02
1.767250000000001648e+02,1.065331519274376433e+02
1.767500000000001705e+02,1.065331519274376433e+02
1.767750000000001478e+02,1.065331519274376433e+02
1.768000000000001535e+02,1.065331519274376433e+02
1.768250000000001592e+02,1.065331519274376433e+02
1.768500000000001648e+02,1.065331519274376433e+02
1.768750000000001705e+02,1.065331519274376433e+02
1.769000000000001478e+02,1.065331519274376433e+02
1.769250000000001535e+02,1.065331519274376433e+02
1.769500000000001592e+02,1.065331519274376433e+02
1.769750000000001648e+02,1.065331519274376433e+02
1.770000000000001705e+02,1.065331519274376433e+02
1.770250000000001478e+02,1.065331519274376433e+02
1.770500000000001535e+02,1.065331519274376433e+02
1.770750000000001592e+02,1.065331519274376433e+02
1.771000000000001648e+02,1.065331519274376433e+02
1.771250000000001705e+02,1.065357319223985826e+02
1.771500000000001478e+02,1.065408919123204754e+02
1.771750000000001535e+02,1.065486318972033217e+02
1.772000000000001592e+02,1.065589518770471216e+02
1.772250000000001648e+02,1.065718518518518465e+02
1.772500000000001705e+02,1.065873318216175250e+02
1.772750000000001478e+02,1.066053917863441427e+02
1.773000000000001535e+02,1.066260317460317424e+02
1.773250000000001592e+02,1.066492517006802672e+02
1.773500000000001648e+02,1.066724716553287919e+02
1.773750000000001705e+02,1.066956916099773309e+02
1.774000000000001478e+02,1.067189115646258415e+02
1.774250000000001535e+02,1.067421315192743663e+02
1.774500000000001592e+02,1.067653514739228910e+02
1.774750000000001648e+02,1.067859914336104623e+02
1.775000000000001705e+02,1.068040513983370943e+02
1.775250000000001478e+02,1.068195313681027727e+02
1.775500000000001535e+02,1.068324313429075119e+02
1.775750000000001592e+02,1.068427513227512975e+02
1.776000000000001648e+02,1.068504913076341438e+02
1.776250000000001705e+02,1.068556512975560366e+02
1.776500000000001478e+02,1.068582312925169759e+02
1.776750000000001535e+02,1.068582312925169759e+02
1.777000000000001592e+02,1.068582312925169759e+02
1.777250000000001648e+02,1.068582312925169759e+02
1.777500000000001705e+02,1.068582312925169759e+02
1.777750000000001478e+02,1.068582312925169759e+02
1.778000000000001535e+02,1.068582312925169759e+02
1.778250000000001592e+02,1.068582312925169759e+02
1.778500000000001648e+02,1.068582312925169759e+02
1.778750000000001705e+02,1.068582312925169759e+02
1.779000000000001478e+02,1.068582312925169759e+02
1.779250000000001535e+02,1.068582312925169759e+02
1.779500000000001592e+02,1.068582312925169759e+02
1.779750000000001648e+02,1.068582312925169759e+02
1.780000000000001705e+02,1.068582312925169759e+02
1.780250000000001478e+02,1.068582312925169759e+02
1.780500000000001535e+02,1.068582312925169759e+02
1.780750000000001592e+02,1.068582312925169759e+02
1.781000000000001648e+02,1.068582312925169759e+02
1.781250000000001705e+02,1.068582312925169759e+02
1.781500000000001478e+02,1.068582312925169759e+02
1.781750000000001535e+02,1.068582312925169759e+02
1.782000000000001592e+02,1.068582312925169759e+02
1.782250000000001648e+02,1.068608112874779295e+02
1.782500000000001705e+02,1.068659712773998365e+02
1.782750000000001478e+02,1.068737112622826686e+02
1.783000000000001535e+02,1.068840312421264827e+02
1.783250000000001592e+02,1.068969312169312076e+02
1.783500000000001648e+02,1.069124111866969002e+02
1.783750000000001705e+02,1.069304711514235180e+02
1.784000000000001478e+02,1.069511111111111035e+02
1.784250000000001535e+02,1.069743310657596282e+02
1.784500000000001592e+02,1.069949710254471995e+02
1.784750000000001648e+02,1.070130309901738315e+02
1.785000000000001705e+02,1.070285109599395241e+02
1.785250000000001478e+02,1.070414109347442491e+02
1.785500000000001535e+02,1.070517309145880347e+02
1.785750000000001592e+02,1.070594708994708810e+02
1.786000000000001648e+02,1.070646308893927596e+02
1.786250000000001705e+02,1.070672108843537274e+02
1.786500000000001478e+02,1.070672108843537274e+02
1.786750000000001535e+02,1.070697908793146809e+02
1.787000000000001592e+02,1.070749508692365879e+02
1.787250000000001648e+02,1.070826908541194200e+02
1.787500000000001705e+02,1.070930108339632199e+02
1.787750000000001478e+02,1.071059108087679448e+02
1.788000000000001535e+02,1.071213907785336232e+02
1.788250000000001592e+02,1.071394507432602552e+02
1.788500000000001648e+02,1.071600907029478407e+02
1.788750000000001705e+02,1.071833106575963797e+02
1.789000000000001478e+02,1.072065306122448902e+02
1.789250000000001535e+02,1.072297505668934292e+02
1.789500000000001592e+02,1.072529705215419398e+02
1.789750000000001648e+02,1.072761904761904788e+02
1.790000000000001705e+02,1.072994104308389893e+02
1.790250000000001478e+02,1.073226303854875141e+02
1.790500000000001535e+02,1.073458503401360531e+02
1.790750000000001592e+02,1.073690702947845637e+02
1.791000000000001648e+02,1.073922902494331169e+02
1.791250000000001705e+02,1.074155102040816274e+02
1.791500000000001478e+02,1.074387301587301522e+02
1.791750000000001535e+02,1.074619501133786628e+02
1.792000000000001592e+02,1.074851700680272018e+02
1.792250000000001648e+02,1.075083900226757123e+02
1.792500000000001705e+02,1.075316099773242513e+02
1.792750000000001478e+02,1.075548299319728045e+02
1.793000000000001535e+02,1.075780498866213151e+02
1.793250000000001592e+02,1.076012698412698398e+02
1.793500000000001648e+02,1.076244897959183504e+02
1.793750000000001705e+02,1.076477097505668894e+02
1.794000000000001478e+02,1.076683497102544607e+02
1.794250000000001535e+02,1.076864096749810926e+02
1.794500000000001592e+02,1.077018896447467995e+02
1.794750000000001648e+02,1.077147896195515244e+02
1.795000000000001705e+02,1.077251095993953101e+02
1.795250000000001478e+02,1.077328495842781564e+02
1.795500000000001535e+02,1.077380095742000634e+02
1.795750000000001592e+02,1.077405895691610027e+02
1.796000000000001648e+02,1.077405895691610027e+02
1.796250000000001705e+02,1.077405895691610027e+02
1.796500000000001478e+02,1.077405895691610027e+02
1.796750000000001535e+02,1.077405895691610027e+02
1.797000000000001592e+02,1.077405895691610027e+02
1.797250000000001648e+02,1.077405895691610027e+02
1.797500000000001705e+02,1.077405895691610027e+02
1.797750000000001478e+02,1.077405895691610027e+02
1.798000000000001535e+02,1.077405895691610027e+02
1.798250000000001592e+02,1.077405895691610027e+02
1.798500000000001648e+02,1.077405895691610027e+02
1.798750000000001705e+02,1.077405895691610027e+02
1.799000000000001478e+02,1.077431695641219562e+02
1.799250000000001535e+02,1.077457495590828955e+02
1.799500000000001592e+02,1.077483295540438633e+02
1.799750000000001648e+02,1.077509095490048026e+02
1.800000000000001705e+02,1.077534895439657419e+02
1.800250000000001478e+02,1.077560695389267096e+02
1.800500000000001535e+02,1.077586495338876489e+02
1.800750000000001592e+02,1.077612295288485882e+02
1.801000000000001648e+02,1.077638095238095275e+02
1.801250000000001705e+02,1.077638095238095275e+02
1.801500000000001478e+02,1.077638095238095275e+02
1.801750000000001535e+02,1.077663895187704668e+02
1.802000000000001592e+02,1.077715495086923596e+02
1.802250000000001648e+02,1.077792894935752059e+02
1.802500000000001705e+02,1.077896094734190058e+02
1.802750000000001478e+02,1.078025094482237307e+02
1.803000000000001535e+02,1.078179894179894092e+02
1.803250000000001592e+02,1.078360493827160269e+02
1.803500000000001648e+02,1.078566893424036124e+02
1.803750000000001705e+02,1.078799092970521514e+02
1.804000000000001478e+02,1.079031292517006761e+02
1.804250000000001535e+02,1.079263492063492151e+02
1.804500000000001592e+02,1.079495691609977257e+02
1.804750000000001648e+02,1.079727891156462505e+02
1.805000000000001705e+02,1.079960090702947610e+02
1.805250000000001478e+02,1.080192290249433000e+02
1.805500000000001535e+02,1.080424489795918248e+02
1.805750000000001592e+02,1.080630889392793961e+02
1.806000000000001648e+02,1.080811489040060280e+02
1.806250000000001705e+02,1.080966288737717207e+02
1.806500000000001478e+02,1.081095288485764456e+02
1.806750000000001535e+02,1.081198488284202313e+02
1.807000000000001592e+02,1.081275888133030776e+02
1.807250000000001648e+02,1.081327488032249562e+02
1.807500000000001705e+02,1.081353287981859239e+02
1.807750000000001478e+02,1.081353287981859239e+02
1.808000000000001535e+02,1.081353287981859239e+02
1.808250000000001592e+02,1.081353287981859239e+02
1.808500000000001648e+02,1.081353287981859239e+02
1.808750000000001705e+02,1.081379087931468774e+02
1.809000000000001478e+02,1.081430687830687845e+02
1.809250000000001535e+02,1.081508087679516166e+02
1.809500000000001592e+02,1.081611287477954164e+02
1.809750000000001648e+02,1.081740287226001414e+02
1.810000000000001705e+02,1.081895086923658198e+02
1.810250000000001478e+02,1.082075686570924518e+02
1.810500000000001535e+02,1.082282086167800372e+02
1.810750000000001592e+02,1.082488485764676227e+02
1.811000000000001648e+02,1.082669085411942405e+02
1.811250000000001705e+02,1.082823885109599331e+02
1.811500000000001478e+02,1.082952884857646723e+02
1.811750000000001535e+02,1.083056084656084579e+02
1.812000000000001592e+02,1.083133484504913042e+02
1.812250000000001648e+02,1.083185084404131970e+02
1.812500000000001705e+02,1.083210884353741505e+02
1.812750000000001478e+02,1.083210884353741505e+02
1.813000000000001535e+02,1.083210884353741505e+02
1.813250000000001592e+02,1.083210884353741505e+02
1.813500000000001648e+02,1.083210884353741505e+02
1.813750000000001705e+02,1.083210884353741505e+02
1.814000000000001478e+02,1.083236684303351041e+02
1.814250000000001535e+02,1.083288284202569969e+02
1.814500000000001592e+02,1.083365684051398432e+02
1.814750000000001648e+02,1.083468883849836146e+02
1.815000000000001705e+02,1.083597883597883538e+02
1.815250000000001762e+02,1.083752683295540322e+02
1.815500000000001535e+02,1.083933282942806642e+02
1.815750000000001592e+02,1.084113882590072961e+02
1.816000000000001648e+02,1.084294482237339281e+02
1.816250000000001705e+02,1.084449281934996208e+02
1.816500000000001762e+02,1.084578281683043599e+02
1.816750000000001535e+02,1.084681481481481455e+02
1.817000000000001592e+02,1.084758881330309919e+02
1.817250000000001648e+02,1.084810481229528847e+02
1.817500000000001705e+02,1.084836281179138382e+02
1.817750000000001762e+02,1.084836281179138382e+02
1.818000000000001535e+02,1.084836281179138382e+02
1.818250000000001592e+02,1.084836281179138382e+02
1.818500000000001648e+02,1.084862081128747917e+02
1.818750000000001705e+02,1.084913681027966845e+02
1.819000000000001762e+02,1.084991080876795309e+02
1.819250000000001535e+02,1.085094280675233023e+02
1.819500000000001592e+02,1.085223280423280414e+02
1.819750000000001648e+02,1.085378080120937199e+02
1.820000000000001705e+02,1.085558679768203518e+02
1.820250000000001762e+02,1.085765079365079373e+02
1.820500000000001535e+02,1.085971478961955086e+02
1.820750000000001592e+02,1.086152078609221689e+02
1.821000000000001648e+02,1.086306878306878332e+02
1.821250000000001705e+02,1.086435878054925865e+02
1.821500000000001762e+02,1.086539077853363722e+02
1.821750000000001535e+02,1.086616477702192185e+02
1.822000000000001592e+02,1.086668077601410971e+02
1.822250000000001648e+02,1.086693877551020364e+02
1.822500000000001705e+02,1.086693877551020364e+02
1.822750000000001762e+02,1.086693877551020364e+02
1.823000000000001535e+02,1.086693877551020364e+02
1.823250000000001592e+02,1.086693877551020364e+02
1.823500000000001648e+02,1.086693877551020364e+02
1.823750000000001705e+02,1.086693877551020364e+02
1.824000000000001762e+02,1.086719677500629757e+02
1.824250000000001535e+02,1.086745477450239150e+02
1.824500000000001592e+02,1.086771277399848685e+02
1.824750000000001648e+02,1.086797077349458220e+02
1.825000000000001705e+02,1.086822877299067613e+02
1.825250000000001762e+02,1.086848677248677149e+02
1.825500000000001535e+02,1.086874477198286542e+02
1.825750000000001592e+02,1.086900277147896077e+02
1.826000000000001648e+02,1.086926077097505612e+02
1.826250000000001705e+02,1.086926077097505612e+02
1.826500000000001762e+02,1.086951877047115147e+02
1.826750000000001535e+02,1.087003476946334075e+02
1.827000000000001592e+02,1.087080876795162538e+02
1.827250000000001648e+02,1.087184076593600253e+02
1.827500000000001705e+02,1.087313076341647644e+02
1.827750000000001762e+02,1.087467876039304429e+02
1.828000000000001535e+02,1.087648475686570748e+02
1.828250000000001592e+02,1.087854875283446887e+02
1.828500000000001648e+02,1.088087074829931993e+02
1.828750000000001705e+02,1.088319274376417241e+02
1.829000000000001762e+02,1.088551473922902346e+02
1.829250000000001535e+02,1.088783673469387736e+02
1.829500000000001592e+02,1.089015873015872842e+02
1.829750000000001648e+02,1.089248072562358232e+02
1.830000000000001705e+02,1.089480272108843479e+02
1.830250000000001762e+02,1.089712471655328727e+02
1.830500000000001535e+02,1.089918871252204582e+02
1.830750000000001592e+02,1.090099470899470759e+02
1.831000000000001648e+02,1.090254270597127544e+02
1.831250000000001705e+02,1.090383270345174935e+02
1.831500000000001762e+02,1.090486470143612792e+02
1.831750000000001535e+02,1.090563869992441255e+02
1.832000000000001592e+02,1.090615469891660183e+02
1.832250000000001648e+02,1.090641269841269718e+02
1.832500000000001705e+02,1.090641269841269718e+02
1.832750000000001762e+02,1.090641269841269718e+02
1.833000000000001535e+02,1.090641269841269718e+02
1.833250000000001592e+02,1.090641269841269718e+02
1.833500000000001648e+02,1.090641269841269718e+02
1.833750000000001705e+02,1.090667069790879253e+02
1.834000000000001762e+02,1.090718669690098181e+02
1.834250000000001535e+02,1.090796069538926645e+02
1.834500000000001592e+02,1.090899269337364359e+02
1.834750000000001648e+02,1.091028269085411750e+02
1.835000000000001705e+02,1.091183068783068677e+02
1.835250000000001762e+02,1.091363668430334855e+02
1.835500000000001535e+02,1.091570068027210851e+02
1.835750000000001592e+02,1.091776467624086706e+02
1.836000000000001648e+02,1.091957067271353026e+02
1.836250000000001705e+02,1.092111866969009810e+02
1.836500000000001762e+02,1.092240866717057344e+02
1.836750000000001535e+02,1.092344066515495200e+02
1.837000000000001592e+02,1.092421466364323663e+02
1.837250000000001648e+02,1.092473066263542734e+02
1.837500000000001705e+02,1.092498866213152127e+02
1.837750000000001762e+02,1.092498866213152127e+02
1.838000000000001535e+02,1.092498866213152127e+02
1.838250000000001592e+02,1.092498866213152127e+02
1.838500000000001648e+02,1.092498866213152127e+02
1.838750000000001705e+02,1.092524666162761520e+02
1.839000000000001762e+02,1.092576266061980448e+02
1.839250000000001535e+02,1.092653665910808769e+02
1.839500000000001592e+02,1.092756865709246625e+02
1.839750000000001648e+02,1.092885865457294017e+02
1.840000000000001705e+02,1.093040665154950801e+02
1.840250000000001762e+02,1.093221264802217121e+02
1.840500000000001535e+02,1.093427664399092976e+02
1.840750000000001592e+02,1.093634063995968688e+02
1.841000000000001648e+02,1.093814663643234866e+02
1.841250000000001705e+02,1.093969463340891792e+02
1.841500000000001762e+02,1.094098463088939042e+02
1.841750000000001535e+02,1.094201662887376898e+02
1.842000000000001592e+02,1.094279062736205361e+02
1.842250000000001648e+02,1.094330662635424289e+02
1.842500000000001705e+02,1.094356462585033825e+02
1.842750000000001762e+02,1.094356462585033825e+02
1.843000000000001535e+02,1.094356462585033825e+02
1.843250000000001592e+02,1.094356462585033825e+02
1.843500000000001648e+02,1.094356462585033825e+02
1.843750000000001705e+02,1.094356462585033825e+02
1.844000000000001762e+02,1.094382262534643360e+02
1.844250000000001535e+02,1.094433862433862288e+02
1.844500000000001592e+02,1.094511262282690751e+02
1.844750000000001648e+02,1.094614462081128465e+02
1.845000000000001705e+02,1.094743461829175857e+02
1.845250000000001762e+02,1.094898261526832783e+02
1.845500000000001535e+02,1.095078861174099103e+02
1.845750000000001592e+02,1.095285260770975100e+02
1.846000000000001648e+02,1.095517460317460205e+02
1.846250000000001705e+02,1.095749659863945595e+02
1.846500000000001762e+02,1.095981859410430701e+02
1.846750000000001535e+02,1.096214058956915949e+02
1.847000000000001592e+02,1.096420458553791804e+02
1.847250000000001648e+02,1.096601058201058123e+02
1.847500000000001705e+02,1.096755857898715050e+02
1.847750000000001762e+02,1.096884857646762299e+02
1.848000000000001535e+02,1.096988057445200155e+02
1.848250000000001592e+02,1.097065457294028619e+02
1.848500000000001648e+02,1.097117057193247689e+02
1.848750000000001705e+02,1.097142857142857082e+02
1.849000000000001762e+02,1.097142857142857082e+02
1.849250000000001535e+02,1.097142857142857082e+02
1.849500000000001592e+02,1.097142857142857082e+02
1.849750000000001648e+02,1.097142857142857082e+02
1.850000000000001705e+02,1.097142857142857082e+02
1.850250000000001762e+02,1.097142857142857082e+02
1.850500000000001535e+02,1.097142857142857082e+02
1.850750000000001592e+02,1.097142857142857082e+02
1.851000000000001648e+02,1.097142857142857082e+02
1.851250000000001705e+02,1.097142857142857082e+02
1.851500000000001762e+02,1.097142857142857082e+02
1.851750000000001535e+02,1.097142857142857082e+02
1.852000000000001592e+02,1.097142857142857082e+02
1.852250000000001648e+02,1.097142857142857082e+02
1.852500000000001705e+02,1.097142857142857082e+02
1.852750000000001762e+02,1.097142857142857082e+02
1.853000000000001535e+02,1.097142857142857082e+02
1.853250000000001592e+02,1.097142857142857082e+02
1.853500000000001648e+02,1.097168657092466617e+02
1.853750000000001705e+02,1.097220256991685545e+02
1.854000000000001762e+02,1.097297656840514009e+02
1.854250000000001535e+02,1.097400856638951865e+02
1.854500000000001592e+02,1.097529856386999256e+02
1.854750000000001648e+02,1.097684656084655899e+02
1.855000000000001705e+02,1.097865255731922218e+02
1.855250000000001762e+02,1.098071655328797931e+02
1.855500000000001535e+02,1.098303854875283321e+02
1.855750000000001592e+02,1.098536054421768853e+02
1.856000000000001648e+02,1.098768253968253958e+02
1.856250000000001705e+02,1.098974653565129671e+02
1.856500000000001762e+02,1.099155253212395849e+02
1.856750000000001535e+02,1.099310052910052775e+02
1.857000000000001592e+02,1.099439052658100024e+02
1.857250000000001648e+02,1.099542252456537881e+02
1.857500000000001705e+02,1.099619652305366344e+02
1.857750000000001762e+02,1.099671252204585272e+02
1.858000000000001535e+02,1.099722852103804343e+02
1.858250000000001592e+02,1.099774452003023271e+02
1.858500000000001648e+02,1.099851851851851734e+02
1.858750000000001705e+02,1.099955051650289590e+02
1.859000000000001762e+02,1.100084051398337124e+02
1.859250000000001535e+02,1.100213051146384373e+02
1.859500000000001592e+02,1.100342050894431765e+02
1.859750000000001648e+02,1.100471050642479156e+02
1.860000000000001705e+02,1.100600050390526548e+02
1.860250000000001762e+02,1.100703250188964404e+02
1.860500000000001535e+02,1.100780650037792867e+02
1.860750000000001592e+02,1.100832249937011795e+02
1.861000000000001648e+02,1.100858049886621330e+02
1.861250000000001705e+02,1.100858049886621330e+02
1.861500000000001762e+02,1.100858049886621330e+02
1.861750000000001535e+02,1.100858049886621330e+02
1.862000000000001592e+02,1.100858049886621330e+02
1.862250000000001648e+02,1.100858049886621330e+02
1.862500000000001705e+02,1.100883849836230866e+02
1.862750000000001762e+02,1.100935449735449794e+02
1.863000000000001535e+02,1.101012849584278257e+02
1.863250000000001592e+02,1.101116049382715971e+02
1.863500000000001648e+02,1.101245049130763363e+02
1.863750000000001705e+02,1.101399848828420147e+02
1.864000000000001762e+02,1.101580448475686467e+02
1.864250000000001535e+02,1.101786848072562321e+02
1.864500000000001592e+02,1.102019047619047569e+02
1.864750000000001648e+02,1.102251247165532959e+02
1.865000000000001705e+02,1.102483446712018065e+02
1.865250000000001762e+02,1.102689846308893777e+02
1.865500000000001535e+02,1.102870445956160097e+02
1.865750000000001592e+02,1.103025245653816881e+02
1.866000000000001648e+02,1.103154245401864273e+02
1.866250000000001705e+02,1.103257445200302129e+02
1.866500000000001762e+02,1.103334845049130450e+02
1.866750000000001535e+02,1.103386444948349379e+02
1.867000000000001592e+02,1.103412244897958914e+02
1.867250000000001648e+02,1.103412244897958914e+02
1.867500000000001705e+02,1.103412244897958914e+02
1.867750000000001762e+02,1.103412244897958914e+02
1.868000000000001535e+02,1.103412244897958914e+02
1.868250000000001592e+02,1.103412244897958914e+02
1.868500000000001648e+02,1.103412244897958914e+02
1.868750000000001705e+02,1.103438044847568449e+02
1.869000000000001762e+02,1.103489644746787377e+02
1.869250000000001535e+02,1.103567044595615840e+02
1.869500000000001592e+02,1.103670244394053839e+02
1.869750000000001648e+02,1.103799244142101230e+02
1.870000000000001705e+02,1.103928243890148622e+02
1.870250000000001762e+02,1.104057243638196013e+02
1.870500000000001535e+02,1.104186243386243262e+02
1.870750000000001592e+02,1.104315243134290654e+02
1.871000000000001648e+02,1.104418442932728510e+02
1.871250000000001705e+02,1.104495842781556973e+02
1.871500000000001762e+02,1.104547442680775902e+02
1.871750000000001535e+02,1.104573242630385437e+02
1.872000000000001592e+02,1.104573242630385437e+02
1.872250000000001648e+02,1.104573242630385437e+02
1.872500000000001705e+02,1.104573242630385437e+02
1.872750000000001762e+02,1.104599042579994972e+02
1.873000000000001535e+02,1.104650642479213900e+02
1.873250000000001592e+02,1.104728042328042363e+02
1.873500000000001648e+02,1.104831242126480078e+02
1.873750000000001705e+02,1.104960241874527469e+02
1.874000000000001762e+02,1.105115041572184396e+02
1.874250000000001535e+02,1.105295641219450573e+02
1.874500000000001592e+02,1.105502040816326570e+02
1.874750000000001648e+02,1.105734240362811818e+02
1.875000000000001705e+02,1.105966439909297065e+02
1.875250000000001762e+02,1.106198639455782171e+02
1.875500000000001535e+02,1.106430839002267561e+02
1.875750000000001592e+02,1.106663038548752809e+02
1.876000000000001648e+02,1.106895238095238057e+02
1.876250000000001705e+02,1.107127437641723446e+02
1.876500000000001762e+02,1.107359637188208552e+02
1.876750000000001535e+02,1.107591836734693942e+02
1.877000000000001592e+02,1.107824036281179048e+02
1.877250000000001648e+02,1.108056235827664295e+02
1.877500000000001705e+02,1.108288435374149543e+02
1.877750000000001762e+02,1.108520634920634791e+02
1.878000000000001819e+02,1.108752834467120181e+02
1.878250000000001592e+02,1.108985034013605286e+02
1.878500000000001648e+02,1.109217233560090818e+02
1.878750000000001705e+02,1.109449433106575924e+02
1.879000000000001762e+02,1.109681632653061172e+02
1.879250000000001819e+02,1.109913832199546277e+02
1.879500000000001592e+02,1.110120231796422132e+02
1.879750000000001648e+02,1.110300831443688310e+02
1.880000000000001705e+02,1.110455631141345094e+02
1.880250000000001762e+02,1.110584630889392628e+02
1.880500000000001819e+02,1.110687830687830484e+02
1.880750000000001592e+02,1.110765230536658947e+02
1.881000000000001648e+02,1.110816830435877876e+02
1.881250000000001705e+02,1.110842630385487269e+02
1.881500000000001762e+02,1.110842630385487269e+02
1.881750000000001819e+02,1.110842630385487269e+02
1.882000000000001592e+02,1.110842630385487269e+02
1.882250000000001648e+02,1.110842630385487269e+02
1.882500000000001705e+02,1.110842630385487269e+02
1.882750000000001762e+02,1.110842630385487269e+02
1.883000000000001819e+02,1.110842630385487269e+02
1.883250000000001592e+02,1.110842630385487269e+02
1.883500000000001648e+02,1.110842630385487269e+02
1.883750000000001705e+02,1.110868430335096804e+02
1.884000000000001762e+02,1.110920030234315732e+02
1.884250000000001819e+02,1.110997430083144195e+02
1.884500000000001592e+02,1.111100629881582194e+02
1.884750000000001648e+02,1.111229629629629585e+02
1.885000000000001705e+02,1.111384429327286512e+02
1.885250000000001762e+02,1.111565028974552689e+02
1.885500000000001819e+02,1.111771428571428544e+02
1.885750000000001592e+02,1.112003628117913649e+02
1.886000000000001648e+02,1.112235827664399039e+02
1.886250000000001705e+02,1.112468027210884287e+02
1.886500000000001762e+02,1.112700226757369535e+02
1.886750000000001819e+02,1.112932426303854925e+02
1.887000000000001592e+02,1.113164625850340030e+02
1.887250000000001648e+02,1.113396825396825420e+02
1.887500000000001705e+02,1.113629024943310526e+02
1.887750000000001762e+02,1.113861224489795774e+02
1.888000000000001819e+02,1.114093424036281021e+02
1.888250000000001592e+02,1.114325623582766269e+02
1.888500000000001648e+02,1.114557823129251659e+02
1.888750000000001705e+02,1.114790022675736907e+02
1.889000000000001762e+02,1.115022222222222155e+02
1.889250000000001819e+02,1.115254421768707260e+02
1.889500000000001592e+02,1.115486621315192650e+02
1.889750000000001648e+02,1.115718820861677898e+02
1.890000000000001705e+02,1.115951020408163146e+02
1.890250000000001762e+02,1.116183219954648536e+02
1.890500000000001819e+02,1.116415419501133783e+02
1.890750000000001592e+02,1.116647619047619031e+02
1.891000000000001648e+02,1.116879818594104137e+02
1.891250000000001705e+02,1.117112018140589527e+02
1.891500000000001762e+02,1.117344217687074774e+02
1.891750000000001819e+02,1.117576417233560022e+02
1.892000000000001592e+02,1.117808616780045412e+02
1.892250000000001648e+02,1.118040816326530518e+02
1.892500000000001705e+02,1.118273015873015908e+02
1.892750000000001762e+02,1.118505215419501013e+02
1.893000000000001819e+02,1.118737414965986403e+02
1.893250000000001592e+02,1.118969614512471509e+02
1.893500000000001648e+02,1.119201814058956757e+02
1.893750000000001705e+02,1.119434013605442146e+02
1.894000000000001762e+02,1.119666213151927394e+02
1.894250000000001819e+02,1.119898412698412784e+02
1.894500000000001592e+02,1.120130612244897890e+02
1.894750000000001648e+02,1.120362811791383137e+02
1.895000000000001705e+02,1.120595011337868243e+02
1.895250000000001762e+02,1.120827210884353633e+02
1.895500000000001819e+02,1.121059410430838739e+02
1.895750000000001592e+02,1.121291609977324129e+02
1.896000000000001648e+02,1.121523809523809661e+02
1.896250000000001705e+02,1.121756009070294766e+02
1.896500000000001762e+02,1.121988208616780014e+02
1.896750000000001819e+02,1.122220408163265120e+02
1.897000000000001592e+02,1.122452607709750509e+02
1.897250000000001648e+02,1.122684807256235615e+02
1.897500000000001705e+02,1.122917006802721005e+02
1.897750000000001762e+02,1.123149206349206253e+02
1.898000000000001819e+02,1.123381405895691501e+02
1.898250000000001592e+02,1.123613605442176890e+02
1.898500000000001648e+02,1.123845804988661996e+02
1.898750000000001705e+02,1.124078004535147386e+02
1.899000000000001762e+02,1.124310204081632492e+02
1.899250000000001819e+02,1.124542403628117739e+02
1.899500000000001592e+02,1.124774603174602987e+02
1.899750000000001648e+02,1.125006802721088377e+02
1.899750000000001648e+02,1.125239002267573767e+02
1.899750000000001648e+02,1.125471201814058873e+02
1.899750000000001648e+02,1.125703401360544120e+02
1.899750000000001648e+02,1.125935600907029226e+02
1.899750000000001648e+02,1.126167800453514616e+02
1.899750000000001648e+02,1.126399999999999864e+02
1.899750000000001648e+02,1.126632199546485111e+02
1.899750000000001648e+02,1.126864399092970501e+02
1.899750000000001648e+02,1.127096598639455749e+02
1.899750000000001648e+02,1.127328798185940997e+02
1.899750000000001648e+02,1.127560997732426102e+02
1.899750000000001648e+02,1.127793197278911492e+02
1.899750000000001648e+02,1.128025396825396740e+02
1.899750000000001648e+02,1.128257596371881988e+02
1.899750000000001648e+02,1.128489795918367378e+02
1.899750000000001648e+02,1.128721995464852625e+02
1.899750000000001648e+02,1.128954195011337873e+02
1.899750000000001648e+02,1.129186394557822979e+02
1.899750000000001648e+02,1.129418594104308369e+02
1.899750000000001648e+02,1.129650793650793617e+02
1.899750000000001648e+02,1.129882993197278864e+02
1.899750000000001648e+02,1.130115192743763970e+02
1.899750000000001648e+02,1.130347392290249360e+02
1.899750000000001648e+02,1.130579591836734750e+02
1.899750000000001648e+02,1.130811791383219855e+02
1.899750000000001648e+02,1.131043990929705245e+02
1.899750000000001648e+02,1.131276190476190351e+02
1.899750000000001648e+02,1.131508390022675599e+02
1.899750000000001648e+02,1.131740589569160704e+02
1.899750000000001648e+02,1.131972789115646094e+02
1.899750000000001648e+02,1.132204988662131626e+02
1.899750000000001648e+02,1.132437188208616732e+02
1.899750000000001648e+02,1.132669387755101980e+02
1.899750000000001648e+02,1.132901587301587085e+02
1.899750000000001648e+02,1.133133786848072475e+02
1.899750000000001648e+02,1.133365986394557581e+02
1.899750000000001648e+02,1.133598185941042971e+02
1.899750000000001648e+02,1.133830385487528503e+02
1.899750000000001648e+02,1.134062585034013608e+02
1.899750000000001648e+02,1.134294784580498856e+02
1.899750000000001648e+02,1.134526984126983962e+02
1.899750000000001648e+02,1.134759183673469352e+02
1.899750000000001648e+02,1.134991383219954457e+02
1.899750000000001648e+02,1.135223582766439847e+02
1.899750000000001648e+02,1.135455782312925095e+02
1.899750000000001648e+02,1.135687981859410343e+02
1.900000000000001705e+02,1.135920181405895732e+02
1.900250000000001762e+02,1.136152380952380838e+02
1.900500000000001819e+02,1.136384580498866228e+02
1.900750000000001592e+02,1.136616780045351334e+02
1.901000000000001648e+02,1.136848979591836581e+02
1.901250000000001705e+02,1.137081179138321829e+02
1.901500000000001762e+02,1.137313378684807219e+02
1.901750000000001819e+02,1.137519778281683074e+02
1.902000000000001592e+02,1.137700377928949251e+02
1.902250000000001648e+02,1.137855177626606036e+02
1.902500000000001705e+02,1.137984177374653427e+02
1.902750000000001762e+02,1.138087377173091284e+02
1.903000000000001819e+02,1.138164777021919747e+02
1.903250000000001592e+02,1.138216376921138675e+02
1.903500000000001648e+02,1.138242176870748210e+02
1.903750000000001705e+02,1.138242176870748210e+02
1.904000000000001762e+02,1.138242176870748210e+02
1.904250000000001819e+02,1.138242176870748210e+02
1.904500000000001592e+02,1.138242176870748210e+02
1.904750000000001648e+02,1.138242176870748210e+02
1.905000000000001705e+02,1.138242176870748210e+02
1.905250000000001762e+02,1.138242176870748210e+02
1.905500000000001819e+02,1.138242176870748210e+02
1.905750000000001592e+02,1.138242176870748210e+02
1.906000000000001648e+02,1.138242176870748210e+02
1.906250000000001705e+02,1.138242176870748210e+02
1.906500000000001762e+02,1.138242176870748210e+02
1.906750000000001819e+02,1.138242176870748210e+02
1.907000000000001592e+02,1.138242176870748210e+02
1.907250000000001648e+02,1.138242176870748210e+02
1.907500000000001705e+02,1.138242176870748210e+02
1.907750000000001762e+02,1.138242176870748210e+02
1.908000000000001819e+02,1.138242176870748210e+02
1.908250000000001592e+02,1.138242176870748210e+02
1.908500000000001648e+02,1.138242176870748210e+02
1.908750000000001705e+02,1.138242176870748210e+02
1.909000000000001762e+02,1.138242176870748210e+02
1.909250000000001819e+02,1.138242176870748210e+02
1.909500000000001592e+02,1.138242176870748210e+02
1.909750000000001648e+02,1.138242176870748210e+02
1.910000000000001705e+02,1.138242176870748210e+02
1.910250000000001762e+02,1.138242176870748210e+02
1.910500000000001819e+02,1.138242176870748210e+02
1.910750000000001592e+02,1.138242176870748210e+02
1.911000000000001648e+02,1.138267976820357745e+02
1.911250000000001705e+02,1.138319576719576673e+02
1.911500000000001762e+02,1.138396976568405137e+02
1.911750000000001819e+02,1.138500176366842851e+02
1.912000000000001592e+02,1.138629176114890242e+02
1.912250000000001648e+02,1.138783975812547169e+02
1.912500000000001705e+02,1.138964575459813346e+02
1.912750000000001762e+02,1.139170975056689343e+02
1.913000000000001819e+02,1.139403174603174591e+02
1.913250000000001592e+02,1.139635374149659839e+02
1.913500000000001648e+02,1.139867573696144945e+02
1.913750000000001705e+02,1.140099773242630334e+02
1.914000000000001762e+02,1.140331972789115582e+02
1.914250000000001819e+02,1.140564172335600830e+02
1.914500000000001592e+02,1.140796371882086220e+02
1.914750000000001648e+02,1.141028571428571325e+02
1.915000000000001705e+02,1.141260770975056715e+02
1.915250000000001762e+02,1.141492970521541821e+02
1.915500000000001819e+02,1.141725170068027211e+02
1.915750000000001592e+02,1.141957369614512317e+02
1.916000000000001648e+02,1.142189569160997564e+02
1.916250000000001705e+02,1.142421768707482812e+02
1.916500000000001762e+02,1.142653968253968202e+02
1.916750000000001819e+02,1.142886167800453592e+02
1.917000000000001592e+02,1.143118367346938697e+02
1.917250000000001648e+02,1.143350566893423945e+02
1.917500000000001705e+02,1.143582766439909051e+02
1.917750000000001762e+02,1.143814965986394441e+02
1.918000000000001819e+02,1.144047165532879546e+02
1.918250000000001592e+02,1.144279365079364936e+02
1.918500000000001648e+02,1.144511564625850468e+02
1.918750000000001705e+02,1.144743764172335574e+02
1.919000000000001762e+02,1.144975963718820822e+02
1.919250000000001819e+02,1.145208163265305927e+02
1.919500000000001592e+02,1.145440362811791317e+02
1.919750000000001648e+02,1.145672562358276423e+02
1.920000000000001705e+02,1.145904761904761813e+02
1.920250000000001762e+02,1.146136961451247345e+02
1.920500000000001819e+02,1.146369160997732450e+02
1.920750000000001592e+02,1.146601360544217698e+02
1.921000000000001648e+02,1.146833560090702804e+02
1.921250000000001705e+02,1.147065759637188194e+02
1.921500000000001762e+02,1.147297959183673299e+02
1.921750000000001819e+02,1.147530158730158689e+02
1.922000000000001592e+02,1.147762358276643937e+02
1.922250000000001648e+02,1.147994557823129185e+02
1.922500000000001705e+02,1.148226757369614575e+02
1.922750000000001762e+02,1.148458956916099680e+02
1.923000000000001819e+02,1.148691156462584928e+02
1.923250000000001592e+02,1.148923356009070176e+02
1.923500000000001648e+02,1.149155555555555424e+02
1.923750000000001705e+02,1.149387755102040671e+02
1.924000000000001762e+02,1.149619954648525919e+02
1.924250000000001819e+02,1.149852154195011309e+02
1.924500000000001592e+02,1.150084353741496557e+02
1.924750000000001648e+02,1.150316553287981804e+02
1.925000000000001705e+02,1.150522952884857517e+02
1.925250000000001762e+02,1.150703552532123979e+02
1.925500000000001819e+02,1.150858352229780763e+02
1.925750000000001592e+02,1.150987351977828155e+02
1.926000000000001648e+02,1.151116351725875546e+02
1.926250000000001705e+02,1.151245351473922938e+02
1.926500000000001762e+02,1.151374351221970187e+02
1.926750000000001819e+02,1.151503350970017578e+02
1.927000000000001592e+02,1.151632350718065112e+02
1.927250000000001648e+02,1.151787150415721754e+02
1.927500000000001705e+02,1.151967750062988074e+02
1.927750000000001762e+02,1.152174149659863787e+02
1.928000000000001819e+02,1.152406349206349176e+02
1.928250000000001592e+02,1.152638548752834424e+02
1.928500000000001648e+02,1.152870748299319672e+02
1.928750000000001705e+02,1.153102947845804778e+02
1.929000000000001762e+02,1.153335147392290168e+02
1.929250000000001819e+02,1.153567346938775415e+02
1.929500000000001592e+02,1.153799546485260805e+02
1.929750000000001648e+02,1.154031746031746053e+02
1.930000000000001705e+02,1.154263945578231159e+02
1.930250000000001762e+02,1.154496145124716406e+02
1.930500000000001819e+02,1.154728344671201512e+02
1.930750000000001592e+02,1.154960544217686902e+02
1.931000000000001648e+02,1.155192743764172150e+02
1.931250000000001705e+02,1.155424943310657682e+02
1.931500000000001762e+02,1.155657142857142787e+02
1.931750000000001819e+02,1.155889342403628035e+02
1.932000000000001592e+02,1.156121541950113283e+02
1.932250000000001648e+02,1.156353741496598388e+02
1.932500000000001705e+02,1.156585941043083778e+02
1.932750000000001762e+02,1.156818140589569026e+02
1.933000000000001819e+02,1.157050340136054558e+02
1.933250000000001592e+02,1.157282539682539664e+02
1.933500000000001648e+02,1.157514739229024769e+02
1.933750000000001705e+02,1.157746938775510159e+02
1.934000000000001762e+02,1.157979138321995265e+02
1.934250000000001819e+02,1.158211337868480655e+02
1.934500000000001592e+02,1.158443537414965903e+02
1.934750000000001648e+02,1.158675736961451150e+02
1.935000000000001705e+02,1.158907936507936540e+02
1.935250000000001762e+02,1.159140136054421646e+02
1.935500000000001819e+02,1.159372335600907036e+02
1.935750000000001592e+02,1.159604535147392141e+02
1.936000000000001648e+02,1.159836734693877389e+02
1.936250000000001705e+02,1.160068934240362637e+02
1.936500000000001762e+02,1.160301133786848027e+02
1.936750000000001819e+02,1.160533333333333275e+02
1.937000000000001592e+02,1.160765532879818522e+02
1.937250000000001648e+02,1.160997732426303770e+02
1.937500000000001705e+02,1.161229931972789018e+02
1.937750000000001762e+02,1.161462131519274266e+02
1.938000000000001819e+02,1.161694331065759513e+02
1.938250000000001592e+02,1.161926530612244761e+02
1.938500000000001648e+02,1.162158730158730151e+02
1.938750000000001705e+02,1.162390929705215257e+02
1.939000000000001762e+02,1.162623129251700647e+02
1.939250000000001819e+02,1.162855328798185894e+02
1.939500000000001592e+02,1.163087528344671142e+02
1.939750000000001648e+02,1.163319727891156390e+02
1.940000000000001705e+02,1.163551927437641638e+02
1.940250000000001762e+02,1.163784126984127028e+02
1.940500000000001819e+02,1.164016326530612133e+02
1.940750000000001592e+02,1.164248526077097523e+02
1.941000000000001648e+02,1.164480725623582771e+02
1.941250000000001705e+02,1.164712925170068019e+02
1.941500000000001762e+02,1.164945124716553266e+02
1.941750000000001819e+02,1.165177324263038514e+02
1.942000000000001592e+02,1.165409523809523620e+02
1.942250000000001648e+02,1.165641723356009010e+02
1.942500000000001705e+02,1.165848122952884722e+02
1.942750000000001762e+02,1.166028722600151184e+02
1.943000000000001819e+02,1.166183522297807826e+02
1.943250000000001876e+02,1.166312522045855218e+02
1.943500000000001648e+02,1.166415721844293074e+02
1.943750000000001705e+02,1.166493121693121537e+02
1.944000000000001762e+02,1.166544721592340466e+02
1.944250000000001819e+02,1.166570521541950001e+02
1.944500000000001876e+02,1.166570521541950001e+02
1.944750000000001648e+02,1.166570521541950001e+02
1.945000000000001705e+02,1.166570521541950001e+02
1.945250000000001762e+02,1.166570521541950001e+02
1.945500000000001819e+02,1.166570521541950001e+02
1.945750000000001876e+02,1.166570521541950001e+02
1.946000000000001648e+02,1.166570521541950001e+02
1.946250000000001705e+02,1.166570521541950001e+02
1.946500000000001762e+02,1.166570521541950001e+02
1.946750000000001819e+02,1.166570521541950001e+02
1.947000000000001876e+02,1.166570521541950001e+02
1.947250000000001648e+02,1.166570521541950001e+02
1.947500000000001705e+02,1.166570521541950001e+02
1.947750000000001762e+02,1.166570521541950001e+02
1.948000000000001819e+02,1.166570521541950001e+02
1.948250000000001876e+02,1.166596321491559536e+02
1.948500000000001648e+02,1.166647921390778464e+02
1.948750000000001705e+02,1.166725321239606927e+02
1.949000000000001762e+02,1.166828521038044784e+02
1.949250000000001819e+02,1.166957520786092033e+02
1.949500000000001876e+02,1.167112320483748817e+02
1.949750000000001648e+02,1.167292920131015137e+02
1.950000000000001705e+02,1.167499319727890992e+02
1.950250000000001762e+02,1.167705719324767131e+02
1.950500000000001819e+02,1.167886318972033308e+02
1.950750000000001876e+02,1.168041118669690093e+02
1.951000000000001648e+02,1.168170118417737626e+02
1.951250000000001705e+02,1.168273318216175483e+02
1.951500000000001762e+02,1.168350718065003946e+02
1.951750000000001819e+02,1.168402317964222874e+02
1.952000000000001876e+02,1.168428117913832409e+02
1.952250000000001648e+02,1.168428117913832409e+02
1.952500000000001705e+02,1.168428117913832409e+02
1.952750000000001762e+02,1.168453917863441802e+02
1.953000000000001819e+02,1.168505517762660730e+02
1.953250000000001876e+02,1.168582917611489052e+02
1.953500000000001648e+02,1.168686117409926908e+02
1.953750000000001705e+02,1.168815117157974157e+02
1.954000000000001762e+02,1.168969916855631084e+02
1.954250000000001819e+02,1.169124716553288010e+02
1.954500000000001876e+02,1.169279516250944937e+02
1.954750000000001648e+02,1.169434315948601579e+02
1.955000000000001705e+02,1.169563315696648829e+02
1.955250000000001762e+02,1.169666515495086827e+02
1.955500000000001819e+02,1.169743915343915148e+02
1.955750000000001876e+02,1.169821315192743754e+02
1.956000000000001648e+02,1.169898715041572075e+02
1.956250000000001705e+02,1.169976114890400538e+02
1.956500000000001762e+02,1.170079314688838394e+02
1.956750000000001819e+02,1.170208314436885786e+02
1.957000000000001876e+02,1.170363114134542570e+02
1.957250000000001648e+02,1.170543713781808890e+02
1.957500000000001705e+02,1.170750113378684745e+02
1.957750000000001762e+02,1.170982312925169992e+02
1.958000000000001819e+02,1.171214512471655382e+02
1.958250000000001876e+02,1.171446712018140488e+02
1.958500000000001648e+02,1.171678911564625878e+02
1.958750000000001705e+02,1.171911111111110984e+02
1.959000000000001762e+02,1.172143310657596231e+02
1.959250000000001819e+02,1.172375510204081479e+02
1.959500000000001876e+02,1.172607709750566727e+02
1.959750000000001648e+02,1.172839909297052117e+02
1.960000000000001705e+02,1.173072108843537222e+02
1.960250000000001762e+02,1.173304308390022612e+02
1.960500000000001819e+02,1.173536507936507860e+02
1.960750000000001876e+02,1.173768707482993108e+02
1.961000000000001648e+02,1.174000907029478356e+02
1.961250000000001705e+02,1.174233106575963603e+02
1.961500000000001762e+02,1.174465306122448993e+02
1.961750000000001819e+02,1.174697505668934099e+02
1.962000000000001876e+02,1.174929705215419489e+02
1.962250000000001648e+02,1.175161904761904736e+02
1.962500000000001705e+02,1.175394104308389984e+02
1.962750000000001762e+02,1.175626303854875232e+02
1.963000000000001819e+02,1.175858503401360480e+02
1.963250000000001876e+02,1.176090702947845585e+02
1.963500000000001648e+02,1.176322902494330975e+02
1.963750000000001705e+02,1.176555102040816365e+02
1.964000000000001762e+02,1.176787301587301613e+02
1.964250000000001819e+02,1.177019501133786861e+02
1.964500000000001876e+02,1.177251700680271966e+02
1.964750000000001648e+02,1.177483900226757214e+02
1.965000000000001705e+02,1.177716099773242462e+02
1.965250000000001762e+02,1.177948299319727852e+02
1.965500000000001819e+02,1.178180498866213100e+02
1.965750000000001876e+02,1.178412698412698489e+02
1.966000000000001648e+02,1.178619098009574060e+02
1.966250000000001705e+02,1.178799697656840380e+02
1.966500000000001762e+02,1.178954497354497164e+02
1.966750000000001819e+02,1.179083497102544413e+02
1.967000000000001876e+02,1.179186696900982412e+02
1.967250000000001648e+02,1.179264096749810733e+02
1.967500000000001705e+02,1.179315696649029661e+02
1.967750000000001762e+02,1.179341496598639196e+02
1.968000000000001819e+02,1.179341496598639196e+02
1.968250000000001876e+02,1.179341496598639196e+02
1.968500000000001648e+02,1.179341496598639196e+02
1.968750000000001705e+02,1.179341496598639196e+02
1.969000000000001762e+02,1.179341496598639196e+02
1.969250000000001819e+02,1.179341496598639196e+02
1.969500000000001876e+02,1.179341496598639196e+02
1.969750000000001648e+02,1.179341496598639196e+02
1.970000000000001705e+02,1.179341496598639196e+02
1.970250000000001762e+02,1.179341496598639196e+02
1.970500000000001819e+02,1.179341496598639196e+02
1.970750000000001876e+02,1.179341496598639196e+02
1.971000000000001648e+02,1.179341496598639196e+02
1.971250000000001705e+02,1.179341496598639196e+02
1.971500000000001762e+02,1.179341496598639196e+02
1.971750000000001819e+02,1.179341496598639196e+02
1.972000000000001876e+02,1.179341496598639196e+02
1.972250000000001648e+02,1.179341496598639196e+02
1.972500000000001705e+02,1.179341496598639196e+02
1.972750000000001762e+02,1.179341496598639196e+02
1.973000000000001819e+02,1.179367296548248731e+02
1.973250000000001876e+02,1.179418896447467660e+02
1.973500000000001648e+02,1.179496296296296123e+02
1.973750000000001705e+02,1.179599496094733979e+02
1.974000000000001762e+02,1.179728495842781513e+02
1.974250000000001819e+02,1.179883295540438297e+02
1.974500000000001876e+02,1.180063895187704759e+02
1.974750000000001648e+02,1.180270294784580472e+02
1.975000000000001705e+02,1.180502494331065577e+02
1.975250000000001762e+02,1.180734693877550967e+02
1.975500000000001819e+02,1.180966893424036073e+02
1.975750000000001876e+02,1.181199092970521463e+02
1.976000000000001648e+02,1.181431292517006710e+02
1.976250000000001705e+02,1.181663492063491958e+02
1.976500000000001762e+02,1.181895691609977348e+02
1.976750000000001819e+02,1.182127891156462454e+02
1.977000000000001876e+02,1.182360090702947844e+02
1.977250000000001648e+02,1.182592290249432949e+02
1.977500000000001705e+02,1.182824489795918197e+02
1.977750000000001762e+02,1.183056689342403445e+02
1.978000000000001819e+02,1.183288888888888835e+02
1.978250000000001876e+02,1.183521088435374082e+02
1.978500000000001648e+02,1.183753287981859330e+02
1.978750000000001705e+02,1.183985487528344578e+02
1.979000000000001762e+02,1.184217687074829826e+02
1.979250000000001819e+02,1.184449886621315073e+02
1.979500000000001876e+02,1.184682086167800321e+02
1.979750000000001648e+02,1.184914285714285569e+02
1.980000000000001705e+02,1.185146485260770959e+02
1.980250000000001762e+02,1.185378684807256064e+02
1.980500000000001819e+02,1.185610884353741454e+02
1.980750000000001876e+02,1.185843083900226702e+02
1.981000000000001648e+02,1.186049483497102415e+02
1.981250000000001705e+02,1.186230083144368592e+02
1.981500000000001762e+02,1.186384882842025377e+02
1.981750000000001819e+02,1.186513882590072768e+02
1.982000000000001876e+02,1.186617082388510767e+02
1.982250000000001648e+02,1.186694482237339088e+02
1.982500000000001705e+02,1.186746082136558016e+02
1.982750000000001762e+02,1.186771882086167551e+02
1.983000000000001819e+02,1.186771882086167551e+02
1.983250000000001876e+02,1.186771882086167551e+02
1.983500000000001648e+02,1.186797682035777086e+02
1.983750000000001705e+02,1.186849281934996156e+02
1.984000000000001762e+02,1.186926681783824478e+02
1.984250000000001819e+02,1.187029881582262618e+02
1.984500000000001876e+02,1.187158881330309868e+02
1.984750000000001648e+02,1.187313681027966652e+02
1.985000000000001705e+02,1.187494280675232972e+02
1.985250000000001762e+02,1.187700680272108826e+02
1.985500000000001819e+02,1.187932879818594074e+02
1.985750000000001876e+02,1.188165079365079322e+02
1.986000000000001648e+02,1.188397278911564428e+02
1.986250000000001705e+02,1.188629478458049817e+02
1.986500000000001762e+02,1.188861678004535065e+02
1.986750000000001819e+02,1.189093877551020455e+02
1.987000000000001876e+02,1.189326077097505561e+02
1.987250000000001648e+02,1.189558276643990808e+02
1.987500000000001705e+02,1.189790476190476056e+02
1.987750000000001762e+02,1.190022675736961162e+02
1.988000000000001819e+02,1.190254875283446552e+02
1.988250000000001876e+02,1.190487074829931800e+02
1.988500000000001648e+02,1.190719274376417331e+02
1.988750000000001705e+02,1.190951473922902437e+02
1.989000000000001762e+02,1.191183673469387543e+02
1.989250000000001819e+02,1.191415873015872933e+02
1.989500000000001876e+02,1.191648072562358038e+02
1.989750000000001648e+02,1.191880272108843428e+02
1.990000000000001705e+02,1.192112471655328676e+02
1.990250000000001762e+02,1.192344671201814208e+02
1.990500000000001819e+02,1.192576870748299314e+02
1.990750000000001876e+02,1.192809070294784419e+02
1.991000000000001648e+02,1.193041269841269809e+02
1.991250000000001705e+02,1.193273469387754915e+02
1.991500000000001762e+02,1.193505668934240305e+02
1.991750000000001819e+02,1.193737868480725552e+02
1.992000000000001876e+02,1.193970068027210800e+02
1.992250000000001648e+02,1.194202267573696190e+02
1.992500000000001705e+02,1.194434467120181296e+02
1.992750000000001762e+02,1.194666666666666686e+02
1.993000000000001819e+02,1.194898866213151791e+02
1.993250000000001876e+02,1.195131065759637039e+02
1.993500000000001648e+02,1.195363265306122287e+02
1.993750000000001705e+02,1.195569664902997999e+02
1.994000000000001762e+02,1.195750264550264319e+02
1.994250000000001819e+02,1.195905064247920961e+02
1.994500000000001876e+02,1.196034063995968495e+02
1.994750000000001648e+02,1.196137263794406351e+02
1.995000000000001705e+02,1.196214663643234815e+02
1.995250000000001762e+02,1.196266263542453601e+02
1.995500000000001819e+02,1.196292063492062994e+02
1.995750000000001876e+02,1.196292063492062994e+02
1.996000000000001648e+02,1.196292063492062994e+02
1.996250000000001705e+02,1.196292063492062994e+02
1.996500000000001762e+02,1.196292063492062994e+02
1.996750000000001819e+02,1.196292063492062994e+02
1.997000000000001876e+02,1.196292063492062994e+02
1.997250000000001648e+02,1.196292063492062994e+02
1.997500000000001705e+02,1.196292063492062994e+02
1.997750000000001762e+02,1.196292063492062994e+02
1.998000000000001819e+02,1.196292063492062994e+02
1.998250000000001876e+02,1.196292063492062994e+02
1.998500000000001648e+02,1.196292063492062994e+02
1.998750000000001705e+02,1.196292063492062994e+02
1.999000000000001762e+02,1.196292063492062994e+02
1.999250000000001819e+02,1.196292063492062994e+02
1.999500000000001876e+02,1.196292063492062994e+02
1.999750000000001648e+02,1.196292063492062994e+02
2.000000000000001705e+02,1.196292063492062994e+02
2.000250000000001762e+02,1.196292063492062994e+02
2.000500000000001819e+02,1.196292063492062994e+02
2.000750000000001876e+02,1.196292063492062994e+02
2.001000000000001648e+02,1.196292063492062994e+02
2.001250000000001705e+02,1.196292063492062994e+02
2.001500000000001762e+02,1.196292063492062994e+02
2.001750000000001819e+02,1.196292063492062994e+02
2.002000000000001876e+02,1.196292063492062994e+02
2.002250000000001648e+02,1.196292063492062994e+02
2.002500000000001705e+02,1.196292063492062994e+02
2.002750000000001762e+02,1.196292063492062994e+02
2.003000000000001819e+02,1.196292063492062994e+02
2.003250000000001876e+02,1.196292063492062994e+02
2.003500000000001648e+02,1.196292063492062994e+02
2.003750000000001705e+02,1.196292063492062994e+02
2.004000000000001762e+02,1.196317863441672529e+02
2.004250000000001819e+02,1.196369463340891599e+02
2.004500000000001876e+02,1.196446863189720062e+02
2.004750000000001648e+02,1.196550062988158061e+02
2.005000000000001705e+02,1.196679062736205452e+02
2.005250000000001762e+02,1.196833862433862237e+02
2.005500000000001819e+02,1.197014462081128556e+02
2.005750000000001876e+02,1.197220861678004411e+02
2.006000000000001933e+02,1.197453061224489801e+02
2.006250000000001705e+02,1.197685260770974907e+02
2.006500000000001762e+02,1.197917460317460296e+02
2.006750000000001819e+02,1.198123859914336151e+02
2.007000000000001876e+02,1.198330259511211864e+02
2.007250000000001933e+02,1.198536659108087576e+02
2.007500000000001705e+02,1.198743058704963289e+02
2.007750000000001762e+02,1.198949458301839144e+02
2.008000000000001819e+02,1.199155857898715141e+02
2.008250000000001876e+02,1.199362257495590853e+02
2.008500000000001933e+02,1.199568657092466708e+02
2.008750000000001705e+02,1.199775056689342421e+02
2.009000000000001762e+02,1.200007256235827668e+02
2.009250000000001819e+02,1.200239455782312774e+02
2.009500000000001876e+02,1.200471655328798022e+02
2.009750000000001933e+02,1.200703854875283270e+02
2.010000000000001705e+02,1.200936054421768659e+02
2.010250000000001762e+02,1.201168253968253907e+02
2.010500000000001819e+02,1.201400453514739297e+02
2.010750000000001876e+02,1.201632653061224403e+02
2.011000000000001933e+02,1.201864852607709651e+02
2.011250000000001705e+02,1.202097052154194898e+02
2.011500000000001762e+02,1.202329251700680004e+02
2.011750000000001819e+02,1.202561451247165394e+02
2.012000000000001876e+02,1.202793650793650642e+02
2.012250000000001933e+02,1.203025850340136174e+02
2.012500000000001705e+02,1.203232249937011744e+02
2.012750000000001762e+02,1.203412849584277922e+02
2.013000000000001819e+02,1.203593449231544383e+02
2.013250000000001876e+02,1.203774048878810561e+02
2.013500000000001933e+02,1.203954648526076880e+02
2.013750000000001705e+02,1.204135248173343200e+02
2.014000000000001762e+02,1.204315847820609520e+02
2.014250000000001819e+02,1.204496447467875981e+02
2.014500000000001876e+02,1.204651247165533050e+02
2.014750000000001933e+02,1.204806046863189835e+02
2.015000000000001705e+02,1.204960846560846619e+02
2.015250000000001762e+02,1.205089846308894153e+02
2.015500000000001819e+02,1.205193046107332009e+02
2.015750000000001876e+02,1.205270445956160330e+02
2.016000000000001933e+02,1.205322045855379258e+02
2.016250000000001705e+02,1.205347845804988793e+02
2.016500000000001762e+02,1.205347845804988793e+02
2.016750000000001819e+02,1.205347845804988793e+02
2.017000000000001876e+02,1.205373645754598186e+02
2.017250000000001933e+02,1.205425245653817115e+02
2.017500000000001705e+02,1.205502645502645436e+02
2.017750000000001762e+02,1.205605845301083292e+02
2.018000000000001819e+02,1.205734845049130683e+02
2.018250000000001876e+02,1.205889644746787610e+02
2.018500000000001933e+02,1.206070244394053788e+02
2.018750000000001705e+02,1.206276643990929642e+02
2.019000000000001762e+02,1.206508843537415032e+02
2.019250000000001819e+02,1.206741043083900138e+02
2.019500000000001876e+02,1.206973242630385386e+02
2.019750000000001933e+02,1.207205442176870633e+02
2.020000000000001705e+02,1.207437641723355881e+02
2.020250000000001762e+02,1.207669841269841129e+02
2.020500000000001819e+02,1.207902040816326377e+02
2.020750000000001876e+02,1.208134240362811767e+02
2.021000000000001933e+02,1.208366439909296872e+02
2.021250000000001705e+02,1.208598639455782262e+02
2.021500000000001762e+02,1.208830839002267510e+02
2.021750000000001819e+02,1.209063038548752758e+02
2.022000000000001876e+02,1.209295238095238005e+02
2.022250000000001933e+02,1.209527437641723253e+02
2.022500000000001705e+02,1.209759637188208643e+02
2.022750000000001762e+02,1.209991836734693749e+02
2.023000000000001819e+02,1.210224036281179139e+02
2.023250000000001876e+02,1.210456235827664386e+02
2.023500000000001933e+02,1.210688435374149634e+02
2.023750000000001705e+02,1.210920634920634882e+02
2.024000000000001762e+02,1.211152834467120130e+02
2.024250000000001819e+02,1.211385034013605235e+02
2.024500000000001876e+02,1.211617233560090625e+02
2.024750000000001933e+02,1.211849433106575873e+02
2.025000000000001705e+02,1.212081632653061263e+02
2.025250000000001762e+02,1.212313832199546511e+02
2.025500000000001819e+02,1.212546031746031616e+02
2.025750000000001876e+02,1.212778231292516864e+02
2.026000000000001933e+02,1.213010430839001970e+02
2.026250000000001705e+02,1.213242630385487359e+02
2.026500000000001762e+02,1.213474829931972607e+02
2.026750000000001819e+02,1.213707029478458139e+02
2.027000000000001876e+02,1.213939229024943245e+02
2.027250000000001933e+02,1.214171428571428493e+02
2.027500000000001705e+02,1.214403628117913740e+02
2.027750000000001762e+02,1.214610027714789453e+02
2.028000000000001819e+02,1.214790627362055773e+02
2.028250000000001876e+02,1.214945427059712699e+02
2.028500000000001933e+02,1.215074426807760233e+02
2.028750000000001705e+02,1.215177626606198089e+02
2.029000000000001762e+02,1.215255026455026410e+02
2.029250000000001819e+02,1.215306626354245338e+02
2.029500000000001876e+02,1.215332426303854874e+02
2.029750000000001933e+02,1.215332426303854874e+02
2.030000000000001705e+02,1.215332426303854874e+02
2.030250000000001762e+02,1.215332426303854874e+02
2.030500000000001819e+02,1.215332426303854874e+02
2.030750000000001876e+02,1.215332426303854874e+02
2.031000000000001933e+02,1.215332426303854874e+02
2.031250000000001705e+02,1.215332426303854874e+02
2.031500000000001762e+02,1.215332426303854874e+02
2.031750000000001819e+02,1.215332426303854874e+02
2.032000000000001876e+02,1.215332426303854874e+02
2.032250000000001933e+02,1.215332426303854874e+02
2.032500000000001705e+02,1.215332426303854874e+02
2.032750000000001762e+02,1.215332426303854874e+02
2.033000000000001819e+02,1.215332426303854874e+02
2.033250000000001876e+02,1.215332426303854874e+02
2.033500000000001933e+02,1.215332426303854874e+02
2.033750000000001705e+02,1.215332426303854874e+02
2.034000000000001762e+02,1.215332426303854874e+02
2.034250000000001819e+02,1.215332426303854874e+02
2.034500000000001876e+02,1.215332426303854874e+02
2.034750000000001933e+02,1.215332426303854874e+02
2.035000000000001705e+02,1.215358226253464409e+02
2.035250000000001762e+02,1.215409826152683195e+02
2.035500000000001819e+02,1.215487226001511800e+02
2.035750000000001876e+02,1.215590425799949514e+02
2.036000000000001933e+02,1.215719425547997048e+02
2.036250000000001705e+02,1.215874225245653690e+02
2.036500000000001762e+02,1.216054824892920010e+02
2.036750000000001819e+02,1.216261224489795723e+02
2.037000000000001876e+02,1.216493424036281112e+02
2.037250000000001933e+02,1.216725623582766360e+02
2.037500000000001705e+02,1.216957823129251608e+02
2.037750000000001762e+02,1.217190022675736998e+02
2.038000000000001819e+02,1.217422222222222103e+02
2.038250000000001876e+02,1.217654421768707493e+02
2.038500000000001933e+02,1.217886621315192599e+02
2.038750000000001705e+02,1.218118820861677847e+02
2.039000000000001762e+02,1.218351020408163095e+02
2.039250000000001819e+02,1.218583219954648484e+02
2.039500000000001876e+02,1.218815419501133732e+02
2.039750000000001933e+02,1.219047619047618980e+02
2.040000000000001705e+02,1.219279818594104228e+02
2.040250000000001762e+02,1.219512018140589475e+02
2.040500000000001819e+02,1.219744217687074723e+02
2.040750000000001876e+02,1.219950617283950436e+02
2.041000000000001933e+02,1.220131216931216898e+02
2.041250000000001705e+02,1.220286016628873682e+02
2.041500000000001762e+02,1.220415016376921074e+02
2.041750000000001819e+02,1.220518216175358930e+02
2.042000000000001876e+02,1.220595616024187393e+02
2.042250000000001933e+02,1.220647215923406463e+02
2.042500000000001705e+02,1.220673015873015856e+02
2.042750000000001762e+02,1.220698815822625249e+02
2.043000000000001819e+02,1.220750415721844178e+02
2.043250000000001876e+02,1.220827815570672641e+02
2.043500000000001933e+02,1.220931015369110497e+02
2.043750000000001705e+02,1.221060015117157889e+02
2.044000000000001762e+02,1.221214814814814815e+02
2.044250000000001819e+02,1.221395414462080993e+02
2.044500000000001876e+02,1.221601814058956847e+02
2.044750000000001933e+02,1.221808213655832560e+02
2.045000000000001705e+02,1.221988813303098880e+02
2.045250000000001762e+02,1.222143613000755522e+02
2.045500000000001819e+02,1.222272612748803056e+02
2.045750000000001876e+02,1.222375812547240912e+02
2.046000000000001933e+02,1.222453212396069375e+02
2.046250000000001705e+02,1.222504812295288161e+02
2.046500000000001762e+02,1.222530612244897554e+02
2.046750000000001819e+02,1.222530612244897554e+02
2.047000000000001876e+02,1.222556412194507089e+02
2.047250000000001933e+02,1.222608012093726160e+02
2.047500000000001705e+02,1.222685411942554623e+02
2.047750000000001762e+02,1.222788611740992621e+02
2.048000000000001819e+02,1.222917611489040013e+02
2.048250000000001876e+02,1.223072411186696797e+02
2.048500000000001933e+02,1.223253010833963117e+02
2.048750000000001705e+02,1.223459410430838830e+02
2.049000000000001762e+02,1.223691609977324077e+02
2.049250000000001819e+02,1.223923809523809467e+02
2.049500000000001876e+02,1.224156009070294715e+02
2.049750000000001933e+02,1.224388208616780105e+02
2.050000000000001705e+02,1.224620408163265211e+02
2.050250000000001762e+02,1.224852607709750458e+02
2.050500000000001819e+02,1.225084807256235706e+02
2.050750000000001876e+02,1.225317006802720812e+02
2.051000000000001933e+02,1.225549206349206202e+02
2.051250000000001705e+02,1.225781405895691449e+02
2.051500000000001762e+02,1.226013605442176981e+02
2.051750000000001819e+02,1.226245804988662087e+02
2.052000000000001876e+02,1.226478004535147193e+02
2.052250000000001933e+02,1.226710204081632583e+02
2.052500000000001705e+02,1.226942403628117688e+02
2.052750000000001762e+02,1.227174603174603078e+02
2.053000000000001819e+02,1.227406802721088326e+02
2.053250000000001876e+02,1.227639002267573858e+02
2.053500000000001933e+02,1.227871201814058963e+02
2.053750000000001705e+02,1.228103401360544069e+02
2.054000000000001762e+02,1.228335600907029459e+02
2.054250000000001819e+02,1.228567800453514565e+02
2.054500000000001876e+02,1.228799999999999955e+02
2.054750000000001933e+02,1.229032199546485202e+02
2.055000000000001705e+02,1.229264399092970450e+02
2.055250000000001762e+02,1.229470798689846305e+02
2.055500000000001819e+02,1.229651398337112482e+02
2.055750000000001876e+02,1.229806198034769267e+02
2.056000000000001933e+02,1.229935197782816658e+02
2.056250000000001705e+02,1.230038397581254515e+02
2.056500000000001762e+02,1.230115797430082978e+02
2.056750000000001819e+02,1.230167397329301906e+02
2.057000000000001876e+02,1.230193197278911441e+02
2.057250000000001933e+02,1.230193197278911441e+02
2.057500000000001705e+02,1.230193197278911441e+02
2.057750000000001762e+02,1.230193197278911441e+02
2.058000000000001819e+02,1.230193197278911441e+02
2.058250000000001876e+02,1.230193197278911441e+02
2.058500000000001933e+02,1.230193197278911441e+02
2.058750000000001705e+02,1.230193197278911441e+02
2.059000000000001762e+02,1.230193197278911441e+02
2.059250000000001819e+02,1.230193197278911441e+02
2.059500000000001876e+02,1.230193197278911441e+02
2.059750000000001933e+02,1.230193197278911441e+02
2.060000000000001705e+02,1.230193197278911441e+02
2.060250000000001762e+02,1.230193197278911441e+02
2.060500000000001819e+02,1.230193197278911441e+02
2.060750000000001876e+02,1.230193197278911441e+02
2.061000000000001933e+02,1.230193197278911441e+02
2.061250000000001705e+02,1.230193197278911441e+02
2.061500000000001762e+02,1.230193197278911441e+02
2.061750000000001819e+02,1.230193197278911441e+02
2.062000000000001876e+02,1.230193197278911441e+02
2.062250000000001933e+02,1.230218997228520976e+02
2.062500000000001705e+02,1.230270597127739904e+02
2.062750000000001762e+02,1.230347996976568368e+02
2.063000000000001819e+02,1.230451196775006224e+02
2.063250000000001876e+02,1.230580196523053473e+02
2.063500000000001933e+02,1.230734996220710400e+02
2.063750000000001705e+02,1.230915595867976577e+02
2.064000000000001762e+02,1.231121995464852574e+02
2.064250000000001819e+02,1.231354195011337680e+02
2.064500000000001876e+02,1.231586394557823070e+02
2.064750000000001933e+02,1.231818594104308318e+02
2.065000000000001705e+02,1.232050793650793565e+02
2.065250000000001762e+02,1.232282993197278813e+02
2.065500000000001819e+02,1.232515192743764061e+02
2.065750000000001876e+02,1.232747392290249451e+02
2.066000000000001933e+02,1.232979591836734556e+02
2.066250000000001705e+02,1.233211791383219946e+02
2.066500000000001762e+02,1.233443990929705194e+02
2.066750000000001819e+02,1.233676190476190442e+02
2.067000000000001876e+02,1.233908390022675690e+02
2.067250000000001933e+02,1.234140589569160937e+02
2.067500000000001705e+02,1.234372789115646043e+02
2.067750000000001762e+02,1.234604988662131433e+02
2.068000000000001819e+02,1.234837188208616823e+02
2.068250000000001876e+02,1.235069387755102071e+02
2.068500000000001933e+02,1.235301587301587318e+02
2.068750000000001705e+02,1.235533786848072424e+02
2.069000000000001762e+02,1.235765986394557672e+02
2.069250000000001819e+02,1.235998185941042919e+02
2.069500000000001876e+02,1.236230385487528309e+02
2.069750000000001933e+02,1.236436785084404022e+02
2.070000000000001705e+02,1.236617384731670484e+02
2.070250000000001762e+02,1.236772184429327126e+02
2.070500000000001819e+02,1.236901184177374518e+02
2.070750000000001876e+02,1.237004383975812374e+02
2.071000000000001933e+02,1.237081783824640837e+02
2.071250000000001990e+02,1.237133383723859765e+02
2.071500000000001762e+02,1.237159183673469300e+02
2.071750000000001819e+02,1.237159183673469300e+02
2.072000000000001876e+02,1.237159183673469300e+02
2.072250000000001933e+02,1.237159183673469300e+02
2.072500000000001990e+02,1.237159183673469300e+02
2.072750000000001762e+02,1.237159183673469300e+02
2.073000000000001819e+02,1.237184983623078836e+02
2.073250000000001876e+02,1.237236583522297764e+02
2.073500000000001933e+02,1.237313983371126227e+02
2.073750000000001990e+02,1.237417183169564083e+02
2.074000000000001762e+02,1.237546182917611333e+02
2.074250000000001819e+02,1.237700982615268117e+02
2.074500000000001876e+02,1.237855782312925044e+02
2.074750000000001933e+02,1.238010582010581970e+02
2.075000000000001990e+02,1.238165381708239181e+02
2.075250000000001762e+02,1.238320181405895823e+02
2.075500000000001819e+02,1.238474981103552608e+02
2.075750000000001876e+02,1.238629780801209392e+02
2.076000000000001933e+02,1.238784580498866177e+02
2.076250000000001990e+02,1.238939380196522961e+02
2.076500000000001762e+02,1.239094179894179746e+02
2.076750000000001819e+02,1.239274779541446208e+02
2.077000000000001876e+02,1.239481179138321920e+02
2.077250000000001933e+02,1.239713378684807168e+02
2.077500000000001990e+02,1.239945578231292416e+02
2.077750000000001762e+02,1.240177777777777806e+02
2.078000000000001819e+02,1.240409977324262911e+02
2.078250000000001876e+02,1.240642176870748301e+02
2.078500000000001933e+02,1.240874376417233407e+02
2.078750000000001990e+02,1.241106575963718655e+02
2.079000000000001762e+02,1.241338775510203902e+02
2.079250000000001819e+02,1.241570975056689292e+02
2.079500000000001876e+02,1.241803174603174540e+02
2.079750000000001933e+02,1.242035374149659788e+02
2.080000000000001990e+02,1.242267573696145035e+02
2.080250000000001762e+02,1.242499773242630283e+02
2.080500000000001819e+02,1.242731972789115531e+02
2.080750000000001876e+02,1.242964172335600779e+02
2.081000000000001933e+02,1.243196371882086027e+02
2.081250000000001990e+02,1.243428571428571416e+02
2.081500000000001762e+02,1.243660770975056522e+02
2.081750000000001819e+02,1.243892970521541912e+02
2.082000000000001876e+02,1.244125170068027160e+02
2.082250000000001933e+02,1.244357369614512407e+02
2.082500000000001990e+02,1.244589569160997655e+02
2.082750000000001762e+02,1.244821768707482903e+02
2.083000000000001819e+02,1.245053968253968293e+02
2.083250000000001876e+02,1.245286167800453399e+02
2.083500000000001933e+02,1.245518367346938788e+02
2.083750000000001990e+02,1.245750566893424036e+02
2.084000000000001762e+02,1.245982766439909284e+02
2.084250000000001819e+02,1.246214965986394532e+02
2.084500000000001876e+02,1.246447165532879779e+02
2.084750000000001933e+02,1.246679365079364885e+02
2.085000000000001990e+02,1.246911564625850275e+02
2.085250000000001762e+02,1.247143764172335523e+02
2.085500000000001819e+02,1.247375963718820913e+02
2.085750000000001876e+02,1.247608163265306018e+02
2.086000000000001933e+02,1.247840362811791266e+02
2.086250000000001990e+02,1.248072562358276514e+02
2.086500000000001762e+02,1.248304761904761619e+02
2.086750000000001819e+02,1.248536961451247009e+02
2.087000000000001876e+02,1.248769160997732257e+02
2.087250000000001933e+02,1.249001360544217789e+02
2.087500000000001990e+02,1.249233560090702895e+02
2.087750000000001762e+02,1.249465759637188000e+02
2.088000000000001819e+02,1.249697959183673390e+02
2.088250000000001876e+02,1.249904358780549103e+02
2.088500000000001933e+02,1.250084958427815423e+02
2.088750000000001990e+02,1.250239758125472349e+02
2.089000000000001762e+02,1.250368757873519883e+02
2.089250000000001819e+02,1.250471957671957739e+02
2.089500000000001876e+02,1.250549357520786060e+02
2.089750000000001933e+02,1.250600957420004988e+02
2.090000000000001990e+02,1.250626757369614523e+02
2.090250000000001762e+02,1.250626757369614523e+02
2.090500000000001819e+02,1.250626757369614523e+02
2.090750000000001876e+02,1.250626757369614523e+02
2.091000000000001933e+02,1.250626757369614523e+02
2.091250000000001990e+02,1.250626757369614523e+02
2.091500000000001762e+02,1.250626757369614523e+02
2.091750000000001819e+02,1.250626757369614523e+02
2.092000000000001876e+02,1.250626757369614523e+02
2.092250000000001933e+02,1.250626757369614523e+02
2.092500000000001990e+02,1.250626757369614523e+02
2.092750000000001762e+02,1.250626757369614523e+02
2.093000000000001819e+02,1.250626757369614523e+02
2.093250000000001876e+02,1.250626757369614523e+02
2.093500000000001933e+02,1.250652557319224059e+02
2.093750000000001990e+02,1.250704157218442845e+02
2.094000000000001762e+02,1.250781557067271450e+02
2.094250000000001819e+02,1.250884756865709164e+02
2.094500000000001876e+02,1.251013756613756698e+02
2.094750000000001933e+02,1.251168556311413340e+02
2.095000000000001990e+02,1.251349155958679660e+02
2.095250000000001762e+02,1.251555555555555372e+02
2.095500000000001819e+02,1.251787755102040762e+02
2.095750000000001876e+02,1.252019954648526010e+02
2.096000000000001933e+02,1.252252154195011258e+02
2.096250000000001990e+02,1.252484353741496648e+02
2.096500000000001762e+02,1.252716553287981753e+02
2.096750000000001819e+02,1.252948752834467143e+02
2.097000000000001876e+02,1.253180952380952249e+02
2.097250000000001933e+02,1.253413151927437497e+02
2.097500000000001990e+02,1.253645351473922744e+02
2.097750000000001762e+02,1.253877551020407992e+02
2.098000000000001819e+02,1.254109750566893382e+02
2.098250000000001876e+02,1.254341950113378488e+02
2.098500000000001933e+02,1.254574149659863878e+02
2.098750000000001990e+02,1.254806349206349125e+02
2.099000000000001762e+02,1.255038548752834373e+02
2.099250000000001819e+02,1.255270748299319621e+02
2.099500000000001876e+02,1.255502947845804869e+02
2.099750000000001933e+02,1.255735147392290258e+02
2.100000000000001990e+02,1.255941546989165971e+02
2.100250000000001762e+02,1.256122146636432433e+02
2.100500000000001819e+02,1.256276946334089359e+02
2.100750000000001876e+02,1.256405946082136751e+02
2.101000000000001933e+02,1.256509145880574607e+02
2.101250000000001990e+02,1.256586545729402928e+02
2.101500000000001762e+02,1.256638145628621857e+02
2.101750000000001819e+02,1.256663945578231392e+02
2.102000000000001876e+02,1.256663945578231392e+02
2.102250000000001933e+02,1.256689745527840785e+02
2.102500000000001990e+02,1.256741345427059713e+02
2.102750000000001762e+02,1.256818745275888034e+02
2.103000000000001819e+02,1.256921945074325890e+02
2.103250000000001876e+02,1.257050944822373424e+02
2.103500000000001933e+02,1.257205744520030208e+02
2.103750000000001990e+02,1.257386344167296528e+02
2.104000000000001762e+02,1.257592743764172241e+02
2.104250000000001819e+02,1.257824943310657630e+02
2.104500000000001876e+02,1.258057142857142878e+02
2.104750000000001933e+02,1.258289342403628126e+02
2.105000000000001990e+02,1.258521541950113232e+02
2.105250000000001762e+02,1.258753741496598479e+02
2.105500000000001819e+02,1.258985941043083727e+02
2.105750000000001876e+02,1.259218140589569117e+02
2.106000000000001933e+02,1.259450340136054365e+02
2.106250000000001990e+02,1.259682539682539755e+02
2.106500000000001762e+02,1.259914739229024860e+02
2.106750000000001819e+02,1.260121138825900715e+02
2.107000000000001876e+02,1.260301738473167035e+02
2.107250000000001933e+02,1.260456538170823819e+02
2.107500000000001990e+02,1.260585537918871353e+02
2.107750000000001762e+02,1.260688737717309209e+02
2.108000000000001819e+02,1.260766137566137672e+02
2.108250000000001876e+02,1.260843537414965994e+02
2.108500000000001933e+02,1.260920937263794315e+02
2.108750000000001990e+02,1.260998337112622778e+02
2.109000000000001762e+02,1.261101536911060634e+02
2.109250000000001819e+02,1.261230536659108026e+02
2.109500000000001876e+02,1.261359536407155417e+02
2.109750000000001933e+02,1.261488536155202809e+02
2.110000000000001990e+02,1.261617535903250200e+02
2.110250000000001762e+02,1.261746535651297734e+02
2.110500000000001819e+02,1.261849735449735590e+02
2.110750000000001876e+02,1.261927135298563911e+02
2.111000000000001933e+02,1.261978735197782839e+02
2.111250000000001990e+02,1.262004535147392374e+02
2.111500000000001762e+02,1.262004535147392374e+02
2.111750000000001819e+02,1.262004535147392374e+02
2.112000000000001876e+02,1.262004535147392374e+02
2.112250000000001933e+02,1.262004535147392374e+02
2.112500000000001990e+02,1.262030335097001768e+02
2.112750000000001762e+02,1.262081934996220696e+02
2.113000000000001819e+02,1.262159334845049017e+02
2.113250000000001876e+02,1.262262534643486873e+02
2.113500000000001933e+02,1.262391534391534265e+02
2.113750000000001990e+02,1.262546334089191191e+02
2.114000000000001762e+02,1.262726933736457653e+02
2.114250000000001819e+02,1.262933333333333223e+02
2.114500000000001876e+02,1.263165532879818613e+02
2.114750000000001933e+02,1.263397732426303719e+02
2.115000000000001990e+02,1.263629931972789109e+02
2.115250000000001762e+02,1.263862131519274214e+02
2.115500000000001819e+02,1.264094331065759462e+02
2.115750000000001876e+02,1.264326530612244710e+02
2.116000000000001933e+02,1.264558730158730100e+02
2.116250000000001990e+02,1.264790929705215348e+02
2.116500000000001762e+02,1.265023129251700595e+02
2.116750000000001819e+02,1.265255328798185843e+02
2.117000000000001876e+02,1.265487528344671091e+02
2.117250000000001933e+02,1.265719727891156339e+02
2.117500000000001990e+02,1.265951927437641586e+02
2.117750000000001762e+02,1.266184126984126834e+02
2.118000000000001819e+02,1.266390526581002689e+02
2.118250000000001876e+02,1.266571126228268866e+02
2.118500000000001933e+02,1.266725925925925793e+02
2.118750000000001990e+02,1.266854925673973185e+02
2.119000000000001762e+02,1.266983925422020576e+02
2.119250000000001819e+02,1.267112925170067967e+02
2.119500000000001876e+02,1.267241924918115217e+02
2.119750000000001933e+02,1.267370924666162608e+02
2.120000000000001990e+02,1.267499924414210000e+02
2.120250000000001762e+02,1.267654724111866926e+02
2.120500000000001819e+02,1.267835323759133104e+02
2.120750000000001876e+02,1.268041723356009101e+02
2.121000000000001933e+02,1.268273922902494206e+02
2.121250000000001990e+02,1.268506122448979596e+02
2.121500000000001762e+02,1.268738321995464844e+02
2.121750000000001819e+02,1.268970521541950092e+02
2.122000000000001876e+02,1.269202721088435339e+02
2.122250000000001933e+02,1.269434920634920587e+02
2.122500000000001990e+02,1.269667120181405693e+02
2.122750000000001762e+02,1.269899319727891083e+02
2.123000000000001819e+02,1.270131519274376330e+02
2.123250000000001876e+02,1.270363718820861720e+02
2.123500000000001933e+02,1.270595918367346968e+02
2.123750000000001990e+02,1.270828117913832074e+02
2.124000000000001762e+02,1.271060317460317322e+02
2.124250000000001819e+02,1.271292517006802427e+02
2.124500000000001876e+02,1.271524716553287817e+02
2.124750000000001933e+02,1.271756916099773065e+02
2.125000000000001990e+02,1.271989115646258597e+02
2.125250000000001762e+02,1.272221315192743702e+02
2.125500000000001819e+02,1.272453514739228950e+02
2.125750000000001876e+02,1.272685714285714198e+02
2.126000000000001933e+02,1.272917913832199304e+02
2.126250000000001990e+02,1.273150113378684694e+02
2.126500000000001762e+02,1.273382312925169941e+02
2.126750000000001819e+02,1.273614512471655473e+02
2.127000000000001876e+02,1.273846712018140579e+02
2.127250000000001933e+02,1.274078911564625685e+02
2.127500000000001990e+02,1.274311111111111074e+02
2.127750000000001762e+02,1.274543310657596180e+02
2.128000000000001819e+02,1.274775510204081570e+02
2.128250000000001876e+02,1.275007709750566818e+02
2.128500000000001933e+02,1.275239909297052066e+02
2.128750000000001990e+02,1.275472108843537455e+02
2.129000000000001762e+02,1.275704308390022561e+02
2.129250000000001819e+02,1.275936507936507951e+02
2.129500000000001876e+02,1.276168707482993057e+02
2.129750000000001933e+02,1.276400907029478304e+02
2.130000000000001990e+02,1.276633106575963552e+02
2.130250000000001762e+02,1.276865306122448942e+02
2.130500000000001819e+02,1.277097505668934190e+02
2.130750000000001876e+02,1.277329705215419438e+02
2.131000000000001933e+02,1.277561904761904685e+02
2.131250000000001990e+02,1.277794104308389933e+02
2.131500000000001762e+02,1.278026303854875181e+02
2.131750000000001819e+02,1.278258503401360429e+02
2.132000000000001876e+02,1.278490702947845676e+02
2.132250000000001933e+02,1.278722902494331066e+02
2.132500000000001990e+02,1.278955102040816172e+02
2.132750000000001762e+02,1.279187301587301562e+02
2.133000000000001819e+02,1.279419501133786810e+02
2.133250000000001876e+02,1.279651700680272199e+02
2.133500000000001933e+02,1.279883900226757447e+02
2.133750000000001990e+02,1.280116099773242695e+02
2.134000000000002046e+02,1.280348299319727801e+02
2.134250000000001819e+02,1.280580498866213190e+02
2.134500000000001876e+02,1.280812698412698296e+02
2.134750000000001933e+02,1.281044897959183686e+02
2.135000000000001990e+02,1.281277097505669076e+02
2.135250000000002046e+02,1.281509297052154182e+02
2.135500000000001819e+02,1.281741496598639287e+02
2.135750000000001876e+02,1.281973696145124677e+02
2.136000000000001933e+02,1.282205895691610067e+02
2.136250000000001990e+02,1.282438095238095173e+02
2.136500000000002046e+02,1.282670294784580562e+02
2.136750000000001819e+02,1.282902494331065668e+02
2.137000000000001876e+02,1.283134693877551058e+02
2.137250000000001933e+02,1.283366893424036164e+02
2.137500000000001990e+02,1.283599092970521554e+02
2.137750000000002046e+02,1.283831292517006659e+02
2.138000000000001819e+02,1.284063492063491765e+02
2.138250000000001876e+02,1.284295691609977439e+02
2.138500000000001933e+02,1.284527891156462545e+02
2.138750000000001990e+02,1.284760090702947934e+02
2.139000000000002046e+02,1.284992290249433040e+02
2.139250000000001819e+02,1.285224489795918146e+02
2.139500000000001876e+02,1.285456689342403536e+02
2.139750000000001933e+02,1.285688888888888641e+02
2.139750000000001933e+02,1.285921088435374031e+02
2.139750000000001933e+02,1.286153287981859421e+02
2.139750000000001933e+02,1.286385487528344811e+02
2.139750000000001933e+02,1.286617687074829917e+02
2.139750000000001933e+02,1.286849886621315022e+02
2.139750000000001933e+02,1.287082086167800412e+02
2.139750000000001933e+02,1.287314285714285518e+02
2.139750000000001933e+02,1.287546485260770908e+02
2.139750000000001933e+02,1.287778684807256298e+02
2.139750000000001933e+02,1.288010884353741403e+02
2.139750000000001933e+02,1.288243083900226793e+02
2.139750000000001933e+02,1.288475283446711899e+02
2.139750000000001933e+02,1.288707482993197289e+02
2.139750000000001933e+02,1.288939682539682394e+02
2.139750000000001933e+02,1.289171882086167784e+02
2.139750000000001933e+02,1.289404081632653174e+02
2.139750000000001933e+02,1.289636281179138280e+02
2.139750000000001933e+02,1.289868480725623670e+02
2.139750000000001933e+02,1.290100680272108775e+02
2.139750000000001933e+02,1.290332879818594165e+02
2.139750000000001933e+02,1.290565079365079271e+02
2.139750000000001933e+02,1.290797278911564376e+02
2.139750000000001933e+02,1.291029478458049766e+02
2.139750000000001933e+02,1.291261678004535156e+02
2.139750000000001933e+02,1.291493877551020262e+02
2.139750000000001933e+02,1.291726077097505652e+02
2.139750000000001933e+02,1.291958276643990757e+02
2.139750000000001933e+02,1.292190476190476147e+02
2.139750000000001933e+02,1.292422675736961253e+02
2.139750000000001933e+02,1.292654875283446643e+02
2.139750000000001933e+02,1.292887074829931748e+02
2.139750000000001933e+02,1.293119274376416854e+02
2.139750000000001933e+02,1.293351473922902528e+02
2.139750000000001933e+02,1.293583673469387634e+02
2.139750000000001933e+02,1.293815873015873024e+02
2.139750000000001933e+02,1.294048072562358129e+02
2.139750000000001933e+02,1.294280272108843519e+02
2.139750000000001933e+02,1.294512471655328625e+02
2.139750000000001933e+02,1.294744671201813730e+02
2.139750000000001933e+02,1.294976870748299405e+02
2.139750000000001933e+02,1.295209070294784510e+02
2.139750000000001933e+02,1.295441269841269900e+02
2.139750000000001933e+02,1.295673469387755006e+02
2.139750000000001933e+02,1.295905668934240111e+02
2.139750000000001933e+02,1.296137868480725501e+02
2.139750000000001933e+02,1.296370068027210607e+02
2.140000000000001990e+02,1.296602267573696281e+02
2.140250000000002046e+02,1.296834467120181387e+02
2.140500000000001819e+02,1.297066666666666777e+02
2.140750000000001876e+02,1.297298866213151882e+02
2.141000000000001933e+02,1.297531065759636988e+02
2.141250000000001990e+02,1.297763265306122378e+02
2.141500000000002046e+02,1.297995464852607483e+02
2.141750000000001819e+02,1.298227664399092873e+02
2.142000000000001876e+02,1.298459863945578263e+02
2.142250000000001933e+02,1.298692063492063369e+02
2.142500000000001990e+02,1.298924263038548759e+02
2.142750000000002046e+02,1.299130662635424471e+02
2.143000000000001819e+02,1.299311262282690791e+02
2.143250000000001876e+02,1.299466061980347718e+02
2.143500000000001933e+02,1.299595061728394967e+02
2.143750000000001990e+02,1.299698261526832823e+02
2.144000000000002046e+02,1.299775661375661286e+02
2.144250000000001819e+02,1.299827261274880357e+02
2.144500000000001876e+02,1.299853061224489750e+02
2.144750000000001933e+02,1.299853061224489750e+02
2.145000000000001990e+02,1.299853061224489750e+02
2.145250000000002046e+02,1.299853061224489750e+02
2.145500000000001819e+02,1.299853061224489750e+02
2.145750000000001876e+02,1.299853061224489750e+02
2.146000000000001933e+02,1.299853061224489750e+02
2.146250000000001990e+02,1.299853061224489750e+02
2.146500000000002046e+02,1.299853061224489750e+02
2.146750000000001819e+02,1.299853061224489750e+02
2.147000000000001876e+02,1.299853061224489750e+02
2.147250000000001933e+02,1.299853061224489750e+02
2.147500000000001990e+02,1.299853061224489750e+02
2.147750000000002046e+02,1.299853061224489750e+02
2.148000000000001819e+02,1.299853061224489750e+02
2.148250000000001876e+02,1.299853061224489750e+02
2.148500000000001933e+02,1.299853061224489750e+02
2.148750000000001990e+02,1.299853061224489750e+02
2.149000000000002046e+02,1.299853061224489750e+02
2.149250000000001819e+02,1.299853061224489750e+02
2.149500000000001876e+02,1.299853061224489750e+02
2.149750000000001933e+02,1.299853061224489750e+02
2.150000000000001990e+02,1.299853061224489750e+02
2.150250000000002046e+02,1.299853061224489750e+02
2.150500000000001819e+02,1.299853061224489750e+02
2.150750000000001876e+02,1.299853061224489750e+02
2.151000000000001933e+02,1.299853061224489750e+02
2.151250000000001990e+02,1.299878861174099143e+02
2.151500000000002046e+02,1.299930461073318213e+02
2.151750000000001819e+02,1.300007860922146392e+02
2.152000000000001876e+02,1.300111060720584533e+02
2.152250000000001933e+02,1.300240060468631782e+02
2.152500000000001990e+02,1.300394860166288709e+02
2.152750000000002046e+02,1.300575459813555028e+02
2.153000000000001819e+02,1.300781859410430741e+02
2.153250000000001876e+02,1.301014058956916131e+02
2.153500000000001933e+02,1.301246258503401236e+02
2.153750000000001990e+02,1.301478458049886626e+02
2.154000000000002046e+02,1.301710657596372016e+02
2.154250000000001819e+02,1.301942857142857122e+02
2.154500000000001876e+02,1.302175056689342227e+02
2.154750000000001933e+02,1.302407256235827617e+02
2.155000000000001990e+02,1.302639455782313007e+02
2.155250000000002046e+02,1.302871655328798113e+02
2.155500000000001819e+02,1.303103854875283218e+02
2.155750000000001876e+02,1.303336054421768608e+02
2.156000000000001933e+02,1.303568253968253998e+02
2.156250000000001990e+02,1.303800453514739104e+02
2.156500000000002046e+02,1.304032653061224494e+02
2.156750000000001819e+02,1.304264852607709599e+02
2.157000000000001876e+02,1.304497052154194989e+02
2.157250000000001933e+02,1.304729251700680095e+02
2.157500000000001990e+02,1.304961451247165485e+02
2.157750000000002046e+02,1.305193650793650590e+02
2.158000000000001819e+02,1.305425850340135696e+02
2.158250000000001876e+02,1.305658049886621370e+02
2.158500000000001933e+02,1.305890249433106476e+02
2.158750000000001990e+02,1.306122448979591866e+02
2.159000000000002046e+02,1.306354648526076971e+02
2.159250000000001819e+02,1.306586848072562077e+02
2.159500000000001876e+02,1.306819047619047467e+02
2.159750000000001933e+02,1.307051247165532573e+02
2.160000000000001990e+02,1.307283446712018247e+02
2.160250000000002046e+02,1.307515646258503352e+02
2.160500000000001819e+02,1.307747845804988742e+02
2.160750000000001876e+02,1.307980045351473848e+02
2.161000000000001933e+02,1.308212244897958954e+02
2.161250000000001990e+02,1.308444444444444343e+02
2.161500000000002046e+02,1.308676643990929449e+02
2.161750000000001819e+02,1.308908843537414839e+02
2.162000000000001876e+02,1.309141043083900229e+02
2.162250000000001933e+02,1.309373242630385619e+02
2.162500000000001990e+02,1.309605442176870724e+02
2.162750000000002046e+02,1.309837641723355830e+02
2.163000000000001819e+02,1.310069841269841220e+02
2.163250000000001876e+02,1.310302040816326326e+02
2.163500000000001933e+02,1.310534240362811715e+02
2.163750000000001990e+02,1.310766439909297105e+02
2.164000000000002046e+02,1.310998639455782211e+02
2.164250000000001819e+02,1.311230839002267601e+02
2.164500000000001876e+02,1.311463038548752706e+02
2.164750000000001933e+02,1.311695238095238096e+02
2.164750000000001933e+02,1.311927437641723202e+02
2.164750000000001933e+02,1.312159637188208592e+02
2.165000000000001990e+02,1.312366036785084589e+02
2.165250000000002046e+02,1.312546636432350624e+02
2.165500000000001819e+02,1.312727236079616944e+02
2.165750000000001876e+02,1.312907835726883263e+02
2.166000000000001933e+02,1.313088435374149583e+02
2.166250000000001990e+02,1.313269035021415903e+02
2.166500000000002046e+02,1.313449634668681938e+02
2.166750000000001819e+02,1.313630234315948542e+02
2.167000000000001876e+02,1.313810833963214861e+02
2.167250000000001933e+02,1.314017233560090574e+02
2.167500000000001990e+02,1.314249433106575964e+02
2.167750000000002046e+02,1.314481632653061070e+02
2.168000000000001819e+02,1.314713832199546459e+02
2.168250000000001876e+02,1.314946031746031849e+02
2.168500000000001933e+02,1.315178231292516955e+02
2.168750000000001990e+02,1.315410430839002061e+02
2.169000000000002046e+02,1.315642630385487450e+02
2.169250000000001819e+02,1.315874829931972556e+02
2.169500000000001876e+02,1.316107029478457662e+02
2.169750000000001933e+02,1.316339229024943336e+02
2.170000000000001990e+02,1.316571428571428442e+02
2.170250000000002046e+02,1.316803628117913831e+02
2.170500000000001819e+02,1.317035827664398937e+02
2.170750000000001876e+02,1.317268027210884327e+02
2.171000000000001933e+02,1.317500226757369433e+02
2.171250000000001990e+02,1.317732426303854538e+02
2.171500000000002046e+02,1.317964625850340212e+02
2.171750000000001819e+02,1.318196825396825318e+02
2.172000000000001876e+02,1.318429024943310708e+02
2.172250000000001933e+02,1.318661224489795813e+02
2.172500000000001990e+02,1.318893424036280919e+02
2.172750000000002046e+02,1.319125623582766309e+02
2.173000000000001819e+02,1.319357823129251415e+02
2.173250000000001876e+02,1.319590022675737089e+02
2.173500000000001933e+02,1.319822222222222194e+02
2.173750000000001990e+02,1.320054421768707584e+02
2.174000000000002046e+02,1.320286621315192690e+02
2.174250000000001819e+02,1.320518820861677796e+02
2.174500000000001876e+02,1.320751020408163185e+02
2.174750000000001933e+02,1.320983219954648291e+02
2.175000000000001990e+02,1.321215419501133681e+02
2.175250000000002046e+02,1.321447619047619071e+02
2.175500000000001819e+02,1.321679818594104177e+02
2.175750000000001876e+02,1.321912018140589566e+02
2.176000000000001933e+02,1.322144217687074672e+02
2.176250000000001990e+02,1.322376417233560062e+02
2.176500000000002046e+02,1.322608616780045168e+02
2.176750000000001819e+02,1.322840816326530557e+02
2.177000000000001876e+02,1.323073015873015947e+02
2.177250000000001933e+02,1.323305215419501053e+02
2.177500000000001990e+02,1.323537414965986443e+02
2.177750000000002046e+02,1.323769614512471549e+02
2.178000000000001819e+02,1.324001814058956938e+02
2.178250000000001876e+02,1.324234013605442044e+02
2.178500000000001933e+02,1.324466213151927434e+02
2.178750000000001990e+02,1.324698412698412824e+02
2.179000000000002046e+02,1.324930612244897929e+02
2.179250000000001819e+02,1.325162811791383035e+02
2.179500000000001876e+02,1.325395011337868425e+02
2.179750000000001933e+02,1.325627210884353531e+02
2.180000000000001990e+02,1.325859410430838921e+02
2.180250000000002046e+02,1.326091609977324026e+02
2.180500000000001819e+02,1.326323809523809416e+02
2.180750000000001876e+02,1.326556009070294806e+02
2.181000000000001933e+02,1.326788208616779912e+02
2.181250000000001990e+02,1.327020408163265301e+02
2.181500000000002046e+02,1.327252607709750407e+02
2.181750000000001819e+02,1.327484807256235797e+02
2.182000000000001876e+02,1.327717006802720903e+02
2.182250000000001933e+02,1.327949206349206293e+02
2.182500000000001990e+02,1.328181405895691398e+02
2.182750000000002046e+02,1.328413605442176504e+02
2.183000000000001819e+02,1.328645804988662178e+02
2.183250000000001876e+02,1.328878004535147284e+02
2.183500000000001933e+02,1.329110204081632673e+02
2.183750000000001990e+02,1.329316603678508386e+02
2.184000000000002046e+02,1.329497203325774422e+02
2.184250000000001819e+02,1.329652003023431348e+02
2.184500000000001876e+02,1.329781002771478597e+02
2.184750000000001933e+02,1.329884202569916738e+02
2.185000000000001990e+02,1.329961602418744917e+02
2.185250000000002046e+02,1.330013202317963987e+02
2.185500000000001819e+02,1.330039002267573380e+02
2.185750000000001876e+02,1.330039002267573380e+02
2.186000000000001933e+02,1.330039002267573380e+02
2.186250000000001990e+02,1.330039002267573380e+02
2.186500000000002046e+02,1.330039002267573380e+02
2.186750000000001819e+02,1.330039002267573380e+02
2.187000000000001876e+02,1.330039002267573380e+02
2.187250000000001933e+02,1.330039002267573380e+02
2.187500000000001990e+02,1.330039002267573380e+02
2.187750000000002046e+02,1.330039002267573380e+02
2.188000000000001819e+02,1.330039002267573380e+02
2.188250000000001876e+02,1.330064802217182773e+02
2.188500000000001933e+02,1.330116402116401844e+02
2.188750000000001990e+02,1.330193801965230307e+02
2.189000000000002046e+02,1.330297001763668163e+02
2.189250000000001819e+02,1.330426001511715697e+02
2.189500000000001876e+02,1.330580801209372623e+02
2.189750000000001933e+02,1.330761400856638943e+02
2.190000000000001990e+02,1.330942000503905263e+02
2.190250000000002046e+02,1.331122600151171298e+02
2.190500000000001819e+02,1.331277399848828225e+02
2.190750000000001876e+02,1.331406399596875474e+02
2.191000000000001933e+02,1.331509599395313614e+02
2.191250000000001990e+02,1.331586999244141793e+02
2.191500000000002046e+02,1.331638599143360864e+02
2.191750000000001819e+02,1.331664399092970257e+02
2.192000000000001876e+02,1.331690199042579650e+02
2.192250000000001933e+02,1.331741798941798720e+02
2.192500000000001990e+02,1.331819198790627183e+02
2.192750000000002046e+02,1.331922398589065040e+02
2.193000000000001819e+02,1.332051398337112573e+02
2.193250000000001876e+02,1.332206198034769500e+02
2.193500000000001933e+02,1.332386797682035819e+02
2.193750000000001990e+02,1.332593197278911532e+02
2.194000000000002046e+02,1.332825396825396638e+02
2.194250000000001819e+02,1.333031796422272635e+02
2.194500000000001876e+02,1.333212396069538954e+02
2.194750000000001933e+02,1.333367195767195881e+02
2.195000000000001990e+02,1.333521995464852807e+02
2.195250000000002046e+02,1.333676795162509450e+02
2.195500000000001819e+02,1.333831594860166376e+02
2.195750000000001876e+02,1.333986394557823019e+02
2.196000000000001933e+02,1.334141194255479945e+02
2.196250000000001990e+02,1.334295993953136588e+02
2.196500000000002046e+02,1.334476593600402907e+02
2.196750000000001819e+02,1.334682993197278904e+02
2.197000000000001876e+02,1.334915192743764010e+02
2.197250000000001933e+02,1.335147392290249400e+02
2.197500000000001990e+02,1.335379591836734789e+02
2.197750000000002046e+02,1.335611791383219895e+02
2.198000000000001819e+02,1.335843990929705285e+02
2.198250000000001876e+02,1.336076190476190391e+02
2.198500000000001933e+02,1.336308390022675781e+02
2.198750000000001990e+02,1.336540589569160886e+02
2.199000000000002046e+02,1.336772789115645992e+02
2.199250000000002103e+02,1.337004988662131382e+02
2.199500000000001876e+02,1.337237188208616772e+02
2.199750000000001933e+02,1.337469387755101877e+02
2.200000000000001990e+02,1.337701587301587267e+02
2.200250000000002046e+02,1.337933786848072373e+02
2.200500000000002103e+02,1.338165986394557763e+02
2.200750000000001876e+02,1.338398185941042868e+02
2.201000000000001933e+02,1.338630385487528258e+02
2.201250000000001990e+02,1.338862585034013364e+02
2.201500000000002046e+02,1.339094784580498469e+02
2.201750000000002103e+02,1.339326984126984144e+02
2.202000000000001876e+02,1.339559183673469249e+02
2.202250000000001933e+02,1.339791383219954639e+02
2.202500000000001990e+02,1.340023582766439745e+02
2.202750000000002046e+02,1.340255782312925135e+02
2.203000000000002103e+02,1.340487981859410240e+02
2.203250000000001876e+02,1.340720181405895346e+02
2.203500000000001933e+02,1.340952380952381020e+02
2.203750000000001990e+02,1.341184580498866126e+02
2.204000000000002046e+02,1.341416780045351516e+02
2.204250000000002103e+02,1.341648979591836621e+02
2.204500000000001876e+02,1.341881179138321727e+02
2.204750000000001933e+02,1.342113378684807117e+02
2.205000000000001990e+02,1.342345578231292222e+02
2.205250000000002046e+02,1.342551977828168503e+02
2.205500000000002103e+02,1.342732577475434539e+02
2.205750000000001876e+02,1.342887377173091465e+02
2.206000000000001933e+02,1.343016376921138999e+02
2.206250000000001990e+02,1.343119576719576855e+02
2.206500000000002046e+02,1.343196976568405034e+02
2.206750000000002103e+02,1.343248576467624105e+02
2.207000000000001876e+02,1.343274376417233498e+02
2.207250000000001933e+02,1.343274376417233498e+02
2.207500000000001990e+02,1.343274376417233498e+02
2.207750000000002046e+02,1.343274376417233498e+02
2.208000000000002103e+02,1.343274376417233498e+02
2.208250000000001876e+02,1.343274376417233498e+02
2.208500000000001933e+02,1.343274376417233498e+02
2.208750000000001990e+02,1.343274376417233498e+02
2.209000000000002046e+02,1.343274376417233498e+02
2.209250000000002103e+02,1.343274376417233498e+02
2.209500000000001876e+02,1.343274376417233498e+02
2.209750000000001933e+02,1.343274376417233498e+02
2.210000000000001990e+02,1.343274376417233498e+02
2.210250000000002046e+02,1.343274376417233498e+02
2.210500000000002103e+02,1.343274376417233498e+02
2.210750000000001876e+02,1.343300176366843175e+02
2.211000000000001933e+02,1.343351776266061961e+02
2.211250000000001990e+02,1.343429176114890424e+02
2.211500000000002046e+02,1.343532375913327996e+02
2.211750000000002103e+02,1.343661375661375530e+02
2.212000000000001876e+02,1.343816175359032457e+02
2.212250000000001933e+02,1.343996775006298492e+02
2.212500000000001990e+02,1.344203174603174489e+02
2.212750000000002046e+02,1.344435374149659879e+02
2.213000000000002103e+02,1.344667573696144984e+02
2.213250000000001876e+02,1.344899773242630374e+02
2.213500000000001933e+02,1.345131972789115480e+02
2.213750000000001990e+02,1.345364172335600870e+02
2.214000000000002046e+02,1.345596371882085975e+02
2.214250000000002103e+02,1.345828571428571365e+02
2.214500000000001876e+02,1.346060770975056755e+02
2.214750000000001933e+02,1.346292970521541861e+02
2.215000000000001990e+02,1.346525170068027251e+02
2.215250000000002046e+02,1.346757369614512356e+02
2.215500000000002103e+02,1.346989569160997746e+02
2.215750000000001876e+02,1.347221768707482852e+02
2.216000000000001933e+02,1.347453968253968242e+02
2.216250000000001990e+02,1.347686167800453632e+02
2.216500000000002046e+02,1.347918367346938737e+02
2.216750000000002103e+02,1.348150566893423843e+02
2.217000000000001876e+02,1.348382766439909233e+02
2.217250000000001933e+02,1.348614965986394623e+02
2.217500000000001990e+02,1.348847165532879728e+02
2.217750000000002046e+02,1.349079365079364834e+02
2.218000000000002103e+02,1.349311564625850224e+02
2.218250000000001876e+02,1.349543764172335614e+02
2.218500000000001933e+02,1.349775963718820719e+02
2.218750000000001990e+02,1.350008163265306109e+02
2.219000000000002046e+02,1.350240362811791215e+02
2.219250000000002103e+02,1.350472562358276605e+02
2.219500000000001876e+02,1.350704761904761710e+02
2.219750000000001933e+02,1.350936961451247100e+02
2.220000000000001990e+02,1.351169160997732206e+02
2.220250000000002046e+02,1.351401360544217312e+02
2.220500000000002103e+02,1.351633560090702986e+02
2.220750000000001876e+02,1.351865759637188091e+02
2.221000000000001933e+02,1.352097959183673481e+02
2.221250000000001990e+02,1.352330158730158587e+02
2.221500000000002046e+02,1.352562358276643693e+02
2.221750000000002103e+02,1.352794557823129082e+02
2.222000000000001876e+02,1.353026757369614188e+02
2.222250000000001933e+02,1.353258956916099862e+02
2.222500000000001990e+02,1.353491156462584968e+02
2.222750000000002046e+02,1.353723356009070358e+02
2.223000000000002103e+02,1.353955555555555463e+02
2.223250000000001876e+02,1.354187755102040569e+02
2.223500000000001933e+02,1.354419954648525959e+02
2.223750000000001990e+02,1.354652154195011065e+02
2.224000000000002046e+02,1.354884353741496739e+02
2.224250000000002103e+02,1.355116553287981844e+02
2.224500000000001876e+02,1.355348752834467234e+02
2.224750000000001933e+02,1.355580952380952340e+02
2.225000000000001990e+02,1.355813151927437445e+02
2.225250000000002046e+02,1.356045351473922835e+02
2.225500000000002103e+02,1.356277551020407941e+02
2.225750000000001876e+02,1.356483950617283938e+02
2.226000000000001933e+02,1.356664550264550257e+02
2.226250000000001990e+02,1.356819349962207184e+02
2.226500000000002046e+02,1.356948349710254718e+02
2.226750000000002103e+02,1.357051549508692574e+02
2.227000000000001876e+02,1.357128949357520753e+02
2.227250000000001933e+02,1.357180549256739823e+02
2.227500000000001990e+02,1.357206349206349216e+02
2.227750000000002046e+02,1.357232149155958894e+02
2.228000000000002103e+02,1.357283749055177680e+02
2.228250000000001876e+02,1.357361148904006143e+02
2.228500000000001933e+02,1.357464348702443715e+02
2.228750000000001990e+02,1.357593348450491249e+02
2.229000000000002046e+02,1.357748148148148175e+02
2.229250000000002103e+02,1.357928747795414210e+02
2.229500000000001876e+02,1.358135147392290207e+02
2.229750000000001933e+02,1.358367346938775597e+02
2.230000000000001990e+02,1.358599546485260703e+02
2.230250000000002046e+02,1.358831746031746093e+02
2.230500000000002103e+02,1.359063945578231198e+02
2.230750000000001876e+02,1.359296145124716588e+02
2.231000000000001933e+02,1.359528344671201694e+02
2.231250000000001990e+02,1.359760544217687084e+02
2.231500000000002046e+02,1.359992743764172474e+02
2.231750000000002103e+02,1.360199143361048186e+02
2.232000000000001876e+02,1.360379743008314506e+02
2.232250000000001933e+02,1.360534542705971432e+02
2.232500000000001990e+02,1.360663542454018682e+02
2.232750000000002046e+02,1.360766742252456538e+02
2.233000000000002103e+02,1.360844142101285001e+02
2.233250000000001876e+02,1.360895742000504072e+02
2.233500000000001933e+02,1.360921541950113465e+02
2.233750000000001990e+02,1.360921541950113465e+02
2.234000000000002046e+02,1.360947341899723142e+02
2.234250000000002103e+02,1.360998941798941928e+02
2.234500000000001876e+02,1.361076341647770391e+02
2.234750000000001933e+02,1.361179541446207963e+02
2.235000000000001990e+02,1.361308541194255497e+02
2.235250000000002046e+02,1.361463340891912139e+02
2.235500000000002103e+02,1.361643940539178459e+02
2.235750000000001876e+02,1.361850340136054456e+02
2.236000000000001933e+02,1.362082539682539561e+02
2.236250000000001990e+02,1.362314739229024951e+02
2.236500000000002046e+02,1.362546938775510057e+02
2.236750000000002103e+02,1.362779138321995447e+02
2.237000000000001876e+02,1.363011337868480553e+02
2.237250000000001933e+02,1.363217737465356549e+02
2.237500000000001990e+02,1.363398337112622585e+02
2.237750000000002046e+02,1.363553136810279511e+02
2.238000000000002103e+02,1.363682136558327045e+02
2.238250000000001876e+02,1.363785336356764901e+02
2.238500000000001933e+02,1.363862736205593365e+02
2.238750000000001990e+02,1.363940136054421544e+02
2.239000000000002046e+02,1.364017535903250007e+02
2.239250000000002103e+02,1.364094935752078470e+02
2.239500000000001876e+02,1.364198135550516326e+02
2.239750000000001933e+02,1.364327135298563860e+02
2.240000000000001990e+02,1.364481934996220787e+02
2.240250000000002046e+02,1.364662534643486822e+02
2.240500000000002103e+02,1.364868934240362535e+02
2.240750000000001876e+02,1.365101133786847925e+02
2.241000000000001933e+02,1.365333333333333030e+02
2.241250000000001990e+02,1.365565532879818704e+02
2.241500000000002046e+02,1.365797732426303810e+02
2.241750000000002103e+02,1.366029931972789200e+02
2.242000000000001876e+02,1.366262131519274305e+02
2.242250000000001933e+02,1.366468531116150018e+02
2.242500000000001990e+02,1.366649130763416338e+02
2.242750000000002046e+02,1.366803930461073264e+02
2.243000000000002103e+02,1.366932930209120514e+02
2.243250000000001876e+02,1.367036130007558370e+02
2.243500000000001933e+02,1.367113529856386833e+02
2.243750000000001990e+02,1.367190929705215297e+02
2.244000000000002046e+02,1.367268329554043760e+02
2.244250000000002103e+02,1.367345729402871939e+02
2.244500000000001876e+02,1.367423129251700686e+02
2.244750000000001933e+02,1.367500529100529150e+02
2.245000000000001990e+02,1.367577928949357613e+02
2.245250000000002046e+02,1.367655328798186076e+02
2.245500000000002103e+02,1.367732728647014540e+02
2.245750000000001876e+02,1.367810128495842719e+02
2.246000000000001933e+02,1.367861728395061789e+02
2.246250000000001990e+02,1.367887528344671182e+02
2.246500000000002046e+02,1.367913328294280859e+02
2.246750000000002103e+02,1.367964928193499645e+02
2.247000000000001876e+02,1.368042328042328108e+02
2.247250000000001933e+02,1.368145527840765681e+02
2.247500000000001990e+02,1.368274527588813214e+02
2.247750000000002046e+02,1.368429327286470141e+02
2.248000000000002103e+02,1.368609926933736176e+02
2.248250000000001876e+02,1.368816326530612173e+02
2.248500000000001933e+02,1.369048526077097563e+02
2.248750000000001990e+02,1.369280725623582669e+02
2.249000000000002046e+02,1.369512925170068058e+02
2.249250000000002103e+02,1.369745124716553164e+02
2.249500000000001876e+02,1.369977324263038554e+02
2.249750000000001933e+02,1.370209523809523660e+02
2.250000000000001990e+02,1.370441723356009049e+02
2.250250000000002046e+02,1.370673922902494439e+02
2.250500000000002103e+02,1.370906122448979545e+02
2.250750000000001876e+02,1.371138321995464935e+02
2.251000000000001933e+02,1.371370521541950041e+02
2.251250000000001990e+02,1.371602721088435146e+02
2.251500000000002046e+02,1.371834920634920536e+02
2.251750000000002103e+02,1.372067120181405926e+02
2.252000000000001876e+02,1.372299319727891032e+02
2.252250000000001933e+02,1.372531519274376421e+02
2.252500000000001990e+02,1.372763718820861527e+02
2.252750000000002046e+02,1.372995918367346917e+02
2.253000000000002103e+02,1.373228117913832307e+02
2.253250000000001876e+02,1.373460317460317412e+02
2.253500000000001933e+02,1.373692517006802518e+02
2.253750000000001990e+02,1.373924716553287908e+02
2.254000000000002046e+02,1.374156916099773014e+02
2.254250000000002103e+02,1.374389115646258119e+02
2.254500000000001876e+02,1.374621315192743793e+02
2.254750000000001933e+02,1.374853514739228899e+02
2.255000000000001990e+02,1.375085714285714289e+02
2.255250000000002046e+02,1.375317913832199395e+02
2.255500000000002103e+02,1.375550113378684784e+02
2.255750000000001876e+02,1.375782312925169890e+02
2.256000000000001933e+02,1.375988712522045603e+02
2.256250000000001990e+02,1.376169312169312207e+02
2.256500000000002046e+02,1.376324111866968849e+02
2.256750000000002103e+02,1.376453111615016383e+02
2.257000000000001876e+02,1.376556311413454239e+02
2.257250000000001933e+02,1.376633711262282702e+02
2.257500000000001990e+02,1.376685311161501488e+02
2.257750000000002046e+02,1.376711111111111165e+02
2.258000000000002103e+02,1.376711111111111165e+02
2.258250000000001876e+02,1.376711111111111165e+02
2.258500000000001933e+02,1.376711111111111165e+02
2.258750000000001990e+02,1.376711111111111165e+02
2.259000000000002046e+02,1.376736911060720558e+02
2.259250000000002103e+02,1.376788510959939629e+02
2.259500000000001876e+02,1.376865910808767808e+02
2.259750000000001933e+02,1.376969110607205948e+02
2.260000000000001990e+02,1.377098110355253198e+02
2.260250000000002046e+02,1.377252910052909840e+02
2.260500000000002103e+02,1.377433509700176160e+02
2.260750000000001876e+02,1.377639909297051872e+02
2.261000000000001933e+02,1.377872108843537546e+02
2.261250000000001990e+02,1.378104308390022652e+02
2.261500000000002046e+02,1.378336507936508042e+02
2.261750000000002103e+02,1.378568707482993148e+02
2.262000000000002160e+02,1.378800907029478253e+02
2.262250000000001933e+02,1.379033106575963643e+02
2.262500000000001990e+02,1.379265306122448749e+02
2.262750000000002046e+02,1.379497505668934139e+02
2.263000000000002103e+02,1.379729705215419528e+02
2.263250000000002160e+02,1.379961904761904634e+02
2.263500000000001933e+02,1.380194104308390024e+02
2.263750000000001990e+02,1.380426303854875130e+02
2.264000000000002046e+02,1.380658503401360520e+02
2.264250000000002103e+02,1.380890702947845625e+02
2.264500000000002160e+02,1.381122902494331015e+02
2.264750000000001933e+02,1.381355102040816405e+02
2.265000000000001990e+02,1.381587301587301511e+02
2.265250000000002046e+02,1.381819501133786900e+02
2.265500000000002103e+02,1.382051700680272006e+02
2.265750000000002160e+02,1.382283900226757396e+02
2.266000000000001933e+02,1.382516099773242502e+02
2.266250000000001990e+02,1.382748299319727892e+02
2.266500000000002046e+02,1.382980498866213281e+02
2.266750000000002103e+02,1.383212698412698387e+02
2.267000000000002160e+02,1.383444897959183493e+02
2.267250000000001933e+02,1.383677097505668883e+02
2.267500000000001990e+02,1.383909297052153988e+02
2.267750000000002046e+02,1.384141496598639378e+02
2.268000000000002103e+02,1.384373696145124484e+02
2.268250000000002160e+02,1.384605895691609874e+02
2.268500000000001933e+02,1.384838095238095264e+02
2.268750000000001990e+02,1.385070294784580369e+02
2.269000000000002046e+02,1.385302494331065759e+02
2.269250000000002103e+02,1.385534693877550865e+02
2.269500000000002160e+02,1.385766893424036255e+02
2.269750000000001933e+02,1.385999092970521360e+02
2.270000000000001990e+02,1.386231292517006750e+02
2.270250000000002046e+02,1.386463492063491856e+02
2.270500000000002103e+02,1.386695691609976961e+02
2.270750000000002160e+02,1.386927891156462636e+02
2.271000000000001933e+02,1.387160090702947741e+02
2.271250000000001990e+02,1.387392290249433131e+02
2.271500000000002046e+02,1.387624489795918237e+02
2.271750000000002103e+02,1.387856689342403342e+02
2.272000000000002160e+02,1.388088888888888732e+02
2.272250000000001933e+02,1.388321088435373838e+02
2.272500000000001990e+02,1.388553287981859512e+02
2.272750000000002046e+02,1.388785487528344618e+02
2.273000000000002103e+02,1.389017687074830008e+02
2.273250000000002160e+02,1.389249886621315113e+02
2.273500000000001933e+02,1.389482086167800219e+02
2.273750000000001990e+02,1.389714285714285609e+02
2.274000000000002046e+02,1.389946485260770714e+02
2.274250000000002103e+02,1.390178684807256104e+02
2.274500000000002160e+02,1.390410884353741494e+02
2.274750000000001933e+02,1.390617283950617207e+02
2.275000000000001990e+02,1.390797883597883526e+02
2.275250000000002046e+02,1.390952683295540453e+02
2.275500000000002103e+02,1.391081683043587702e+02
2.275750000000002160e+02,1.391184882842025843e+02
2.276000000000001933e+02,1.391262282690854306e+02
2.276250000000001990e+02,1.391313882590073092e+02
2.276500000000002046e+02,1.391339682539682485e+02
2.276750000000002103e+02,1.391339682539682485e+02
2.277000000000002160e+02,1.391365482489292162e+02
2.277250000000001933e+02,1.391417082388510948e+02
2.277500000000001990e+02,1.391494482237339412e+02
2.277750000000002046e+02,1.391597682035777268e+02
2.278000000000002103e+02,1.391726681783824517e+02
2.278250000000002160e+02,1.391881481481481444e+02
2.278500000000001933e+02,1.392062081128747764e+02
2.278750000000001990e+02,1.392268480725623476e+02
2.279000000000002046e+02,1.392500680272108866e+02
2.279250000000002103e+02,1.392732879818593972e+02
2.279500000000002160e+02,1.392965079365079362e+02
2.279750000000001933e+02,1.393197278911564467e+02
2.280000000000001990e+02,1.393429478458049857e+02
2.280250000000002046e+02,1.393661678004535247e+02
2.280500000000002103e+02,1.393893877551020353e+02
2.280750000000002160e+02,1.394126077097505743e+02
2.281000000000001933e+02,1.394358276643990848e+02
2.281250000000001990e+02,1.394590476190476238e+02
2.281500000000002046e+02,1.394822675736961344e+02
2.281750000000002103e+02,1.395054875283446449e+02
2.282000000000002160e+02,1.395287074829931839e+02
2.282250000000001933e+02,1.395519274376417229e+02
2.282500000000001990e+02,1.395751473922902335e+02
2.282750000000002046e+02,1.395983673469387725e+02
2.283000000000002103e+02,1.396215873015872830e+02
2.283250000000002160e+02,1.396448072562358220e+02
2.283500000000001933e+02,1.396680272108843326e+02
2.283750000000001990e+02,1.396912471655328716e+02
2.284000000000002046e+02,1.397144671201813821e+02
2.284250000000002103e+02,1.397376870748298927e+02
2.284500000000002160e+02,1.397609070294784601e+02
2.284750000000001933e+02,1.397815469891660314e+02
2.285000000000001990e+02,1.398021869488536026e+02
2.285250000000002046e+02,1.398228269085411739e+02
2.285500000000002103e+02,1.398434668682287452e+02
2.285750000000002160e+02,1.398641068279163449e+02
2.286000000000001933e+02,1.398847467876039161e+02
2.286250000000001990e+02,1.399053867472914874e+02
2.286500000000002046e+02,1.399260267069790871e+02
2.286750000000002103e+02,1.399466666666666583e+02
2.287000000000002160e+02,1.399698866213151973e+02
2.287250000000001933e+02,1.399931065759637079e+02
2.287500000000001990e+02,1.400163265306122184e+02
2.287750000000002046e+02,1.400395464852607574e+02
2.288000000000002103e+02,1.400627664399092680e+02
2.288250000000002160e+02,1.400859863945578354e+02
2.288500000000001933e+02,1.401092063492063460e+02
2.288750000000001990e+02,1.401324263038548850e+02
2.289000000000002046e+02,1.401556462585033955e+02
2.289250000000002103e+02,1.401788662131519061e+02
2.289500000000002160e+02,1.402020861678004451e+02
2.289750000000001933e+02,1.402253061224489556e+02
2.290000000000001990e+02,1.402485260770974946e+02
2.290250000000002046e+02,1.402717460317460336e+02
2.290500000000002103e+02,1.402923859914336049e+02
2.290750000000002160e+02,1.403104459561602368e+02
2.291000000000001933e+02,1.403259259259259295e+02
2.291250000000001990e+02,1.403388259007306544e+02
2.291500000000002046e+02,1.403491458805744685e+02
2.291750000000002103e+02,1.403594658604182541e+02
2.292000000000002160e+02,1.403697858402620398e+02
2.292250000000001933e+02,1.403801058201058254e+02
2.292500000000001990e+02,1.403904257999496110e+02
2.292750000000002046e+02,1.404033257747543360e+02
2.293000000000002103e+02,1.404188057445200286e+02
2.293250000000002160e+02,1.404368657092466606e+02
2.293500000000001933e+02,1.404575056689342318e+02
2.293750000000001990e+02,1.404807256235827708e+02
2.294000000000002046e+02,1.405039455782312814e+02
2.294250000000002103e+02,1.405271655328798204e+02
2.294500000000002160e+02,1.405503854875283309e+02
2.294750000000001933e+02,1.405736054421768699e+02
2.295000000000001990e+02,1.405968253968254089e+02
2.295250000000002046e+02,1.406200453514739195e+02
2.295500000000002103e+02,1.406432653061224300e+02
2.295750000000002160e+02,1.406664852607709690e+02
2.296000000000001933e+02,1.406897052154195080e+02
2.296250000000001990e+02,1.407129251700680186e+02
2.296500000000002046e+02,1.407361451247165292e+02
2.296750000000002103e+02,1.407567850844041004e+02
2.297000000000002160e+02,1.407748450491307608e+02
2.297250000000001933e+02,1.407903250188964250e+02
2.297500000000001990e+02,1.408032249937011784e+02
2.297750000000002046e+02,1.408135449735449640e+02
2.298000000000002103e+02,1.408212849584278104e+02
2.298250000000002160e+02,1.408264449483496890e+02
2.298500000000001933e+02,1.408290249433106283e+02
2.298750000000001990e+02,1.408316049382715960e+02
2.299000000000002046e+02,1.408367649281935030e+02
2.299250000000002103e+02,1.408445049130763209e+02
2.299500000000002160e+02,1.408548248929201350e+02
2.299750000000001933e+02,1.408677248677248599e+02
2.300000000000001990e+02,1.408832048374905526e+02
2.300250000000002046e+02,1.409012648022171561e+02
2.300500000000002103e+02,1.409219047619047558e+02
2.300750000000002160e+02,1.409425447215923271e+02
2.301000000000001933e+02,1.409606046863189590e+02
2.301250000000001990e+02,1.409760846560846801e+02
2.301500000000002046e+02,1.409889846308894050e+02
2.301750000000002103e+02,1.409993046107331907e+02
2.302000000000002160e+02,1.410070445956160370e+02
2.302250000000001933e+02,1.410122045855379156e+02
2.302500000000001990e+02,1.410147845804988833e+02
2.302750000000002046e+02,1.410147845804988833e+02
2.303000000000002103e+02,1.410173645754598226e+02
2.303250000000002160e+02,1.410225245653817012e+02
2.303500000000001933e+02,1.410302645502645476e+02
2.303750000000001990e+02,1.410405845301083332e+02
2.304000000000002046e+02,1.410534845049130581e+02
2.304250000000002103e+02,1.410689644746787508e+02
2.304500000000002160e+02,1.410870244394053827e+02
2.304750000000001933e+02,1.411076643990929540e+02
2.305000000000001990e+02,1.411308843537414646e+02
2.305250000000002046e+02,1.411515243134290927e+02
2.305500000000002103e+02,1.411695842781556962e+02
2.305750000000002160e+02,1.411850642479213889e+02
2.306000000000001933e+02,1.411979642227261422e+02
2.306250000000001990e+02,1.412082842025699279e+02
2.306500000000002046e+02,1.412160241874527458e+02
2.306750000000002103e+02,1.412211841773746528e+02
2.307000000000002160e+02,1.412263441672965598e+02
2.307250000000001933e+02,1.412315041572184384e+02
2.307500000000001990e+02,1.412392441421012848e+02
2.307750000000002046e+02,1.412495641219450420e+02
2.308000000000002103e+02,1.412624640967497953e+02
2.308250000000002160e+02,1.412779440665154880e+02
2.308500000000001933e+02,1.412960040312420915e+02
2.308750000000001990e+02,1.413166439909296912e+02
2.309000000000002046e+02,1.413398639455782302e+02
2.309250000000002103e+02,1.413630839002267692e+02
2.309500000000002160e+02,1.413863038548752797e+02
2.309750000000001933e+02,1.414095238095237903e+02
2.310000000000001990e+02,1.414327437641723293e+02
2.310250000000002046e+02,1.414559637188208399e+02
2.310500000000002103e+02,1.414791836734693788e+02
2.310750000000002160e+02,1.415024036281179178e+02
2.311000000000001933e+02,1.415256235827664284e+02
2.311250000000001990e+02,1.415488435374149674e+02
2.311500000000002046e+02,1.415720634920634780e+02
2.311750000000002103e+02,1.415952834467120169e+02
2.312000000000002160e+02,1.416185034013605275e+02
2.312250000000001933e+02,1.416417233560090665e+02
2.312500000000001990e+02,1.416649433106576055e+02
2.312750000000002046e+02,1.416881632653061160e+02
2.313000000000002103e+02,1.417088032249937157e+02
2.313250000000002160e+02,1.417268631897203193e+02
2.313500000000001933e+02,1.417423431594860119e+02
2.313750000000001990e+02,1.417578231292516762e+02
2.314000000000002046e+02,1.417733030990173688e+02
2.314250000000002103e+02,1.417862030738220938e+02
2.314500000000002160e+02,1.417965230536658794e+02
2.314750000000001933e+02,1.418042630385487257e+02
2.315000000000001990e+02,1.418094230284706327e+02
2.315250000000002046e+02,1.418145830183925113e+02
2.315500000000002103e+02,1.418197430083143900e+02
2.315750000000002160e+02,1.418249029982362970e+02
2.316000000000001933e+02,1.418274829931972363e+02
2.316250000000001990e+02,1.418300629881582040e+02
2.316500000000002046e+02,1.418352229780800826e+02
2.316750000000002103e+02,1.418429629629629289e+02
2.317000000000002160e+02,1.418532829428067430e+02
2.317250000000001933e+02,1.418661829176114964e+02
2.317500000000001990e+02,1.418816628873771606e+02
2.317750000000002046e+02,1.418997228521037925e+02
2.318000000000002103e+02,1.419203628117913922e+02
2.318250000000002160e+02,1.419435827664399028e+02
2.318500000000001933e+02,1.419668027210884134e+02
2.318750000000001990e+02,1.419900226757369524e+02
2.319000000000002046e+02,1.420132426303854629e+02
2.319250000000002103e+02,1.420364625850339735e+02
2.319500000000002160e+02,1.420596825396825409e+02
2.319750000000001933e+02,1.420829024943310515e+02
2.320000000000001990e+02,1.421061224489795904e+02
2.320250000000002046e+02,1.421293424036281010e+02
2.320500000000002103e+02,1.421525623582766400e+02
2.320750000000002160e+02,1.421757823129251506e+02
2.321000000000001933e+02,1.421990022675736611e+02
2.321250000000001990e+02,1.422222222222222285e+02
2.321500000000002046e+02,1.422454421768707391e+02
2.321750000000002103e+02,1.422686621315192781e+02
2.322000000000002160e+02,1.422918820861677887e+02
2.322250000000001933e+02,1.423151020408162992e+02
2.322500000000001990e+02,1.423383219954648382e+02
2.322750000000002046e+02,1.423589619551524095e+02
2.323000000000002103e+02,1.423770219198790699e+02
2.323250000000002160e+02,1.423925018896447341e+02
2.323500000000001933e+02,1.424054018644494874e+02
2.323750000000001990e+02,1.424183018392542124e+02
2.324000000000002046e+02,1.424312018140589657e+02
2.324250000000002103e+02,1.424441017888636907e+02
2.324500000000002160e+02,1.424570017636684440e+02
2.324750000000001933e+02,1.424699017384731405e+02
2.325000000000001990e+02,1.424853817082388332e+02
2.325250000000002046e+02,1.425034416729654652e+02
2.325500000000002103e+02,1.425240816326530364e+02
2.325750000000002160e+02,1.425473015873015754e+02
2.326000000000001933e+02,1.425705215419501144e+02
2.326250000000001990e+02,1.425937414965986534e+02
2.326500000000002046e+02,1.426169614512471640e+02
2.326750000000002103e+02,1.426401814058956745e+02
2.327000000000002160e+02,1.426608213655832742e+02
2.327250000000002217e+02,1.426788813303099062e+02
2.327500000000001990e+02,1.426943613000755988e+02
2.327750000000002046e+02,1.427098412698412915e+02
2.328000000000002103e+02,1.427253212396069557e+02
2.328250000000002160e+02,1.427408012093726484e+02
2.328500000000002217e+02,1.427562811791383126e+02
2.328750000000001990e+02,1.427717611489040053e+02
2.329000000000002046e+02,1.427872411186696695e+02
2.329250000000002103e+02,1.428053010833963015e+02
2.329500000000002160e+02,1.428259410430839011e+02
2.329750000000002217e+02,1.428491609977324117e+02
2.330000000000001990e+02,1.428723809523809507e+02
2.330250000000002046e+02,1.428956009070294897e+02
2.330500000000002103e+02,1.429188208616780003e+02
2.330750000000002160e+02,1.429420408163265392e+02
2.331000000000002217e+02,1.429652607709750498e+02
2.331250000000001990e+02,1.429884807256235604e+02
2.331500000000002046e+02,1.430117006802720994e+02
2.331750000000002103e+02,1.430349206349206383e+02
2.332000000000002160e+02,1.430581405895691489e+02
2.332250000000002217e+02,1.430813605442176879e+02
2.332500000000001990e+02,1.431045804988661985e+02
2.332750000000002046e+02,1.431278004535147375e+02
2.333000000000002103e+02,1.431510204081632764e+02
2.333250000000002160e+02,1.431742403628117870e+02
2.333500000000002217e+02,1.431974603174602976e+02
2.333750000000001990e+02,1.432206802721088366e+02
2.334000000000002046e+02,1.432439002267573471e+02
2.334250000000002103e+02,1.432671201814058577e+02
2.334500000000002160e+02,1.432903401360544251e+02
2.334750000000002217e+02,1.433135600907029357e+02
2.335000000000001990e+02,1.433342000503905069e+02
2.335250000000002046e+02,1.433548400100781066e+02
2.335500000000002103e+02,1.433754799697656779e+02
2.335750000000002160e+02,1.433961199294532491e+02
2.336000000000002217e+02,1.434167598891408204e+02
2.336250000000001990e+02,1.434373998488283917e+02
2.336500000000002046e+02,1.434580398085159914e+02
2.336750000000002103e+02,1.434786797682035626e+02
2.337000000000002160e+02,1.434993197278911623e+02
2.337250000000002217e+02,1.435225396825396729e+02
2.337500000000001990e+02,1.435457596371881834e+02
2.337750000000002046e+02,1.435689795918367224e+02
2.338000000000002103e+02,1.435921995464852330e+02
2.338250000000002160e+02,1.436154195011338004e+02
2.338500000000002217e+02,1.436386394557823110e+02
2.338750000000001990e+02,1.436618594104308499e+02
2.339000000000002046e+02,1.436850793650793605e+02
2.339250000000002103e+02,1.437082993197278711e+02
2.339500000000002160e+02,1.437315192743764101e+02
2.339750000000002217e+02,1.437547392290249206e+02
2.340000000000001990e+02,1.437779591836734596e+02
2.340250000000002046e+02,1.438011791383219986e+02
2.340500000000002103e+02,1.438243990929705092e+02
2.340750000000002160e+02,1.438476190476190482e+02
2.341000000000002217e+02,1.438708390022675587e+02
2.341250000000001990e+02,1.438940589569160977e+02
2.341500000000002046e+02,1.439172789115646083e+02
2.341750000000002103e+02,1.439404988662131473e+02
2.342000000000002160e+02,1.439637188208616578e+02
2.342250000000002217e+02,1.439869387755101968e+02
2.342500000000001990e+02,1.440101587301587358e+02
2.342750000000002046e+02,1.440333786848072464e+02
2.343000000000002103e+02,1.440565986394557854e+02
2.343250000000002160e+02,1.440798185941042959e+02
2.343500000000002217e+02,1.441030385487528065e+02
2.343750000000001990e+02,1.441262585034013455e+02
2.344000000000002046e+02,1.441494784580498560e+02
2.344250000000002103e+02,1.441726984126983950e+02
2.344500000000002160e+02,1.441959183673469340e+02
2.344750000000002217e+02,1.442191383219954730e+02
2.345000000000001990e+02,1.442423582766439836e+02
2.345250000000002046e+02,1.442655782312925226e+02
2.345500000000002103e+02,1.442887981859410331e+02
2.345750000000002160e+02,1.443120181405895437e+02
2.346000000000002217e+02,1.443352380952380827e+02
2.346250000000001990e+02,1.443584580498866217e+02
2.346500000000002046e+02,1.443816780045351322e+02
2.346750000000002103e+02,1.444048979591836712e+02
2.347000000000002160e+02,1.444281179138321818e+02
2.347250000000002217e+02,1.444513378684807208e+02
2.347500000000001990e+02,1.444745578231292313e+02
2.347750000000002046e+02,1.444977777777777419e+02
2.348000000000002103e+02,1.445209977324262809e+02
2.348250000000002160e+02,1.445442176870748199e+02
2.348500000000002217e+02,1.445674376417233589e+02
2.348750000000001990e+02,1.445906575963718979e+02
2.349000000000002046e+02,1.446138775510204084e+02
2.349250000000002103e+02,1.446370975056689190e+02
2.349500000000002160e+02,1.446603174603174295e+02
2.349750000000002217e+02,1.446835374149659685e+02
2.349750000000002217e+02,1.447067573696145075e+02
2.349750000000002217e+02,1.447299773242630181e+02
2.349750000000002217e+02,1.447531972789115571e+02
2.349750000000002217e+02,1.447764172335600961e+02
2.349750000000002217e+02,1.447996371882086066e+02
2.349750000000002217e+02,1.448228571428571172e+02
2.349750000000002217e+02,1.448460770975056562e+02
2.349750000000002217e+02,1.448692970521541952e+02
2.349750000000002217e+02,1.448925170068026773e+02
2.349750000000002217e+02,1.449157369614512447e+02
2.349750000000002217e+02,1.449389569160997553e+02
2.349750000000002217e+02,1.449621768707482943e+02
2.349750000000002217e+02,1.449853968253968048e+02
2.349750000000002217e+02,1.450086167800453154e+02
2.349750000000002217e+02,1.450318367346938544e+02
2.349750000000002217e+02,1.450550566893423650e+02
2.349750000000002217e+02,1.450782766439909039e+02
2.349750000000002217e+02,1.451014965986394429e+02
2.349750000000002217e+02,1.451247165532879819e+02
2.349750000000002217e+02,1.451479365079364925e+02
2.349750000000002217e+02,1.451711564625850315e+02
2.349750000000002217e+02,1.451943764172335420e+02
2.349750000000002217e+02,1.452175963718820526e+02
2.349750000000002217e+02,1.452408163265305916e+02
2.349750000000002217e+02,1.452640362811791306e+02
2.349750000000002217e+02,1.452872562358276696e+02
2.350000000000001990e+02,1.453104761904761801e+02
2.350250000000002046e+02,1.453336961451246907e+02
2.350500000000002103e+02,1.453569160997732297e+02
2.350750000000002160e+02,1.453801360544217403e+02
2.351000000000002217e+02,1.454033560090702792e+02
2.351250000000001990e+02,1.454265759637188182e+02
2.351500000000002046e+02,1.454497959183673288e+02
2.351750000000002103e+02,1.454730158730158678e+02
2.352000000000002160e+02,1.454962358276644068e+02
2.352250000000002217e+02,1.455194557823129173e+02
2.352500000000001990e+02,1.455426757369614279e+02
2.352750000000002046e+02,1.455658956916099385e+02
2.353000000000002103e+02,1.455891156462584775e+02
2.353250000000002160e+02,1.456123356009070164e+02
2.353500000000002217e+02,1.456355555555555554e+02
2.353750000000001990e+02,1.456587755102040660e+02
2.354000000000002046e+02,1.456819954648526050e+02
2.354250000000002103e+02,1.457052154195011155e+02
2.354500000000002160e+02,1.457284353741496261e+02
2.354750000000002217e+02,1.457516553287981651e+02
2.354750000000002217e+02,1.457748752834467041e+02
2.354750000000002217e+02,1.457980952380952147e+02
2.354750000000002217e+02,1.458213151927437821e+02
2.355000000000001990e+02,1.458445351473922926e+02
2.355250000000002046e+02,1.458677551020408032e+02
2.355500000000002103e+02,1.458909750566893138e+02
2.355750000000002160e+02,1.459141950113378527e+02
2.356000000000002217e+02,1.459374149659863917e+02
2.356250000000001990e+02,1.459606349206348739e+02
2.356500000000002046e+02,1.459838548752834413e+02
2.356750000000002103e+02,1.460070748299319803e+02
2.357000000000002160e+02,1.460302947845804908e+02
2.357250000000002217e+02,1.460535147392290014e+02
2.357500000000001990e+02,1.460767346938775404e+02
2.357750000000002046e+02,1.460999546485260794e+02
2.358000000000002103e+02,1.461231746031745615e+02
2.358250000000002160e+02,1.461463945578231005e+02
2.358500000000002217e+02,1.461696145124716395e+02
2.358750000000001990e+02,1.461928344671201785e+02
2.359000000000002046e+02,1.462160544217686891e+02
2.359250000000002103e+02,1.462392743764171996e+02
2.359500000000002160e+02,1.462624943310657386e+02
2.359750000000002217e+02,1.462857142857142492e+02
2.359750000000002217e+02,1.463089342403627882e+02
2.359750000000002217e+02,1.463321541950113271e+02
2.360000000000001990e+02,1.463553741496598661e+02
2.360250000000002046e+02,1.463785941043083767e+02
2.360500000000002103e+02,1.464018140589569157e+02
2.360750000000002160e+02,1.464250340136054263e+02
2.361000000000002217e+02,1.464482539682539368e+02
2.361250000000001990e+02,1.464714739229024758e+02
2.361500000000002046e+02,1.464946938775510148e+02
2.361750000000002103e+02,1.465179138321995538e+02
2.362000000000002160e+02,1.465411337868480643e+02
2.362250000000002217e+02,1.465643537414965749e+02
2.362500000000001990e+02,1.465875736961451139e+02
2.362750000000002046e+02,1.466107936507936245e+02
2.363000000000002103e+02,1.466340136054421635e+02
2.363250000000002160e+02,1.466572335600907024e+02
2.363500000000002217e+02,1.466804535147392130e+02
2.363750000000001990e+02,1.467036734693877520e+02
2.364000000000002046e+02,1.467268934240362910e+02
2.364250000000002103e+02,1.467501133786848015e+02
2.364500000000002160e+02,1.467733333333333121e+02
2.364750000000002217e+02,1.467965532879818227e+02
2.364750000000002217e+02,1.468197732426303617e+02
2.364750000000002217e+02,1.468429931972789007e+02
2.364750000000002217e+02,1.468662131519274396e+02
2.364750000000002217e+02,1.468894331065759502e+02
2.364750000000002217e+02,1.469126530612244892e+02
2.364750000000002217e+02,1.469358730158729998e+02
2.364750000000002217e+02,1.469590929705215103e+02
2.364750000000002217e+02,1.469823129251700493e+02
2.364750000000002217e+02,1.470055328798185883e+02
2.364750000000002217e+02,1.470287528344670989e+02
2.365000000000001990e+02,1.470519727891156379e+02
2.365250000000002046e+02,1.470751927437641768e+02
2.365500000000002103e+02,1.470984126984126874e+02
2.365750000000002160e+02,1.471216326530611980e+02
2.366000000000002217e+02,1.471448526077097370e+02
2.366250000000001990e+02,1.471680725623582759e+02
2.366500000000002046e+02,1.471912925170067581e+02
2.366750000000002103e+02,1.472145124716553255e+02
2.367000000000002160e+02,1.472377324263038361e+02
2.367250000000002217e+02,1.472609523809523751e+02
2.367500000000001990e+02,1.472841723356008856e+02
2.367750000000002046e+02,1.473073922902494246e+02
2.368000000000002103e+02,1.473306122448979352e+02
2.368250000000002160e+02,1.473538321995464457e+02
2.368500000000002217e+02,1.473770521541949847e+02
2.368750000000001990e+02,1.474002721088435237e+02
2.369000000000002046e+02,1.474234920634920627e+02
2.369250000000002103e+02,1.474467120181405733e+02
2.369500000000002160e+02,1.474699319727890838e+02
2.369750000000002217e+02,1.474931519274376228e+02
2.369750000000002217e+02,1.475163718820861334e+02
2.369750000000002217e+02,1.475395918367346724e+02
2.369750000000002217e+02,1.475628117913832114e+02
2.369750000000002217e+02,1.475860317460317503e+02
2.369750000000002217e+02,1.476092517006802609e+02
2.369750000000002217e+02,1.476324716553287999e+02
2.369750000000002217e+02,1.476556916099773105e+02
2.369750000000002217e+02,1.476789115646258210e+02
2.369750000000002217e+02,1.477021315192743600e+02
2.369750000000002217e+02,1.477253514739228990e+02
2.369750000000002217e+02,1.477485714285714096e+02
2.369750000000002217e+02,1.477717913832199486e+02
2.369750000000002217e+02,1.477950113378684591e+02
2.369750000000002217e+02,1.478182312925169981e+02
2.369750000000002217e+02,1.478414512471655087e+02
2.369750000000002217e+02,1.478646712018140192e+02
2.369750000000002217e+02,1.478878911564625582e+02
2.369750000000002217e+02,1.479111111111110972e+02
2.369750000000002217e+02,1.479343310657596362e+02
2.369750000000002217e+02,1.479575510204081752e+02
2.369750000000002217e+02,1.479807709750566858e+02
2.369750000000002217e+02,1.480039909297051963e+02
2.369750000000002217e+02,1.480272108843537069e+02
2.369750000000002217e+02,1.480504308390022459e+02
2.369750000000002217e+02,1.480736507936507849e+02
2.369750000000002217e+02,1.480968707482992954e+02
2.369750000000002217e+02,1.481200907029478344e+02
2.369750000000002217e+02,1.481433106575963734e+02
2.370000000000001990e+02,1.481665306122448840e+02
2.370250000000002046e+02,1.481897505668933945e+02
2.370500000000002103e+02,1.482129705215419335e+02
2.370750000000002160e+02,1.482361904761904725e+02
2.371000000000002217e+02,1.482594104308389547e+02
2.371250000000001990e+02,1.482826303854875221e+02
2.371500000000002046e+02,1.483058503401360610e+02
2.371750000000002103e+02,1.483290702947845716e+02
2.372000000000002160e+02,1.483522902494330822e+02
2.372250000000002217e+02,1.483755102040816212e+02
2.372500000000001990e+02,1.483987301587301602e+02
2.372750000000002046e+02,1.484219501133786423e+02
2.373000000000002103e+02,1.484451700680271813e+02
2.373250000000002160e+02,1.484683900226757203e+02
2.373500000000002217e+02,1.484916099773242593e+02
2.373750000000001990e+02,1.485148299319727698e+02
2.374000000000002046e+02,1.485380498866213088e+02
2.374250000000002103e+02,1.485612698412698194e+02
2.374500000000002160e+02,1.485844897959183299e+02
2.374750000000002217e+02,1.486077097505668689e+02
2.375000000000001990e+02,1.486309297052154079e+02
2.375250000000002046e+02,1.486541496598639469e+02
2.375500000000002103e+02,1.486773696145124575e+02
2.375750000000002160e+02,1.487005895691609680e+02
2.376000000000002217e+02,1.487238095238095070e+02
2.376250000000001990e+02,1.487470294784580176e+02
2.376500000000002046e+02,1.487702494331065566e+02
2.376750000000002103e+02,1.487934693877550956e+02
2.377000000000002160e+02,1.488166893424036346e+02
2.377250000000002217e+02,1.488399092970521451e+02
2.377500000000001990e+02,1.488631292517006841e+02
2.377750000000002046e+02,1.488863492063491947e+02
2.378000000000002103e+02,1.489095691609977052e+02
2.378250000000002160e+02,1.489327891156462442e+02
2.378500000000002217e+02,1.489560090702947832e+02
2.378750000000001990e+02,1.489792290249432938e+02
2.379000000000002046e+02,1.490024489795918328e+02
2.379250000000002103e+02,1.490256689342403433e+02
2.379500000000002160e+02,1.490488888888888823e+02
2.379750000000002217e+02,1.490721088435373929e+02
2.379750000000002217e+02,1.490953287981859035e+02
2.379750000000002217e+02,1.491185487528344424e+02
2.379750000000002217e+02,1.491417687074829814e+02
2.379750000000002217e+02,1.491649886621315204e+02
2.379750000000002217e+02,1.491882086167800594e+02
2.379750000000002217e+02,1.492114285714285700e+02
2.379750000000002217e+02,1.492346485260770805e+02
2.379750000000002217e+02,1.492578684807255911e+02
2.379750000000002217e+02,1.492810884353741301e+02
2.379750000000002217e+02,1.493043083900226691e+02
2.379750000000002217e+02,1.493275283446711796e+02
2.379750000000002217e+02,1.493507482993197186e+02
2.379750000000002217e+02,1.493739682539682576e+02
2.379750000000002217e+02,1.493971882086167682e+02
2.379750000000002217e+02,1.494204081632652787e+02
2.379750000000002217e+02,1.494436281179138177e+02
2.379750000000002217e+02,1.494668480725623567e+02
2.379750000000002217e+02,1.494900680272108389e+02
2.379750000000002217e+02,1.495132879818594063e+02
2.379750000000002217e+02,1.495365079365079453e+02
2.379750000000002217e+02,1.495597278911564558e+02
2.379750000000002217e+02,1.495829478458049664e+02
2.379750000000002217e+02,1.496061678004535054e+02
2.379750000000002217e+02,1.496293877551020444e+02
2.379750000000002217e+02,1.496526077097505265e+02
2.379750000000002217e+02,1.496758276643990655e+02
2.379750000000002217e+02,1.496990476190476045e+02
2.379750000000002217e+02,1.497222675736961435e+02
2.379750000000002217e+02,1.497454875283446540e+02
2.379750000000002217e+02,1.497687074829931930e+02
2.379750000000002217e+02,1.497919274376417036e+02
2.379750000000002217e+02,1.498151473922902142e+02
2.379750000000002217e+02,1.498383673469387531e+02
2.379750000000002217e+02,1.498615873015872921e+02
2.379750000000002217e+02,1.498848072562358311e+02
2.379750000000002217e+02,1.499080272108843417e+02
2.379750000000002217e+02,1.499312471655328523e+02
2.379750000000002217e+02,1.499544671201813912e+02
2.379750000000002217e+02,1.499776870748299018e+02
2.379750000000002217e+02,1.499983270345175015e+02
2.380000000000001990e+02,1.500163869992441334e+02
2.380250000000002046e+02,1.500318669690098261e+02
2.380500000000002103e+02,1.500447669438145510e+02
2.380750000000002160e+02,1.500550869236583367e+02
2.381000000000002217e+02,1.500628269085411830e+02
2.381250000000001990e+02,1.500679868984630616e+02
2.381500000000002046e+02,1.500705668934240293e+02
2.381750000000002103e+02,1.500705668934240293e+02
2.382000000000002160e+02,1.500705668934240293e+02
2.382250000000002217e+02,1.500705668934240293e+02
2.382500000000001990e+02,1.500705668934240293e+02
2.382750000000002046e+02,1.500705668934240293e+02
2.383000000000002103e+02,1.500705668934240293e+02
2.383250000000002160e+02,1.500705668934240293e+02
2.383500000000002217e+02,1.500705668934240293e+02
2.383750000000001990e+02,1.500705668934240293e+02
2.384000000000002046e+02,1.500705668934240293e+02
2.384250000000002103e+02,1.500705668934240293e+02
2.384500000000002160e+02,1.500705668934240293e+02
2.384750000000002217e+02,1.500705668934240293e+02
2.385000000000001990e+02,1.500705668934240293e+02
2.385250000000002046e+02,1.500705668934240293e+02
2.385500000000002103e+02,1.500705668934240293e+02
2.385750000000002160e+02,1.500705668934240293e+02
2.386000000000002217e+02,1.500705668934240293e+02
2.386250000000001990e+02,1.500731468883849686e+02
2.386500000000002046e+02,1.500783068783068757e+02
2.386750000000002103e+02,1.500860468631897220e+02
2.387000000000002160e+02,1.500963668430334792e+02
2.387250000000002217e+02,1.501092668178382610e+02
2.387500000000001990e+02,1.501247467876039252e+02
2.387750000000002046e+02,1.501428067523305288e+02
2.388000000000002103e+02,1.501634467120181284e+02
2.388250000000002160e+02,1.501866666666666674e+02
2.388500000000002217e+02,1.502098866213151780e+02
2.388750000000001990e+02,1.502331065759637170e+02
2.389000000000002046e+02,1.502563265306122275e+02
2.389250000000002103e+02,1.502769664902997988e+02
2.389500000000002160e+02,1.502950264550264592e+02
2.389750000000002217e+02,1.503105064247920950e+02
2.390000000000002274e+02,1.503234063995968768e+02
