path_idx,score_frame_idx,audio_frame_idx
0,0,0
1,1,1
2,2,2
3,3,3
4,4,4
5,5,5
6,6,6
7,7,7
8,8,8
9,9,9
10,10,10
11,11,11
12,12,12
13,13,13
14,14,14
15,15,15
16,16,16
17,17,17
18,18,18
19,19,19
20,20,20
21,21,21
22,22,22
23,23,23
24,24,24
25,25,25
26,26,26
27,27,27
28,28,28
29,29,29
30,30,30
31,31,31
32,32,32
33,33,33
34,34,34
35,35,35
36,36,36
37,37,37
38,38,38
39,39,39
40,40,40
41,41,41
42,42,42
43,43,43
44,44,44
45,45,45
46,46,45
47,47,46
48,48,47
49,49,48
50,50,49
51,51,50
52,52,51
53,53,52
54,54,53
55,55,54
56,56,55
57,57,56
58,58,57
59,59,58
60,60,59
61,61,60
62,62,61
63,63,62
64,64,63
65,65,64
66,66,65
67,67,66
68,68,67
69,69,68
70,70,69
71,71,70
72,72,71
73,73,72
74,74,73
75,75,74
76,76,75
77,77,76
78,78,77
79,79,78
80,80,79
81,81,80
82,82,81
83,83,82
84,84,83
85,85,84
86,86,85
87,87,86
88,88,87
89,89,88
90,90,89
91,91,90
92,92,91
93,93,92
94,94,93
95,95,94
96,96,95
97,97,96
98,98,97
99,99,98
100,100,99
101,101,100
102,102,101
103,103,101
104,104,101
105,105,101
106,106,101
107,107,101
108,108,101
109,109,101
110,110,101
111,111,101
112,112,101
113,113,101
114,114,101
115,115,101
116,116,101
117,117,101
118,118,101
119,119,101
120,120,101
121,121,102
122,122,103
123,123,104
124,124,105
125,125,106
126,126,107
127,127,108
128,128,109
129,129,110
130,130,111
131,131,112
132,132,113
133,133,114
134,134,115
135,135,116
136,136,117
137,137,118
138,138,119
139,139,120
140,140,121
141,141,122
142,142,123
143,143,124
144,144,125
145,145,126
146,146,126
147,147,126
148,148,126
149,149,126
150,150,126
151,151,126
152,152,126
153,153,127
154,154,128
155,155,129
156,156,130
157,157,131
158,158,132
159,159,133
160,160,134
161,161,135
162,162,136
163,163,137
164,164,138
165,165,139
166,166,140
167,167,141
168,168,142
169,169,143
170,170,144
171,171,145
172,172,146
173,173,146
174,174,146
175,175,146
176,176,146
177,177,146
178,178,146
179,179,146
180,180,146
181,181,146
182,182,146
183,183,146
184,184,146
185,185,146
186,186,146
187,187,146
188,188,146
189,189,146
190,190,146
191,191,146
192,192,146
193,193,146
194,194,146
195,195,146
196,196,146
197,197,146
198,198,146
199,199,146
200,200,146
201,201,147
202,202,148
203,203,149
204,204,150
205,205,151
206,206,152
207,207,153
208,208,154
209,209,155
210,210,156
211,211,157
212,212,158
213,213,159
214,214,160
215,215,161
216,216,162
217,217,163
218,218,164
219,219,165
220,220,166
221,221,167
222,222,168
223,223,169
224,224,170
225,225,171
226,226,172
227,227,173
228,228,174
229,229,175
230,230,176
231,231,177
232,232,178
233,233,179
234,234,180
235,235,181
236,236,182
237,237,183
238,238,184
239,239,185
240,240,186
241,241,187
242,242,188
243,243,188
244,244,188
245,245,188
246,246,188
247,247,188
248,248,188
249,249,188
250,250,189
251,251,190
252,252,191
253,253,192
254,254,193
255,255,194
256,256,195
257,257,196
258,258,197
259,259,198
260,260,199
261,261,200
262,262,201
263,263,202
264,264,203
265,265,204
266,266,205
267,267,206
268,268,207
269,269,208
270,270,209
271,271,210
272,272,211
273,273,212
274,274,213
275,275,214
276,276,215
277,277,216
278,278,217
279,279,218
280,280,219
281,281,219
282,282,219
283,283,219
284,284,219
285,285,219
286,286,219
287,287,219
288,288,219
289,289,219
290,290,219
291,291,219
292,292,219
293,293,219
294,294,219
295,295,219
296,296,219
297,297,219
298,298,219
299,299,219
300,300,219
301,301,220
302,302,221
303,303,222
304,304,223
305,305,224
306,306,225
307,307,226
308,308,227
309,309,228
310,310,229
311,311,230
312,312,231
313,313,232
314,314,233
315,315,234
316,316,235
317,317,236
318,318,237
319,319,238
320,320,239
321,321,240
322,322,241
323,323,242
324,324,243
325,325,244
326,326,245
327,327,246
328,328,247
329,329,248
330,330,248
331,331,248
332,332,248
333,333,248
334,334,248
335,335,248
336,336,248
337,337,248
338,338,248
339,339,248
340,340,248
341,341,248
342,342,248
343,343,248
344,344,248
345,345,248
346,346,248
347,347,248
348,348,248
349,349,248
350,350,248
351,351,248
352,352,248
353,353,248
354,354,248
355,355,248
356,356,248
357,357,248
358,358,249
359,359,250
360,360,251
361,361,252
362,362,253
363,363,254
364,364,255
365,365,256
366,366,257
367,367,258
368,368,259
369,369,260
370,370,261
371,371,262
372,372,263
373,373,264
374,374,265
375,375,266
376,376,267
377,377,268
378,378,269
379,379,270
380,380,271
381,381,272
382,382,273
383,383,274
384,384,275
385,385,276
386,386,277
387,387,278
388,388,279
389,389,280
390,390,281
391,391,282
392,392,283
393,393,284
394,394,285
395,395,286
396,396,287
397,397,288
398,398,289
399,399,290
400,400,291
401,401,292
402,402,293
403,403,294
404,404,295
405,405,296
406,406,297
407,407,298
408,408,299
409,409,300
410,410,301
411,411,302
412,412,303
413,413,303
414,414,304
415,415,305
416,416,306
417,417,307
418,418,308
419,419,309
420,420,310
421,421,311
422,422,312
423,423,313
424,424,313
425,425,313
426,426,313
427,427,313
428,428,313
429,429,313
430,430,313
431,431,313
432,432,313
433,433,313
434,434,313
435,435,313
436,436,313
437,437,313
438,438,313
439,439,313
440,440,313
441,441,313
442,442,313
443,443,313
444,444,313
445,445,313
446,446,313
447,447,313
448,448,313
449,449,313
450,450,314
451,451,315
452,452,316
453,453,317
454,454,318
455,455,319
456,456,320
457,457,321
458,458,322
459,459,323
460,460,324
461,461,325
462,462,326
463,463,327
464,464,328
465,465,329
466,466,330
467,467,331
468,468,332
469,469,333
470,470,334
471,471,335
472,472,336
473,473,337
474,474,338
475,475,339
476,476,340
477,477,341
478,478,342
479,479,343
480,480,344
481,481,345
482,482,346
483,483,347
484,484,348
485,485,348
486,486,348
487,487,348
488,488,348
489,489,348
490,490,348
491,491,348
492,492,348
493,493,348
494,494,348
495,495,349
496,496,350
497,497,351
498,498,352
499,499,353
500,500,354
501,501,355
502,502,356
503,503,356
504,504,356
505,505,356
506,506,356
507,507,356
508,508,357
509,509,358
510,510,359
511,511,360
512,512,361
513,513,362
514,514,363
515,515,364
516,516,365
517,517,366
518,518,367
519,519,368
520,520,369
521,521,370
522,522,371
523,523,372
524,524,373
525,525,374
526,526,375
527,527,376
528,528,377
529,529,378
530,530,379
531,531,380
532,532,381
533,533,382
534,534,383
535,535,384
536,536,385
537,537,386
538,538,387
539,539,388
540,540,389
541,541,389
542,542,389
543,543,389
544,544,389
545,545,389
546,546,389
547,547,389
548,548,389
549,549,389
550,550,389
551,551,389
552,552,389
553,553,389
554,554,389
555,555,389
556,556,389
557,557,390
558,558,391
559,559,392
560,560,393
561,561,394
562,562,395
563,563,396
564,564,397
565,565,398
566,566,399
567,567,400
568,568,400
569,569,401
570,570,402
571,571,403
572,572,404
573,573,405
574,574,406
575,575,407
576,576,408
577,577,409
578,578,409
579,579,409
580,580,410
581,581,410
582,582,410
583,583,410
584,584,410
585,585,410
586,586,410
587,587,410
588,588,410
589,589,411
590,590,412
591,591,413
592,592,414
593,593,414
594,594,414
595,595,414
596,596,414
597,597,415
598,598,416
599,599,417
600,600,418
601,601,419
602,602,420
603,603,421
604,604,422
605,605,423
606,606,424
607,607,425
608,608,426
609,609,427
610,610,428
611,611,429
612,612,430
613,613,431
614,614,432
615,615,433
616,616,434
617,617,435
618,618,436
619,619,437
620,620,438
621,621,439
622,622,440
623,623,441
624,624,441
625,625,441
626,626,441
627,627,441
628,628,441
629,629,441
630,630,441
631,631,441
632,632,441
633,633,441
634,634,441
635,635,441
636,636,441
637,637,441
638,638,442
639,639,443
640,640,444
641,641,445
642,642,446
643,643,447
644,644,448
645,645,449
646,646,450
647,647,451
648,648,452
649,649,453
650,650,454
651,651,455
652,652,456
653,653,457
654,654,458
655,655,459
656,656,460
657,657,461
658,658,462
659,659,463
660,660,464
661,661,464
662,662,464
663,663,464
664,664,464
665,665,464
666,666,464
667,667,464
668,668,464
669,669,464
670,670,464
671,671,464
672,672,464
673,673,464
674,674,464
675,675,464
676,676,464
677,677,464
678,678,464
679,679,464
680,680,464
681,681,464
682,682,464
683,683,464
684,684,464
685,685,464
686,686,464
687,687,464
688,688,464
689,689,464
690,690,465
691,691,466
692,692,467
693,693,468
694,694,469
695,695,470
696,696,471
697,697,472
698,698,473
699,699,474
700,700,475
701,701,476
702,702,477
703,703,478
704,704,479
705,705,480
706,706,481
707,707,482
708,708,483
709,709,484
710,710,485
711,711,486
712,712,487
713,713,488
714,714,489
715,715,490
716,716,491
717,717,492
718,718,493
719,719,494
720,720,495
721,721,496
722,722,497
723,723,498
724,724,499
725,725,499
726,726,499
727,727,499
728,728,499
729,729,499
730,730,499
731,731,499
732,732,499
733,733,499
734,734,499
735,735,499
736,736,499
737,737,499
738,738,499
739,739,500
740,740,501
741,741,502
742,742,503
743,743,504
744,744,505
745,745,506
746,746,506
747,747,506
748,748,506
749,749,506
750,750,506
751,751,506
752,752,506
753,753,506
754,754,506
755,755,506
756,756,506
757,757,506
758,758,506
759,759,506
760,760,506
761,761,506
762,762,507
763,763,508
764,764,509
765,765,510
766,766,511
767,767,512
768,768,513
769,769,514
770,770,515
771,771,516
772,772,517
773,773,518
774,774,519
775,775,520
776,776,521
777,777,522
778,778,523
779,779,524
780,780,525
781,781,526
782,782,527
783,783,528
784,784,529
785,785,530
786,786,531
787,787,532
788,788,533
789,789,534
790,790,535
791,791,536
792,792,537
793,793,538
794,794,539
795,795,540
796,796,541
797,797,542
798,798,543
799,799,544
800,800,545
801,801,546
802,802,547
803,803,548
804,804,549
805,805,550
806,806,551
807,807,552
808,808,553
809,809,554
810,810,555
811,811,556
812,812,557
813,813,558
814,814,559
815,815,560
816,816,561
817,817,562
818,818,563
819,819,564
820,820,565
821,821,566
822,822,567
823,823,568
824,824,569
825,825,570
826,826,571
827,827,572
828,828,573
829,829,573
830,830,573
831,831,573
832,832,573
833,833,573
834,834,573
835,835,573
836,836,573
837,837,573
838,838,573
839,839,573
840,840,573
841,841,573
842,842,573
843,843,573
844,844,573
845,845,573
846,846,573
847,847,573
848,848,573
849,849,573
850,850,573
851,851,573
852,852,573
853,853,573
854,854,573
855,855,573
856,856,573
857,857,573
858,858,573
859,859,573
860,860,573
861,861,574
862,862,575
863,863,576
864,864,577
865,865,578
866,866,579
867,867,580
868,868,581
869,869,582
870,870,583
871,871,584
872,872,585
873,873,586
874,874,587
875,875,588
876,876,589
877,877,590
878,878,591
879,879,592
880,880,593
881,881,594
882,882,595
883,883,596
884,884,597
885,885,598
886,886,599
887,887,600
888,888,601
889,889,602
890,890,603
891,891,604
892,892,604
893,893,604
894,894,604
895,895,604
896,896,604
897,897,604
898,898,605
899,899,606
900,900,607
901,901,607
902,902,607
903,903,607
904,904,607
905,905,607
906,906,607
907,907,607
908,908,607
909,909,607
910,910,607
911,911,607
912,912,607
913,913,607
914,914,607
915,915,607
916,916,607
917,917,607
918,918,607
919,919,607
920,920,607
921,921,607
922,922,607
923,923,607
924,924,607
925,925,608
926,926,609
927,927,610
928,928,611
929,929,612
930,930,613
931,931,614
932,932,615
933,933,616
934,934,617
935,935,618
936,936,619
937,937,620
938,938,621
939,939,622
940,940,623
941,941,624
942,942,625
943,943,626
944,944,627
945,945,628
946,946,629
947,947,630
948,948,631
949,949,632
950,950,633
951,951,634
952,952,635
953,953,636
954,954,637
955,955,638
956,956,639
957,957,640
958,958,641
959,959,642
960,960,643
961,961,644
962,962,645
963,963,646
964,964,647
965,965,648
966,966,649
967,967,650
968,968,651
969,969,652
970,970,653
971,971,654
972,972,655
973,973,656
974,974,657
975,975,658
976,976,659
977,977,660
978,978,661
979,979,662
980,980,663
981,981,664
982,982,665
983,983,666
984,984,667
985,985,668
986,986,668
987,987,668
988,988,668
989,989,668
990,990,668
991,991,668
992,992,668
993,993,668
994,994,668
995,995,668
996,996,668
997,997,668
998,998,668
999,999,668
1000,1000,668
1001,1001,668
1002,1002,668
1003,1003,668
1004,1004,668
1005,1005,668
1006,1006,668
1007,1007,668
1008,1008,668
1009,1009,668
1010,1010,668
1011,1011,668
1012,1012,669
1013,1013,670
1014,1014,671
1015,1015,672
1016,1016,673
1017,1017,674
1018,1018,675
1019,1019,676
1020,1020,677
1021,1021,678
1022,1022,679
1023,1023,680
1024,1024,681
1025,1025,682
1026,1026,683
1027,1027,684
1028,1028,685
1029,1029,686
1030,1030,687
1031,1031,688
1032,1032,689
1033,1033,690
1034,1034,691
1035,1035,692
1036,1036,693
1037,1037,694
1038,1038,695
1039,1039,696
1040,1040,697
1041,1041,698
1042,1042,699
1043,1043,700
1044,1044,701
1045,1045,702
1046,1046,703
1047,1047,704
1048,1048,705
1049,1049,706
1050,1050,707
1051,1051,708
1052,1052,709
1053,1053,710
1054,1054,711
1055,1055,712
1056,1056,713
1057,1057,714
1058,1058,715
1059,1059,716
1060,1060,717
1061,1061,718
1062,1062,719
1063,1063,720
1064,1064,720
1065,1065,720
1066,1066,720
1067,1067,720
1068,1068,720
1069,1069,720
1070,1070,720
1071,1071,720
1072,1072,720
1073,1073,720
1074,1074,720
1075,1075,720
1076,1076,720
1077,1077,720
1078,1078,720
1079,1079,720
1080,1080,720
1081,1081,720
1082,1082,720
1083,1083,720
1084,1084,720
1085,1085,720
1086,1086,720
1087,1087,720
1088,1088,721
1089,1089,722
1090,1090,723
1091,1091,724
1092,1092,725
1093,1093,726
1094,1094,727
1095,1095,728
1096,1096,729
1097,1097,730
1098,1098,731
1099,1099,732
1100,1100,733
1101,1101,734
1102,1102,735
1103,1103,736
1104,1104,737
1105,1105,738
1106,1106,738
1107,1107,738
1108,1108,738
1109,1109,738
1110,1110,738
1111,1111,738
1112,1112,738
1113,1113,738
1114,1114,738
1115,1115,739
1116,1116,740
1117,1117,741
1118,1118,742
1119,1119,743
1120,1120,744
1121,1121,745
1122,1122,746
1123,1123,747
1124,1124,748
1125,1125,749
1126,1126,749
1127,1127,749
1128,1128,749
1129,1129,749
1130,1130,749
1131,1131,749
1132,1132,749
1133,1133,749
1134,1134,749
1135,1135,749
1136,1136,750
1137,1137,751
1138,1138,752
1139,1139,753
1140,1140,754
1141,1141,755
1142,1142,756
1143,1143,756
1144,1144,756
1145,1145,756
1146,1146,756
1147,1147,757
1148,1148,758
1149,1149,759
1150,1150,760
1151,1151,761
1152,1152,762
1153,1153,763
1154,1154,764
1155,1155,765
1156,1156,766
1157,1157,767
1158,1158,768
1159,1159,768
1160,1160,768
1161,1161,768
1162,1162,768
1163,1163,768
1164,1164,769
1165,1165,770
1166,1166,771
1167,1167,772
1168,1168,773
1169,1169,774
1170,1170,775
1171,1171,776
1172,1172,777
1173,1173,777
1174,1174,777
1175,1175,777
1176,1176,777
1177,1177,777
1178,1178,777
1179,1179,778
1180,1180,779
1181,1181,780
1182,1182,780
1183,1183,780
1184,1184,780
1185,1185,780
1186,1186,780
1187,1187,781
1188,1188,782
1189,1189,783
1190,1190,784
1191,1191,785
1192,1192,786
1193,1193,786
1194,1194,786
1195,1195,787
1196,1196,788
1197,1197,789
1198,1198,790
1199,1199,791
1200,1200,792
1201,1201,793
1202,1202,794
1203,1203,795
1204,1204,796
1205,1205,797
1206,1206,798
1207,1207,799
1208,1208,800
1209,1209,801
1210,1210,802
1211,1211,803
1212,1212,803
1213,1213,803
1214,1214,803
1215,1215,803
1216,1216,803
1217,1217,803
1218,1218,803
1219,1219,804
1220,1220,805
1221,1220,806
1222,1221,807
1223,1222,808
1224,1223,809
1225,1224,810
1226,1225,811
1227,1226,812
1228,1227,813
1229,1228,814
1230,1229,815
1231,1230,816
1232,1231,817
1233,1232,818
1234,1233,819
1235,1234,820
1236,1235,820
1237,1236,820
1238,1237,820
1239,1238,821
1240,1239,822
1241,1240,823
1242,1241,824
1243,1242,825
1244,1243,826
1245,1244,827
1246,1245,828
1247,1246,829
1248,1247,830
1249,1248,831
1250,1249,832
1251,1250,833
1252,1251,833
1253,1252,833
1254,1253,833
1255,1254,833
1256,1255,833
1257,1256,833
1258,1257,833
1259,1258,833
1260,1259,833
1261,1260,833
1262,1261,833
1263,1262,833
1264,1263,833
1265,1264,833
1266,1265,833
1267,1266,833
1268,1267,833
1269,1268,833
1270,1269,833
1271,1270,833
1272,1271,833
1273,1272,833
1274,1273,833
1275,1274,833
1276,1275,834
1277,1276,835
1278,1277,836
1279,1278,837
1280,1279,838
1281,1280,839
1282,1281,839
1283,1282,839
1284,1283,839
1285,1284,839
1286,1285,839
1287,1286,839
1288,1287,839
1289,1288,839
1290,1289,839
1291,1290,840
1292,1291,841
1293,1292,842
1294,1293,843
1295,1294,844
1296,1295,845
1297,1296,846
1298,1297,847
1299,1298,848
1300,1299,849
1301,1300,849
1302,1301,849
1303,1302,849
1304,1303,849
1305,1304,849
1306,1305,849
1307,1306,849
1308,1307,849
1309,1308,849
1310,1309,849
1311,1310,849
1312,1311,849
1313,1312,850
1314,1313,851
1315,1314,852
1316,1315,853
1317,1316,854
1318,1317,855
1319,1318,856
1320,1319,857
1321,1320,858
1322,1321,859
1323,1322,860
1324,1323,861
1325,1324,862
1326,1325,863
1327,1326,864
1328,1327,865
1329,1328,866
1330,1329,867
1331,1330,868
1332,1331,869
1333,1332,870
1334,1333,871
1335,1334,872
1336,1335,873
1337,1336,874
1338,1337,875
1339,1338,876
1340,1339,877
1341,1340,878
1342,1341,879
1343,1342,880
1344,1343,880
1345,1344,880
1346,1345,880
1347,1346,880
1348,1347,880
1349,1348,880
1350,1349,880
1351,1350,880
1352,1351,880
1353,1352,880
1354,1353,880
1355,1354,880
1356,1355,880
1357,1356,881
1358,1357,882
1359,1358,883
1360,1359,884
1361,1360,885
1362,1361,886
1363,1362,887
1364,1363,888
1365,1364,889
1366,1365,890
1367,1366,891
1368,1367,892
1369,1368,892
1370,1369,893
1371,1370,894
1372,1371,895
1373,1372,896
1374,1373,897
1375,1374,898
1376,1375,899
1377,1376,900
1378,1377,900
1379,1378,900
1380,1379,900
1381,1380,900
1382,1381,900
1383,1382,900
1384,1383,900
1385,1384,900
1386,1385,900
1387,1386,900
1388,1387,900
1389,1388,900
1390,1389,900
1391,1390,900
1392,1391,900
1393,1392,900
1394,1393,900
1395,1394,900
1396,1395,900
1397,1396,900
1398,1397,900
1399,1398,900
1400,1399,900
1401,1400,900
1402,1401,900
1403,1402,900
1404,1403,900
1405,1404,900
1406,1405,900
1407,1406,901
1408,1407,902
1409,1408,903
1410,1409,904
1411,1410,905
1412,1411,906
1413,1412,907
1414,1413,908
1415,1414,909
1416,1415,910
1417,1416,911
1418,1417,912
1419,1418,913
1420,1419,914
1421,1420,915
1422,1421,916
1423,1422,917
1424,1423,918
1425,1424,919
1426,1425,920
1427,1426,921
1428,1427,922
1429,1428,923
1430,1429,924
1431,1430,925
1432,1431,926
1433,1432,927
1434,1433,928
1435,1434,929
1436,1435,930
1437,1436,931
1438,1437,932
1439,1438,933
1440,1439,934
1441,1440,935
1442,1441,936
1443,1442,937
1444,1443,938
1445,1444,938
1446,1445,938
1447,1446,938
1448,1447,938
1449,1448,938
1450,1449,939
1451,1450,940
1452,1451,941
1453,1452,941
1454,1453,941
1455,1454,941
1456,1455,941
1457,1456,941
1458,1457,941
1459,1458,941
1460,1459,941
1461,1460,941
1462,1461,941
1463,1462,941
1464,1463,941
1465,1464,941
1466,1465,942
1467,1466,943
1468,1467,944
1469,1468,945
1470,1469,946
1471,1470,947
1472,1471,948
1473,1472,949
1474,1473,950
1475,1474,951
1476,1475,952
1477,1476,953
1478,1477,954
1479,1478,955
1480,1479,956
1481,1480,957
1482,1481,958
1483,1482,959
1484,1483,960
1485,1484,961
1486,1485,962
1487,1486,963
1488,1487,964
1489,1488,965
1490,1489,966
1491,1490,967
1492,1491,968
1493,1492,969
1494,1493,969
1495,1494,969
1496,1495,969
1497,1496,969
1498,1497,969
1499,1498,969
1500,1499,969
1501,1500,969
1502,1501,969
1503,1502,969
1504,1503,969
1505,1504,969
1506,1505,969
1507,1506,969
1508,1507,970
1509,1508,971
1510,1509,972
1511,1510,973
1512,1511,974
1513,1512,975
1514,1513,976
1515,1514,977
1516,1515,978
1517,1516,979
1518,1517,980
1519,1518,981
1520,1519,982
1521,1520,983
1522,1521,984
1523,1522,985
1524,1523,986
1525,1524,986
1526,1525,986
1527,1526,986
1528,1527,986
1529,1528,987
1530,1529,988
1531,1530,989
1532,1531,990
1533,1532,991
1534,1533,992
1535,1534,993
1536,1535,994
1537,1536,995
1538,1537,996
1539,1538,997
1540,1539,998
1541,1540,999
1542,1541,1000
1543,1542,1001
1544,1543,1002
1545,1544,1003
1546,1545,1004
1547,1546,1005
1548,1547,1006
1549,1548,1007
1550,1549,1008
1551,1550,1009
1552,1551,1010
1553,1552,1011
1554,1553,1012
1555,1554,1013
1556,1555,1014
1557,1556,1015
1558,1557,1016
1559,1558,1016
1560,1559,1016
1561,1560,1016
1562,1561,1016
1563,1562,1016
1564,1563,1016
1565,1564,1016
1566,1565,1016
1567,1566,1016
1568,1567,1016
1569,1568,1016
1570,1569,1016
1571,1570,1016
1572,1571,1016
1573,1572,1016
1574,1573,1016
1575,1574,1016
1576,1575,1016
1577,1576,1016
1578,1577,1017
1579,1578,1018
1580,1579,1019
1581,1580,1020
1582,1581,1021
1583,1582,1021
1584,1583,1021
1585,1584,1021
1586,1585,1021
1587,1586,1021
1588,1587,1021
1589,1588,1021
1590,1589,1021
1591,1590,1021
1592,1591,1021
1593,1592,1021
1594,1593,1022
1595,1594,1023
1596,1595,1024
1597,1596,1025
1598,1597,1026
1599,1598,1027
1600,1599,1028
1601,1600,1029
1602,1601,1030
1603,1602,1031
1604,1603,1032
1605,1604,1033
1606,1605,1034
1607,1606,1034
1608,1607,1034
1609,1608,1034
1610,1609,1035
1611,1610,1036
1612,1611,1037
1613,1612,1038
1614,1613,1039
1615,1614,1040
1616,1615,1041
1617,1616,1042
1618,1617,1043
1619,1618,1044
1620,1619,1045
1621,1620,1046
1622,1621,1047
1623,1622,1048
1624,1623,1049
1625,1624,1050
1626,1625,1051
1627,1626,1052
1628,1627,1053
1629,1628,1054
1630,1629,1055
1631,1630,1056
1632,1631,1057
1633,1632,1058
1634,1633,1059
1635,1634,1060
1636,1635,1061
1637,1636,1062
1638,1637,1063
1639,1638,1064
1640,1639,1064
1641,1640,1064
1642,1641,1064
1643,1642,1064
1644,1643,1064
1645,1644,1064
1646,1645,1064
1647,1646,1064
1648,1647,1064
1649,1648,1064
1650,1649,1064
1651,1650,1064
1652,1651,1064
1653,1652,1064
1654,1653,1064
1655,1654,1064
1656,1655,1064
1657,1656,1064
1658,1657,1064
1659,1658,1065
1660,1659,1066
1661,1660,1067
1662,1661,1068
1663,1662,1069
1664,1663,1070
1665,1664,1071
1666,1665,1071
1667,1666,1071
1668,1667,1071
1669,1668,1071
1670,1669,1071
1671,1670,1071
1672,1671,1071
1673,1672,1071
1674,1673,1072
1675,1674,1073
1676,1675,1074
1677,1676,1075
1678,1677,1076
1679,1678,1077
1680,1679,1078
1681,1680,1079
1682,1681,1080
1683,1682,1080
1684,1683,1080
1685,1684,1080
1686,1685,1080
1687,1686,1080
1688,1687,1081
1689,1688,1082
1690,1689,1083
1691,1690,1084
1692,1691,1085
1693,1692,1086
1694,1693,1087
1695,1694,1088
1696,1695,1088
1697,1696,1088
1698,1697,1088
1699,1698,1088
1700,1699,1088
1701,1700,1088
1702,1701,1088
1703,1702,1088
1704,1703,1088
1705,1704,1088
1706,1705,1088
1707,1706,1088
1708,1707,1088
1709,1708,1088
1710,1709,1088
1711,1710,1088
1712,1711,1088
1713,1712,1088
1714,1713,1088
1715,1714,1088
1716,1715,1088
1717,1716,1088
1718,1717,1088
1719,1718,1088
1720,1719,1088
1721,1720,1088
1722,1721,1089
1723,1722,1090
1724,1723,1091
1725,1724,1092
1726,1725,1093
1727,1726,1094
1728,1727,1095
1729,1728,1096
1730,1729,1097
1731,1730,1098
1732,1731,1099
1733,1732,1100
1734,1733,1101
1735,1734,1102
1736,1735,1103
1737,1736,1104
1738,1737,1105
1739,1738,1106
1740,1739,1107
1741,1740,1108
1742,1741,1109
1743,1742,1110
1744,1743,1111
1745,1744,1112
1746,1745,1113
1747,1746,1114
1748,1747,1115
1749,1748,1116
1750,1749,1117
1751,1750,1118
1752,1751,1119
1753,1752,1120
1754,1753,1121
1755,1754,1122
1756,1755,1123
1757,1756,1124
1758,1757,1125
1759,1758,1126
1760,1759,1127
1761,1760,1128
1762,1761,1129
1763,1762,1130
1764,1763,1131
1765,1764,1132
1766,1765,1132
1767,1766,1132
1768,1767,1132
1769,1768,1132
1770,1769,1132
1771,1770,1133
1772,1771,1134
1773,1772,1134
1774,1773,1134
1775,1774,1134
1776,1775,1134
1777,1776,1134
1778,1777,1134
1779,1778,1134
1780,1779,1134
1781,1780,1134
1782,1781,1134
1783,1782,1134
1784,1783,1134
1785,1784,1134
1786,1785,1134
1787,1786,1134
1788,1787,1135
1789,1788,1136
1790,1789,1137
1791,1790,1138
1792,1791,1139
1793,1792,1140
1794,1793,1141
1795,1794,1142
1796,1795,1143
1797,1796,1144
1798,1797,1145
1799,1798,1146
1800,1799,1147
1801,1800,1148
1802,1801,1149
1803,1802,1150
1804,1803,1151
1805,1804,1152
1806,1805,1153
1807,1806,1154
1808,1807,1155
1809,1808,1156
1810,1809,1156
1811,1810,1156
1812,1811,1156
1813,1812,1156
1814,1813,1157
1815,1814,1158
1816,1815,1159
1817,1816,1160
1818,1817,1161
1819,1818,1162
1820,1819,1163
1821,1820,1164
1822,1821,1165
1823,1822,1166
1824,1823,1167
1825,1824,1168
1826,1825,1169
1827,1826,1169
1828,1827,1169
1829,1828,1169
1830,1829,1169
1831,1830,1169
1832,1831,1169
1833,1832,1169
1834,1833,1169
1835,1834,1169
1836,1835,1169
1837,1836,1170
1838,1837,1171
1839,1838,1172
1840,1839,1173
1841,1840,1174
1842,1841,1175
1843,1842,1176
1844,1843,1176
1845,1844,1176
1846,1845,1176
1847,1846,1176
1848,1847,1176
1849,1848,1177
1850,1849,1178
1851,1850,1179
1852,1851,1180
1853,1852,1181
1854,1853,1182
1855,1854,1183
1856,1855,1184
1857,1856,1185
1858,1857,1186
1859,1858,1187
1860,1859,1188
1861,1860,1189
1862,1861,1190
1863,1862,1191
1864,1863,1192
1865,1864,1193
1866,1865,1194
1867,1866,1195
1868,1867,1196
1869,1868,1197
1870,1869,1198
1871,1870,1199
1872,1871,1200
1873,1872,1201
1874,1873,1201
1875,1874,1201
1876,1875,1201
1877,1876,1201
1878,1877,1201
1879,1878,1201
1880,1879,1201
1881,1880,1201
1882,1881,1201
1883,1882,1201
1884,1883,1201
1885,1884,1201
1886,1885,1201
1887,1886,1201
1888,1887,1201
1889,1888,1201
1890,1889,1201
1891,1890,1201
1892,1891,1201
1893,1892,1201
1894,1893,1201
1895,1894,1201
1896,1895,1201
1897,1896,1201
1898,1897,1202
1899,1898,1203
1900,1899,1204
1901,1900,1205
1902,1901,1206
1903,1902,1207
1904,1903,1207
1905,1904,1207
1906,1905,1207
1907,1906,1207
1908,1907,1207
1909,1908,1207
1910,1909,1208
1911,1910,1209
1912,1911,1210
1913,1912,1211
1914,1913,1212
1915,1914,1213
1916,1915,1214
1917,1916,1215
1918,1917,1216
1919,1918,1217
1920,1919,1218
1921,1920,1219
1922,1921,1220
1923,1922,1221
1924,1923,1222
1925,1924,1222
1926,1925,1222
1927,1926,1222
1928,1927,1222
1929,1928,1222
1930,1929,1222
1931,1930,1222
1932,1931,1222
1933,1932,1222
1934,1933,1223
1935,1934,1224
1936,1935,1225
1937,1936,1226
1938,1937,1227
1939,1938,1228
1940,1939,1229
1941,1940,1230
1942,1941,1231
1943,1942,1232
1944,1943,1233
1945,1944,1234
1946,1945,1235
1947,1946,1236
1948,1947,1237
1949,1948,1238
1950,1949,1239
1951,1950,1240
1952,1951,1241
1953,1952,1242
1954,1953,1243
1955,1954,1244
1956,1955,1245
1957,1956,1246
1958,1957,1247
1959,1958,1248
1960,1959,1249
1961,1960,1249
1962,1961,1249
1963,1962,1249
1964,1963,1249
1965,1964,1249
1966,1965,1249
1967,1966,1249
1968,1967,1249
1969,1968,1249
1970,1969,1249
1971,1970,1249
1972,1971,1250
1973,1972,1251
1974,1973,1252
1975,1974,1253
1976,1975,1254
1977,1976,1255
1978,1977,1256
1979,1978,1257
1980,1979,1258
1981,1980,1259
1982,1981,1260
1983,1982,1261
1984,1983,1261
1985,1984,1261
1986,1985,1261
1987,1986,1261
1988,1987,1261
1989,1988,1261
1990,1989,1261
1991,1990,1261
1992,1991,1262
1993,1992,1263
1994,1993,1264
1995,1994,1265
1996,1995,1266
1997,1996,1267
1998,1997,1268
1999,1998,1269
2000,1999,1270
2001,2000,1271
2002,2001,1272
2003,2002,1273
2004,2003,1274
2005,2004,1275
2006,2005,1276
2007,2006,1277
2008,2007,1278
2009,2008,1279
2010,2009,1280
2011,2010,1281
2012,2011,1281
2013,2012,1281
2014,2013,1281
2015,2014,1281
2016,2015,1281
2017,2016,1281
2018,2017,1281
2019,2018,1281
2020,2019,1281
2021,2020,1281
2022,2021,1282
2023,2022,1283
2024,2023,1284
2025,2024,1285
2026,2025,1286
2027,2026,1287
2028,2027,1288
2029,2028,1289
2030,2029,1290
2031,2030,1291
2032,2031,1292
2033,2032,1292
2034,2033,1292
2035,2034,1292
2036,2035,1292
2037,2036,1292
2038,2037,1292
2039,2038,1292
2040,2039,1292
2041,2040,1292
2042,2041,1292
2043,2042,1292
2044,2043,1292
2045,2044,1292
2046,2045,1292
2047,2046,1292
2048,2047,1292
2049,2048,1292
2050,2049,1292
2051,2050,1292
2052,2051,1292
2053,2052,1292
2054,2053,1292
2055,2054,1293
2056,2055,1294
2057,2056,1295
2058,2057,1296
2059,2058,1297
2060,2059,1298
2061,2060,1299
2062,2061,1300
2063,2062,1301
2064,2063,1302
2065,2064,1303
2066,2065,1304
2067,2066,1305
2068,2067,1306
2069,2068,1307
2070,2069,1308
2071,2070,1309
2072,2071,1310
2073,2072,1311
2074,2073,1312
2075,2074,1313
2076,2075,1314
2077,2076,1315
2078,2077,1316
2079,2078,1317
2080,2079,1318
2081,2080,1319
2082,2081,1320
2083,2082,1320
2084,2083,1320
2085,2084,1320
2086,2085,1320
2087,2086,1320
2088,2087,1320
2089,2088,1320
2090,2089,1320
2091,2090,1320
2092,2091,1320
2093,2092,1320
2094,2093,1320
2095,2094,1321
2096,2095,1322
2097,2096,1323
2098,2097,1324
2099,2098,1325
2100,2099,1326
2101,2100,1327
2102,2101,1328
2103,2102,1329
2104,2103,1330
2105,2104,1331
2106,2105,1332
2107,2106,1333
2108,2107,1334
2109,2108,1335
2110,2109,1336
2111,2110,1337
2112,2111,1338
2113,2112,1339
2114,2113,1339
2115,2114,1339
2116,2115,1339
2117,2116,1339
2118,2117,1339
2119,2118,1339
2120,2119,1339
2121,2120,1340
2122,2121,1341
2123,2122,1342
2124,2123,1343
2125,2124,1344
2126,2125,1344
2127,2126,1344
2128,2127,1344
2129,2128,1344
2130,2129,1344
2131,2130,1344
2132,2131,1344
2133,2132,1344
2134,2133,1344
2135,2134,1344
2136,2135,1344
2137,2136,1344
2138,2137,1345
2139,2138,1346
2140,2139,1347
2141,2140,1348
2142,2141,1349
2143,2142,1349
2144,2143,1349
2145,2144,1349
2146,2145,1349
2147,2146,1350
2148,2147,1351
2149,2148,1352
2150,2149,1353
2151,2150,1354
2152,2151,1355
2153,2152,1356
2154,2153,1357
2155,2154,1358
2156,2155,1359
2157,2156,1360
2158,2157,1361
2159,2158,1362
2160,2159,1363
2161,2160,1364
2162,2161,1365
2163,2162,1366
2164,2163,1367
2165,2164,1368
2166,2165,1368
2167,2166,1368
2168,2167,1368
2169,2168,1368
2170,2169,1368
2171,2170,1369
2172,2171,1369
2173,2172,1369
2174,2173,1369
2175,2174,1369
2176,2175,1369
2177,2176,1369
2178,2177,1369
2179,2178,1369
2180,2179,1369
2181,2180,1370
2182,2181,1371
2183,2182,1372
2184,2183,1373
2185,2184,1374
2186,2185,1375
2187,2186,1376
2188,2187,1377
2189,2188,1378
2190,2189,1379
2191,2190,1380
2192,2191,1381
2193,2192,1382
2194,2193,1383
2195,2194,1384
2196,2195,1385
2197,2196,1386
2198,2197,1387
2199,2198,1388
2200,2199,1389
2201,2200,1390
2202,2201,1391
2203,2202,1392
2204,2203,1393
2205,2204,1394
2206,2205,1395
2207,2206,1395
2208,2207,1395
2209,2208,1395
2210,2209,1395
2211,2210,1395
2212,2211,1395
2213,2212,1395
2214,2213,1395
2215,2214,1395
2216,2215,1395
2217,2216,1396
2218,2217,1397
2219,2218,1398
2220,2219,1399
2221,2220,1400
2222,2221,1401
2223,2222,1402
2224,2223,1403
2225,2224,1404
2226,2225,1405
2227,2226,1405
2228,2227,1406
2229,2228,1407
2230,2229,1408
2231,2230,1409
2232,2231,1409
2233,2232,1409
2234,2233,1409
2235,2234,1409
2236,2235,1410
2237,2236,1411
2238,2237,1412
2239,2238,1413
2240,2239,1414
2241,2240,1415
2242,2241,1416
2243,2242,1417
2244,2243,1418
2245,2244,1419
2246,2245,1420
2247,2246,1421
2248,2247,1422
2249,2248,1423
2250,2249,1424
2251,2250,1425
2252,2251,1426
2253,2252,1427
2254,2253,1428
2255,2254,1429
2256,2255,1430
2257,2256,1431
2258,2257,1432
2259,2258,1433
2260,2259,1434
2261,2260,1435
2262,2261,1436
2263,2262,1437
2264,2263,1438
2265,2264,1439
2266,2265,1440
2267,2266,1441
2268,2267,1441
2269,2268,1441
2270,2269,1441
2271,2270,1441
2272,2271,1441
2273,2272,1441
2274,2273,1441
2275,2274,1441
2276,2275,1441
2277,2276,1441
2278,2277,1441
2279,2278,1441
2280,2279,1441
2281,2280,1441
2282,2281,1441
2283,2282,1441
2284,2283,1441
2285,2284,1441
2286,2285,1441
2287,2286,1441
2288,2287,1441
2289,2288,1441
2290,2289,1441
2291,2290,1441
2292,2291,1441
2293,2292,1441
2294,2293,1441
2295,2294,1441
2296,2295,1441
2297,2296,1442
2298,2297,1443
2299,2298,1444
2300,2299,1445
2301,2300,1446
2302,2301,1447
2303,2302,1448
2304,2303,1449
2305,2304,1449
2306,2305,1449
2307,2306,1449
2308,2307,1449
2309,2308,1449
2310,2309,1450
2311,2310,1451
2312,2311,1452
2313,2312,1453
2314,2313,1454
2315,2314,1455
2316,2315,1456
2317,2316,1457
2318,2317,1458
2319,2318,1459
2320,2319,1460
2321,2320,1461
2322,2321,1462
2323,2322,1463
2324,2323,1464
2325,2324,1465
2326,2325,1466
2327,2326,1467
2328,2327,1468
2329,2328,1469
2330,2329,1470
2331,2330,1471
2332,2331,1472
2333,2332,1473
2334,2333,1474
2335,2334,1475
2336,2335,1476
2337,2336,1477
2338,2337,1478
2339,2338,1479
2340,2339,1479
2341,2340,1479
2342,2341,1479
2343,2342,1479
2344,2343,1479
2345,2344,1479
2346,2345,1479
2347,2346,1479
2348,2347,1479
2349,2348,1480
2350,2349,1481
2351,2350,1482
2352,2351,1482
2353,2352,1482
2354,2353,1482
2355,2354,1482
2356,2355,1482
2357,2356,1482
2358,2357,1482
2359,2358,1482
2360,2359,1483
2361,2360,1484
2362,2361,1485
2363,2362,1485
2364,2363,1485
2365,2364,1485
2366,2365,1485
2367,2366,1485
2368,2367,1485
2369,2368,1485
2370,2369,1485
2371,2370,1485
2372,2371,1485
2373,2372,1485
2374,2373,1486
2375,2374,1487
2376,2375,1488
2377,2376,1489
2378,2377,1490
2379,2378,1491
2380,2379,1492
2381,2380,1493
2382,2381,1494
2383,2382,1495
2384,2383,1495
2385,2384,1495
2386,2385,1496
2387,2386,1497
2388,2387,1498
2389,2388,1499
2390,2389,1500
2391,2390,1501
2392,2391,1502
2393,2392,1503
2394,2393,1504
2395,2394,1505
2396,2395,1506
2397,2396,1507
2398,2397,1508
2399,2398,1509
2400,2399,1510
2401,2400,1511
2402,2401,1512
2403,2402,1513
2404,2403,1514
2405,2404,1515
2406,2405,1516
2407,2406,1516
2408,2407,1516
2409,2408,1516
2410,2409,1516
2411,2410,1517
2412,2411,1518
2413,2412,1519
2414,2413,1520
2415,2414,1521
2416,2415,1522
2417,2416,1523
2418,2417,1524
2419,2418,1524
2420,2419,1524
2421,2420,1524
2422,2421,1524
2423,2422,1524
2424,2423,1524
2425,2424,1525
2426,2425,1526
2427,2426,1527
2428,2427,1528
2429,2428,1529
2430,2429,1530
2431,2430,1531
2432,2431,1532
2433,2432,1533
2434,2433,1534
2435,2434,1535
2436,2435,1536
2437,2436,1537
2438,2437,1538
2439,2438,1538
2440,2439,1538
2441,2440,1538
2442,2441,1538
2443,2442,1538
2444,2443,1538
2445,2444,1538
2446,2445,1538
2447,2446,1538
2448,2447,1538
2449,2448,1538
2450,2449,1538
2451,2450,1538
2452,2451,1538
2453,2452,1538
2454,2453,1539
2455,2454,1540
2456,2455,1541
2457,2456,1542
2458,2457,1543
2459,2458,1544
2460,2459,1545
2461,2460,1546
2462,2461,1546
2463,2462,1546
2464,2463,1546
2465,2464,1546
2466,2465,1546
2467,2466,1547
2468,2467,1548
2469,2468,1549
2470,2469,1550
2471,2470,1551
2472,2471,1552
2473,2472,1553
2474,2473,1554
2475,2474,1555
2476,2475,1556
2477,2476,1557
2478,2477,1558
2479,2478,1559
2480,2479,1560
2481,2480,1561
2482,2481,1562
2483,2482,1563
2484,2483,1564
2485,2484,1565
2486,2485,1566
2487,2486,1567
2488,2487,1568
2489,2488,1569
2490,2489,1570
2491,2490,1571
2492,2491,1572
2493,2492,1573
2494,2493,1573
2495,2494,1573
2496,2495,1573
2497,2496,1573
2498,2497,1573
2499,2498,1573
2500,2499,1573
2501,2500,1573
2502,2501,1573
2503,2502,1573
2504,2503,1573
2505,2504,1573
2506,2505,1573
2507,2506,1573
2508,2507,1573
2509,2508,1573
2510,2509,1574
2511,2510,1575
2512,2511,1576
2513,2512,1577
2514,2513,1578
2515,2514,1579
2516,2515,1580
2517,2516,1581
2518,2517,1582
2519,2518,1582
2520,2519,1582
2521,2520,1583
2522,2521,1583
2523,2522,1583
2524,2523,1583
2525,2524,1583
2526,2525,1583
2527,2526,1583
2528,2527,1583
2529,2528,1583
2530,2529,1583
2531,2530,1583
2532,2531,1583
2533,2532,1583
2534,2533,1583
2535,2534,1583
2536,2535,1583
2537,2536,1583
2538,2537,1583
2539,2538,1584
2540,2539,1585
2541,2540,1586
2542,2541,1587
2543,2542,1588
2544,2543,1589
2545,2544,1590
2546,2545,1591
2547,2546,1592
2548,2547,1593
2549,2548,1594
2550,2549,1595
2551,2550,1596
2552,2551,1597
2553,2552,1598
2554,2553,1599
2555,2554,1600
2556,2555,1601
2557,2556,1602
2558,2557,1603
2559,2558,1604
2560,2559,1605
2561,2560,1606
2562,2561,1607
2563,2562,1608
2564,2563,1609
2565,2564,1610
2566,2565,1611
2567,2566,1612
2568,2567,1612
2569,2568,1613
2570,2569,1614
2571,2570,1615
2572,2571,1616
2573,2572,1617
2574,2573,1618
2575,2574,1619
2576,2575,1620
2577,2576,1620
2578,2577,1620
2579,2578,1620
2580,2579,1620
2581,2580,1620
2582,2581,1620
2583,2582,1620
2584,2583,1620
2585,2584,1620
2586,2585,1620
2587,2586,1620
2588,2587,1620
2589,2588,1621
2590,2589,1622
2591,2590,1623
2592,2591,1624
2593,2592,1625
2594,2593,1626
2595,2594,1627
2596,2595,1628
2597,2596,1629
2598,2597,1630
2599,2598,1631
2600,2599,1632
2601,2600,1633
2602,2601,1634
2603,2602,1635
2604,2603,1636
2605,2604,1637
2606,2605,1638
2607,2606,1639
2608,2607,1640
2609,2608,1640
2610,2609,1640
2611,2610,1640
2612,2611,1640
2613,2612,1640
2614,2613,1640
2615,2614,1640
2616,2615,1640
2617,2616,1640
2618,2617,1640
2619,2618,1640
2620,2619,1641
2621,2620,1642
2622,2620,1643
2623,2620,1644
2624,2621,1645
2625,2622,1646
2626,2623,1647
2627,2624,1648
2628,2625,1649
2629,2626,1650
2630,2627,1651
2631,2628,1652
2632,2629,1653
2633,2630,1654
2634,2631,1655
2635,2632,1656
2636,2633,1657
2637,2634,1658
2638,2635,1658
2639,2636,1658
2640,2637,1658
2641,2638,1658
2642,2639,1659
2643,2640,1660
2644,2641,1661
2645,2642,1661
2646,2643,1661
2647,2644,1661
2648,2645,1661
2649,2646,1661
2650,2647,1661
2651,2648,1661
2652,2649,1661
2653,2650,1662
2654,2651,1663
2655,2652,1664
2656,2653,1665
2657,2654,1666
2658,2655,1667
2659,2656,1668
2660,2657,1668
2661,2658,1668
2662,2659,1668
2663,2660,1669
2664,2661,1669
2665,2662,1669
2666,2663,1669
2667,2664,1669
2668,2665,1669
2669,2666,1669
2670,2667,1670
2671,2668,1671
2672,2669,1672
2673,2670,1673
2674,2671,1674
2675,2672,1675
2676,2673,1676
2677,2674,1677
2678,2675,1678
2679,2676,1678
2680,2677,1678
2681,2678,1678
2682,2679,1678
2683,2680,1679
2684,2681,1680
2685,2682,1681
2686,2683,1682
2687,2684,1683
2688,2685,1684
2689,2686,1685
2690,2687,1686
2691,2688,1687
2692,2689,1687
2693,2690,1688
2694,2691,1688
2695,2692,1688
2696,2693,1688
2697,2694,1688
2698,2695,1688
2699,2696,1689
2700,2697,1690
2701,2698,1691
2702,2699,1692
2703,2700,1693
2704,2701,1694
2705,2702,1694
2706,2703,1694
2707,2704,1694
2708,2705,1694
2709,2706,1694
2710,2707,1695
2711,2708,1696
2712,2709,1697
2713,2710,1698
2714,2711,1699
2715,2712,1700
2716,2713,1701
2717,2714,1702
2718,2715,1703
2719,2716,1704
2720,2717,1705
2721,2718,1706
2722,2719,1707
2723,2720,1708
2724,2721,1709
2725,2722,1710
2726,2723,1711
2727,2724,1712
2728,2725,1713
2729,2726,1713
2730,2727,1713
2731,2728,1713
2732,2729,1714
2733,2730,1715
2734,2731,1716
2735,2732,1716
2736,2733,1716
2737,2734,1716
2738,2735,1716
2739,2736,1716
2740,2737,1716
2741,2738,1716
2742,2739,1716
2743,2740,1716
2744,2741,1716
2745,2742,1716
2746,2743,1717
2747,2744,1718
2748,2745,1719
2749,2746,1720
2750,2747,1721
2751,2748,1722
2752,2749,1723
2753,2750,1724
2754,2751,1725
2755,2752,1726
2756,2753,1727
2757,2754,1728
2758,2755,1729
2759,2756,1729
2760,2757,1730
2761,2758,1731
2762,2759,1732
2763,2760,1733
2764,2761,1734
2765,2762,1734
2766,2763,1734
2767,2764,1734
2768,2765,1734
2769,2766,1734
2770,2767,1734
2771,2768,1734
2772,2769,1735
2773,2770,1736
2774,2771,1737
2775,2772,1737
2776,2773,1737
2777,2774,1738
2778,2775,1739
2779,2776,1740
2780,2777,1741
2781,2778,1742
2782,2779,1743
2783,2780,1744
2784,2781,1745
2785,2782,1745
2786,2783,1745
2787,2784,1745
2788,2785,1745
2789,2786,1745
2790,2787,1745
2791,2788,1745
2792,2789,1745
2793,2790,1745
2794,2791,1745
2795,2792,1745
2796,2793,1745
2797,2794,1746
2798,2795,1747
2799,2796,1748
2800,2797,1749
2801,2798,1750
2802,2799,1751
2803,2800,1752
2804,2801,1753
2805,2802,1753
2806,2803,1753
2807,2804,1753
2808,2805,1753
2809,2806,1753
2810,2807,1753
2811,2808,1753
2812,2809,1753
2813,2810,1753
2814,2811,1753
2815,2812,1753
2816,2813,1754
2817,2814,1755
2818,2815,1756
2819,2816,1757
2820,2817,1758
2821,2818,1759
2822,2819,1760
2823,2820,1761
2824,2821,1762
2825,2822,1763
2826,2823,1764
2827,2824,1765
2828,2825,1766
2829,2826,1767
2830,2827,1768
2831,2828,1769
2832,2829,1770
2833,2830,1771
2834,2831,1772
2835,2832,1773
2836,2833,1773
2837,2834,1773
2838,2835,1773
2839,2836,1773
2840,2837,1774
2841,2838,1775
2842,2839,1776
2843,2840,1777
2844,2841,1778
2845,2842,1779
2846,2843,1780
2847,2844,1781
2848,2845,1782
2849,2846,1783
2850,2847,1783
2851,2848,1784
2852,2849,1785
2853,2850,1786
2854,2851,1787
2855,2852,1787
2856,2853,1787
2857,2854,1787
2858,2855,1788
2859,2856,1789
2860,2857,1790
2861,2858,1791
2862,2859,1792
2863,2860,1793
2864,2861,1794
2865,2862,1795
2866,2863,1796
2867,2864,1797
2868,2865,1798
2869,2866,1799
2870,2867,1800
2871,2868,1801
2872,2869,1802
2873,2870,1803
2874,2871,1804
2875,2872,1805
2876,2873,1806
2877,2874,1807
2878,2875,1808
2879,2876,1809
2880,2877,1810
2881,2878,1811
2882,2879,1812
2883,2880,1813
2884,2881,1814
2885,2882,1815
2886,2883,1816
2887,2884,1817
2888,2885,1818
2889,2886,1819
2890,2887,1820
2891,2888,1821
2892,2889,1822
2893,2890,1823
2894,2891,1824
2895,2892,1825
2896,2893,1826
2897,2894,1827
2898,2895,1828
2899,2896,1829
2900,2897,1830
2901,2898,1831
2902,2899,1832
2903,2900,1832
2904,2901,1832
2905,2902,1832
2906,2903,1832
2907,2904,1832
2908,2905,1832
2909,2906,1832
2910,2907,1832
2911,2908,1832
2912,2909,1832
2913,2910,1832
2914,2911,1832
2915,2912,1832
2916,2913,1832
2917,2914,1832
2918,2915,1832
2919,2916,1832
2920,2917,1832
2921,2918,1832
2922,2919,1832
2923,2920,1832
2924,2921,1832
2925,2922,1832
2926,2923,1832
2927,2924,1832
2928,2925,1832
2929,2926,1832
2930,2927,1832
2931,2928,1832
2932,2929,1832
2933,2930,1832
2934,2931,1832
2935,2932,1833
2936,2933,1834
2937,2934,1835
2938,2935,1836
2939,2936,1837
2940,2937,1838
2941,2938,1839
2942,2939,1840
2943,2940,1841
2944,2941,1842
2945,2942,1843
2946,2943,1844
2947,2944,1844
2948,2945,1844
2949,2946,1844
2950,2947,1844
2951,2948,1844
2952,2949,1844
2953,2950,1844
2954,2951,1845
2955,2952,1846
2956,2953,1847
2957,2954,1848
2958,2955,1849
2959,2956,1850
2960,2957,1851
2961,2958,1852
2962,2959,1853
2963,2960,1854
2964,2961,1855
2965,2962,1856
2966,2963,1857
2967,2964,1858
2968,2965,1859
2969,2966,1859
2970,2967,1859
2971,2968,1859
2972,2969,1860
2973,2970,1861
2974,2971,1862
2975,2972,1863
2976,2973,1864
2977,2974,1865
2978,2975,1865
2979,2976,1865
2980,2977,1865
2981,2978,1865
2982,2979,1865
2983,2980,1866
2984,2981,1866
2985,2982,1866
2986,2983,1866
2987,2984,1867
2988,2985,1868
2989,2986,1869
2990,2987,1870
2991,2988,1871
2992,2989,1872
2993,2990,1873
2994,2991,1874
2995,2992,1875
2996,2993,1876
2997,2994,1877
2998,2995,1878
2999,2996,1879
3000,2997,1880
3001,2998,1881
3002,2999,1882
3003,3000,1883
3004,3001,1884
3005,3002,1885
3006,3003,1885
3007,3004,1885
3008,3005,1885
3009,3006,1885
3010,3007,1885
3011,3008,1885
3012,3009,1885
3013,3010,1886
3014,3011,1886
3015,3012,1886
3016,3013,1886
3017,3014,1886
3018,3015,1886
3019,3016,1886
3020,3017,1886
3021,3018,1887
3022,3019,1888
3023,3020,1889
3024,3021,1890
3025,3022,1891
3026,3023,1892
3027,3024,1893
3028,3025,1894
3029,3026,1895
3030,3027,1896
3031,3028,1897
3032,3029,1898
3033,3030,1899
3034,3031,1900
3035,3032,1900
3036,3033,1900
3037,3034,1900
3038,3035,1900
3039,3036,1900
3040,3037,1900
3041,3038,1900
3042,3039,1901
3043,3040,1902
3044,3041,1903
3045,3042,1904
3046,3043,1905
3047,3044,1906
3048,3045,1907
3049,3046,1908
3050,3047,1909
3051,3048,1910
3052,3049,1911
3053,3050,1912
3054,3051,1913
3055,3052,1914
3056,3053,1915
3057,3054,1916
3058,3055,1917
3059,3056,1918
3060,3057,1919
3061,3058,1920
3062,3059,1921
3063,3060,1922
3064,3061,1923
3065,3062,1924
3066,3063,1924
3067,3064,1924
3068,3065,1924
3069,3066,1924
3070,3067,1924
3071,3068,1924
3072,3069,1924
3073,3070,1925
3074,3071,1926
3075,3072,1927
3076,3073,1928
3077,3074,1929
3078,3075,1930
3079,3076,1931
3080,3077,1932
3081,3078,1932
3082,3079,1932
3083,3080,1932
3084,3081,1932
3085,3082,1932
3086,3083,1932
3087,3084,1932
3088,3085,1932
3089,3086,1932
3090,3087,1932
3091,3088,1932
3092,3089,1932
3093,3090,1932
3094,3091,1932
3095,3092,1932
3096,3093,1932
3097,3094,1932
3098,3095,1933
3099,3096,1934
3100,3097,1935
3101,3098,1936
3102,3099,1937
3103,3100,1938
3104,3101,1939
3105,3102,1940
3106,3103,1941
3107,3104,1942
3108,3105,1943
3109,3106,1944
3110,3107,1945
3111,3108,1946
3112,3109,1947
3113,3110,1948
3114,3111,1949
3115,3112,1949
3116,3113,1949
3117,3114,1949
3118,3115,1949
3119,3116,1950
3120,3117,1951
3121,3118,1952
3122,3119,1953
3123,3120,1954
3124,3121,1955
3125,3122,1956
3126,3123,1957
3127,3124,1958
3128,3125,1959
3129,3126,1960
3130,3127,1961
3131,3128,1962
3132,3129,1963
3133,3130,1964
3134,3131,1965
3135,3132,1966
3136,3133,1967
3137,3134,1968
3138,3135,1969
3139,3136,1970
3140,3137,1971
3141,3138,1972
3142,3139,1973
3143,3140,1974
3144,3141,1975
3145,3142,1976
3146,3143,1977
3147,3144,1978
3148,3145,1979
3149,3146,1980
3150,3147,1980
3151,3148,1980
3152,3149,1980
3153,3150,1981
3154,3151,1981
3155,3152,1981
3156,3153,1981
3157,3154,1981
3158,3155,1981
3159,3156,1981
3160,3157,1981
3161,3158,1981
3162,3159,1981
3163,3160,1981
3164,3161,1981
3165,3162,1981
3166,3163,1981
3167,3164,1981
3168,3165,1981
3169,3166,1981
3170,3167,1981
3171,3168,1981
3172,3169,1981
3173,3170,1982
3174,3171,1983
3175,3172,1984
3176,3173,1985
3177,3174,1985
3178,3175,1985
3179,3176,1985
3180,3177,1985
3181,3178,1986
3182,3179,1987
3183,3180,1988
3184,3181,1988
3185,3182,1988
3186,3183,1988
3187,3184,1989
3188,3185,1990
3189,3186,1991
3190,3187,1992
3191,3188,1993
3192,3189,1994
3193,3190,1995
3194,3191,1996
3195,3192,1997
3196,3193,1998
3197,3194,1999
3198,3195,2000
3199,3196,2001
3200,3197,2002
3201,3198,2003
3202,3199,2004
3203,3200,2005
3204,3201,2006
3205,3202,2007
3206,3203,2008
3207,3204,2009
3208,3205,2010
3209,3206,2011
3210,3207,2012
3211,3208,2013
3212,3209,2014
3213,3210,2015
3214,3211,2016
3215,3212,2017
3216,3213,2018
3217,3214,2019
3218,3215,2020
3219,3216,2021
3220,3217,2021
3221,3218,2021
3222,3219,2021
3223,3220,2022
3224,3221,2023
3225,3222,2024
3226,3223,2025
3227,3224,2025
3228,3225,2025
3229,3226,2025
3230,3227,2025
3231,3228,2026
3232,3229,2027
3233,3230,2028
3234,3231,2028
3235,3232,2028
3236,3233,2028
3237,3234,2028
3238,3235,2028
3239,3236,2028
3240,3237,2028
3241,3238,2028
3242,3239,2028
3243,3240,2029
3244,3241,2029
3245,3242,2029
3246,3243,2029
3247,3244,2029
3248,3245,2029
3249,3246,2029
3250,3247,2029
3251,3248,2029
3252,3249,2029
3253,3250,2030
3254,3251,2030
3255,3252,2030
3256,3253,2030
3257,3254,2030
3258,3255,2030
3259,3256,2031
3260,3257,2032
3261,3258,2033
3262,3259,2034
3263,3260,2035
3264,3261,2036
3265,3262,2037
3266,3263,2038
3267,3264,2039
3268,3265,2040
3269,3266,2041
3270,3267,2042
3271,3268,2043
3272,3269,2044
3273,3270,2045
3274,3271,2046
3275,3272,2047
3276,3273,2047
3277,3274,2047
3278,3275,2048
3279,3276,2049
3280,3277,2050
3281,3278,2051
3282,3279,2052
3283,3280,2053
3284,3281,2054
3285,3282,2055
3286,3283,2056
3287,3284,2057
3288,3285,2058
3289,3286,2059
3290,3287,2060
3291,3288,2061
3292,3289,2062
3293,3290,2063
3294,3291,2064
3295,3292,2065
3296,3293,2065
3297,3294,2065
3298,3295,2065
3299,3296,2065
3300,3297,2065
3301,3298,2065
3302,3299,2066
3303,3300,2067
3304,3301,2068
3305,3302,2069
3306,3303,2070
3307,3304,2071
3308,3305,2072
3309,3306,2072
3310,3307,2073
3311,3308,2074
3312,3309,2075
3313,3310,2076
3314,3311,2077
3315,3312,2078
3316,3313,2079
3317,3314,2080
3318,3315,2081
3319,3316,2082
3320,3317,2083
3321,3318,2084
3322,3319,2085
3323,3320,2086
3324,3321,2086
3325,3322,2086
3326,3323,2086
3327,3324,2086
3328,3325,2086
3329,3326,2087
3330,3327,2088
3331,3328,2089
3332,3329,2090
3333,3330,2091
3334,3331,2092
3335,3332,2093
3336,3333,2093
3337,3334,2093
3338,3335,2093
3339,3336,2093
3340,3337,2093
3341,3338,2093
3342,3339,2093
3343,3340,2093
3344,3341,2093
3345,3342,2093
3346,3343,2093
3347,3344,2093
3348,3345,2093
3349,3346,2093
3350,3347,2093
3351,3348,2093
3352,3349,2093
3353,3350,2094
3354,3351,2095
3355,3352,2095
3356,3353,2096
3357,3354,2097
3358,3355,2098
3359,3356,2099
3360,3357,2100
3361,3358,2101
3362,3359,2102
3363,3360,2103
3364,3361,2104
3365,3362,2105
3366,3363,2106
3367,3364,2107
3368,3365,2108
3369,3366,2109
3370,3367,2110
3371,3368,2111
3372,3369,2112
3373,3370,2113
3374,3371,2114
3375,3372,2115
3376,3373,2116
3377,3374,2116
3378,3375,2116
3379,3376,2116
3380,3377,2116
3381,3378,2116
3382,3379,2116
3383,3380,2117
3384,3381,2118
3385,3382,2119
3386,3383,2119
3387,3384,2119
3388,3385,2119
3389,3386,2119
3390,3387,2119
3391,3388,2119
3392,3389,2119
3393,3390,2120
3394,3390,2121
3395,3391,2122
3396,3392,2123
3397,3393,2124
3398,3394,2125
3399,3395,2126
3400,3396,2127
3401,3397,2128
3402,3398,2129
3403,3399,2130
3404,3400,2131
3405,3401,2132
3406,3402,2132
3407,3403,2132
3408,3404,2132
3409,3405,2132
3410,3406,2132
3411,3407,2132
3412,3408,2133
3413,3409,2134
3414,3410,2135
3415,3411,2136
3416,3412,2136
3417,3413,2136
3418,3414,2136
3419,3415,2136
3420,3416,2136
3421,3417,2136
3422,3418,2136
3423,3419,2137
3424,3420,2138
3425,3421,2139
3426,3422,2140
3427,3423,2140
3428,3424,2140
3429,3425,2141
3430,3426,2142
3431,3427,2143
3432,3428,2144
3433,3429,2145
3434,3430,2146
3435,3431,2147
3436,3432,2148
3437,3433,2149
3438,3434,2150
3439,3435,2151
3440,3436,2152
3441,3437,2153
3442,3438,2154
3443,3439,2155
3444,3440,2156
3445,3441,2157
3446,3442,2158
3447,3443,2159
3448,3444,2160
3449,3445,2161
3450,3446,2162
3451,3447,2163
3452,3448,2164
3453,3449,2165
3454,3450,2166
3455,3451,2167
3456,3452,2168
3457,3453,2169
3458,3454,2170
3459,3455,2171
3460,3456,2171
3461,3457,2171
3462,3458,2171
3463,3459,2171
3464,3460,2172
3465,3461,2173
3466,3462,2173
3467,3463,2173
3468,3464,2173
3469,3465,2173
3470,3466,2173
3471,3467,2173
3472,3468,2174
3473,3469,2175
3474,3470,2176
3475,3471,2177
3476,3472,2178
3477,3473,2179
3478,3474,2180
3479,3475,2181
3480,3476,2182
3481,3477,2183
3482,3478,2184
3483,3479,2185
3484,3480,2186
3485,3481,2186
3486,3482,2186
3487,3483,2186
3488,3484,2186
3489,3485,2186
3490,3486,2186
3491,3487,2186
3492,3488,2186
3493,3489,2187
3494,3490,2188
3495,3491,2189
3496,3492,2190
3497,3493,2190
3498,3494,2190
3499,3495,2190
3500,3496,2190
3501,3497,2190
3502,3498,2190
3503,3499,2190
3504,3500,2191
3505,3501,2191
3506,3502,2191
3507,3503,2191
3508,3504,2191
3509,3505,2191
3510,3506,2191
3511,3507,2191
3512,3508,2191
3513,3509,2192
3514,3510,2193
3515,3511,2194
3516,3512,2195
3517,3513,2196
3518,3514,2197
3519,3515,2198
3520,3516,2199
3521,3517,2200
3522,3518,2201
3523,3519,2202
3524,3520,2203
3525,3520,2204
3526,3521,2205
3527,3522,2206
3528,3523,2207
3529,3524,2208
3530,3525,2209
3531,3526,2210
3532,3527,2211
3533,3528,2212
3534,3529,2213
3535,3530,2214
3536,3531,2215
3537,3532,2216
3538,3533,2217
3539,3534,2218
3540,3535,2219
3541,3536,2220
3542,3537,2221
3543,3538,2222
3544,3539,2223
3545,3540,2224
3546,3541,2225
3547,3542,2226
3548,3543,2227
3549,3544,2228
3550,3545,2229
3551,3546,2230
3552,3547,2231
3553,3548,2232
3554,3549,2233
3555,3550,2234
3556,3550,2235
3557,3550,2236
3558,3550,2237
3559,3550,2238
3560,3550,2239
3561,3550,2240
3562,3550,2241
3563,3550,2242
3564,3550,2243
3565,3550,2244
3566,3550,2245
3567,3550,2246
3568,3550,2247
3569,3550,2248
3570,3550,2249
3571,3550,2250
3572,3550,2251
3573,3550,2252
3574,3550,2253
3575,3550,2254
3576,3550,2255
3577,3550,2256
3578,3550,2257
3579,3550,2258
3580,3550,2259
3581,3550,2260
3582,3550,2261
3583,3550,2262
3584,3551,2263
3585,3552,2264
3586,3553,2265
3587,3554,2266
3588,3555,2267
3589,3556,2268
3590,3557,2269
3591,3558,2270
3592,3559,2271
3593,3560,2272
3594,3561,2273
3595,3562,2274
3596,3563,2275
3597,3564,2276
3598,3565,2276
3599,3566,2276
3600,3567,2276
3601,3568,2276
3602,3569,2276
3603,3570,2276
3604,3571,2276
3605,3572,2276
3606,3573,2276
3607,3574,2276
3608,3575,2276
3609,3576,2276
3610,3577,2276
3611,3578,2276
3612,3579,2276
3613,3580,2276
3614,3581,2276
3615,3582,2276
3616,3583,2276
3617,3584,2276
3618,3585,2276
3619,3586,2276
3620,3587,2276
3621,3588,2276
3622,3589,2277
3623,3590,2278
3624,3591,2279
3625,3592,2280
3626,3593,2281
3627,3594,2282
3628,3595,2283
3629,3596,2284
3630,3597,2285
3631,3598,2286
3632,3599,2287
3633,3600,2288
3634,3601,2289
3635,3602,2290
3636,3603,2291
3637,3604,2291
3638,3605,2291
3639,3606,2291
3640,3607,2291
3641,3608,2291
3642,3609,2291
3643,3610,2291
3644,3611,2291
3645,3612,2291
3646,3613,2291
3647,3614,2291
3648,3615,2291
3649,3616,2291
3650,3617,2291
3651,3618,2292
3652,3619,2293
3653,3620,2294
3654,3621,2295
3655,3622,2296
3656,3623,2297
3657,3624,2298
3658,3625,2299
3659,3626,2299
3660,3627,2299
3661,3628,2299
3662,3629,2299
3663,3630,2299
3664,3631,2299
3665,3632,2299
3666,3633,2299
3667,3634,2299
3668,3635,2299
3669,3636,2299
3670,3637,2299
3671,3638,2299
3672,3639,2299
3673,3640,2299
3674,3641,2299
3675,3642,2299
3676,3643,2299
3677,3644,2299
3678,3645,2299
3679,3646,2299
3680,3647,2299
3681,3648,2299
3682,3649,2299
3683,3650,2299
3684,3651,2299
3685,3652,2299
3686,3653,2299
3687,3654,2299
3688,3655,2299
3689,3656,2299
3690,3657,2299
3691,3658,2299
3692,3659,2300
3693,3660,2301
3694,3661,2301
3695,3662,2301
3696,3663,2301
3697,3664,2301
3698,3665,2301
3699,3666,2301
3700,3667,2301
3701,3668,2301
3702,3669,2301
3703,3670,2301
3704,3671,2301
3705,3672,2301
3706,3673,2301
3707,3674,2301
3708,3675,2301
3709,3676,2301
3710,3677,2302
3711,3678,2303
3712,3679,2304
3713,3680,2305
3714,3681,2306
3715,3682,2307
3716,3683,2308
3717,3684,2309
3718,3685,2310
3719,3686,2311
3720,3687,2312
3721,3688,2313
3722,3689,2314
3723,3690,2315
3724,3691,2316
3725,3692,2317
3726,3693,2318
3727,3694,2319
3728,3695,2320
3729,3696,2321
3730,3697,2322
3731,3698,2323
3732,3699,2324
3733,3700,2325
3734,3701,2326
3735,3702,2327
3736,3703,2328
3737,3704,2329
3738,3705,2330
3739,3706,2331
3740,3707,2332
3741,3708,2333
3742,3709,2334
3743,3710,2335
3744,3711,2335
3745,3712,2335
3746,3713,2335
3747,3714,2335
3748,3715,2335
3749,3716,2335
3750,3717,2335
3751,3718,2335
3752,3719,2335
3753,3720,2335
3754,3721,2335
3755,3722,2335
3756,3723,2335
3757,3724,2335
3758,3725,2335
3759,3726,2335
3760,3727,2335
3761,3728,2335
3762,3729,2335
3763,3730,2335
3764,3731,2335
3765,3732,2335
3766,3733,2335
3767,3734,2335
3768,3735,2335
3769,3736,2335
3770,3737,2335
3771,3738,2336
3772,3739,2337
3773,3740,2338
3774,3741,2339
3775,3742,2340
3776,3743,2340
3777,3744,2340
3778,3745,2340
3779,3746,2340
3780,3747,2341
3781,3748,2342
3782,3749,2343
3783,3750,2344
3784,3751,2345
3785,3752,2346
3786,3753,2347
3787,3754,2347
3788,3755,2347
3789,3756,2347
3790,3757,2348
3791,3758,2349
3792,3759,2350
3793,3760,2351
3794,3761,2352
3795,3762,2353
3796,3763,2354
3797,3764,2355
3798,3765,2356
3799,3766,2356
3800,3767,2356
3801,3768,2356
3802,3769,2356
3803,3770,2356
3804,3771,2356
3805,3772,2356
3806,3773,2356
3807,3774,2356
3808,3775,2356
3809,3776,2356
3810,3777,2356
3811,3778,2357
3812,3779,2358
3813,3780,2359
3814,3781,2360
3815,3782,2361
3816,3783,2362
3817,3784,2363
3818,3785,2364
3819,3786,2365
3820,3787,2366
3821,3788,2367
3822,3789,2368
3823,3790,2369
3824,3791,2370
3825,3792,2371
3826,3793,2371
3827,3794,2371
3828,3795,2371
3829,3796,2371
3830,3797,2371
3831,3798,2371
3832,3799,2371
3833,3800,2371
3834,3801,2371
3835,3802,2371
3836,3803,2371
3837,3804,2371
3838,3805,2371
3839,3806,2371
3840,3807,2371
3841,3808,2371
3842,3809,2372
3843,3810,2373
3844,3811,2374
3845,3812,2375
3846,3813,2376
3847,3814,2377
3848,3815,2378
3849,3816,2379
3850,3817,2380
3851,3818,2381
3852,3819,2382
3853,3820,2383
3854,3821,2384
3855,3822,2384
3856,3823,2385
3857,3824,2386
3858,3825,2387
3859,3826,2388
3860,3827,2389
3861,3828,2390
3862,3829,2391
3863,3830,2392
3864,3831,2393
3865,3832,2394
3866,3833,2395
3867,3834,2396
3868,3835,2397
3869,3836,2398
3870,3837,2399
3871,3838,2399
3872,3839,2399
3873,3840,2400
3874,3841,2401
3875,3842,2401
3876,3843,2401
3877,3844,2401
3878,3845,2401
3879,3846,2401
3880,3847,2401
3881,3848,2401
3882,3849,2401
3883,3850,2402
3884,3851,2403
3885,3852,2404
3886,3853,2405
3887,3854,2406
3888,3855,2407
3889,3856,2408
3890,3857,2409
3891,3858,2410
3892,3859,2411
3893,3860,2412
3894,3861,2413
3895,3862,2414
3896,3863,2415
3897,3864,2416
3898,3865,2417
3899,3866,2418
3900,3867,2419
3901,3868,2420
3902,3869,2421
3903,3870,2422
3904,3871,2423
3905,3872,2424
3906,3873,2425
3907,3874,2426
3908,3875,2427
3909,3876,2428
3910,3877,2429
3911,3878,2430
3912,3879,2431
3913,3880,2432
3914,3881,2433
3915,3882,2434
3916,3883,2435
3917,3884,2436
3918,3885,2437
3919,3886,2438
3920,3887,2438
3921,3888,2438
3922,3889,2438
3923,3890,2438
3924,3891,2438
3925,3892,2438
3926,3893,2438
3927,3894,2438
3928,3895,2438
3929,3896,2438
3930,3897,2438
3931,3898,2438
3932,3899,2438
3933,3900,2438
3934,3901,2438
3935,3902,2438
3936,3903,2438
3937,3904,2438
3938,3905,2438
3939,3906,2438
3940,3907,2438
3941,3908,2438
3942,3909,2438
3943,3910,2439
3944,3911,2439
3945,3912,2439
3946,3913,2440
3947,3914,2441
3948,3915,2442
3949,3916,2443
3950,3917,2444
3951,3918,2445
3952,3919,2446
3953,3920,2447
3954,3921,2448
3955,3922,2449
3956,3923,2450
3957,3924,2451
3958,3925,2452
3959,3926,2453
3960,3927,2454
3961,3928,2455
3962,3929,2456
3963,3930,2457
3964,3931,2458
3965,3932,2459
3966,3933,2460
3967,3934,2460
3968,3935,2460
3969,3936,2460
3970,3937,2460
3971,3938,2460
3972,3939,2460
3973,3940,2460
3974,3941,2460
3975,3942,2460
3976,3943,2460
3977,3944,2460
3978,3945,2460
3979,3946,2461
3980,3947,2462
3981,3948,2463
3982,3949,2464
3983,3950,2465
3984,3951,2465
3985,3952,2465
3986,3953,2465
3987,3954,2466
3988,3955,2467
3989,3956,2468
3990,3957,2469
3991,3958,2470
3992,3959,2471
3993,3960,2472
3994,3961,2473
3995,3962,2474
3996,3963,2475
3997,3964,2475
3998,3965,2476
3999,3966,2477
4000,3967,2478
4001,3968,2479
4002,3969,2480
4003,3970,2481
4004,3971,2482
4005,3972,2483
4006,3973,2484
4007,3974,2485
4008,3975,2485
4009,3976,2485
4010,3977,2485
4011,3978,2485
4012,3979,2485
4013,3980,2486
4014,3981,2487
4015,3982,2488
4016,3983,2489
4017,3984,2490
4018,3985,2491
4019,3986,2492
4020,3987,2492
4021,3988,2492
4022,3989,2492
4023,3990,2492
4024,3991,2493
4025,3992,2494
4026,3993,2495
4027,3994,2496
4028,3995,2497
4029,3996,2498
4030,3997,2499
4031,3998,2500
4032,3999,2501
4033,4000,2502
4034,4001,2503
4035,4002,2504
4036,4003,2505
4037,4004,2506
4038,4005,2507
4039,4006,2508
4040,4007,2509
4041,4008,2510
4042,4009,2511
4043,4010,2512
4044,4011,2513
4045,4012,2514
4046,4013,2515
4047,4014,2516
4048,4015,2516
4049,4016,2516
4050,4017,2517
4051,4018,2518
4052,4019,2519
4053,4020,2520
4054,4021,2521
4055,4022,2522
4056,4023,2523
4057,4024,2524
4058,4025,2525
4059,4026,2526
4060,4027,2527
4061,4028,2528
4062,4029,2529
4063,4030,2530
4064,4031,2531
4065,4032,2532
4066,4033,2533
4067,4034,2534
4068,4035,2535
4069,4036,2536
4070,4037,2537
4071,4038,2538
4072,4039,2539
4073,4040,2540
4074,4041,2541
4075,4042,2541
4076,4043,2541
4077,4044,2541
4078,4045,2541
4079,4046,2541
4080,4047,2541
4081,4048,2541
4082,4049,2541
4083,4050,2542
4084,4051,2543
4085,4052,2544
4086,4053,2545
4087,4054,2546
4088,4055,2547
4089,4056,2548
4090,4057,2549
4091,4058,2550
4092,4059,2551
4093,4060,2552
4094,4061,2553
4095,4062,2554
4096,4063,2555
4097,4064,2555
4098,4065,2555
4099,4066,2556
4100,4067,2557
4101,4068,2558
4102,4069,2559
4103,4070,2560
4104,4071,2561
4105,4072,2562
4106,4073,2563
4107,4074,2564
4108,4075,2565
4109,4076,2566
4110,4077,2567
4111,4078,2568
4112,4079,2569
4113,4080,2570
4114,4080,2571
4115,4081,2572
4116,4082,2573
4117,4083,2574
4118,4084,2575
4119,4085,2576
4120,4086,2577
4121,4087,2578
4122,4088,2579
4123,4089,2580
4124,4090,2581
4125,4090,2582
4126,4091,2583
4127,4092,2584
4128,4093,2585
4129,4094,2586
4130,4095,2587
4131,4096,2588
4132,4097,2589
4133,4098,2590
4134,4099,2591
4135,4100,2592
4136,4101,2593
4137,4102,2594
4138,4103,2595
4139,4104,2596
4140,4105,2597
4141,4106,2598
4142,4107,2599
4143,4108,2600
4144,4109,2601
4145,4110,2602
4146,4111,2603
4147,4112,2604
4148,4113,2605
4149,4114,2606
4150,4115,2607
4151,4116,2608
4152,4117,2609
4153,4118,2610
4154,4119,2611
4155,4120,2612
4156,4121,2613
4157,4122,2614
4158,4123,2615
4159,4124,2616
4160,4125,2617
4161,4126,2618
4162,4127,2619
4163,4128,2620
4164,4129,2621
4165,4130,2622
4166,4131,2623
4167,4132,2624
4168,4133,2625
4169,4134,2626
4170,4135,2627
4171,4136,2628
4172,4137,2629
4173,4138,2630
4174,4139,2631
4175,4140,2632
4176,4141,2633
4177,4142,2634
4178,4143,2635
4179,4144,2636
4180,4145,2637
4181,4146,2638
4182,4147,2639
4183,4148,2640
4184,4149,2641
4185,4150,2642
4186,4150,2643
4187,4150,2644
4188,4150,2645
4189,4150,2646
4190,4150,2647
4191,4150,2648
4192,4150,2649
4193,4150,2650
4194,4150,2651
4195,4151,2652
4196,4152,2653
4197,4153,2654
4198,4154,2655
4199,4155,2656
4200,4156,2657
4201,4157,2658
4202,4158,2659
4203,4159,2660
4204,4160,2661
4205,4161,2662
4206,4162,2663
4207,4163,2664
4208,4164,2665
4209,4165,2666
4210,4166,2667
4211,4167,2668
4212,4168,2669
4213,4169,2670
4214,4170,2671
4215,4171,2672
4216,4172,2673
4217,4173,2674
4218,4174,2675
4219,4175,2676
4220,4176,2677
4221,4177,2678
4222,4178,2679
4223,4179,2680
4224,4180,2681
4225,4181,2682
4226,4182,2683
4227,4183,2684
4228,4184,2685
4229,4185,2686
4230,4186,2687
4231,4187,2688
4232,4188,2689
4233,4189,2690
4234,4190,2691
4235,4191,2692
4236,4192,2693
4237,4193,2694
4238,4194,2695
4239,4195,2696
4240,4196,2697
4241,4197,2698
4242,4198,2699
4243,4199,2700
4244,4200,2701
4245,4201,2702
4246,4202,2703
4247,4203,2704
4248,4204,2705
4249,4205,2706
4250,4206,2707
4251,4207,2708
4252,4208,2709
4253,4209,2710
4254,4210,2711
4255,4211,2712
4256,4212,2713
4257,4213,2714
4258,4214,2715
4259,4215,2716
4260,4216,2717
4261,4217,2718
4262,4218,2719
4263,4219,2720
4264,4220,2721
4265,4221,2722
4266,4222,2723
4267,4223,2724
4268,4224,2725
4269,4225,2726
4270,4226,2727
4271,4227,2728
4272,4228,2729
4273,4229,2730
4274,4230,2731
4275,4231,2732
4276,4232,2733
4277,4233,2734
4278,4234,2735
4279,4235,2736
4280,4236,2737
4281,4237,2738
4282,4238,2739
4283,4239,2740
4284,4240,2741
4285,4241,2742
4286,4242,2743
4287,4243,2744
4288,4244,2745
4289,4245,2746
4290,4246,2747
4291,4247,2748
4292,4248,2749
4293,4249,2750
4294,4250,2751
4295,4251,2752
4296,4252,2753
4297,4253,2754
4298,4254,2755
4299,4255,2756
4300,4256,2757
4301,4257,2758
4302,4258,2759
4303,4259,2760
4304,4260,2761
4305,4261,2762
4306,4262,2763
4307,4263,2764
4308,4264,2765
4309,4265,2766
4310,4266,2767
4311,4267,2768
4312,4268,2769
4313,4269,2770
4314,4270,2771
4315,4271,2772
4316,4272,2773
4317,4273,2774
4318,4274,2775
4319,4275,2776
4320,4276,2777
4321,4277,2778
4322,4278,2779
4323,4279,2780
4324,4280,2781
4325,4281,2782
4326,4282,2783
4327,4283,2784
4328,4284,2785
4329,4285,2786
4330,4286,2787
4331,4287,2788
4332,4288,2789
4333,4289,2790
4334,4290,2791
4335,4291,2792
4336,4292,2793
4337,4293,2794
4338,4294,2795
4339,4295,2796
4340,4296,2797
4341,4297,2798
4342,4298,2799
4343,4299,2800
4344,4300,2801
4345,4301,2802
4346,4302,2803
4347,4303,2804
4348,4304,2805
4349,4305,2806
4350,4306,2807
4351,4307,2808
4352,4308,2809
4353,4309,2810
4354,4310,2811
4355,4311,2812
4356,4312,2813
4357,4313,2814
4358,4314,2815
4359,4315,2816
4360,4316,2817
4361,4317,2818
4362,4318,2819
4363,4319,2820
4364,4320,2821
4365,4321,2822
4366,4322,2823
4367,4323,2824
4368,4324,2825
4369,4325,2826
4370,4326,2827
4371,4327,2828
4372,4328,2829
4373,4329,2830
4374,4330,2831
4375,4331,2832
4376,4332,2833
4377,4333,2834
4378,4334,2835
4379,4335,2836
4380,4336,2837
4381,4337,2838
4382,4338,2839
4383,4339,2840
4384,4340,2841
4385,4341,2842
4386,4342,2843
4387,4343,2844
4388,4344,2845
4389,4345,2846
4390,4346,2847
4391,4347,2848
4392,4348,2849
4393,4349,2850
4394,4350,2851
4395,4351,2852
4396,4352,2853
4397,4353,2854
4398,4354,2855
4399,4355,2856
4400,4356,2857
4401,4357,2858
4402,4358,2859
4403,4359,2860
4404,4360,2861
4405,4361,2862
4406,4362,2863
4407,4363,2864
4408,4364,2865
4409,4365,2866
4410,4366,2867
4411,4367,2868
4412,4368,2869
4413,4369,2870
4414,4370,2871
4415,4371,2872
4416,4372,2873
4417,4373,2874
4418,4374,2875
4419,4375,2876
4420,4376,2877
4421,4377,2878
4422,4378,2879
4423,4379,2880
4424,4380,2881
4425,4381,2882
4426,4382,2883
4427,4383,2884
4428,4384,2885
4429,4385,2886
4430,4386,2887
4431,4387,2888
4432,4388,2889
4433,4389,2890
4434,4390,2891
4435,4391,2892
4436,4392,2893
4437,4393,2894
4438,4394,2895
4439,4395,2896
4440,4396,2897
4441,4397,2898
4442,4398,2899
4443,4399,2900
4444,4400,2901
4445,4401,2902
4446,4402,2903
4447,4403,2904
4448,4404,2905
4449,4405,2906
4450,4406,2907
4451,4407,2908
4452,4408,2909
4453,4409,2910
4454,4410,2911
4455,4411,2912
4456,4412,2913
4457,4413,2914
4458,4414,2915
4459,4415,2916
4460,4416,2917
4461,4417,2918
4462,4418,2919
4463,4419,2920
4464,4420,2921
4465,4420,2922
4466,4420,2923
4467,4420,2924
4468,4420,2925
4469,4420,2926
4470,4420,2927
4471,4420,2928
4472,4420,2929
4473,4421,2930
4474,4422,2931
4475,4423,2932
4476,4424,2933
4477,4425,2934
4478,4426,2935
4479,4427,2936
4480,4428,2937
4481,4429,2938
4482,4430,2939
4483,4431,2940
4484,4432,2941
4485,4433,2942
4486,4434,2943
4487,4435,2944
4488,4436,2945
4489,4437,2946
4490,4438,2947
4491,4439,2948
4492,4440,2949
4493,4440,2950
4494,4440,2951
4495,4441,2952
4496,4442,2953
4497,4443,2954
4498,4444,2955
4499,4445,2956
4500,4446,2957
4501,4447,2958
4502,4448,2959
4503,4449,2960
4504,4450,2961
4505,4451,2962
4506,4452,2963
4507,4453,2964
4508,4454,2965
4509,4455,2966
4510,4456,2967
4511,4457,2968
4512,4458,2969
4513,4459,2970
4514,4460,2971
4515,4460,2972
4516,4460,2973
4517,4460,2974
4518,4460,2975
4519,4460,2976
4520,4460,2977
4521,4460,2978
4522,4460,2979
4523,4460,2980
4524,4460,2981
4525,4460,2982
4526,4460,2983
4527,4460,2984
4528,4460,2985
4529,4460,2986
4530,4460,2987
4531,4460,2988
4532,4460,2989
4533,4460,2990
4534,4460,2991
4535,4460,2992
4536,4460,2993
4537,4460,2994
4538,4460,2995
4539,4460,2996
4540,4461,2997
4541,4462,2998
4542,4463,2999
4543,4464,3000
4544,4465,3001
4545,4466,3002
4546,4467,3003
4547,4468,3004
4548,4469,3005
4549,4470,3006
4550,4471,3007
4551,4472,3008
4552,4473,3009
4553,4474,3010
4554,4475,3011
4555,4476,3012
4556,4477,3013
4557,4478,3014
4558,4479,3015
4559,4480,3016
4560,4481,3017
4561,4482,3018
4562,4483,3019
4563,4484,3020
4564,4485,3021
4565,4486,3022
4566,4487,3023
4567,4488,3024
4568,4489,3025
4569,4490,3026
4570,4491,3027
4571,4492,3028
4572,4493,3029
4573,4494,3030
4574,4495,3031
4575,4496,3032
4576,4497,3033
4577,4498,3034
4578,4499,3035
4579,4500,3036
4580,4501,3037
4581,4502,3038
4582,4503,3039
4583,4504,3040
4584,4505,3041
4585,4506,3042
4586,4507,3043
4587,4508,3044
4588,4509,3045
4589,4510,3046
4590,4511,3047
4591,4512,3048
4592,4513,3049
4593,4514,3050
4594,4515,3051
4595,4516,3052
4596,4517,3053
4597,4518,3054
4598,4519,3055
4599,4520,3056
4600,4521,3057
4601,4522,3058
4602,4523,3059
4603,4524,3060
4604,4525,3061
4605,4526,3062
4606,4527,3063
4607,4528,3064
4608,4529,3065
4609,4530,3066
4610,4531,3067
4611,4532,3068
4612,4533,3069
4613,4534,3070
4614,4535,3071
4615,4536,3072
4616,4537,3073
4617,4538,3074
4618,4539,3075
4619,4540,3076
4620,4541,3077
4621,4542,3078
4622,4543,3079
4623,4544,3080
4624,4545,3081
4625,4546,3082
4626,4547,3083
4627,4548,3084
4628,4549,3085
4629,4550,3085
4630,4551,3085
4631,4552,3085
4632,4553,3085
4633,4554,3085
4634,4555,3085
4635,4556,3085
4636,4557,3085
4637,4558,3085
4638,4559,3085
4639,4560,3085
4640,4561,3085
4641,4562,3085
4642,4563,3085
4643,4564,3085
4644,4565,3085
4645,4566,3085
4646,4567,3085
4647,4568,3085
4648,4569,3085
4649,4570,3085
4650,4571,3085
4651,4572,3085
4652,4573,3085
4653,4574,3085
4654,4575,3085
4655,4576,3085
4656,4577,3085
4657,4578,3085
4658,4579,3085
4659,4580,3085
4660,4581,3085
4661,4582,3085
4662,4583,3085
4663,4584,3085
4664,4585,3085
4665,4586,3085
4666,4587,3085
4667,4588,3085
4668,4589,3085
4669,4590,3086
4670,4591,3087
4671,4592,3088
4672,4593,3089
4673,4594,3090
4674,4595,3091
4675,4596,3092
4676,4597,3093
4677,4598,3094
4678,4599,3095
4679,4600,3096
4680,4601,3097
4681,4602,3098
4682,4603,3099
4683,4604,3100
4684,4605,3101
4685,4606,3102
4686,4607,3103
4687,4608,3104
4688,4609,3105
4689,4610,3106
4690,4611,3107
4691,4612,3108
4692,4613,3109
4693,4614,3110
4694,4615,3111
4695,4616,3112
4696,4617,3113
4697,4618,3114
4698,4619,3115
4699,4620,3116
4700,4621,3117
4701,4622,3118
4702,4623,3119
4703,4624,3120
4704,4625,3121
4705,4626,3122
4706,4627,3123
4707,4628,3124
4708,4629,3125
4709,4630,3126
4710,4631,3127
4711,4632,3128
4712,4633,3129
4713,4634,3130
4714,4635,3131
4715,4636,3132
4716,4637,3133
4717,4638,3134
4718,4639,3135
4719,4640,3136
4720,4641,3137
4721,4642,3138
4722,4643,3139
4723,4644,3140
4724,4645,3141
4725,4646,3142
4726,4647,3143
4727,4648,3144
4728,4649,3145
4729,4650,3146
4730,4651,3147
4731,4652,3148
4732,4653,3149
4733,4654,3150
4734,4655,3151
4735,4656,3152
4736,4657,3153
4737,4658,3154
4738,4659,3155
4739,4660,3156
4740,4661,3157
4741,4662,3158
4742,4663,3159
4743,4664,3160
4744,4665,3161
4745,4666,3162
4746,4667,3163
4747,4668,3164
4748,4669,3165
4749,4670,3166
4750,4671,3167
4751,4672,3168
4752,4673,3169
4753,4674,3170
4754,4675,3171
4755,4676,3172
4756,4677,3173
4757,4678,3174
4758,4679,3175
4759,4680,3176
4760,4681,3177
4761,4682,3178
4762,4683,3179
4763,4684,3180
4764,4685,3181
4765,4686,3182
4766,4687,3183
4767,4688,3184
4768,4689,3185
4769,4690,3186
4770,4691,3187
4771,4692,3188
4772,4693,3189
4773,4694,3190
4774,4695,3191
4775,4696,3192
4776,4697,3193
4777,4698,3194
4778,4699,3195
4779,4700,3196
4780,4701,3197
4781,4702,3198
4782,4703,3199
4783,4704,3200
4784,4705,3201
4785,4706,3202
4786,4707,3203
4787,4708,3204
4788,4709,3205
4789,4710,3206
4790,4711,3207
4791,4712,3208
4792,4713,3209
4793,4714,3210
4794,4715,3211
4795,4716,3212
4796,4717,3213
4797,4718,3214
4798,4719,3215
4799,4720,3216
4800,4721,3217
4801,4722,3218
4802,4723,3219
4803,4724,3220
4804,4725,3221
4805,4726,3222
4806,4727,3223
4807,4728,3224
4808,4729,3225
4809,4730,3226
4810,4731,3227
4811,4732,3228
4812,4733,3229
4813,4734,3230
4814,4735,3231
4815,4736,3232
4816,4737,3233
4817,4738,3234
4818,4739,3235
4819,4740,3236
4820,4741,3237
4821,4742,3238
4822,4743,3239
4823,4744,3240
4824,4745,3241
4825,4746,3242
4826,4747,3243
4827,4748,3244
4828,4749,3245
4829,4750,3246
4830,4751,3247
4831,4752,3248
4832,4753,3249
4833,4754,3250
4834,4755,3251
4835,4756,3252
4836,4757,3253
4837,4758,3254
4838,4759,3255
4839,4760,3256
4840,4761,3257
4841,4762,3258
4842,4763,3259
4843,4764,3260
4844,4765,3261
4845,4766,3262
4846,4767,3263
4847,4768,3264
4848,4769,3265
4849,4770,3266
4850,4771,3267
4851,4772,3268
4852,4773,3269
4853,4774,3270
4854,4775,3271
4855,4776,3272
4856,4777,3273
4857,4778,3274
4858,4779,3275
4859,4780,3276
4860,4781,3277
4861,4782,3278
4862,4783,3279
4863,4784,3280
4864,4785,3281
4865,4786,3282
4866,4787,3283
4867,4788,3284
4868,4789,3285
4869,4790,3286
4870,4791,3287
4871,4792,3288
4872,4793,3289
4873,4794,3290
4874,4795,3291
4875,4796,3292
4876,4797,3293
4877,4798,3294
4878,4799,3295
4879,4800,3296
4880,4801,3297
4881,4802,3298
4882,4803,3299
4883,4804,3300
4884,4805,3301
4885,4806,3302
4886,4807,3303
4887,4808,3304
4888,4809,3305
4889,4810,3306
4890,4811,3307
4891,4812,3308
4892,4813,3309
4893,4814,3310
4894,4815,3311
4895,4816,3312
4896,4817,3313
4897,4818,3314
4898,4819,3315
4899,4820,3316
4900,4821,3317
4901,4822,3318
4902,4823,3319
4903,4824,3320
4904,4825,3321
4905,4826,3322
4906,4827,3323
4907,4828,3324
4908,4829,3325
4909,4830,3326
4910,4831,3327
4911,4832,3327
4912,4833,3327
4913,4834,3327
4914,4835,3327
4915,4836,3327
4916,4837,3327
4917,4838,3327
4918,4839,3327
4919,4840,3327
4920,4841,3327
4921,4842,3327
4922,4843,3327
4923,4844,3327
4924,4845,3327
4925,4846,3327
4926,4847,3327
4927,4848,3327
4928,4849,3327
4929,4850,3327
4930,4851,3327
4931,4852,3327
4932,4853,3327
4933,4854,3327
4934,4855,3327
4935,4856,3327
4936,4857,3327
4937,4858,3327
4938,4859,3327
4939,4860,3327
4940,4861,3327
4941,4862,3327
4942,4863,3327
4943,4864,3327
4944,4865,3327
4945,4866,3327
4946,4867,3327
4947,4868,3327
4948,4869,3327
4949,4870,3327
4950,4871,3327
4951,4872,3327
4952,4873,3327
4953,4874,3327
4954,4875,3327
4955,4876,3327
4956,4877,3327
4957,4878,3327
4958,4879,3327
4959,4880,3327
4960,4881,3327
4961,4882,3327
4962,4883,3327
4963,4884,3327
4964,4885,3327
4965,4886,3327
4966,4887,3327
4967,4888,3327
4968,4889,3327
4969,4890,3327
4970,4891,3327
4971,4892,3327
4972,4893,3327
4973,4894,3327
4974,4895,3327
4975,4896,3327
4976,4897,3327
4977,4898,3327
4978,4899,3327
4979,4900,3327
4980,4901,3327
4981,4902,3327
4982,4903,3327
4983,4904,3327
4984,4905,3327
4985,4906,3327
4986,4907,3327
4987,4908,3327
4988,4909,3327
4989,4910,3327
4990,4911,3327
4991,4912,3327
4992,4913,3327
4993,4914,3327
4994,4915,3327
4995,4916,3327
4996,4917,3327
4997,4918,3327
4998,4919,3327
4999,4920,3327
5000,4921,3327
5001,4922,3327
5002,4923,3327
5003,4924,3327
5004,4925,3327
5005,4926,3327
5006,4927,3327
5007,4928,3327
5008,4929,3327
5009,4930,3327
5010,4931,3327
5011,4932,3327
5012,4933,3327
5013,4934,3327
5014,4935,3327
5015,4936,3327
5016,4937,3327
5017,4938,3327
5018,4939,3327
5019,4940,3327
5020,4941,3327
5021,4942,3327
5022,4943,3327
5023,4944,3327
5024,4945,3327
5025,4946,3327
5026,4947,3327
5027,4948,3327
5028,4949,3327
5029,4950,3327
5030,4951,3327
5031,4952,3327
5032,4953,3327
5033,4954,3327
5034,4955,3327
5035,4956,3327
5036,4957,3327
5037,4958,3327
5038,4959,3327
5039,4960,3327
5040,4961,3327
5041,4962,3327
5042,4963,3327
5043,4964,3327
5044,4965,3327
5045,4966,3327
5046,4967,3327
5047,4968,3327
5048,4969,3327
5049,4970,3327
5050,4971,3327
5051,4972,3327
5052,4973,3327
5053,4974,3327
5054,4975,3327
5055,4976,3327
5056,4977,3327
5057,4978,3327
5058,4979,3327
5059,4980,3327
5060,4981,3327
5061,4982,3327
5062,4983,3327
5063,4984,3327
5064,4985,3327
5065,4986,3327
5066,4987,3327
5067,4988,3327
5068,4989,3327
5069,4990,3327
5070,4991,3327
5071,4992,3327
5072,4993,3327
5073,4994,3327
5074,4995,3327
5075,4996,3327
5076,4997,3327
5077,4998,3327
5078,4999,3327
5079,5000,3327
5080,5001,3327
5081,5002,3327
5082,5003,3327
5083,5004,3327
5084,5005,3327
5085,5006,3327
5086,5007,3327
5087,5008,3327
5088,5009,3327
5089,5010,3327
5090,5011,3327
5091,5012,3327
5092,5013,3327
5093,5014,3328
5094,5015,3329
5095,5016,3330
5096,5017,3331
5097,5018,3332
5098,5019,3333
5099,5020,3334
5100,5021,3335
5101,5022,3336
5102,5023,3337
5103,5024,3338
5104,5025,3339
5105,5026,3340
5106,5027,3341
5107,5028,3342
5108,5029,3343
5109,5030,3344
5110,5031,3345
5111,5032,3346
5112,5033,3347
5113,5034,3348
5114,5035,3349
5115,5036,3350
5116,5037,3351
5117,5038,3352
5118,5039,3353
5119,5040,3354
5120,5041,3355
5121,5042,3356
5122,5043,3357
5123,5044,3358
5124,5045,3359
5125,5046,3360
5126,5047,3361
5127,5048,3362
5128,5049,3363
5129,5050,3364
5130,5051,3365
5131,5052,3366
5132,5053,3367
5133,5054,3368
5134,5055,3369
5135,5056,3370
5136,5057,3371
5137,5058,3372
5138,5059,3373
5139,5060,3374
5140,5061,3375
5141,5062,3376
5142,5063,3377
5143,5064,3378
5144,5065,3379
5145,5066,3380
5146,5067,3381
5147,5068,3382
5148,5069,3383
5149,5070,3384
5150,5071,3385
5151,5072,3386
5152,5073,3387
5153,5074,3388
5154,5075,3389
5155,5076,3390
5156,5077,3391
5157,5078,3392
5158,5079,3393
5159,5080,3394
5160,5081,3395
5161,5082,3396
5162,5083,3397
5163,5084,3398
5164,5085,3399
5165,5086,3400
5166,5087,3401
5167,5088,3402
5168,5089,3403
5169,5090,3404
5170,5091,3405
5171,5092,3406
5172,5093,3407
5173,5094,3408
5174,5095,3409
5175,5096,3410
5176,5097,3411
5177,5098,3412
5178,5099,3413
5179,5100,3414
5180,5100,3415
5181,5100,3416
5182,5100,3417
5183,5100,3418
5184,5100,3419
5185,5100,3420
5186,5100,3421
5187,5100,3422
5188,5100,3423
5189,5100,3424
5190,5100,3425
5191,5100,3426
5192,5100,3427
5193,5100,3428
5194,5100,3429
5195,5100,3430
5196,5100,3431
5197,5100,3432
5198,5100,3433
5199,5100,3434
5200,5100,3435
5201,5100,3436
5202,5100,3437
5203,5100,3438
5204,5100,3439
5205,5100,3440
5206,5100,3441
5207,5100,3442
5208,5100,3443
5209,5100,3444
5210,5100,3445
5211,5100,3446
5212,5100,3447
5213,5100,3448
5214,5100,3449
5215,5100,3450
5216,5100,3451
5217,5100,3452
5218,5100,3453
5219,5100,3454
5220,5100,3455
5221,5100,3456
5222,5100,3457
5223,5100,3458
5224,5100,3459
5225,5100,3460
5226,5100,3461
5227,5100,3462
5228,5100,3463
5229,5100,3464
5230,5100,3465
5231,5100,3466
5232,5100,3467
5233,5100,3468
5234,5100,3469
5235,5100,3470
5236,5100,3471
5237,5100,3472
5238,5100,3473
5239,5100,3474
5240,5100,3475
5241,5100,3476
5242,5100,3477
5243,5100,3478
5244,5100,3479
5245,5100,3480
5246,5100,3481
5247,5100,3482
5248,5100,3483
5249,5100,3484
5250,5100,3485
5251,5100,3486
5252,5100,3487
5253,5100,3488
5254,5100,3489
5255,5100,3490
5256,5100,3491
5257,5100,3492
5258,5100,3493
5259,5100,3494
5260,5100,3495
5261,5100,3496
5262,5100,3497
5263,5100,3498
5264,5100,3499
5265,5100,3500
5266,5100,3501
5267,5100,3502
5268,5100,3503
5269,5100,3504
5270,5100,3505
5271,5100,3506
5272,5100,3507
5273,5100,3508
5274,5100,3509
5275,5100,3510
5276,5100,3511
5277,5100,3512
5278,5100,3513
5279,5100,3514
5280,5100,3515
5281,5100,3516
5282,5100,3517
5283,5100,3518
5284,5100,3519
5285,5100,3520
5286,5100,3521
5287,5100,3522
5288,5100,3523
5289,5100,3524
5290,5100,3525
5291,5100,3526
5292,5100,3527
5293,5100,3528
5294,5100,3529
5295,5100,3530
5296,5100,3531
5297,5100,3532
5298,5100,3533
5299,5100,3534
5300,5100,3535
5301,5100,3536
5302,5100,3537
5303,5100,3538
5304,5100,3539
5305,5100,3540
5306,5100,3541
5307,5100,3542
5308,5100,3543
5309,5100,3544
5310,5100,3545
5311,5100,3546
5312,5100,3547
5313,5100,3548
5314,5100,3549
5315,5100,3550
5316,5100,3551
5317,5100,3552
5318,5100,3553
5319,5100,3554
5320,5100,3555
5321,5100,3556
5322,5100,3557
5323,5100,3558
5324,5100,3559
5325,5100,3560
5326,5100,3561
5327,5100,3562
5328,5100,3563
5329,5100,3564
5330,5100,3565
5331,5100,3566
5332,5100,3567
5333,5100,3568
5334,5100,3569
5335,5100,3570
5336,5100,3571
5337,5100,3572
5338,5100,3573
5339,5100,3574
5340,5100,3575
5341,5100,3576
5342,5100,3577
5343,5100,3578
5344,5100,3579
5345,5100,3580
5346,5100,3581
5347,5100,3582
5348,5100,3583
5349,5100,3584
5350,5100,3585
5351,5100,3586
5352,5100,3587
5353,5100,3588
5354,5100,3589
5355,5100,3590
5356,5100,3591
5357,5100,3592
5358,5100,3593
5359,5100,3594
5360,5100,3595
5361,5100,3596
5362,5100,3597
5363,5100,3598
5364,5100,3599
5365,5100,3600
5366,5100,3601
5367,5100,3602
5368,5100,3603
5369,5100,3604
5370,5100,3605
5371,5100,3606
5372,5100,3607
5373,5100,3608
5374,5100,3609
5375,5100,3610
5376,5100,3611
5377,5100,3612
5378,5100,3613
5379,5100,3614
5380,5100,3615
5381,5100,3616
5382,5100,3617
5383,5100,3618
5384,5100,3619
5385,5100,3620
5386,5100,3621
5387,5100,3622
5388,5100,3623
5389,5100,3624
5390,5100,3625
5391,5100,3626
5392,5100,3627
5393,5100,3628
5394,5100,3629
5395,5100,3630
5396,5100,3631
5397,5100,3632
5398,5100,3633
5399,5100,3634
5400,5100,3635
5401,5100,3636
5402,5100,3637
5403,5100,3638
5404,5100,3639
5405,5100,3640
5406,5100,3641
5407,5100,3642
5408,5100,3643
5409,5100,3644
5410,5100,3645
5411,5100,3646
5412,5100,3647
5413,5100,3648
5414,5100,3649
5415,5100,3650
5416,5100,3651
5417,5100,3652
5418,5100,3653
5419,5100,3654
5420,5100,3655
5421,5100,3656
5422,5100,3657
5423,5100,3658
5424,5100,3659
5425,5100,3660
5426,5100,3661
5427,5100,3662
5428,5100,3663
5429,5100,3664
5430,5100,3665
5431,5100,3666
5432,5100,3667
5433,5100,3668
5434,5100,3669
5435,5100,3670
5436,5100,3671
5437,5100,3672
5438,5100,3673
5439,5100,3674
5440,5100,3675
5441,5100,3676
5442,5100,3677
5443,5100,3678
5444,5100,3679
5445,5100,3680
5446,5100,3681
5447,5100,3682
5448,5100,3683
5449,5100,3684
5450,5100,3685
5451,5100,3686
5452,5100,3687
5453,5100,3688
5454,5100,3689
5455,5100,3690
5456,5100,3691
5457,5100,3692
5458,5100,3693
5459,5100,3694
5460,5100,3695
5461,5100,3696
5462,5100,3697
5463,5100,3698
5464,5100,3699
5465,5100,3700
5466,5100,3701
5467,5100,3702
5468,5100,3703
5469,5100,3704
5470,5100,3705
5471,5100,3706
5472,5100,3707
5473,5100,3708
5474,5100,3709
5475,5100,3710
5476,5100,3711
5477,5100,3712
5478,5100,3713
5479,5100,3714
5480,5100,3715
5481,5100,3716
5482,5100,3717
5483,5100,3718
5484,5100,3719
5485,5100,3720
5486,5100,3721
5487,5101,3722
5488,5102,3723
5489,5103,3724
5490,5104,3725
5491,5105,3726
5492,5106,3727
5493,5107,3728
5494,5108,3729
5495,5109,3730
5496,5110,3731
5497,5111,3732
5498,5112,3733
5499,5113,3734
5500,5114,3735
5501,5115,3736
5502,5116,3737
5503,5117,3738
5504,5118,3739
5505,5119,3740
5506,5120,3741
5507,5120,3742
5508,5120,3743
5509,5120,3744
5510,5120,3745
5511,5120,3746
5512,5120,3747
5513,5120,3748
5514,5120,3749
5515,5120,3750
5516,5120,3751
5517,5120,3752
5518,5120,3753
5519,5120,3754
5520,5120,3755
5521,5120,3756
5522,5120,3757
5523,5120,3758
5524,5120,3759
5525,5120,3760
5526,5120,3761
5527,5120,3762
5528,5120,3763
5529,5120,3764
5530,5120,3765
5531,5120,3766
5532,5120,3767
5533,5120,3768
5534,5120,3769
5535,5120,3770
5536,5120,3771
5537,5120,3772
5538,5120,3773
5539,5120,3774
5540,5120,3775
5541,5120,3776
5542,5120,3777
5543,5120,3778
5544,5120,3779
5545,5120,3780
5546,5120,3781
5547,5120,3782
5548,5120,3783
5549,5120,3784
5550,5120,3785
5551,5120,3786
5552,5120,3787
5553,5121,3788
5554,5122,3789
5555,5123,3790
5556,5124,3791
5557,5125,3792
5558,5126,3793
5559,5127,3794
5560,5128,3795
5561,5129,3796
5562,5130,3797
5563,5131,3798
5564,5132,3799
5565,5133,3800
5566,5134,3801
5567,5135,3802
5568,5136,3803
5569,5137,3804
5570,5138,3805
5571,5139,3806
5572,5140,3807
5573,5141,3808
5574,5142,3809
5575,5143,3810
5576,5144,3811
5577,5145,3812
5578,5146,3813
5579,5147,3814
5580,5148,3815
5581,5149,3816
5582,5150,3817
5583,5151,3818
5584,5152,3819
5585,5153,3820
5586,5154,3821
5587,5155,3822
5588,5156,3823
5589,5157,3824
5590,5158,3825
5591,5159,3826
5592,5160,3827
5593,5161,3828
5594,5162,3829
5595,5163,3830
5596,5164,3831
5597,5165,3832
5598,5166,3833
5599,5167,3834
5600,5168,3835
5601,5169,3836
5602,5170,3837
5603,5171,3838
5604,5172,3839
5605,5173,3840
5606,5174,3841
5607,5175,3842
5608,5176,3843
5609,5177,3844
5610,5178,3845
5611,5179,3846
5612,5180,3847
5613,5181,3848
5614,5182,3849
5615,5183,3850
5616,5184,3851
5617,5185,3852
5618,5186,3853
5619,5187,3854
5620,5188,3855
5621,5189,3856
5622,5190,3857
5623,5191,3858
5624,5192,3859
5625,5193,3860
5626,5194,3861
5627,5195,3862
5628,5196,3863
5629,5197,3864
5630,5198,3865
5631,5199,3866
5632,5200,3867
5633,5201,3868
5634,5202,3869
5635,5203,3870
5636,5204,3871
5637,5205,3872
5638,5206,3873
5639,5207,3874
5640,5208,3875
5641,5209,3876
5642,5210,3877
5643,5211,3878
5644,5212,3879
5645,5213,3880
5646,5214,3881
5647,5215,3882
5648,5216,3883
5649,5217,3884
5650,5218,3885
5651,5219,3886
5652,5220,3887
5653,5221,3888
5654,5222,3889
5655,5223,3890
5656,5224,3891
5657,5225,3892
5658,5226,3893
5659,5227,3894
5660,5228,3895
5661,5229,3896
5662,5230,3897
5663,5231,3898
5664,5232,3899
5665,5233,3900
5666,5234,3901
5667,5235,3902
5668,5236,3903
5669,5237,3904
5670,5238,3905
5671,5239,3906
5672,5240,3907
5673,5241,3908
5674,5242,3909
5675,5243,3910
5676,5244,3911
5677,5245,3912
5678,5246,3913
5679,5247,3914
5680,5248,3915
5681,5249,3916
5682,5250,3917
5683,5251,3918
5684,5252,3919
5685,5253,3920
5686,5254,3921
5687,5255,3922
5688,5256,3923
5689,5257,3924
5690,5258,3925
5691,5259,3926
5692,5260,3927
5693,5261,3928
5694,5262,3929
5695,5263,3930
5696,5264,3931
5697,5265,3932
5698,5266,3933
5699,5267,3934
5700,5268,3935
5701,5269,3936
5702,5270,3937
5703,5271,3938
5704,5272,3939
5705,5273,3940
5706,5274,3941
5707,5275,3942
5708,5276,3943
5709,5277,3944
5710,5278,3945
5711,5279,3946
5712,5280,3947
5713,5281,3948
5714,5282,3949
5715,5283,3950
5716,5284,3951
5717,5285,3952
5718,5286,3953
5719,5287,3954
5720,5288,3955
5721,5289,3956
5722,5290,3957
5723,5291,3958
5724,5292,3959
5725,5293,3960
5726,5294,3961
5727,5295,3962
5728,5296,3963
5729,5297,3964
5730,5298,3965
5731,5299,3966
5732,5300,3967
5733,5301,3968
5734,5302,3969
5735,5303,3970
5736,5304,3971
5737,5305,3972
5738,5306,3973
5739,5307,3974
5740,5308,3975
5741,5309,3976
5742,5310,3977
5743,5311,3978
5744,5312,3979
5745,5313,3980
5746,5314,3981
5747,5315,3982
5748,5316,3983
5749,5317,3984
5750,5318,3985
5751,5319,3986
5752,5320,3987
5753,5321,3988
5754,5322,3989
5755,5323,3990
5756,5324,3991
5757,5325,3992
5758,5326,3993
5759,5327,3994
5760,5328,3995
5761,5329,3996
5762,5330,3997
5763,5331,3998
5764,5332,3999
5765,5333,4000
5766,5334,4001
5767,5335,4002
5768,5336,4003
5769,5337,4004
5770,5338,4005
5771,5339,4006
5772,5340,4007
5773,5341,4008
5774,5342,4009
5775,5343,4010
5776,5344,4011
5777,5345,4012
5778,5346,4013
5779,5347,4014
5780,5348,4015
5781,5349,4016
5782,5350,4017
5783,5351,4018
5784,5352,4019
5785,5353,4020
5786,5354,4021
5787,5355,4022
5788,5356,4023
5789,5357,4024
5790,5358,4025
5791,5359,4026
5792,5360,4027
5793,5361,4028
5794,5362,4029
5795,5363,4030
5796,5364,4031
5797,5365,4032
5798,5366,4033
5799,5367,4034
5800,5368,4035
5801,5369,4036
5802,5370,4037
5803,5371,4038
5804,5372,4039
5805,5373,4040
5806,5374,4041
5807,5375,4042
5808,5376,4043
5809,5377,4044
5810,5378,4045
5811,5379,4046
5812,5380,4047
5813,5381,4048
5814,5382,4049
5815,5383,4050
5816,5384,4051
5817,5385,4052
5818,5386,4053
5819,5387,4054
5820,5388,4055
5821,5389,4056
5822,5390,4057
5823,5391,4058
5824,5392,4059
5825,5393,4060
5826,5394,4061
5827,5395,4062
5828,5396,4063
5829,5397,4064
5830,5398,4065
5831,5399,4066
5832,5400,4067
5833,5400,4068
5834,5400,4069
5835,5400,4070
5836,5400,4071
5837,5400,4072
5838,5400,4073
5839,5400,4074
5840,5400,4075
5841,5401,4076
5842,5402,4077
5843,5403,4078
5844,5404,4079
5845,5405,4080
5846,5406,4081
5847,5407,4082
5848,5408,4083
5849,5409,4084
5850,5410,4085
5851,5410,4086
5852,5410,4087
5853,5411,4088
5854,5412,4089
5855,5413,4090
5856,5414,4091
5857,5415,4092
5858,5416,4093
5859,5417,4094
5860,5418,4095
5861,5419,4096
5862,5420,4097
5863,5420,4098
5864,5420,4099
5865,5420,4100
5866,5420,4101
5867,5420,4102
5868,5420,4103
5869,5420,4104
5870,5420,4105
5871,5420,4106
5872,5420,4107
5873,5420,4108
5874,5420,4109
5875,5420,4110
5876,5420,4111
5877,5421,4112
5878,5422,4113
5879,5423,4114
5880,5424,4115
5881,5425,4116
5882,5426,4117
5883,5427,4118
5884,5428,4119
5885,5429,4120
5886,5430,4121
5887,5430,4122
5888,5430,4123
5889,5430,4124
5890,5430,4125
5891,5431,4126
5892,5432,4127
5893,5433,4128
5894,5434,4129
5895,5435,4130
5896,5436,4131
5897,5437,4132
5898,5438,4133
5899,5439,4134
5900,5440,4135
5901,5440,4136
5902,5440,4137
5903,5440,4138
5904,5440,4139
5905,5441,4140
5906,5442,4141
5907,5443,4142
5908,5444,4143
5909,5445,4144
5910,5446,4145
5911,5447,4146
5912,5448,4147
5913,5449,4148
5914,5450,4149
5915,5451,4150
5916,5452,4151
5917,5453,4152
5918,5454,4153
5919,5455,4154
5920,5456,4155
5921,5457,4155
5922,5458,4155
5923,5459,4155
5924,5460,4156
5925,5461,4156
5926,5462,4156
5927,5463,4156
5928,5464,4156
5929,5465,4156
5930,5466,4156
5931,5467,4156
5932,5468,4156
5933,5469,4156
5934,5470,4156
5935,5471,4156
5936,5472,4156
5937,5473,4156
5938,5474,4156
5939,5475,4156
5940,5476,4156
5941,5477,4156
5942,5478,4156
5943,5479,4156
5944,5480,4156
5945,5481,4156
5946,5482,4156
5947,5483,4156
5948,5484,4156
5949,5485,4156
5950,5486,4156
5951,5487,4156
5952,5488,4156
5953,5489,4156
5954,5490,4156
5955,5491,4156
5956,5492,4156
5957,5493,4156
5958,5494,4156
5959,5495,4156
5960,5496,4156
5961,5497,4156
5962,5498,4156
5963,5499,4156
5964,5500,4156
5965,5501,4156
5966,5502,4156
5967,5503,4156
5968,5504,4156
5969,5505,4156
5970,5506,4156
5971,5507,4156
5972,5508,4156
5973,5509,4156
5974,5510,4156
5975,5511,4156
5976,5512,4156
5977,5513,4156
5978,5514,4156
5979,5515,4156
5980,5516,4156
5981,5517,4156
5982,5518,4156
5983,5519,4156
5984,5520,4156
5985,5521,4156
5986,5522,4156
5987,5523,4156
5988,5524,4156
5989,5525,4156
5990,5526,4156
5991,5527,4156
5992,5528,4156
5993,5529,4157
5994,5530,4158
5995,5531,4159
5996,5532,4160
5997,5533,4161
5998,5534,4162
5999,5535,4163
6000,5536,4164
6001,5537,4165
6002,5538,4166
6003,5539,4167
6004,5540,4168
6005,5541,4169
6006,5542,4170
6007,5543,4171
6008,5544,4172
6009,5545,4173
6010,5546,4174
6011,5547,4175
6012,5548,4176
6013,5549,4177
6014,5550,4178
6015,5551,4179
6016,5552,4180
6017,5553,4181
6018,5554,4182
6019,5555,4183
6020,5556,4184
6021,5557,4185
6022,5558,4186
6023,5559,4187
6024,5560,4188
6025,5560,4189
6026,5560,4190
6027,5560,4191
6028,5560,4192
6029,5560,4193
6030,5560,4194
6031,5560,4195
6032,5560,4196
6033,5560,4197
6034,5560,4198
6035,5560,4199
6036,5560,4200
6037,5560,4201
6038,5560,4202
6039,5560,4203
6040,5560,4204
6041,5560,4205
6042,5560,4206
6043,5560,4207
6044,5560,4208
6045,5560,4209
6046,5560,4210
6047,5560,4211
6048,5560,4212
6049,5560,4213
6050,5560,4214
6051,5560,4215
6052,5560,4216
6053,5560,4217
6054,5560,4218
6055,5560,4219
6056,5560,4220
6057,5560,4221
6058,5560,4222
6059,5560,4223
6060,5560,4224
6061,5560,4225
6062,5560,4226
6063,5560,4227
6064,5560,4228
6065,5560,4229
6066,5560,4230
6067,5560,4231
6068,5560,4232
6069,5560,4233
6070,5560,4234
6071,5560,4235
6072,5560,4236
6073,5560,4237
6074,5560,4238
6075,5560,4239
6076,5560,4240
6077,5560,4241
6078,5560,4242
6079,5560,4243
6080,5560,4244
6081,5560,4245
6082,5560,4246
6083,5560,4247
6084,5560,4248
6085,5560,4249
6086,5560,4250
6087,5560,4251
6088,5560,4252
6089,5560,4253
6090,5560,4254
6091,5560,4255
6092,5560,4256
6093,5560,4257
6094,5560,4258
6095,5560,4259
6096,5560,4260
6097,5560,4261
6098,5560,4262
6099,5560,4263
6100,5560,4264
6101,5560,4265
6102,5560,4266
6103,5560,4267
6104,5560,4268
6105,5560,4269
6106,5560,4270
6107,5560,4271
6108,5560,4272
6109,5560,4273
6110,5560,4274
6111,5560,4275
6112,5560,4276
6113,5560,4277
6114,5560,4278
6115,5560,4279
6116,5560,4280
6117,5560,4281
6118,5560,4282
6119,5560,4283
6120,5560,4284
6121,5560,4285
6122,5560,4286
6123,5560,4287
6124,5560,4288
6125,5560,4289
6126,5560,4290
6127,5560,4291
6128,5560,4292
6129,5560,4293
6130,5560,4294
6131,5560,4295
6132,5560,4296
6133,5560,4297
6134,5560,4298
6135,5560,4299
6136,5560,4300
6137,5560,4301
6138,5560,4302
6139,5560,4303
6140,5560,4304
6141,5560,4305
6142,5560,4306
6143,5560,4307
6144,5560,4308
6145,5560,4309
6146,5560,4310
6147,5560,4311
6148,5560,4312
6149,5560,4313
6150,5560,4314
6151,5560,4315
6152,5560,4316
6153,5560,4317
6154,5560,4318
6155,5560,4319
6156,5560,4320
6157,5560,4321
6158,5560,4322
6159,5560,4323
6160,5560,4324
6161,5560,4325
6162,5560,4326
6163,5560,4327
6164,5560,4328
6165,5560,4329
6166,5560,4330
6167,5560,4331
6168,5560,4332
6169,5560,4333
6170,5560,4334
6171,5560,4335
6172,5560,4336
6173,5560,4337
6174,5560,4338
6175,5560,4339
6176,5560,4340
6177,5560,4341
6178,5560,4342
6179,5560,4343
6180,5560,4344
6181,5560,4345
6182,5560,4346
6183,5560,4347
6184,5560,4348
6185,5560,4349
6186,5560,4350
6187,5560,4351
6188,5560,4352
6189,5560,4353
6190,5560,4354
6191,5560,4355
6192,5560,4356
6193,5560,4357
6194,5560,4358
6195,5560,4359
6196,5560,4360
6197,5560,4361
6198,5560,4362
6199,5560,4363
6200,5560,4364
6201,5560,4365
6202,5560,4366
6203,5560,4367
6204,5560,4368
6205,5560,4369
6206,5560,4370
6207,5560,4371
6208,5560,4372
6209,5560,4373
6210,5560,4374
6211,5560,4375
6212,5560,4376
6213,5560,4377
6214,5560,4378
6215,5560,4379
6216,5560,4380
6217,5560,4381
6218,5560,4382
6219,5560,4383
6220,5560,4384
6221,5560,4385
6222,5560,4386
6223,5560,4387
6224,5560,4388
6225,5560,4389
6226,5560,4390
6227,5560,4391
6228,5560,4392
6229,5560,4393
6230,5560,4394
6231,5560,4395
6232,5560,4396
6233,5560,4397
6234,5560,4398
6235,5560,4399
6236,5560,4400
6237,5560,4401
6238,5560,4402
6239,5560,4403
6240,5560,4404
6241,5560,4405
6242,5560,4406
6243,5560,4407
6244,5560,4408
6245,5560,4409
6246,5560,4410
6247,5560,4411
6248,5560,4412
6249,5560,4413
6250,5560,4414
6251,5560,4415
6252,5560,4416
6253,5560,4417
6254,5560,4418
6255,5560,4419
6256,5560,4420
6257,5560,4421
6258,5560,4422
6259,5560,4423
6260,5560,4424
6261,5560,4425
6262,5560,4426
6263,5560,4427
6264,5560,4428
6265,5560,4429
6266,5560,4430
6267,5560,4431
6268,5560,4432
6269,5560,4433
6270,5560,4434
6271,5560,4435
6272,5560,4436
6273,5560,4437
6274,5560,4438
6275,5560,4439
6276,5560,4440
6277,5560,4441
6278,5560,4442
6279,5560,4443
6280,5560,4444
6281,5560,4445
6282,5560,4446
6283,5560,4447
6284,5560,4448
6285,5560,4449
6286,5560,4450
6287,5560,4451
6288,5560,4452
6289,5560,4453
6290,5560,4454
6291,5560,4455
6292,5560,4456
6293,5560,4457
6294,5560,4458
6295,5560,4459
6296,5560,4460
6297,5560,4461
6298,5560,4462
6299,5560,4463
6300,5560,4464
6301,5560,4465
6302,5560,4466
6303,5560,4467
6304,5560,4468
6305,5560,4469
6306,5560,4470
6307,5560,4471
6308,5560,4472
6309,5560,4473
6310,5560,4474
6311,5560,4475
6312,5560,4476
6313,5560,4477
6314,5560,4478
6315,5560,4479
6316,5560,4480
6317,5560,4481
6318,5560,4482
6319,5561,4483
6320,5562,4484
6321,5563,4485
6322,5564,4486
6323,5565,4487
6324,5566,4488
6325,5567,4489
6326,5568,4490
6327,5569,4491
6328,5570,4492
6329,5571,4493
6330,5572,4494
6331,5573,4495
6332,5574,4496
6333,5575,4497
6334,5576,4498
6335,5577,4499
6336,5578,4500
6337,5579,4501
6338,5580,4502
6339,5581,4503
6340,5582,4504
6341,5583,4505
6342,5584,4506
6343,5585,4507
6344,5586,4508
6345,5587,4509
6346,5588,4510
6347,5589,4511
6348,5590,4512
6349,5591,4513
6350,5592,4514
6351,5593,4515
6352,5594,4516
6353,5595,4517
6354,5596,4518
6355,5597,4519
6356,5598,4520
6357,5599,4521
6358,5600,4522
6359,5600,4523
6360,5600,4524
6361,5600,4525
6362,5600,4526
6363,5600,4527
6364,5600,4528
6365,5600,4529
6366,5600,4530
6367,5600,4531
6368,5600,4532
6369,5600,4533
6370,5600,4534
6371,5600,4535
6372,5600,4536
6373,5600,4537
6374,5600,4538
6375,5600,4539
6376,5600,4540
6377,5600,4541
6378,5600,4542
6379,5600,4543
6380,5600,4544
6381,5600,4545
6382,5600,4546
6383,5600,4547
6384,5600,4548
6385,5600,4549
6386,5600,4550
6387,5600,4551
6388,5600,4552
6389,5600,4553
6390,5600,4554
6391,5600,4555
6392,5600,4556
6393,5600,4557
6394,5600,4558
6395,5600,4559
6396,5600,4560
6397,5600,4561
6398,5600,4562
6399,5600,4563
6400,5600,4564
6401,5600,4565
6402,5600,4566
6403,5600,4567
6404,5600,4568
6405,5600,4569
6406,5600,4570
6407,5600,4571
6408,5600,4572
6409,5600,4573
6410,5600,4574
6411,5600,4575
6412,5600,4576
6413,5600,4577
6414,5600,4578
6415,5600,4579
6416,5600,4580
6417,5600,4581
6418,5601,4582
6419,5602,4583
6420,5603,4584
6421,5604,4585
6422,5605,4586
6423,5606,4587
6424,5607,4588
6425,5608,4589
6426,5609,4590
6427,5610,4591
6428,5611,4592
6429,5612,4593
6430,5613,4594
6431,5614,4595
6432,5615,4596
6433,5616,4597
6434,5617,4598
6435,5618,4599
6436,5619,4600
6437,5620,4601
6438,5621,4602
6439,5622,4603
6440,5623,4604
6441,5624,4605
6442,5625,4606
6443,5626,4607
6444,5627,4608
6445,5628,4609
6446,5629,4610
6447,5630,4611
6448,5631,4612
6449,5632,4613
6450,5633,4614
6451,5634,4615
6452,5635,4616
6453,5636,4617
6454,5637,4618
6455,5638,4619
6456,5639,4620
6457,5640,4621
6458,5641,4622
6459,5642,4623
6460,5643,4624
6461,5644,4625
6462,5645,4626
6463,5646,4627
6464,5647,4628
6465,5648,4629
6466,5649,4630
6467,5650,4631
6468,5651,4632
6469,5652,4633
6470,5653,4634
6471,5654,4635
6472,5655,4636
6473,5656,4637
6474,5657,4638
6475,5658,4639
6476,5659,4640
6477,5660,4641
6478,5661,4642
6479,5662,4643
6480,5663,4644
6481,5664,4645
6482,5665,4646
6483,5666,4647
6484,5667,4648
6485,5668,4649
6486,5669,4650
6487,5670,4651
6488,5671,4652
6489,5672,4653
6490,5673,4654
6491,5674,4655
6492,5675,4656
6493,5676,4657
6494,5677,4658
6495,5678,4659
6496,5679,4660
6497,5680,4661
6498,5681,4662
6499,5682,4663
6500,5683,4664
6501,5684,4665
6502,5685,4666
6503,5686,4667
6504,5687,4668
6505,5688,4669
6506,5689,4670
6507,5690,4671
6508,5691,4672
6509,5692,4673
6510,5693,4674
6511,5694,4675
6512,5695,4676
6513,5696,4677
6514,5697,4678
6515,5698,4679
6516,5699,4680
6517,5700,4681
6518,5701,4682
6519,5702,4683
6520,5703,4684
6521,5704,4685
6522,5705,4686
6523,5706,4686
6524,5707,4686
6525,5708,4686
6526,5709,4686
6527,5710,4686
6528,5711,4686
6529,5712,4686
6530,5713,4686
6531,5714,4686
6532,5715,4686
6533,5716,4686
6534,5717,4686
6535,5718,4686
6536,5719,4686
6537,5720,4687
6538,5721,4687
6539,5722,4687
6540,5723,4687
6541,5724,4687
6542,5725,4687
6543,5726,4687
6544,5727,4687
6545,5728,4687
6546,5729,4687
6547,5730,4687
6548,5731,4687
6549,5732,4687
6550,5733,4687
6551,5734,4687
6552,5735,4687
6553,5736,4687
6554,5737,4687
6555,5738,4687
6556,5739,4687
6557,5740,4687
6558,5741,4687
6559,5742,4687
6560,5743,4687
6561,5744,4687
6562,5745,4687
6563,5746,4687
6564,5747,4687
6565,5748,4687
6566,5749,4687
6567,5750,4687
6568,5751,4687
6569,5752,4687
6570,5753,4687
6571,5754,4687
6572,5755,4687
6573,5756,4687
6574,5757,4687
6575,5758,4687
6576,5759,4688
6577,5760,4689
6578,5761,4690
6579,5762,4691
6580,5763,4692
6581,5764,4693
6582,5765,4694
6583,5766,4695
6584,5767,4696
6585,5768,4697
6586,5769,4698
6587,5770,4699
6588,5771,4700
6589,5772,4701
6590,5773,4702
6591,5774,4703
6592,5775,4704
6593,5776,4705
6594,5777,4706
6595,5778,4706
6596,5779,4706
6597,5780,4706
6598,5781,4706
6599,5782,4706
6600,5783,4706
6601,5784,4706
6602,5785,4706
6603,5786,4706
6604,5787,4706
6605,5788,4707
6606,5789,4708
6607,5790,4709
6608,5791,4710
6609,5792,4711
6610,5793,4712
6611,5794,4713
6612,5795,4714
6613,5796,4715
6614,5797,4716
6615,5798,4717
6616,5799,4718
6617,5800,4719
6618,5801,4720
6619,5802,4720
6620,5803,4720
6621,5804,4720
6622,5805,4720
6623,5806,4720
6624,5807,4720
6625,5808,4720
6626,5809,4720
6627,5810,4720
6628,5811,4720
6629,5812,4720
6630,5813,4720
6631,5814,4720
6632,5815,4720
6633,5816,4720
6634,5817,4720
6635,5818,4720
6636,5819,4721
6637,5820,4722
6638,5821,4723
6639,5822,4724
6640,5823,4725
6641,5824,4726
6642,5825,4727
6643,5826,4728
6644,5827,4729
6645,5828,4730
6646,5829,4731
6647,5830,4732
6648,5831,4733
6649,5832,4734
6650,5833,4734
6651,5834,4734
6652,5835,4734
6653,5836,4734
6654,5837,4734
6655,5838,4734
6656,5839,4734
6657,5840,4734
6658,5841,4734
6659,5842,4734
6660,5843,4734
6661,5844,4734
6662,5845,4734
6663,5846,4734
6664,5847,4734
6665,5848,4734
6666,5849,4734
6667,5850,4734
6668,5851,4734
6669,5852,4734
6670,5853,4734
6671,5854,4734
6672,5855,4734
6673,5856,4734
6674,5857,4734
6675,5858,4734
6676,5859,4734
6677,5860,4735
6678,5861,4735
6679,5862,4735
6680,5863,4735
6681,5864,4735
6682,5865,4735
6683,5866,4735
6684,5867,4736
6685,5868,4737
6686,5869,4738
6687,5870,4739
6688,5871,4740
6689,5872,4741
6690,5873,4742
6691,5874,4743
6692,5875,4744
6693,5876,4745
6694,5877,4746
6695,5878,4747
6696,5879,4748
6697,5880,4749
6698,5881,4749
6699,5882,4749
6700,5883,4749
6701,5884,4749
6702,5885,4749
6703,5886,4749
6704,5887,4749
6705,5888,4749
6706,5889,4749
6707,5890,4749
6708,5891,4749
6709,5892,4749
6710,5893,4749
6711,5894,4749
6712,5895,4749
6713,5896,4749
6714,5897,4749
6715,5898,4749
6716,5899,4750
6717,5900,4751
6718,5901,4752
6719,5902,4753
6720,5903,4754
6721,5904,4755
6722,5905,4756
6723,5906,4757
6724,5907,4758
6725,5908,4759
6726,5909,4760
6727,5910,4761
6728,5911,4762
6729,5912,4763
6730,5913,4764
6731,5914,4765
6732,5915,4766
6733,5916,4767
6734,5917,4768
6735,5918,4769
6736,5919,4770
6737,5920,4771
6738,5921,4772
6739,5922,4773
6740,5923,4774
6741,5924,4775
6742,5925,4776
6743,5926,4777
6744,5927,4778
6745,5928,4779
6746,5929,4780
6747,5930,4781
6748,5931,4782
6749,5932,4783
6750,5933,4784
6751,5934,4785
6752,5935,4786
6753,5936,4787
6754,5937,4788
6755,5938,4789
6756,5939,4790
6757,5940,4791
6758,5941,4792
6759,5942,4793
6760,5943,4794
6761,5944,4795
6762,5945,4796
6763,5946,4797
6764,5947,4798
6765,5948,4799
6766,5949,4800
6767,5950,4801
6768,5951,4802
6769,5952,4803
6770,5953,4804
6771,5954,4805
6772,5955,4806
6773,5956,4807
6774,5957,4808
6775,5958,4809
6776,5959,4810
6777,5960,4811
6778,5961,4812
6779,5962,4813
6780,5963,4814
6781,5964,4815
6782,5965,4816
6783,5966,4817
6784,5967,4818
6785,5968,4819
6786,5969,4820
6787,5970,4821
6788,5971,4822
6789,5972,4823
6790,5973,4824
6791,5974,4825
6792,5975,4826
6793,5976,4827
6794,5977,4828
6795,5978,4828
6796,5979,4828
6797,5980,4828
6798,5981,4828
6799,5982,4828
6800,5983,4828
6801,5984,4828
6802,5985,4828
6803,5986,4828
6804,5987,4828
6805,5988,4828
6806,5989,4828
6807,5990,4828
6808,5991,4828
6809,5992,4828
6810,5993,4828
6811,5994,4828
6812,5995,4828
6813,5996,4828
6814,5997,4828
6815,5998,4828
6816,5999,4828
6817,6000,4828
6818,6001,4828
6819,6002,4828
6820,6003,4828
6821,6004,4828
6822,6005,4828
6823,6006,4828
6824,6007,4828
6825,6008,4828
6826,6009,4828
6827,6010,4828
6828,6011,4828
6829,6012,4828
6830,6013,4828
6831,6014,4828
6832,6015,4828
6833,6016,4828
6834,6017,4828
6835,6018,4828
6836,6019,4828
6837,6020,4828
6838,6021,4828
6839,6022,4828
6840,6023,4828
6841,6024,4828
6842,6025,4828
6843,6026,4828
6844,6027,4828
6845,6028,4828
6846,6029,4828
6847,6030,4828
6848,6031,4828
6849,6032,4828
6850,6033,4828
6851,6034,4828
6852,6035,4828
6853,6036,4828
6854,6037,4828
6855,6038,4828
6856,6039,4828
6857,6040,4828
6858,6041,4828
6859,6042,4828
6860,6043,4828
6861,6044,4828
6862,6045,4828
6863,6046,4828
6864,6047,4828
6865,6048,4828
6866,6049,4828
6867,6050,4828
6868,6051,4828
6869,6052,4828
6870,6053,4828
6871,6054,4828
6872,6055,4829
6873,6056,4830
6874,6057,4831
6875,6058,4832
6876,6059,4833
6877,6060,4834
6878,6061,4835
6879,6062,4836
6880,6063,4837
6881,6064,4838
6882,6065,4839
6883,6066,4840
6884,6067,4841
6885,6068,4842
6886,6069,4843
6887,6070,4844
6888,6071,4845
6889,6072,4846
6890,6073,4847
6891,6074,4848
6892,6075,4849
6893,6076,4850
6894,6077,4851
6895,6078,4852
6896,6079,4853
6897,6080,4854
6898,6081,4855
6899,6082,4856
6900,6083,4857
6901,6084,4858
6902,6085,4859
6903,6086,4860
6904,6087,4861
6905,6088,4862
6906,6089,4863
6907,6090,4864
6908,6091,4865
6909,6092,4866
6910,6093,4867
6911,6094,4868
6912,6095,4869
6913,6096,4870
6914,6097,4871
6915,6098,4872
6916,6099,4873
6917,6100,4874
6918,6100,4875
6919,6100,4876
6920,6100,4877
6921,6100,4878
6922,6100,4879
6923,6100,4880
6924,6100,4881
6925,6100,4882
6926,6100,4883
6927,6100,4884
6928,6100,4885
6929,6100,4886
6930,6100,4887
6931,6100,4888
6932,6100,4889
6933,6100,4890
6934,6100,4891
6935,6100,4892
6936,6100,4893
6937,6100,4894
6938,6100,4895
6939,6100,4896
6940,6100,4897
6941,6100,4898
6942,6100,4899
6943,6100,4900
6944,6100,4901
6945,6100,4902
6946,6100,4903
6947,6100,4904
6948,6100,4905
6949,6100,4906
6950,6100,4907
6951,6100,4908
6952,6100,4909
6953,6100,4910
6954,6100,4911
6955,6100,4912
6956,6100,4913
6957,6100,4914
6958,6100,4915
6959,6100,4916
6960,6100,4917
6961,6100,4918
6962,6100,4919
6963,6100,4920
6964,6100,4921
6965,6100,4922
6966,6100,4923
6967,6100,4924
6968,6100,4925
6969,6100,4926
6970,6100,4927
6971,6100,4928
6972,6100,4929
6973,6100,4930
6974,6100,4931
6975,6100,4932
6976,6100,4933
6977,6100,4934
6978,6100,4935
6979,6100,4936
6980,6100,4937
6981,6100,4938
6982,6100,4939
6983,6100,4940
6984,6100,4941
6985,6100,4942
6986,6100,4943
6987,6100,4944
6988,6100,4945
6989,6100,4946
6990,6100,4947
6991,6100,4948
6992,6100,4949
6993,6100,4950
6994,6100,4951
6995,6100,4952
6996,6100,4953
6997,6100,4954
6998,6100,4955
6999,6100,4956
7000,6100,4957
7001,6100,4958
7002,6100,4959
7003,6100,4960
7004,6100,4961
7005,6100,4962
7006,6100,4963
7007,6100,4964
7008,6100,4965
7009,6100,4966
7010,6100,4967
7011,6100,4968
7012,6100,4969
7013,6100,4970
7014,6100,4971
7015,6100,4972
7016,6100,4973
7017,6100,4974
7018,6100,4975
7019,6100,4976
7020,6100,4977
7021,6100,4978
7022,6100,4979
7023,6100,4980
7024,6100,4981
7025,6100,4982
7026,6100,4983
7027,6100,4984
7028,6100,4985
7029,6100,4986
7030,6100,4987
7031,6100,4988
7032,6100,4989
7033,6100,4990
7034,6100,4991
7035,6100,4992
7036,6100,4993
7037,6100,4994
7038,6100,4995
7039,6100,4996
7040,6100,4997
7041,6100,4998
7042,6100,4999
7043,6100,5000
7044,6100,5001
7045,6100,5002
7046,6100,5003
7047,6100,5004
7048,6100,5005
7049,6100,5006
7050,6100,5007
7051,6100,5008
7052,6100,5009
7053,6100,5010
7054,6100,5011
7055,6100,5012
7056,6100,5013
7057,6100,5014
7058,6100,5015
7059,6100,5016
7060,6100,5017
7061,6100,5018
7062,6100,5019
7063,6100,5020
7064,6100,5021
7065,6100,5022
7066,6100,5023
7067,6100,5024
7068,6100,5025
7069,6100,5026
7070,6100,5027
7071,6100,5028
7072,6100,5029
7073,6100,5030
7074,6100,5031
7075,6100,5032
7076,6100,5033
7077,6100,5034
7078,6100,5035
7079,6100,5036
7080,6100,5037
7081,6100,5038
7082,6100,5039
7083,6100,5040
7084,6100,5041
7085,6100,5042
7086,6100,5043
7087,6100,5044
7088,6100,5045
7089,6100,5046
7090,6100,5047
7091,6100,5048
7092,6100,5049
7093,6100,5050
7094,6100,5051
7095,6100,5052
7096,6100,5053
7097,6100,5054
7098,6100,5055
7099,6100,5056
7100,6100,5057
7101,6100,5058
7102,6100,5059
7103,6100,5060
7104,6100,5061
7105,6100,5062
7106,6100,5063
7107,6100,5064
7108,6100,5065
7109,6100,5066
7110,6100,5067
7111,6100,5068
7112,6100,5069
7113,6100,5070
7114,6100,5071
7115,6100,5072
7116,6100,5073
7117,6101,5074
7118,6102,5075
7119,6103,5076
7120,6104,5077
7121,6105,5078
7122,6106,5079
7123,6107,5080
7124,6108,5081
7125,6109,5082
7126,6110,5083
7127,6111,5084
7128,6112,5085
7129,6113,5086
7130,6114,5087
7131,6115,5088
7132,6116,5089
7133,6117,5090
7134,6118,5091
7135,6119,5092
7136,6120,5093
7137,6121,5094
7138,6122,5095
7139,6123,5096
7140,6124,5097
7141,6125,5098
7142,6126,5099
7143,6127,5100
7144,6128,5101
7145,6129,5102
7146,6130,5103
7147,6131,5104
7148,6132,5105
7149,6133,5106
7150,6134,5107
7151,6135,5108
7152,6136,5109
7153,6137,5110
7154,6138,5111
7155,6139,5112
7156,6140,5113
7157,6141,5114
7158,6142,5115
7159,6143,5116
7160,6144,5117
7161,6145,5118
7162,6146,5119
7163,6147,5120
7164,6148,5121
7165,6149,5122
7166,6150,5123
7167,6151,5124
7168,6152,5125
7169,6153,5126
7170,6154,5127
7171,6155,5128
7172,6156,5129
7173,6157,5130
7174,6158,5131
7175,6159,5132
7176,6160,5133
7177,6161,5134
7178,6162,5135
7179,6163,5136
7180,6164,5137
7181,6165,5138
7182,6166,5139
7183,6167,5140
7184,6168,5140
7185,6169,5140
7186,6170,5140
7187,6171,5140
7188,6172,5140
7189,6173,5140
7190,6174,5140
7191,6175,5140
7192,6176,5140
7193,6177,5140
7194,6178,5140
7195,6179,5140
7196,6180,5140
7197,6181,5140
7198,6182,5140
7199,6183,5140
7200,6184,5140
7201,6185,5140
7202,6186,5140
7203,6187,5140
7204,6188,5140
7205,6189,5140
7206,6190,5140
7207,6191,5140
7208,6192,5140
7209,6193,5140
7210,6194,5140
7211,6195,5140
7212,6196,5140
7213,6197,5140
7214,6198,5140
7215,6199,5140
7216,6200,5140
7217,6201,5140
7218,6202,5140
7219,6203,5140
7220,6204,5140
7221,6205,5140
7222,6206,5140
7223,6207,5140
7224,6208,5140
7225,6209,5140
7226,6210,5140
7227,6211,5140
7228,6212,5140
7229,6213,5140
7230,6214,5140
7231,6215,5140
7232,6216,5140
7233,6217,5140
7234,6218,5140
7235,6219,5140
7236,6220,5140
7237,6221,5140
7238,6222,5140
7239,6223,5140
7240,6224,5140
7241,6225,5140
7242,6226,5140
7243,6227,5140
7244,6228,5140
7245,6229,5140
7246,6230,5140
7247,6231,5140
7248,6232,5140
7249,6233,5140
7250,6234,5140
7251,6235,5140
7252,6236,5140
7253,6237,5140
7254,6238,5140
7255,6239,5140
7256,6240,5141
7257,6241,5141
7258,6242,5141
7259,6243,5141
7260,6244,5141
7261,6245,5141
7262,6246,5141
7263,6247,5141
7264,6248,5141
7265,6249,5141
7266,6250,5141
7267,6251,5141
7268,6252,5141
7269,6253,5141
7270,6254,5141
7271,6255,5141
7272,6256,5141
7273,6257,5141
7274,6258,5142
7275,6259,5143
7276,6260,5144
7277,6261,5144
7278,6262,5144
7279,6263,5144
7280,6264,5144
7281,6265,5144
7282,6266,5144
7283,6267,5144
7284,6268,5144
7285,6269,5144
7286,6270,5144
7287,6271,5144
7288,6272,5144
7289,6273,5144
7290,6274,5144
7291,6275,5144
7292,6276,5144
7293,6277,5144
7294,6278,5144
7295,6279,5144
7296,6280,5145
7297,6281,5145
7298,6282,5145
7299,6283,5145
7300,6284,5145
7301,6285,5145
7302,6286,5145
7303,6287,5145
7304,6288,5145
7305,6289,5145
7306,6290,5145
7307,6291,5145
7308,6292,5145
7309,6293,5145
7310,6294,5145
7311,6295,5145
7312,6296,5145
7313,6297,5145
7314,6298,5145
7315,6299,5145
7316,6300,5145
7317,6301,5145
7318,6302,5145
7319,6303,5145
7320,6304,5145
7321,6305,5145
7322,6306,5145
7323,6307,5145
7324,6308,5145
7325,6309,5145
7326,6310,5145
7327,6311,5145
7328,6312,5145
7329,6313,5145
7330,6314,5145
7331,6315,5145
7332,6316,5145
7333,6317,5145
7334,6318,5145
7335,6319,5145
7336,6320,5145
7337,6321,5145
7338,6322,5145
7339,6323,5145
7340,6324,5145
7341,6325,5145
7342,6326,5145
7343,6327,5145
7344,6328,5145
7345,6329,5145
7346,6330,5145
7347,6331,5145
7348,6332,5145
7349,6333,5145
7350,6334,5145
7351,6335,5145
7352,6336,5145
7353,6337,5145
7354,6338,5145
7355,6339,5145
7356,6340,5145
7357,6341,5145
7358,6342,5145
7359,6343,5145
7360,6344,5145
7361,6345,5145
7362,6346,5145
7363,6347,5145
7364,6348,5145
7365,6349,5145
7366,6350,5145
7367,6351,5145
7368,6352,5145
7369,6353,5145
7370,6354,5145
7371,6355,5145
7372,6356,5145
7373,6357,5145
7374,6358,5145
7375,6359,5146
7376,6360,5147
7377,6361,5148
7378,6362,5149
7379,6363,5150
7380,6364,5151
7381,6365,5152
7382,6366,5153
7383,6367,5154
7384,6368,5155
7385,6369,5156
7386,6370,5157
7387,6371,5158
7388,6372,5159
7389,6373,5160
7390,6374,5161
7391,6375,5162
7392,6376,5163
7393,6377,5164
7394,6378,5165
7395,6379,5166
7396,6380,5167
7397,6381,5168
7398,6382,5169
7399,6383,5170
7400,6384,5171
7401,6385,5172
7402,6386,5173
7403,6387,5174
7404,6388,5175
7405,6389,5176
7406,6390,5177
7407,6391,5178
7408,6392,5179
7409,6393,5180
7410,6394,5181
7411,6395,5182
7412,6396,5183
7413,6397,5184
7414,6398,5185
7415,6399,5186
7416,6400,5187
7417,6401,5188
7418,6402,5189
7419,6403,5190
7420,6404,5191
7421,6405,5192
7422,6406,5193
7423,6407,5194
7424,6408,5195
7425,6409,5196
7426,6410,5197
7427,6411,5198
7428,6412,5199
7429,6413,5200
7430,6414,5201
7431,6415,5202
7432,6416,5203
7433,6417,5204
7434,6418,5205
7435,6419,5206
7436,6420,5207
7437,6420,5208
7438,6420,5209
7439,6420,5210
7440,6420,5211
7441,6420,5212
7442,6420,5213
7443,6420,5214
7444,6420,5215
7445,6420,5216
7446,6420,5217
7447,6420,5218
7448,6420,5219
7449,6420,5220
7450,6420,5221
7451,6420,5222
7452,6420,5223
7453,6420,5224
7454,6420,5225
7455,6420,5226
7456,6420,5227
7457,6420,5228
7458,6420,5229
7459,6420,5230
7460,6420,5231
7461,6420,5232
7462,6420,5233
7463,6420,5234
7464,6420,5235
7465,6420,5236
7466,6420,5237
7467,6420,5238
7468,6420,5239
7469,6420,5240
7470,6420,5241
7471,6420,5242
7472,6420,5243
7473,6420,5244
7474,6420,5245
7475,6420,5246
7476,6420,5247
7477,6420,5248
7478,6420,5249
7479,6420,5250
7480,6420,5251
7481,6420,5252
7482,6420,5253
7483,6420,5254
7484,6420,5255
7485,6420,5256
7486,6420,5257
7487,6420,5258
7488,6420,5259
7489,6420,5260
7490,6420,5261
7491,6420,5262
7492,6420,5263
7493,6420,5264
7494,6420,5265
7495,6420,5266
7496,6420,5267
7497,6420,5268
7498,6420,5269
7499,6420,5270
7500,6420,5271
7501,6420,5272
7502,6420,5273
7503,6420,5274
7504,6420,5275
7505,6420,5276
7506,6420,5277
7507,6420,5278
7508,6420,5279
7509,6420,5280
7510,6420,5281
7511,6420,5282
7512,6420,5283
7513,6420,5284
7514,6420,5285
7515,6420,5286
7516,6420,5287
7517,6420,5288
7518,6420,5289
7519,6420,5290
7520,6420,5291
7521,6420,5292
7522,6420,5293
7523,6421,5294
7524,6422,5295
7525,6423,5296
7526,6424,5297
7527,6425,5298
7528,6426,5299
7529,6427,5300
7530,6428,5301
7531,6429,5302
7532,6430,5303
7533,6431,5304
7534,6432,5305
7535,6433,5306
7536,6434,5307
7537,6435,5308
7538,6436,5309
7539,6437,5310
7540,6438,5311
7541,6439,5312
7542,6440,5313
7543,6441,5314
7544,6442,5315
7545,6443,5316
7546,6444,5317
7547,6445,5318
7548,6446,5319
7549,6447,5319
7550,6448,5319
7551,6449,5319
7552,6450,5319
7553,6451,5319
7554,6452,5319
7555,6453,5319
7556,6454,5319
7557,6455,5319
7558,6456,5319
7559,6457,5319
7560,6458,5319
7561,6459,5319
7562,6460,5319
7563,6461,5319
7564,6462,5319
7565,6463,5319
7566,6464,5319
7567,6465,5319
7568,6466,5319
7569,6467,5319
7570,6468,5319
7571,6469,5319
7572,6470,5319
7573,6471,5319
7574,6472,5319
7575,6473,5319
7576,6474,5319
7577,6475,5319
7578,6476,5319
7579,6477,5319
7580,6478,5319
7581,6479,5319
7582,6480,5319
7583,6481,5319
7584,6482,5319
7585,6483,5319
7586,6484,5319
7587,6485,5319
7588,6486,5319
7589,6487,5319
7590,6488,5319
7591,6489,5319
7592,6490,5319
7593,6491,5319
7594,6492,5319
7595,6493,5319
7596,6494,5319
7597,6495,5319
7598,6496,5319
7599,6497,5319
7600,6498,5319
7601,6499,5319
7602,6500,5319
7603,6501,5319
7604,6502,5319
7605,6503,5319
7606,6504,5319
7607,6505,5319
7608,6506,5319
7609,6507,5319
7610,6508,5319
7611,6509,5319
7612,6510,5319
7613,6511,5319
7614,6512,5319
7615,6513,5319
7616,6514,5319
7617,6515,5319
7618,6516,5319
7619,6517,5319
7620,6518,5319
7621,6519,5319
7622,6520,5319
7623,6521,5319
7624,6522,5319
7625,6523,5319
7626,6524,5319
7627,6525,5319
7628,6526,5319
7629,6527,5319
7630,6528,5319
7631,6529,5319
7632,6530,5319
7633,6531,5319
7634,6532,5319
7635,6533,5319
7636,6534,5319
7637,6535,5319
7638,6536,5319
7639,6537,5319
7640,6538,5319
7641,6539,5319
7642,6540,5319
7643,6541,5319
7644,6542,5319
7645,6543,5319
7646,6544,5319
7647,6545,5319
7648,6546,5319
7649,6547,5319
7650,6548,5319
7651,6549,5319
7652,6550,5319
7653,6551,5319
7654,6552,5319
7655,6553,5319
7656,6554,5319
7657,6555,5319
7658,6556,5319
7659,6557,5319
7660,6558,5319
7661,6559,5319
7662,6560,5319
7663,6561,5319
7664,6562,5319
7665,6563,5319
7666,6564,5319
7667,6565,5319
7668,6566,5319
7669,6567,5319
7670,6568,5319
7671,6569,5319
7672,6570,5320
7673,6571,5321
7674,6572,5322
7675,6573,5323
7676,6574,5324
7677,6575,5325
7678,6576,5326
7679,6577,5327
7680,6578,5328
7681,6579,5329
7682,6580,5330
7683,6580,5331
7684,6580,5332
7685,6580,5333
7686,6580,5334
7687,6580,5335
7688,6580,5336
7689,6580,5337
7690,6580,5338
7691,6580,5339
7692,6580,5340
7693,6580,5341
7694,6580,5342
7695,6580,5343
7696,6580,5344
7697,6580,5345
7698,6580,5346
7699,6580,5347
7700,6580,5348
7701,6580,5349
7702,6580,5350
7703,6580,5351
7704,6580,5352
7705,6580,5353
7706,6580,5354
7707,6580,5355
7708,6580,5356
7709,6580,5357
7710,6580,5358
7711,6580,5359
7712,6580,5360
7713,6580,5361
7714,6580,5362
7715,6580,5363
7716,6580,5364
7717,6580,5365
7718,6580,5366
7719,6580,5367
7720,6580,5368
7721,6580,5369
7722,6580,5370
7723,6580,5371
7724,6580,5372
7725,6580,5373
7726,6580,5374
7727,6580,5375
7728,6580,5376
7729,6580,5377
7730,6580,5378
7731,6580,5379
7732,6580,5380
7733,6580,5381
7734,6580,5382
7735,6580,5383
7736,6580,5384
7737,6580,5385
7738,6580,5386
7739,6580,5387
7740,6580,5388
7741,6580,5389
7742,6581,5390
7743,6582,5391
7744,6583,5392
7745,6584,5393
7746,6585,5394
7747,6586,5395
7748,6587,5396
7749,6588,5397
7750,6589,5398
7751,6590,5399
7752,6591,5400
7753,6592,5401
7754,6593,5402
7755,6594,5403
7756,6595,5404
7757,6596,5405
7758,6597,5406
7759,6598,5407
7760,6599,5408
7761,6600,5409
7762,6601,5410
7763,6602,5411
7764,6603,5412
7765,6604,5413
7766,6605,5414
7767,6606,5415
7768,6607,5416
7769,6608,5417
7770,6609,5418
7771,6610,5419
7772,6611,5420
7773,6612,5421
7774,6613,5422
7775,6614,5423
7776,6615,5424
7777,6616,5425
7778,6617,5425
7779,6618,5426
7780,6619,5427
7781,6620,5428
7782,6621,5429
7783,6622,5430
7784,6623,5431
7785,6624,5432
7786,6625,5433
7787,6626,5434
7788,6627,5435
7789,6628,5436
7790,6629,5437
7791,6630,5438
7792,6631,5439
7793,6632,5440
7794,6633,5441
7795,6634,5442
7796,6635,5443
7797,6636,5444
7798,6637,5445
7799,6638,5446
7800,6639,5447
7801,6640,5448
7802,6641,5449
7803,6642,5450
7804,6643,5451
7805,6644,5452
7806,6645,5453
7807,6646,5454
7808,6647,5455
7809,6648,5456
7810,6649,5457
7811,6650,5458
7812,6651,5459
7813,6652,5460
7814,6653,5461
7815,6654,5462
7816,6655,5463
7817,6656,5464
7818,6657,5465
7819,6658,5466
7820,6659,5467
7821,6660,5468
7822,6661,5469
7823,6662,5470
7824,6663,5471
7825,6664,5472
7826,6665,5473
7827,6666,5474
7828,6667,5475
7829,6668,5476
7830,6669,5477
7831,6670,5478
7832,6671,5479
7833,6672,5480
7834,6673,5481
7835,6674,5482
7836,6675,5483
7837,6676,5484
7838,6677,5485
7839,6678,5486
7840,6679,5487
7841,6680,5488
7842,6681,5489
7843,6682,5490
7844,6683,5491
7845,6684,5492
7846,6685,5493
7847,6686,5494
7848,6687,5495
7849,6688,5496
7850,6689,5497
7851,6690,5498
7852,6691,5499
7853,6692,5500
7854,6693,5501
7855,6694,5502
7856,6695,5503
7857,6696,5504
7858,6697,5505
7859,6698,5506
7860,6699,5507
7861,6700,5508
7862,6700,5509
7863,6700,5510
7864,6700,5511
7865,6700,5512
7866,6700,5513
7867,6701,5514
7868,6702,5515
7869,6703,5516
7870,6704,5517
7871,6705,5518
7872,6706,5519
7873,6707,5520
7874,6708,5521
7875,6709,5522
7876,6710,5523
7877,6711,5524
7878,6712,5525
7879,6713,5526
7880,6714,5527
7881,6715,5528
7882,6716,5529
7883,6717,5530
7884,6718,5531
7885,6719,5532
7886,6720,5533
7887,6721,5534
7888,6722,5535
7889,6723,5536
7890,6724,5536
7891,6725,5536
7892,6726,5536
7893,6727,5536
7894,6728,5537
7895,6729,5538
7896,6730,5539
7897,6731,5540
7898,6732,5541
7899,6733,5542
7900,6734,5543
7901,6735,5544
7902,6736,5545
7903,6737,5546
7904,6738,5547
7905,6739,5548
7906,6740,5549
7907,6740,5550
7908,6740,5551
7909,6740,5552
7910,6740,5553
7911,6740,5554
7912,6740,5555
7913,6740,5556
7914,6741,5557
7915,6742,5558
7916,6743,5559
7917,6744,5560
7918,6745,5561
7919,6746,5562
7920,6747,5563
7921,6748,5564
7922,6749,5565
7923,6750,5566
7924,6751,5567
7925,6752,5568
7926,6753,5569
7927,6754,5570
7928,6755,5571
7929,6756,5572
7930,6757,5573
7931,6758,5574
7932,6759,5575
7933,6760,5576
7934,6760,5577
7935,6761,5578
7936,6762,5579
7937,6763,5580
7938,6764,5581
7939,6765,5582
7940,6766,5583
7941,6767,5584
7942,6768,5585
7943,6769,5586
7944,6770,5587
7945,6771,5588
7946,6772,5589
7947,6773,5590
7948,6774,5591
7949,6775,5592
7950,6776,5593
7951,6777,5594
7952,6778,5595
7953,6779,5596
7954,6780,5597
7955,6781,5598
7956,6782,5599
7957,6783,5600
7958,6784,5601
7959,6785,5602
7960,6786,5603
7961,6787,5604
7962,6788,5605
7963,6789,5606
7964,6790,5607
7965,6791,5608
7966,6792,5609
7967,6793,5610
7968,6794,5611
7969,6795,5612
7970,6796,5613
7971,6797,5614
7972,6798,5615
7973,6799,5616
7974,6800,5617
7975,6801,5618
7976,6802,5619
7977,6803,5620
7978,6804,5621
7979,6805,5622
7980,6806,5623
7981,6807,5624
7982,6808,5625
7983,6809,5626
7984,6810,5627
7985,6811,5628
7986,6812,5629
7987,6813,5630
7988,6814,5631
7989,6815,5632
7990,6816,5633
7991,6817,5634
7992,6818,5635
7993,6819,5636
7994,6820,5637
7995,6821,5638
7996,6822,5639
7997,6823,5640
7998,6824,5641
7999,6825,5642
8000,6826,5643
8001,6827,5644
8002,6828,5645
8003,6829,5646
8004,6830,5647
8005,6831,5648
8006,6832,5649
8007,6833,5650
8008,6834,5651
8009,6835,5652
8010,6836,5653
8011,6837,5654
8012,6838,5655
8013,6839,5656
8014,6840,5657
8015,6841,5658
8016,6842,5659
8017,6843,5660
8018,6844,5661
8019,6845,5662
8020,6846,5663
8021,6847,5664
8022,6848,5665
8023,6849,5666
8024,6850,5667
8025,6851,5668
8026,6852,5669
8027,6853,5670
8028,6854,5671
8029,6855,5672
8030,6856,5673
8031,6857,5674
8032,6858,5675
8033,6859,5676
8034,6860,5677
8035,6860,5678
8036,6860,5679
8037,6861,5680
8038,6862,5681
8039,6863,5682
8040,6864,5683
8041,6865,5684
8042,6866,5685
8043,6867,5686
8044,6868,5687
8045,6869,5688
8046,6870,5689
8047,6871,5690
8048,6872,5691
8049,6873,5692
8050,6874,5693
8051,6875,5694
8052,6876,5695
8053,6877,5696
8054,6878,5697
8055,6879,5698
8056,6880,5699
8057,6880,5700
8058,6881,5701
8059,6882,5702
8060,6883,5703
8061,6884,5704
8062,6885,5705
8063,6886,5706
8064,6887,5707
8065,6888,5708
8066,6889,5709
8067,6890,5710
8068,6891,5711
8069,6892,5712
8070,6893,5713
8071,6894,5714
8072,6895,5715
8073,6896,5716
8074,6897,5717
8075,6898,5718
8076,6899,5719
8077,6900,5720
8078,6901,5721
8079,6902,5722
8080,6903,5723
8081,6904,5724
8082,6905,5725
8083,6906,5726
8084,6907,5727
8085,6907,5728
8086,6907,5729
8087,6908,5730
8088,6909,5731
8089,6910,5732
8090,6911,5733
8091,6912,5734
8092,6913,5735
8093,6914,5736
8094,6915,5737
8095,6916,5738
8096,6917,5739
8097,6918,5740
8098,6919,5741
8099,6920,5742
8100,6920,5743
8101,6920,5744
8102,6920,5745
8103,6920,5746
8104,6920,5747
8105,6920,5748
8106,6920,5749
8107,6920,5750
8108,6920,5751
8109,6920,5752
8110,6920,5753
8111,6921,5754
8112,6922,5755
8113,6923,5756
8114,6924,5757
8115,6925,5758
8116,6926,5759
8117,6927,5760
8118,6928,5760
8119,6929,5760
8120,6930,5760
8121,6931,5760
8122,6932,5760
8123,6933,5760
8124,6934,5761
8125,6935,5762
8126,6936,5763
8127,6937,5763
8128,6938,5763
8129,6939,5763
8130,6940,5763
8131,6941,5763
8132,6942,5763
8133,6943,5763
8134,6944,5763
8135,6945,5763
8136,6946,5764
8137,6947,5765
8138,6947,5766
8139,6948,5767
8140,6949,5768
8141,6950,5769
8142,6951,5770
8143,6952,5771
8144,6953,5772
8145,6954,5773
8146,6955,5774
8147,6956,5775
8148,6957,5776
8149,6958,5777
8150,6959,5778
8151,6960,5779
8152,6960,5780
8153,6960,5781
8154,6960,5782
8155,6960,5783
8156,6960,5784
8157,6960,5785
8158,6960,5786
8159,6960,5787
8160,6960,5788
8161,6960,5789
8162,6960,5790
8163,6960,5791
8164,6960,5792
8165,6960,5793
8166,6960,5794
8167,6960,5795
8168,6960,5796
8169,6960,5797
8170,6960,5798
8171,6960,5799
8172,6960,5800
8173,6960,5801
8174,6960,5802
8175,6960,5803
8176,6960,5804
8177,6961,5805
8178,6962,5806
8179,6963,5807
8180,6964,5808
8181,6965,5809
8182,6966,5810
8183,6967,5811
8184,6968,5812
8185,6969,5813
8186,6970,5814
8187,6971,5815
8188,6972,5816
8189,6973,5817
8190,6974,5818
8191,6975,5819
8192,6976,5820
8193,6977,5821
8194,6978,5822
8195,6979,5823
8196,6980,5824
8197,6981,5825
8198,6982,5826
8199,6983,5827
8200,6984,5828
8201,6985,5829
8202,6986,5830
8203,6987,5831
8204,6988,5832
8205,6989,5833
8206,6990,5834
8207,6991,5835
8208,6992,5836
8209,6993,5837
8210,6994,5837
8211,6995,5837
8212,6996,5837
8213,6997,5837
8214,6998,5838
8215,6999,5839
8216,7000,5840
8217,7001,5841
8218,7002,5841
8219,7003,5841
8220,7004,5841
8221,7005,5842
8222,7006,5843
8223,7007,5844
8224,7008,5845
8225,7009,5846
8226,7010,5847
8227,7011,5848
8228,7012,5848
8229,7013,5849
8230,7014,5850
8231,7015,5851
8232,7016,5852
8233,7017,5853
8234,7018,5854
8235,7019,5855
8236,7020,5856
8237,7021,5857
8238,7022,5858
8239,7023,5859
8240,7024,5860
8241,7025,5861
8242,7026,5862
8243,7027,5863
8244,7028,5864
8245,7029,5865
8246,7030,5866
8247,7031,5867
8248,7032,5868
8249,7033,5869
8250,7034,5870
8251,7035,5871
8252,7036,5872
8253,7037,5873
8254,7038,5874
8255,7039,5875
8256,7040,5876
8257,7041,5877
8258,7042,5878
8259,7043,5879
8260,7044,5880
8261,7045,5881
8262,7046,5882
8263,7047,5883
8264,7048,5884
8265,7049,5885
8266,7050,5886
8267,7051,5887
8268,7052,5888
8269,7053,5889
8270,7054,5890
8271,7055,5891
8272,7056,5892
8273,7057,5893
8274,7058,5894
8275,7059,5895
8276,7060,5896
8277,7061,5897
8278,7062,5898
8279,7063,5899
8280,7064,5900
8281,7065,5901
8282,7066,5902
8283,7067,5903
8284,7068,5904
8285,7069,5905
8286,7070,5906
8287,7071,5907
8288,7072,5908
8289,7073,5909
8290,7074,5910
8291,7075,5911
8292,7076,5912
8293,7077,5912
8294,7078,5912
8295,7079,5913
8296,7080,5914
8297,7080,5915
8298,7080,5916
8299,7081,5917
8300,7082,5918
8301,7083,5919
8302,7084,5920
8303,7085,5921
8304,7086,5922
8305,7087,5923
8306,7088,5924
8307,7089,5925
8308,7090,5926
8309,7091,5927
8310,7092,5928
8311,7093,5929
8312,7094,5930
8313,7095,5931
8314,7096,5932
8315,7097,5933
8316,7098,5934
8317,7099,5935
8318,7100,5936
8319,7101,5937
8320,7102,5938
8321,7103,5939
8322,7104,5940
8323,7105,5941
8324,7106,5942
8325,7107,5943
8326,7108,5944
8327,7109,5945
8328,7110,5946
8329,7111,5947
8330,7112,5948
8331,7113,5949
8332,7114,5950
8333,7115,5951
8334,7116,5952
8335,7117,5953
8336,7118,5954
8337,7119,5955
8338,7120,5956
8339,7121,5957
8340,7122,5958
8341,7123,5959
8342,7124,5960
8343,7125,5961
8344,7126,5962
8345,7127,5963
8346,7128,5964
8347,7129,5965
8348,7130,5966
8349,7131,5967
8350,7132,5968
8351,7133,5969
8352,7134,5970
8353,7135,5971
8354,7136,5972
8355,7137,5973
8356,7138,5974
8357,7139,5975
8358,7140,5976
8359,7141,5977
8360,7142,5978
8361,7143,5979
8362,7144,5980
8363,7145,5981
8364,7146,5982
8365,7147,5983
8366,7148,5984
8367,7149,5985
8368,7150,5986
8369,7151,5987
8370,7152,5988
8371,7153,5989
8372,7154,5990
8373,7155,5991
8374,7156,5992
8375,7157,5993
8376,7158,5994
8377,7159,5995
8378,7160,5996
8379,7161,5997
8380,7162,5998
8381,7163,5999
8382,7164,6000
8383,7165,6001
8384,7166,6002
8385,7167,6003
8386,7168,6004
8387,7169,6004
8388,7170,6005
8389,7171,6006
8390,7172,6007
8391,7173,6008
8392,7174,6009
8393,7175,6010
8394,7176,6011
8395,7177,6012
8396,7178,6013
8397,7179,6014
8398,7180,6015
8399,7181,6016
8400,7182,6017
8401,7183,6018
8402,7184,6019
8403,7185,6020
8404,7186,6021
8405,7187,6022
8406,7188,6023
8407,7189,6024
8408,7190,6025
8409,7191,6026
8410,7192,6027
8411,7193,6028
8412,7194,6029
8413,7195,6030
8414,7196,6031
8415,7197,6032
8416,7198,6033
8417,7199,6034
8418,7200,6035
8419,7201,6036
8420,7202,6037
8421,7203,6038
8422,7204,6039
8423,7205,6040
8424,7206,6041
8425,7207,6042
8426,7208,6043
8427,7209,6044
8428,7210,6045
8429,7211,6046
8430,7212,6047
8431,7213,6048
8432,7214,6049
8433,7215,6050
8434,7216,6051
8435,7217,6052
8436,7218,6053
8437,7219,6054
8438,7220,6055
8439,7221,6056
8440,7222,6057
8441,7223,6058
8442,7224,6059
8443,7225,6060
8444,7226,6061
8445,7227,6062
8446,7228,6063
8447,7229,6064
8448,7230,6065
8449,7231,6066
8450,7232,6067
8451,7233,6068
8452,7234,6069
8453,7235,6070
8454,7236,6071
8455,7237,6072
8456,7238,6073
8457,7239,6074
8458,7240,6075
8459,7240,6076
8460,7240,6077
8461,7240,6078
8462,7241,6079
8463,7242,6080
8464,7243,6081
8465,7244,6082
8466,7245,6083
8467,7246,6084
8468,7247,6085
8469,7248,6086
8470,7249,6087
8471,7250,6088
8472,7251,6089
8473,7252,6090
8474,7253,6091
8475,7254,6092
8476,7255,6093
8477,7256,6094
8478,7257,6095
8479,7258,6096
8480,7259,6097
8481,7260,6098
8482,7261,6099
8483,7262,6100
8484,7263,6101
8485,7264,6102
8486,7265,6103
8487,7266,6104
8488,7267,6105
8489,7268,6105
8490,7269,6105
8491,7270,6106
8492,7271,6107
8493,7272,6108
8494,7273,6109
8495,7274,6110
8496,7275,6111
8497,7276,6112
8498,7277,6113
8499,7278,6114
8500,7279,6115
8501,7280,6116
8502,7280,6117
8503,7280,6118
8504,7281,6119
8505,7282,6120
8506,7283,6121
8507,7284,6122
8508,7285,6123
8509,7286,6124
8510,7287,6125
8511,7288,6126
8512,7289,6127
8513,7290,6128
8514,7291,6129
8515,7292,6130
8516,7293,6131
8517,7294,6132
8518,7295,6133
8519,7296,6133
8520,7297,6133
8521,7298,6133
8522,7299,6134
8523,7300,6135
8524,7300,6136
8525,7300,6137
8526,7301,6138
8527,7302,6139
8528,7303,6140
8529,7304,6141
8530,7305,6142
8531,7306,6143
8532,7307,6144
8533,7308,6145
8534,7309,6146
8535,7310,6147
8536,7311,6148
8537,7312,6149
8538,7313,6150
8539,7314,6151
8540,7315,6152
8541,7316,6153
8542,7317,6154
8543,7318,6155
8544,7319,6156
8545,7320,6157
8546,7320,6158
8547,7320,6159
8548,7320,6160
8549,7320,6161
8550,7320,6162
8551,7321,6163
8552,7322,6164
8553,7323,6165
8554,7324,6166
8555,7325,6167
8556,7326,6168
8557,7327,6169
8558,7328,6170
8559,7329,6171
8560,7330,6172
8561,7330,6173
8562,7330,6174
8563,7330,6175
8564,7331,6176
8565,7332,6177
8566,7333,6178
8567,7334,6179
8568,7335,6180
8569,7336,6181
8570,7337,6182
8571,7338,6183
8572,7339,6184
8573,7340,6185
8574,7340,6186
8575,7340,6187
8576,7341,6188
8577,7342,6189
8578,7343,6190
8579,7344,6191
8580,7345,6192
8581,7346,6193
8582,7347,6194
8583,7348,6195
8584,7349,6196
8585,7350,6197
8586,7350,6198
8587,7350,6199
8588,7350,6200
8589,7350,6201
8590,7351,6202
8591,7352,6203
8592,7353,6204
8593,7354,6205
8594,7355,6206
8595,7356,6207
8596,7357,6208
8597,7358,6209
8598,7359,6210
8599,7360,6211
8600,7360,6212
8601,7360,6213
8602,7360,6214
8603,7360,6215
8604,7360,6216
8605,7360,6217
8606,7360,6218
8607,7360,6219
8608,7360,6220
8609,7360,6221
8610,7360,6222
8611,7360,6223
8612,7360,6224
8613,7361,6225
8614,7362,6226
8615,7363,6227
8616,7364,6228
8617,7365,6229
8618,7366,6230
8619,7367,6231
8620,7368,6232
8621,7369,6233
8622,7370,6234
8623,7370,6235
8624,7370,6236
8625,7370,6237
8626,7370,6238
8627,7370,6239
8628,7370,6240
8629,7370,6241
8630,7370,6242
8631,7370,6243
8632,7370,6244
8633,7370,6245
8634,7370,6246
8635,7370,6247
8636,7370,6248
8637,7370,6249
8638,7370,6250
8639,7370,6251
8640,7370,6252
8641,7370,6253
8642,7370,6254
8643,7370,6255
8644,7370,6256
8645,7370,6257
8646,7370,6258
8647,7370,6259
8648,7370,6260
8649,7370,6261
8650,7370,6262
8651,7370,6263
8652,7370,6264
8653,7370,6265
8654,7370,6266
8655,7370,6267
8656,7371,6268
8657,7372,6269
8658,7373,6270
8659,7374,6271
8660,7375,6272
8661,7376,6273
8662,7377,6274
8663,7378,6275
8664,7379,6276
8665,7380,6277
8666,7381,6278
8667,7382,6278
8668,7383,6278
8669,7384,6278
8670,7385,6278
8671,7386,6278
8672,7387,6278
8673,7388,6279
8674,7389,6280
8675,7390,6281
8676,7391,6282
8677,7392,6283
8678,7393,6284
8679,7394,6285
8680,7395,6286
8681,7396,6287
8682,7397,6288
8683,7398,6289
8684,7399,6290
8685,7400,6291
8686,7401,6292
8687,7402,6293
8688,7403,6294
8689,7404,6295
8690,7405,6296
8691,7406,6297
8692,7407,6298
8693,7408,6299
8694,7409,6300
8695,7410,6301
8696,7411,6302
8697,7412,6303
8698,7413,6304
8699,7414,6305
8700,7415,6306
8701,7416,6307
8702,7417,6308
8703,7418,6309
8704,7419,6310
8705,7420,6311
8706,7421,6312
8707,7422,6313
8708,7423,6314
8709,7424,6315
8710,7425,6316
8711,7426,6317
8712,7427,6318
8713,7428,6319
8714,7429,6320
8715,7430,6321
8716,7431,6322
8717,7432,6323
8718,7433,6324
8719,7434,6325
8720,7435,6326
8721,7436,6327
8722,7437,6328
8723,7438,6329
8724,7439,6330
8725,7440,6331
8726,7441,6332
8727,7442,6332
8728,7443,6332
8729,7444,6332
8730,7445,6332
8731,7446,6332
8732,7447,6332
8733,7448,6332
8734,7449,6332
8735,7450,6332
8736,7451,6332
8737,7452,6332
8738,7453,6332
8739,7454,6332
8740,7455,6332
8741,7456,6332
8742,7457,6332
8743,7458,6332
8744,7459,6333
8745,7460,6334
8746,7461,6335
8747,7462,6336
8748,7463,6337
8749,7464,6338
8750,7465,6339
8751,7466,6340
8752,7467,6341
8753,7468,6342
8754,7469,6343
8755,7470,6344
8756,7471,6345
8757,7472,6346
8758,7473,6347
8759,7474,6348
8760,7475,6349
8761,7476,6350
8762,7477,6351
8763,7478,6352
8764,7479,6353
8765,7480,6354
8766,7481,6355
8767,7482,6356
8768,7483,6357
8769,7484,6358
8770,7485,6359
8771,7486,6360
8772,7487,6361
8773,7488,6362
8774,7489,6363
8775,7490,6364
8776,7491,6365
8777,7492,6366
8778,7493,6367
8779,7494,6368
8780,7495,6369
8781,7496,6370
8782,7497,6371
8783,7498,6372
8784,7499,6373
8785,7500,6374
8786,7501,6375
8787,7502,6376
8788,7503,6377
8789,7504,6378
8790,7505,6379
8791,7506,6380
8792,7507,6381
8793,7508,6381
8794,7509,6382
8795,7510,6383
8796,7511,6384
8797,7512,6385
8798,7513,6386
8799,7514,6387
8800,7515,6388
8801,7516,6389
8802,7517,6390
8803,7518,6391
8804,7519,6392
8805,7520,6393
8806,7521,6393
8807,7522,6393
8808,7523,6393
8809,7524,6393
8810,7525,6393
8811,7526,6393
8812,7527,6393
8813,7528,6393
8814,7529,6393
8815,7530,6394
8816,7531,6395
8817,7532,6396
8818,7533,6397
8819,7534,6398
8820,7535,6399
8821,7536,6400
8822,7537,6401
8823,7538,6402
8824,7539,6403
8825,7540,6404
8826,7540,6405
8827,7540,6406
8828,7540,6407
8829,7540,6408
8830,7540,6409
8831,7540,6410
8832,7540,6411
8833,7540,6412
8834,7540,6413
8835,7540,6414
8836,7540,6415
8837,7540,6416
8838,7540,6417
8839,7540,6418
8840,7540,6419
8841,7541,6420
8842,7542,6421
8843,7543,6422
8844,7544,6423
8845,7545,6424
8846,7546,6425
8847,7547,6426
8848,7548,6427
8849,7549,6428
8850,7550,6429
8851,7551,6430
8852,7552,6431
8853,7553,6432
8854,7554,6433
8855,7555,6434
8856,7556,6435
8857,7557,6436
8858,7558,6437
8859,7559,6438
8860,7560,6439
8861,7561,6440
8862,7562,6441
8863,7563,6442
8864,7564,6443
8865,7565,6444
8866,7566,6445
8867,7567,6446
8868,7568,6447
8869,7569,6448
8870,7570,6449
8871,7571,6450
8872,7572,6451
8873,7573,6452
8874,7574,6453
8875,7575,6454
8876,7576,6455
8877,7577,6456
8878,7578,6457
8879,7579,6458
8880,7580,6459
8881,7581,6460
8882,7582,6461
8883,7583,6461
8884,7584,6461
8885,7585,6461
8886,7586,6461
8887,7587,6461
8888,7588,6461
8889,7589,6461
8890,7590,6461
8891,7591,6461
8892,7592,6461
8893,7593,6461
8894,7594,6461
8895,7595,6461
8896,7596,6462
8897,7597,6463
8898,7598,6464
8899,7599,6465
8900,7600,6466
8901,7600,6467
8902,7600,6468
8903,7600,6469
8904,7600,6470
8905,7600,6471
8906,7600,6472
8907,7600,6473
8908,7600,6474
8909,7600,6475
8910,7600,6476
8911,7600,6477
8912,7600,6478
8913,7600,6479
8914,7601,6480
8915,7602,6481
8916,7603,6482
8917,7604,6483
8918,7605,6484
8919,7606,6485
8920,7607,6486
8921,7608,6487
8922,7609,6488
8923,7610,6489
8924,7611,6490
8925,7612,6491
8926,7613,6492
8927,7614,6493
8928,7615,6494
8929,7616,6495
8930,7617,6496
8931,7618,6497
8932,7619,6498
8933,7620,6499
8934,7620,6500
8935,7620,6501
8936,7620,6502
8937,7620,6503
8938,7620,6504
8939,7621,6505
8940,7622,6506
8941,7623,6507
8942,7624,6508
8943,7625,6509
8944,7626,6510
8945,7627,6511
8946,7628,6512
8947,7629,6513
8948,7630,6514
8949,7631,6515
8950,7632,6516
8951,7633,6517
8952,7634,6518
8953,7635,6519
8954,7636,6520
8955,7637,6521
8956,7638,6522
8957,7639,6523
8958,7640,6524
8959,7640,6525
8960,7640,6526
8961,7640,6527
8962,7640,6528
8963,7640,6529
8964,7640,6530
8965,7640,6531
8966,7640,6532
8967,7640,6533
8968,7640,6534
8969,7640,6535
8970,7640,6536
8971,7640,6537
8972,7640,6538
8973,7641,6539
8974,7642,6540
8975,7643,6541
8976,7644,6542
8977,7645,6543
8978,7646,6544
8979,7647,6545
8980,7648,6546
8981,7649,6547
8982,7650,6548
8983,7651,6549
8984,7652,6550
8985,7653,6551
8986,7654,6552
8987,7655,6553
8988,7656,6554
8989,7657,6555
8990,7658,6556
8991,7659,6557
8992,7660,6558
8993,7661,6559
8994,7662,6560
8995,7663,6561
8996,7664,6562
8997,7665,6563
8998,7666,6564
8999,7667,6565
9000,7668,6566
9001,7669,6567
9002,7670,6568
9003,7671,6569
9004,7672,6570
9005,7673,6571
9006,7674,6572
9007,7675,6573
9008,7676,6574
9009,7677,6575
9010,7678,6576
9011,7679,6577
9012,7680,6578
9013,7681,6579
9014,7682,6580
9015,7683,6581
9016,7684,6582
9017,7685,6583
9018,7686,6584
9019,7687,6585
9020,7688,6586
9021,7689,6587
9022,7690,6588
9023,7691,6589
9024,7692,6590
9025,7693,6591
9026,7694,6592
9027,7695,6593
9028,7696,6594
9029,7697,6595
9030,7698,6596
9031,7699,6597
9032,7700,6598
9033,7701,6599
9034,7702,6600
9035,7703,6601
9036,7704,6602
9037,7705,6603
9038,7706,6604
9039,7707,6605
9040,7708,6606
9041,7709,6607
9042,7710,6608
9043,7711,6609
9044,7712,6610
9045,7713,6611
9046,7714,6612
9047,7715,6613
9048,7716,6614
9049,7717,6615
9050,7718,6616
9051,7719,6617
9052,7720,6618
9053,7721,6619
9054,7722,6620
9055,7723,6621
9056,7724,6622
9057,7725,6623
9058,7726,6624
9059,7727,6625
9060,7728,6626
9061,7729,6627
9062,7730,6628
9063,7731,6629
9064,7732,6630
9065,7733,6631
9066,7734,6632
9067,7735,6633
9068,7736,6634
9069,7737,6635
9070,7738,6636
9071,7739,6637
9072,7740,6638
9073,7741,6639
9074,7742,6640
9075,7743,6641
9076,7744,6642
9077,7745,6643
9078,7746,6644
9079,7747,6645
9080,7748,6646
9081,7749,6647
9082,7750,6648
9083,7751,6649
9084,7752,6650
9085,7753,6651
9086,7754,6652
9087,7755,6653
9088,7756,6654
9089,7757,6655
9090,7758,6656
9091,7759,6657
9092,7760,6658
9093,7760,6659
9094,7760,6660
9095,7760,6661
9096,7760,6662
9097,7760,6663
9098,7760,6664
9099,7760,6665
9100,7760,6666
9101,7760,6667
9102,7760,6668
9103,7760,6669
9104,7760,6670
9105,7760,6671
9106,7760,6672
9107,7760,6673
9108,7760,6674
9109,7760,6675
9110,7760,6676
9111,7760,6677
9112,7760,6678
9113,7760,6679
9114,7761,6680
9115,7762,6681
9116,7763,6682
9117,7764,6683
9118,7765,6684
9119,7766,6685
9120,7767,6686
9121,7768,6687
9122,7769,6688
9123,7770,6689
9124,7771,6690
9125,7772,6691
9126,7773,6692
9127,7774,6693
9128,7775,6694
9129,7776,6695
9130,7777,6696
9131,7778,6697
9132,7779,6698
9133,7780,6699
9134,7781,6700
9135,7782,6701
9136,7783,6702
9137,7784,6703
9138,7785,6704
9139,7786,6705
9140,7787,6706
9141,7788,6707
9142,7789,6708
9143,7790,6709
9144,7791,6710
9145,7792,6711
9146,7793,6712
9147,7794,6713
9148,7795,6714
9149,7796,6715
9150,7797,6716
9151,7798,6717
9152,7799,6718
9153,7800,6719
9154,7801,6720
9155,7802,6721
9156,7803,6722
9157,7804,6723
9158,7805,6724
9159,7806,6725
9160,7807,6726
9161,7808,6727
9162,7809,6728
9163,7810,6729
9164,7811,6730
9165,7812,6731
9166,7813,6732
9167,7814,6733
9168,7815,6734
9169,7816,6735
9170,7817,6736
9171,7818,6737
9172,7819,6738
9173,7820,6739
9174,7821,6740
9175,7822,6741
9176,7823,6742
9177,7824,6743
9178,7825,6744
9179,7826,6745
9180,7827,6746
9181,7828,6747
9182,7829,6748
9183,7830,6749
9184,7831,6750
9185,7832,6751
9186,7833,6752
9187,7834,6753
9188,7835,6754
9189,7836,6755
9190,7837,6756
9191,7838,6757
9192,7839,6758
9193,7840,6759
9194,7841,6760
9195,7842,6761
9196,7843,6762
9197,7844,6763
9198,7845,6764
9199,7846,6765
9200,7847,6766
9201,7848,6767
9202,7849,6768
9203,7850,6769
9204,7851,6770
9205,7852,6771
9206,7853,6772
9207,7854,6773
9208,7855,6774
9209,7856,6775
9210,7857,6776
9211,7858,6777
9212,7859,6778
9213,7860,6779
9214,7861,6780
9215,7862,6781
9216,7863,6782
9217,7864,6783
9218,7865,6784
9219,7866,6785
9220,7867,6786
9221,7868,6787
9222,7869,6788
9223,7870,6789
9224,7871,6790
9225,7872,6791
9226,7873,6792
9227,7874,6793
9228,7875,6794
9229,7876,6795
9230,7877,6796
9231,7878,6797
9232,7879,6798
9233,7880,6799
9234,7881,6800
9235,7882,6801
9236,7883,6802
9237,7884,6803
9238,7885,6804
9239,7886,6805
9240,7887,6806
9241,7888,6807
9242,7889,6808
9243,7890,6809
9244,7891,6810
9245,7892,6811
9246,7893,6812
9247,7894,6813
9248,7895,6814
9249,7896,6815
9250,7897,6816
9251,7898,6817
9252,7899,6818
9253,7900,6819
9254,7901,6820
9255,7902,6821
9256,7903,6822
9257,7904,6823
9258,7905,6824
9259,7906,6825
9260,7907,6826
9261,7908,6827
9262,7909,6828
9263,7910,6829
9264,7911,6830
9265,7912,6831
9266,7913,6832
9267,7914,6833
9268,7915,6834
9269,7916,6835
9270,7917,6836
9271,7918,6837
9272,7919,6838
9273,7920,6839
9274,7920,6840
9275,7920,6841
9276,7920,6842
9277,7920,6843
9278,7920,6844
9279,7920,6845
9280,7920,6846
9281,7921,6847
9282,7922,6848
9283,7923,6849
9284,7924,6850
9285,7925,6851
9286,7926,6852
9287,7927,6853
9288,7928,6854
9289,7929,6855
9290,7930,6856
9291,7931,6857
9292,7932,6858
9293,7933,6859
9294,7934,6860
9295,7935,6861
9296,7936,6862
9297,7937,6863
9298,7938,6864
9299,7939,6865
9300,7940,6866
9301,7941,6867
9302,7942,6868
9303,7943,6869
9304,7944,6870
9305,7945,6871
9306,7946,6872
9307,7947,6873
9308,7948,6874
9309,7949,6875
9310,7950,6876
9311,7951,6877
9312,7952,6878
9313,7953,6879
9314,7954,6880
9315,7955,6881
9316,7956,6882
9317,7957,6883
9318,7958,6884
9319,7959,6885
9320,7960,6886
9321,7960,6887
9322,7960,6888
9323,7960,6889
9324,7960,6890
9325,7961,6891
9326,7962,6892
9327,7963,6893
9328,7964,6894
9329,7965,6895
9330,7966,6896
9331,7967,6897
9332,7968,6898
9333,7969,6899
9334,7970,6900
9335,7971,6901
9336,7972,6902
9337,7973,6903
9338,7974,6904
9339,7975,6905
9340,7976,6906
9341,7977,6907
9342,7978,6908
9343,7979,6909
9344,7980,6910
9345,7981,6911
9346,7982,6912
9347,7983,6913
9348,7984,6914
9349,7985,6915
9350,7986,6916
9351,7987,6917
9352,7988,6918
9353,7989,6919
9354,7990,6920
9355,7991,6921
9356,7992,6922
9357,7993,6923
9358,7994,6924
9359,7995,6925
9360,7996,6926
9361,7997,6927
9362,7998,6928
9363,7999,6929
9364,8000,6930
9365,8000,6931
9366,8000,6932
9367,8000,6933
9368,8000,6934
9369,8000,6935
9370,8000,6936
9371,8000,6937
9372,8001,6938
9373,8002,6939
9374,8003,6940
9375,8004,6941
9376,8005,6942
9377,8006,6943
9378,8007,6944
9379,8008,6945
9380,8009,6946
9381,8010,6947
9382,8010,6948
9383,8010,6949
9384,8010,6950
9385,8010,6951
9386,8010,6952
9387,8010,6953
9388,8010,6954
9389,8010,6955
9390,8010,6956
9391,8010,6957
9392,8010,6958
9393,8010,6959
9394,8010,6960
9395,8010,6961
9396,8010,6962
9397,8011,6963
9398,8012,6964
9399,8013,6965
9400,8014,6966
9401,8015,6967
9402,8016,6968
9403,8017,6969
9404,8018,6970
9405,8019,6971
9406,8020,6972
9407,8021,6973
9408,8022,6974
9409,8023,6975
9410,8024,6976
9411,8025,6977
9412,8026,6978
9413,8027,6979
9414,8028,6980
9415,8029,6981
9416,8030,6982
9417,8031,6983
9418,8032,6984
9419,8033,6985
9420,8034,6986
9421,8035,6987
9422,8036,6988
9423,8037,6989
9424,8038,6990
9425,8039,6991
9426,8040,6992
9427,8041,6993
9428,8042,6994
9429,8043,6995
9430,8044,6996
9431,8045,6997
9432,8046,6998
9433,8047,6999
9434,8048,7000
9435,8049,7001
9436,8050,7002
9437,8051,7003
9438,8052,7004
9439,8053,7005
9440,8054,7006
9441,8055,7007
9442,8056,7008
9443,8057,7009
9444,8058,7010
9445,8059,7011
9446,8060,7011
9447,8061,7011
9448,8062,7012
9449,8063,7013
9450,8064,7014
9451,8065,7015
9452,8066,7016
9453,8067,7017
9454,8068,7018
9455,8069,7019
9456,8070,7020
9457,8071,7021
9458,8072,7022
9459,8073,7023
9460,8074,7024
9461,8075,7025
9462,8076,7026
9463,8077,7027
9464,8078,7028
9465,8079,7029
9466,8080,7030
9467,8081,7031
9468,8082,7032
9469,8083,7033
9470,8084,7034
9471,8085,7035
9472,8086,7036
9473,8087,7037
9474,8088,7038
9475,8089,7039
9476,8090,7040
9477,8091,7041
9478,8092,7042
9479,8093,7043
9480,8094,7044
9481,8095,7045
9482,8096,7046
9483,8097,7047
9484,8098,7048
9485,8099,7049
9486,8100,7050
9487,8101,7051
9488,8102,7052
9489,8103,7053
9490,8104,7054
9491,8105,7055
9492,8106,7056
9493,8107,7057
9494,8108,7058
9495,8109,7059
9496,8110,7060
9497,8111,7061
9498,8112,7062
9499,8113,7063
9500,8114,7064
9501,8115,7065
9502,8116,7066
9503,8117,7067
9504,8118,7068
9505,8119,7069
9506,8120,7070
9507,8121,7071
9508,8122,7072
9509,8123,7073
9510,8124,7074
9511,8125,7075
9512,8126,7076
9513,8127,7077
9514,8128,7078
9515,8129,7079
9516,8130,7080
9517,8131,7081
9518,8132,7082
9519,8133,7083
9520,8134,7084
9521,8135,7085
9522,8136,7086
9523,8137,7087
9524,8138,7088
9525,8139,7089
9526,8140,7090
9527,8141,7091
9528,8142,7092
9529,8143,7093
9530,8144,7094
9531,8145,7095
9532,8146,7096
9533,8147,7097
9534,8148,7098
9535,8149,7099
9536,8150,7100
9537,8151,7101
9538,8152,7102
9539,8153,7103
9540,8154,7104
9541,8155,7105
9542,8156,7106
9543,8157,7107
9544,8158,7108
9545,8159,7109
9546,8160,7110
9547,8161,7111
9548,8162,7112
9549,8163,7113
9550,8164,7114
9551,8165,7115
9552,8166,7116
9553,8167,7117
9554,8168,7118
9555,8169,7119
9556,8170,7120
9557,8171,7121
9558,8172,7122
9559,8173,7123
9560,8174,7124
9561,8175,7125
9562,8176,7126
9563,8177,7127
9564,8178,7128
9565,8179,7129
9566,8180,7130
9567,8181,7131
9568,8182,7132
9569,8183,7133
9570,8184,7134
9571,8185,7135
9572,8186,7136
9573,8187,7137
9574,8188,7138
9575,8189,7139
9576,8190,7140
9577,8191,7141
9578,8192,7142
9579,8193,7143
9580,8194,7144
9581,8195,7145
9582,8196,7146
9583,8197,7147
9584,8198,7148
9585,8199,7149
9586,8200,7150
9587,8200,7151
9588,8200,7152
9589,8201,7153
9590,8202,7154
9591,8203,7155
9592,8204,7156
9593,8205,7157
9594,8206,7158
9595,8207,7159
9596,8208,7160
9597,8209,7161
9598,8210,7162
9599,8211,7163
9600,8212,7164
9601,8213,7165
9602,8214,7166
9603,8215,7167
9604,8216,7168
9605,8217,7169
9606,8218,7170
9607,8219,7171
9608,8220,7172
9609,8221,7173
9610,8222,7174
9611,8223,7175
9612,8224,7176
9613,8225,7177
9614,8226,7178
9615,8227,7179
9616,8228,7180
9617,8229,7181
9618,8230,7182
9619,8231,7183
9620,8232,7184
9621,8233,7185
9622,8234,7186
9623,8235,7187
9624,8236,7188
9625,8237,7189
9626,8238,7190
9627,8239,7191
9628,8240,7192
9629,8240,7193
9630,8240,7194
9631,8240,7195
9632,8240,7196
9633,8240,7197
9634,8240,7198
9635,8240,7199
9636,8240,7200
9637,8240,7201
9638,8240,7202
9639,8240,7203
9640,8240,7204
9641,8240,7205
9642,8240,7206
9643,8240,7207
9644,8240,7208
9645,8240,7209
9646,8240,7210
9647,8240,7211
9648,8240,7212
9649,8240,7213
9650,8240,7214
9651,8240,7215
9652,8240,7216
9653,8241,7217
9654,8242,7218
9655,8243,7219
9656,8244,7220
9657,8245,7221
9658,8246,7222
9659,8247,7223
9660,8248,7224
9661,8249,7225
9662,8250,7226
9663,8251,7227
9664,8252,7228
9665,8253,7229
9666,8254,7230
9667,8255,7231
9668,8256,7232
9669,8257,7233
9670,8258,7234
9671,8259,7235
9672,8260,7236
9673,8261,7237
9674,8262,7238
9675,8263,7239
9676,8264,7240
9677,8265,7241
9678,8266,7242
9679,8267,7243
9680,8268,7244
9681,8269,7245
9682,8270,7246
9683,8271,7247
9684,8272,7248
9685,8273,7249
9686,8274,7250
9687,8275,7251
9688,8276,7252
9689,8277,7253
9690,8278,7254
9691,8279,7255
9692,8280,7256
9693,8281,7257
9694,8282,7258
9695,8283,7259
9696,8284,7260
9697,8285,7261
9698,8286,7262
9699,8287,7263
9700,8288,7264
9701,8289,7265
9702,8290,7266
9703,8291,7267
9704,8292,7268
9705,8293,7269
9706,8294,7270
9707,8295,7271
9708,8296,7272
9709,8297,7273
9710,8298,7274
9711,8299,7275
9712,8300,7276
9713,8301,7277
9714,8302,7278
9715,8303,7279
9716,8304,7280
9717,8305,7281
9718,8306,7282
9719,8307,7283
9720,8308,7284
9721,8309,7285
9722,8310,7286
9723,8311,7287
9724,8312,7288
9725,8313,7289
9726,8314,7290
9727,8315,7291
9728,8316,7292
9729,8317,7293
9730,8318,7294
9731,8319,7295
9732,8320,7296
9733,8321,7297
9734,8322,7298
9735,8323,7299
9736,8324,7300
9737,8325,7301
9738,8326,7302
9739,8327,7303
9740,8328,7304
9741,8329,7305
9742,8330,7306
9743,8331,7307
9744,8332,7308
9745,8333,7309
9746,8334,7310
9747,8335,7311
9748,8336,7312
9749,8337,7313
9750,8338,7314
9751,8339,7315
9752,8340,7316
9753,8341,7317
9754,8342,7318
9755,8343,7319
9756,8344,7320
9757,8345,7321
9758,8346,7322
9759,8347,7323
9760,8348,7324
9761,8349,7325
9762,8350,7326
9763,8351,7327
9764,8352,7328
9765,8353,7329
9766,8354,7330
9767,8355,7331
9768,8356,7332
9769,8357,7333
9770,8358,7334
9771,8359,7335
9772,8360,7336
9773,8361,7337
9774,8362,7338
9775,8363,7339
9776,8364,7340
9777,8365,7341
9778,8366,7342
9779,8367,7343
9780,8368,7344
9781,8369,7345
9782,8370,7346
9783,8371,7347
9784,8372,7348
9785,8373,7349
9786,8374,7350
9787,8375,7351
9788,8376,7352
9789,8377,7353
9790,8378,7354
9791,8379,7355
9792,8380,7356
9793,8380,7357
9794,8380,7358
9795,8380,7359
9796,8380,7360
9797,8380,7361
9798,8380,7362
9799,8380,7363
9800,8380,7364
9801,8380,7365
9802,8381,7366
9803,8382,7367
9804,8383,7368
9805,8384,7369
9806,8385,7370
9807,8386,7371
9808,8387,7372
9809,8388,7373
9810,8389,7374
9811,8390,7375
9812,8391,7376
9813,8392,7377
9814,8393,7378
9815,8394,7379
9816,8395,7380
9817,8396,7381
9818,8397,7382
9819,8398,7383
9820,8399,7384
9821,8400,7385
9822,8401,7386
9823,8402,7387
9824,8403,7388
9825,8404,7389
9826,8405,7390
9827,8406,7391
9828,8407,7392
9829,8408,7393
9830,8409,7394
9831,8410,7395
9832,8411,7396
9833,8412,7397
9834,8413,7398
9835,8414,7399
9836,8415,7400
9837,8416,7401
9838,8417,7402
9839,8418,7403
9840,8419,7404
9841,8420,7405
9842,8421,7406
9843,8422,7407
9844,8423,7408
9845,8424,7409
9846,8425,7410
9847,8426,7411
9848,8427,7412
9849,8428,7413
9850,8429,7414
9851,8430,7415
9852,8431,7416
9853,8432,7417
9854,8433,7418
9855,8434,7419
9856,8435,7420
9857,8436,7421
9858,8437,7422
9859,8438,7423
9860,8439,7424
9861,8440,7425
9862,8440,7426
9863,8440,7427
9864,8440,7428
9865,8441,7429
9866,8442,7430
9867,8443,7431
9868,8444,7432
9869,8445,7433
9870,8446,7434
9871,8447,7435
9872,8448,7436
9873,8449,7437
9874,8450,7438
9875,8451,7439
9876,8452,7440
9877,8453,7441
9878,8454,7442
9879,8455,7443
9880,8456,7444
9881,8457,7445
9882,8458,7446
9883,8459,7447
9884,8460,7448
9885,8461,7449
9886,8462,7450
9887,8463,7451
9888,8464,7452
9889,8465,7453
9890,8466,7454
9891,8467,7455
9892,8468,7456
9893,8469,7457
9894,8470,7458
9895,8471,7459
9896,8472,7460
9897,8473,7461
9898,8474,7462
9899,8475,7463
9900,8476,7464
9901,8477,7465
9902,8478,7466
9903,8479,7467
9904,8480,7468
9905,8480,7469
9906,8480,7470
9907,8481,7471
9908,8482,7472
9909,8483,7473
9910,8484,7474
9911,8485,7475
9912,8486,7476
9913,8487,7477
9914,8488,7478
9915,8489,7479
9916,8490,7480
9917,8491,7481
9918,8492,7482
9919,8493,7483
9920,8494,7484
9921,8495,7485
9922,8496,7486
9923,8497,7487
9924,8498,7488
9925,8499,7489
9926,8500,7490
9927,8501,7491
9928,8502,7492
9929,8503,7493
9930,8504,7494
9931,8505,7495
9932,8506,7496
9933,8507,7497
9934,8508,7498
9935,8509,7499
9936,8510,7500
9937,8511,7501
9938,8512,7502
9939,8513,7503
9940,8514,7504
9941,8515,7505
9942,8516,7506
9943,8517,7507
9944,8518,7508
9945,8519,7509
9946,8520,7510
9947,8521,7511
9948,8522,7512
9949,8523,7513
9950,8524,7514
9951,8525,7515
9952,8526,7516
9953,8527,7517
9954,8528,7518
9955,8529,7519
9956,8530,7520
9957,8531,7521
9958,8532,7522
9959,8533,7523
9960,8534,7524
9961,8535,7525
9962,8536,7526
9963,8537,7527
9964,8538,7528
9965,8539,7529
9966,8540,7530
9967,8540,7531
9968,8541,7532
9969,8542,7533
9970,8543,7534
9971,8544,7535
9972,8545,7536
9973,8546,7537
9974,8547,7538
9975,8548,7539
9976,8549,7540
9977,8550,7541
9978,8551,7542
9979,8552,7543
9980,8553,7544
9981,8554,7545
9982,8555,7546
9983,8556,7547
9984,8557,7548
9985,8558,7549
9986,8559,7550
9987,8560,7551
9988,8560,7552
9989,8560,7553
9990,8560,7554
9991,8560,7555
9992,8560,7556
9993,8560,7557
9994,8560,7558
9995,8560,7559
9996,8561,7560
9997,8562,7561
9998,8563,7562
9999,8564,7563
10000,8565,7564
10001,8566,7565
10002,8567,7566
10003,8568,7567
10004,8569,7568
10005,8570,7569
10006,8571,7570
10007,8572,7571
10008,8573,7572
10009,8574,7573
10010,8575,7574
10011,8576,7575
10012,8577,7576
10013,8578,7577
10014,8579,7578
10015,8580,7579
10016,8581,7580
10017,8582,7581
10018,8583,7582
10019,8584,7583
10020,8585,7584
10021,8586,7585
10022,8587,7586
10023,8588,7587
10024,8589,7588
10025,8590,7589
10026,8591,7590
10027,8592,7591
10028,8593,7592
10029,8594,7593
10030,8595,7594
10031,8596,7595
10032,8597,7596
10033,8598,7597
10034,8599,7598
10035,8600,7599
10036,8600,7600
10037,8601,7601
10038,8602,7602
10039,8603,7603
10040,8604,7604
10041,8605,7605
10042,8606,7606
10043,8607,7607
10044,8608,7608
10045,8609,7609
10046,8610,7610
10047,8611,7611
10048,8612,7612
10049,8613,7613
10050,8614,7614
10051,8615,7615
10052,8616,7616
10053,8617,7617
10054,8618,7618
10055,8619,7619
10056,8620,7620
10057,8620,7621
10058,8620,7622
10059,8620,7623
10060,8620,7624
10061,8620,7625
10062,8620,7626
10063,8620,7627
10064,8621,7628
10065,8622,7629
10066,8623,7630
10067,8624,7631
10068,8625,7632
10069,8626,7633
10070,8627,7634
10071,8628,7635
10072,8629,7636
10073,8630,7637
10074,8630,7638
10075,8630,7639
10076,8631,7640
10077,8632,7641
10078,8633,7642
10079,8634,7643
10080,8635,7644
10081,8636,7645
10082,8637,7646
10083,8638,7647
10084,8639,7648
10085,8640,7649
10086,8641,7650
10087,8642,7651
10088,8643,7652
10089,8644,7653
10090,8645,7654
10091,8646,7655
10092,8647,7656
10093,8648,7657
10094,8649,7658
10095,8650,7659
10096,8650,7660
10097,8650,7661
10098,8650,7662
10099,8650,7663
10100,8650,7664
10101,8650,7665
10102,8650,7666
10103,8650,7667
10104,8650,7668
10105,8650,7669
10106,8650,7670
10107,8650,7671
10108,8650,7672
10109,8650,7673
10110,8650,7674
10111,8650,7675
10112,8650,7676
10113,8650,7677
10114,8651,7678
10115,8652,7679
10116,8653,7680
10117,8654,7681
10118,8655,7682
10119,8656,7683
10120,8657,7684
10121,8658,7685
10122,8659,7686
10123,8660,7687
10124,8661,7688
10125,8662,7689
10126,8663,7690
10127,8664,7691
10128,8665,7692
10129,8666,7693
10130,8667,7694
10131,8668,7695
10132,8669,7696
10133,8670,7697
10134,8671,7698
10135,8672,7699
10136,8673,7700
10137,8674,7701
10138,8675,7702
10139,8676,7703
10140,8677,7704
10141,8678,7705
10142,8679,7706
10143,8680,7707
10144,8681,7708
10145,8682,7709
10146,8683,7710
10147,8684,7711
10148,8685,7712
10149,8686,7713
10150,8687,7714
10151,8688,7715
10152,8689,7716
10153,8690,7717
10154,8691,7718
10155,8692,7719
10156,8693,7720
10157,8694,7721
10158,8695,7722
10159,8696,7723
10160,8697,7724
10161,8698,7725
10162,8699,7725
10163,8700,7725
10164,8701,7725
10165,8702,7725
10166,8703,7725
10167,8704,7725
10168,8705,7725
10169,8706,7725
10170,8707,7725
10171,8708,7725
10172,8709,7725
10173,8710,7725
10174,8711,7725
10175,8712,7725
10176,8713,7725
10177,8714,7725
10178,8715,7725
10179,8716,7725
10180,8717,7725
10181,8718,7725
10182,8719,7725
10183,8720,7725
10184,8721,7725
10185,8722,7725
10186,8723,7725
10187,8724,7725
10188,8725,7725
10189,8726,7725
10190,8727,7725
10191,8728,7725
10192,8729,7725
10193,8730,7725
10194,8731,7725
10195,8732,7725
10196,8733,7725
10197,8734,7725
10198,8735,7725
10199,8736,7725
10200,8737,7725
10201,8738,7725
10202,8739,7725
10203,8740,7725
10204,8741,7725
10205,8742,7725
10206,8743,7725
10207,8744,7725
10208,8745,7725
10209,8746,7725
10210,8747,7725
10211,8748,7725
10212,8749,7725
10213,8750,7725
10214,8751,7725
10215,8752,7725
10216,8753,7725
10217,8754,7725
10218,8755,7725
10219,8756,7725
10220,8757,7725
10221,8758,7725
10222,8759,7725
10223,8760,7725
10224,8761,7725
10225,8762,7725
10226,8763,7725
10227,8764,7725
10228,8765,7725
10229,8766,7725
10230,8767,7725
10231,8768,7725
10232,8769,7725
10233,8770,7725
10234,8771,7725
10235,8772,7725
10236,8773,7725
10237,8774,7725
10238,8775,7725
10239,8776,7725
10240,8777,7725
10241,8778,7725
10242,8779,7725
10243,8780,7725
10244,8781,7725
10245,8782,7725
10246,8783,7725
10247,8784,7725
10248,8785,7725
10249,8786,7725
10250,8787,7725
10251,8788,7725
10252,8789,7725
10253,8790,7725
10254,8791,7725
10255,8792,7726
10256,8793,7727
10257,8794,7728
10258,8795,7729
10259,8796,7730
10260,8797,7731
10261,8798,7732
10262,8799,7733
10263,8800,7734
10264,8801,7735
10265,8802,7736
10266,8803,7737
10267,8804,7738
10268,8805,7739
10269,8806,7740
10270,8807,7741
10271,8808,7742
10272,8809,7743
10273,8810,7744
10274,8811,7745
10275,8812,7746
10276,8813,7747
10277,8814,7748
10278,8815,7749
10279,8816,7750
10280,8817,7751
10281,8818,7752
10282,8819,7753
10283,8820,7754
10284,8821,7755
10285,8822,7756
10286,8823,7757
10287,8824,7758
10288,8825,7759
10289,8826,7760
10290,8827,7761
10291,8828,7762
10292,8829,7763
10293,8830,7764
10294,8831,7765
10295,8832,7766
10296,8833,7767
10297,8834,7768
10298,8835,7769
10299,8836,7770
10300,8837,7771
10301,8838,7772
10302,8839,7773
10303,8840,7774
10304,8841,7775
10305,8842,7776
10306,8843,7777
10307,8844,7778
10308,8845,7779
10309,8846,7780
10310,8847,7781
10311,8848,7782
10312,8849,7783
10313,8850,7784
10314,8851,7785
10315,8852,7786
10316,8853,7787
10317,8854,7788
10318,8855,7789
10319,8856,7790
10320,8857,7791
10321,8858,7792
10322,8859,7793
10323,8860,7794
10324,8861,7795
10325,8862,7796
10326,8863,7797
10327,8864,7798
10328,8865,7799
10329,8866,7800
10330,8867,7801
10331,8868,7802
10332,8869,7803
10333,8870,7804
10334,8871,7805
10335,8872,7806
10336,8873,7807
10337,8874,7808
10338,8875,7809
10339,8876,7810
10340,8877,7811
10341,8878,7812
10342,8879,7813
10343,8880,7814
10344,8881,7815
10345,8882,7816
10346,8883,7817
10347,8884,7818
10348,8885,7819
10349,8886,7820
10350,8887,7821
10351,8888,7822
10352,8889,7823
10353,8890,7824
10354,8891,7825
10355,8892,7826
10356,8893,7827
10357,8894,7828
10358,8895,7829
10359,8896,7830
10360,8897,7831
10361,8898,7832
10362,8899,7833
10363,8900,7834
10364,8901,7835
10365,8902,7836
10366,8903,7837
10367,8904,7838
10368,8905,7839
10369,8906,7840
10370,8907,7841
10371,8908,7842
10372,8909,7843
10373,8910,7844
10374,8911,7845
10375,8912,7846
10376,8913,7847
10377,8914,7848
10378,8915,7849
10379,8916,7850
10380,8917,7851
10381,8918,7852
10382,8919,7853
10383,8920,7854
10384,8921,7855
10385,8922,7856
10386,8923,7857
10387,8924,7858
10388,8925,7859
10389,8926,7860
10390,8927,7861
10391,8928,7862
10392,8929,7863
10393,8930,7864
10394,8931,7865
10395,8932,7866
10396,8933,7867
10397,8934,7868
10398,8935,7869
10399,8936,7870
10400,8937,7871
10401,8938,7872
10402,8939,7873
10403,8940,7874
10404,8940,7875
10405,8940,7876
10406,8940,7877
10407,8940,7878
10408,8940,7879
10409,8940,7880
10410,8940,7881
10411,8940,7882
10412,8940,7883
10413,8940,7884
10414,8940,7885
10415,8940,7886
10416,8940,7887
10417,8940,7888
10418,8940,7889
10419,8940,7890
10420,8940,7891
10421,8940,7892
10422,8940,7893
10423,8940,7894
10424,8940,7895
10425,8940,7896
10426,8940,7897
10427,8940,7898
10428,8940,7899
10429,8941,7900
10430,8942,7901
10431,8943,7902
10432,8944,7903
10433,8945,7904
10434,8946,7905
10435,8947,7906
10436,8948,7907
10437,8949,7908
10438,8950,7909
10439,8951,7910
10440,8952,7911
10441,8953,7912
10442,8954,7913
10443,8955,7914
10444,8956,7915
10445,8957,7916
10446,8958,7917
10447,8959,7918
10448,8960,7919
10449,8960,7920
10450,8960,7921
10451,8960,7922
10452,8960,7923
10453,8960,7924
10454,8961,7925
10455,8962,7926
10456,8963,7927
10457,8964,7928
10458,8965,7929
10459,8966,7930
10460,8967,7931
10461,8968,7932
10462,8969,7933
10463,8970,7934
10464,8971,7935
10465,8972,7936
10466,8973,7937
10467,8974,7938
10468,8975,7939
10469,8976,7940
10470,8977,7941
10471,8978,7942
10472,8979,7943
10473,8980,7944
10474,8981,7945
10475,8982,7946
10476,8983,7947
10477,8984,7948
10478,8985,7949
10479,8986,7950
10480,8987,7951
10481,8988,7952
10482,8989,7953
10483,8990,7954
10484,8991,7955
10485,8992,7956
10486,8993,7957
10487,8994,7958
10488,8995,7959
10489,8996,7960
10490,8997,7961
10491,8998,7962
10492,8999,7963
10493,9000,7964
10494,9001,7965
10495,9002,7966
10496,9003,7967
10497,9004,7968
10498,9005,7969
10499,9006,7970
10500,9007,7971
10501,9008,7972
10502,9009,7973
10503,9010,7974
10504,9011,7975
10505,9012,7976
10506,9013,7977
10507,9014,7978
10508,9015,7979
10509,9016,7980
10510,9017,7981
10511,9018,7982
10512,9019,7983
10513,9020,7984
10514,9021,7985
10515,9022,7986
10516,9023,7987
10517,9024,7988
10518,9025,7989
10519,9026,7990
10520,9027,7991
10521,9028,7992
10522,9029,7993
10523,9030,7994
10524,9031,7995
10525,9032,7996
10526,9033,7997
10527,9034,7998
10528,9035,7999
10529,9036,8000
10530,9037,8001
10531,9038,8002
10532,9039,8003
10533,9040,8004
10534,9041,8005
10535,9042,8006
10536,9043,8007
10537,9044,8008
10538,9045,8009
10539,9046,8010
10540,9047,8011
10541,9048,8012
10542,9049,8013
10543,9050,8014
10544,9051,8015
10545,9052,8016
10546,9053,8017
10547,9054,8018
10548,9055,8019
10549,9056,8020
10550,9057,8021
10551,9058,8022
10552,9059,8023
10553,9060,8024
10554,9061,8025
10555,9062,8026
10556,9063,8027
10557,9064,8028
10558,9065,8029
10559,9066,8030
10560,9067,8031
10561,9068,8032
10562,9069,8033
10563,9070,8034
10564,9071,8035
10565,9072,8036
10566,9073,8037
10567,9074,8038
10568,9075,8039
10569,9076,8040
10570,9077,8041
10571,9078,8042
10572,9079,8043
10573,9080,8044
10574,9081,8045
10575,9082,8046
10576,9083,8047
10577,9084,8048
10578,9085,8049
10579,9086,8050
10580,9087,8051
10581,9088,8052
10582,9089,8053
10583,9090,8054
10584,9091,8055
10585,9092,8056
10586,9093,8057
10587,9094,8058
10588,9095,8059
10589,9096,8060
10590,9097,8061
10591,9098,8062
10592,9099,8063
10593,9100,8064
10594,9101,8065
10595,9102,8066
10596,9103,8067
10597,9104,8068
10598,9105,8069
10599,9106,8070
10600,9107,8071
10601,9108,8072
10602,9109,8073
10603,9110,8074
10604,9110,8075
10605,9110,8076
10606,9110,8077
10607,9110,8078
10608,9110,8079
10609,9110,8080
10610,9110,8081
10611,9110,8082
10612,9110,8083
10613,9110,8084
10614,9110,8085
10615,9110,8086
10616,9110,8087
10617,9110,8088
10618,9110,8089
10619,9110,8090
10620,9110,8091
10621,9110,8092
10622,9110,8093
10623,9110,8094
10624,9110,8095
10625,9110,8096
10626,9110,8097
10627,9110,8098
10628,9110,8099
10629,9110,8100
10630,9110,8101
10631,9110,8102
10632,9110,8103
10633,9110,8104
10634,9110,8105
10635,9110,8106
10636,9110,8107
10637,9110,8108
10638,9110,8109
10639,9110,8110
10640,9110,8111
10641,9110,8112
10642,9110,8113
10643,9110,8114
10644,9110,8115
10645,9110,8116
10646,9110,8117
10647,9110,8118
10648,9110,8119
10649,9110,8120
10650,9110,8121
10651,9110,8122
10652,9110,8123
10653,9110,8124
10654,9110,8125
10655,9110,8126
10656,9110,8127
10657,9110,8128
10658,9110,8129
10659,9110,8130
10660,9110,8131
10661,9110,8132
10662,9110,8133
10663,9110,8134
10664,9110,8135
10665,9110,8136
10666,9110,8137
10667,9110,8138
10668,9110,8139
10669,9110,8140
10670,9110,8141
10671,9110,8142
10672,9110,8143
10673,9110,8144
10674,9110,8145
10675,9110,8146
10676,9110,8147
10677,9110,8148
10678,9110,8149
10679,9110,8150
10680,9110,8151
10681,9110,8152
10682,9110,8153
10683,9110,8154
10684,9110,8155
10685,9110,8156
10686,9110,8157
10687,9110,8158
10688,9110,8159
10689,9110,8160
10690,9110,8161
10691,9110,8162
10692,9110,8163
10693,9110,8164
10694,9110,8165
10695,9110,8166
10696,9110,8167
10697,9110,8168
10698,9110,8169
10699,9110,8170
10700,9110,8171
10701,9110,8172
10702,9110,8173
10703,9110,8174
10704,9111,8175
10705,9112,8176
10706,9113,8177
10707,9114,8178
10708,9115,8179
10709,9116,8180
10710,9117,8181
10711,9118,8182
10712,9119,8183
10713,9120,8184
10714,9121,8185
10715,9122,8186
10716,9123,8187
10717,9124,8188
10718,9125,8189
10719,9126,8190
10720,9127,8191
10721,9128,8192
10722,9129,8193
10723,9130,8194
10724,9131,8195
10725,9132,8196
10726,9133,8197
10727,9134,8198
10728,9135,8199
10729,9136,8200
10730,9137,8201
10731,9138,8202
10732,9139,8203
10733,9140,8204
10734,9141,8205
10735,9142,8206
10736,9143,8207
10737,9144,8208
10738,9145,8209
10739,9146,8210
10740,9147,8211
10741,9148,8212
10742,9149,8213
10743,9150,8214
10744,9151,8215
10745,9152,8216
10746,9153,8217
10747,9154,8218
10748,9155,8219
10749,9156,8220
10750,9157,8221
10751,9158,8222
10752,9159,8223
10753,9160,8224
10754,9161,8225
10755,9162,8226
10756,9163,8227
10757,9164,8228
10758,9165,8229
10759,9166,8230
10760,9167,8231
10761,9168,8232
10762,9169,8233
10763,9170,8234
10764,9171,8235
10765,9172,8236
10766,9173,8237
10767,9174,8238
10768,9175,8239
10769,9176,8240
10770,9177,8241
10771,9178,8242
10772,9179,8243
10773,9180,8244
10774,9181,8245
10775,9182,8246
10776,9183,8247
10777,9184,8248
10778,9185,8249
10779,9186,8250
10780,9187,8251
10781,9188,8252
10782,9189,8253
10783,9190,8254
10784,9191,8255
10785,9192,8256
10786,9193,8257
10787,9194,8258
10788,9195,8259
10789,9196,8260
10790,9197,8261
10791,9198,8262
10792,9199,8263
10793,9200,8264
10794,9200,8265
10795,9201,8266
10796,9202,8267
10797,9203,8268
10798,9204,8269
10799,9205,8270
10800,9206,8271
10801,9207,8272
10802,9208,8273
10803,9209,8274
10804,9210,8275
10805,9211,8276
10806,9212,8277
10807,9213,8278
10808,9214,8279
10809,9215,8280
10810,9216,8281
10811,9217,8282
10812,9218,8283
10813,9219,8284
10814,9220,8285
10815,9221,8286
10816,9222,8287
10817,9223,8288
10818,9224,8289
10819,9225,8290
10820,9226,8291
10821,9227,8292
10822,9228,8293
10823,9229,8294
10824,9230,8295
10825,9231,8296
10826,9232,8297
10827,9233,8298
10828,9234,8299
10829,9235,8300
10830,9236,8301
10831,9237,8302
10832,9238,8303
10833,9239,8304
10834,9240,8305
10835,9241,8306
10836,9242,8307
10837,9243,8308
10838,9244,8309
10839,9245,8310
10840,9246,8311
10841,9247,8312
10842,9248,8313
10843,9249,8314
10844,9250,8315
10845,9251,8316
10846,9252,8317
10847,9253,8318
10848,9254,8319
10849,9255,8320
10850,9256,8321
10851,9257,8322
10852,9258,8323
10853,9259,8324
10854,9260,8325
10855,9261,8326
10856,9262,8327
10857,9263,8328
10858,9264,8329
10859,9265,8330
10860,9266,8331
10861,9267,8332
10862,9268,8333
10863,9269,8334
10864,9270,8335
10865,9271,8336
10866,9272,8337
10867,9273,8338
10868,9274,8339
10869,9275,8340
10870,9276,8341
10871,9277,8342
10872,9278,8343
10873,9279,8344
10874,9280,8345
10875,9280,8346
10876,9280,8347
10877,9280,8348
10878,9280,8349
10879,9280,8350
10880,9280,8351
10881,9280,8352
10882,9280,8353
10883,9280,8354
10884,9281,8355
10885,9282,8356
10886,9283,8357
10887,9284,8358
10888,9285,8359
10889,9286,8360
10890,9287,8361
10891,9288,8362
10892,9289,8363
10893,9290,8364
10894,9291,8365
10895,9292,8366
10896,9293,8367
10897,9294,8368
10898,9295,8369
10899,9296,8370
10900,9297,8371
10901,9298,8372
10902,9299,8373
10903,9300,8374
10904,9301,8375
10905,9302,8376
10906,9303,8377
10907,9304,8378
10908,9305,8379
10909,9306,8380
10910,9307,8381
10911,9308,8382
10912,9309,8383
10913,9310,8384
10914,9311,8385
10915,9312,8386
10916,9313,8387
10917,9314,8388
10918,9315,8389
10919,9316,8390
10920,9317,8391
10921,9318,8392
10922,9319,8393
10923,9320,8394
10924,9321,8395
10925,9322,8396
10926,9323,8397
10927,9324,8398
10928,9325,8399
10929,9326,8400
10930,9327,8401
10931,9328,8402
10932,9329,8403
10933,9330,8404
10934,9331,8405
10935,9332,8406
10936,9333,8407
10937,9334,8408
10938,9335,8409
10939,9336,8410
10940,9337,8411
10941,9338,8412
10942,9339,8413
10943,9340,8414
10944,9341,8415
10945,9342,8416
10946,9343,8417
10947,9344,8418
10948,9345,8419
10949,9346,8420
10950,9347,8421
10951,9348,8422
10952,9349,8423
10953,9350,8424
10954,9351,8425
10955,9352,8426
10956,9353,8427
10957,9354,8428
10958,9355,8429
10959,9356,8430
10960,9357,8431
10961,9358,8432
10962,9359,8433
10963,9360,8434
10964,9361,8435
10965,9362,8436
10966,9363,8437
10967,9364,8438
10968,9365,8439
10969,9366,8440
10970,9367,8441
10971,9368,8442
10972,9369,8443
10973,9370,8444
10974,9371,8445
10975,9372,8446
10976,9373,8447
10977,9374,8448
10978,9375,8449
10979,9376,8450
10980,9377,8451
10981,9378,8452
10982,9379,8453
10983,9380,8454
10984,9381,8455
10985,9382,8456
10986,9383,8457
10987,9384,8458
10988,9385,8459
10989,9386,8460
10990,9387,8461
10991,9388,8462
10992,9389,8463
10993,9390,8464
10994,9391,8465
10995,9392,8466
10996,9393,8467
10997,9394,8468
10998,9395,8469
10999,9396,8470
11000,9397,8471
11001,9398,8472
11002,9399,8473
11003,9400,8474
11004,9401,8475
11005,9402,8476
11006,9403,8477
11007,9404,8478
11008,9405,8479
11009,9406,8480
11010,9407,8481
11011,9408,8482
11012,9409,8483
11013,9410,8484
11014,9411,8485
11015,9412,8486
11016,9413,8487
11017,9414,8488
11018,9415,8489
11019,9416,8490
11020,9417,8491
11021,9418,8492
11022,9419,8493
11023,9420,8494
11024,9421,8495
11025,9422,8496
11026,9423,8497
11027,9424,8498
11028,9425,8499
11029,9426,8500
11030,9427,8501
11031,9428,8502
11032,9429,8503
11033,9430,8504
11034,9430,8505
11035,9430,8506
11036,9430,8507
11037,9430,8508
11038,9431,8509
11039,9432,8510
11040,9433,8511
11041,9434,8512
11042,9435,8513
11043,9436,8514
11044,9437,8515
11045,9438,8516
11046,9439,8517
11047,9440,8518
11048,9441,8519
11049,9442,8520
11050,9443,8521
11051,9444,8522
11052,9445,8523
11053,9446,8524
11054,9447,8525
11055,9448,8526
11056,9449,8527
11057,9450,8528
11058,9451,8529
11059,9452,8530
11060,9453,8531
11061,9454,8532
11062,9455,8533
11063,9456,8534
11064,9457,8535
11065,9458,8536
11066,9459,8537
11067,9460,8538
11068,9461,8539
11069,9462,8540
11070,9463,8541
11071,9464,8542
11072,9465,8543
11073,9466,8544
11074,9467,8545
11075,9468,8546
11076,9469,8547
11077,9470,8548
11078,9471,8549
11079,9472,8550
11080,9473,8551
11081,9474,8552
11082,9475,8553
11083,9476,8554
11084,9477,8555
11085,9478,8556
11086,9479,8557
11087,9480,8558
11088,9481,8559
11089,9482,8560
11090,9483,8561
11091,9484,8562
11092,9485,8563
11093,9486,8564
11094,9487,8565
11095,9488,8566
11096,9489,8567
11097,9490,8568
11098,9491,8569
11099,9492,8570
11100,9493,8571
11101,9494,8572
11102,9495,8573
11103,9496,8574
11104,9497,8575
11105,9498,8576
11106,9499,8577
11107,9500,8578
11108,9501,8579
11109,9502,8580
11110,9503,8581
11111,9504,8582
11112,9505,8583
11113,9506,8584
11114,9507,8585
11115,9508,8586
11116,9509,8587
11117,9510,8588
11118,9511,8589
11119,9512,8590
11120,9513,8591
11121,9514,8592
11122,9515,8593
11123,9516,8594
11124,9517,8595
11125,9518,8596
11126,9519,8597
11127,9520,8598
11128,9521,8599
11129,9522,8600
11130,9523,8601
11131,9524,8602
11132,9525,8603
11133,9526,8604
11134,9527,8605
11135,9528,8606
11136,9529,8607
11137,9530,8608
11138,9531,8609
11139,9532,8610
11140,9533,8611
11141,9534,8612
11142,9535,8613
11143,9536,8614
11144,9537,8615
11145,9538,8616
11146,9539,8617
11147,9540,8618
11148,9541,8619
11149,9542,8620
11150,9543,8621
11151,9544,8622
11152,9545,8623
11153,9546,8624
11154,9547,8625
11155,9548,8626
11156,9549,8627
11157,9550,8628
11158,9551,8629
11159,9552,8630
11160,9553,8631
11161,9554,8632
11162,9555,8633
11163,9556,8634
11164,9557,8635
11165,9558,8636
11166,9559,8637
11167,9560,8638
11168,9561,8639
11169,9562,8640
11170,9563,8641
11171,9564,8642
11172,9565,8643
11173,9566,8644
11174,9567,8645
11175,9568,8646
11176,9569,8647
11177,9570,8648
11178,9571,8649
11179,9572,8650
11180,9573,8651
11181,9574,8652
11182,9575,8653
11183,9576,8654
11184,9577,8655
11185,9578,8656
11186,9579,8657
11187,9580,8658
11188,9581,8659
11189,9582,8660
11190,9583,8661
11191,9584,8662
11192,9585,8663
11193,9586,8664
11194,9587,8665
11195,9588,8666
11196,9589,8667
11197,9590,8668
11198,9591,8669
11199,9592,8670
11200,9593,8671
11201,9594,8672
11202,9595,8673
11203,9596,8674
11204,9597,8675
11205,9598,8676
11206,9599,8677
11207,9600,8678
11208,9600,8679
11209,9601,8680
11210,9602,8681
11211,9603,8682
11212,9604,8683
11213,9605,8684
11214,9606,8685
11215,9607,8686
11216,9608,8687
11217,9609,8688
11218,9610,8689
11219,9611,8690
11220,9612,8691
11221,9613,8692
11222,9614,8693
11223,9615,8694
11224,9616,8695
11225,9617,8696
11226,9618,8697
11227,9619,8698
11228,9620,8699
11229,9621,8700
11230,9622,8701
11231,9623,8702
11232,9624,8703
11233,9625,8704
11234,9626,8705
11235,9627,8706
11236,9628,8707
11237,9629,8708
11238,9630,8709
11239,9631,8710
11240,9632,8711
11241,9633,8712
11242,9634,8713
11243,9635,8714
11244,9636,8715
11245,9637,8716
11246,9638,8717
11247,9639,8718
11248,9640,8719
11249,9641,8720
11250,9642,8721
11251,9643,8722
11252,9644,8723
11253,9645,8724
11254,9646,8725
11255,9647,8726
11256,9648,8727
11257,9649,8728
11258,9650,8729
11259,9651,8730
11260,9652,8731
11261,9653,8732
11262,9654,8733
11263,9655,8734
11264,9656,8735
11265,9657,8736
11266,9658,8737
11267,9659,8738
11268,9660,8739
11269,9661,8740
11270,9662,8741
11271,9663,8742
11272,9664,8743
11273,9665,8744
11274,9666,8745
11275,9667,8746
11276,9668,8747
11277,9669,8748
11278,9670,8749
11279,9671,8750
11280,9672,8751
11281,9673,8752
11282,9674,8753
11283,9675,8754
11284,9676,8755
11285,9677,8756
11286,9678,8757
11287,9679,8758
11288,9680,8759
11289,9681,8760
11290,9682,8761
11291,9683,8762
11292,9684,8763
11293,9685,8764
11294,9686,8765
11295,9687,8766
11296,9688,8767
11297,9689,8768
11298,9690,8769
11299,9691,8770
11300,9692,8771
11301,9693,8772
11302,9694,8773
11303,9695,8774
11304,9696,8775
11305,9697,8776
11306,9698,8777
11307,9699,8778
11308,9700,8779
11309,9701,8780
11310,9702,8781
11311,9703,8782
11312,9704,8783
11313,9705,8784
11314,9706,8785
11315,9707,8786
11316,9708,8787
11317,9709,8788
11318,9710,8789
11319,9711,8790
11320,9712,8791
11321,9713,8792
11322,9714,8793
11323,9715,8794
11324,9716,8795
11325,9717,8796
11326,9718,8797
11327,9719,8798
11328,9720,8799
11329,9721,8800
11330,9722,8801
11331,9723,8802
11332,9724,8803
11333,9725,8804
11334,9726,8805
11335,9727,8806
11336,9728,8807
11337,9729,8808
11338,9730,8809
11339,9731,8810
11340,9732,8811
11341,9733,8812
11342,9734,8813
11343,9735,8814
11344,9736,8815
11345,9737,8816
11346,9738,8817
11347,9739,8818
11348,9740,8819
11349,9740,8820
11350,9740,8821
11351,9740,8822
11352,9740,8823
11353,9740,8824
11354,9740,8825
11355,9741,8826
11356,9742,8827
11357,9743,8828
11358,9744,8829
11359,9745,8830
11360,9746,8831
11361,9747,8832
11362,9748,8833
11363,9749,8834
11364,9750,8835
11365,9751,8836
11366,9752,8837
11367,9753,8838
11368,9754,8839
11369,9755,8840
11370,9756,8841
11371,9757,8842
11372,9758,8843
11373,9759,8844
11374,9760,8845
11375,9760,8846
11376,9761,8847
11377,9762,8848
11378,9763,8849
11379,9764,8850
11380,9765,8851
11381,9766,8852
11382,9767,8853
11383,9768,8854
11384,9769,8855
11385,9770,8856
11386,9771,8857
11387,9772,8858
11388,9773,8859
11389,9774,8860
11390,9775,8861
11391,9776,8862
11392,9777,8863
11393,9778,8864
11394,9779,8865
11395,9780,8866
11396,9781,8867
11397,9782,8868
11398,9783,8869
11399,9784,8870
11400,9785,8871
11401,9786,8872
11402,9787,8873
11403,9788,8874
11404,9789,8875
11405,9790,8876
11406,9791,8877
11407,9792,8878
11408,9793,8879
11409,9794,8880
11410,9795,8881
11411,9796,8882
11412,9797,8883
11413,9798,8884
11414,9799,8885
11415,9800,8886
11416,9801,8887
11417,9802,8888
11418,9803,8889
11419,9804,8890
11420,9805,8891
11421,9806,8892
11422,9807,8893
11423,9808,8894
11424,9809,8895
11425,9810,8896
11426,9811,8897
11427,9812,8898
11428,9813,8899
11429,9814,8900
11430,9815,8901
11431,9816,8902
11432,9817,8903
11433,9818,8904
11434,9819,8905
11435,9820,8906
11436,9821,8907
11437,9822,8908
11438,9823,8909
11439,9824,8910
11440,9825,8911
11441,9826,8912
11442,9827,8913
11443,9828,8914
11444,9829,8915
11445,9830,8916
11446,9831,8917
11447,9832,8918
11448,9833,8919
11449,9834,8920
11450,9835,8921
11451,9836,8922
11452,9837,8923
11453,9838,8924
11454,9839,8925
11455,9840,8926
11456,9841,8927
11457,9842,8928
11458,9843,8929
11459,9844,8930
11460,9845,8931
11461,9846,8932
11462,9847,8933
11463,9848,8934
11464,9849,8935
11465,9850,8936
11466,9851,8937
11467,9852,8938
11468,9853,8939
11469,9854,8940
11470,9855,8941
11471,9856,8942
11472,9857,8943
11473,9858,8944
11474,9859,8945
11475,9860,8946
11476,9861,8947
11477,9862,8948
11478,9863,8949
11479,9864,8950
11480,9865,8951
11481,9866,8952
11482,9867,8953
11483,9868,8954
11484,9869,8955
11485,9870,8956
11486,9871,8957
11487,9872,8958
11488,9873,8959
11489,9874,8960
11490,9875,8961
11491,9876,8962
11492,9877,8963
11493,9878,8964
11494,9879,8965
11495,9880,8966
11496,9881,8967
11497,9882,8968
11498,9883,8969
11499,9884,8970
11500,9885,8971
11501,9886,8972
11502,9887,8973
11503,9888,8974
11504,9889,8975
11505,9890,8976
11506,9891,8977
11507,9892,8978
11508,9893,8979
11509,9894,8980
11510,9895,8981
11511,9896,8982
11512,9897,8983
11513,9898,8984
11514,9899,8985
11515,9900,8986
11516,9901,8987
11517,9902,8988
11518,9903,8989
11519,9904,8990
11520,9905,8991
11521,9906,8992
11522,9907,8993
11523,9908,8994
11524,9909,8995
11525,9910,8996
11526,9911,8997
11527,9912,8998
11528,9913,8999
11529,9914,9000
11530,9915,9001
11531,9916,9002
11532,9917,9003
11533,9918,9004
11534,9919,9005
11535,9920,9006
11536,9920,9007
11537,9920,9008
11538,9920,9009
11539,9920,9010
11540,9920,9011
11541,9920,9012
11542,9920,9013
11543,9920,9014
11544,9920,9015
11545,9921,9016
11546,9922,9017
11547,9923,9018
11548,9924,9019
11549,9925,9020
11550,9926,9021
11551,9927,9022
11552,9928,9023
11553,9929,9024
11554,9930,9025
11555,9930,9026
11556,9930,9027
11557,9930,9028
11558,9930,9029
11559,9930,9030
11560,9930,9031
11561,9930,9032
11562,9930,9033
11563,9930,9034
11564,9930,9035
11565,9930,9036
11566,9930,9037
11567,9930,9038
11568,9930,9039
11569,9931,9040
11570,9932,9041
11571,9933,9042
11572,9934,9043
11573,9935,9044
11574,9936,9045
11575,9937,9046
11576,9938,9047
11577,9939,9048
11578,9940,9049
11579,9941,9050
11580,9942,9051
11581,9943,9052
11582,9944,9053
11583,9945,9054
11584,9946,9055
11585,9947,9056
11586,9948,9057
11587,9949,9058
11588,9950,9059
11589,9951,9060
11590,9952,9061
11591,9953,9062
11592,9954,9063
11593,9955,9064
11594,9956,9065
11595,9957,9066
11596,9958,9067
11597,9959,9068
11598,9960,9069
11599,9961,9070
11600,9962,9071
11601,9963,9072
11602,9964,9073
11603,9965,9074
11604,9966,9075
11605,9967,9076
11606,9968,9077
11607,9969,9078
11608,9970,9079
11609,9971,9080
11610,9972,9081
11611,9973,9082
11612,9974,9083
11613,9975,9084
11614,9976,9085
11615,9977,9086
11616,9978,9087
11617,9979,9088
11618,9980,9089
11619,9981,9090
11620,9982,9091
11621,9983,9092
11622,9984,9093
11623,9985,9094
11624,9986,9095
11625,9987,9096
11626,9988,9097
11627,9989,9098
11628,9990,9099
11629,9991,9100
11630,9992,9101
11631,9993,9102
11632,9994,9103
11633,9995,9104
11634,9996,9105
11635,9997,9106
11636,9998,9107
11637,9999,9108
11638,10000,9109
11639,10001,9110
11640,10002,9111
11641,10003,9112
11642,10004,9113
11643,10005,9114
11644,10006,9115
11645,10007,9116
11646,10008,9117
11647,10009,9118
11648,10010,9119
11649,10011,9120
11650,10012,9121
11651,10013,9122
11652,10014,9123
11653,10015,9124
11654,10016,9125
11655,10017,9126
11656,10018,9127
11657,10019,9128
11658,10020,9129
11659,10021,9130
11660,10022,9131
11661,10023,9132
11662,10024,9133
11663,10025,9134
11664,10026,9135
11665,10027,9136
11666,10028,9137
11667,10029,9138
11668,10030,9139
11669,10031,9140
11670,10032,9141
11671,10033,9142
11672,10034,9143
11673,10035,9144
11674,10036,9145
11675,10037,9146
11676,10038,9147
11677,10039,9148
11678,10040,9149
11679,10041,9150
11680,10042,9151
11681,10043,9152
11682,10044,9153
11683,10045,9154
11684,10046,9155
11685,10047,9156
11686,10048,9157
11687,10049,9158
11688,10050,9159
11689,10051,9160
11690,10052,9161
11691,10053,9162
11692,10054,9163
11693,10055,9164
11694,10056,9165
11695,10057,9166
11696,10058,9167
11697,10059,9168
11698,10060,9169
11699,10061,9170
11700,10062,9171
11701,10063,9172
11702,10064,9173
11703,10065,9174
11704,10066,9175
11705,10067,9176
11706,10068,9177
11707,10069,9178
11708,10070,9179
11709,10071,9180
11710,10072,9181
11711,10073,9182
11712,10074,9183
11713,10075,9184
11714,10076,9185
11715,10077,9186
11716,10078,9187
11717,10079,9188
11718,10080,9189
11719,10081,9190
11720,10082,9191
11721,10083,9192
11722,10084,9193
11723,10085,9194
11724,10086,9195
11725,10087,9196
11726,10088,9197
11727,10089,9198
11728,10090,9199
11729,10091,9200
11730,10092,9201
11731,10093,9202
11732,10094,9203
11733,10095,9204
11734,10096,9205
11735,10097,9206
11736,10098,9207
11737,10099,9208
11738,10100,9209
11739,10101,9210
11740,10102,9211
11741,10103,9212
11742,10104,9213
11743,10105,9214
11744,10106,9215
11745,10107,9216
11746,10108,9217
11747,10109,9218
11748,10110,9219
11749,10111,9220
11750,10112,9221
11751,10113,9222
11752,10114,9223
11753,10115,9224
11754,10116,9225
11755,10117,9226
11756,10118,9227
11757,10119,9228
11758,10120,9229
11759,10121,9230
11760,10122,9231
11761,10123,9232
11762,10124,9233
11763,10125,9234
11764,10126,9235
11765,10127,9236
11766,10128,9237
11767,10129,9238
11768,10130,9239
11769,10131,9240
11770,10132,9241
11771,10133,9242
11772,10134,9243
11773,10135,9244
11774,10136,9245
11775,10137,9246
11776,10138,9247
11777,10139,9248
11778,10140,9249
11779,10141,9250
11780,10142,9251
11781,10143,9252
11782,10144,9253
11783,10145,9254
11784,10146,9255
11785,10147,9256
11786,10148,9257
11787,10149,9258
11788,10150,9259
11789,10151,9260
11790,10152,9261
11791,10153,9262
11792,10154,9263
11793,10155,9264
11794,10156,9265
11795,10157,9266
11796,10158,9267
11797,10159,9268
11798,10160,9269
11799,10161,9270
11800,10162,9271
11801,10163,9272
11802,10164,9273
11803,10165,9274
11804,10166,9275
11805,10167,9276
11806,10168,9277
11807,10169,9278
11808,10170,9279
11809,10171,9280
11810,10172,9281
11811,10173,9282
11812,10174,9283
11813,10175,9284
11814,10176,9285
11815,10177,9286
11816,10178,9287
11817,10179,9288
11818,10180,9289
11819,10181,9290
11820,10182,9291
11821,10183,9292
11822,10184,9293
11823,10185,9294
11824,10186,9295
11825,10187,9296
11826,10188,9297
11827,10189,9298
11828,10190,9299
11829,10191,9300
11830,10192,9301
11831,10193,9302
11832,10194,9303
11833,10195,9304
11834,10196,9305
11835,10197,9306
11836,10198,9307
11837,10199,9308
11838,10200,9309
11839,10200,9310
11840,10200,9311
11841,10200,9312
11842,10200,9313
11843,10201,9314
11844,10202,9315
11845,10203,9316
11846,10204,9317
11847,10205,9318
11848,10206,9319
11849,10207,9320
11850,10208,9321
11851,10209,9322
11852,10210,9323
11853,10211,9324
11854,10212,9325
11855,10213,9326
11856,10214,9327
11857,10215,9328
11858,10216,9329
11859,10217,9330
11860,10218,9331
11861,10219,9332
11862,10220,9333
11863,10221,9334
11864,10222,9335
11865,10223,9336
11866,10224,9337
11867,10225,9338
11868,10226,9339
11869,10227,9340
11870,10228,9341
11871,10229,9342
11872,10230,9343
11873,10231,9344
11874,10232,9345
11875,10233,9346
11876,10234,9347
11877,10235,9348
11878,10236,9349
11879,10237,9350
11880,10238,9351
11881,10239,9352
11882,10240,9353
11883,10240,9354
11884,10240,9355
11885,10240,9356
11886,10240,9357
11887,10240,9358
11888,10240,9359
11889,10240,9360
11890,10240,9361
11891,10240,9362
11892,10240,9363
11893,10240,9364
11894,10240,9365
11895,10240,9366
11896,10241,9367
11897,10242,9368
11898,10243,9369
11899,10244,9370
11900,10245,9371
11901,10246,9372
11902,10247,9373
11903,10248,9374
11904,10249,9375
11905,10250,9376
11906,10251,9377
11907,10252,9378
11908,10253,9379
11909,10254,9380
11910,10255,9381
11911,10256,9382
11912,10257,9383
11913,10258,9384
11914,10259,9385
11915,10260,9386
11916,10261,9387
11917,10262,9388
11918,10263,9389
11919,10264,9390
11920,10265,9391
11921,10266,9392
11922,10267,9393
11923,10268,9394
11924,10269,9395
11925,10270,9396
11926,10271,9397
11927,10272,9398
11928,10273,9399
11929,10274,9400
11930,10275,9401
11931,10276,9402
11932,10277,9403
11933,10278,9404
11934,10279,9405
11935,10280,9406
11936,10281,9407
11937,10282,9408
11938,10283,9409
11939,10284,9410
11940,10285,9411
11941,10286,9412
11942,10287,9413
11943,10288,9414
11944,10289,9415
11945,10290,9416
11946,10291,9417
11947,10292,9418
11948,10293,9419
11949,10294,9420
11950,10295,9421
11951,10296,9422
11952,10297,9423
11953,10298,9424
11954,10299,9425
11955,10300,9426
11956,10301,9427
11957,10302,9428
11958,10303,9429
11959,10304,9430
11960,10305,9431
11961,10306,9432
11962,10307,9433
11963,10308,9434
11964,10309,9435
11965,10310,9436
11966,10311,9437
11967,10312,9438
11968,10313,9439
11969,10314,9440
11970,10315,9441
11971,10316,9442
11972,10317,9443
11973,10318,9444
11974,10319,9445
11975,10320,9446
11976,10321,9447
11977,10322,9448
11978,10323,9449
11979,10324,9450
11980,10325,9451
11981,10326,9452
11982,10327,9453
11983,10328,9454
11984,10329,9455
11985,10330,9456
11986,10331,9457
11987,10332,9458
11988,10333,9459
11989,10334,9460
11990,10335,9461
11991,10336,9462
11992,10337,9463
11993,10338,9464
11994,10339,9465
11995,10340,9466
11996,10341,9467
11997,10342,9468
11998,10343,9469
11999,10344,9470
12000,10345,9471
12001,10346,9472
12002,10347,9473
12003,10348,9474
12004,10349,9475
12005,10350,9476
12006,10351,9477
12007,10352,9478
12008,10353,9479
12009,10354,9480
12010,10355,9481
12011,10356,9482
12012,10357,9483
12013,10358,9484
12014,10359,9485
12015,10360,9486
12016,10361,9487
12017,10362,9488
12018,10363,9489
12019,10364,9490
12020,10365,9491
12021,10366,9492
12022,10367,9493
12023,10368,9494
12024,10369,9495
12025,10370,9496
12026,10371,9497
12027,10372,9498
12028,10373,9499
12029,10374,9500
12030,10375,9501
12031,10376,9502
12032,10377,9503
12033,10378,9504
12034,10379,9505
12035,10380,9506
12036,10381,9507
12037,10382,9508
12038,10383,9509
12039,10384,9510
12040,10385,9511
12041,10386,9512
12042,10387,9513
12043,10388,9514
12044,10389,9515
12045,10390,9516
12046,10391,9517
12047,10392,9518
12048,10393,9519
12049,10394,9520
12050,10395,9521
12051,10396,9522
12052,10397,9523
12053,10398,9524
12054,10399,9525
12055,10400,9526
12056,10401,9527
12057,10402,9528
12058,10403,9529
12059,10404,9530
12060,10405,9531
12061,10406,9532
12062,10407,9533
12063,10408,9533
12064,10409,9533
12065,10410,9534
12066,10411,9535
12067,10412,9536
12068,10413,9537
12069,10414,9538
12070,10415,9539
12071,10416,9540
12072,10417,9541
12073,10418,9542
12074,10419,9543
12075,10420,9544
12076,10421,9545
12077,10422,9546
12078,10423,9547
12079,10424,9548
12080,10425,9549
12081,10426,9550
12082,10427,9551
12083,10428,9552
12084,10429,9553
12085,10430,9554
12086,10431,9555
12087,10432,9556
12088,10433,9557
12089,10434,9558
12090,10435,9559
12091,10436,9560
12092,10437,9561
12093,10438,9562
12094,10439,9563
12095,10440,9564
12096,10440,9565
12097,10440,9566
12098,10440,9567
12099,10440,9568
12100,10440,9569
12101,10440,9570
12102,10440,9571
12103,10440,9572
12104,10441,9573
12105,10442,9574
12106,10443,9575
12107,10444,9576
12108,10445,9577
12109,10446,9578
12110,10447,9579
12111,10448,9580
12112,10449,9581
12113,10450,9582
12114,10451,9583
12115,10452,9584
12116,10453,9585
12117,10454,9586
12118,10455,9587
12119,10456,9588
12120,10457,9589
12121,10458,9590
12122,10459,9591
12123,10460,9592
12124,10461,9593
12125,10462,9594
12126,10463,9595
12127,10464,9596
12128,10465,9597
12129,10466,9598
12130,10467,9599
12131,10468,9600
12132,10469,9601
12133,10470,9602
12134,10471,9603
12135,10472,9604
12136,10473,9605
12137,10474,9606
12138,10475,9607
12139,10476,9608
12140,10477,9609
12141,10478,9610
12142,10479,9611
12143,10480,9612
12144,10481,9613
12145,10482,9614
12146,10483,9615
12147,10484,9616
12148,10485,9617
12149,10486,9618
12150,10487,9619
12151,10488,9620
12152,10489,9621
12153,10490,9622
12154,10491,9623
12155,10492,9624
12156,10493,9625
12157,10494,9626
12158,10495,9627
12159,10496,9628
12160,10497,9629
12161,10498,9630
12162,10499,9631
12163,10500,9632
12164,10501,9633
12165,10502,9634
12166,10503,9635
12167,10504,9636
12168,10505,9637
12169,10506,9638
12170,10507,9639
12171,10508,9640
12172,10509,9641
12173,10510,9642
12174,10511,9643
12175,10512,9644
12176,10513,9645
12177,10514,9646
12178,10515,9647
12179,10516,9648
12180,10517,9649
12181,10518,9650
12182,10519,9651
12183,10520,9652
12184,10520,9653
12185,10520,9654
12186,10520,9655
12187,10520,9656
12188,10520,9657
12189,10520,9658
12190,10520,9659
12191,10520,9660
12192,10520,9661
12193,10521,9662
12194,10522,9663
12195,10523,9664
12196,10524,9665
12197,10525,9666
12198,10526,9667
12199,10527,9668
12200,10528,9669
12201,10529,9670
12202,10530,9671
12203,10531,9672
12204,10532,9673
12205,10533,9674
12206,10534,9675
12207,10535,9676
12208,10536,9677
12209,10537,9678
12210,10538,9679
12211,10539,9680
12212,10540,9681
12213,10541,9682
12214,10542,9683
12215,10543,9684
12216,10544,9685
12217,10545,9686
12218,10546,9687
12219,10547,9688
12220,10548,9689
12221,10549,9690
12222,10550,9691
12223,10551,9692
12224,10552,9693
12225,10553,9694
12226,10554,9695
12227,10555,9696
12228,10556,9697
12229,10557,9698
12230,10558,9699
12231,10559,9700
12232,10560,9701
12233,10561,9702
12234,10562,9703
12235,10563,9704
12236,10564,9705
12237,10565,9706
12238,10566,9707
12239,10567,9708
12240,10568,9709
12241,10569,9710
12242,10570,9711
12243,10570,9712
12244,10570,9713
12245,10570,9714
12246,10570,9715
12247,10570,9716
12248,10570,9717
12249,10570,9718
12250,10570,9719
12251,10570,9720
12252,10570,9721
12253,10570,9722
12254,10570,9723
12255,10570,9724
12256,10570,9725
12257,10570,9726
12258,10570,9727
12259,10570,9728
12260,10570,9729
12261,10570,9730
12262,10570,9731
12263,10570,9732
12264,10570,9733
12265,10570,9734
12266,10570,9735
12267,10570,9736
12268,10570,9737
12269,10570,9738
12270,10570,9739
12271,10570,9740
12272,10570,9741
12273,10571,9742
12274,10572,9743
12275,10573,9744
12276,10574,9745
12277,10575,9746
12278,10576,9747
12279,10577,9748
12280,10578,9749
12281,10579,9750
12282,10580,9751
12283,10581,9752
12284,10582,9753
12285,10583,9754
12286,10584,9755
12287,10585,9756
12288,10586,9757
12289,10587,9758
12290,10588,9759
12291,10589,9760
12292,10590,9761
12293,10591,9762
12294,10592,9763
12295,10593,9764
12296,10594,9765
12297,10595,9766
12298,10596,9767
12299,10597,9768
12300,10598,9769
12301,10599,9770
12302,10600,9771
12303,10601,9772
12304,10602,9773
12305,10603,9774
12306,10604,9775
12307,10605,9776
12308,10606,9777
12309,10607,9778
12310,10608,9779
12311,10609,9780
12312,10610,9781
12313,10611,9782
12314,10612,9783
12315,10613,9784
12316,10614,9785
12317,10615,9786
12318,10616,9787
12319,10617,9788
12320,10618,9789
12321,10619,9790
12322,10620,9791
12323,10621,9792
12324,10622,9793
12325,10623,9794
12326,10624,9795
12327,10625,9796
12328,10626,9797
12329,10627,9798
12330,10628,9799
12331,10629,9800
12332,10630,9801
12333,10631,9802
12334,10632,9803
12335,10633,9804
12336,10634,9805
12337,10635,9806
12338,10636,9807
12339,10637,9808
12340,10638,9809
12341,10639,9810
12342,10640,9811
12343,10641,9812
12344,10642,9813
12345,10643,9814
12346,10644,9815
12347,10645,9816
12348,10646,9817
12349,10647,9818
12350,10648,9819
12351,10649,9820
12352,10650,9821
12353,10651,9822
12354,10652,9823
12355,10653,9824
12356,10654,9825
12357,10655,9826
12358,10656,9827
12359,10657,9828
12360,10658,9829
12361,10659,9830
12362,10660,9831
12363,10661,9832
12364,10662,9833
12365,10663,9834
12366,10664,9835
12367,10665,9836
12368,10666,9837
12369,10667,9838
12370,10668,9839
12371,10669,9840
12372,10670,9841
12373,10671,9842
12374,10672,9843
12375,10673,9844
12376,10674,9845
12377,10675,9846
12378,10676,9847
12379,10677,9848
12380,10678,9849
12381,10679,9850
12382,10680,9851
12383,10681,9852
12384,10682,9853
12385,10683,9854
12386,10684,9855
12387,10685,9856
12388,10686,9857
12389,10687,9858
12390,10688,9859
12391,10689,9860
12392,10690,9861
12393,10691,9862
12394,10692,9863
12395,10693,9864
12396,10694,9865
12397,10695,9866
12398,10696,9867
12399,10697,9868
12400,10698,9869
12401,10699,9870
12402,10700,9871
12403,10701,9872
12404,10702,9873
12405,10703,9874
12406,10704,9875
12407,10705,9876
12408,10706,9877
12409,10707,9878
12410,10708,9879
12411,10709,9880
12412,10710,9881
12413,10711,9882
12414,10712,9883
12415,10713,9884
12416,10714,9885
12417,10715,9886
12418,10716,9887
12419,10717,9888
12420,10718,9889
12421,10719,9890
12422,10720,9891
12423,10720,9892
12424,10720,9893
12425,10721,9894
12426,10722,9895
12427,10723,9896
12428,10724,9897
12429,10725,9898
12430,10726,9899
12431,10727,9900
12432,10728,9901
12433,10729,9902
12434,10730,9903
12435,10731,9904
12436,10732,9905
12437,10733,9906
12438,10734,9907
12439,10735,9908
12440,10736,9909
12441,10737,9910
12442,10738,9911
12443,10739,9912
12444,10740,9913
12445,10741,9914
12446,10742,9915
12447,10743,9916
12448,10744,9917
12449,10745,9918
12450,10746,9919
12451,10747,9920
12452,10748,9921
12453,10749,9922
12454,10750,9923
12455,10751,9924
12456,10752,9925
12457,10753,9926
12458,10754,9927
12459,10755,9928
12460,10756,9929
12461,10757,9930
12462,10758,9931
12463,10759,9932
12464,10760,9933
12465,10761,9934
12466,10762,9935
12467,10763,9936
12468,10764,9937
12469,10765,9938
12470,10766,9939
12471,10767,9940
12472,10768,9941
12473,10769,9942
12474,10770,9943
12475,10771,9944
12476,10772,9945
12477,10773,9946
12478,10774,9947
12479,10775,9948
12480,10776,9949
12481,10777,9950
12482,10778,9951
12483,10779,9952
12484,10780,9953
12485,10781,9954
12486,10782,9955
12487,10783,9956
12488,10784,9957
12489,10785,9958
12490,10786,9959
12491,10787,9960
12492,10788,9961
12493,10789,9962
12494,10790,9963
12495,10791,9964
12496,10792,9965
12497,10793,9966
12498,10794,9967
12499,10795,9968
12500,10796,9969
12501,10797,9970
12502,10798,9971
12503,10799,9972
12504,10800,9973
12505,10801,9974
12506,10802,9975
12507,10803,9976
12508,10804,9977
12509,10805,9978
12510,10806,9979
12511,10807,9980
12512,10808,9981
12513,10809,9982
12514,10810,9983
12515,10811,9984
12516,10812,9985
12517,10813,9986
12518,10814,9987
12519,10815,9988
12520,10816,9989
12521,10817,9990
12522,10818,9991
12523,10819,9992
12524,10820,9993
12525,10821,9994
12526,10822,9995
12527,10823,9996
12528,10824,9997
12529,10825,9998
12530,10826,9999
12531,10827,10000
12532,10828,10001
12533,10829,10002
12534,10830,10003
12535,10831,10004
12536,10832,10005
12537,10833,10006
12538,10834,10007
12539,10835,10008
12540,10836,10009
12541,10837,10010
12542,10838,10011
12543,10839,10012
12544,10840,10013
12545,10840,10014
12546,10840,10015
12547,10840,10016
12548,10840,10017
12549,10840,10018
12550,10840,10019
12551,10840,10020
12552,10840,10021
12553,10840,10022
12554,10840,10023
12555,10840,10024
12556,10840,10025
12557,10840,10026
12558,10840,10027
12559,10840,10028
12560,10840,10029
12561,10840,10030
12562,10840,10031
12563,10840,10032
12564,10840,10033
12565,10840,10034
12566,10840,10035
12567,10840,10036
12568,10840,10037
12569,10840,10038
12570,10840,10039
12571,10840,10040
12572,10840,10041
12573,10840,10042
12574,10840,10043
12575,10840,10044
12576,10840,10045
12577,10840,10046
12578,10840,10047
12579,10840,10048
12580,10840,10049
12581,10840,10050
12582,10840,10051
12583,10840,10052
12584,10840,10053
12585,10840,10054
12586,10840,10055
12587,10840,10056
12588,10840,10057
12589,10840,10058
12590,10840,10059
12591,10840,10060
12592,10840,10061
12593,10840,10062
12594,10840,10063
12595,10840,10064
12596,10840,10065
12597,10840,10066
12598,10840,10067
12599,10840,10068
12600,10840,10069
12601,10840,10070
12602,10840,10071
12603,10840,10072
12604,10840,10073
12605,10840,10074
12606,10840,10075
12607,10840,10076
12608,10840,10077
12609,10840,10078
12610,10840,10079
12611,10840,10080
12612,10840,10081
12613,10840,10082
12614,10840,10083
12615,10840,10084
12616,10840,10085
12617,10840,10086
12618,10840,10087
12619,10840,10088
12620,10840,10089
12621,10840,10090
12622,10840,10091
12623,10840,10092
12624,10840,10093
12625,10840,10094
12626,10840,10095
12627,10840,10096
12628,10840,10097
12629,10840,10098
12630,10840,10099
12631,10840,10100
12632,10841,10101
12633,10842,10102
12634,10843,10103
12635,10844,10104
12636,10845,10105
12637,10846,10106
12638,10847,10107
12639,10848,10108
12640,10849,10109
12641,10850,10110
12642,10851,10111
12643,10852,10112
12644,10853,10113
12645,10854,10114
12646,10855,10115
12647,10856,10116
12648,10857,10117
12649,10858,10118
12650,10859,10119
12651,10860,10120
12652,10861,10121
12653,10862,10122
12654,10863,10123
12655,10864,10124
12656,10865,10125
12657,10866,10126
12658,10867,10127
12659,10868,10128
12660,10869,10129
12661,10870,10130
12662,10871,10131
12663,10872,10132
12664,10873,10133
12665,10874,10134
12666,10875,10135
12667,10876,10136
12668,10877,10137
12669,10878,10138
12670,10879,10139
12671,10880,10140
12672,10880,10141
12673,10880,10142
12674,10880,10143
12675,10880,10144
12676,10880,10145
12677,10880,10146
12678,10880,10147
12679,10880,10148
12680,10880,10149
12681,10880,10150
12682,10880,10151
12683,10880,10152
12684,10880,10153
12685,10880,10154
12686,10880,10155
12687,10880,10156
12688,10880,10157
12689,10880,10158
12690,10880,10159
12691,10880,10160
12692,10880,10161
12693,10880,10162
12694,10880,10163
12695,10880,10164
12696,10880,10165
12697,10880,10166
12698,10880,10167
12699,10880,10168
12700,10880,10169
12701,10880,10170
12702,10880,10171
12703,10880,10172
12704,10880,10173
12705,10880,10174
12706,10880,10175
12707,10880,10176
12708,10880,10177
12709,10880,10178
12710,10880,10179
12711,10880,10180
12712,10880,10181
12713,10880,10182
12714,10880,10183
12715,10880,10184
12716,10880,10185
12717,10880,10186
12718,10880,10187
12719,10880,10188
12720,10880,10189
12721,10880,10190
12722,10880,10191
12723,10880,10192
12724,10880,10193
12725,10881,10194
12726,10882,10195
12727,10883,10196
12728,10884,10197
12729,10885,10198
12730,10886,10199
12731,10887,10200
12732,10888,10201
12733,10889,10202
12734,10890,10203
12735,10891,10204
12736,10892,10205
12737,10893,10206
12738,10894,10207
12739,10895,10208
12740,10896,10209
12741,10897,10210
12742,10898,10211
12743,10899,10212
12744,10900,10213
12745,10901,10214
12746,10902,10215
12747,10903,10216
12748,10904,10217
12749,10905,10218
12750,10906,10219
12751,10907,10220
12752,10908,10221
12753,10909,10222
12754,10910,10223
12755,10911,10224
12756,10912,10225
12757,10913,10226
12758,10914,10227
12759,10915,10228
12760,10916,10229
12761,10917,10230
12762,10918,10231
12763,10919,10232
12764,10920,10233
12765,10921,10234
12766,10922,10235
12767,10923,10236
12768,10924,10237
12769,10925,10238
12770,10926,10239
12771,10927,10240
12772,10928,10241
12773,10929,10242
12774,10930,10243
12775,10931,10244
12776,10932,10245
12777,10933,10246
12778,10934,10247
12779,10935,10248
12780,10936,10249
12781,10937,10250
12782,10938,10251
12783,10939,10252
12784,10940,10253
12785,10941,10254
12786,10942,10255
12787,10943,10256
12788,10944,10257
12789,10945,10258
12790,10946,10259
12791,10947,10260
12792,10948,10261
12793,10949,10262
12794,10950,10263
12795,10951,10264
12796,10952,10265
12797,10953,10266
12798,10954,10267
12799,10955,10268
12800,10956,10269
12801,10957,10270
12802,10958,10271
12803,10959,10272
12804,10960,10273
12805,10961,10274
12806,10962,10275
12807,10963,10276
12808,10964,10277
12809,10965,10278
12810,10966,10279
12811,10967,10280
12812,10968,10281
12813,10969,10282
12814,10970,10283
12815,10971,10284
12816,10972,10285
12817,10973,10286
12818,10974,10287
12819,10975,10288
12820,10976,10289
12821,10977,10290
12822,10978,10291
12823,10979,10292
12824,10980,10293
12825,10981,10294
12826,10982,10295
12827,10983,10296
12828,10984,10297
12829,10985,10298
12830,10986,10299
12831,10987,10300
12832,10988,10301
12833,10989,10302
12834,10990,10303
12835,10991,10304
12836,10992,10305
12837,10993,10306
12838,10994,10307
12839,10995,10308
12840,10996,10309
12841,10997,10310
12842,10998,10311
12843,10999,10312
12844,11000,10313
12845,11001,10314
12846,11002,10315
12847,11003,10316
12848,11004,10317
12849,11005,10318
12850,11006,10319
12851,11007,10320
12852,11008,10321
12853,11009,10322
12854,11010,10323
12855,11011,10324
12856,11012,10325
12857,11013,10326
12858,11014,10327
12859,11015,10328
12860,11016,10329
12861,11017,10330
12862,11018,10331
12863,11019,10332
12864,11020,10333
12865,11021,10334
12866,11022,10335
12867,11023,10336
12868,11024,10337
12869,11025,10338
12870,11026,10339
12871,11027,10340
12872,11028,10341
12873,11029,10342
12874,11030,10343
12875,11031,10344
12876,11032,10345
12877,11033,10346
12878,11034,10347
12879,11035,10348
12880,11036,10349
12881,11037,10350
12882,11038,10351
12883,11039,10352
12884,11040,10353
12885,11040,10354
12886,11040,10355
12887,11040,10356
12888,11040,10357
12889,11040,10358
12890,11040,10359
12891,11040,10360
12892,11040,10361
12893,11040,10362
12894,11040,10363
12895,11040,10364
12896,11040,10365
12897,11040,10366
12898,11040,10367
12899,11040,10368
12900,11040,10369
12901,11040,10370
12902,11040,10371
12903,11040,10372
12904,11040,10373
12905,11040,10374
12906,11040,10375
12907,11040,10376
12908,11040,10377
12909,11040,10378
12910,11040,10379
12911,11040,10380
12912,11040,10381
12913,11040,10382
12914,11040,10383
12915,11040,10384
12916,11040,10385
12917,11040,10386
12918,11040,10387
12919,11040,10388
12920,11040,10389
12921,11040,10390
12922,11040,10391
12923,11041,10392
12924,11042,10393
12925,11043,10394
12926,11044,10395
12927,11045,10396
12928,11046,10397
12929,11047,10398
12930,11048,10399
12931,11049,10400
12932,11050,10401
12933,11051,10402
12934,11052,10403
12935,11053,10404
12936,11054,10405
12937,11055,10406
12938,11056,10407
12939,11057,10408
12940,11058,10409
12941,11059,10410
12942,11060,10411
12943,11061,10412
12944,11062,10413
12945,11063,10414
12946,11064,10415
12947,11065,10416
12948,11066,10417
12949,11067,10418
12950,11068,10419
12951,11069,10420
12952,11070,10421
12953,11071,10422
12954,11072,10423
12955,11073,10424
12956,11074,10425
12957,11075,10426
12958,11076,10427
12959,11077,10428
12960,11078,10429
12961,11079,10430
12962,11080,10431
12963,11081,10432
12964,11082,10433
12965,11083,10434
12966,11084,10435
12967,11085,10436
12968,11086,10437
12969,11087,10438
12970,11088,10439
12971,11089,10440
12972,11090,10441
12973,11091,10442
12974,11092,10443
12975,11093,10444
12976,11094,10445
12977,11095,10446
12978,11096,10447
12979,11097,10448
12980,11098,10449
12981,11099,10450
12982,11100,10451
12983,11101,10452
12984,11102,10453
12985,11103,10454
12986,11104,10455
12987,11105,10456
12988,11106,10457
12989,11107,10458
12990,11108,10459
12991,11109,10460
12992,11110,10461
12993,11111,10462
12994,11112,10463
12995,11113,10464
12996,11114,10465
12997,11115,10466
12998,11116,10467
12999,11117,10468
13000,11118,10469
13001,11119,10470
13002,11120,10471
13003,11121,10472
13004,11122,10473
13005,11123,10474
13006,11124,10475
13007,11125,10476
13008,11126,10477
13009,11127,10478
13010,11128,10479
13011,11129,10480
13012,11130,10481
13013,11131,10482
13014,11132,10483
13015,11133,10484
13016,11134,10485
13017,11135,10486
13018,11136,10487
13019,11137,10488
13020,11138,10489
13021,11139,10490
13022,11140,10491
13023,11141,10492
13024,11142,10493
13025,11143,10494
13026,11144,10495
13027,11145,10496
13028,11146,10497
13029,11147,10498
13030,11148,10499
13031,11149,10500
13032,11150,10501
13033,11151,10502
13034,11152,10503
13035,11153,10504
13036,11154,10505
13037,11155,10506
13038,11156,10507
13039,11157,10508
13040,11158,10509
13041,11159,10510
13042,11160,10511
13043,11161,10512
13044,11162,10513
13045,11163,10514
13046,11164,10515
13047,11165,10516
13048,11166,10517
13049,11167,10518
13050,11168,10519
13051,11169,10520
13052,11170,10521
13053,11171,10522
13054,11172,10523
13055,11173,10524
13056,11174,10525
13057,11175,10526
13058,11176,10527
13059,11177,10528
13060,11178,10529
13061,11179,10530
13062,11180,10531
13063,11181,10532
13064,11182,10533
13065,11183,10534
13066,11184,10535
13067,11185,10536
13068,11186,10537
13069,11187,10538
13070,11188,10539
13071,11189,10540
13072,11190,10541
13073,11191,10542
13074,11192,10543
13075,11193,10544
13076,11194,10545
13077,11195,10546
13078,11196,10547
13079,11197,10548
13080,11198,10549
13081,11199,10550
13082,11200,10551
13083,11200,10552
13084,11200,10553
13085,11200,10554
13086,11200,10555
13087,11200,10556
13088,11200,10557
13089,11200,10558
13090,11200,10559
13091,11200,10560
13092,11200,10561
13093,11200,10562
13094,11200,10563
13095,11200,10564
13096,11200,10565
13097,11200,10566
13098,11200,10567
13099,11200,10568
13100,11200,10569
13101,11200,10570
13102,11200,10571
13103,11200,10572
13104,11200,10573
13105,11200,10574
13106,11200,10575
13107,11200,10576
13108,11200,10577
13109,11200,10578
13110,11200,10579
13111,11200,10580
13112,11200,10581
13113,11200,10582
13114,11200,10583
13115,11200,10584
13116,11200,10585
13117,11200,10586
13118,11200,10587
13119,11200,10588
13120,11200,10589
13121,11200,10590
13122,11200,10591
13123,11200,10592
13124,11200,10593
13125,11200,10594
13126,11200,10595
13127,11200,10596
13128,11200,10597
13129,11200,10598
13130,11200,10599
13131,11200,10600
13132,11200,10601
13133,11200,10602
13134,11200,10603
13135,11200,10604
13136,11200,10605
13137,11200,10606
13138,11200,10607
13139,11200,10608
13140,11200,10609
13141,11200,10610
13142,11200,10611
13143,11200,10612
13144,11200,10613
13145,11200,10614
13146,11200,10615
13147,11200,10616
13148,11200,10617
13149,11200,10618
13150,11200,10619
13151,11200,10620
13152,11200,10621
13153,11200,10622
13154,11200,10623
13155,11200,10624
13156,11200,10625
13157,11200,10626
13158,11200,10627
13159,11200,10628
13160,11200,10629
13161,11200,10630
13162,11200,10631
13163,11200,10632
13164,11200,10633
13165,11200,10634
13166,11200,10635
13167,11200,10636
13168,11200,10637
13169,11200,10638
13170,11200,10639
13171,11200,10640
13172,11200,10641
13173,11200,10642
13174,11200,10643
13175,11200,10644
13176,11200,10645
13177,11200,10646
13178,11200,10647
13179,11200,10648
13180,11200,10649
13181,11200,10650
13182,11200,10651
13183,11200,10652
13184,11200,10653
13185,11200,10654
13186,11200,10655
13187,11200,10656
13188,11200,10657
13189,11200,10658
13190,11200,10659
13191,11200,10660
13192,11200,10661
13193,11200,10662
13194,11200,10663
13195,11200,10664
13196,11200,10665
13197,11200,10666
13198,11200,10667
13199,11200,10668
13200,11200,10669
13201,11200,10670
13202,11200,10671
13203,11200,10672
13204,11200,10673
13205,11200,10674
13206,11200,10675
13207,11200,10676
13208,11200,10677
13209,11200,10678
13210,11200,10679
13211,11200,10680
13212,11200,10681
13213,11200,10682
13214,11200,10683
13215,11200,10684
13216,11200,10685
13217,11200,10686
13218,11200,10687
13219,11200,10688
13220,11200,10689
13221,11200,10690
13222,11200,10691
13223,11200,10692
13224,11200,10693
13225,11200,10694
13226,11200,10695
13227,11200,10696
13228,11200,10697
13229,11200,10698
13230,11200,10699
13231,11200,10700
13232,11200,10701
13233,11200,10702
13234,11200,10703
13235,11200,10704
13236,11200,10705
13237,11200,10706
13238,11200,10707
13239,11200,10708
13240,11200,10709
13241,11200,10710
13242,11200,10711
13243,11200,10712
13244,11200,10713
13245,11200,10714
13246,11200,10715
13247,11200,10716
13248,11200,10717
13249,11200,10718
13250,11200,10719
13251,11200,10720
13252,11200,10721
13253,11200,10722
13254,11200,10723
13255,11200,10724
13256,11200,10725
13257,11200,10726
13258,11200,10727
13259,11200,10728
13260,11200,10729
13261,11200,10730
13262,11200,10731
13263,11200,10732
13264,11200,10733
13265,11200,10734
13266,11200,10735
13267,11200,10736
13268,11200,10737
13269,11200,10738
13270,11200,10739
13271,11200,10740
13272,11200,10741
13273,11200,10742
13274,11200,10743
13275,11201,10744
13276,11202,10745
13277,11203,10746
13278,11204,10747
13279,11205,10748
13280,11206,10749
13281,11207,10750
13282,11208,10751
13283,11209,10752
13284,11210,10753
13285,11211,10754
13286,11212,10755
13287,11213,10756
13288,11214,10757
13289,11215,10758
13290,11216,10759
13291,11217,10760
13292,11218,10761
13293,11219,10762
13294,11220,10763
13295,11221,10764
13296,11222,10765
13297,11223,10766
13298,11224,10767
13299,11225,10768
13300,11226,10769
13301,11227,10770
13302,11228,10771
13303,11229,10772
13304,11230,10773
13305,11231,10774
13306,11232,10775
13307,11233,10776
13308,11234,10777
13309,11235,10778
13310,11236,10779
13311,11237,10780
13312,11238,10781
13313,11239,10782
13314,11240,10783
13315,11241,10784
13316,11242,10785
13317,11243,10786
13318,11244,10787
13319,11245,10788
13320,11246,10789
13321,11247,10790
13322,11248,10791
13323,11249,10792
13324,11250,10793
13325,11251,10794
13326,11252,10795
13327,11253,10796
13328,11254,10797
13329,11255,10798
13330,11256,10799
13331,11257,10800
13332,11258,10801
13333,11259,10802
13334,11260,10803
13335,11261,10804
13336,11262,10805
13337,11263,10806
13338,11264,10807
13339,11265,10808
13340,11266,10809
13341,11267,10810
13342,11268,10811
13343,11269,10812
13344,11270,10813
13345,11271,10814
13346,11272,10815
13347,11273,10816
13348,11274,10817
13349,11275,10818
13350,11276,10819
13351,11277,10820
13352,11278,10821
13353,11279,10822
13354,11280,10823
13355,11281,10824
13356,11282,10825
13357,11283,10826
13358,11284,10827
13359,11285,10828
13360,11286,10829
13361,11287,10830
13362,11288,10831
13363,11289,10832
13364,11290,10833
13365,11291,10834
13366,11292,10835
13367,11293,10836
13368,11294,10837
13369,11295,10838
13370,11296,10839
13371,11297,10840
13372,11298,10841
13373,11299,10842
13374,11300,10843
13375,11301,10844
13376,11302,10845
13377,11303,10846
13378,11304,10847
13379,11305,10848
13380,11306,10849
13381,11307,10850
13382,11308,10851
13383,11309,10852
13384,11310,10853
13385,11311,10854
13386,11312,10855
13387,11313,10856
13388,11314,10857
13389,11315,10858
13390,11316,10859
13391,11317,10860
13392,11318,10861
13393,11319,10862
13394,11320,10863
13395,11321,10864
13396,11322,10865
13397,11323,10866
13398,11324,10867
13399,11325,10868
13400,11326,10869
13401,11327,10870
13402,11328,10871
13403,11329,10872
13404,11330,10873
13405,11331,10874
13406,11332,10875
13407,11333,10876
13408,11334,10877
13409,11335,10878
13410,11336,10879
13411,11337,10880
13412,11338,10881
13413,11339,10882
13414,11340,10883
13415,11341,10884
13416,11342,10885
13417,11343,10886
13418,11344,10887
13419,11345,10888
13420,11346,10889
13421,11347,10890
13422,11348,10891
13423,11349,10892
13424,11350,10893
13425,11351,10894
13426,11352,10895
13427,11353,10896
13428,11354,10897
13429,11355,10898
13430,11356,10899
13431,11357,10900
13432,11358,10901
13433,11359,10902
13434,11360,10903
13435,11361,10904
13436,11362,10905
13437,11363,10906
13438,11364,10907
13439,11365,10908
13440,11366,10909
13441,11367,10910
13442,11368,10911
13443,11369,10912
13444,11370,10913
13445,11371,10914
13446,11372,10915
13447,11373,10916
13448,11374,10917
13449,11375,10918
13450,11376,10919
13451,11377,10920
13452,11378,10921
13453,11379,10922
13454,11380,10923
13455,11381,10924
13456,11382,10925
13457,11383,10926
13458,11384,10927
13459,11385,10928
13460,11386,10929
13461,11387,10930
13462,11388,10931
13463,11389,10932
13464,11390,10933
13465,11391,10934
13466,11392,10935
13467,11393,10936
13468,11394,10937
13469,11395,10938
13470,11396,10939
13471,11397,10940
13472,11398,10941
13473,11399,10942
13474,11400,10943
13475,11401,10944
13476,11402,10945
13477,11403,10946
13478,11404,10947
13479,11405,10948
13480,11406,10949
13481,11407,10949
13482,11408,10949
13483,11409,10949
13484,11410,10949
13485,11411,10949
13486,11412,10949
13487,11413,10949
13488,11414,10949
13489,11415,10949
13490,11416,10949
13491,11417,10949
13492,11418,10949
13493,11419,10949
13494,11420,10949
13495,11421,10949
13496,11422,10949
13497,11423,10949
13498,11424,10949
13499,11425,10949
13500,11426,10949
13501,11427,10949
13502,11428,10949
13503,11429,10949
13504,11430,10949
13505,11431,10949
13506,11432,10950
13507,11433,10951
13508,11434,10952
13509,11435,10953
13510,11436,10954
13511,11437,10955
13512,11438,10956
13513,11439,10957
13514,11440,10958
13515,11441,10959
13516,11442,10960
13517,11443,10961
13518,11444,10962
13519,11445,10963
13520,11446,10964
13521,11447,10965
13522,11448,10966
13523,11449,10966
13524,11450,10966
13525,11451,10966
13526,11452,10966
13527,11453,10966
13528,11454,10966
13529,11455,10966
13530,11456,10966
13531,11457,10966
13532,11458,10966
13533,11459,10966
13534,11460,10966
13535,11461,10966
13536,11462,10966
13537,11463,10966
13538,11464,10966
13539,11465,10966
13540,11466,10966
13541,11467,10966
13542,11468,10966
13543,11469,10966
13544,11470,10966
13545,11471,10966
13546,11472,10966
13547,11473,10966
13548,11474,10966
13549,11475,10966
13550,11476,10966
13551,11477,10966
13552,11478,10967
13553,11479,10968
13554,11480,10969
13555,11481,10970
13556,11482,10971
13557,11483,10972
13558,11484,10973
13559,11485,10974
13560,11486,10975
13561,11487,10976
13562,11488,10977
13563,11489,10978
13564,11490,10979
13565,11491,10980
13566,11492,10981
13567,11493,10982
13568,11494,10983
13569,11495,10984
13570,11496,10985
13571,11497,10986
13572,11498,10987
13573,11499,10988
13574,11500,10989
13575,11501,10990
13576,11502,10991
13577,11503,10992
13578,11504,10993
13579,11505,10994
13580,11506,10995
13581,11507,10996
13582,11508,10997
13583,11509,10998
13584,11510,10999
13585,11511,11000
13586,11512,11001
13587,11513,11002
13588,11514,11003
13589,11515,11004
13590,11516,11005
13591,11517,11006
13592,11518,11007
13593,11519,11008
13594,11520,11009
13595,11521,11010
13596,11522,11011
13597,11523,11012
13598,11524,11013
13599,11525,11014
13600,11526,11015
13601,11527,11016
13602,11528,11017
13603,11529,11018
13604,11530,11019
13605,11531,11020
13606,11532,11021
13607,11533,11022
13608,11534,11022
13609,11535,11022
13610,11536,11022
13611,11537,11022
13612,11538,11022
13613,11539,11022
13614,11540,11022
13615,11541,11022
13616,11542,11022
13617,11543,11022
13618,11544,11022
13619,11545,11022
13620,11546,11022
13621,11547,11022
13622,11548,11022
13623,11549,11022
13624,11550,11022
13625,11551,11022
13626,11552,11022
13627,11553,11022
13628,11554,11022
13629,11555,11022
13630,11556,11022
13631,11557,11022
13632,11558,11022
13633,11559,11022
13634,11560,11022
13635,11561,11022
13636,11562,11022
13637,11563,11023
13638,11564,11024
13639,11565,11025
13640,11566,11026
13641,11567,11027
13642,11568,11028
13643,11569,11029
13644,11570,11030
13645,11571,11031
13646,11572,11032
13647,11573,11033
13648,11574,11034
13649,11575,11035
13650,11576,11036
13651,11577,11037
13652,11578,11038
13653,11579,11039
13654,11580,11040
13655,11581,11041
13656,11582,11042
13657,11583,11043
13658,11584,11044
13659,11585,11045
13660,11586,11046
13661,11587,11047
13662,11588,11048
13663,11589,11049
13664,11590,11050
13665,11591,11051
13666,11592,11052
13667,11593,11053
13668,11594,11054
13669,11595,11055
13670,11596,11056
13671,11597,11057
13672,11598,11058
13673,11599,11059
13674,11600,11060
13675,11601,11061
13676,11602,11062
13677,11603,11063
13678,11604,11064
13679,11605,11065
13680,11606,11066
13681,11607,11067
13682,11608,11068
13683,11609,11068
13684,11610,11068
13685,11611,11068
13686,11612,11068
13687,11613,11068
13688,11614,11068
13689,11615,11068
13690,11616,11068
13691,11617,11068
13692,11618,11068
13693,11619,11069
13694,11620,11070
13695,11621,11071
13696,11622,11071
13697,11623,11071
13698,11624,11071
13699,11625,11071
13700,11626,11071
13701,11627,11071
13702,11628,11071
13703,11629,11071
13704,11630,11071
13705,11631,11071
13706,11632,11071
13707,11633,11071
13708,11634,11071
13709,11635,11071
13710,11636,11071
13711,11637,11071
13712,11638,11071
13713,11639,11072
13714,11640,11073
13715,11641,11074
13716,11642,11075
13717,11643,11076
13718,11644,11077
13719,11645,11078
13720,11646,11079
13721,11647,11080
13722,11648,11081
13723,11649,11082
13724,11650,11083
13725,11651,11084
13726,11652,11085
13727,11653,11086
13728,11654,11087
13729,11655,11088
13730,11656,11089
13731,11657,11090
13732,11658,11091
13733,11659,11092
13734,11660,11093
13735,11661,11094
13736,11662,11095
13737,11663,11096
13738,11664,11097
13739,11665,11098
13740,11666,11099
13741,11667,11100
13742,11668,11101
13743,11669,11102
13744,11670,11103
13745,11671,11104
13746,11672,11105
13747,11673,11106
13748,11674,11107
13749,11675,11108
13750,11676,11109
13751,11677,11110
13752,11678,11111
13753,11679,11112
13754,11680,11113
13755,11681,11114
13756,11682,11115
13757,11683,11116
13758,11684,11117
13759,11685,11118
13760,11686,11119
13761,11687,11120
13762,11688,11121
13763,11689,11122
13764,11690,11123
13765,11691,11124
13766,11692,11125
13767,11693,11126
13768,11694,11127
13769,11695,11128
13770,11696,11129
13771,11697,11130
13772,11698,11131
13773,11699,11132
13774,11700,11133
13775,11701,11134
13776,11702,11134
13777,11703,11134
13778,11704,11134
13779,11705,11134
13780,11706,11134
13781,11707,11134
13782,11708,11134
13783,11709,11134
13784,11710,11134
13785,11711,11134
13786,11712,11134
13787,11713,11134
13788,11714,11134
13789,11715,11134
13790,11716,11134
13791,11717,11134
13792,11718,11134
13793,11719,11134
13794,11720,11134
13795,11721,11134
13796,11722,11134
13797,11723,11134
13798,11724,11134
13799,11725,11134
13800,11726,11134
13801,11727,11134
13802,11728,11134
13803,11729,11134
13804,11730,11134
13805,11731,11135
13806,11732,11136
13807,11733,11137
13808,11734,11138
13809,11735,11139
13810,11736,11140
13811,11737,11141
13812,11738,11142
13813,11739,11143
13814,11740,11144
13815,11741,11145
13816,11742,11146
13817,11743,11147
13818,11744,11148
13819,11745,11149
13820,11746,11150
13821,11747,11151
13822,11748,11152
13823,11749,11153
13824,11750,11154
13825,11751,11155
13826,11752,11156
13827,11753,11157
13828,11754,11158
13829,11755,11159
13830,11756,11160
13831,11757,11161
13832,11758,11162
13833,11759,11163
13834,11760,11164
13835,11761,11165
13836,11762,11166
13837,11763,11167
13838,11764,11168
13839,11765,11169
13840,11766,11170
13841,11767,11171
13842,11768,11172
13843,11769,11173
13844,11770,11174
13845,11771,11175
13846,11772,11176
13847,11773,11177
13848,11774,11178
13849,11775,11179
13850,11776,11180
13851,11777,11181
13852,11778,11182
13853,11779,11183
13854,11780,11184
13855,11781,11185
13856,11782,11186
13857,11783,11187
13858,11784,11188
13859,11785,11189
13860,11786,11190
13861,11787,11191
13862,11788,11192
13863,11789,11193
13864,11790,11194
13865,11791,11194
13866,11792,11194
13867,11793,11194
13868,11794,11194
13869,11795,11194
13870,11796,11194
13871,11797,11194
13872,11798,11194
13873,11799,11194
13874,11800,11194
13875,11801,11194
13876,11802,11195
13877,11803,11196
13878,11804,11197
13879,11805,11198
13880,11806,11199
13881,11807,11200
13882,11808,11201
13883,11809,11202
13884,11810,11203
13885,11811,11204
13886,11812,11205
13887,11813,11206
13888,11814,11207
13889,11815,11208
13890,11816,11209
13891,11817,11210
13892,11818,11211
13893,11819,11212
13894,11820,11213
13895,11821,11213
13896,11822,11213
13897,11823,11213
13898,11824,11213
13899,11825,11213
13900,11826,11213
13901,11827,11213
13902,11828,11213
13903,11829,11213
13904,11830,11213
13905,11831,11213
13906,11832,11213
13907,11833,11213
13908,11834,11213
13909,11835,11213
13910,11836,11213
13911,11837,11214
13912,11838,11215
13913,11839,11216
13914,11840,11217
13915,11841,11218
13916,11842,11219
13917,11843,11220
13918,11844,11221
13919,11845,11222
13920,11846,11223
13921,11847,11224
13922,11848,11225
13923,11849,11226
13924,11850,11227
13925,11851,11228
13926,11852,11228
13927,11853,11228
13928,11854,11228
13929,11855,11228
13930,11856,11229
13931,11857,11230
13932,11858,11231
13933,11859,11232
13934,11860,11233
13935,11861,11233
13936,11862,11233
13937,11863,11233
13938,11864,11233
13939,11865,11233
13940,11866,11233
13941,11867,11233
13942,11868,11233
13943,11869,11234
13944,11870,11235
13945,11871,11236
13946,11872,11237
13947,11873,11238
13948,11874,11239
13949,11875,11240
13950,11876,11241
13951,11877,11242
13952,11878,11243
13953,11879,11244
13954,11880,11245
13955,11881,11246
13956,11882,11247
13957,11883,11248
13958,11884,11249
13959,11885,11250
13960,11886,11251
13961,11887,11252
13962,11888,11253
13963,11889,11254
13964,11890,11254
13965,11891,11254
13966,11892,11254
13967,11893,11254
13968,11894,11254
13969,11895,11254
13970,11896,11254
13971,11897,11254
13972,11898,11254
13973,11899,11255
13974,11900,11256
13975,11901,11256
13976,11902,11256
13977,11903,11256
13978,11904,11256
13979,11905,11256
13980,11906,11256
13981,11907,11256
13982,11908,11256
13983,11909,11257
13984,11910,11258
13985,11911,11259
13986,11912,11260
13987,11913,11261
13988,11914,11262
13989,11915,11263
13990,11916,11264
13991,11917,11265
13992,11918,11266
13993,11919,11267
13994,11920,11268
13995,11921,11269
13996,11922,11270
13997,11923,11271
13998,11924,11272
13999,11925,11273
14000,11926,11274
14001,11927,11275
14002,11928,11276
14003,11929,11276
14004,11930,11276
14005,11931,11276
14006,11932,11276
14007,11933,11276
14008,11934,11276
14009,11935,11277
14010,11936,11278
14011,11937,11279
14012,11938,11280
14013,11939,11281
14014,11940,11282
14015,11941,11283
14016,11942,11284
14017,11943,11285
14018,11944,11285
14019,11945,11286
14020,11946,11287
14021,11947,11288
14022,11948,11289
14023,11949,11290
14024,11950,11291
14025,11951,11292
14026,11952,11293
14027,11953,11294
14028,11954,11295
14029,11955,11296
14030,11956,11296
14031,11957,11296
14032,11958,11296
14033,11959,11296
14034,11960,11296
14035,11961,11296
14036,11962,11296
14037,11963,11296
14038,11964,11296
14039,11965,11296
14040,11966,11296
14041,11967,11296
14042,11968,11297
14043,11969,11298
14044,11970,11299
14045,11971,11300
14046,11972,11301
14047,11973,11302
14048,11974,11303
14049,11975,11304
14050,11976,11305
14051,11977,11306
14052,11978,11307
14053,11979,11308
14054,11980,11309
14055,11981,11310
14056,11982,11311
14057,11983,11312
14058,11984,11313
14059,11985,11314
14060,11986,11314
14061,11987,11314
14062,11988,11314
14063,11989,11314
14064,11990,11314
14065,11991,11314
14066,11992,11314
14067,11993,11314
14068,11994,11314
14069,11995,11314
14070,11996,11314
14071,11997,11314
14072,11998,11315
14073,11999,11316
14074,12000,11317
14075,12001,11318
14076,12002,11319
14077,12003,11320
14078,12004,11321
14079,12005,11322
14080,12006,11323
14081,12007,11324
14082,12008,11325
14083,12009,11326
14084,12010,11327
14085,12011,11328
14086,12012,11329
14087,12013,11330
14088,12014,11331
14089,12015,11332
14090,12016,11333
14091,12017,11334
14092,12018,11335
14093,12019,11336
14094,12020,11337
14095,12021,11338
14096,12022,11339
14097,12023,11340
14098,12024,11341
14099,12025,11341
14100,12026,11341
14101,12027,11341
14102,12028,11341
14103,12029,11341
14104,12030,11341
14105,12031,11341
14106,12032,11341
14107,12033,11341
14108,12034,11341
14109,12035,11341
14110,12036,11341
14111,12037,11341
14112,12038,11341
14113,12039,11341
14114,12040,11341
14115,12041,11341
14116,12042,11341
14117,12043,11341
14118,12044,11341
14119,12045,11341
14120,12046,11341
14121,12047,11341
14122,12048,11341
14123,12049,11341
14124,12050,11341
14125,12051,11341
14126,12052,11342
14127,12053,11343
14128,12054,11344
14129,12055,11345
14130,12056,11346
14131,12057,11347
14132,12058,11348
14133,12059,11349
14134,12060,11350
14135,12061,11351
14136,12062,11352
14137,12063,11353
14138,12064,11354
14139,12065,11355
14140,12066,11356
14141,12067,11357
14142,12068,11358
14143,12069,11359
14144,12070,11360
14145,12071,11361
14146,12072,11362
14147,12073,11363
14148,12074,11364
14149,12075,11365
14150,12076,11366
14151,12077,11367
14152,12078,11368
14153,12079,11369
14154,12080,11370
14155,12081,11371
14156,12082,11372
14157,12083,11373
14158,12084,11374
14159,12085,11375
14160,12086,11376
14161,12087,11376
14162,12088,11376
14163,12089,11376
14164,12090,11376
14165,12091,11376
14166,12092,11376
14167,12093,11376
14168,12094,11376
14169,12095,11376
14170,12096,11376
14171,12097,11376
14172,12098,11376
14173,12099,11376
14174,12100,11376
14175,12101,11376
14176,12102,11376
14177,12103,11376
14178,12104,11376
14179,12105,11376
14180,12106,11376
14181,12107,11376
14182,12108,11376
14183,12109,11376
14184,12110,11376
14185,12111,11376
14186,12112,11376
14187,12113,11376
14188,12114,11376
14189,12115,11376
14190,12116,11377
14191,12117,11378
14192,12118,11379
14193,12119,11380
14194,12120,11381
14195,12121,11382
14196,12122,11383
14197,12123,11384
14198,12124,11385
14199,12125,11386
14200,12126,11387
14201,12127,11388
14202,12128,11389
14203,12129,11390
14204,12130,11391
14205,12131,11392
14206,12132,11393
14207,12133,11394
14208,12134,11395
14209,12135,11396
14210,12136,11397
14211,12137,11398
14212,12138,11399
14213,12139,11400
14214,12140,11401
14215,12141,11402
14216,12142,11403
14217,12143,11404
14218,12144,11405
14219,12145,11406
14220,12146,11407
14221,12147,11408
14222,12148,11409
14223,12149,11410
14224,12150,11411
14225,12151,11411
14226,12152,11411
14227,12153,11411
14228,12154,11412
14229,12155,11413
14230,12156,11414
14231,12157,11415
14232,12158,11416
14233,12159,11417
14234,12160,11418
14235,12161,11419
14236,12162,11420
14237,12163,11420
14238,12164,11420
14239,12165,11420
14240,12166,11420
14241,12167,11420
14242,12168,11420
14243,12169,11420
14244,12170,11420
14245,12171,11420
14246,12172,11420
14247,12173,11420
14248,12174,11420
14249,12175,11420
14250,12176,11420
14251,12177,11420
14252,12178,11420
14253,12179,11420
14254,12180,11420
14255,12181,11420
14256,12182,11420
14257,12183,11420
14258,12184,11420
14259,12185,11420
14260,12186,11420
14261,12187,11420
14262,12188,11420
14263,12189,11420
14264,12190,11420
14265,12191,11420
14266,12192,11420
14267,12193,11420
14268,12194,11420
14269,12195,11420
14270,12196,11421
14271,12197,11422
14272,12198,11423
14273,12199,11424
14274,12200,11425
14275,12201,11426
14276,12202,11427
14277,12203,11428
14278,12204,11429
14279,12205,11430
14280,12206,11431
14281,12207,11432
14282,12208,11433
14283,12209,11434
14284,12210,11435
14285,12211,11436
14286,12212,11437
14287,12213,11438
14288,12214,11439
14289,12215,11440
14290,12216,11441
14291,12217,11442
14292,12218,11443
14293,12219,11444
14294,12220,11445
14295,12221,11446
14296,12222,11447
14297,12223,11448
14298,12224,11449
14299,12225,11450
14300,12226,11451
14301,12227,11452
14302,12228,11453
14303,12229,11454
14304,12230,11455
14305,12231,11456
14306,12232,11457
14307,12233,11458
14308,12234,11459
14309,12235,11460
14310,12236,11461
14311,12237,11462
14312,12238,11463
14313,12239,11464
14314,12240,11465
14315,12241,11466
14316,12242,11467
14317,12243,11468
14318,12244,11469
14319,12245,11470
14320,12246,11470
14321,12247,11470
14322,12248,11470
14323,12249,11470
14324,12250,11470
14325,12251,11470
14326,12252,11470
14327,12253,11470
14328,12254,11470
14329,12255,11471
14330,12256,11472
14331,12257,11473
14332,12258,11474
14333,12259,11475
14334,12260,11476
14335,12261,11477
14336,12262,11478
14337,12263,11479
14338,12264,11480
14339,12265,11480
14340,12266,11480
14341,12267,11480
14342,12268,11480
14343,12269,11480
14344,12270,11480
14345,12271,11480
14346,12272,11480
14347,12273,11480
14348,12274,11480
14349,12275,11480
14350,12276,11480
14351,12277,11480
14352,12278,11480
14353,12279,11480
14354,12280,11480
14355,12281,11480
14356,12282,11480
14357,12283,11480
14358,12284,11481
14359,12285,11482
14360,12286,11483
14361,12287,11484
14362,12288,11485
14363,12289,11486
14364,12290,11487
14365,12291,11488
14366,12292,11489
14367,12293,11490
14368,12294,11491
14369,12295,11492
14370,12296,11493
14371,12297,11494
14372,12298,11495
14373,12299,11496
14374,12300,11497
14375,12301,11498
14376,12302,11499
14377,12303,11500
14378,12304,11501
14379,12305,11502
14380,12306,11503
14381,12307,11504
14382,12308,11505
14383,12309,11506
14384,12310,11507
14385,12311,11508
14386,12312,11509
14387,12313,11510
14388,12314,11511
14389,12315,11512
14390,12316,11513
14391,12317,11514
14392,12318,11515
14393,12319,11516
14394,12320,11517
14395,12321,11518
14396,12322,11519
14397,12323,11520
14398,12324,11521
14399,12325,11522
14400,12326,11523
14401,12327,11524
14402,12328,11525
14403,12329,11526
14404,12330,11527
14405,12331,11528
14406,12332,11529
14407,12333,11530
14408,12334,11531
14409,12335,11532
14410,12336,11533
14411,12337,11534
14412,12338,11535
14413,12339,11536
14414,12340,11537
14415,12341,11538
14416,12342,11539
14417,12343,11540
14418,12344,11541
14419,12345,11542
14420,12346,11543
14421,12347,11544
14422,12348,11545
14423,12349,11546
14424,12350,11547
14425,12351,11548
14426,12352,11549
14427,12353,11550
14428,12354,11551
14429,12355,11552
14430,12356,11553
14431,12357,11554
14432,12358,11555
14433,12359,11556
14434,12360,11557
14435,12361,11558
14436,12362,11559
14437,12363,11560
14438,12364,11561
14439,12365,11562
14440,12366,11563
14441,12367,11564
14442,12368,11565
14443,12369,11566
14444,12370,11567
14445,12371,11568
14446,12372,11569
14447,12373,11570
14448,12374,11571
14449,12375,11572
14450,12376,11573
14451,12377,11574
14452,12378,11575
14453,12379,11576
14454,12380,11577
14455,12380,11578
14456,12380,11579
14457,12380,11580
14458,12380,11581
14459,12381,11582
14460,12382,11583
14461,12383,11584
14462,12384,11585
14463,12385,11586
14464,12386,11587
14465,12387,11588
14466,12388,11589
14467,12389,11590
14468,12390,11591
14469,12391,11592
14470,12392,11593
14471,12393,11594
14472,12394,11595
14473,12395,11596
14474,12396,11597
14475,12397,11598
14476,12398,11599
14477,12399,11600
14478,12400,11601
14479,12401,11602
14480,12402,11603
14481,12403,11604
14482,12404,11605
14483,12405,11606
14484,12406,11607
14485,12407,11608
14486,12408,11609
14487,12409,11610
14488,12410,11611
14489,12411,11612
14490,12412,11613
14491,12413,11614
14492,12414,11615
14493,12415,11615
14494,12416,11615
14495,12417,11615
14496,12418,11615
14497,12419,11615
14498,12420,11615
14499,12421,11615
14500,12422,11615
14501,12423,11615
14502,12424,11615
14503,12425,11615
14504,12426,11615
14505,12427,11615
14506,12428,11615
14507,12429,11615
14508,12430,11615
14509,12431,11615
14510,12432,11615
14511,12433,11615
14512,12434,11615
14513,12435,11615
14514,12436,11615
14515,12437,11615
14516,12438,11615
14517,12439,11615
14518,12440,11615
14519,12441,11615
14520,12442,11615
14521,12443,11615
14522,12444,11615
14523,12445,11615
14524,12446,11615
14525,12447,11615
14526,12448,11615
14527,12449,11615
14528,12450,11615
14529,12451,11615
14530,12452,11615
14531,12453,11615
14532,12454,11615
14533,12455,11615
14534,12456,11615
14535,12457,11615
14536,12458,11615
14537,12459,11615
14538,12460,11615
14539,12461,11615
14540,12462,11615
14541,12463,11615
14542,12464,11615
14543,12465,11615
14544,12466,11615
14545,12467,11615
14546,12468,11615
14547,12469,11615
14548,12470,11615
14549,12471,11615
14550,12472,11615
14551,12473,11615
14552,12474,11615
14553,12475,11615
14554,12476,11615
14555,12477,11615
14556,12478,11615
14557,12479,11616
14558,12480,11617
14559,12481,11618
14560,12482,11618
14561,12483,11618
14562,12484,11618
14563,12485,11618
14564,12486,11618
14565,12487,11618
14566,12488,11619
14567,12489,11620
14568,12490,11621
14569,12491,11622
14570,12492,11623
14571,12493,11624
14572,12494,11625
14573,12495,11626
14574,12496,11627
14575,12497,11628
14576,12498,11629
14577,12499,11630
14578,12500,11631
14579,12501,11632
14580,12502,11632
14581,12503,11633
14582,12504,11634
14583,12505,11635
14584,12506,11636
14585,12507,11637
14586,12508,11638
14587,12509,11639
14588,12510,11640
14589,12511,11641
14590,12512,11642
14591,12513,11643
14592,12514,11643
14593,12515,11643
14594,12516,11643
14595,12517,11643
14596,12518,11643
14597,12519,11643
14598,12520,11644
14599,12521,11645
14600,12522,11646
14601,12523,11647
14602,12524,11648
14603,12525,11649
14604,12526,11650
14605,12527,11651
14606,12528,11651
14607,12529,11651
14608,12530,11652
14609,12531,11652
14610,12532,11652
14611,12533,11652
14612,12534,11652
14613,12535,11652
14614,12536,11652
14615,12537,11652
14616,12538,11653
14617,12539,11654
14618,12540,11655
14619,12541,11656
14620,12542,11657
14621,12543,11657
14622,12544,11657
14623,12545,11657
14624,12546,11658
14625,12547,11659
14626,12548,11660
14627,12549,11661
14628,12550,11662
14629,12551,11663
14630,12552,11664
14631,12553,11665
14632,12554,11666
14633,12555,11667
14634,12556,11668
14635,12557,11669
14636,12558,11670
14637,12559,11671
14638,12560,11672
14639,12560,11673
14640,12560,11674
14641,12561,11675
14642,12562,11676
14643,12563,11677
14644,12564,11678
14645,12565,11679
14646,12566,11680
14647,12567,11681
14648,12568,11682
14649,12569,11683
14650,12570,11684
14651,12570,11685
14652,12570,11686
14653,12570,11687
14654,12570,11688
14655,12570,11689
14656,12570,11690
14657,12570,11691
14658,12570,11692
14659,12571,11693
14660,12572,11694
14661,12573,11695
14662,12574,11696
14663,12575,11697
14664,12576,11698
14665,12577,11699
14666,12578,11700
14667,12579,11701
14668,12580,11702
14669,12581,11703
14670,12582,11704
14671,12583,11705
14672,12584,11706
14673,12585,11707
14674,12586,11708
14675,12587,11709
14676,12588,11710
14677,12589,11711
14678,12590,11712
14679,12591,11713
14680,12592,11714
14681,12593,11715
14682,12594,11716
14683,12595,11717
14684,12596,11718
14685,12597,11719
14686,12598,11720
14687,12599,11721
14688,12600,11722
14689,12601,11723
14690,12602,11724
14691,12603,11725
14692,12604,11726
14693,12605,11727
14694,12606,11728
14695,12607,11729
14696,12608,11730
14697,12609,11731
14698,12610,11732
14699,12611,11733
14700,12612,11734
14701,12613,11735
14702,12614,11736
14703,12615,11737
14704,12616,11738
14705,12617,11739
14706,12618,11740
14707,12619,11741
14708,12620,11742
14709,12621,11743
14710,12622,11744
14711,12623,11744
14712,12624,11744
14713,12625,11744
14714,12626,11744
14715,12627,11744
14716,12628,11744
14717,12629,11744
14718,12630,11744
14719,12631,11744
14720,12632,11745
14721,12633,11746
14722,12634,11747
14723,12635,11748
14724,12636,11749
14725,12637,11750
14726,12638,11751
14727,12639,11752
14728,12640,11753
14729,12641,11753
14730,12642,11753
14731,12643,11753
14732,12644,11753
14733,12645,11753
14734,12646,11753
14735,12647,11753
14736,12648,11753
14737,12649,11753
14738,12650,11753
14739,12651,11753
14740,12652,11753
14741,12653,11753
14742,12654,11753
14743,12655,11753
14744,12656,11753
14745,12657,11753
14746,12658,11753
14747,12659,11753
14748,12660,11753
14749,12661,11753
14750,12662,11753
14751,12663,11753
14752,12664,11753
14753,12665,11753
14754,12666,11753
14755,12667,11753
14756,12668,11754
14757,12669,11755
14758,12670,11756
14759,12671,11757
14760,12672,11758
14761,12673,11759
14762,12674,11760
14763,12675,11761
14764,12676,11762
14765,12677,11763
14766,12678,11764
14767,12679,11765
14768,12680,11766
14769,12681,11767
14770,12682,11768
14771,12683,11769
14772,12684,11770
14773,12685,11771
14774,12686,11772
14775,12687,11773
14776,12688,11774
14777,12689,11775
14778,12690,11776
14779,12691,11777
14780,12692,11778
14781,12693,11779
14782,12694,11780
14783,12695,11781
14784,12696,11782
14785,12697,11783
14786,12698,11784
14787,12699,11785
14788,12700,11786
14789,12701,11787
14790,12702,11788
14791,12703,11789
14792,12704,11790
14793,12705,11791
14794,12706,11792
14795,12707,11792
14796,12708,11792
14797,12709,11792
14798,12710,11792
14799,12711,11792
14800,12712,11792
14801,12713,11792
14802,12714,11792
14803,12715,11792
14804,12716,11792
14805,12717,11792
14806,12718,11793
14807,12719,11794
14808,12720,11795
14809,12721,11796
14810,12722,11796
14811,12723,11796
14812,12724,11796
14813,12725,11796
14814,12726,11796
14815,12727,11796
14816,12728,11797
14817,12729,11798
14818,12730,11799
14819,12731,11799
14820,12732,11799
14821,12733,11799
14822,12734,11799
14823,12735,11799
14824,12736,11799
14825,12737,11799
14826,12738,11799
14827,12739,11799
14828,12740,11799
14829,12741,11799
14830,12742,11799
14831,12743,11799
14832,12744,11799
14833,12745,11799
14834,12746,11799
14835,12747,11799
14836,12748,11799
14837,12749,11799
14838,12750,11799
14839,12751,11799
14840,12752,11799
14841,12753,11799
14842,12754,11799
14843,12755,11799
14844,12756,11799
14845,12757,11799
14846,12758,11799
14847,12759,11799
14848,12760,11799
14849,12761,11799
14850,12762,11799
14851,12763,11799
14852,12764,11799
14853,12765,11799
14854,12766,11799
14855,12767,11799
14856,12768,11799
14857,12769,11799
14858,12770,11799
14859,12771,11799
14860,12772,11799
14861,12773,11799
14862,12774,11799
14863,12775,11799
14864,12776,11799
14865,12777,11799
14866,12778,11799
14867,12779,11799
14868,12780,11800
14869,12781,11800
14870,12782,11800
14871,12783,11800
14872,12784,11800
14873,12785,11800
14874,12786,11800
14875,12787,11800
14876,12788,11800
14877,12789,11800
14878,12790,11800
14879,12791,11800
14880,12792,11800
14881,12793,11800
14882,12794,11800
14883,12795,11800
14884,12796,11800
14885,12797,11800
14886,12798,11801
14887,12799,11802
14888,12800,11803
14889,12801,11803
14890,12802,11803
14891,12803,11803
14892,12804,11803
14893,12805,11803
14894,12806,11803
14895,12807,11803
14896,12808,11803
14897,12809,11803
14898,12810,11803
14899,12811,11803
14900,12812,11803
14901,12813,11803
14902,12814,11803
14903,12815,11803
14904,12816,11803
14905,12817,11803
14906,12818,11803
14907,12819,11803
14908,12820,11803
14909,12821,11803
14910,12822,11803
14911,12823,11803
14912,12824,11804
14913,12825,11805
14914,12826,11806
14915,12827,11807
14916,12828,11808
14917,12829,11809
14918,12830,11810
14919,12831,11811
14920,12832,11812
14921,12833,11813
14922,12834,11814
14923,12835,11815
14924,12836,11816
14925,12837,11817
14926,12838,11818
14927,12839,11819
14928,12840,11820
14929,12841,11821
14930,12842,11822
14931,12843,11823
14932,12844,11824
14933,12845,11825
14934,12846,11826
14935,12847,11827
14936,12848,11828
14937,12849,11829
14938,12850,11830
14939,12851,11831
14940,12852,11832
14941,12853,11833
14942,12854,11834
14943,12855,11835
14944,12856,11836
14945,12857,11837
14946,12858,11838
14947,12859,11839
14948,12860,11840
14949,12861,11841
14950,12862,11842
14951,12863,11843
14952,12864,11844
14953,12865,11845
14954,12866,11846
14955,12867,11847
14956,12868,11848
14957,12869,11849
14958,12870,11850
14959,12871,11851
14960,12872,11852
14961,12873,11853
14962,12874,11854
14963,12875,11855
14964,12876,11856
14965,12877,11857
14966,12878,11858
14967,12879,11859
14968,12880,11860
14969,12881,11861
14970,12882,11862
14971,12883,11863
14972,12884,11864
14973,12885,11865
14974,12886,11866
14975,12887,11867
14976,12888,11868
14977,12889,11869
14978,12890,11870
14979,12891,11870
14980,12892,11870
14981,12893,11870
14982,12894,11870
14983,12895,11870
14984,12896,11870
14985,12897,11870
14986,12898,11870
14987,12899,11871
14988,12900,11872
14989,12901,11873
14990,12902,11874
14991,12903,11875
14992,12904,11876
14993,12905,11877
14994,12906,11877
14995,12907,11877
14996,12908,11877
14997,12909,11877
14998,12910,11877
14999,12911,11877
15000,12912,11877
15001,12913,11877
15002,12914,11877
15003,12915,11877
15004,12916,11877
15005,12917,11877
15006,12918,11877
15007,12919,11878
15008,12920,11879
15009,12921,11880
15010,12922,11881
15011,12923,11882
15012,12924,11883
15013,12925,11884
15014,12926,11884
15015,12927,11884
15016,12928,11884
15017,12929,11885
15018,12930,11886
15019,12931,11887
15020,12932,11887
15021,12933,11887
15022,12934,11887
15023,12935,11887
15024,12936,11887
15025,12937,11887
15026,12938,11887
15027,12939,11887
15028,12940,11888
15029,12941,11888
15030,12942,11888
15031,12943,11888
15032,12944,11888
15033,12945,11888
15034,12946,11888
15035,12947,11889
15036,12948,11890
15037,12949,11891
15038,12950,11892
15039,12951,11893
15040,12952,11894
15041,12953,11895
15042,12954,11896
15043,12955,11897
15044,12956,11898
15045,12957,11899
15046,12958,11900
15047,12959,11901
15048,12960,11902
15049,12961,11903
15050,12962,11904
15051,12963,11905
15052,12964,11906
15053,12965,11907
15054,12966,11908
15055,12967,11909
15056,12968,11909
15057,12969,11909
15058,12970,11909
15059,12971,11909
15060,12972,11909
15061,12973,11909
15062,12974,11909
15063,12975,11909
15064,12976,11909
15065,12977,11909
15066,12978,11909
15067,12979,11909
15068,12980,11909
15069,12981,11909
15070,12982,11909
15071,12983,11909
15072,12984,11909
15073,12985,11910
15074,12986,11911
15075,12987,11912
15076,12988,11913
15077,12989,11914
15078,12990,11915
15079,12991,11915
15080,12992,11915
15081,12993,11915
15082,12994,11915
15083,12995,11915
15084,12996,11915
15085,12997,11915
15086,12998,11915
15087,12999,11915
15088,13000,11916
15089,13001,11917
15090,13002,11918
15091,13003,11919
15092,13004,11920
15093,13005,11921
15094,13006,11922
15095,13007,11923
15096,13008,11924
15097,13009,11925
15098,13010,11926
15099,13011,11927
15100,13012,11928
15101,13013,11929
15102,13014,11930
15103,13015,11931
15104,13016,11932
15105,13017,11933
15106,13018,11934
15107,13019,11935
15108,13020,11936
15109,13021,11937
15110,13022,11937
15111,13023,11937
15112,13024,11937
15113,13025,11937
15114,13026,11937
15115,13027,11937
15116,13028,11937
15117,13029,11938
15118,13030,11939
15119,13031,11940
15120,13032,11941
15121,13033,11942
15122,13034,11943
15123,13035,11944
15124,13036,11945
15125,13037,11946
15126,13038,11947
15127,13039,11948
15128,13040,11949
15129,13041,11950
15130,13042,11951
15131,13043,11952
15132,13044,11953
15133,13045,11954
15134,13046,11954
15135,13047,11954
15136,13048,11954
15137,13049,11955
15138,13050,11956
15139,13051,11957
15140,13052,11958
15141,13053,11959
15142,13054,11960
15143,13055,11961
15144,13056,11962
15145,13057,11963
15146,13058,11964
15147,13059,11965
15148,13060,11966
15149,13061,11967
15150,13062,11968
15151,13063,11969
15152,13064,11970
15153,13065,11970
15154,13066,11970
15155,13067,11970
15156,13068,11970
15157,13069,11971
15158,13070,11972
15159,13071,11973
15160,13072,11974
15161,13073,11975
15162,13074,11976
15163,13075,11977
15164,13076,11978
15165,13077,11978
15166,13078,11978
15167,13079,11978
15168,13080,11978
15169,13081,11978
15170,13082,11978
15171,13083,11978
15172,13084,11978
15173,13085,11978
15174,13086,11978
15175,13087,11978
15176,13088,11978
15177,13089,11978
15178,13090,11978
15179,13091,11978
15180,13092,11978
15181,13093,11978
15182,13094,11978
15183,13095,11978
15184,13096,11978
15185,13097,11978
15186,13098,11979
15187,13099,11980
15188,13100,11981
15189,13101,11982
15190,13102,11983
15191,13103,11984
15192,13104,11985
15193,13105,11986
15194,13106,11986
15195,13107,11986
15196,13108,11986
15197,13109,11987
15198,13110,11988
15199,13111,11989
15200,13112,11990
15201,13113,11991
15202,13114,11992
15203,13115,11993
15204,13116,11994
15205,13117,11995
15206,13118,11996
15207,13119,11997
15208,13120,11998
15209,13121,11999
15210,13122,12000
15211,13123,12001
15212,13124,12002
15213,13125,12003
15214,13126,12003
15215,13127,12003
15216,13128,12003
15217,13129,12003
15218,13130,12004
15219,13131,12005
15220,13132,12006
15221,13133,12006
15222,13134,12006
15223,13135,12006
15224,13136,12006
15225,13137,12006
15226,13138,12006
15227,13139,12006
15228,13140,12006
15229,13141,12006
15230,13142,12006
15231,13143,12007
15232,13144,12008
15233,13145,12009
15234,13146,12010
15235,13147,12011
15236,13148,12012
15237,13149,12013
15238,13150,12014
15239,13151,12014
15240,13152,12014
15241,13153,12014
15242,13154,12015
15243,13155,12016
15244,13156,12017
15245,13157,12018
15246,13158,12019
15247,13159,12020
15248,13160,12021
15249,13161,12022
15250,13162,12023
15251,13163,12024
15252,13164,12025
15253,13165,12026
15254,13166,12027
15255,13167,12028
15256,13168,12029
15257,13169,12029
15258,13170,12029
15259,13171,12029
15260,13172,12030
15261,13173,12031
15262,13174,12032
15263,13175,12033
15264,13176,12034
15265,13177,12035
15266,13178,12036
15267,13179,12037
15268,13180,12038
15269,13181,12039
15270,13182,12040
15271,13183,12041
15272,13184,12042
15273,13185,12043
15274,13186,12043
15275,13187,12043
15276,13188,12043
15277,13189,12043
15278,13190,12043
15279,13191,12043
15280,13192,12043
15281,13193,12043
15282,13194,12043
15283,13195,12043
15284,13196,12043
15285,13197,12043
15286,13198,12044
15287,13199,12045
15288,13200,12046
15289,13201,12046
15290,13202,12046
15291,13203,12046
15292,13204,12046
15293,13205,12046
15294,13206,12046
15295,13207,12046
15296,13208,12046
15297,13209,12047
15298,13210,12048
15299,13211,12049
15300,13212,12050
15301,13213,12051
15302,13214,12052
15303,13215,12053
15304,13216,12054
15305,13217,12055
15306,13218,12056
15307,13219,12057
15308,13220,12057
15309,13221,12057
15310,13222,12057
15311,13223,12057
15312,13224,12057
15313,13225,12057
15314,13226,12057
15315,13227,12057
15316,13228,12057
15317,13229,12057
15318,13230,12057
15319,13231,12058
15320,13232,12059
15321,13233,12060
15322,13234,12061
15323,13235,12062
15324,13236,12063
15325,13237,12064
15326,13238,12065
15327,13239,12066
15328,13240,12067
15329,13241,12068
15330,13242,12069
15331,13243,12070
15332,13244,12071
15333,13245,12072
15334,13246,12073
15335,13247,12074
15336,13248,12075
15337,13249,12076
15338,13250,12076
15339,13251,12076
15340,13252,12077
15341,13253,12078
15342,13254,12079
15343,13255,12080
15344,13256,12081
15345,13257,12082
15346,13258,12083
15347,13259,12084
15348,13260,12085
15349,13261,12086
15350,13262,12087
15351,13263,12087
15352,13264,12087
15353,13265,12087
15354,13266,12087
15355,13267,12087
15356,13268,12088
15357,13269,12089
15358,13270,12090
15359,13271,12091
15360,13272,12092
15361,13273,12092
15362,13274,12092
15363,13275,12092
15364,13276,12092
15365,13277,12092
15366,13278,12092
15367,13279,12093
15368,13280,12094
15369,13281,12095
15370,13282,12096
15371,13283,12097
15372,13284,12098
15373,13285,12099
15374,13286,12100
15375,13287,12101
15376,13288,12102
15377,13289,12103
15378,13290,12104
15379,13291,12105
15380,13292,12106
15381,13293,12107
15382,13294,12108
15383,13295,12109
15384,13296,12110
15385,13297,12111
15386,13298,12112
15387,13299,12113
15388,13300,12114
15389,13301,12115
15390,13302,12116
15391,13303,12116
15392,13304,12116
15393,13305,12116
15394,13306,12116
15395,13307,12116
15396,13308,12116
15397,13309,12116
15398,13310,12116
15399,13311,12116
15400,13312,12116
15401,13313,12116
15402,13314,12116
15403,13315,12116
15404,13316,12116
15405,13317,12116
15406,13318,12116
15407,13319,12116
15408,13320,12116
15409,13321,12116
15410,13322,12116
15411,13323,12116
15412,13324,12116
15413,13325,12116
15414,13326,12116
15415,13327,12116
15416,13328,12116
15417,13329,12117
15418,13330,12118
15419,13331,12119
15420,13332,12120
15421,13333,12121
15422,13334,12122
15423,13335,12123
15424,13336,12124
15425,13337,12125
15426,13338,12126
15427,13339,12127
15428,13340,12128
15429,13341,12129
15430,13342,12130
15431,13343,12131
15432,13344,12132
15433,13345,12133
15434,13346,12134
15435,13347,12135
15436,13348,12136
15437,13349,12137
15438,13350,12137
15439,13351,12137
15440,13352,12137
15441,13353,12137
15442,13354,12137
15443,13355,12137
15444,13356,12138
15445,13357,12139
15446,13358,12140
15447,13359,12141
15448,13360,12142
15449,13361,12143
15450,13362,12144
15451,13363,12145
15452,13364,12146
15453,13365,12147
15454,13366,12148
15455,13367,12148
15456,13368,12148
15457,13369,12148
15458,13370,12148
15459,13371,12148
15460,13372,12148
15461,13373,12148
15462,13374,12148
15463,13375,12148
15464,13376,12148
15465,13377,12148
15466,13378,12148
15467,13379,12148
15468,13380,12149
15469,13381,12150
15470,13382,12151
15471,13383,12152
15472,13384,12153
15473,13385,12154
15474,13386,12155
15475,13387,12156
15476,13388,12157
15477,13389,12158
15478,13390,12159
15479,13391,12160
15480,13392,12161
15481,13393,12162
15482,13394,12163
15483,13395,12164
15484,13396,12165
15485,13397,12165
15486,13398,12165
15487,13399,12166
15488,13400,12167
15489,13401,12168
15490,13402,12169
15491,13403,12170
15492,13404,12171
15493,13405,12172
15494,13406,12172
15495,13407,12172
15496,13408,12172
15497,13409,12172
15498,13410,12172
15499,13411,12172
15500,13412,12172
15501,13413,12172
15502,13414,12172
15503,13415,12172
15504,13416,12172
15505,13417,12172
15506,13418,12172
15507,13419,12173
15508,13420,12174
15509,13421,12175
15510,13422,12176
15511,13423,12177
15512,13424,12178
15513,13425,12179
15514,13426,12180
15515,13427,12181
15516,13428,12182
15517,13429,12183
15518,13430,12183
15519,13431,12183
15520,13432,12183
15521,13433,12183
15522,13434,12183
15523,13435,12184
15524,13436,12185
15525,13437,12186
15526,13438,12187
15527,13439,12188
15528,13440,12189
15529,13441,12190
15530,13442,12191
15531,13443,12192
15532,13444,12193
15533,13445,12194
15534,13446,12195
15535,13447,12196
15536,13448,12197
15537,13449,12197
15538,13450,12198
15539,13451,12199
15540,13452,12200
15541,13453,12200
15542,13454,12200
15543,13455,12200
15544,13456,12200
15545,13457,12200
15546,13458,12200
15547,13459,12200
15548,13460,12200
15549,13461,12201
15550,13462,12202
15551,13463,12203
15552,13464,12204
15553,13465,12205
15554,13466,12206
15555,13467,12207
15556,13468,12208
15557,13469,12209
15558,13470,12210
15559,13471,12211
15560,13472,12212
15561,13473,12213
15562,13474,12214
15563,13475,12215
15564,13476,12216
15565,13477,12217
15566,13478,12218
15567,13479,12219
15568,13480,12220
15569,13481,12221
15570,13482,12222
15571,13483,12223
15572,13484,12224
15573,13485,12225
15574,13486,12226
15575,13487,12227
15576,13488,12228
15577,13489,12229
15578,13490,12230
15579,13491,12231
15580,13492,12232
15581,13493,12233
15582,13494,12234
15583,13495,12235
15584,13496,12236
15585,13497,12237
15586,13498,12238
15587,13499,12239
15588,13500,12240
15589,13501,12241
15590,13502,12241
15591,13503,12241
15592,13504,12241
15593,13505,12241
15594,13506,12241
15595,13507,12241
15596,13508,12241
15597,13509,12241
15598,13510,12241
15599,13511,12241
15600,13512,12241
15601,13513,12241
15602,13514,12241
15603,13515,12242
15604,13516,12243
15605,13517,12244
15606,13518,12245
15607,13519,12246
15608,13520,12247
15609,13521,12248
15610,13522,12249
15611,13523,12249
15612,13524,12249
15613,13525,12249
15614,13526,12249
15615,13527,12249
15616,13528,12249
15617,13529,12249
15618,13530,12249
15619,13531,12249
15620,13532,12249
15621,13533,12249
15622,13534,12249
15623,13535,12249
15624,13536,12249
15625,13537,12249
15626,13538,12249
15627,13539,12249
15628,13540,12250
15629,13541,12250
15630,13542,12250
15631,13543,12250
15632,13544,12250
15633,13545,12250
15634,13546,12250
15635,13547,12250
15636,13548,12250
15637,13549,12250
15638,13550,12251
15639,13551,12251
15640,13552,12252
15641,13553,12253
15642,13554,12254
15643,13555,12255
15644,13556,12256
15645,13557,12257
15646,13558,12258
15647,13559,12259
15648,13560,12260
15649,13561,12260
15650,13562,12260
15651,13563,12260
15652,13564,12260
15653,13565,12260
15654,13566,12260
15655,13567,12260
15656,13568,12260
15657,13569,12260
15658,13570,12260
15659,13571,12260
15660,13572,12260
15661,13573,12260
15662,13574,12260
15663,13575,12260
15664,13576,12260
15665,13577,12260
15666,13578,12260
15667,13579,12261
15668,13580,12262
15669,13581,12263
15670,13582,12264
15671,13583,12265
15672,13584,12266
15673,13585,12267
15674,13586,12268
15675,13587,12269
15676,13588,12270
15677,13589,12271
15678,13590,12272
15679,13591,12273
15680,13592,12274
15681,13593,12275
15682,13594,12276
15683,13595,12277
15684,13596,12278
15685,13597,12279
15686,13598,12280
15687,13599,12281
15688,13600,12282
15689,13601,12283
15690,13602,12284
15691,13603,12285
15692,13604,12286
15693,13605,12287
15694,13606,12288
15695,13607,12289
15696,13608,12290
15697,13609,12291
15698,13610,12291
15699,13611,12291
15700,13612,12291
15701,13613,12291
15702,13614,12291
15703,13615,12291
15704,13616,12292
15705,13617,12293
15706,13618,12294
15707,13619,12295
15708,13620,12296
15709,13621,12297
15710,13622,12298
15711,13623,12299
15712,13624,12299
15713,13625,12299
15714,13626,12299
15715,13627,12299
15716,13628,12299
15717,13629,12300
15718,13630,12301
15719,13631,12302
15720,13632,12303
15721,13633,12304
15722,13634,12305
15723,13635,12306
15724,13636,12307
15725,13637,12308
15726,13638,12309
15727,13639,12310
15728,13640,12311
15729,13641,12311
15730,13642,12311
15731,13643,12311
15732,13644,12311
15733,13645,12311
15734,13646,12311
15735,13647,12311
15736,13648,12311
15737,13649,12311
15738,13650,12311
15739,13651,12311
15740,13652,12311
15741,13653,12311
15742,13654,12312
15743,13655,12313
15744,13656,12314
15745,13657,12315
15746,13658,12316
15747,13659,12317
15748,13660,12318
15749,13661,12319
15750,13662,12319
15751,13663,12320
15752,13664,12321
15753,13665,12322
15754,13666,12323
15755,13667,12324
15756,13668,12325
15757,13669,12326
15758,13670,12327
15759,13671,12328
15760,13672,12328
15761,13673,12328
15762,13674,12328
15763,13675,12328
15764,13676,12328
15765,13677,12329
15766,13678,12330
15767,13679,12331
15768,13680,12332
15769,13681,12333
15770,13682,12334
15771,13683,12335
15772,13684,12336
15773,13685,12337
15774,13686,12338
15775,13687,12338
15776,13688,12338
15777,13689,12339
15778,13690,12340
15779,13691,12341
15780,13692,12342
15781,13693,12342
15782,13694,12342
15783,13695,12342
15784,13696,12342
15785,13697,12342
15786,13698,12342
15787,13699,12342
15788,13700,12343
15789,13701,12344
15790,13702,12345
15791,13703,12346
15792,13704,12347
15793,13705,12348
15794,13706,12349
15795,13707,12350
15796,13708,12351
15797,13709,12352
15798,13710,12353
15799,13711,12354
15800,13712,12355
15801,13713,12356
15802,13714,12357
15803,13715,12358
15804,13716,12359
15805,13717,12360
15806,13718,12360
15807,13719,12360
15808,13720,12360
15809,13721,12360
15810,13722,12360
15811,13723,12360
15812,13724,12360
15813,13725,12360
15814,13726,12360
15815,13727,12360
15816,13728,12361
15817,13729,12362
15818,13730,12363
15819,13731,12364
15820,13732,12365
15821,13733,12365
15822,13734,12365
15823,13735,12365
15824,13736,12365
15825,13737,12366
15826,13738,12367
15827,13739,12368
15828,13740,12369
15829,13741,12370
15830,13742,12371
15831,13743,12372
15832,13744,12373
15833,13745,12374
15834,13746,12375
15835,13747,12376
15836,13748,12377
15837,13749,12378
15838,13750,12379
15839,13751,12380
15840,13752,12380
15841,13753,12380
15842,13754,12380
15843,13755,12380
15844,13756,12380
15845,13757,12380
15846,13758,12380
15847,13759,12380
15848,13760,12381
15849,13761,12381
15850,13762,12381
15851,13763,12381
15852,13764,12381
15853,13765,12381
15854,13766,12381
15855,13767,12382
15856,13768,12383
15857,13769,12384
15858,13770,12385
15859,13771,12386
15860,13772,12387
15861,13773,12388
15862,13774,12389
15863,13775,12390
15864,13776,12391
15865,13777,12392
15866,13778,12393
15867,13779,12394
15868,13780,12395
15869,13781,12396
15870,13782,12397
15871,13783,12398
15872,13784,12399
15873,13785,12400
15874,13786,12401
15875,13787,12402
15876,13788,12403
15877,13789,12404
15878,13790,12405
15879,13791,12406
15880,13792,12407
15881,13793,12407
15882,13794,12407
15883,13795,12407
15884,13796,12407
15885,13797,12407
15886,13798,12407
15887,13799,12407
15888,13800,12407
15889,13801,12407
15890,13802,12407
15891,13803,12408
15892,13804,12409
15893,13805,12410
15894,13806,12411
15895,13807,12412
15896,13808,12413
15897,13809,12414
15898,13810,12415
15899,13811,12416
15900,13812,12416
15901,13813,12416
15902,13814,12416
15903,13815,12416
15904,13816,12416
15905,13817,12416
15906,13818,12416
15907,13819,12417
15908,13820,12418
15909,13821,12419
15910,13822,12420
15911,13823,12421
15912,13824,12422
15913,13825,12423
15914,13826,12424
15915,13827,12425
15916,13828,12426
15917,13829,12427
15918,13830,12428
15919,13831,12429
15920,13832,12430
15921,13833,12431
15922,13834,12432
15923,13835,12433
15924,13836,12434
15925,13837,12435
15926,13838,12436
15927,13839,12437
15928,13840,12438
15929,13841,12439
15930,13842,12440
15931,13843,12441
15932,13844,12441
15933,13845,12441
15934,13846,12441
15935,13847,12441
15936,13848,12441
15937,13849,12441
15938,13850,12441
15939,13851,12441
15940,13852,12441
15941,13853,12441
15942,13854,12441
15943,13855,12441
15944,13856,12441
15945,13857,12441
15946,13858,12441
15947,13859,12441
15948,13860,12441
15949,13861,12441
15950,13862,12441
15951,13863,12441
15952,13864,12441
15953,13865,12441
15954,13866,12442
15955,13867,12443
15956,13868,12444
15957,13869,12445
15958,13870,12446
15959,13871,12447
15960,13872,12448
15961,13873,12449
15962,13874,12450
15963,13875,12451
15964,13876,12452
15965,13877,12453
15966,13878,12454
15967,13879,12454
15968,13880,12455
15969,13881,12456
15970,13882,12457
15971,13883,12458
15972,13884,12459
15973,13885,12459
15974,13886,12459
15975,13887,12459
15976,13888,12459
15977,13889,12460
15978,13890,12461
15979,13891,12462
15980,13892,12462
15981,13893,12462
15982,13894,12462
15983,13895,12462
15984,13896,12462
15985,13897,12462
15986,13898,12463
15987,13899,12464
15988,13900,12465
15989,13901,12466
15990,13902,12467
15991,13903,12468
15992,13904,12469
15993,13905,12470
15994,13906,12471
15995,13907,12472
15996,13908,12472
15997,13909,12472
15998,13910,12472
15999,13911,12472
16000,13912,12472
16001,13913,12472
16002,13914,12472
16003,13915,12472
16004,13916,12472
16005,13917,12472
16006,13918,12473
16007,13919,12474
16008,13920,12475
16009,13921,12476
16010,13922,12477
16011,13923,12478
16012,13924,12479
16013,13925,12480
16014,13926,12481
16015,13927,12482
16016,13928,12483
16017,13929,12484
16018,13930,12485
16019,13931,12486
16020,13932,12487
16021,13933,12488
16022,13934,12489
16023,13935,12490
16024,13936,12491
16025,13937,12492
16026,13938,12493
16027,13939,12494
16028,13940,12495
16029,13941,12496
16030,13942,12497
16031,13943,12498
16032,13944,12499
16033,13945,12500
16034,13946,12501
16035,13947,12502
16036,13948,12503
16037,13949,12503
16038,13950,12503
16039,13951,12503
16040,13952,12503
16041,13953,12503
16042,13954,12503
16043,13955,12503
16044,13956,12503
16045,13957,12503
16046,13958,12503
16047,13959,12503
16048,13960,12504
16049,13961,12504
16050,13962,12504
16051,13963,12504
16052,13964,12504
16053,13965,12504
16054,13966,12504
16055,13967,12504
16056,13968,12504
16057,13969,12504
16058,13970,12505
16059,13971,12505
16060,13972,12506
16061,13973,12507
16062,13974,12508
16063,13975,12509
16064,13976,12510
16065,13977,12511
16066,13978,12512
16067,13979,12513
16068,13980,12514
16069,13981,12515
16070,13982,12516
16071,13983,12517
16072,13984,12518
16073,13985,12519
16074,13986,12520
16075,13987,12520
16076,13988,12520
16077,13989,12520
16078,13990,12520
16079,13991,12520
16080,13992,12520
16081,13993,12520
16082,13994,12520
16083,13995,12520
16084,13996,12521
16085,13997,12522
16086,13998,12523
16087,13999,12524
16088,14000,12525
16089,14001,12526
16090,14002,12527
16091,14003,12528
16092,14004,12529
16093,14005,12530
16094,14006,12531
16095,14007,12532
16096,14008,12532
16097,14009,12532
16098,14010,12533
16099,14011,12534
16100,14012,12535
16101,14013,12536
16102,14014,12537
16103,14015,12538
16104,14016,12539
16105,14017,12540
16106,14018,12540
16107,14019,12540
16108,14020,12540
16109,14021,12540
16110,14022,12540
16111,14023,12540
16112,14024,12540
16113,14025,12540
16114,14026,12540
16115,14027,12540
16116,14028,12541
16117,14029,12542
16118,14030,12543
16119,14031,12544
16120,14032,12545
16121,14033,12546
16122,14034,12547
16123,14035,12548
16124,14036,12549
16125,14037,12550
16126,14038,12551
16127,14039,12551
16128,14040,12552
16129,14041,12553
16130,14042,12554
16131,14043,12555
16132,14044,12555
16133,14045,12555
16134,14046,12555
16135,14047,12555
16136,14048,12555
16137,14049,12556
16138,14050,12557
16139,14051,12557
16140,14052,12557
16141,14053,12557
16142,14054,12557
16143,14055,12557
16144,14056,12557
16145,14057,12558
16146,14058,12559
16147,14059,12560
16148,14060,12561
16149,14061,12562
16150,14062,12563
16151,14063,12564
16152,14064,12565
16153,14065,12566
16154,14066,12567
16155,14067,12568
16156,14068,12569
16157,14069,12570
16158,14070,12571
16159,14071,12571
16160,14072,12571
16161,14073,12571
16162,14074,12571
16163,14075,12571
16164,14076,12571
16165,14077,12572
16166,14078,12573
16167,14079,12574
16168,14080,12575
16169,14081,12576
16170,14082,12577
16171,14083,12578
16172,14084,12579
16173,14085,12580
16174,14086,12581
16175,14087,12582
16176,14088,12583
16177,14089,12584
16178,14090,12585
16179,14091,12586
16180,14092,12587
16181,14093,12588
16182,14094,12589
16183,14095,12590
16184,14096,12591
16185,14097,12592
16186,14098,12593
16187,14099,12594
16188,14100,12595
16189,14101,12596
16190,14102,12597
16191,14103,12598
16192,14104,12599
16193,14105,12599
16194,14106,12599
16195,14107,12599
16196,14108,12599
16197,14109,12599
16198,14110,12599
16199,14111,12599
16200,14112,12599
16201,14113,12599
16202,14114,12599
16203,14115,12599
16204,14116,12599
16205,14117,12599
16206,14118,12599
16207,14119,12599
16208,14120,12600
16209,14121,12601
16210,14122,12602
16211,14123,12603
16212,14124,12603
16213,14125,12603
16214,14126,12603
16215,14127,12603
16216,14128,12603
16217,14129,12603
16218,14130,12604
16219,14131,12605
16220,14132,12606
16221,14133,12606
16222,14134,12607
16223,14135,12608
16224,14136,12609
16225,14137,12610
16226,14138,12611
16227,14139,12612
16228,14140,12613
16229,14141,12614
16230,14142,12615
16231,14143,12616
16232,14144,12617
16233,14145,12618
16234,14146,12618
16235,14147,12618
16236,14148,12618
16237,14149,12618
16238,14150,12618
16239,14151,12618
16240,14152,12618
16241,14153,12618
16242,14154,12618
16243,14155,12619
16244,14156,12620
16245,14157,12621
16246,14158,12622
16247,14159,12623
16248,14160,12624
16249,14160,12625
16250,14160,12626
16251,14160,12627
16252,14160,12628
16253,14161,12629
16254,14162,12630
16255,14163,12631
16256,14164,12632
16257,14165,12633
16258,14166,12634
16259,14167,12635
16260,14168,12636
16261,14169,12637
16262,14170,12638
16263,14171,12639
16264,14172,12640
16265,14173,12641
16266,14174,12642
16267,14175,12643
16268,14176,12644
16269,14177,12645
16270,14178,12646
16271,14179,12647
16272,14180,12648
16273,14181,12649
16274,14182,12649
16275,14183,12649
16276,14184,12649
16277,14185,12649
16278,14186,12649
16279,14187,12649
16280,14188,12649
16281,14189,12649
16282,14190,12650
16283,14191,12650
16284,14192,12650
16285,14193,12650
16286,14194,12650
16287,14195,12650
16288,14196,12650
16289,14197,12650
16290,14198,12650
16291,14199,12651
16292,14200,12652
16293,14201,12653
16294,14202,12653
16295,14203,12653
16296,14204,12653
16297,14205,12653
16298,14206,12653
16299,14207,12653
16300,14208,12653
16301,14209,12653
16302,14210,12654
16303,14211,12654
16304,14212,12654
16305,14213,12654
16306,14214,12654
16307,14215,12654
16308,14216,12654
16309,14217,12654
16310,14218,12654
16311,14219,12655
16312,14220,12656
16313,14221,12656
16314,14222,12657
16315,14223,12658
16316,14224,12659
16317,14225,12660
16318,14226,12661
16319,14227,12662
16320,14228,12663
16321,14229,12664
16322,14230,12665
16323,14231,12666
16324,14232,12667
16325,14233,12668
16326,14234,12669
16327,14235,12670
16328,14236,12671
16329,14237,12672
16330,14238,12673
16331,14239,12674
16332,14240,12675
16333,14241,12676
16334,14242,12677
16335,14243,12678
16336,14244,12679
16337,14245,12680
16338,14246,12681
16339,14247,12682
16340,14248,12683
16341,14249,12684
16342,14250,12685
16343,14251,12686
16344,14252,12687
16345,14253,12688
16346,14254,12689
16347,14255,12690
16348,14256,12691
16349,14257,12692
16350,14258,12693
16351,14259,12694
16352,14260,12695
16353,14261,12696
16354,14262,12697
16355,14263,12698
16356,14264,12699
16357,14265,12700
16358,14266,12701
16359,14267,12702
16360,14268,12703
16361,14269,12704
16362,14270,12705
16363,14271,12705
16364,14272,12705
16365,14273,12705
16366,14274,12705
16367,14275,12705
16368,14276,12705
16369,14277,12705
16370,14278,12705
16371,14279,12705
16372,14280,12705
16373,14281,12705
16374,14282,12705
16375,14283,12705
16376,14284,12705
16377,14285,12705
16378,14286,12705
16379,14287,12705
16380,14288,12705
16381,14289,12705
16382,14290,12706
16383,14291,12706
16384,14292,12706
16385,14293,12707
16386,14294,12708
16387,14295,12709
16388,14296,12710
16389,14297,12711
16390,14298,12712
16391,14299,12713
16392,14300,12714
16393,14301,12715
16394,14302,12716
16395,14303,12717
16396,14304,12718
16397,14305,12719
16398,14306,12719
16399,14307,12719
16400,14308,12719
16401,14309,12719
16402,14310,12720
16403,14311,12721
16404,14312,12721
16405,14313,12721
16406,14314,12721
16407,14315,12722
16408,14316,12723
16409,14317,12724
16410,14318,12725
16411,14319,12726
16412,14320,12727
16413,14321,12728
16414,14322,12729
16415,14323,12730
16416,14324,12731
16417,14325,12732
16418,14326,12733
16419,14327,12734
16420,14328,12735
16421,14329,12736
16422,14330,12737
16423,14331,12737
16424,14332,12737
16425,14333,12737
16426,14334,12737
16427,14335,12737
16428,14336,12738
16429,14337,12739
16430,14338,12740
16431,14339,12741
16432,14340,12742
16433,14341,12743
16434,14342,12744
16435,14343,12745
16436,14344,12746
16437,14345,12747
16438,14346,12748
16439,14347,12749
16440,14348,12750
16441,14349,12751
16442,14350,12752
16443,14351,12753
16444,14352,12754
16445,14353,12755
16446,14354,12756
16447,14355,12757
16448,14356,12758
16449,14357,12759
16450,14358,12760
16451,14359,12761
16452,14360,12762
16453,14361,12763
16454,14362,12764
16455,14363,12765
16456,14364,12766
16457,14365,12767
16458,14366,12768
16459,14367,12768
16460,14368,12768
16461,14369,12768
16462,14370,12768
16463,14371,12768
16464,14372,12768
16465,14373,12768
16466,14374,12768
16467,14375,12768
16468,14376,12768
16469,14377,12768
16470,14378,12768
16471,14379,12768
16472,14380,12768
16473,14381,12768
16474,14382,12768
16475,14383,12768
16476,14384,12768
16477,14385,12768
16478,14386,12768
16479,14387,12768
16480,14388,12768
16481,14389,12768
16482,14390,12768
16483,14391,12768
16484,14392,12768
16485,14393,12768
16486,14394,12768
16487,14395,12768
16488,14396,12769
16489,14397,12770
16490,14398,12771
16491,14399,12772
16492,14400,12773
16493,14401,12774
16494,14402,12775
16495,14403,12776
16496,14404,12777
16497,14405,12778
16498,14406,12779
16499,14407,12780
16500,14408,12781
16501,14409,12782
16502,14410,12783
16503,14411,12784
16504,14412,12785
16505,14413,12786
16506,14414,12787
16507,14415,12788
16508,14416,12789
16509,14417,12790
16510,14418,12791
16511,14419,12792
16512,14420,12793
16513,14421,12794
16514,14422,12795
16515,14423,12796
16516,14424,12797
16517,14425,12798
16518,14426,12799
16519,14427,12800
16520,14428,12801
16521,14429,12802
16522,14430,12803
16523,14431,12804
16524,14432,12805
16525,14433,12806
16526,14434,12807
16527,14435,12808
16528,14436,12809
16529,14437,12810
16530,14438,12811
16531,14439,12812
16532,14440,12813
16533,14441,12814
16534,14442,12815
16535,14443,12816
16536,14444,12817
16537,14445,12818
16538,14446,12819
16539,14447,12820
16540,14448,12820
16541,14449,12820
16542,14450,12820
16543,14451,12820
16544,14452,12820
16545,14453,12820
16546,14454,12820
16547,14455,12820
16548,14456,12820
16549,14457,12820
16550,14458,12820
16551,14459,12820
16552,14460,12820
16553,14461,12820
16554,14462,12820
16555,14463,12820
16556,14464,12820
16557,14465,12820
16558,14466,12820
16559,14467,12821
16560,14468,12822
16561,14469,12823
16562,14470,12824
16563,14471,12825
16564,14472,12826
16565,14473,12827
16566,14474,12828
16567,14475,12829
16568,14476,12830
16569,14477,12831
16570,14478,12832
16571,14479,12833
16572,14480,12834
16573,14481,12835
16574,14482,12836
16575,14483,12837
16576,14484,12838
16577,14485,12839
16578,14486,12840
16579,14487,12841
16580,14488,12842
16581,14489,12843
16582,14490,12844
16583,14491,12845
16584,14492,12846
16585,14493,12847
16586,14494,12848
16587,14495,12849
16588,14496,12850
16589,14497,12851
16590,14498,12852
16591,14499,12853
16592,14500,12854
16593,14501,12855
16594,14502,12856
16595,14503,12857
16596,14504,12858
16597,14505,12859
16598,14506,12859
16599,14507,12859
16600,14508,12860
16601,14509,12861
16602,14510,12862
16603,14511,12863
16604,14512,12864
16605,14513,12865
16606,14514,12865
16607,14515,12865
16608,14516,12865
16609,14517,12865
16610,14518,12865
16611,14519,12865
16612,14520,12865
16613,14521,12865
16614,14522,12865
16615,14523,12865
16616,14524,12865
16617,14525,12865
16618,14526,12865
16619,14527,12865
16620,14528,12865
16621,14529,12865
16622,14530,12865
16623,14531,12865
16624,14532,12865
16625,14533,12865
16626,14534,12865
16627,14535,12865
16628,14536,12865
16629,14537,12865
16630,14538,12865
16631,14539,12865
16632,14540,12865
16633,14541,12865
16634,14542,12865
16635,14543,12865
16636,14544,12865
16637,14545,12865
16638,14546,12865
16639,14547,12865
16640,14548,12865
16641,14549,12865
16642,14550,12865
16643,14551,12865
16644,14552,12865
16645,14553,12865
16646,14554,12866
16647,14555,12867
16648,14556,12868
16649,14557,12869
16650,14558,12870
16651,14559,12871
16652,14560,12872
16653,14561,12873
16654,14562,12874
16655,14563,12875
16656,14564,12876
16657,14565,12877
16658,14566,12878
16659,14567,12879
16660,14568,12880
16661,14569,12881
16662,14570,12882
16663,14571,12883
16664,14572,12884
16665,14573,12885
16666,14574,12886
16667,14575,12887
16668,14576,12888
16669,14577,12889
16670,14578,12889
16671,14579,12889
16672,14580,12890
16673,14581,12890
16674,14582,12890
16675,14583,12890
16676,14584,12890
16677,14585,12890
16678,14586,12890
16679,14587,12890
16680,14588,12890
16681,14589,12890
16682,14590,12890
16683,14591,12890
16684,14592,12890
16685,14593,12891
16686,14594,12892
16687,14595,12893
16688,14596,12894
16689,14597,12895
16690,14598,12896
16691,14599,12897
16692,14600,12898
16693,14601,12899
16694,14602,12900
16695,14603,12901
16696,14604,12902
16697,14605,12903
16698,14606,12904
16699,14607,12905
16700,14608,12906
16701,14609,12907
16702,14610,12908
16703,14611,12908
16704,14612,12908
16705,14613,12908
16706,14614,12908
16707,14615,12909
16708,14616,12910
16709,14617,12911
16710,14618,12912
16711,14619,12913
16712,14620,12914
16713,14621,12915
16714,14622,12916
16715,14623,12917
16716,14624,12918
16717,14625,12919
16718,14626,12920
16719,14627,12921
16720,14628,12922
16721,14629,12923
16722,14630,12924
16723,14631,12925
16724,14632,12926
16725,14633,12927
16726,14634,12928
16727,14635,12929
16728,14636,12930
16729,14637,12931
16730,14638,12932
16731,14639,12933
16732,14640,12934
16733,14641,12935
16734,14642,12936
16735,14643,12937
16736,14644,12938
16737,14645,12939
16738,14646,12940
16739,14647,12941
16740,14648,12942
16741,14649,12943
16742,14650,12944
16743,14651,12945
16744,14652,12946
16745,14653,12947
16746,14654,12948
16747,14655,12949
16748,14656,12950
16749,14657,12951
16750,14658,12951
16751,14659,12951
16752,14660,12951
16753,14661,12951
16754,14662,12951
16755,14663,12951
16756,14664,12951
16757,14665,12951
16758,14666,12951
16759,14667,12951
16760,14668,12951
16761,14669,12951
16762,14670,12951
16763,14671,12952
16764,14672,12953
16765,14673,12954
16766,14674,12955
16767,14675,12956
16768,14676,12957
16769,14677,12958
16770,14678,12959
16771,14679,12960
16772,14680,12961
16773,14681,12962
16774,14682,12963
16775,14683,12964
16776,14684,12965
16777,14685,12966
16778,14686,12966
16779,14687,12966
16780,14688,12966
16781,14689,12966
16782,14690,12967
16783,14691,12967
16784,14692,12967
16785,14693,12967
16786,14694,12967
16787,14695,12967
16788,14696,12967
16789,14697,12967
16790,14698,12967
16791,14699,12967
16792,14700,12967
16793,14701,12967
16794,14702,12967
16795,14703,12967
16796,14704,12967
16797,14705,12968
16798,14706,12969
16799,14707,12970
16800,14708,12971
16801,14709,12972
16802,14710,12973
16803,14711,12974
16804,14712,12975
16805,14713,12976
16806,14714,12977
16807,14715,12978
16808,14716,12979
16809,14717,12980
16810,14718,12981
16811,14719,12982
16812,14720,12983
16813,14721,12984
16814,14722,12984
16815,14723,12984
16816,14724,12984
16817,14725,12984
16818,14726,12984
16819,14727,12985
16820,14728,12986
16821,14729,12987
16822,14730,12988
16823,14731,12989
16824,14732,12990
16825,14733,12991
16826,14734,12992
16827,14735,12993
16828,14736,12994
16829,14737,12995
16830,14738,12996
16831,14739,12997
16832,14740,12998
16833,14741,12999
16834,14742,13000
16835,14743,13001
16836,14744,13002
16837,14745,13003
16838,14746,13003
16839,14747,13004
16840,14748,13005
16841,14749,13006
16842,14750,13007
16843,14751,13007
16844,14752,13007
16845,14753,13007
16846,14754,13007
16847,14755,13007
16848,14756,13007
16849,14757,13007
16850,14758,13008
16851,14759,13009
16852,14760,13010
16853,14761,13011
16854,14762,13012
16855,14763,13013
16856,14764,13013
16857,14765,13013
16858,14766,13013
16859,14767,13013
16860,14768,13013
16861,14769,13013
16862,14770,13013
16863,14771,13013
16864,14772,13013
16865,14773,13013
16866,14774,13013
16867,14775,13013
16868,14776,13013
16869,14777,13013
16870,14778,13013
16871,14779,13013
16872,14780,13013
16873,14781,13013
16874,14782,13013
16875,14783,13013
16876,14784,13013
16877,14785,13013
16878,14786,13013
16879,14787,13013
16880,14788,13013
16881,14789,13013
16882,14790,13013
16883,14791,13013
16884,14792,13013
16885,14793,13014
16886,14794,13015
16887,14795,13016
16888,14796,13017
16889,14797,13018
16890,14798,13019
16891,14799,13020
16892,14800,13021
16893,14801,13022
16894,14802,13022
16895,14803,13022
16896,14804,13022
16897,14805,13022
16898,14806,13022
16899,14807,13022
16900,14808,13022
16901,14809,13023
16902,14810,13024
16903,14811,13025
16904,14812,13026
16905,14813,13027
16906,14814,13028
16907,14815,13029
16908,14816,13030
16909,14817,13031
16910,14818,13032
16911,14819,13033
16912,14820,13034
16913,14821,13035
16914,14822,13036
16915,14823,13037
16916,14824,13038
16917,14825,13039
16918,14826,13040
16919,14827,13041
16920,14828,13042
16921,14829,13043
16922,14830,13044
16923,14831,13045
16924,14832,13046
16925,14833,13047
16926,14834,13048
16927,14835,13049
16928,14836,13049
16929,14837,13049
16930,14838,13049
16931,14839,13049
16932,14840,13049
16933,14841,13049
16934,14842,13050
16935,14843,13051
16936,14844,13052
16937,14845,13053
16938,14846,13054
16939,14847,13055
16940,14848,13056
16941,14849,13057
16942,14850,13058
16943,14851,13059
16944,14852,13060
16945,14853,13061
16946,14854,13062
16947,14855,13063
16948,14856,13064
16949,14857,13065
16950,14858,13066
16951,14859,13067
16952,14860,13068
16953,14861,13069
16954,14862,13070
16955,14863,13071
16956,14864,13071
16957,14865,13071
16958,14866,13071
16959,14867,13071
16960,14868,13071
16961,14869,13071
16962,14870,13072
16963,14871,13072
16964,14872,13072
16965,14873,13072
16966,14874,13072
16967,14875,13072
16968,14876,13072
16969,14877,13072
16970,14878,13073
16971,14879,13074
16972,14880,13075
16973,14881,13076
16974,14882,13077
16975,14883,13078
16976,14884,13078
16977,14885,13078
16978,14886,13078
16979,14887,13078
16980,14888,13078
16981,14889,13078
16982,14890,13079
16983,14891,13080
16984,14892,13081
16985,14893,13082
16986,14894,13083
16987,14895,13084
16988,14896,13085
16989,14897,13086
16990,14898,13087
16991,14899,13088
16992,14900,13089
16993,14901,13090
16994,14902,13091
16995,14903,13092
16996,14904,13092
16997,14905,13092
16998,14906,13092
16999,14907,13092
17000,14908,13092
17001,14909,13092
17002,14910,13092
17003,14911,13092
17004,14912,13092
17005,14913,13092
17006,14914,13092
17007,14915,13092
17008,14916,13092
17009,14917,13092
17010,14918,13092
17011,14919,13092
17012,14920,13092
17013,14921,13092
17014,14922,13092
17015,14923,13092
17016,14924,13092
17017,14925,13092
17018,14926,13092
17019,14927,13092
17020,14928,13093
17021,14929,13094
17022,14930,13095
17023,14931,13096
17024,14932,13097
17025,14933,13098
17026,14934,13099
17027,14935,13100
17028,14936,13101
17029,14937,13102
17030,14938,13103
17031,14939,13104
17032,14940,13105
17033,14941,13106
17034,14942,13107
17035,14943,13108
17036,14944,13109
17037,14945,13109
17038,14946,13109
17039,14947,13109
17040,14948,13109
17041,14949,13109
17042,14950,13109
17043,14951,13109
17044,14952,13109
17045,14953,13109
17046,14954,13109
17047,14955,13109
17048,14956,13110
17049,14957,13111
17050,14958,13112
17051,14959,13113
17052,14960,13114
17053,14961,13115
17054,14962,13116
17055,14963,13117
17056,14964,13117
17057,14965,13117
17058,14966,13117
17059,14967,13117
17060,14968,13117
17061,14969,13118
17062,14970,13119
17063,14971,13120
17064,14972,13121
17065,14973,13122
17066,14974,13123
17067,14975,13123
17068,14976,13123
17069,14977,13123
17070,14978,13123
17071,14979,13123
17072,14980,13123
17073,14981,13123
17074,14982,13123
17075,14983,13123
17076,14984,13123
17077,14985,13123
17078,14986,13123
17079,14987,13123
17080,14988,13123
17081,14989,13123
17082,14990,13123
17083,14991,13123
17084,14992,13123
17085,14993,13123
17086,14994,13123
17087,14995,13123
17088,14996,13123
17089,14997,13123
17090,14998,13124
17091,14999,13125
17092,15000,13126
17093,15001,13127
17094,15002,13128
17095,15003,13129
17096,15004,13130
17097,15005,13131
17098,15006,13132
17099,15007,13133
17100,15008,13134
17101,15009,13135
17102,15010,13136
17103,15011,13137
17104,15012,13138
17105,15013,13139
17106,15014,13140
17107,15015,13141
17108,15016,13142
17109,15017,13143
17110,15018,13144
17111,15019,13145
17112,15020,13146
17113,15021,13147
17114,15022,13148
17115,15023,13149
17116,15024,13150
17117,15025,13151
17118,15026,13152
17119,15027,13153
17120,15028,13154
17121,15029,13155
17122,15030,13156
17123,15031,13157
17124,15032,13158
17125,15033,13159
17126,15034,13160
17127,15035,13161
17128,15036,13162
17129,15037,13163
17130,15038,13164
17131,15039,13165
17132,15040,13166
17133,15041,13167
17134,15042,13168
17135,15043,13169
17136,15044,13170
17137,15045,13171
17138,15046,13172
17139,15047,13173
17140,15048,13174
17141,15049,13175
17142,15050,13176
17143,15051,13177
17144,15052,13178
17145,15053,13179
17146,15054,13180
17147,15055,13181
17148,15056,13182
17149,15057,13183
17150,15058,13184
17151,15059,13185
17152,15060,13186
17153,15061,13187
17154,15062,13188
17155,15063,13189
17156,15064,13190
17157,15065,13191
17158,15066,13192
17159,15067,13193
17160,15068,13194
17161,15069,13194
17162,15070,13194
17163,15071,13194
17164,15072,13194
17165,15073,13194
17166,15074,13194
17167,15075,13194
17168,15076,13194
17169,15077,13194
17170,15078,13194
17171,15079,13194
17172,15080,13194
17173,15081,13194
17174,15082,13194
17175,15083,13194
17176,15084,13194
17177,15085,13194
17178,15086,13194
17179,15087,13194
17180,15088,13194
17181,15089,13194
17182,15090,13194
17183,15091,13194
17184,15092,13194
17185,15093,13194
17186,15094,13194
17187,15095,13194
17188,15096,13194
17189,15097,13194
17190,15098,13194
17191,15099,13194
17192,15100,13195
17193,15101,13196
17194,15102,13197
17195,15103,13198
17196,15104,13199
17197,15105,13200
17198,15106,13201
17199,15107,13202
17200,15108,13203
17201,15109,13204
17202,15110,13205
17203,15111,13206
17204,15112,13206
17205,15113,13206
17206,15114,13206
17207,15115,13206
17208,15116,13206
17209,15117,13207
17210,15118,13208
17211,15119,13209
17212,15120,13210
17213,15121,13211
17214,15122,13212
17215,15123,13213
17216,15124,13214
17217,15125,13215
17218,15126,13216
17219,15127,13217
17220,15128,13218
17221,15129,13219
17222,15130,13220
17223,15131,13221
17224,15132,13222
17225,15133,13223
17226,15134,13224
17227,15135,13225
17228,15136,13226
17229,15137,13227
17230,15138,13228
17231,15139,13229
17232,15140,13230
17233,15141,13231
17234,15142,13232
17235,15143,13233
17236,15144,13234
17237,15145,13235
17238,15146,13236
17239,15147,13236
17240,15148,13236
17241,15149,13236
17242,15150,13236
17243,15151,13236
17244,15152,13236
17245,15153,13236
17246,15154,13236
17247,15155,13236
17248,15156,13236
17249,15157,13236
17250,15158,13236
17251,15159,13236
17252,15160,13236
17253,15161,13236
17254,15162,13236
17255,15163,13236
17256,15164,13236
17257,15165,13236
17258,15166,13236
17259,15167,13236
17260,15168,13236
17261,15169,13236
17262,15170,13236
17263,15171,13236
17264,15172,13236
17265,15173,13236
17266,15174,13236
17267,15175,13236
17268,15176,13236
17269,15177,13237
17270,15178,13238
17271,15179,13239
17272,15180,13240
17273,15181,13241
17274,15182,13242
17275,15183,13243
17276,15184,13244
17277,15185,13245
17278,15186,13246
17279,15187,13247
17280,15188,13248
17281,15189,13249
17282,15190,13250
17283,15191,13251
17284,15192,13252
17285,15193,13253
17286,15194,13254
17287,15195,13255
17288,15196,13256
17289,15197,13257
17290,15198,13258
17291,15199,13259
17292,15200,13260
17293,15201,13261
17294,15202,13262
17295,15203,13263
17296,15204,13264
17297,15205,13265
17298,15206,13266
17299,15207,13267
17300,15208,13267
17301,15209,13267
17302,15210,13268
17303,15211,13269
17304,15212,13270
17305,15213,13271
17306,15214,13272
17307,15215,13272
17308,15216,13272
17309,15217,13272
17310,15218,13272
17311,15219,13272
17312,15220,13272
17313,15221,13272
17314,15222,13272
17315,15223,13272
17316,15224,13272
17317,15225,13272
17318,15226,13272
17319,15227,13272
17320,15228,13272
17321,15229,13272
17322,15230,13272
17323,15231,13272
17324,15232,13272
17325,15233,13272
17326,15234,13272
17327,15235,13272
17328,15236,13272
17329,15237,13272
17330,15238,13272
17331,15239,13272
17332,15240,13272
17333,15241,13272
17334,15242,13272
17335,15243,13272
17336,15244,13272
17337,15245,13272
17338,15246,13272
17339,15247,13272
17340,15248,13272
17341,15249,13272
17342,15250,13272
17343,15251,13273
17344,15252,13274
17345,15253,13275
17346,15254,13276
17347,15255,13277
17348,15256,13278
17349,15257,13279
17350,15258,13280
17351,15259,13281
17352,15260,13282
17353,15261,13283
17354,15262,13284
17355,15263,13285
17356,15264,13286
17357,15265,13287
17358,15266,13288
17359,15267,13289
17360,15268,13290
17361,15269,13291
17362,15270,13292
17363,15271,13293
17364,15272,13294
17365,15273,13295
17366,15274,13296
17367,15275,13297
17368,15276,13298
17369,15277,13299
17370,15278,13300
17371,15279,13301
17372,15280,13302
17373,15281,13303
17374,15282,13304
17375,15283,13305
17376,15284,13306
17377,15285,13307
17378,15286,13307
17379,15287,13307
17380,15288,13307
17381,15289,13307
17382,15290,13308
17383,15291,13309
17384,15292,13310
17385,15293,13311
17386,15294,13312
17387,15295,13312
17388,15296,13312
17389,15297,13312
17390,15298,13312
17391,15299,13312
17392,15300,13312
17393,15301,13312
17394,15302,13312
17395,15303,13312
17396,15304,13312
17397,15305,13312
17398,15306,13312
17399,15307,13312
17400,15308,13312
17401,15309,13312
17402,15310,13312
17403,15311,13312
17404,15312,13312
17405,15313,13312
17406,15314,13312
17407,15315,13312
17408,15316,13312
17409,15317,13312
17410,15318,13312
17411,15319,13313
17412,15320,13314
17413,15321,13315
17414,15322,13316
17415,15323,13317
17416,15324,13318
17417,15325,13319
17418,15326,13320
17419,15327,13321
17420,15328,13322
17421,15329,13323
17422,15330,13324
17423,15331,13325
17424,15332,13326
17425,15333,13327
17426,15334,13328
17427,15335,13329
17428,15336,13330
17429,15337,13331
17430,15338,13332
17431,15339,13333
17432,15340,13334
17433,15341,13335
17434,15342,13336
17435,15343,13337
17436,15344,13338
17437,15345,13339
17438,15346,13340
17439,15347,13341
17440,15348,13342
17441,15349,13343
17442,15350,13344
17443,15351,13345
17444,15352,13346
17445,15353,13347
17446,15354,13348
17447,15355,13349
17448,15356,13350
17449,15357,13351
17450,15358,13352
17451,15359,13353
17452,15360,13354
17453,15361,13355
17454,15362,13356
17455,15363,13357
17456,15364,13358
17457,15365,13359
17458,15366,13360
17459,15367,13361
17460,15368,13362
17461,15369,13363
17462,15370,13364
17463,15371,13365
17464,15372,13366
17465,15373,13367
17466,15374,13367
17467,15375,13367
17468,15376,13367
17469,15377,13367
17470,15378,13367
17471,15379,13367
17472,15380,13367
17473,15381,13367
17474,15382,13367
17475,15383,13367
17476,15384,13367
17477,15385,13367
17478,15386,13367
17479,15387,13367
17480,15388,13367
17481,15389,13367
17482,15390,13367
17483,15391,13367
17484,15392,13367
17485,15393,13367
17486,15394,13368
17487,15395,13369
17488,15396,13370
17489,15397,13371
17490,15398,13372
17491,15399,13373
17492,15400,13374
17493,15401,13375
17494,15402,13376
17495,15403,13377
17496,15404,13378
17497,15405,13379
17498,15406,13380
17499,15407,13381
17500,15408,13382
17501,15409,13383
17502,15410,13384
17503,15411,13385
17504,15412,13386
17505,15413,13387
17506,15414,13388
17507,15415,13389
17508,15416,13390
17509,15417,13391
17510,15418,13392
17511,15419,13393
17512,15420,13394
17513,15421,13395
17514,15422,13395
17515,15423,13395
17516,15424,13395
17517,15425,13395
17518,15426,13395
17519,15427,13395
17520,15428,13395
17521,15429,13395
17522,15430,13395
17523,15431,13395
17524,15432,13395
17525,15433,13395
17526,15434,13395
17527,15435,13396
17528,15436,13397
17529,15437,13398
17530,15438,13399
17531,15439,13400
17532,15440,13401
17533,15441,13402
17534,15442,13403
17535,15443,13404
17536,15444,13405
17537,15445,13406
17538,15446,13407
17539,15447,13407
17540,15448,13407
17541,15449,13407
17542,15450,13408
17543,15451,13409
17544,15452,13410
17545,15453,13411
17546,15454,13412
17547,15455,13413
17548,15456,13414
17549,15457,13415
17550,15458,13416
17551,15459,13417
17552,15460,13418
17553,15461,13419
17554,15462,13419
17555,15463,13419
17556,15464,13419
17557,15465,13419
17558,15466,13419
17559,15467,13419
17560,15468,13419
17561,15469,13419
17562,15470,13419
17563,15471,13419
17564,15472,13419
17565,15473,13419
17566,15474,13419
17567,15475,13419
17568,15476,13419
17569,15477,13419
17570,15478,13419
17571,15479,13419
17572,15480,13419
17573,15481,13419
17574,15482,13419
17575,15483,13419
17576,15484,13419
17577,15485,13419
17578,15486,13419
17579,15487,13419
17580,15488,13419
17581,15489,13419
17582,15490,13419
17583,15491,13419
17584,15492,13419
17585,15493,13420
17586,15494,13421
17587,15495,13422
17588,15496,13423
17589,15497,13424
17590,15498,13425
17591,15499,13426
17592,15500,13427
17593,15501,13427
17594,15502,13428
17595,15503,13429
17596,15504,13430
17597,15505,13431
17598,15506,13432
17599,15507,13433
17600,15508,13434
17601,15509,13435
17602,15510,13436
17603,15511,13437
17604,15512,13438
17605,15513,13439
17606,15514,13440
17607,15515,13441
17608,15516,13442
17609,15517,13443
17610,15518,13444
17611,15519,13445
17612,15520,13446
17613,15521,13447
17614,15522,13448
17615,15523,13449
17616,15524,13450
17617,15525,13451
17618,15526,13452
17619,15527,13452
17620,15528,13452
17621,15529,13453
17622,15530,13454
17623,15531,13455
17624,15532,13456
17625,15533,13457
17626,15534,13458
17627,15535,13459
17628,15536,13460
17629,15537,13461
17630,15538,13462
17631,15539,13463
17632,15540,13464
17633,15541,13465
17634,15542,13466
17635,15543,13467
17636,15544,13468
17637,15545,13469
17638,15546,13470
17639,15547,13471
17640,15548,13472
17641,15549,13473
17642,15550,13474
17643,15551,13475
17644,15552,13476
17645,15553,13477
17646,15554,13478
17647,15555,13479
17648,15556,13480
17649,15557,13481
17650,15558,13482
17651,15559,13483
17652,15560,13484
17653,15561,13485
17654,15562,13486
17655,15563,13487
17656,15564,13488
17657,15565,13489
17658,15566,13490
17659,15567,13491
17660,15568,13492
17661,15569,13493
17662,15570,13494
17663,15571,13495
17664,15572,13496
17665,15573,13497
17666,15574,13498
17667,15575,13499
17668,15576,13500
17669,15577,13501
17670,15578,13502
17671,15579,13503
17672,15580,13504
17673,15581,13505
17674,15582,13506
17675,15583,13506
17676,15584,13506
17677,15585,13506
17678,15586,13506
17679,15587,13506
17680,15588,13506
17681,15589,13506
17682,15590,13506
17683,15591,13506
17684,15592,13506
17685,15593,13506
17686,15594,13506
17687,15595,13506
17688,15596,13506
17689,15597,13506
17690,15598,13507
17691,15599,13508
17692,15600,13509
17693,15601,13510
17694,15602,13510
17695,15603,13510
17696,15604,13510
17697,15605,13510
17698,15606,13510
17699,15607,13510
17700,15608,13510
17701,15609,13510
17702,15610,13511
17703,15611,13512
17704,15612,13513
17705,15613,13514
17706,15614,13515
17707,15615,13516
17708,15616,13517
17709,15617,13518
17710,15618,13519
17711,15619,13520
17712,15620,13521
17713,15621,13522
17714,15622,13523
17715,15623,13524
17716,15624,13525
17717,15625,13526
17718,15626,13527
17719,15627,13527
17720,15628,13527
17721,15629,13527
17722,15630,13527
17723,15631,13527
17724,15632,13527
17725,15633,13527
17726,15634,13527
17727,15635,13527
17728,15636,13527
17729,15637,13527
17730,15638,13527
17731,15639,13527
17732,15640,13527
17733,15641,13527
17734,15642,13527
17735,15643,13527
17736,15644,13527
17737,15645,13527
17738,15646,13527
17739,15647,13527
17740,15648,13527
17741,15649,13527
17742,15650,13527
17743,15651,13527
17744,15652,13527
17745,15653,13527
17746,15654,13527
17747,15655,13527
17748,15656,13527
17749,15657,13527
17750,15658,13527
17751,15659,13527
17752,15660,13528
17753,15661,13529
17754,15662,13530
17755,15663,13531
17756,15664,13532
17757,15665,13533
17758,15666,13534
17759,15667,13535
17760,15668,13535
17761,15669,13535
17762,15670,13535
17763,15671,13535
17764,15672,13535
17765,15673,13535
17766,15674,13535
17767,15675,13535
17768,15676,13535
17769,15677,13535
17770,15678,13535
17771,15679,13535
17772,15680,13536
17773,15681,13537
17774,15682,13537
17775,15683,13537
17776,15684,13537
17777,15685,13537
17778,15686,13537
17779,15687,13537
17780,15688,13538
17781,15689,13539
17782,15690,13540
17783,15691,13541
17784,15692,13542
17785,15693,13542
17786,15694,13542
17787,15695,13542
17788,15696,13542
17789,15697,13542
17790,15698,13542
17791,15699,13543
17792,15700,13544
17793,15701,13545
17794,15702,13546
17795,15703,13547
17796,15704,13548
17797,15705,13549
17798,15706,13550
17799,15707,13550
17800,15708,13550
17801,15709,13550
17802,15710,13551
17803,15711,13552
17804,15712,13553
17805,15713,13554
17806,15714,13555
17807,15715,13556
17808,15716,13557
17809,15717,13558
17810,15718,13559
17811,15719,13560
17812,15720,13561
17813,15721,13562
17814,15722,13563
17815,15723,13564
17816,15724,13565
17817,15725,13566
17818,15726,13567
17819,15727,13568
17820,15728,13569
17821,15729,13570
17822,15730,13571
17823,15731,13572
17824,15732,13573
17825,15733,13574
17826,15734,13575
17827,15735,13576
17828,15736,13577
17829,15737,13578
17830,15738,13579
17831,15739,13580
17832,15740,13581
17833,15741,13582
17834,15742,13583
17835,15743,13584
17836,15744,13585
17837,15745,13586
17838,15746,13587
17839,15747,13588
17840,15748,13589
17841,15749,13590
17842,15750,13591
17843,15751,13592
17844,15752,13593
17845,15753,13594
17846,15754,13595
17847,15755,13596
17848,15756,13596
17849,15757,13596
17850,15758,13596
17851,15759,13596
17852,15760,13597
17853,15761,13597
17854,15762,13597
17855,15763,13597
17856,15764,13597
17857,15765,13597
17858,15766,13597
17859,15767,13597
17860,15768,13597
17861,15769,13598
17862,15770,13599
17863,15771,13600
17864,15772,13601
17865,15773,13602
17866,15774,13603
17867,15775,13603
17868,15776,13603
17869,15777,13603
17870,15778,13603
17871,15779,13604
17872,15780,13605
17873,15781,13606
17874,15782,13606
17875,15783,13606
17876,15784,13606
17877,15785,13606
17878,15786,13606
17879,15787,13607
17880,15788,13608
17881,15789,13609
17882,15790,13610
17883,15791,13611
17884,15792,13612
17885,15793,13613
17886,15794,13614
17887,15795,13615
17888,15796,13616
17889,15797,13617
17890,15798,13618
17891,15799,13618
17892,15800,13619
17893,15801,13620
17894,15802,13621
17895,15803,13622
17896,15804,13623
17897,15805,13623
17898,15806,13623
17899,15807,13623
17900,15808,13623
17901,15809,13623
17902,15810,13623
17903,15811,13623
17904,15812,13623
17905,15813,13623
17906,15814,13623
17907,15815,13623
17908,15816,13623
17909,15817,13623
17910,15818,13623
17911,15819,13623
17912,15820,13623
17913,15821,13623
17914,15822,13623
17915,15823,13624
17916,15824,13625
17917,15825,13626
17918,15826,13627
17919,15827,13628
17920,15828,13629
17921,15829,13630
17922,15830,13631
17923,15831,13632
17924,15832,13633
17925,15833,13634
17926,15834,13635
17927,15835,13636
17928,15836,13637
17929,15837,13638
17930,15838,13638
17931,15839,13638
17932,15840,13638
17933,15841,13638
17934,15842,13638
17935,15843,13639
17936,15844,13640
17937,15845,13641
17938,15846,13642
17939,15847,13643
17940,15848,13644
17941,15849,13645
17942,15850,13646
17943,15851,13647
17944,15852,13648
17945,15853,13649
17946,15854,13650
17947,15855,13651
17948,15856,13652
17949,15857,13653
17950,15858,13654
17951,15859,13655
17952,15860,13656
17953,15861,13657
17954,15862,13658
17955,15863,13659
17956,15864,13660
17957,15865,13661
17958,15866,13662
17959,15867,13663
17960,15868,13664
17961,15869,13665
17962,15870,13666
17963,15871,13667
17964,15872,13668
17965,15873,13669
17966,15874,13670
17967,15875,13671
17968,15876,13672
17969,15877,13673
17970,15878,13674
17971,15879,13675
17972,15880,13676
17973,15881,13677
17974,15882,13678
17975,15883,13679
17976,15884,13679
17977,15885,13679
17978,15886,13679
17979,15887,13679
17980,15888,13679
17981,15889,13679
17982,15890,13679
17983,15891,13679
17984,15892,13679
17985,15893,13679
17986,15894,13679
17987,15895,13679
17988,15896,13679
17989,15897,13679
17990,15898,13679
17991,15899,13679
17992,15900,13679
17993,15901,13679
17994,15902,13679
17995,15903,13679
17996,15904,13679
17997,15905,13679
17998,15906,13679
17999,15907,13679
18000,15908,13679
18001,15909,13679
18002,15910,13679
18003,15911,13679
18004,15912,13679
18005,15913,13679
18006,15914,13679
18007,15915,13679
18008,15916,13679
18009,15917,13679
18010,15918,13680
18011,15919,13681
18012,15920,13682
18013,15920,13683
18014,15920,13684
18015,15920,13685
18016,15920,13686
18017,15920,13687
18018,15920,13688
18019,15920,13689
18020,15920,13690
18021,15920,13691
18022,15920,13692
18023,15920,13693
18024,15920,13694
18025,15920,13695
18026,15920,13696
18027,15921,13697
18028,15922,13698
18029,15923,13699
18030,15924,13700
18031,15925,13701
18032,15926,13702
18033,15927,13703
18034,15928,13704
18035,15929,13705
18036,15930,13706
18037,15931,13707
18038,15932,13708
18039,15933,13709
18040,15934,13710
18041,15935,13711
18042,15936,13712
18043,15937,13713
18044,15938,13714
18045,15939,13715
18046,15940,13716
