path_idx,score_frame_idx,audio_frame_idx
0,0,0
1,1,1
2,2,2
3,3,3
4,4,4
5,5,5
6,6,6
7,7,7
8,8,8
9,9,9
10,10,10
11,11,11
12,12,12
13,13,13
14,14,13
15,15,13
16,16,13
17,17,13
18,18,13
19,19,13
20,20,13
21,21,13
22,22,13
23,23,13
24,24,13
25,25,13
26,26,13
27,27,13
28,28,13
29,29,13
30,30,13
31,31,13
32,32,13
33,33,13
34,34,13
35,35,13
36,36,13
37,37,13
38,38,13
39,39,13
40,40,13
41,41,13
42,42,13
43,43,13
44,44,13
45,45,13
46,46,13
47,47,13
48,48,13
49,49,13
50,50,13
51,51,13
52,52,13
53,53,13
54,54,13
55,55,13
56,56,13
57,57,13
58,58,13
59,59,13
60,60,13
61,61,13
62,62,13
63,63,13
64,64,13
65,65,13
66,66,13
67,67,13
68,68,13
69,69,13
70,70,13
71,71,13
72,72,13
73,73,13
74,74,13
75,75,13
76,76,13
77,77,13
78,78,13
79,79,13
80,80,13
81,81,13
82,82,13
83,83,13
84,84,13
85,85,13
86,86,13
87,87,13
88,88,13
89,89,13
90,90,13
91,91,13
92,92,13
93,93,13
94,94,13
95,95,13
96,96,13
97,97,13
98,98,13
99,99,13
100,100,13
101,101,13
102,102,13
103,103,13
104,104,13
105,105,13
106,106,13
107,107,13
108,108,13
109,109,13
110,110,13
111,111,13
112,112,13
113,113,13
114,114,13
115,115,13
116,116,13
117,117,13
118,118,13
119,119,13
120,120,13
121,121,13
122,122,13
123,123,13
124,124,13
125,125,13
126,126,13
127,127,13
128,128,13
129,129,13
130,130,13
131,131,13
132,132,13
133,133,13
134,134,13
135,135,13
136,136,13
137,137,13
138,138,13
139,139,13
140,140,13
141,141,13
142,142,13
143,143,13
144,144,13
145,145,13
146,146,13
147,147,13
148,148,13
149,149,13
150,150,13
151,151,13
152,152,13
153,153,13
154,154,13
155,155,13
156,156,13
157,157,13
158,158,13
159,159,13
160,160,13
161,161,13
162,162,13
163,163,13
164,164,13
165,165,13
166,166,13
167,167,13
168,168,14
169,169,15
170,170,16
171,171,17
172,172,18
173,173,19
174,174,20
175,175,21
176,176,22
177,177,23
178,178,24
179,179,25
180,180,26
181,181,27
182,182,28
183,183,29
184,184,30
185,185,31
186,186,32
187,187,33
188,188,34
189,189,35
190,190,36
191,191,37
192,192,38
193,193,39
194,194,40
195,195,41
196,196,42
197,197,43
198,198,44
199,199,45
200,200,46
201,201,47
202,202,48
203,203,49
204,204,50
205,205,51
206,206,52
207,207,53
208,208,54
209,209,55
210,210,56
211,211,57
212,212,58
213,213,59
214,214,60
215,215,61
216,216,62
217,217,63
218,218,64
219,219,65
220,220,66
221,221,67
222,222,68
223,223,69
224,224,70
225,225,71
226,226,72
227,227,73
228,228,74
229,229,75
230,230,76
231,231,77
232,232,78
233,233,79
234,234,80
235,235,81
236,236,82
237,237,83
238,238,84
239,239,85
240,240,86
241,241,87
242,242,88
243,243,89
244,244,90
245,245,91
246,246,92
247,247,93
248,248,94
249,249,95
250,250,96
251,251,97
252,252,98
253,253,99
254,254,100
255,255,101
256,256,102
257,257,103
258,258,104
259,259,105
260,260,106
261,261,107
262,262,108
263,263,109
264,264,110
265,265,111
266,266,112
267,267,113
268,268,114
269,269,115
270,270,116
271,271,117
272,272,118
273,273,119
274,274,120
275,275,121
276,276,122
277,277,123
278,278,124
279,279,125
280,280,126
281,281,127
282,282,128
283,283,129
284,284,130
285,285,131
286,286,132
287,287,133
288,288,134
289,289,135
290,290,136
291,291,137
292,292,138
293,293,139
294,294,140
295,295,141
296,296,142
297,297,143
298,298,144
299,299,145
300,300,146
301,301,147
302,302,148
303,303,149
304,304,150
305,305,151
306,306,152
307,307,153
308,308,154
309,309,155
310,310,156
311,311,157
312,312,158
313,313,159
314,314,160
315,315,161
316,316,162
317,317,163
318,318,164
319,319,165
320,320,166
321,321,167
322,322,168
323,323,169
324,324,170
325,325,171
326,326,172
327,327,173
328,328,174
329,329,175
330,330,176
331,331,177
332,332,178
333,333,179
334,334,180
335,335,181
336,336,182
337,337,183
338,338,184
339,339,185
340,340,186
341,341,187
342,342,187
343,343,187
344,344,187
345,345,187
346,346,187
347,347,187
348,348,187
349,349,187
350,350,187
351,351,187
352,352,187
353,353,187
354,354,187
355,355,187
356,356,187
357,357,187
358,358,188
359,359,189
360,360,190
361,361,191
362,362,192
363,363,193
364,364,193
365,365,193
366,366,193
367,367,193
368,368,193
369,369,193
370,370,193
371,371,193
372,372,193
373,373,193
374,374,194
375,375,195
376,376,196
377,377,197
378,378,198
379,379,199
380,380,200
381,381,201
382,382,202
383,383,203
384,384,204
385,385,205
386,386,206
387,387,207
388,388,208
389,389,209
390,390,210
391,391,211
392,392,212
393,393,213
394,394,214
395,395,215
396,396,216
397,397,217
398,398,218
399,399,219
400,400,220
401,401,221
402,402,222
403,403,223
404,404,224
405,405,225
406,406,226
407,407,227
408,408,228
409,409,229
410,410,230
411,411,231
412,412,232
413,413,233
414,414,234
415,415,235
416,416,235
417,417,235
418,418,235
419,419,235
420,420,235
421,421,235
422,422,235
423,423,235
424,424,235
425,425,235
426,426,235
427,427,235
428,428,235
429,429,235
430,430,235
431,431,235
432,432,235
433,433,235
434,434,235
435,435,235
436,436,235
437,437,235
438,438,235
439,439,235
440,440,236
441,441,237
442,442,237
443,443,237
444,444,237
445,445,237
446,446,237
447,447,237
448,448,237
449,449,237
450,450,237
451,451,237
452,452,237
453,453,237
454,454,237
455,455,237
456,456,237
457,457,237
458,458,237
459,459,237
460,460,237
461,461,237
462,462,237
463,463,237
464,464,237
465,465,237
466,466,237
467,467,237
468,468,237
469,469,237
470,470,237
471,471,237
472,472,237
473,473,238
474,474,239
475,475,240
476,476,241
477,477,242
478,478,243
479,479,244
480,480,245
481,481,246
482,482,247
483,483,248
484,484,249
485,485,250
486,486,251
487,487,252
488,488,253
489,489,254
490,490,255
491,491,256
492,492,257
493,493,258
494,494,259
495,495,260
496,496,261
497,497,262
498,498,262
499,499,262
500,500,262
501,501,262
502,502,262
503,503,262
504,504,262
505,505,262
506,506,262
507,507,262
508,508,262
509,509,262
510,510,263
511,511,264
512,512,265
513,513,266
514,514,267
515,515,268
516,516,269
517,517,270
518,518,271
519,519,272
520,520,273
521,521,274
522,522,275
523,523,276
524,524,277
525,525,278
526,526,279
527,527,280
528,528,281
529,529,282
530,530,283
531,531,284
532,532,285
533,533,286
534,534,287
535,535,288
536,536,289
537,537,290
538,538,291
539,539,291
540,540,291
541,541,291
542,542,291
543,543,292
544,544,293
545,545,294
546,546,295
547,547,296
548,548,297
549,549,298
550,550,299
551,551,300
552,552,301
553,553,302
554,554,303
555,555,304
556,556,305
557,557,306
558,558,307
559,559,308
560,560,309
561,561,310
562,562,311
563,563,312
564,564,313
565,565,314
566,566,314
567,567,314
568,568,314
569,569,314
570,570,314
571,571,314
572,572,314
573,573,314
574,574,314
575,575,314
576,576,314
577,577,314
578,578,314
579,579,314
580,580,314
581,581,314
582,582,314
583,583,314
584,584,314
585,585,314
586,586,314
587,587,314
588,588,314
589,589,314
590,590,314
591,591,314
592,592,314
593,593,314
594,594,314
595,595,314
596,596,314
597,597,314
598,598,315
599,599,316
600,600,317
601,601,318
602,602,319
603,603,320
604,604,321
605,605,322
606,606,323
607,607,324
608,608,325
609,609,326
610,610,327
611,611,328
612,612,329
613,613,330
614,614,331
615,615,332
616,616,332
617,617,332
618,618,332
619,619,332
620,620,332
621,621,332
622,622,332
623,623,332
624,624,332
625,625,332
626,626,332
627,627,332
628,628,332
629,629,332
630,630,332
631,631,332
632,632,332
633,633,332
634,634,332
635,635,333
636,636,334
637,637,335
638,638,336
639,639,337
640,640,338
641,641,339
642,642,340
643,643,341
644,644,342
645,645,343
646,646,343
647,647,344
648,648,345
649,649,346
650,650,347
651,651,348
652,652,349
653,653,350
654,654,351
655,655,352
656,656,353
657,657,354
658,658,355
659,659,356
660,660,357
661,661,358
662,662,359
663,663,360
664,664,361
665,665,361
666,666,361
667,667,361
668,668,361
669,669,361
670,670,361
671,671,361
672,672,361
673,673,361
674,674,361
675,675,361
676,676,361
677,677,361
678,678,361
679,679,361
680,680,362
681,681,363
682,682,364
683,683,365
684,684,366
685,685,367
686,686,367
687,687,367
688,688,367
689,689,367
690,690,367
691,691,367
692,692,367
693,693,367
694,694,367
695,695,367
696,696,368
697,697,369
698,698,370
699,699,371
700,700,372
701,701,373
702,702,374
703,703,375
704,704,376
705,705,377
706,706,378
707,707,379
708,708,380
709,709,381
710,710,382
711,711,383
712,712,384
713,713,385
714,714,386
715,715,387
716,716,388
717,717,389
718,718,390
719,719,391
720,720,392
721,721,393
722,722,394
723,723,395
724,724,396
725,725,397
726,726,398
727,727,399
728,728,400
729,729,401
730,730,402
731,731,403
732,732,404
733,733,405
734,734,406
735,735,406
736,736,406
737,737,406
738,738,406
739,739,406
740,740,406
741,741,406
742,742,406
743,743,406
744,744,406
745,745,406
746,746,406
747,747,406
748,748,406
749,749,406
750,750,406
751,751,406
752,752,406
753,753,406
754,754,406
755,755,406
756,756,406
757,757,406
758,758,406
759,759,406
760,760,406
761,761,406
762,762,406
763,763,406
764,764,406
765,765,406
766,766,406
767,767,406
768,768,406
769,769,406
770,770,406
771,771,406
772,772,406
773,773,406
774,774,406
775,775,406
776,776,406
777,777,406
778,778,406
779,779,406
780,780,406
781,781,406
782,782,407
783,783,408
784,784,409
785,785,410
786,786,411
787,787,412
788,788,413
789,789,414
790,790,415
791,791,416
792,792,417
793,793,418
794,794,419
795,795,420
796,796,421
797,797,422
798,798,423
799,799,424
800,800,425
801,801,426
802,802,427
803,803,428
804,804,429
805,805,430
806,806,431
807,807,431
808,808,431
809,809,431
810,810,431
811,811,431
812,812,431
813,813,431
814,814,431
815,815,431
816,816,431
817,817,432
818,818,433
819,819,434
820,820,435
821,821,436
822,822,437
823,823,438
824,824,439
825,825,440
826,826,441
827,827,442
828,828,442
829,829,442
830,830,442
831,831,442
832,832,442
833,833,442
834,834,442
835,835,442
836,836,442
837,837,442
838,838,443
839,839,444
840,840,445
841,841,446
842,842,446
843,843,446
844,844,446
845,845,446
846,846,446
847,847,446
848,848,446
849,849,446
850,850,446
851,851,446
852,852,446
853,853,446
854,854,446
855,855,446
856,856,447
857,857,448
858,858,449
859,859,450
860,860,451
861,861,452
862,862,453
863,863,454
864,864,454
865,865,454
866,866,454
867,867,454
868,868,454
869,869,454
870,870,454
871,871,455
872,872,456
873,873,457
874,874,458
875,875,459
876,876,460
877,877,461
878,878,462
879,879,463
880,880,464
881,881,465
882,882,466
883,883,467
884,884,468
885,885,469
886,886,470
887,887,471
888,888,472
889,889,473
890,890,474
891,891,475
892,892,476
893,893,477
894,894,478
895,895,478
896,896,478
897,897,478
898,898,478
899,899,478
900,900,479
901,901,479
902,902,479
903,903,479
904,904,479
905,905,479
906,906,479
907,907,479
908,908,479
909,909,479
910,910,479
911,911,480
912,912,481
913,913,482
914,914,483
915,915,484
916,916,485
917,917,486
918,918,487
919,919,488
920,920,489
921,921,490
922,922,491
923,923,492
924,924,493
925,925,494
926,926,495
927,927,496
928,928,497
929,929,497
930,930,497
931,931,497
932,932,497
933,933,497
934,934,497
935,935,497
936,936,497
937,937,497
938,938,498
939,939,499
940,940,500
941,941,501
942,942,502
943,943,503
944,944,504
945,945,505
946,946,506
947,947,507
948,948,508
949,949,509
950,950,510
951,951,511
952,952,512
953,953,513
954,954,514
955,955,515
956,956,516
957,957,517
958,958,518
959,959,519
960,960,520
961,961,521
962,962,522
963,963,523
964,964,524
965,965,525
966,966,526
967,967,527
968,968,528
969,969,529
970,970,530
971,971,531
972,972,532
973,973,533
974,974,534
975,975,535
976,976,536
977,977,537
978,978,538
979,979,539
980,980,540
981,981,541
982,982,542
983,983,543
984,984,544
985,985,545
986,986,546
987,987,547
988,988,548
989,989,548
990,990,548
991,991,548
992,992,548
993,993,548
994,994,548
995,995,548
996,996,548
997,997,548
998,998,548
999,999,548
1000,1000,548
1001,1001,548
1002,1002,548
1003,1003,548
1004,1004,548
1005,1005,548
1006,1006,548
1007,1007,548
1008,1008,548
1009,1009,548
1010,1010,548
1011,1011,548
1012,1012,548
1013,1013,548
1014,1014,548
1015,1015,548
1016,1016,548
1017,1017,548
1018,1018,548
1019,1019,548
1020,1020,548
1021,1021,548
1022,1022,548
1023,1023,548
1024,1024,548
1025,1025,548
1026,1026,548
1027,1027,548
1028,1028,548
1029,1029,548
1030,1030,548
1031,1031,548
1032,1032,548
1033,1033,548
1034,1034,548
1035,1035,548
1036,1036,549
1037,1037,550
1038,1038,551
1039,1039,552
1040,1040,553
1041,1041,554
1042,1042,555
1043,1043,556
1044,1044,557
1045,1045,558
1046,1046,559
1047,1047,560
1048,1048,561
1049,1049,562
1050,1050,563
1051,1051,564
1052,1052,565
1053,1053,566
1054,1054,567
1055,1055,567
1056,1056,567
1057,1057,567
1058,1058,567
1059,1059,567
1060,1060,567
1061,1061,567
1062,1062,567
1063,1063,567
1064,1064,567
1065,1065,567
1066,1066,567
1067,1067,567
1068,1068,567
1069,1069,567
1070,1070,567
1071,1071,567
1072,1072,567
1073,1073,567
1074,1074,567
1075,1075,567
1076,1076,567
1077,1077,567
1078,1078,568
1079,1079,569
1080,1080,570
1081,1081,571
1082,1082,572
1083,1083,573
1084,1084,574
1085,1085,575
1086,1086,576
1087,1087,576
1088,1088,576
1089,1089,576
1090,1090,576
1091,1091,576
1092,1092,576
1093,1093,576
1094,1094,576
1095,1095,576
1096,1096,576
1097,1097,576
1098,1098,577
1099,1099,578
1100,1100,579
1101,1101,580
1102,1102,580
1103,1103,580
1104,1104,580
1105,1105,580
1106,1106,580
1107,1107,580
1108,1108,580
1109,1109,581
1110,1110,582
1111,1111,583
1112,1112,584
1113,1113,585
1114,1114,586
1115,1115,587
1116,1116,588
1117,1117,589
1118,1118,590
1119,1119,591
1120,1120,592
1121,1121,593
1122,1122,594
1123,1123,595
1124,1124,595
1125,1125,595
1126,1126,595
1127,1127,595
1128,1128,595
1129,1129,596
1130,1130,597
1131,1131,598
1132,1132,599
1133,1133,600
1134,1134,601
1135,1135,602
1136,1136,603
1137,1137,604
1138,1138,605
1139,1139,606
1140,1140,607
1141,1141,608
1142,1142,609
1143,1143,610
1144,1144,611
1145,1145,612
1146,1146,613
1147,1147,614
1148,1148,614
1149,1149,614
1150,1150,614
1151,1151,614
1152,1152,614
1153,1153,614
1154,1154,614
1155,1155,615
1156,1156,616
1157,1157,617
1158,1158,618
1159,1159,619
1160,1160,620
1161,1161,620
1162,1162,620
1163,1163,620
1164,1164,620
1165,1165,620
1166,1166,620
1167,1167,620
1168,1168,620
1169,1169,620
1170,1170,620
1171,1171,620
1172,1172,620
1173,1173,620
1174,1174,620
1175,1175,620
1176,1176,620
1177,1177,620
1178,1178,620
1179,1179,620
1180,1180,620
1181,1181,621
1182,1182,622
1183,1183,623
1184,1184,624
1185,1185,625
1186,1186,626
1187,1187,627
1188,1188,628
1189,1189,629
1190,1190,630
1191,1191,631
1192,1192,632
1193,1193,633
1194,1194,634
1195,1195,635
1196,1196,636
1197,1197,637
1198,1198,638
1199,1199,639
1200,1200,640
1201,1201,641
1202,1202,642
1203,1203,643
1204,1204,643
1205,1205,643
1206,1206,643
1207,1207,643
1208,1208,643
1209,1209,643
1210,1210,643
1211,1211,643
1212,1212,643
1213,1213,643
1214,1214,643
1215,1215,643
1216,1216,643
1217,1217,643
1218,1218,643
1219,1219,643
1220,1220,643
1221,1221,643
1222,1222,643
1223,1223,643
1224,1224,643
1225,1225,643
1226,1226,643
1227,1227,643
1228,1228,643
1229,1229,643
1230,1230,643
1231,1231,643
1232,1232,643
1233,1233,643
1234,1234,643
1235,1235,643
1236,1236,644
1237,1237,645
1238,1238,646
1239,1239,647
1240,1240,648
1241,1241,649
1242,1242,650
1243,1243,651
1244,1244,652
1245,1245,653
1246,1246,654
1247,1247,655
1248,1248,656
1249,1249,657
1250,1250,658
1251,1251,659
1252,1252,660
1253,1253,661
1254,1254,662
1255,1255,663
1256,1256,664
1257,1257,664
1258,1258,664
1259,1259,664
1260,1260,665
1261,1261,665
1262,1262,665
1263,1263,665
1264,1264,665
1265,1265,665
1266,1266,666
1267,1267,667
1268,1268,668
1269,1269,669
1270,1270,670
1271,1271,671
1272,1272,672
1273,1273,673
1274,1274,674
1275,1275,675
1276,1276,676
1277,1277,677
1278,1278,678
1279,1279,679
1280,1280,680
1281,1281,681
1282,1282,682
1283,1283,683
1284,1284,684
1285,1285,685
1286,1286,686
1287,1287,686
1288,1288,686
1289,1289,686
1290,1290,686
1291,1291,686
1292,1292,686
1293,1293,686
1294,1294,686
1295,1295,686
1296,1296,686
1297,1297,686
1298,1298,686
1299,1299,687
1300,1300,688
1301,1301,689
1302,1302,690
1303,1303,691
1304,1304,692
1305,1305,693
1306,1306,694
1307,1307,695
1308,1308,696
1309,1309,696
1310,1310,696
1311,1311,696
1312,1312,696
1313,1313,696
1314,1314,696
1315,1315,696
1316,1316,696
1317,1317,696
1318,1318,696
1319,1319,697
1320,1320,698
1321,1321,699
1322,1322,700
1323,1323,701
1324,1324,701
1325,1325,701
1326,1326,701
1327,1327,701
1328,1328,701
1329,1329,701
1330,1330,701
1331,1331,701
1332,1332,701
1333,1333,701
1334,1334,701
1335,1335,701
1336,1336,701
1337,1337,701
1338,1338,702
1339,1339,703
1340,1340,704
1341,1341,704
1342,1342,704
1343,1343,704
1344,1344,704
1345,1345,704
1346,1346,704
1347,1347,705
1348,1348,706
1349,1349,707
1350,1350,708
1351,1351,709
1352,1352,710
1353,1353,711
1354,1354,712
1355,1355,713
1356,1356,714
1357,1357,715
1358,1358,716
1359,1359,717
1360,1360,718
1361,1361,719
1362,1362,720
1363,1363,721
1364,1364,722
1365,1365,723
1366,1366,724
1367,1367,725
1368,1368,726
1369,1369,727
1370,1370,728
1371,1371,728
1372,1372,728
1373,1373,728
1374,1374,728
1375,1375,728
1376,1376,728
1377,1377,728
1378,1378,728
1379,1379,729
1380,1380,730
1381,1381,731
1382,1382,732
1383,1383,733
1384,1384,734
1385,1385,735
1386,1386,736
1387,1387,736
1388,1388,736
1389,1389,736
1390,1390,736
1391,1391,736
1392,1392,736
1393,1393,737
1394,1394,738
1395,1395,739
1396,1396,740
1397,1397,741
1398,1398,742
1399,1399,743
1400,1400,744
1401,1401,745
1402,1402,746
1403,1403,747
1404,1404,748
1405,1405,749
1406,1406,750
1407,1407,751
1408,1408,751
1409,1409,751
1410,1410,752
1411,1411,753
1412,1412,754
1413,1413,755
1414,1414,756
1415,1415,757
1416,1416,758
1417,1417,759
1418,1418,760
1419,1419,761
1420,1420,762
1421,1421,763
1422,1422,763
1423,1423,763
1424,1424,763
1425,1425,763
1426,1426,763
1427,1427,763
1428,1428,763
1429,1429,763
1430,1430,763
1431,1431,763
1432,1432,763
1433,1433,763
1434,1434,763
1435,1435,763
1436,1436,763
1437,1437,763
1438,1438,764
1439,1439,765
1440,1440,766
1441,1441,767
1442,1442,768
1443,1443,769
1444,1444,770
1445,1445,771
1446,1446,772
1447,1447,773
1448,1448,774
1449,1449,775
1450,1450,776
1451,1451,777
1452,1452,778
1453,1453,779
1454,1454,780
1455,1455,781
1456,1456,782
1457,1457,783
1458,1458,784
1459,1459,785
1460,1460,786
1461,1461,787
1462,1462,788
1463,1463,789
1464,1464,790
1465,1465,791
1466,1466,792
1467,1467,793
1468,1468,794
1469,1469,795
1470,1470,796
1471,1471,796
1472,1472,796
1473,1473,796
1474,1474,796
1475,1475,796
1476,1476,796
1477,1477,796
1478,1478,796
1479,1479,796
1480,1480,796
1481,1481,796
1482,1482,796
1483,1483,796
1484,1484,796
1485,1485,796
1486,1486,796
1487,1487,796
1488,1488,796
1489,1489,796
1490,1490,796
1491,1491,796
1492,1492,796
1493,1493,796
1494,1494,796
1495,1495,796
1496,1496,796
1497,1497,796
1498,1498,796
1499,1499,796
1500,1500,796
1501,1501,796
1502,1502,796
1503,1503,796
1504,1504,796
1505,1505,796
1506,1506,796
1507,1507,797
1508,1508,798
1509,1509,799
1510,1510,800
1511,1511,801
1512,1512,802
1513,1513,803
1514,1514,804
1515,1515,805
1516,1516,806
1517,1517,807
1518,1518,808
1519,1519,809
1520,1520,810
1521,1521,811
1522,1522,812
1523,1523,813
1524,1524,814
1525,1525,815
1526,1526,816
1527,1527,817
1528,1528,817
1529,1529,817
1530,1530,817
1531,1531,817
1532,1532,817
1533,1533,817
1534,1534,817
1535,1535,817
1536,1536,817
1537,1537,817
1538,1538,817
1539,1539,817
1540,1540,817
1541,1541,817
1542,1542,817
1543,1543,817
1544,1544,817
1545,1545,817
1546,1546,817
1547,1547,817
1548,1548,817
1549,1549,817
1550,1550,817
1551,1551,817
1552,1552,817
1553,1553,817
1554,1554,818
1555,1555,819
1556,1556,820
1557,1557,821
1558,1558,822
1559,1559,823
1560,1560,824
1561,1561,825
1562,1562,826
1563,1563,827
1564,1564,827
1565,1565,827
1566,1566,827
1567,1567,827
1568,1568,827
1569,1569,827
1570,1570,827
1571,1571,828
1572,1572,829
1573,1573,830
1574,1574,831
1575,1575,832
1576,1576,833
1577,1577,834
1578,1578,835
1579,1579,836
1580,1580,837
1581,1581,838
1582,1582,839
1583,1583,840
1584,1584,840
1585,1585,840
1586,1586,840
1587,1587,840
1588,1588,840
1589,1589,840
1590,1590,840
1591,1591,841
1592,1592,842
1593,1593,843
1594,1594,844
1595,1595,845
1596,1596,846
1597,1597,847
1598,1598,848
1599,1599,849
1600,1600,850
1601,1601,851
1602,1602,852
1603,1603,853
1604,1604,854
1605,1605,855
1606,1606,856
1607,1607,857
1608,1608,858
1609,1609,859
1610,1610,860
1611,1611,861
1612,1612,862
1613,1613,863
1614,1614,863
1615,1615,863
1616,1616,863
1617,1617,863
1618,1618,863
1619,1619,863
1620,1620,863
1621,1621,863
1622,1622,863
1623,1623,863
1624,1624,863
1625,1625,863
1626,1626,863
1627,1627,863
1628,1628,863
1629,1629,863
1630,1630,864
1631,1631,865
1632,1632,866
1633,1633,867
1634,1634,868
1635,1635,869
1636,1636,870
1637,1637,871
1638,1638,872
1639,1639,873
1640,1640,874
1641,1641,875
1642,1642,876
1643,1643,877
1644,1644,878
1645,1645,879
1646,1646,880
1647,1647,881
1648,1648,882
1649,1649,883
1650,1650,884
1651,1651,885
1652,1652,886
1653,1653,887
1654,1654,888
1655,1655,889
1656,1656,890
1657,1657,891
1658,1658,891
1659,1659,891
1660,1660,891
1661,1661,891
1662,1662,891
1663,1663,891
1664,1664,891
1665,1665,891
1666,1666,891
1667,1667,891
1668,1668,891
1669,1669,891
1670,1670,891
1671,1671,891
1672,1672,891
1673,1673,891
1674,1674,891
1675,1675,891
1676,1676,891
1677,1677,891
1678,1678,891
1679,1679,891
1680,1680,892
1681,1681,893
1682,1682,894
1683,1683,895
1684,1684,896
1685,1685,897
1686,1686,898
1687,1687,899
1688,1688,900
1689,1689,901
1690,1690,902
1691,1691,903
1692,1692,904
1693,1693,905
1694,1694,906
1695,1695,907
1696,1696,908
1697,1697,909
1698,1698,910
1699,1699,911
1700,1700,911
1701,1701,911
1702,1702,911
1703,1703,911
1704,1704,911
1705,1705,911
1706,1706,911
1707,1707,911
1708,1708,911
1709,1709,911
1710,1710,911
1711,1711,911
1712,1712,911
1713,1713,911
1714,1714,911
1715,1715,911
1716,1716,911
1717,1717,911
1718,1718,911
1719,1719,911
1720,1720,911
1721,1721,911
1722,1722,911
1723,1723,911
1724,1724,911
1725,1725,911
1726,1726,911
1727,1727,911
1728,1728,911
1729,1729,911
1730,1730,911
1731,1731,912
1732,1732,913
1733,1733,914
1734,1734,915
1735,1735,916
1736,1736,917
1737,1737,918
1738,1738,919
1739,1739,920
1740,1740,921
1741,1741,922
1742,1742,923
1743,1743,924
1744,1744,925
1745,1745,926
1746,1746,927
1747,1747,928
1748,1748,929
1749,1749,930
1750,1750,931
1751,1751,932
1752,1752,933
1753,1753,934
1754,1754,935
1755,1755,936
1756,1756,937
1757,1757,938
1758,1758,939
1759,1759,940
1760,1760,941
1761,1761,942
1762,1762,943
1763,1763,944
1764,1764,945
1765,1765,946
1766,1766,947
1767,1767,948
1768,1768,949
1769,1769,950
1770,1770,951
1771,1771,952
1772,1772,953
1773,1773,954
1774,1774,955
1775,1775,956
1776,1776,957
1777,1777,958
1778,1778,959
1779,1779,960
1780,1780,961
1781,1781,962
1782,1782,963
1783,1783,964
1784,1784,965
1785,1785,966
1786,1786,967
1787,1787,968
1788,1788,969
1789,1789,970
1790,1790,971
1791,1791,972
1792,1792,973
1793,1793,974
1794,1794,975
1795,1795,976
1796,1796,977
1797,1797,978
1798,1798,979
1799,1799,980
1800,1800,981
1801,1801,982
1802,1802,983
1803,1803,984
1804,1804,985
1805,1805,986
1806,1806,987
1807,1807,988
1808,1808,989
1809,1809,990
1810,1810,991
1811,1811,992
1812,1812,993
1813,1813,994
1814,1814,995
1815,1815,996
1816,1816,997
1817,1817,998
1818,1818,999
1819,1819,1000
1820,1820,1001
1821,1821,1002
1822,1822,1003
1823,1823,1004
1824,1824,1005
1825,1825,1005
1826,1826,1005
1827,1827,1005
1828,1828,1006
1829,1829,1007
1830,1830,1008
1831,1831,1009
1832,1832,1010
1833,1833,1010
1834,1834,1010
1835,1835,1010
1836,1836,1010
1837,1837,1010
1838,1838,1010
1839,1839,1011
1840,1840,1012
1841,1841,1013
1842,1842,1014
1843,1843,1015
1844,1844,1016
1845,1845,1017
1846,1846,1018
1847,1847,1019
1848,1848,1020
1849,1849,1021
1850,1850,1022
1851,1851,1023
1852,1852,1024
1853,1853,1025
1854,1854,1026
1855,1855,1027
1856,1856,1027
1857,1857,1027
1858,1858,1027
1859,1859,1027
1860,1860,1027
1861,1861,1027
1862,1862,1027
1863,1863,1027
1864,1864,1027
1865,1865,1027
1866,1866,1027
1867,1867,1027
1868,1868,1027
1869,1869,1027
1870,1870,1027
1871,1871,1027
1872,1872,1027
1873,1873,1027
1874,1874,1027
1875,1875,1027
1876,1876,1027
1877,1877,1027
1878,1878,1027
1879,1879,1027
1880,1880,1027
1881,1881,1027
1882,1882,1027
1883,1883,1027
1884,1884,1027
1885,1885,1027
1886,1886,1027
1887,1887,1028
1888,1888,1029
1889,1889,1030
1890,1890,1031
1891,1891,1031
1892,1892,1031
1893,1893,1031
1894,1894,1031
1895,1895,1031
1896,1896,1031
1897,1897,1031
1898,1898,1031
1899,1899,1031
1900,1900,1031
1901,1901,1031
1902,1902,1031
1903,1903,1031
1904,1904,1031
1905,1905,1031
1906,1906,1031
1907,1907,1031
1908,1908,1031
1909,1909,1031
1910,1910,1032
1911,1911,1032
1912,1912,1032
1913,1913,1032
1914,1914,1032
1915,1915,1032
1916,1916,1032
1917,1917,1032
1918,1918,1032
1919,1919,1032
1920,1920,1032
1921,1921,1032
1922,1922,1032
1923,1923,1032
1924,1924,1032
1925,1925,1032
1926,1926,1032
1927,1927,1032
1928,1928,1032
1929,1929,1032
1930,1930,1032
1931,1931,1032
1932,1932,1032
1933,1933,1032
1934,1934,1032
1935,1935,1032
1936,1936,1032
1937,1937,1032
1938,1938,1032
1939,1939,1032
1940,1940,1033
1941,1941,1034
1942,1942,1035
1943,1943,1036
1944,1944,1037
1945,1945,1038
1946,1946,1039
1947,1947,1040
1948,1948,1040
1949,1949,1040
1950,1950,1040
1951,1951,1040
1952,1952,1040
1953,1953,1040
1954,1954,1040
1955,1955,1040
1956,1956,1040
1957,1957,1040
1958,1958,1041
1959,1959,1042
1960,1960,1043
1961,1961,1044
1962,1962,1045
1963,1963,1046
1964,1964,1047
1965,1965,1048
1966,1966,1049
1967,1967,1049
1968,1968,1049
1969,1969,1049
1970,1970,1049
1971,1971,1049
1972,1972,1049
1973,1973,1049
1974,1974,1049
1975,1975,1049
1976,1976,1049
1977,1977,1050
1978,1978,1051
1979,1979,1052
1980,1980,1053
1981,1981,1054
1982,1982,1054
1983,1983,1054
1984,1984,1054
1985,1985,1054
1986,1986,1054
1987,1987,1054
1988,1988,1054
1989,1989,1054
1990,1990,1054
1991,1991,1055
1992,1992,1056
1993,1993,1057
1994,1994,1058
1995,1995,1059
1996,1996,1060
1997,1997,1061
1998,1998,1062
1999,1999,1063
2000,2000,1064
2001,2001,1065
2002,2002,1066
2003,2003,1067
2004,2004,1068
2005,2005,1069
2006,2006,1070
2007,2007,1071
2008,2008,1072
2009,2009,1073
2010,2010,1074
2011,2011,1074
2012,2012,1074
2013,2013,1074
2014,2014,1074
2015,2015,1074
2016,2016,1074
2017,2017,1074
2018,2018,1074
2019,2019,1074
2020,2020,1074
2021,2021,1074
2022,2022,1074
2023,2023,1074
2024,2024,1074
2025,2025,1074
2026,2026,1074
2027,2027,1074
2028,2028,1074
2029,2029,1074
2030,2030,1074
2031,2031,1074
2032,2032,1074
2033,2033,1074
2034,2034,1074
2035,2035,1074
2036,2036,1074
2037,2037,1074
2038,2038,1075
2039,2039,1076
2040,2040,1077
2041,2041,1078
2042,2042,1079
2043,2043,1080
2044,2044,1081
2045,2045,1082
2046,2046,1083
2047,2047,1084
2048,2048,1085
2049,2049,1086
2050,2050,1087
2051,2051,1088
2052,2052,1089
2053,2053,1090
2054,2054,1091
2055,2055,1092
2056,2056,1093
2057,2057,1094
2058,2058,1095
2059,2059,1096
2060,2060,1097
2061,2061,1098
2062,2062,1099
2063,2063,1100
2064,2064,1100
2065,2065,1100
2066,2066,1100
2067,2067,1100
2068,2068,1100
2069,2069,1100
2070,2070,1100
2071,2071,1100
2072,2072,1100
2073,2073,1100
2074,2074,1100
2075,2075,1101
2076,2076,1102
2077,2077,1103
2078,2078,1104
2079,2079,1105
2080,2080,1106
2081,2081,1107
2082,2082,1108
2083,2083,1109
2084,2084,1110
2085,2085,1111
2086,2086,1112
2087,2087,1112
2088,2088,1112
2089,2089,1113
2090,2090,1114
2091,2091,1115
2092,2092,1116
2093,2093,1117
2094,2094,1117
2095,2095,1117
2096,2096,1117
2097,2097,1117
2098,2098,1118
2099,2099,1119
2100,2100,1120
2101,2101,1121
2102,2102,1121
2103,2103,1121
2104,2104,1121
2105,2105,1121
2106,2106,1121
2107,2107,1121
2108,2108,1121
2109,2109,1122
2110,2110,1123
2111,2111,1124
2112,2112,1125
2113,2113,1126
2114,2114,1127
2115,2115,1128
2116,2116,1129
2117,2117,1130
2118,2118,1131
2119,2119,1132
2120,2120,1133
2121,2121,1134
2122,2122,1134
2123,2123,1134
2124,2124,1134
2125,2125,1134
2126,2126,1134
2127,2127,1134
2128,2128,1134
2129,2129,1134
2130,2130,1135
2131,2131,1136
2132,2132,1137
2133,2133,1138
2134,2134,1139
2135,2135,1139
2136,2136,1139
2137,2137,1139
2138,2138,1139
2139,2139,1139
2140,2140,1139
2141,2141,1139
2142,2142,1139
2143,2143,1139
2144,2144,1139
2145,2145,1139
2146,2146,1139
2147,2147,1139
2148,2148,1139
2149,2149,1139
2150,2150,1139
2151,2151,1139
2152,2152,1139
2153,2153,1139
2154,2154,1139
2155,2155,1139
2156,2156,1139
2157,2157,1139
2158,2158,1139
2159,2159,1140
2160,2160,1141
2161,2161,1142
2162,2162,1143
2163,2163,1144
2164,2164,1145
2165,2165,1146
2166,2166,1146
2167,2167,1146
2168,2168,1147
2169,2169,1148
2170,2170,1149
2171,2171,1150
2172,2172,1151
2173,2173,1152
2174,2174,1153
2175,2175,1154
2176,2176,1155
2177,2177,1156
2178,2178,1157
2179,2179,1158
2180,2180,1159
2181,2181,1160
2182,2182,1161
2183,2183,1162
2184,2184,1163
2185,2185,1164
2186,2186,1164
2187,2187,1164
2188,2188,1164
2189,2189,1164
2190,2190,1164
2191,2191,1164
2192,2192,1164
2193,2193,1164
2194,2194,1164
2195,2195,1164
2196,2196,1165
2197,2197,1166
2198,2198,1167
2199,2199,1168
2200,2200,1169
2201,2201,1170
2202,2202,1171
2203,2203,1172
2204,2204,1173
2205,2205,1174
2206,2206,1175
2207,2207,1176
2208,2208,1177
2209,2209,1178
2210,2210,1179
2211,2211,1180
2212,2212,1180
2213,2213,1180
2214,2214,1180
2215,2215,1180
2216,2216,1180
2217,2217,1180
2218,2218,1180
2219,2219,1181
2220,2220,1182
2221,2221,1183
2222,2222,1184
2223,2223,1185
2224,2224,1186
2225,2225,1186
2226,2226,1186
2227,2227,1186
2228,2228,1186
2229,2229,1186
2230,2230,1186
2231,2231,1186
2232,2232,1186
2233,2233,1186
2234,2234,1186
2235,2235,1187
2236,2236,1188
2237,2237,1189
2238,2238,1190
2239,2239,1191
2240,2240,1192
2241,2241,1193
2242,2242,1194
2243,2243,1195
2244,2244,1196
2245,2245,1197
2246,2246,1198
2247,2247,1198
2248,2248,1198
2249,2249,1198
2250,2250,1198
2251,2251,1198
2252,2252,1198
2253,2253,1198
2254,2254,1198
2255,2255,1198
2256,2256,1198
2257,2257,1198
2258,2258,1198
2259,2259,1198
2260,2260,1198
2261,2261,1198
2262,2262,1198
2263,2263,1198
2264,2264,1198
2265,2265,1198
2266,2266,1198
2267,2267,1198
2268,2268,1198
2269,2269,1198
2270,2270,1198
2271,2271,1198
2272,2272,1198
2273,2273,1198
2274,2274,1198
2275,2275,1198
2276,2276,1198
2277,2277,1198
2278,2278,1198
2279,2279,1198
2280,2280,1198
2281,2281,1198
2282,2282,1198
2283,2283,1198
2284,2284,1198
2285,2285,1198
2286,2286,1198
2287,2287,1198
2288,2288,1198
2289,2289,1198
2290,2290,1198
2291,2291,1198
2292,2292,1198
2293,2293,1198
2294,2294,1198
2295,2295,1198
2296,2296,1198
2297,2297,1198
2298,2298,1198
2299,2299,1198
2300,2300,1198
2301,2301,1198
2302,2302,1198
2303,2303,1198
2304,2304,1198
2305,2305,1199
2306,2306,1200
2307,2307,1201
2308,2308,1202
2309,2309,1203
2310,2310,1204
2311,2311,1205
2312,2312,1206
2313,2313,1207
2314,2314,1208
2315,2315,1209
2316,2316,1210
2317,2317,1211
2318,2318,1212
2319,2319,1213
2320,2320,1214
2321,2321,1215
2322,2322,1216
2323,2323,1217
2324,2324,1218
2325,2325,1219
2326,2326,1220
2327,2327,1221
2328,2328,1222
2329,2329,1223
2330,2330,1224
2331,2331,1225
2332,2332,1226
2333,2333,1227
2334,2334,1228
2335,2335,1229
2336,2336,1230
2337,2337,1231
2338,2338,1232
2339,2339,1233
2340,2340,1234
2341,2340,1235
2342,2340,1236
2343,2340,1237
2344,2340,1238
2345,2340,1239
2346,2340,1240
2347,2340,1241
2348,2341,1242
2349,2342,1243
2350,2343,1244
2351,2344,1245
2352,2345,1246
2353,2346,1247
2354,2347,1248
2355,2348,1249
2356,2349,1250
2357,2350,1251
2358,2351,1252
2359,2352,1253
2360,2353,1254
2361,2354,1255
2362,2355,1255
2363,2356,1255
2364,2357,1255
2365,2358,1255
2366,2359,1255
2367,2360,1255
2368,2361,1255
2369,2362,1255
2370,2363,1255
2371,2364,1256
2372,2365,1257
2373,2366,1258
2374,2367,1259
2375,2368,1260
2376,2369,1261
2377,2370,1262
2378,2371,1263
2379,2372,1263
2380,2373,1263
2381,2374,1263
2382,2375,1263
2383,2376,1263
2384,2377,1264
2385,2378,1265
2386,2379,1266
2387,2380,1267
2388,2381,1268
2389,2382,1269
2390,2383,1269
2391,2384,1269
2392,2385,1269
2393,2386,1269
2394,2387,1270
2395,2388,1271
2396,2389,1272
2397,2390,1273
2398,2391,1274
2399,2392,1275
2400,2393,1276
2401,2394,1277
2402,2395,1277
2403,2396,1277
2404,2397,1277
2405,2398,1277
2406,2399,1277
2407,2400,1277
2408,2401,1277
2409,2402,1277
2410,2403,1277
2411,2404,1277
2412,2405,1277
2413,2406,1277
2414,2407,1277
2415,2408,1277
2416,2409,1277
2417,2410,1277
2418,2411,1277
2419,2412,1277
2420,2413,1277
2421,2414,1277
2422,2415,1277
2423,2416,1277
2424,2417,1277
2425,2418,1278
2426,2419,1279
2427,2420,1280
2428,2421,1281
2429,2422,1282
2430,2423,1283
2431,2424,1284
2432,2425,1285
2433,2426,1286
2434,2427,1287
2435,2428,1288
2436,2429,1289
2437,2430,1290
2438,2431,1291
2439,2432,1292
2440,2433,1293
2441,2434,1294
2442,2435,1295
2443,2436,1295
2444,2437,1295
2445,2438,1296
2446,2439,1297
2447,2440,1298
2448,2441,1299
2449,2442,1300
2450,2443,1301
2451,2444,1302
2452,2445,1303
2453,2446,1304
2454,2447,1305
2455,2448,1306
2456,2449,1306
2457,2450,1306
2458,2451,1306
2459,2452,1306
2460,2453,1306
2461,2454,1306
2462,2455,1306
2463,2456,1306
2464,2457,1306
2465,2458,1306
2466,2459,1306
2467,2460,1307
2468,2461,1308
2469,2462,1309
2470,2463,1310
2471,2464,1311
2472,2465,1311
2473,2466,1311
2474,2467,1311
2475,2468,1311
2476,2469,1311
2477,2470,1311
2478,2471,1311
2479,2472,1311
2480,2473,1311
2481,2474,1312
2482,2475,1313
2483,2476,1314
2484,2477,1315
2485,2478,1316
2486,2479,1317
2487,2480,1318
2488,2481,1319
2489,2482,1320
2490,2483,1321
2491,2484,1322
2492,2485,1323
2493,2486,1324
2494,2487,1325
2495,2488,1326
2496,2489,1327
2497,2490,1328
2498,2491,1328
2499,2492,1328
2500,2493,1328
2501,2494,1329
2502,2495,1330
2503,2496,1331
2504,2497,1332
2505,2498,1333
2506,2499,1334
2507,2500,1335
2508,2501,1336
2509,2502,1337
2510,2503,1338
2511,2504,1339
2512,2505,1340
2513,2506,1341
2514,2507,1342
2515,2508,1343
2516,2509,1344
2517,2510,1345
2518,2511,1346
2519,2512,1347
2520,2513,1348
2521,2514,1349
2522,2515,1350
2523,2516,1351
2524,2517,1352
2525,2518,1353
2526,2519,1354
2527,2520,1355
2528,2521,1356
2529,2522,1357
2530,2523,1358
2531,2524,1359
2532,2525,1360
2533,2526,1361
2534,2527,1362
2535,2528,1363
2536,2529,1364
2537,2530,1365
2538,2531,1366
2539,2532,1367
2540,2533,1368
2541,2534,1369
2542,2535,1370
2543,2536,1371
2544,2537,1372
2545,2538,1373
2546,2539,1374
2547,2540,1374
2548,2541,1374
2549,2542,1374
2550,2543,1374
2551,2544,1374
2552,2545,1374
2553,2546,1374
2554,2547,1374
2555,2548,1374
2556,2549,1374
2557,2550,1374
2558,2551,1374
2559,2552,1374
2560,2553,1374
2561,2554,1374
2562,2555,1374
2563,2556,1374
2564,2557,1374
2565,2558,1374
2566,2559,1375
2567,2560,1376
2568,2561,1377
2569,2562,1377
2570,2563,1377
2571,2564,1377
2572,2565,1377
2573,2566,1377
2574,2567,1377
2575,2568,1377
2576,2569,1377
2577,2570,1377
2578,2571,1377
2579,2572,1377
2580,2573,1377
2581,2574,1377
2582,2575,1377
2583,2576,1377
2584,2577,1377
2585,2578,1377
2586,2579,1377
2587,2580,1377
2588,2581,1377
2589,2582,1377
2590,2583,1377
2591,2584,1377
2592,2585,1377
2593,2586,1377
2594,2587,1377
2595,2588,1377
2596,2589,1377
2597,2590,1378
2598,2591,1378
2599,2592,1378
2600,2593,1378
2601,2594,1378
2602,2595,1378
2603,2596,1378
2604,2597,1379
2605,2598,1380
2606,2599,1381
2607,2600,1382
2608,2601,1383
2609,2602,1383
2610,2603,1383
2611,2604,1383
2612,2605,1384
2613,2606,1385
2614,2607,1386
2615,2608,1387
2616,2609,1388
2617,2610,1389
2618,2611,1390
2619,2612,1391
2620,2613,1392
2621,2614,1393
2622,2615,1394
2623,2616,1395
2624,2617,1396
2625,2618,1397
2626,2619,1398
2627,2620,1399
2628,2621,1399
2629,2622,1399
2630,2623,1399
2631,2624,1399
2632,2625,1399
2633,2626,1399
2634,2627,1399
2635,2628,1399
2636,2629,1399
2637,2630,1400
2638,2631,1400
2639,2632,1400
2640,2633,1400
2641,2634,1400
2642,2635,1401
2643,2636,1402
2644,2637,1403
2645,2638,1404
2646,2639,1405
2647,2640,1406
2648,2641,1407
2649,2642,1408
2650,2643,1408
2651,2644,1408
2652,2645,1408
2653,2646,1408
2654,2647,1408
2655,2648,1408
2656,2649,1408
2657,2650,1408
2658,2651,1409
2659,2652,1410
2660,2653,1411
2661,2654,1412
2662,2655,1413
2663,2656,1414
2664,2657,1415
2665,2658,1416
2666,2659,1417
2667,2660,1418
2668,2661,1419
2669,2662,1419
2670,2663,1419
2671,2664,1419
2672,2665,1419
2673,2666,1419
2674,2667,1419
2675,2668,1419
2676,2669,1419
2677,2670,1419
2678,2671,1419
2679,2672,1419
2680,2673,1419
2681,2674,1419
2682,2675,1420
2683,2676,1421
2684,2677,1422
2685,2678,1423
2686,2679,1424
2687,2680,1425
2688,2681,1426
2689,2682,1427
2690,2683,1428
2691,2684,1429
2692,2685,1430
2693,2686,1430
2694,2687,1430
2695,2688,1430
2696,2689,1430
2697,2690,1430
2698,2691,1430
2699,2692,1430
2700,2693,1430
2701,2694,1431
2702,2695,1432
2703,2696,1433
2704,2697,1434
2705,2698,1435
2706,2699,1436
2707,2700,1437
2708,2701,1438
2709,2702,1439
2710,2703,1440
2711,2704,1441
2712,2705,1442
2713,2706,1443
2714,2707,1443
2715,2708,1443
2716,2709,1443
2717,2710,1443
2718,2711,1444
2719,2712,1445
2720,2713,1446
2721,2714,1447
2722,2715,1448
2723,2716,1449
2724,2717,1450
2725,2718,1451
2726,2719,1452
2727,2720,1453
2728,2721,1454
2729,2722,1455
2730,2723,1455
2731,2724,1455
2732,2725,1455
2733,2726,1455
2734,2727,1455
2735,2728,1455
2736,2729,1455
2737,2730,1455
2738,2731,1455
2739,2732,1455
2740,2733,1455
2741,2734,1455
2742,2735,1455
2743,2736,1455
2744,2737,1455
2745,2738,1455
2746,2739,1455
2747,2740,1455
2748,2741,1455
2749,2742,1455
2750,2743,1455
2751,2744,1455
2752,2745,1455
2753,2746,1456
2754,2747,1457
2755,2748,1458
2756,2749,1459
2757,2750,1460
2758,2751,1461
2759,2752,1462
2760,2753,1463
2761,2754,1464
2762,2755,1465
2763,2756,1466
2764,2757,1467
2765,2758,1468
2766,2759,1469
2767,2760,1470
2768,2761,1471
2769,2762,1472
2770,2763,1473
2771,2764,1474
2772,2765,1475
2773,2766,1476
2774,2767,1477
2775,2768,1478
2776,2769,1479
2777,2770,1480
2778,2771,1481
2779,2772,1482
2780,2773,1483
2781,2774,1484
2782,2775,1485
2783,2776,1486
2784,2777,1487
2785,2778,1488
2786,2779,1489
2787,2780,1490
2788,2781,1491
2789,2782,1492
2790,2783,1493
2791,2784,1494
2792,2785,1495
2793,2786,1496
2794,2787,1497
2795,2788,1498
2796,2789,1499
2797,2790,1500
2798,2791,1501
2799,2792,1502
2800,2793,1503
2801,2794,1504
2802,2795,1505
2803,2796,1506
2804,2797,1507
2805,2798,1508
2806,2799,1509
2807,2800,1510
2808,2800,1511
2809,2800,1512
2810,2800,1513
2811,2800,1514
2812,2800,1515
2813,2800,1516
2814,2800,1517
2815,2800,1518
2816,2800,1519
2817,2800,1520
2818,2800,1521
2819,2800,1522
2820,2800,1523
2821,2800,1524
2822,2800,1525
2823,2800,1526
2824,2800,1527
2825,2800,1528
2826,2801,1529
2827,2802,1530
2828,2803,1531
2829,2804,1532
2830,2805,1533
2831,2806,1534
2832,2807,1535
2833,2808,1536
2834,2809,1537
2835,2810,1538
2836,2810,1539
2837,2810,1540
2838,2810,1541
2839,2810,1542
2840,2810,1543
2841,2810,1544
2842,2810,1545
2843,2810,1546
2844,2810,1547
2845,2810,1548
2846,2810,1549
2847,2810,1550
2848,2810,1551
2849,2810,1552
2850,2810,1553
2851,2810,1554
2852,2810,1555
2853,2810,1556
2854,2810,1557
2855,2810,1558
2856,2810,1559
2857,2810,1560
2858,2810,1561
2859,2810,1562
2860,2810,1563
2861,2810,1564
2862,2810,1565
2863,2810,1566
2864,2810,1567
2865,2810,1568
2866,2810,1569
2867,2810,1570
2868,2810,1571
2869,2810,1572
2870,2810,1573
2871,2811,1574
2872,2812,1575
2873,2813,1576
2874,2814,1577
2875,2815,1578
2876,2816,1579
2877,2817,1580
2878,2818,1581
2879,2819,1582
2880,2820,1583
2881,2821,1584
2882,2822,1585
2883,2823,1586
2884,2824,1587
2885,2825,1588
2886,2826,1589
2887,2827,1590
2888,2828,1591
2889,2829,1592
2890,2830,1593
2891,2831,1594
2892,2832,1595
2893,2833,1596
2894,2834,1597
2895,2835,1598
2896,2836,1599
2897,2837,1600
2898,2838,1601
2899,2839,1602
2900,2840,1603
2901,2841,1604
2902,2842,1605
2903,2843,1606
2904,2844,1607
2905,2845,1608
2906,2846,1609
2907,2847,1610
2908,2848,1611
2909,2849,1612
2910,2850,1613
2911,2851,1614
2912,2852,1615
2913,2853,1616
2914,2854,1617
2915,2855,1618
2916,2856,1619
2917,2857,1620
2918,2858,1621
2919,2859,1622
2920,2860,1623
2921,2861,1624
2922,2862,1625
2923,2863,1626
2924,2864,1627
2925,2865,1628
2926,2866,1629
2927,2867,1630
2928,2868,1631
2929,2869,1632
2930,2870,1633
2931,2871,1634
2932,2872,1635
2933,2873,1636
2934,2874,1637
2935,2875,1638
2936,2876,1639
2937,2877,1640
2938,2878,1641
2939,2879,1642
2940,2880,1643
2941,2880,1644
2942,2880,1645
2943,2881,1646
2944,2882,1647
2945,2883,1648
2946,2884,1649
2947,2885,1650
2948,2886,1651
2949,2887,1652
2950,2888,1653
2951,2889,1654
2952,2890,1655
2953,2890,1656
2954,2890,1657
2955,2890,1658
2956,2890,1659
2957,2890,1660
2958,2890,1661
2959,2890,1662
2960,2890,1663
2961,2890,1664
2962,2890,1665
2963,2890,1666
2964,2890,1667
2965,2890,1668
2966,2890,1669
2967,2890,1670
2968,2890,1671
2969,2890,1672
2970,2890,1673
2971,2890,1674
2972,2890,1675
2973,2890,1676
2974,2890,1677
2975,2890,1678
2976,2890,1679
2977,2890,1680
2978,2890,1681
2979,2890,1682
2980,2890,1683
2981,2890,1684
2982,2890,1685
2983,2890,1686
2984,2890,1687
2985,2890,1688
2986,2890,1689
2987,2890,1690
2988,2890,1691
2989,2890,1692
2990,2890,1693
2991,2890,1694
2992,2890,1695
2993,2890,1696
2994,2890,1697
2995,2890,1698
2996,2890,1699
2997,2890,1700
2998,2890,1701
2999,2890,1702
3000,2890,1703
3001,2890,1704
3002,2890,1705
3003,2890,1706
3004,2890,1707
3005,2890,1708
3006,2890,1709
3007,2890,1710
3008,2890,1711
3009,2890,1712
3010,2890,1713
3011,2890,1714
3012,2890,1715
3013,2890,1716
3014,2890,1717
3015,2890,1718
3016,2890,1719
3017,2890,1720
3018,2890,1721
3019,2890,1722
3020,2890,1723
3021,2890,1724
3022,2890,1725
3023,2890,1726
3024,2890,1727
3025,2890,1728
3026,2890,1729
3027,2890,1730
3028,2890,1731
3029,2890,1732
3030,2890,1733
3031,2890,1734
3032,2890,1735
3033,2890,1736
3034,2890,1737
3035,2891,1738
3036,2892,1739
3037,2893,1740
3038,2894,1741
3039,2895,1742
3040,2896,1743
3041,2897,1744
3042,2898,1745
3043,2899,1746
3044,2900,1747
3045,2901,1748
3046,2902,1749
3047,2903,1750
3048,2904,1751
3049,2905,1752
3050,2906,1753
3051,2907,1754
3052,2908,1755
3053,2909,1756
3054,2910,1757
3055,2911,1758
3056,2912,1759
3057,2913,1760
3058,2914,1761
3059,2915,1762
3060,2916,1763
3061,2917,1764
3062,2918,1765
3063,2919,1766
3064,2920,1767
3065,2921,1768
3066,2922,1769
3067,2923,1770
3068,2924,1771
3069,2925,1772
3070,2926,1773
3071,2927,1774
3072,2928,1775
3073,2929,1776
3074,2930,1777
3075,2931,1778
3076,2932,1779
3077,2933,1780
3078,2934,1781
3079,2935,1782
3080,2936,1783
3081,2937,1784
3082,2938,1785
3083,2939,1786
3084,2940,1787
3085,2941,1788
3086,2942,1789
3087,2943,1790
3088,2944,1791
3089,2945,1792
3090,2946,1793
3091,2947,1794
3092,2948,1795
3093,2949,1796
3094,2950,1797
3095,2951,1798
3096,2952,1799
3097,2953,1800
3098,2954,1801
3099,2955,1802
3100,2956,1803
3101,2957,1804
3102,2958,1805
3103,2959,1806
3104,2960,1807
3105,2961,1808
3106,2962,1809
3107,2963,1810
3108,2964,1811
3109,2965,1812
3110,2966,1813
3111,2967,1814
3112,2968,1815
3113,2969,1816
3114,2970,1817
3115,2971,1818
3116,2972,1819
3117,2973,1820
3118,2974,1821
3119,2975,1821
3120,2976,1821
3121,2977,1821
3122,2978,1821
3123,2979,1821
3124,2980,1821
3125,2981,1821
3126,2982,1821
3127,2983,1821
3128,2984,1821
3129,2985,1821
3130,2986,1821
3131,2987,1821
3132,2988,1821
3133,2989,1821
3134,2990,1821
3135,2991,1821
3136,2992,1821
3137,2993,1821
3138,2994,1821
3139,2995,1821
3140,2996,1821
3141,2997,1821
3142,2998,1821
3143,2999,1821
3144,3000,1821
3145,3001,1821
3146,3002,1821
3147,3003,1821
3148,3004,1821
3149,3005,1821
3150,3006,1821
3151,3007,1821
3152,3008,1821
3153,3009,1821
3154,3010,1821
3155,3011,1821
3156,3012,1821
3157,3013,1821
3158,3014,1821
3159,3015,1821
3160,3016,1821
3161,3017,1821
3162,3018,1821
3163,3019,1821
3164,3020,1821
3165,3021,1821
3166,3022,1821
3167,3023,1821
3168,3024,1821
3169,3025,1821
3170,3026,1821
3171,3027,1821
3172,3028,1821
3173,3029,1821
3174,3030,1821
3175,3031,1821
3176,3032,1821
3177,3033,1821
3178,3034,1821
3179,3035,1821
3180,3036,1821
3181,3037,1821
3182,3038,1821
3183,3039,1821
3184,3040,1821
3185,3041,1821
3186,3042,1821
3187,3043,1821
3188,3044,1821
3189,3045,1821
3190,3046,1821
3191,3047,1821
3192,3048,1821
3193,3049,1821
3194,3050,1821
3195,3051,1821
3196,3052,1821
3197,3053,1821
3198,3054,1821
3199,3055,1821
3200,3056,1821
3201,3057,1821
3202,3058,1821
3203,3059,1821
3204,3060,1821
3205,3061,1821
3206,3062,1821
3207,3063,1821
3208,3064,1821
3209,3065,1821
3210,3066,1821
3211,3067,1821
3212,3068,1821
3213,3069,1821
3214,3070,1821
3215,3071,1821
3216,3072,1821
3217,3073,1821
3218,3074,1821
3219,3075,1821
3220,3076,1821
3221,3077,1821
3222,3078,1821
3223,3079,1821
3224,3080,1821
3225,3081,1821
3226,3082,1821
3227,3083,1821
3228,3084,1821
3229,3085,1821
3230,3086,1821
3231,3087,1821
3232,3088,1821
3233,3089,1821
3234,3090,1821
3235,3091,1821
3236,3092,1821
3237,3093,1821
3238,3094,1821
3239,3095,1821
3240,3096,1821
3241,3097,1821
3242,3098,1821
3243,3099,1821
3244,3100,1821
3245,3101,1821
3246,3102,1821
3247,3103,1821
3248,3104,1821
3249,3105,1821
3250,3106,1821
3251,3107,1821
3252,3108,1821
3253,3109,1821
3254,3110,1821
3255,3111,1821
3256,3112,1821
3257,3113,1821
3258,3114,1821
3259,3115,1821
3260,3116,1821
3261,3117,1821
3262,3118,1822
3263,3119,1823
3264,3120,1824
3265,3120,1825
3266,3120,1826
3267,3120,1827
3268,3120,1828
3269,3120,1829
3270,3120,1830
3271,3120,1831
3272,3120,1832
3273,3120,1833
3274,3120,1834
3275,3120,1835
3276,3121,1836
3277,3122,1837
3278,3123,1838
3279,3124,1839
3280,3125,1840
3281,3126,1841
3282,3127,1842
3283,3128,1843
3284,3129,1844
3285,3130,1845
3286,3131,1846
3287,3132,1847
3288,3133,1848
3289,3134,1849
3290,3135,1850
3291,3136,1851
3292,3137,1852
3293,3138,1853
3294,3139,1854
3295,3140,1855
3296,3141,1856
3297,3142,1857
3298,3143,1858
3299,3144,1859
3300,3145,1860
3301,3146,1861
3302,3147,1862
3303,3148,1863
3304,3149,1864
3305,3150,1865
3306,3151,1866
3307,3152,1867
3308,3153,1868
3309,3154,1869
3310,3155,1870
3311,3156,1871
3312,3157,1872
3313,3158,1873
3314,3159,1874
3315,3160,1875
3316,3160,1876
3317,3160,1877
3318,3160,1878
3319,3160,1879
3320,3161,1880
3321,3162,1881
3322,3163,1882
3323,3164,1883
3324,3165,1884
3325,3166,1885
3326,3167,1886
3327,3168,1887
3328,3169,1888
3329,3170,1889
3330,3171,1890
3331,3172,1891
3332,3173,1892
3333,3174,1893
3334,3175,1894
3335,3176,1895
3336,3177,1896
3337,3178,1897
3338,3179,1898
3339,3180,1899
3340,3181,1900
3341,3182,1901
3342,3183,1902
3343,3184,1903
3344,3185,1904
3345,3186,1904
3346,3187,1904
3347,3188,1904
3348,3189,1904
3349,3190,1904
3350,3191,1905
3351,3192,1906
3352,3193,1907
3353,3194,1908
3354,3195,1909
3355,3196,1910
3356,3197,1911
3357,3198,1912
3358,3199,1913
3359,3200,1914
3360,3200,1915
3361,3200,1916
3362,3200,1917
3363,3200,1918
3364,3200,1919
3365,3200,1920
3366,3200,1921
3367,3200,1922
3368,3200,1923
3369,3200,1924
3370,3200,1925
3371,3200,1926
3372,3200,1927
3373,3200,1928
3374,3200,1929
3375,3201,1930
3376,3202,1931
3377,3203,1932
3378,3204,1933
3379,3205,1934
3380,3206,1935
3381,3207,1936
3382,3208,1937
3383,3209,1938
3384,3210,1939
3385,3211,1940
3386,3212,1941
3387,3213,1942
3388,3214,1943
3389,3215,1944
3390,3216,1945
3391,3217,1946
3392,3218,1947
3393,3219,1948
3394,3220,1949
3395,3221,1950
3396,3222,1951
3397,3223,1952
3398,3224,1953
3399,3225,1954
3400,3226,1955
3401,3227,1956
3402,3228,1957
3403,3229,1958
3404,3230,1959
3405,3231,1960
3406,3232,1961
3407,3233,1962
3408,3234,1963
3409,3235,1964
3410,3236,1965
3411,3237,1966
3412,3238,1967
3413,3239,1968
3414,3240,1969
3415,3241,1970
3416,3242,1971
3417,3243,1972
3418,3244,1973
3419,3245,1974
3420,3246,1975
3421,3247,1976
3422,3248,1977
3423,3249,1978
3424,3250,1979
3425,3251,1980
3426,3252,1981
3427,3253,1982
3428,3254,1983
3429,3255,1984
3430,3256,1985
3431,3257,1986
3432,3258,1987
3433,3259,1988
3434,3260,1989
3435,3261,1990
3436,3262,1991
3437,3263,1992
3438,3264,1993
3439,3265,1994
3440,3266,1995
3441,3267,1996
3442,3268,1997
3443,3269,1998
3444,3270,1999
3445,3271,2000
3446,3272,2001
3447,3273,2002
3448,3274,2003
3449,3275,2004
3450,3276,2005
3451,3277,2006
3452,3278,2007
3453,3279,2008
3454,3280,2009
3455,3281,2010
3456,3282,2011
3457,3283,2011
3458,3284,2011
3459,3285,2011
3460,3286,2011
3461,3287,2011
3462,3288,2011
3463,3289,2011
3464,3290,2011
3465,3291,2011
3466,3292,2011
3467,3293,2011
3468,3294,2011
3469,3295,2011
3470,3296,2011
3471,3297,2011
3472,3298,2011
3473,3299,2011
3474,3300,2011
3475,3301,2011
3476,3302,2011
3477,3303,2011
3478,3304,2011
3479,3305,2011
3480,3306,2011
3481,3307,2011
3482,3308,2011
3483,3309,2011
3484,3310,2011
3485,3311,2011
3486,3312,2011
3487,3313,2011
3488,3314,2011
3489,3315,2011
3490,3316,2011
3491,3317,2011
3492,3318,2011
3493,3319,2011
3494,3320,2011
3495,3321,2011
3496,3322,2011
3497,3323,2011
3498,3324,2011
3499,3325,2011
3500,3326,2011
3501,3327,2011
3502,3328,2011
3503,3329,2011
3504,3330,2011
3505,3331,2011
3506,3332,2011
3507,3333,2011
3508,3334,2011
3509,3335,2011
3510,3336,2011
3511,3337,2011
3512,3338,2011
3513,3339,2011
3514,3340,2011
3515,3341,2011
3516,3342,2011
3517,3343,2012
3518,3344,2013
3519,3345,2014
3520,3346,2015
3521,3347,2016
3522,3348,2017
3523,3349,2018
3524,3350,2019
3525,3351,2020
3526,3352,2021
3527,3353,2022
3528,3354,2023
3529,3355,2024
3530,3356,2025
3531,3357,2026
3532,3358,2027
3533,3359,2028
3534,3360,2029
3535,3361,2030
3536,3362,2031
3537,3363,2032
3538,3364,2033
3539,3365,2034
3540,3366,2035
3541,3367,2036
3542,3368,2037
3543,3369,2038
3544,3370,2039
3545,3371,2039
3546,3372,2039
3547,3373,2039
3548,3374,2039
3549,3375,2039
3550,3376,2039
3551,3377,2039
3552,3378,2039
3553,3379,2039
3554,3380,2039
3555,3381,2039
3556,3382,2039
3557,3383,2039
3558,3384,2039
3559,3385,2039
3560,3386,2039
3561,3387,2039
3562,3388,2039
3563,3389,2039
3564,3390,2039
3565,3391,2039
3566,3392,2039
3567,3393,2039
3568,3394,2040
3569,3395,2041
3570,3396,2042
3571,3397,2043
3572,3398,2044
3573,3399,2045
3574,3400,2046
3575,3401,2047
3576,3402,2048
3577,3403,2049
3578,3404,2049
3579,3405,2049
3580,3406,2049
3581,3407,2049
3582,3408,2049
3583,3409,2049
3584,3410,2049
3585,3411,2049
3586,3412,2050
3587,3413,2051
3588,3414,2052
3589,3415,2053
3590,3416,2054
3591,3417,2055
3592,3418,2056
3593,3419,2057
3594,3420,2058
3595,3421,2059
3596,3422,2060
3597,3423,2061
3598,3424,2061
3599,3425,2061
3600,3426,2061
3601,3427,2061
3602,3428,2061
3603,3429,2062
3604,3430,2063
3605,3431,2064
3606,3432,2065
3607,3433,2066
3608,3434,2067
3609,3435,2068
3610,3436,2069
3611,3437,2070
3612,3438,2071
3613,3439,2072
3614,3440,2073
3615,3441,2074
3616,3442,2074
3617,3443,2074
3618,3444,2074
3619,3445,2074
3620,3446,2074
3621,3447,2074
3622,3448,2074
3623,3449,2074
3624,3450,2074
3625,3451,2074
3626,3452,2074
3627,3453,2074
3628,3454,2074
3629,3455,2074
3630,3456,2074
3631,3457,2074
3632,3458,2074
3633,3459,2075
3634,3460,2076
3635,3461,2077
3636,3462,2077
3637,3463,2077
3638,3464,2077
3639,3465,2077
3640,3466,2077
3641,3467,2077
3642,3468,2078
3643,3469,2079
3644,3470,2080
3645,3471,2081
3646,3472,2082
3647,3473,2083
3648,3474,2084
3649,3475,2085
3650,3476,2086
3651,3477,2087
3652,3478,2088
3653,3479,2089
3654,3480,2090
3655,3481,2091
3656,3482,2092
3657,3483,2093
3658,3484,2094
3659,3485,2095
3660,3486,2096
3661,3487,2097
3662,3488,2098
3663,3489,2099
3664,3490,2100
3665,3491,2101
3666,3492,2102
3667,3493,2103
3668,3494,2103
3669,3495,2103
3670,3496,2103
3671,3497,2103
3672,3498,2103
3673,3499,2103
3674,3500,2103
3675,3501,2103
3676,3502,2103
3677,3503,2103
3678,3504,2103
3679,3505,2103
3680,3506,2103
3681,3507,2103
3682,3508,2103
3683,3509,2103
3684,3510,2104
3685,3511,2105
3686,3512,2106
3687,3513,2107
3688,3514,2108
3689,3515,2109
3690,3516,2110
3691,3517,2111
3692,3518,2112
3693,3519,2113
3694,3520,2114
3695,3521,2115
3696,3522,2116
3697,3523,2117
3698,3524,2118
3699,3525,2119
3700,3526,2120
3701,3527,2121
3702,3528,2122
3703,3529,2123
3704,3530,2124
3705,3531,2125
3706,3532,2126
3707,3533,2127
3708,3534,2128
3709,3535,2129
3710,3536,2130
3711,3537,2131
3712,3538,2132
3713,3539,2133
3714,3540,2134
3715,3541,2135
3716,3542,2136
3717,3543,2137
3718,3544,2138
3719,3545,2139
3720,3546,2139
3721,3547,2139
3722,3548,2139
3723,3549,2139
3724,3550,2139
3725,3551,2139
3726,3552,2139
3727,3553,2139
3728,3554,2139
3729,3555,2139
3730,3556,2139
3731,3557,2139
3732,3558,2139
3733,3559,2139
3734,3560,2139
3735,3561,2139
3736,3562,2139
3737,3563,2139
3738,3564,2139
3739,3565,2139
3740,3566,2139
3741,3567,2139
3742,3568,2139
3743,3569,2139
3744,3570,2139
3745,3571,2139
3746,3572,2139
3747,3573,2139
3748,3574,2139
3749,3575,2139
3750,3576,2139
3751,3577,2139
3752,3578,2139
3753,3579,2139
3754,3580,2139
3755,3581,2139
3756,3582,2139
3757,3583,2139
3758,3584,2139
3759,3585,2139
3760,3586,2139
3761,3587,2139
3762,3588,2139
3763,3589,2139
3764,3590,2139
3765,3591,2140
3766,3592,2141
3767,3593,2142
3768,3594,2143
3769,3595,2144
3770,3596,2145
3771,3597,2146
3772,3598,2147
3773,3599,2148
3774,3600,2149
3775,3601,2150
3776,3602,2151
3777,3603,2152
3778,3604,2153
3779,3605,2154
3780,3606,2155
3781,3607,2156
3782,3608,2157
3783,3609,2158
3784,3610,2159
3785,3611,2160
3786,3612,2161
3787,3613,2162
3788,3614,2163
3789,3615,2164
3790,3616,2165
3791,3617,2166
3792,3618,2167
3793,3619,2168
3794,3620,2169
3795,3621,2170
3796,3622,2171
3797,3623,2172
3798,3624,2173
3799,3625,2174
3800,3626,2175
3801,3627,2176
3802,3628,2177
3803,3629,2178
3804,3630,2178
3805,3631,2178
3806,3632,2178
3807,3633,2178
3808,3634,2178
3809,3635,2178
3810,3636,2178
3811,3637,2178
3812,3638,2178
3813,3639,2178
3814,3640,2178
3815,3641,2178
3816,3642,2178
3817,3643,2178
3818,3644,2178
3819,3645,2178
3820,3646,2178
3821,3647,2178
3822,3648,2178
3823,3649,2178
3824,3650,2178
3825,3651,2178
3826,3652,2178
3827,3653,2178
3828,3654,2178
3829,3655,2178
3830,3656,2178
3831,3657,2178
3832,3658,2178
3833,3659,2178
3834,3660,2178
3835,3661,2178
3836,3662,2178
3837,3663,2178
3838,3664,2179
3839,3665,2180
3840,3666,2181
3841,3667,2182
3842,3668,2183
3843,3669,2184
3844,3670,2185
3845,3671,2186
3846,3672,2187
3847,3673,2188
3848,3674,2189
3849,3675,2190
3850,3676,2191
3851,3677,2192
3852,3678,2193
3853,3679,2194
3854,3680,2195
3855,3681,2196
3856,3682,2197
3857,3683,2198
3858,3684,2199
3859,3685,2200
3860,3686,2201
3861,3687,2202
3862,3688,2203
3863,3689,2204
3864,3690,2205
3865,3691,2206
3866,3692,2207
3867,3693,2208
3868,3694,2208
3869,3695,2208
3870,3696,2208
3871,3697,2208
3872,3698,2208
3873,3699,2209
3874,3700,2210
3875,3701,2211
3876,3702,2212
3877,3703,2212
3878,3704,2212
3879,3705,2212
3880,3706,2212
3881,3707,2212
3882,3708,2212
3883,3709,2212
3884,3710,2212
3885,3711,2212
3886,3712,2212
3887,3713,2212
3888,3714,2212
3889,3715,2213
3890,3716,2214
3891,3717,2215
3892,3718,2216
3893,3719,2217
3894,3720,2218
3895,3721,2219
3896,3722,2220
3897,3723,2221
3898,3724,2222
3899,3725,2223
3900,3726,2224
3901,3727,2225
3902,3728,2226
3903,3729,2227
3904,3730,2228
3905,3731,2229
3906,3732,2230
3907,3733,2231
3908,3734,2232
3909,3735,2232
3910,3736,2233
3911,3737,2234
3912,3738,2235
3913,3739,2236
3914,3740,2237
3915,3741,2238
3916,3742,2239
3917,3743,2240
3918,3744,2241
3919,3745,2242
3920,3746,2243
3921,3747,2244
3922,3748,2245
3923,3749,2246
3924,3750,2247
3925,3751,2248
3926,3752,2249
3927,3753,2250
3928,3754,2251
3929,3755,2252
3930,3756,2253
3931,3757,2254
3932,3758,2255
3933,3759,2256
3934,3760,2257
3935,3761,2258
3936,3762,2259
3937,3763,2260
3938,3764,2261
3939,3765,2262
3940,3766,2263
3941,3767,2264
3942,3768,2264
3943,3769,2264
3944,3770,2264
3945,3771,2264
3946,3772,2264
3947,3773,2264
3948,3774,2264
3949,3775,2264
3950,3776,2264
3951,3777,2264
3952,3778,2264
3953,3779,2264
3954,3780,2264
3955,3781,2264
3956,3782,2264
3957,3783,2264
3958,3784,2264
3959,3785,2264
3960,3786,2264
3961,3787,2264
3962,3788,2264
3963,3789,2264
3964,3790,2264
3965,3791,2264
3966,3792,2264
3967,3793,2264
3968,3794,2264
3969,3795,2264
3970,3796,2264
3971,3797,2264
3972,3798,2264
3973,3799,2264
3974,3800,2264
3975,3801,2264
3976,3802,2264
3977,3803,2264
3978,3804,2264
3979,3805,2264
3980,3806,2264
3981,3807,2264
3982,3808,2264
3983,3809,2264
3984,3810,2264
3985,3811,2264
3986,3812,2264
3987,3813,2264
3988,3814,2264
3989,3815,2264
3990,3816,2264
3991,3817,2264
3992,3818,2264
3993,3819,2264
3994,3820,2264
3995,3821,2264
3996,3822,2265
3997,3823,2266
3998,3824,2267
3999,3825,2268
4000,3826,2269
4001,3827,2270
4002,3828,2271
4003,3829,2272
4004,3830,2273
4005,3831,2274
4006,3832,2275
4007,3833,2276
4008,3834,2277
4009,3835,2278
4010,3836,2279
4011,3837,2280
4012,3838,2281
4013,3839,2282
4014,3840,2283
4015,3841,2284
4016,3842,2285
4017,3843,2286
4018,3844,2287
4019,3845,2288
4020,3846,2289
4021,3847,2290
4022,3848,2290
4023,3849,2290
4024,3850,2290
4025,3851,2290
4026,3852,2290
4027,3853,2290
4028,3854,2290
4029,3855,2290
4030,3856,2290
4031,3857,2290
4032,3858,2290
4033,3859,2290
4034,3860,2291
4035,3861,2292
4036,3862,2293
4037,3863,2294
4038,3864,2295
4039,3865,2296
4040,3866,2297
4041,3867,2297
4042,3868,2297
4043,3869,2297
4044,3870,2297
4045,3871,2297
4046,3872,2297
4047,3873,2298
4048,3874,2299
4049,3875,2300
4050,3876,2301
4051,3877,2302
4052,3878,2303
4053,3879,2304
4054,3880,2305
4055,3881,2306
4056,3882,2307
4057,3883,2308
4058,3884,2308
4059,3885,2308
4060,3886,2308
4061,3887,2308
4062,3888,2308
4063,3889,2308
4064,3890,2308
4065,3891,2308
4066,3892,2308
4067,3893,2308
4068,3894,2308
4069,3895,2308
4070,3896,2308
4071,3897,2308
4072,3898,2308
4073,3899,2308
4074,3900,2309
4075,3901,2309
4076,3902,2309
4077,3903,2309
4078,3904,2309
4079,3905,2309
4080,3906,2310
4081,3907,2311
4082,3908,2312
4083,3909,2313
4084,3910,2314
4085,3911,2315
4086,3912,2316
4087,3913,2317
4088,3914,2318
4089,3915,2319
4090,3916,2320
4091,3917,2321
4092,3918,2322
4093,3919,2323
4094,3920,2324
4095,3921,2325
4096,3922,2326
4097,3923,2327
4098,3924,2328
4099,3925,2329
4100,3926,2330
4101,3927,2331
4102,3928,2332
4103,3929,2332
4104,3930,2332
4105,3931,2332
4106,3932,2332
4107,3933,2332
4108,3934,2332
4109,3935,2332
4110,3936,2332
4111,3937,2332
4112,3938,2332
4113,3939,2332
4114,3940,2333
4115,3941,2334
4116,3942,2335
4117,3943,2336
4118,3944,2337
4119,3945,2338
4120,3946,2339
4121,3947,2340
4122,3948,2341
4123,3949,2342
4124,3950,2343
4125,3951,2344
4126,3952,2344
4127,3953,2344
4128,3954,2344
4129,3955,2344
4130,3956,2344
4131,3957,2344
4132,3958,2345
4133,3959,2346
4134,3960,2347
4135,3961,2348
4136,3962,2349
4137,3963,2350
4138,3964,2351
4139,3965,2351
4140,3966,2351
4141,3967,2351
4142,3968,2351
4143,3969,2351
4144,3970,2351
4145,3971,2351
4146,3972,2351
4147,3973,2351
4148,3974,2351
4149,3975,2351
4150,3976,2351
4151,3977,2351
4152,3978,2351
4153,3979,2351
4154,3980,2351
4155,3981,2351
4156,3982,2351
4157,3983,2351
4158,3984,2352
4159,3985,2353
4160,3986,2354
4161,3987,2355
4162,3988,2356
4163,3989,2357
4164,3990,2358
4165,3991,2359
4166,3992,2360
4167,3993,2361
4168,3994,2362
4169,3995,2363
4170,3996,2364
4171,3997,2365
4172,3998,2366
4173,3999,2367
4174,4000,2368
4175,4001,2369
4176,4002,2370
4177,4003,2371
4178,4004,2372
4179,4005,2373
4180,4006,2374
4181,4007,2375
4182,4008,2376
4183,4009,2377
4184,4010,2378
4185,4011,2378
4186,4012,2378
4187,4013,2378
4188,4014,2378
4189,4015,2378
4190,4016,2378
4191,4017,2378
4192,4018,2378
4193,4019,2378
4194,4020,2378
4195,4021,2378
4196,4022,2378
4197,4023,2378
4198,4024,2378
4199,4025,2378
4200,4026,2378
4201,4027,2378
4202,4028,2378
4203,4029,2378
4204,4030,2378
4205,4031,2378
4206,4032,2378
4207,4033,2378
4208,4034,2378
4209,4035,2378
4210,4036,2378
4211,4037,2378
4212,4038,2378
4213,4039,2378
4214,4040,2378
4215,4041,2378
4216,4042,2378
4217,4043,2378
4218,4044,2378
4219,4045,2378
4220,4046,2379
4221,4047,2380
4222,4048,2381
4223,4049,2382
4224,4050,2383
4225,4051,2384
4226,4052,2385
4227,4053,2386
4228,4054,2387
4229,4055,2388
4230,4056,2389
4231,4057,2390
4232,4058,2391
4233,4059,2392
4234,4060,2393
4235,4061,2394
4236,4062,2395
4237,4063,2396
4238,4064,2397
4239,4065,2398
4240,4066,2399
4241,4067,2400
4242,4068,2401
4243,4069,2402
4244,4070,2403
4245,4071,2404
4246,4072,2405
4247,4073,2406
4248,4074,2407
4249,4075,2408
4250,4076,2409
4251,4077,2410
4252,4078,2411
4253,4079,2412
4254,4080,2413
4255,4081,2414
4256,4082,2415
4257,4083,2416
4258,4084,2416
4259,4085,2416
4260,4086,2416
4261,4087,2416
4262,4088,2416
4263,4089,2416
4264,4090,2416
4265,4091,2416
4266,4092,2416
4267,4093,2416
4268,4094,2416
4269,4095,2416
4270,4096,2416
4271,4097,2416
4272,4098,2416
4273,4099,2416
4274,4100,2416
4275,4101,2416
4276,4102,2416
4277,4103,2416
4278,4104,2416
4279,4105,2416
4280,4106,2416
4281,4107,2416
4282,4108,2416
4283,4109,2416
4284,4110,2416
4285,4111,2416
4286,4112,2416
4287,4113,2416
4288,4114,2416
4289,4115,2416
4290,4116,2416
4291,4117,2416
4292,4118,2416
4293,4119,2416
4294,4120,2416
4295,4121,2416
4296,4122,2416
4297,4123,2416
4298,4124,2416
4299,4125,2416
4300,4126,2416
4301,4127,2416
4302,4128,2416
4303,4129,2416
4304,4130,2416
4305,4131,2416
4306,4132,2416
4307,4133,2416
4308,4134,2416
4309,4135,2416
4310,4136,2416
4311,4137,2416
4312,4138,2416
4313,4139,2416
4314,4140,2416
4315,4141,2417
4316,4142,2418
4317,4143,2419
4318,4144,2420
4319,4145,2421
4320,4146,2422
4321,4147,2423
4322,4148,2424
4323,4149,2425
4324,4150,2426
4325,4151,2427
4326,4152,2428
4327,4153,2429
4328,4154,2430
4329,4155,2431
4330,4156,2432
4331,4157,2433
4332,4158,2434
4333,4159,2435
4334,4160,2436
4335,4161,2437
4336,4162,2438
4337,4163,2439
4338,4164,2440
4339,4165,2441
4340,4166,2442
4341,4167,2443
4342,4168,2444
4343,4169,2445
4344,4170,2446
4345,4171,2447
4346,4172,2448
4347,4173,2449
4348,4174,2450
4349,4175,2451
4350,4176,2452
4351,4177,2453
4352,4178,2454
4353,4179,2455
4354,4180,2456
4355,4181,2457
4356,4182,2458
4357,4183,2459
4358,4184,2460
4359,4185,2461
4360,4186,2462
4361,4187,2463
4362,4188,2464
4363,4189,2465
4364,4190,2466
4365,4191,2467
4366,4192,2468
4367,4193,2469
4368,4194,2470
4369,4195,2471
4370,4196,2472
4371,4197,2473
4372,4198,2474
4373,4199,2475
4374,4200,2476
4375,4201,2477
4376,4202,2477
4377,4203,2477
4378,4204,2477
4379,4205,2477
4380,4206,2477
4381,4207,2477
4382,4208,2477
4383,4209,2477
4384,4210,2477
4385,4211,2477
4386,4212,2477
4387,4213,2478
4388,4214,2479
4389,4215,2480
4390,4216,2481
4391,4217,2482
4392,4218,2483
4393,4219,2484
4394,4220,2485
4395,4221,2486
4396,4222,2487
4397,4223,2488
4398,4224,2489
4399,4225,2490
4400,4226,2491
4401,4227,2492
4402,4228,2493
4403,4229,2494
4404,4230,2495
4405,4231,2496
4406,4232,2497
4407,4233,2498
4408,4234,2499
4409,4235,2500
4410,4236,2501
4411,4237,2502
4412,4238,2503
4413,4239,2504
4414,4240,2505
4415,4241,2506
4416,4242,2507
4417,4243,2508
4418,4244,2509
4419,4245,2510
4420,4246,2511
4421,4247,2512
4422,4248,2513
4423,4249,2514
4424,4250,2515
4425,4251,2516
4426,4252,2517
4427,4253,2518
4428,4254,2519
4429,4255,2520
4430,4256,2521
4431,4257,2522
4432,4258,2523
4433,4259,2524
4434,4260,2525
4435,4261,2526
4436,4262,2527
4437,4263,2528
4438,4264,2529
4439,4265,2530
4440,4266,2531
4441,4267,2532
4442,4268,2532
4443,4269,2532
4444,4270,2532
4445,4271,2532
4446,4272,2532
4447,4273,2532
4448,4274,2532
4449,4275,2532
4450,4276,2532
4451,4277,2532
4452,4278,2532
4453,4279,2532
4454,4280,2532
4455,4281,2532
4456,4282,2532
4457,4283,2532
4458,4284,2532
4459,4285,2532
4460,4286,2532
4461,4287,2532
4462,4288,2532
4463,4289,2532
4464,4290,2532
4465,4291,2532
4466,4292,2532
4467,4293,2532
4468,4294,2532
4469,4295,2532
4470,4296,2532
4471,4297,2532
4472,4298,2532
4473,4299,2532
4474,4300,2532
4475,4301,2532
4476,4302,2532
4477,4303,2532
4478,4304,2532
4479,4305,2532
4480,4306,2532
4481,4307,2532
4482,4308,2532
4483,4309,2532
4484,4310,2532
4485,4311,2532
4486,4312,2532
4487,4313,2532
4488,4314,2532
4489,4315,2532
4490,4316,2532
4491,4317,2532
4492,4318,2532
4493,4319,2532
4494,4320,2532
4495,4321,2532
4496,4322,2532
4497,4323,2532
4498,4324,2532
4499,4325,2532
4500,4326,2532
4501,4327,2532
4502,4328,2532
4503,4329,2532
4504,4330,2532
4505,4331,2532
4506,4332,2532
4507,4333,2532
4508,4334,2532
4509,4335,2532
4510,4336,2532
4511,4337,2532
4512,4338,2533
4513,4339,2534
4514,4340,2535
4515,4341,2536
4516,4342,2537
4517,4343,2538
4518,4344,2539
4519,4345,2540
4520,4346,2541
4521,4347,2542
4522,4348,2543
4523,4349,2544
4524,4350,2545
4525,4351,2546
4526,4352,2547
4527,4353,2548
4528,4354,2549
4529,4355,2550
4530,4356,2551
4531,4357,2552
4532,4358,2553
4533,4359,2554
4534,4360,2555
4535,4361,2556
4536,4362,2557
4537,4363,2558
4538,4364,2559
4539,4365,2560
4540,4366,2561
4541,4367,2562
4542,4368,2562
4543,4369,2562
4544,4370,2562
4545,4371,2562
4546,4372,2562
4547,4373,2562
4548,4374,2562
4549,4375,2562
4550,4376,2562
4551,4377,2562
4552,4378,2562
4553,4379,2562
4554,4380,2563
4555,4381,2564
4556,4382,2564
4557,4383,2564
4558,4384,2564
4559,4385,2564
4560,4386,2565
4561,4387,2566
4562,4388,2567
4563,4389,2568
4564,4390,2569
4565,4391,2570
4566,4392,2571
4567,4393,2572
4568,4394,2573
4569,4395,2574
4570,4396,2575
4571,4397,2576
4572,4398,2577
4573,4399,2578
4574,4400,2579
4575,4401,2580
4576,4402,2581
4577,4403,2582
4578,4404,2583
4579,4405,2584
4580,4406,2585
4581,4407,2586
4582,4408,2587
4583,4409,2588
4584,4410,2589
4585,4411,2590
4586,4412,2591
4587,4413,2592
4588,4414,2592
4589,4415,2592
4590,4416,2592
4591,4417,2592
4592,4418,2592
4593,4419,2592
4594,4420,2593
4595,4421,2594
4596,4422,2594
4597,4423,2594
4598,4424,2594
4599,4425,2594
4600,4426,2594
4601,4427,2594
4602,4428,2594
4603,4429,2594
4604,4430,2594
4605,4431,2594
4606,4432,2594
4607,4433,2594
4608,4434,2594
4609,4435,2594
4610,4436,2595
4611,4437,2596
4612,4438,2597
4613,4439,2598
4614,4440,2599
4615,4441,2600
4616,4442,2601
4617,4443,2602
4618,4444,2603
4619,4445,2604
4620,4446,2605
4621,4447,2606
4622,4448,2607
4623,4449,2608
4624,4450,2609
4625,4451,2610
4626,4452,2611
4627,4453,2612
4628,4454,2613
4629,4455,2614
4630,4456,2615
4631,4457,2616
4632,4458,2617
4633,4459,2618
4634,4460,2619
4635,4461,2620
4636,4462,2621
4637,4463,2622
4638,4464,2623
4639,4465,2624
4640,4466,2625
4641,4467,2626
4642,4468,2627
4643,4469,2628
4644,4470,2629
4645,4471,2630
4646,4472,2631
4647,4473,2632
4648,4474,2633
4649,4475,2634
4650,4476,2635
4651,4477,2636
4652,4478,2637
4653,4479,2638
4654,4480,2639
4655,4481,2640
4656,4482,2641
4657,4483,2642
4658,4484,2643
4659,4485,2644
4660,4486,2645
4661,4487,2646
4662,4488,2647
4663,4489,2648
4664,4490,2649
4665,4491,2650
4666,4492,2651
4667,4493,2652
4668,4494,2653
4669,4495,2654
4670,4496,2655
4671,4497,2656
4672,4498,2657
4673,4499,2658
4674,4500,2659
4675,4501,2660
4676,4502,2661
4677,4503,2662
4678,4504,2663
4679,4505,2664
4680,4506,2665
4681,4507,2666
4682,4508,2667
4683,4509,2668
4684,4510,2669
4685,4511,2670
4686,4512,2671
4687,4513,2672
4688,4514,2673
4689,4515,2674
4690,4516,2675
4691,4517,2675
4692,4518,2675
4693,4519,2675
4694,4520,2675
4695,4521,2675
4696,4522,2675
4697,4523,2675
4698,4524,2675
4699,4525,2675
4700,4526,2675
4701,4527,2675
4702,4528,2675
4703,4529,2675
4704,4530,2675
4705,4531,2675
4706,4532,2675
4707,4533,2675
4708,4534,2675
4709,4535,2675
4710,4536,2675
4711,4537,2675
4712,4538,2675
4713,4539,2675
4714,4540,2675
4715,4541,2675
4716,4542,2675
4717,4543,2675
4718,4544,2675
4719,4545,2675
4720,4546,2675
4721,4547,2675
4722,4548,2675
4723,4549,2675
4724,4550,2675
4725,4551,2675
4726,4552,2675
4727,4553,2675
4728,4554,2675
4729,4555,2675
4730,4556,2675
4731,4557,2675
4732,4558,2675
4733,4559,2675
4734,4560,2675
4735,4561,2675
4736,4562,2675
4737,4563,2675
4738,4564,2675
4739,4565,2675
4740,4566,2675
4741,4567,2675
4742,4568,2675
4743,4569,2675
4744,4570,2675
4745,4571,2675
4746,4572,2675
4747,4573,2675
4748,4574,2675
4749,4575,2675
4750,4576,2675
4751,4577,2675
4752,4578,2675
4753,4579,2675
4754,4580,2675
4755,4581,2675
4756,4582,2675
4757,4583,2675
4758,4584,2676
4759,4585,2677
4760,4586,2678
4761,4587,2679
4762,4588,2680
4763,4589,2681
4764,4590,2682
4765,4591,2683
4766,4592,2684
4767,4593,2685
4768,4594,2686
4769,4595,2687
4770,4596,2688
4771,4597,2689
4772,4598,2690
4773,4599,2691
4774,4600,2692
4775,4601,2693
4776,4602,2694
4777,4603,2695
4778,4604,2696
4779,4605,2697
4780,4606,2698
4781,4607,2699
4782,4608,2700
4783,4609,2701
4784,4610,2702
4785,4611,2703
4786,4612,2704
4787,4613,2705
4788,4614,2706
4789,4615,2707
4790,4616,2708
4791,4617,2709
4792,4618,2710
4793,4619,2711
4794,4620,2712
4795,4621,2713
4796,4622,2714
4797,4623,2715
4798,4624,2716
4799,4625,2717
4800,4626,2718
4801,4627,2719
4802,4628,2720
4803,4629,2721
4804,4630,2722
4805,4631,2723
4806,4632,2724
4807,4633,2725
4808,4634,2726
4809,4635,2727
4810,4636,2728
4811,4637,2729
4812,4638,2730
4813,4639,2731
4814,4640,2732
4815,4641,2732
4816,4642,2732
4817,4643,2732
4818,4644,2732
4819,4645,2732
4820,4646,2732
4821,4647,2732
4822,4648,2732
4823,4649,2732
4824,4650,2732
4825,4651,2732
4826,4652,2732
4827,4653,2732
4828,4654,2732
4829,4655,2732
4830,4656,2732
4831,4657,2732
4832,4658,2732
4833,4659,2732
4834,4660,2732
4835,4661,2732
4836,4662,2732
4837,4663,2732
4838,4664,2732
4839,4665,2732
4840,4666,2732
4841,4667,2732
4842,4668,2732
4843,4669,2732
4844,4670,2732
4845,4671,2732
4846,4672,2732
4847,4673,2732
4848,4674,2732
4849,4675,2732
4850,4676,2732
4851,4677,2732
4852,4678,2732
4853,4679,2732
4854,4680,2732
4855,4681,2732
4856,4682,2732
4857,4683,2732
4858,4684,2732
4859,4685,2732
4860,4686,2732
4861,4687,2732
4862,4688,2732
4863,4689,2732
4864,4690,2732
4865,4691,2732
4866,4692,2732
4867,4693,2732
4868,4694,2733
4869,4695,2734
4870,4696,2735
4871,4697,2736
4872,4698,2737
4873,4699,2738
4874,4700,2739
4875,4701,2740
4876,4702,2741
4877,4703,2742
4878,4704,2743
4879,4705,2744
4880,4706,2745
4881,4707,2745
4882,4708,2745
4883,4709,2745
4884,4710,2745
4885,4711,2745
4886,4712,2745
4887,4713,2745
4888,4714,2745
4889,4715,2745
4890,4716,2745
4891,4717,2745
4892,4718,2745
4893,4719,2746
4894,4720,2747
4895,4721,2748
4896,4722,2749
4897,4723,2750
4898,4724,2751
4899,4725,2752
4900,4726,2753
4901,4727,2754
4902,4728,2755
4903,4729,2756
4904,4730,2757
4905,4731,2758
4906,4732,2759
4907,4733,2759
4908,4734,2759
4909,4735,2759
4910,4736,2759
4911,4737,2759
4912,4738,2759
4913,4739,2759
4914,4740,2759
4915,4741,2759
4916,4742,2759
4917,4743,2759
4918,4744,2759
4919,4745,2759
4920,4746,2759
4921,4747,2759
4922,4748,2759
4923,4749,2759
4924,4750,2759
4925,4751,2759
4926,4752,2759
4927,4753,2759
4928,4754,2759
4929,4755,2759
4930,4756,2759
4931,4757,2759
4932,4758,2759
4933,4759,2759
4934,4760,2759
4935,4761,2759
4936,4762,2759
4937,4763,2759
4938,4764,2759
4939,4765,2759
4940,4766,2759
4941,4767,2760
4942,4768,2761
4943,4769,2762
4944,4770,2763
4945,4771,2764
4946,4772,2765
4947,4773,2766
4948,4774,2767
4949,4775,2768
4950,4776,2769
4951,4777,2770
4952,4778,2771
4953,4779,2772
4954,4780,2773
4955,4781,2774
4956,4782,2775
4957,4783,2776
4958,4784,2777
4959,4785,2777
4960,4786,2777
4961,4787,2777
4962,4788,2777
4963,4789,2777
4964,4790,2777
4965,4791,2778
4966,4792,2779
4967,4793,2780
4968,4794,2781
4969,4795,2782
4970,4796,2783
4971,4797,2784
4972,4798,2785
4973,4799,2786
4974,4800,2787
4975,4801,2788
4976,4802,2789
4977,4803,2790
4978,4804,2791
4979,4805,2792
4980,4806,2793
4981,4807,2794
4982,4808,2795
4983,4809,2795
4984,4810,2795
4985,4811,2795
4986,4812,2795
4987,4813,2795
4988,4814,2795
4989,4815,2795
4990,4816,2795
4991,4817,2795
4992,4818,2795
4993,4819,2796
4994,4820,2797
4995,4821,2798
4996,4822,2799
4997,4823,2800
4998,4824,2801
4999,4825,2802
5000,4826,2802
5001,4827,2802
5002,4828,2802
5003,4829,2802
5004,4830,2802
5005,4831,2802
5006,4832,2802
5007,4833,2802
5008,4834,2802
5009,4835,2802
5010,4836,2802
5011,4837,2802
5012,4838,2802
5013,4839,2803
5014,4840,2804
5015,4841,2805
5016,4842,2806
5017,4843,2807
5018,4844,2808
5019,4845,2809
5020,4846,2810
5021,4847,2811
5022,4848,2811
5023,4849,2811
5024,4850,2811
5025,4851,2811
5026,4852,2811
5027,4853,2811
5028,4854,2811
5029,4855,2811
5030,4856,2811
5031,4857,2811
5032,4858,2811
5033,4859,2811
5034,4860,2811
5035,4861,2811
5036,4862,2811
5037,4863,2811
5038,4864,2811
5039,4865,2811
5040,4866,2811
5041,4867,2811
5042,4868,2811
5043,4869,2811
5044,4870,2812
5045,4871,2813
5046,4872,2814
5047,4873,2815
5048,4874,2816
5049,4875,2817
5050,4876,2818
5051,4877,2819
5052,4878,2820
5053,4879,2821
5054,4880,2822
5055,4881,2823
5056,4882,2824
5057,4883,2825
5058,4884,2826
5059,4885,2826
5060,4886,2826
5061,4887,2826
5062,4888,2826
5063,4889,2826
5064,4890,2826
5065,4891,2826
5066,4892,2826
5067,4893,2826
5068,4894,2826
5069,4895,2826
5070,4896,2826
5071,4897,2826
5072,4898,2826
5073,4899,2826
5074,4900,2826
5075,4901,2826
5076,4902,2826
5077,4903,2826
5078,4904,2826
5079,4905,2826
5080,4906,2826
5081,4907,2827
5082,4908,2828
5083,4909,2829
5084,4910,2830
5085,4911,2831
5086,4912,2832
5087,4913,2833
5088,4914,2834
5089,4915,2835
5090,4916,2836
5091,4917,2837
5092,4918,2838
5093,4919,2839
5094,4920,2840
5095,4921,2841
5096,4922,2842
5097,4923,2843
5098,4924,2844
5099,4925,2845
5100,4926,2846
5101,4927,2847
5102,4928,2848
5103,4929,2848
5104,4930,2848
5105,4931,2848
5106,4932,2848
5107,4933,2848
5108,4934,2848
5109,4935,2849
5110,4936,2850
5111,4937,2851
5112,4938,2852
5113,4939,2853
5114,4940,2854
5115,4941,2854
5116,4942,2854
5117,4943,2854
5118,4944,2854
5119,4945,2854
5120,4946,2854
5121,4947,2854
5122,4948,2854
5123,4949,2854
5124,4950,2854
5125,4951,2854
5126,4952,2854
5127,4953,2854
5128,4954,2854
5129,4955,2855
5130,4956,2856
5131,4957,2857
5132,4958,2858
5133,4959,2859
5134,4960,2860
5135,4961,2861
5136,4962,2862
5137,4963,2863
5138,4964,2864
5139,4965,2864
5140,4966,2864
5141,4967,2864
5142,4968,2864
5143,4969,2864
5144,4970,2864
5145,4971,2864
5146,4972,2864
5147,4973,2865
5148,4974,2866
5149,4975,2867
5150,4976,2868
5151,4977,2869
5152,4978,2870
5153,4979,2871
5154,4980,2872
5155,4981,2872
5156,4982,2872
5157,4983,2872
5158,4984,2872
5159,4985,2872
5160,4986,2872
5161,4987,2872
5162,4988,2872
5163,4989,2872
5164,4990,2872
5165,4991,2872
5166,4992,2872
5167,4993,2872
5168,4994,2872
5169,4995,2872
5170,4996,2872
5171,4997,2873
5172,4998,2874
5173,4999,2875
5174,5000,2876
5175,5001,2877
5176,5002,2878
5177,5003,2879
5178,5004,2880
5179,5005,2881
5180,5006,2882
5181,5007,2883
5182,5008,2883
5183,5009,2883
5184,5010,2883
5185,5011,2883
5186,5012,2883
5187,5013,2883
5188,5014,2883
5189,5015,2883
5190,5016,2884
5191,5017,2885
5192,5018,2886
5193,5019,2887
5194,5020,2888
5195,5021,2889
5196,5022,2890
5197,5023,2891
5198,5024,2892
5199,5025,2893
5200,5026,2894
5201,5027,2895
5202,5028,2895
5203,5029,2895
5204,5030,2895
5205,5031,2895
5206,5032,2895
5207,5033,2895
5208,5034,2895
5209,5035,2895
5210,5036,2895
5211,5037,2895
5212,5038,2895
5213,5039,2896
5214,5040,2897
5215,5041,2898
5216,5042,2899
5217,5043,2900
5218,5044,2901
5219,5045,2902
5220,5046,2903
5221,5047,2904
5222,5048,2905
5223,5049,2906
5224,5050,2907
5225,5051,2908
5226,5052,2909
5227,5053,2910
5228,5054,2911
5229,5055,2912
5230,5056,2912
5231,5057,2912
5232,5058,2912
5233,5059,2912
5234,5060,2912
5235,5061,2912
5236,5062,2912
5237,5063,2912
5238,5064,2912
5239,5065,2912
5240,5066,2912
5241,5067,2912
5242,5068,2912
5243,5069,2912
5244,5070,2912
5245,5071,2912
5246,5072,2912
5247,5073,2912
5248,5074,2912
5249,5075,2912
5250,5076,2912
5251,5077,2912
5252,5078,2913
5253,5079,2914
5254,5080,2915
5255,5081,2916
5256,5082,2917
5257,5083,2918
5258,5084,2919
5259,5085,2920
5260,5086,2921
5261,5087,2922
5262,5088,2923
5263,5089,2924
5264,5090,2925
5265,5091,2926
5266,5092,2927
5267,5093,2928
5268,5094,2929
5269,5095,2930
5270,5096,2930
5271,5097,2930
5272,5098,2930
5273,5099,2930
5274,5100,2930
5275,5101,2930
5276,5102,2930
5277,5103,2930
5278,5104,2930
5279,5105,2930
5280,5106,2930
5281,5107,2930
5282,5108,2930
5283,5109,2930
5284,5110,2930
5285,5111,2930
5286,5112,2930
5287,5113,2930
5288,5114,2930
5289,5115,2931
5290,5116,2932
5291,5117,2933
5292,5118,2934
5293,5119,2935
5294,5120,2936
5295,5121,2937
5296,5122,2938
5297,5123,2939
5298,5124,2940
5299,5125,2940
5300,5126,2940
5301,5127,2940
5302,5128,2940
5303,5129,2940
5304,5130,2940
5305,5131,2940
5306,5132,2940
5307,5133,2940
5308,5134,2940
5309,5135,2940
5310,5136,2940
5311,5137,2940
5312,5138,2940
5313,5139,2941
5314,5140,2942
5315,5141,2942
5316,5142,2942
5317,5143,2942
5318,5144,2942
5319,5145,2942
5320,5146,2942
5321,5147,2943
5322,5148,2944
5323,5149,2945
5324,5150,2946
5325,5151,2947
5326,5152,2948
5327,5153,2949
5328,5154,2950
5329,5155,2951
5330,5156,2952
5331,5157,2953
5332,5158,2954
5333,5159,2955
5334,5160,2956
5335,5161,2957
5336,5162,2958
5337,5163,2959
5338,5164,2960
5339,5165,2961
5340,5166,2962
5341,5167,2962
5342,5168,2962
5343,5169,2962
5344,5170,2962
5345,5171,2962
5346,5172,2962
5347,5173,2962
5348,5174,2962
5349,5175,2962
5350,5176,2962
5351,5177,2962
5352,5178,2962
5353,5179,2962
5354,5180,2962
5355,5181,2962
5356,5182,2962
5357,5183,2962
5358,5184,2962
5359,5185,2962
5360,5186,2962
5361,5187,2963
5362,5188,2964
5363,5189,2965
5364,5190,2966
5365,5191,2967
5366,5192,2968
5367,5193,2969
5368,5194,2970
5369,5195,2971
5370,5196,2972
5371,5197,2973
5372,5198,2974
5373,5199,2975
5374,5200,2976
5375,5201,2977
5376,5202,2978
5377,5203,2979
5378,5204,2980
5379,5205,2981
5380,5206,2982
5381,5207,2983
5382,5208,2984
5383,5209,2985
5384,5210,2986
5385,5211,2987
5386,5212,2988
5387,5213,2989
5388,5214,2990
5389,5215,2991
5390,5216,2992
5391,5217,2993
5392,5218,2994
5393,5219,2995
5394,5220,2996
5395,5221,2997
5396,5222,2998
5397,5223,2999
5398,5224,3000
5399,5225,3000
5400,5226,3000
5401,5227,3000
5402,5228,3000
5403,5229,3000
5404,5230,3000
5405,5231,3000
5406,5232,3000
5407,5233,3000
5408,5234,3000
5409,5235,3000
5410,5236,3000
5411,5237,3000
5412,5238,3000
5413,5239,3000
5414,5240,3000
5415,5241,3000
5416,5242,3000
5417,5243,3000
5418,5244,3000
5419,5245,3000
5420,5246,3000
5421,5247,3000
5422,5248,3000
5423,5249,3000
5424,5250,3000
5425,5251,3000
5426,5252,3000
5427,5253,3000
5428,5254,3000
5429,5255,3000
5430,5256,3000
5431,5257,3000
5432,5258,3000
5433,5259,3000
5434,5260,3000
5435,5261,3000
5436,5262,3000
5437,5263,3000
5438,5264,3000
5439,5265,3000
5440,5266,3000
5441,5267,3000
5442,5268,3000
5443,5269,3000
5444,5270,3000
5445,5271,3001
5446,5272,3002
5447,5273,3003
5448,5274,3004
5449,5275,3005
5450,5276,3006
5451,5277,3007
5452,5278,3008
5453,5279,3009
5454,5280,3010
5455,5281,3011
5456,5282,3012
5457,5283,3012
5458,5284,3012
5459,5285,3012
5460,5286,3012
5461,5287,3012
5462,5288,3012
5463,5289,3012
5464,5290,3012
5465,5291,3012
5466,5292,3012
5467,5293,3012
5468,5294,3012
5469,5295,3012
5470,5296,3012
5471,5297,3012
5472,5298,3012
5473,5299,3012
5474,5300,3013
5475,5301,3014
5476,5302,3015
5477,5303,3016
5478,5304,3017
5479,5305,3018
5480,5306,3019
5481,5307,3020
5482,5308,3021
5483,5309,3022
5484,5310,3023
5485,5311,3024
5486,5312,3025
5487,5313,3026
5488,5314,3027
5489,5315,3028
5490,5316,3029
5491,5317,3030
5492,5318,3031
5493,5319,3031
5494,5320,3032
5495,5321,3033
5496,5322,3033
5497,5323,3033
5498,5324,3033
5499,5325,3033
5500,5326,3033
5501,5327,3033
5502,5328,3033
5503,5329,3033
5504,5330,3033
5505,5331,3033
5506,5332,3033
5507,5333,3033
5508,5334,3033
5509,5335,3034
5510,5336,3035
5511,5337,3036
5512,5338,3037
5513,5339,3038
5514,5340,3039
5515,5341,3040
5516,5342,3041
5517,5343,3042
5518,5344,3043
5519,5345,3044
5520,5346,3045
5521,5347,3046
5522,5348,3047
5523,5349,3048
5524,5350,3049
5525,5351,3050
5526,5352,3051
5527,5353,3052
5528,5354,3053
5529,5355,3054
5530,5356,3055
5531,5357,3056
5532,5358,3057
5533,5359,3058
5534,5360,3059
5535,5361,3060
5536,5362,3061
5537,5363,3062
5538,5364,3063
5539,5365,3064
5540,5366,3064
5541,5367,3064
5542,5368,3064
5543,5369,3064
5544,5370,3064
5545,5371,3064
5546,5372,3064
5547,5373,3064
5548,5374,3064
5549,5375,3064
5550,5376,3064
5551,5377,3064
5552,5378,3064
5553,5379,3064
5554,5380,3064
5555,5381,3064
5556,5382,3064
5557,5383,3064
5558,5384,3064
5559,5385,3064
5560,5386,3064
5561,5387,3064
5562,5388,3064
5563,5389,3064
5564,5390,3064
5565,5391,3064
5566,5392,3064
5567,5393,3064
5568,5394,3065
5569,5395,3066
5570,5396,3067
5571,5397,3068
5572,5398,3069
5573,5399,3070
5574,5400,3071
5575,5401,3072
5576,5402,3073
5577,5403,3074
5578,5404,3075
5579,5405,3076
5580,5406,3077
5581,5407,3078
5582,5408,3079
5583,5409,3080
5584,5410,3081
5585,5411,3081
5586,5412,3081
5587,5413,3081
5588,5414,3081
5589,5415,3081
5590,5416,3081
5591,5417,3081
5592,5418,3081
5593,5419,3081
5594,5420,3081
5595,5421,3081
5596,5422,3081
5597,5423,3081
5598,5424,3081
5599,5425,3081
5600,5426,3081
5601,5427,3081
5602,5428,3081
5603,5429,3081
5604,5430,3081
5605,5431,3081
5606,5432,3081
5607,5433,3081
5608,5434,3082
5609,5435,3083
5610,5436,3084
5611,5437,3085
5612,5438,3086
5613,5439,3087
5614,5440,3088
5615,5441,3089
5616,5442,3090
5617,5443,3090
5618,5444,3090
5619,5445,3090
5620,5446,3090
5621,5447,3090
5622,5448,3090
5623,5449,3090
5624,5450,3090
5625,5451,3090
5626,5452,3090
5627,5453,3090
5628,5454,3090
5629,5455,3090
5630,5456,3090
5631,5457,3090
5632,5458,3090
5633,5459,3091
5634,5460,3092
5635,5461,3093
5636,5462,3094
5637,5463,3095
5638,5464,3096
5639,5465,3097
5640,5466,3098
5641,5467,3099
5642,5468,3100
5643,5469,3101
5644,5470,3102
5645,5471,3103
5646,5472,3103
5647,5473,3103
5648,5474,3103
5649,5475,3103
5650,5476,3103
5651,5477,3103
5652,5478,3104
5653,5479,3105
5654,5480,3106
5655,5481,3107
5656,5482,3108
5657,5483,3109
5658,5484,3110
5659,5485,3111
5660,5486,3112
5661,5487,3113
5662,5488,3114
5663,5489,3115
5664,5490,3116
5665,5491,3117
5666,5492,3118
5667,5493,3119
5668,5494,3120
5669,5495,3121
5670,5496,3121
5671,5497,3121
5672,5498,3121
5673,5499,3121
5674,5500,3121
5675,5501,3121
5676,5502,3121
5677,5503,3121
5678,5504,3121
5679,5505,3121
5680,5506,3121
5681,5507,3121
5682,5508,3121
5683,5509,3121
5684,5510,3121
5685,5511,3121
5686,5512,3121
5687,5513,3121
5688,5514,3121
5689,5515,3121
5690,5516,3121
5691,5517,3122
5692,5518,3123
5693,5519,3124
5694,5520,3125
5695,5521,3126
5696,5522,3127
5697,5523,3128
5698,5524,3129
5699,5525,3130
5700,5526,3131
5701,5527,3132
5702,5528,3133
5703,5529,3134
5704,5530,3135
5705,5531,3136
5706,5532,3137
5707,5533,3138
5708,5534,3139
5709,5535,3140
5710,5536,3141
5711,5537,3141
5712,5538,3141
5713,5539,3141
5714,5540,3141
5715,5541,3141
5716,5542,3141
5717,5543,3141
5718,5544,3141
5719,5545,3141
5720,5546,3141
5721,5547,3141
5722,5548,3141
5723,5549,3141
5724,5550,3141
5725,5551,3141
5726,5552,3141
5727,5553,3141
5728,5554,3141
5729,5555,3141
5730,5556,3141
5731,5557,3141
5732,5558,3141
5733,5559,3141
5734,5560,3141
5735,5561,3141
5736,5562,3141
5737,5563,3141
5738,5564,3141
5739,5565,3141
5740,5566,3141
5741,5567,3141
5742,5568,3141
5743,5569,3141
5744,5570,3141
5745,5571,3141
5746,5572,3141
5747,5573,3141
5748,5574,3141
5749,5575,3141
5750,5576,3141
5751,5577,3141
5752,5578,3142
5753,5579,3143
5754,5580,3144
5755,5581,3145
5756,5582,3146
5757,5583,3147
5758,5584,3148
5759,5585,3149
5760,5586,3150
5761,5587,3151
5762,5588,3152
5763,5589,3153
5764,5590,3154
5765,5591,3155
5766,5592,3156
5767,5593,3157
5768,5594,3158
5769,5595,3159
5770,5596,3160
5771,5597,3161
5772,5598,3162
5773,5599,3163
5774,5600,3164
5775,5601,3165
5776,5602,3166
5777,5603,3167
5778,5604,3168
5779,5605,3169
5780,5606,3169
5781,5607,3169
5782,5608,3169
5783,5609,3169
5784,5610,3169
5785,5611,3169
5786,5612,3169
5787,5613,3169
5788,5614,3169
5789,5615,3169
5790,5616,3169
5791,5617,3169
5792,5618,3169
5793,5619,3169
5794,5620,3169
5795,5621,3169
5796,5622,3169
5797,5623,3169
5798,5624,3169
5799,5625,3169
5800,5626,3169
5801,5627,3169
5802,5628,3170
5803,5629,3171
5804,5630,3172
5805,5631,3173
5806,5632,3174
5807,5633,3175
5808,5634,3176
5809,5635,3177
5810,5636,3178
5811,5637,3179
5812,5638,3180
5813,5639,3181
5814,5640,3182
5815,5641,3183
5816,5642,3184
5817,5643,3185
5818,5644,3185
5819,5645,3185
5820,5646,3185
5821,5647,3185
5822,5648,3185
5823,5649,3185
5824,5650,3186
5825,5651,3187
5826,5652,3188
5827,5653,3189
5828,5654,3190
5829,5655,3190
5830,5656,3190
5831,5657,3190
5832,5658,3190
5833,5659,3190
5834,5660,3191
5835,5661,3192
5836,5662,3193
5837,5663,3194
5838,5664,3195
5839,5665,3196
5840,5666,3197
5841,5667,3198
5842,5668,3199
5843,5669,3199
5844,5670,3199
5845,5671,3199
5846,5672,3199
5847,5673,3199
5848,5674,3199
5849,5675,3199
5850,5676,3199
5851,5677,3199
5852,5678,3200
5853,5679,3201
5854,5680,3202
5855,5681,3203
5856,5682,3204
5857,5683,3204
5858,5684,3204
5859,5685,3204
5860,5686,3204
5861,5687,3204
5862,5688,3205
5863,5689,3206
5864,5690,3207
5865,5691,3208
5866,5692,3208
5867,5693,3208
5868,5694,3209
5869,5695,3210
5870,5696,3211
5871,5697,3212
5872,5698,3213
5873,5699,3214
5874,5700,3215
5875,5701,3216
5876,5702,3217
5877,5703,3217
5878,5704,3217
5879,5705,3217
5880,5706,3217
5881,5707,3217
5882,5708,3217
5883,5709,3217
5884,5710,3217
5885,5711,3217
5886,5712,3217
5887,5713,3217
5888,5714,3217
5889,5715,3217
5890,5716,3217
5891,5717,3218
5892,5718,3219
5893,5719,3220
5894,5720,3221
5895,5721,3222
5896,5722,3223
5897,5723,3224
5898,5724,3225
5899,5725,3226
5900,5726,3227
5901,5727,3228
5902,5728,3228
5903,5729,3228
5904,5730,3228
5905,5731,3228
5906,5732,3228
5907,5733,3228
5908,5734,3228
5909,5735,3228
5910,5736,3228
5911,5737,3228
5912,5738,3228
5913,5739,3229
5914,5740,3230
5915,5741,3231
5916,5742,3232
5917,5743,3233
5918,5744,3234
5919,5745,3234
5920,5746,3234
5921,5747,3234
5922,5748,3234
5923,5749,3234
5924,5750,3235
5925,5751,3235
5926,5752,3236
5927,5753,3237
5928,5754,3238
5929,5755,3239
5930,5756,3240
5931,5757,3241
5932,5758,3242
5933,5759,3243
5934,5760,3244
5935,5761,3245
5936,5762,3246
5937,5763,3247
5938,5764,3248
5939,5765,3249
5940,5766,3250
5941,5767,3251
5942,5768,3252
5943,5769,3253
5944,5770,3254
5945,5771,3255
5946,5772,3256
5947,5773,3257
5948,5774,3258
5949,5775,3259
5950,5776,3260
5951,5777,3261
5952,5778,3262
5953,5779,3263
5954,5780,3264
5955,5781,3265
5956,5782,3266
5957,5783,3267
5958,5784,3268
5959,5785,3269
5960,5786,3270
5961,5787,3271
5962,5788,3272
5963,5789,3273
5964,5790,3274
5965,5791,3275
5966,5792,3276
5967,5793,3277
5968,5794,3278
5969,5795,3279
5970,5796,3280
5971,5797,3281
5972,5798,3282
5973,5799,3282
5974,5800,3282
5975,5801,3282
5976,5802,3282
5977,5803,3282
5978,5804,3282
5979,5805,3282
5980,5806,3282
5981,5807,3282
5982,5808,3282
5983,5809,3282
5984,5810,3282
5985,5811,3282
5986,5812,3282
5987,5813,3282
5988,5814,3282
5989,5815,3282
5990,5816,3282
5991,5817,3282
5992,5818,3282
5993,5819,3282
5994,5820,3282
5995,5821,3282
5996,5822,3282
5997,5823,3282
5998,5824,3282
5999,5825,3282
6000,5826,3282
6001,5827,3282
6002,5828,3282
6003,5829,3282
6004,5830,3282
6005,5831,3282
6006,5832,3282
6007,5833,3282
6008,5834,3282
6009,5835,3282
6010,5836,3282
6011,5837,3282
6012,5838,3282
6013,5839,3282
6014,5840,3282
6015,5841,3282
6016,5842,3282
6017,5843,3282
6018,5844,3282
6019,5845,3282
6020,5846,3282
6021,5847,3282
6022,5848,3282
6023,5849,3282
6024,5850,3282
6025,5851,3282
6026,5852,3282
6027,5853,3282
6028,5854,3282
6029,5855,3282
6030,5856,3282
6031,5857,3282
6032,5858,3282
6033,5859,3282
6034,5860,3282
6035,5861,3282
6036,5862,3282
6037,5863,3282
6038,5864,3282
6039,5865,3282
6040,5866,3282
6041,5867,3282
6042,5868,3282
6043,5869,3282
6044,5870,3282
6045,5871,3282
6046,5872,3282
6047,5873,3282
6048,5874,3282
6049,5875,3282
6050,5876,3282
6051,5877,3282
6052,5878,3282
6053,5879,3282
6054,5880,3282
6055,5881,3282
6056,5882,3282
6057,5883,3282
6058,5884,3282
6059,5885,3282
6060,5886,3282
6061,5887,3282
6062,5888,3282
6063,5889,3282
6064,5890,3282
6065,5891,3282
6066,5892,3282
6067,5893,3283
6068,5894,3284
6069,5895,3285
6070,5896,3286
6071,5897,3287
6072,5898,3288
6073,5899,3289
6074,5900,3290
6075,5901,3291
6076,5902,3292
6077,5903,3293
6078,5904,3294
6079,5905,3295
6080,5906,3296
6081,5907,3297
6082,5908,3298
6083,5909,3299
6084,5910,3300
6085,5911,3301
6086,5912,3302
6087,5913,3303
6088,5914,3304
6089,5915,3305
6090,5916,3306
6091,5917,3307
6092,5918,3308
6093,5919,3309
6094,5920,3310
6095,5921,3311
6096,5922,3312
6097,5923,3313
6098,5924,3314
6099,5925,3315
6100,5926,3316
6101,5927,3317
6102,5928,3318
6103,5929,3319
6104,5930,3320
6105,5931,3321
6106,5932,3322
6107,5933,3323
6108,5934,3324
6109,5935,3325
6110,5936,3326
6111,5937,3327
6112,5938,3328
6113,5939,3329
6114,5940,3330
6115,5941,3331
6116,5942,3332
6117,5943,3333
6118,5944,3334
6119,5945,3335
6120,5946,3336
6121,5947,3337
6122,5948,3338
6123,5949,3339
6124,5950,3340
6125,5951,3341
6126,5952,3342
6127,5953,3343
6128,5954,3344
6129,5955,3345
6130,5956,3346
6131,5957,3347
6132,5958,3348
6133,5959,3349
6134,5960,3350
6135,5961,3351
6136,5962,3352
6137,5963,3353
6138,5964,3354
6139,5965,3355
6140,5966,3356
6141,5967,3357
6142,5968,3358
6143,5969,3359
6144,5970,3360
6145,5971,3361
6146,5972,3362
6147,5973,3363
6148,5974,3364
6149,5975,3365
6150,5976,3366
6151,5977,3367
6152,5978,3368
6153,5979,3369
6154,5980,3370
6155,5981,3371
6156,5982,3372
6157,5983,3373
6158,5984,3374
6159,5985,3375
6160,5986,3376
6161,5987,3377
6162,5988,3378
6163,5989,3379
6164,5990,3380
6165,5991,3381
6166,5992,3382
6167,5993,3383
6168,5994,3384
6169,5995,3385
6170,5996,3386
6171,5997,3387
6172,5998,3388
6173,5999,3389
6174,6000,3390
6175,6001,3391
6176,6002,3392
6177,6003,3393
6178,6004,3394
6179,6005,3395
6180,6006,3396
6181,6007,3397
6182,6008,3398
6183,6009,3399
6184,6010,3400
6185,6011,3401
6186,6012,3402
6187,6013,3403
6188,6014,3404
6189,6015,3405
6190,6016,3405
6191,6017,3405
6192,6018,3405
6193,6019,3405
6194,6020,3405
6195,6021,3405
6196,6022,3405
6197,6023,3405
6198,6024,3405
6199,6025,3405
6200,6026,3405
6201,6027,3405
6202,6028,3405
6203,6029,3405
6204,6030,3405
6205,6031,3405
6206,6032,3405
6207,6033,3405
6208,6034,3405
6209,6035,3405
6210,6036,3405
6211,6037,3405
6212,6038,3405
6213,6039,3405
6214,6040,3405
6215,6041,3405
6216,6042,3405
6217,6043,3405
6218,6044,3405
6219,6045,3405
6220,6046,3405
6221,6047,3405
6222,6048,3405
6223,6049,3405
6224,6050,3405
6225,6051,3405
6226,6052,3406
6227,6053,3407
6228,6054,3408
6229,6055,3409
6230,6056,3410
6231,6057,3411
6232,6058,3412
6233,6059,3413
6234,6060,3414
6235,6061,3415
6236,6062,3416
6237,6063,3417
6238,6064,3417
6239,6065,3417
6240,6066,3417
6241,6067,3417
6242,6068,3417
6243,6069,3417
6244,6070,3417
6245,6071,3417
6246,6072,3417
6247,6073,3417
6248,6074,3417
6249,6075,3417
6250,6076,3417
6251,6077,3417
6252,6078,3417
6253,6079,3418
6254,6080,3419
6255,6081,3420
6256,6082,3421
6257,6083,3422
6258,6084,3423
6259,6085,3423
6260,6086,3423
6261,6087,3423
6262,6088,3423
6263,6089,3423
6264,6090,3423
6265,6091,3423
6266,6092,3423
6267,6093,3423
6268,6094,3423
6269,6095,3423
6270,6096,3423
6271,6097,3423
6272,6098,3423
6273,6099,3423
6274,6100,3423
6275,6101,3423
6276,6102,3423
6277,6103,3424
6278,6104,3425
6279,6105,3426
6280,6106,3427
6281,6107,3428
6282,6108,3429
6283,6109,3430
6284,6110,3431
6285,6111,3432
6286,6112,3433
6287,6113,3434
6288,6114,3435
6289,6115,3436
6290,6116,3437
6291,6117,3438
6292,6118,3439
6293,6119,3440
6294,6120,3441
6295,6121,3442
6296,6122,3443
6297,6123,3444
6298,6124,3445
6299,6125,3446
6300,6126,3447
6301,6127,3448
6302,6128,3449
6303,6129,3450
6304,6130,3451
6305,6131,3452
6306,6132,3453
6307,6133,3454
6308,6134,3455
6309,6135,3456
6310,6136,3457
6311,6137,3458
6312,6138,3459
6313,6139,3460
6314,6140,3461
6315,6141,3462
6316,6142,3463
6317,6143,3463
6318,6144,3463
6319,6145,3463
6320,6146,3463
6321,6147,3463
6322,6148,3463
6323,6149,3463
6324,6150,3463
6325,6151,3463
6326,6152,3463
6327,6153,3464
6328,6154,3465
6329,6155,3466
6330,6156,3467
6331,6157,3468
6332,6158,3469
6333,6159,3470
6334,6160,3471
6335,6161,3472
6336,6162,3473
6337,6163,3474
6338,6164,3475
6339,6165,3476
6340,6166,3477
6341,6167,3477
6342,6168,3477
6343,6169,3477
6344,6170,3477
6345,6171,3477
6346,6172,3477
6347,6173,3477
6348,6174,3477
6349,6175,3477
6350,6176,3477
6351,6177,3478
6352,6178,3479
6353,6179,3480
6354,6180,3481
6355,6181,3482
6356,6182,3483
6357,6183,3484
6358,6184,3485
6359,6185,3486
6360,6186,3487
6361,6187,3488
6362,6188,3489
6363,6189,3490
6364,6190,3490
6365,6191,3490
6366,6192,3490
6367,6193,3490
6368,6194,3490
6369,6195,3490
6370,6196,3490
6371,6197,3490
6372,6198,3490
6373,6199,3491
6374,6200,3492
6375,6201,3493
6376,6202,3494
6377,6203,3495
6378,6204,3496
6379,6205,3497
6380,6206,3498
6381,6207,3499
6382,6208,3500
6383,6209,3501
6384,6210,3502
6385,6211,3503
6386,6212,3504
6387,6213,3505
6388,6214,3506
6389,6215,3507
6390,6216,3508
6391,6217,3508
6392,6218,3508
6393,6219,3508
6394,6220,3508
6395,6221,3508
6396,6222,3508
6397,6223,3508
6398,6224,3508
6399,6225,3508
6400,6226,3508
6401,6227,3508
6402,6228,3508
6403,6229,3508
6404,6230,3508
6405,6231,3508
6406,6232,3508
6407,6233,3508
6408,6234,3508
6409,6235,3508
6410,6236,3508
6411,6237,3508
6412,6238,3508
6413,6239,3509
6414,6240,3510
6415,6241,3511
6416,6242,3512
6417,6243,3512
6418,6244,3512
6419,6245,3512
6420,6246,3512
6421,6247,3512
6422,6248,3512
6423,6249,3512
6424,6250,3512
6425,6251,3512
6426,6252,3512
6427,6253,3512
6428,6254,3512
6429,6255,3512
6430,6256,3512
6431,6257,3512
6432,6258,3512
6433,6259,3512
6434,6260,3512
6435,6261,3512
6436,6262,3512
6437,6263,3513
6438,6264,3514
6439,6265,3515
6440,6266,3516
6441,6267,3517
6442,6268,3518
6443,6269,3519
6444,6270,3520
6445,6271,3521
6446,6272,3522
6447,6273,3523
6448,6274,3524
6449,6275,3525
6450,6276,3526
6451,6277,3527
6452,6278,3528
6453,6279,3529
6454,6280,3530
6455,6281,3531
6456,6282,3532
6457,6283,3533
6458,6284,3534
6459,6285,3535
6460,6286,3536
6461,6287,3537
6462,6288,3538
6463,6289,3538
6464,6290,3538
6465,6291,3538
6466,6292,3538
6467,6293,3538
6468,6294,3538
6469,6295,3538
6470,6296,3538
6471,6297,3538
6472,6298,3538
6473,6299,3539
6474,6300,3540
6475,6301,3541
6476,6302,3541
6477,6303,3541
6478,6304,3541
6479,6305,3541
6480,6306,3541
6481,6307,3541
6482,6308,3541
6483,6309,3541
6484,6310,3541
6485,6311,3541
6486,6312,3541
6487,6313,3541
6488,6314,3542
6489,6315,3543
6490,6316,3544
6491,6317,3545
6492,6318,3546
6493,6319,3547
6494,6320,3548
6495,6321,3549
6496,6322,3550
6497,6323,3551
6498,6324,3552
6499,6325,3553
6500,6326,3553
6501,6327,3553
6502,6328,3553
6503,6329,3553
6504,6330,3553
6505,6331,3553
6506,6332,3553
6507,6333,3554
6508,6334,3555
6509,6335,3556
6510,6336,3557
6511,6337,3558
6512,6338,3559
6513,6339,3560
6514,6340,3561
6515,6341,3562
6516,6342,3562
6517,6343,3562
6518,6344,3562
6519,6345,3562
6520,6346,3562
6521,6347,3562
6522,6348,3562
6523,6349,3562
6524,6350,3562
6525,6351,3562
6526,6352,3562
6527,6353,3562
6528,6354,3562
6529,6355,3562
6530,6356,3562
6531,6357,3562
6532,6358,3563
6533,6359,3564
6534,6360,3565
6535,6361,3566
6536,6362,3567
6537,6363,3568
6538,6364,3569
6539,6365,3570
6540,6366,3571
6541,6367,3572
6542,6368,3573
6543,6369,3574
6544,6370,3575
6545,6371,3576
6546,6372,3577
6547,6373,3578
6548,6374,3579
6549,6375,3579
6550,6376,3579
6551,6377,3579
6552,6378,3579
6553,6379,3579
6554,6380,3580
6555,6381,3580
6556,6382,3580
6557,6383,3580
6558,6384,3580
6559,6385,3580
6560,6386,3580
6561,6387,3580
6562,6388,3580
6563,6389,3580
6564,6390,3580
6565,6391,3580
6566,6392,3580
6567,6393,3580
6568,6394,3580
6569,6395,3580
6570,6396,3581
6571,6397,3582
6572,6398,3583
6573,6399,3584
6574,6400,3585
6575,6401,3586
6576,6402,3587
6577,6403,3588
6578,6404,3589
6579,6405,3590
6580,6406,3591
6581,6407,3592
6582,6408,3593
6583,6409,3594
6584,6410,3595
6585,6411,3596
6586,6412,3597
6587,6413,3598
6588,6414,3599
6589,6415,3599
6590,6416,3599
6591,6417,3599
6592,6418,3599
6593,6419,3599
6594,6420,3599
6595,6421,3599
6596,6422,3599
6597,6423,3599
6598,6424,3599
6599,6425,3599
6600,6426,3599
6601,6427,3599
6602,6428,3599
6603,6429,3599
6604,6430,3599
6605,6431,3599
6606,6432,3599
6607,6433,3599
6608,6434,3599
6609,6435,3599
6610,6436,3599
6611,6437,3599
6612,6438,3599
6613,6439,3600
6614,6440,3601
6615,6441,3602
6616,6442,3603
6617,6443,3604
6618,6444,3605
6619,6445,3606
6620,6446,3607
6621,6447,3608
6622,6448,3609
6623,6449,3610
6624,6450,3611
6625,6451,3612
6626,6452,3613
6627,6453,3614
6628,6454,3615
6629,6455,3616
6630,6456,3617
6631,6457,3617
6632,6458,3617
6633,6459,3617
6634,6460,3617
6635,6461,3617
6636,6462,3617
6637,6463,3617
6638,6464,3617
6639,6465,3617
6640,6466,3617
6641,6467,3617
6642,6468,3617
6643,6469,3617
6644,6470,3617
6645,6471,3617
6646,6472,3617
6647,6473,3617
6648,6474,3617
6649,6475,3617
6650,6476,3618
6651,6477,3619
6652,6478,3620
6653,6479,3621
6654,6480,3622
6655,6481,3623
6656,6482,3624
6657,6483,3624
6658,6484,3624
6659,6485,3624
6660,6486,3624
6661,6487,3624
6662,6488,3624
6663,6489,3624
6664,6490,3624
6665,6491,3624
6666,6492,3624
6667,6493,3624
6668,6494,3624
6669,6495,3625
6670,6496,3626
6671,6497,3627
6672,6498,3628
6673,6499,3629
6674,6500,3630
6675,6501,3630
6676,6502,3630
6677,6503,3630
6678,6504,3630
6679,6505,3630
6680,6506,3631
6681,6507,3632
6682,6508,3633
6683,6509,3634
6684,6510,3635
6685,6511,3636
6686,6512,3637
6687,6513,3638
6688,6514,3639
6689,6515,3640
6690,6516,3641
6691,6517,3642
6692,6518,3643
6693,6519,3644
6694,6520,3645
6695,6521,3646
6696,6522,3647
6697,6523,3648
6698,6524,3649
6699,6525,3650
6700,6526,3651
6701,6527,3652
6702,6528,3653
6703,6529,3654
6704,6530,3655
6705,6531,3656
6706,6532,3657
6707,6533,3657
6708,6534,3657
6709,6535,3657
6710,6536,3657
6711,6537,3657
6712,6538,3657
6713,6539,3657
6714,6540,3657
6715,6541,3657
6716,6542,3657
6717,6543,3657
6718,6544,3657
6719,6545,3657
6720,6546,3657
6721,6547,3657
6722,6548,3657
6723,6549,3657
6724,6550,3657
6725,6551,3657
6726,6552,3657
6727,6553,3657
6728,6554,3657
6729,6555,3657
6730,6556,3657
6731,6557,3658
6732,6558,3659
6733,6559,3660
6734,6560,3661
6735,6561,3662
6736,6562,3663
6737,6563,3664
6738,6564,3665
6739,6565,3666
6740,6566,3666
6741,6567,3666
6742,6568,3666
6743,6569,3666
6744,6570,3666
6745,6571,3666
6746,6572,3666
6747,6573,3666
6748,6574,3666
6749,6575,3666
6750,6576,3666
6751,6577,3666
6752,6578,3666
6753,6579,3666
6754,6580,3666
6755,6581,3666
6756,6582,3666
6757,6583,3666
6758,6584,3666
6759,6585,3666
6760,6586,3666
6761,6587,3666
6762,6588,3666
6763,6589,3666
6764,6590,3666
6765,6591,3666
6766,6592,3666
6767,6593,3666
6768,6594,3666
6769,6595,3666
6770,6596,3666
6771,6597,3666
6772,6598,3666
6773,6599,3666
6774,6600,3666
6775,6601,3666
6776,6602,3666
6777,6603,3666
6778,6604,3666
6779,6605,3666
6780,6606,3666
6781,6607,3666
6782,6608,3666
6783,6609,3666
6784,6610,3667
6785,6611,3668
6786,6612,3669
6787,6613,3670
6788,6614,3671
6789,6615,3672
6790,6616,3673
6791,6617,3674
6792,6618,3675
6793,6619,3676
6794,6620,3677
6795,6621,3678
6796,6622,3679
6797,6623,3680
6798,6624,3681
6799,6625,3682
6800,6626,3683
6801,6627,3684
6802,6628,3685
6803,6629,3686
6804,6630,3687
6805,6631,3688
6806,6632,3689
6807,6633,3690
6808,6634,3691
6809,6635,3692
6810,6636,3693
6811,6637,3694
6812,6638,3695
6813,6639,3696
6814,6640,3697
6815,6641,3698
6816,6642,3699
6817,6643,3700
6818,6644,3701
6819,6645,3702
6820,6646,3703
6821,6647,3704
6822,6648,3705
6823,6649,3706
6824,6650,3707
6825,6651,3708
6826,6652,3709
6827,6653,3710
6828,6654,3711
6829,6655,3712
6830,6656,3713
6831,6657,3714
6832,6658,3715
6833,6659,3715
6834,6660,3715
6835,6661,3715
6836,6662,3715
6837,6663,3715
6838,6664,3715
6839,6665,3715
6840,6666,3715
6841,6667,3715
6842,6668,3715
6843,6669,3715
6844,6670,3715
6845,6671,3715
6846,6672,3715
6847,6673,3715
6848,6674,3715
6849,6675,3715
6850,6676,3715
6851,6677,3715
6852,6678,3715
6853,6679,3715
6854,6680,3715
6855,6681,3715
6856,6682,3715
6857,6683,3715
6858,6684,3715
6859,6685,3716
6860,6686,3717
6861,6687,3718
6862,6688,3719
6863,6689,3720
6864,6690,3721
6865,6691,3722
6866,6692,3723
6867,6693,3724
6868,6694,3725
6869,6695,3726
6870,6696,3727
6871,6697,3728
6872,6698,3729
6873,6699,3730
6874,6700,3731
6875,6701,3732
6876,6702,3732
6877,6703,3732
6878,6704,3732
6879,6705,3732
6880,6706,3732
6881,6707,3732
6882,6708,3732
6883,6709,3732
6884,6710,3732
6885,6711,3732
6886,6712,3732
6887,6713,3732
6888,6714,3732
6889,6715,3732
6890,6716,3732
6891,6717,3732
6892,6718,3732
6893,6719,3733
6894,6720,3734
6895,6721,3735
6896,6722,3736
6897,6723,3737
6898,6724,3738
6899,6725,3739
6900,6726,3740
6901,6727,3741
6902,6728,3742
6903,6729,3743
6904,6730,3744
6905,6731,3745
6906,6732,3746
6907,6733,3747
6908,6734,3748
6909,6735,3749
6910,6736,3750
6911,6737,3751
6912,6738,3752
6913,6739,3753
6914,6740,3754
6915,6741,3754
6916,6742,3754
6917,6743,3754
6918,6744,3754
6919,6745,3754
6920,6746,3754
6921,6747,3754
6922,6748,3754
6923,6749,3754
6924,6750,3754
6925,6751,3754
6926,6752,3754
6927,6753,3754
6928,6754,3754
6929,6755,3754
6930,6756,3754
6931,6757,3754
6932,6758,3754
6933,6759,3754
6934,6760,3754
6935,6761,3754
6936,6762,3754
6937,6763,3754
6938,6764,3754
6939,6765,3754
6940,6766,3754
6941,6767,3755
6942,6768,3756
6943,6769,3757
6944,6770,3758
6945,6771,3759
6946,6772,3760
6947,6773,3761
6948,6774,3762
6949,6775,3763
6950,6776,3764
6951,6777,3765
6952,6778,3766
6953,6779,3767
6954,6780,3768
6955,6781,3769
6956,6782,3770
6957,6783,3770
6958,6784,3770
6959,6785,3770
6960,6786,3770
6961,6787,3770
6962,6788,3770
6963,6789,3770
6964,6790,3770
6965,6791,3770
6966,6792,3770
6967,6793,3770
6968,6794,3770
6969,6795,3770
6970,6796,3771
6971,6797,3772
6972,6798,3773
6973,6799,3774
6974,6800,3775
6975,6801,3776
6976,6802,3777
6977,6803,3778
6978,6804,3778
6979,6805,3778
6980,6806,3778
6981,6807,3778
6982,6808,3778
6983,6809,3778
6984,6810,3778
6985,6811,3778
6986,6812,3778
6987,6813,3779
6988,6814,3780
6989,6815,3781
6990,6816,3782
6991,6817,3783
6992,6818,3784
6993,6819,3785
6994,6820,3786
6995,6821,3787
6996,6822,3788
6997,6823,3788
6998,6824,3788
6999,6825,3788
7000,6826,3788
7001,6827,3788
7002,6828,3788
7003,6829,3788
7004,6830,3788
7005,6831,3788
7006,6832,3788
7007,6833,3788
7008,6834,3789
7009,6835,3790
7010,6836,3791
7011,6837,3792
7012,6838,3793
7013,6839,3794
7014,6840,3795
7015,6841,3795
7016,6842,3795
7017,6843,3795
7018,6844,3795
7019,6845,3795
7020,6846,3795
7021,6847,3795
7022,6848,3795
7023,6849,3795
7024,6850,3795
7025,6851,3795
7026,6852,3795
7027,6853,3795
7028,6854,3795
7029,6855,3795
7030,6856,3795
7031,6857,3795
7032,6858,3795
7033,6859,3795
7034,6860,3795
7035,6861,3795
7036,6862,3795
7037,6863,3795
7038,6864,3796
7039,6865,3797
7040,6866,3798
7041,6867,3799
7042,6868,3800
7043,6869,3801
7044,6870,3802
7045,6871,3803
7046,6872,3804
7047,6873,3805
7048,6874,3806
7049,6875,3807
7050,6876,3808
7051,6877,3809
7052,6878,3810
7053,6879,3811
7054,6880,3812
7055,6881,3813
7056,6882,3814
7057,6883,3815
7058,6884,3816
7059,6885,3817
7060,6886,3818
7061,6887,3819
7062,6888,3820
7063,6889,3821
7064,6890,3822
7065,6891,3823
7066,6892,3824
7067,6893,3825
7068,6894,3825
7069,6895,3825
7070,6896,3825
7071,6897,3825
7072,6898,3825
7073,6899,3825
7074,6900,3825
7075,6901,3825
7076,6902,3825
7077,6903,3825
7078,6904,3825
7079,6905,3825
7080,6906,3825
7081,6907,3825
7082,6908,3825
7083,6909,3825
7084,6910,3825
7085,6911,3825
7086,6912,3825
7087,6913,3825
7088,6914,3825
7089,6915,3826
7090,6916,3827
7091,6917,3828
7092,6918,3829
7093,6919,3830
7094,6920,3831
7095,6921,3832
7096,6922,3833
7097,6923,3834
7098,6924,3835
7099,6925,3836
7100,6926,3837
7101,6927,3838
7102,6928,3839
7103,6929,3839
7104,6930,3839
7105,6931,3839
7106,6932,3839
7107,6933,3839
7108,6934,3839
7109,6935,3839
7110,6936,3839
7111,6937,3839
7112,6938,3840
7113,6939,3841
7114,6940,3842
7115,6941,3842
7116,6942,3842
7117,6943,3842
7118,6944,3842
7119,6945,3842
7120,6946,3842
7121,6947,3842
7122,6948,3842
7123,6949,3842
7124,6950,3842
7125,6951,3842
7126,6952,3842
7127,6953,3842
7128,6954,3842
7129,6955,3843
7130,6956,3844
7131,6957,3845
7132,6958,3846
7133,6959,3847
7134,6960,3848
7135,6961,3849
7136,6962,3850
7137,6963,3851
7138,6964,3852
7139,6965,3853
7140,6966,3853
7141,6967,3853
7142,6968,3853
7143,6969,3853
7144,6970,3853
7145,6971,3853
7146,6972,3853
7147,6973,3853
7148,6974,3853
7149,6975,3854
7150,6976,3855
7151,6977,3856
7152,6978,3857
7153,6979,3858
7154,6980,3859
7155,6981,3860
7156,6982,3861
7157,6983,3861
7158,6984,3861
7159,6985,3861
7160,6986,3861
7161,6987,3861
7162,6988,3861
7163,6989,3861
7164,6990,3861
7165,6991,3861
7166,6992,3861
7167,6993,3861
7168,6994,3861
7169,6995,3861
7170,6996,3861
7171,6997,3861
7172,6998,3861
7173,6999,3862
7174,7000,3863
7175,7001,3864
7176,7002,3865
7177,7003,3866
7178,7004,3867
7179,7005,3868
7180,7006,3869
7181,7007,3870
7182,7008,3871
7183,7009,3871
7184,7010,3871
7185,7011,3871
7186,7012,3871
7187,7013,3872
7188,7014,3873
7189,7015,3874
7190,7016,3875
7191,7017,3876
7192,7018,3877
7193,7019,3878
7194,7020,3879
7195,7021,3880
7196,7022,3881
7197,7023,3881
7198,7024,3881
7199,7025,3881
7200,7026,3881
7201,7027,3881
7202,7028,3881
7203,7029,3881
7204,7030,3881
7205,7031,3881
7206,7032,3881
7207,7033,3881
7208,7034,3881
7209,7035,3881
7210,7036,3881
7211,7037,3882
7212,7038,3883
7213,7039,3884
7214,7040,3885
7215,7041,3886
7216,7042,3887
7217,7043,3888
7218,7044,3889
7219,7045,3890
7220,7046,3891
7221,7047,3892
7222,7048,3893
7223,7049,3894
7224,7050,3895
7225,7051,3896
7226,7052,3897
7227,7053,3898
7228,7054,3899
7229,7055,3899
7230,7056,3899
7231,7057,3899
7232,7058,3899
7233,7059,3899
7234,7060,3899
7235,7061,3899
7236,7062,3899
7237,7063,3899
7238,7064,3899
7239,7065,3899
7240,7066,3899
7241,7067,3899
7242,7068,3899
7243,7069,3899
7244,7070,3899
7245,7071,3899
7246,7072,3899
7247,7073,3899
7248,7074,3899
7249,7075,3899
7250,7076,3899
7251,7077,3900
7252,7078,3901
7253,7079,3902
7254,7080,3903
7255,7081,3904
7256,7082,3905
7257,7083,3906
7258,7084,3907
7259,7085,3908
7260,7086,3909
7261,7087,3909
7262,7088,3909
7263,7089,3909
7264,7090,3909
7265,7091,3909
7266,7092,3909
7267,7093,3909
7268,7094,3909
7269,7095,3909
7270,7096,3909
7271,7097,3909
7272,7098,3909
7273,7099,3909
7274,7100,3909
7275,7101,3909
7276,7102,3909
7277,7103,3909
7278,7104,3909
7279,7105,3909
7280,7106,3909
7281,7107,3910
7282,7108,3911
7283,7109,3912
7284,7110,3913
7285,7111,3914
7286,7112,3915
7287,7113,3916
7288,7114,3917
7289,7115,3918
7290,7116,3919
7291,7117,3920
7292,7118,3921
7293,7119,3922
7294,7120,3923
7295,7121,3924
7296,7122,3925
7297,7123,3926
7298,7124,3927
7299,7125,3927
7300,7126,3927
7301,7127,3927
7302,7128,3927
7303,7129,3927
7304,7130,3927
7305,7131,3927
7306,7132,3927
7307,7133,3927
7308,7134,3927
7309,7135,3927
7310,7136,3927
7311,7137,3927
7312,7138,3928
7313,7139,3929
7314,7140,3930
7315,7141,3931
7316,7142,3932
7317,7143,3933
7318,7144,3934
7319,7145,3935
7320,7146,3936
7321,7147,3937
7322,7148,3938
7323,7149,3939
7324,7150,3940
7325,7151,3941
7326,7152,3941
7327,7153,3941
7328,7154,3941
7329,7155,3941
7330,7156,3941
7331,7157,3941
7332,7158,3941
7333,7159,3941
7334,7160,3942
7335,7161,3943
7336,7162,3944
7337,7163,3945
7338,7164,3946
7339,7165,3947
7340,7166,3948
7341,7167,3949
7342,7168,3950
7343,7169,3951
7344,7170,3952
7345,7171,3953
7346,7172,3954
7347,7173,3954
7348,7174,3954
7349,7175,3954
7350,7176,3954
7351,7177,3954
7352,7178,3954
7353,7179,3954
7354,7180,3954
7355,7181,3954
7356,7182,3954
7357,7183,3954
7358,7184,3954
7359,7185,3954
7360,7186,3954
7361,7187,3954
7362,7188,3954
7363,7189,3954
7364,7190,3954
7365,7191,3954
7366,7192,3954
7367,7193,3954
7368,7194,3954
7369,7195,3955
7370,7196,3956
7371,7197,3957
7372,7198,3958
7373,7199,3959
7374,7200,3960
7375,7201,3961
7376,7202,3962
7377,7203,3963
7378,7204,3964
7379,7205,3965
7380,7206,3966
7381,7207,3967
7382,7208,3968
7383,7209,3969
7384,7210,3970
7385,7211,3971
7386,7212,3972
7387,7213,3973
7388,7214,3974
7389,7215,3975
7390,7216,3976
7391,7217,3977
7392,7218,3978
7393,7219,3979
7394,7220,3980
7395,7221,3981
7396,7222,3982
7397,7223,3983
7398,7224,3984
7399,7225,3985
7400,7226,3986
7401,7227,3987
7402,7228,3987
7403,7229,3987
7404,7230,3987
7405,7231,3987
7406,7232,3987
7407,7233,3987
7408,7234,3987
7409,7235,3987
7410,7236,3987
7411,7237,3987
7412,7238,3987
7413,7239,3987
7414,7240,3987
7415,7241,3987
7416,7242,3987
7417,7243,3987
7418,7244,3987
7419,7245,3987
7420,7246,3987
7421,7247,3987
7422,7248,3987
7423,7249,3987
7424,7250,3987
7425,7251,3987
7426,7252,3987
7427,7253,3987
7428,7254,3987
7429,7255,3987
7430,7256,3987
7431,7257,3987
7432,7258,3987
7433,7259,3987
7434,7260,3987
7435,7261,3987
7436,7262,3987
7437,7263,3987
7438,7264,3987
7439,7265,3987
7440,7266,3987
7441,7267,3987
7442,7268,3987
7443,7269,3987
7444,7270,3987
7445,7271,3987
7446,7272,3987
7447,7273,3987
7448,7274,3987
7449,7275,3987
7450,7276,3987
7451,7277,3988
7452,7278,3989
7453,7279,3990
7454,7280,3991
7455,7281,3992
7456,7282,3993
7457,7283,3994
7458,7284,3995
7459,7285,3996
7460,7286,3996
7461,7287,3996
7462,7288,3996
7463,7289,3996
7464,7290,3996
7465,7291,3996
7466,7292,3996
7467,7293,3996
7468,7294,3996
7469,7295,3996
7470,7296,3996
7471,7297,3996
7472,7298,3996
7473,7299,3996
7474,7300,3997
7475,7301,3998
7476,7302,3999
7477,7303,4000
7478,7304,4001
7479,7305,4002
7480,7306,4003
7481,7307,4004
7482,7308,4005
7483,7309,4006
7484,7310,4006
7485,7311,4006
7486,7312,4006
7487,7313,4007
7488,7314,4008
7489,7315,4009
7490,7316,4010
7491,7317,4011
7492,7318,4012
7493,7319,4013
7494,7320,4014
7495,7321,4015
7496,7322,4015
7497,7323,4015
7498,7324,4015
7499,7325,4015
7500,7326,4015
7501,7327,4015
7502,7328,4015
7503,7329,4015
7504,7330,4015
7505,7331,4015
7506,7332,4015
7507,7333,4015
7508,7334,4015
7509,7335,4015
7510,7336,4015
7511,7337,4015
7512,7338,4015
7513,7339,4015
7514,7340,4015
7515,7341,4015
7516,7342,4015
7517,7343,4015
7518,7344,4015
7519,7345,4016
7520,7346,4017
7521,7347,4018
7522,7348,4019
7523,7349,4020
7524,7350,4021
7525,7351,4022
7526,7352,4023
7527,7353,4024
7528,7354,4025
7529,7355,4026
7530,7356,4027
7531,7357,4028
7532,7358,4029
7533,7359,4030
7534,7360,4031
7535,7361,4032
7536,7362,4033
7537,7363,4033
7538,7364,4033
7539,7365,4033
7540,7366,4033
7541,7367,4033
7542,7368,4033
7543,7369,4033
7544,7370,4033
7545,7371,4033
7546,7372,4033
7547,7373,4033
7548,7374,4033
7549,7375,4033
7550,7376,4033
7551,7377,4033
7552,7378,4033
7553,7379,4033
7554,7380,4033
7555,7381,4033
7556,7382,4033
7557,7383,4033
7558,7384,4033
7559,7385,4033
7560,7386,4033
7561,7387,4033
7562,7388,4034
7563,7389,4035
7564,7390,4036
7565,7391,4037
7566,7392,4038
7567,7393,4039
7568,7394,4040
7569,7395,4041
7570,7396,4042
7571,7397,4043
7572,7398,4044
7573,7399,4045
7574,7400,4046
7575,7401,4047
7576,7402,4048
7577,7403,4049
7578,7404,4050
7579,7405,4051
7580,7406,4052
7581,7407,4053
7582,7408,4054
7583,7409,4055
7584,7410,4056
7585,7411,4056
7586,7412,4056
7587,7413,4056
7588,7414,4056
7589,7415,4056
7590,7416,4056
7591,7417,4056
7592,7418,4056
7593,7419,4056
7594,7420,4056
7595,7421,4056
7596,7422,4056
7597,7423,4056
7598,7424,4056
7599,7425,4056
7600,7426,4056
7601,7427,4056
7602,7428,4056
7603,7429,4056
7604,7430,4056
7605,7431,4056
7606,7432,4057
7607,7433,4058
7608,7434,4059
7609,7435,4060
7610,7436,4061
7611,7437,4062
7612,7438,4063
7613,7439,4064
7614,7440,4065
7615,7441,4066
7616,7442,4067
7617,7443,4067
7618,7444,4067
7619,7445,4067
7620,7446,4067
7621,7447,4067
7622,7448,4067
7623,7449,4067
7624,7450,4067
7625,7451,4067
7626,7452,4067
7627,7453,4068
7628,7454,4069
7629,7455,4070
7630,7456,4071
7631,7457,4072
7632,7458,4073
7633,7459,4074
7634,7460,4075
7635,7461,4076
7636,7462,4077
7637,7463,4077
7638,7464,4077
7639,7465,4077
7640,7466,4077
7641,7467,4077
7642,7468,4077
7643,7469,4077
7644,7470,4077
7645,7471,4077
7646,7472,4077
7647,7473,4077
7648,7474,4078
7649,7475,4079
7650,7476,4080
7651,7477,4081
7652,7478,4082
7653,7479,4083
7654,7480,4084
7655,7481,4085
7656,7482,4086
7657,7483,4086
7658,7484,4086
7659,7485,4086
7660,7486,4086
7661,7487,4086
7662,7488,4086
7663,7489,4086
7664,7490,4086
7665,7491,4086
7666,7492,4086
7667,7493,4086
7668,7494,4086
7669,7495,4086
7670,7496,4086
7671,7497,4086
7672,7498,4086
7673,7499,4086
7674,7500,4086
7675,7501,4086
7676,7502,4086
7677,7503,4086
7678,7504,4086
7679,7505,4086
7680,7506,4086
7681,7507,4087
7682,7508,4088
7683,7509,4089
7684,7510,4090
7685,7511,4091
7686,7512,4092
7687,7513,4093
7688,7514,4094
7689,7515,4095
7690,7516,4096
7691,7517,4097
7692,7518,4098
7693,7519,4099
7694,7520,4100
7695,7521,4101
7696,7522,4102
7697,7523,4103
7698,7524,4104
7699,7525,4105
7700,7526,4106
7701,7527,4107
7702,7528,4108
7703,7529,4109
7704,7530,4110
7705,7531,4111
7706,7532,4112
7707,7533,4113
7708,7534,4114
7709,7535,4115
7710,7536,4116
7711,7537,4117
7712,7538,4118
7713,7539,4118
7714,7540,4118
7715,7541,4118
7716,7542,4118
7717,7543,4118
7718,7544,4118
7719,7545,4118
7720,7546,4118
7721,7547,4118
7722,7548,4118
7723,7549,4118
7724,7550,4118
7725,7551,4118
7726,7552,4118
7727,7553,4118
7728,7554,4118
7729,7555,4118
7730,7556,4118
7731,7557,4118
7732,7558,4118
7733,7559,4118
7734,7560,4118
7735,7561,4118
7736,7562,4118
7737,7563,4118
7738,7564,4118
7739,7565,4118
7740,7566,4118
7741,7567,4118
7742,7568,4118
7743,7569,4118
7744,7570,4118
7745,7571,4118
7746,7572,4118
7747,7573,4118
7748,7574,4118
7749,7575,4118
7750,7576,4118
7751,7577,4118
7752,7578,4118
7753,7579,4118
7754,7580,4119
7755,7581,4120
7756,7582,4121
7757,7583,4122
7758,7584,4123
7759,7585,4124
7760,7586,4125
7761,7587,4126
7762,7588,4127
7763,7589,4128
7764,7590,4129
7765,7591,4130
7766,7592,4131
7767,7593,4132
7768,7594,4133
7769,7595,4134
7770,7596,4135
7771,7597,4136
7772,7598,4137
7773,7599,4138
7774,7600,4139
7775,7601,4140
7776,7602,4140
7777,7603,4140
7778,7604,4140
7779,7605,4140
7780,7606,4140
7781,7607,4140
7782,7608,4140
7783,7609,4140
7784,7610,4140
7785,7611,4140
7786,7612,4140
7787,7613,4140
7788,7614,4140
7789,7615,4140
7790,7616,4140
7791,7617,4140
7792,7618,4140
7793,7619,4140
7794,7620,4140
7795,7621,4140
7796,7622,4140
7797,7623,4140
7798,7624,4140
7799,7625,4140
7800,7626,4140
7801,7627,4140
7802,7628,4140
7803,7629,4140
7804,7630,4141
7805,7631,4142
7806,7632,4143
7807,7633,4143
7808,7634,4143
7809,7635,4144
7810,7636,4145
7811,7637,4146
7812,7638,4147
7813,7639,4148
7814,7640,4149
7815,7641,4150
7816,7642,4151
7817,7643,4151
7818,7644,4151
7819,7645,4151
7820,7646,4151
7821,7647,4151
7822,7648,4151
7823,7649,4151
7824,7650,4152
7825,7651,4153
7826,7652,4154
7827,7653,4154
7828,7654,4154
7829,7655,4154
7830,7656,4154
7831,7657,4154
7832,7658,4154
7833,7659,4155
7834,7660,4156
7835,7660,4157
7836,7660,4158
7837,7661,4159
7838,7662,4160
7839,7663,4161
7840,7664,4162
7841,7665,4163
7842,7666,4164
7843,7667,4165
7844,7668,4166
7845,7669,4167
7846,7670,4168
7847,7671,4169
7848,7672,4169
7849,7673,4169
7850,7674,4169
7851,7675,4169
7852,7676,4169
7853,7677,4169
7854,7678,4169
7855,7679,4170
7856,7680,4171
7857,7681,4172
7858,7682,4173
7859,7683,4174
7860,7684,4175
7861,7685,4176
7862,7686,4177
7863,7687,4177
7864,7688,4177
7865,7689,4177
7866,7690,4177
7867,7691,4177
7868,7692,4177
7869,7693,4177
7870,7694,4177
7871,7695,4177
7872,7696,4177
7873,7697,4177
7874,7698,4177
7875,7699,4177
7876,7700,4177
7877,7701,4177
7878,7702,4177
7879,7703,4177
7880,7704,4177
7881,7705,4177
7882,7706,4177
7883,7707,4177
7884,7708,4177
7885,7709,4177
7886,7710,4177
7887,7711,4177
7888,7712,4177
7889,7713,4177
7890,7714,4177
7891,7715,4177
7892,7716,4177
7893,7717,4178
7894,7718,4179
7895,7719,4180
7896,7720,4181
7897,7721,4182
7898,7722,4183
7899,7723,4184
7900,7724,4185
7901,7725,4186
7902,7726,4187
7903,7727,4188
7904,7728,4189
7905,7729,4190
7906,7730,4191
7907,7731,4192
7908,7732,4192
7909,7733,4192
7910,7734,4192
7911,7735,4192
7912,7736,4192
7913,7737,4192
7914,7738,4192
7915,7739,4192
7916,7740,4192
7917,7741,4192
7918,7742,4192
7919,7743,4192
7920,7744,4192
7921,7745,4192
7922,7746,4192
7923,7747,4192
7924,7748,4192
7925,7749,4192
7926,7750,4192
7927,7751,4192
7928,7752,4192
7929,7753,4192
7930,7754,4192
7931,7755,4193
7932,7756,4194
7933,7757,4195
7934,7758,4196
7935,7759,4197
7936,7760,4198
7937,7761,4199
7938,7762,4200
7939,7763,4201
7940,7764,4202
7941,7765,4203
7942,7766,4203
7943,7767,4203
7944,7768,4203
7945,7769,4203
7946,7770,4203
7947,7771,4203
7948,7772,4203
7949,7773,4203
7950,7774,4203
7951,7775,4203
7952,7776,4203
7953,7777,4203
7954,7778,4203
7955,7779,4204
7956,7780,4205
7957,7781,4206
7958,7782,4207
7959,7783,4208
7960,7784,4209
7961,7785,4209
7962,7786,4209
7963,7787,4209
7964,7788,4209
7965,7789,4210
7966,7790,4211
7967,7791,4211
7968,7792,4211
7969,7793,4211
7970,7794,4211
7971,7795,4211
7972,7796,4211
7973,7797,4211
7974,7798,4211
7975,7799,4211
7976,7800,4212
7977,7801,4213
7978,7802,4214
7979,7803,4215
7980,7804,4216
7981,7805,4217
7982,7806,4218
7983,7807,4219
7984,7808,4220
7985,7809,4221
7986,7810,4222
7987,7811,4223
7988,7812,4224
7989,7813,4225
7990,7814,4225
7991,7815,4225
7992,7816,4225
7993,7817,4225
7994,7818,4225
7995,7819,4225
7996,7820,4226
7997,7821,4227
7998,7822,4228
7999,7823,4228
8000,7824,4228
8001,7825,4228
8002,7826,4228
8003,7827,4228
8004,7828,4229
8005,7829,4230
8006,7830,4231
8007,7831,4232
8008,7832,4233
8009,7833,4233
8010,7834,4233
8011,7835,4233
8012,7836,4233
8013,7837,4233
8014,7838,4233
8015,7839,4234
8016,7840,4235
8017,7841,4236
8018,7842,4236
8019,7843,4236
8020,7844,4236
8021,7845,4236
8022,7846,4236
8023,7847,4236
8024,7848,4236
8025,7849,4236
8026,7850,4236
8027,7851,4236
8028,7852,4236
8029,7853,4236
8030,7854,4236
8031,7855,4237
8032,7856,4238
8033,7857,4239
8034,7858,4240
8035,7859,4241
8036,7860,4242
8037,7861,4243
8038,7862,4244
8039,7863,4245
8040,7864,4245
8041,7865,4245
8042,7866,4245
8043,7867,4245
8044,7868,4245
8045,7869,4245
8046,7870,4245
8047,7871,4245
8048,7872,4245
8049,7873,4245
8050,7874,4245
8051,7875,4245
8052,7876,4245
8053,7877,4245
8054,7878,4246
8055,7879,4247
8056,7880,4248
8057,7881,4249
8058,7882,4250
8059,7883,4251
8060,7884,4252
8061,7885,4253
8062,7886,4254
8063,7887,4255
8064,7888,4256
8065,7889,4257
8066,7890,4258
8067,7891,4259
8068,7892,4260
8069,7893,4260
8070,7894,4260
8071,7895,4260
8072,7896,4260
8073,7897,4260
8074,7898,4260
8075,7899,4260
8076,7900,4260
8077,7901,4260
8078,7902,4260
8079,7903,4260
8080,7904,4260
8081,7905,4260
8082,7906,4260
8083,7907,4260
8084,7908,4260
8085,7909,4261
8086,7910,4262
8087,7911,4263
8088,7912,4264
8089,7913,4265
8090,7914,4266
8091,7915,4267
8092,7916,4268
8093,7917,4269
8094,7918,4270
8095,7919,4271
8096,7920,4272
8097,7921,4273
8098,7922,4274
8099,7923,4275
8100,7924,4276
8101,7925,4277
8102,7926,4278
8103,7927,4279
8104,7928,4280
8105,7929,4281
8106,7930,4282
8107,7931,4283
8108,7932,4284
8109,7933,4285
8110,7934,4286
8111,7935,4287
8112,7936,4288
8113,7937,4289
8114,7938,4290
8115,7939,4291
8116,7940,4292
8117,7941,4293
8118,7942,4294
8119,7943,4295
8120,7944,4296
8121,7945,4297
8122,7946,4298
8123,7947,4299
8124,7948,4300
8125,7949,4301
8126,7950,4302
8127,7951,4303
8128,7952,4304
8129,7953,4305
8130,7954,4306
8131,7955,4307
8132,7956,4308
8133,7957,4309
8134,7958,4310
8135,7959,4310
8136,7960,4310
8137,7961,4310
8138,7962,4310
8139,7963,4310
8140,7964,4310
8141,7965,4310
8142,7966,4310
8143,7967,4310
8144,7968,4310
8145,7969,4310
8146,7970,4310
8147,7971,4310
8148,7972,4310
8149,7973,4310
8150,7974,4310
8151,7975,4310
8152,7976,4310
8153,7977,4310
8154,7978,4310
8155,7979,4310
8156,7980,4310
8157,7981,4310
8158,7982,4310
8159,7983,4310
8160,7984,4310
8161,7985,4310
8162,7986,4310
8163,7987,4310
8164,7988,4310
8165,7989,4310
8166,7990,4310
8167,7991,4310
8168,7992,4310
8169,7993,4310
8170,7994,4310
8171,7995,4310
8172,7996,4310
8173,7997,4310
8174,7998,4310
8175,7999,4310
8176,8000,4310
8177,8001,4310
8178,8002,4310
8179,8003,4310
8180,8004,4310
8181,8005,4310
8182,8006,4310
8183,8007,4310
8184,8008,4310
8185,8009,4310
8186,8010,4310
8187,8011,4310
8188,8012,4310
8189,8013,4310
8190,8014,4310
8191,8015,4310
8192,8016,4310
8193,8017,4310
8194,8018,4310
8195,8019,4310
8196,8020,4310
8197,8021,4310
8198,8022,4310
8199,8023,4310
8200,8024,4310
8201,8025,4310
8202,8026,4310
8203,8027,4310
8204,8028,4310
8205,8029,4310
8206,8030,4310
8207,8031,4310
8208,8032,4310
8209,8033,4310
8210,8034,4310
8211,8035,4310
8212,8036,4310
8213,8037,4310
8214,8038,4310
8215,8039,4310
8216,8040,4310
8217,8041,4310
8218,8042,4310
8219,8043,4310
8220,8044,4310
8221,8045,4310
8222,8046,4310
8223,8047,4310
8224,8048,4310
8225,8049,4310
8226,8050,4310
8227,8051,4310
8228,8052,4310
8229,8053,4311
8230,8054,4312
8231,8055,4313
8232,8056,4314
8233,8057,4315
8234,8058,4316
8235,8059,4317
8236,8060,4318
8237,8061,4319
8238,8062,4320
8239,8063,4321
8240,8064,4322
8241,8065,4323
8242,8066,4324
8243,8067,4325
8244,8068,4326
8245,8069,4327
8246,8070,4328
8247,8071,4329
8248,8072,4330
8249,8073,4331
8250,8074,4332
8251,8075,4333
8252,8076,4334
8253,8077,4335
8254,8078,4336
8255,8079,4337
8256,8080,4338
8257,8081,4339
8258,8082,4340
8259,8083,4341
8260,8084,4342
8261,8085,4343
8262,8086,4343
8263,8087,4343
8264,8088,4343
8265,8089,4343
8266,8090,4343
8267,8091,4343
8268,8092,4343
8269,8093,4343
8270,8094,4343
8271,8095,4343
8272,8096,4343
8273,8097,4343
8274,8098,4343
8275,8099,4343
8276,8100,4343
8277,8101,4343
8278,8102,4343
8279,8103,4343
8280,8104,4343
8281,8105,4343
8282,8106,4343
8283,8107,4343
8284,8108,4343
8285,8109,4343
8286,8110,4343
8287,8111,4343
8288,8112,4343
8289,8113,4343
8290,8114,4343
8291,8115,4343
8292,8116,4343
8293,8117,4343
8294,8118,4343
8295,8119,4343
8296,8120,4343
8297,8121,4343
8298,8122,4343
8299,8123,4343
8300,8124,4343
8301,8125,4343
8302,8126,4343
8303,8127,4343
8304,8128,4343
8305,8129,4343
8306,8130,4343
8307,8131,4343
8308,8132,4343
8309,8133,4343
8310,8134,4343
8311,8135,4343
8312,8136,4343
8313,8137,4344
8314,8138,4345
8315,8139,4346
8316,8140,4347
8317,8141,4348
8318,8142,4349
8319,8143,4350
8320,8144,4351
8321,8145,4352
8322,8146,4353
8323,8147,4354
8324,8148,4355
8325,8149,4356
8326,8150,4357
8327,8151,4358
8328,8152,4359
8329,8153,4360
8330,8154,4361
8331,8155,4362
8332,8156,4363
8333,8157,4364
8334,8158,4365
8335,8159,4366
8336,8160,4367
8337,8161,4368
8338,8162,4369
8339,8163,4370
8340,8164,4371
8341,8165,4372
8342,8166,4373
8343,8167,4374
8344,8168,4375
8345,8169,4376
8346,8170,4377
8347,8171,4378
8348,8172,4379
8349,8173,4380
8350,8174,4381
8351,8175,4382
8352,8176,4383
8353,8177,4383
8354,8178,4383
8355,8179,4383
8356,8180,4383
8357,8181,4383
8358,8182,4383
8359,8183,4383
8360,8184,4383
8361,8185,4383
8362,8186,4383
8363,8187,4383
8364,8188,4383
8365,8189,4383
8366,8190,4383
8367,8191,4383
8368,8192,4383
8369,8193,4383
8370,8194,4383
8371,8195,4383
8372,8196,4383
8373,8197,4383
8374,8198,4383
8375,8199,4383
8376,8200,4383
8377,8201,4383
8378,8202,4383
8379,8203,4383
8380,8204,4383
8381,8205,4383
8382,8206,4383
8383,8207,4383
8384,8208,4383
8385,8209,4383
8386,8210,4383
8387,8211,4383
8388,8212,4383
8389,8213,4383
8390,8214,4383
8391,8215,4383
8392,8216,4383
8393,8217,4383
8394,8218,4383
8395,8219,4384
8396,8220,4385
8397,8221,4386
8398,8222,4387
8399,8223,4388
8400,8224,4389
8401,8225,4390
8402,8226,4391
8403,8227,4392
8404,8228,4393
8405,8229,4394
8406,8230,4394
8407,8231,4395
8408,8232,4396
8409,8233,4397
8410,8234,4398
8411,8235,4399
8412,8236,4400
8413,8237,4401
8414,8238,4402
8415,8239,4403
8416,8240,4404
8417,8241,4405
8418,8242,4406
8419,8243,4407
8420,8244,4408
8421,8245,4409
8422,8246,4410
8423,8247,4411
8424,8248,4412
8425,8249,4413
8426,8250,4414
8427,8251,4414
8428,8252,4414
8429,8253,4414
8430,8254,4414
8431,8255,4414
8432,8256,4414
8433,8257,4414
8434,8258,4414
8435,8259,4414
8436,8260,4414
8437,8261,4414
8438,8262,4414
8439,8263,4414
8440,8264,4414
8441,8265,4414
8442,8266,4414
8443,8267,4414
8444,8268,4414
8445,8269,4414
8446,8270,4414
8447,8271,4414
8448,8272,4414
8449,8273,4414
8450,8274,4414
8451,8275,4414
8452,8276,4414
8453,8277,4414
8454,8278,4414
8455,8279,4414
8456,8280,4414
8457,8281,4414
8458,8282,4414
8459,8283,4414
8460,8284,4414
8461,8285,4414
8462,8286,4414
8463,8287,4414
8464,8288,4414
8465,8289,4414
8466,8290,4414
8467,8291,4414
8468,8292,4414
8469,8293,4414
8470,8294,4414
8471,8295,4414
8472,8296,4414
8473,8297,4414
8474,8298,4414
8475,8299,4414
8476,8300,4414
8477,8301,4414
8478,8302,4414
8479,8303,4414
8480,8304,4414
8481,8305,4414
8482,8306,4414
8483,8307,4414
8484,8308,4414
8485,8309,4414
8486,8310,4414
8487,8311,4414
8488,8312,4414
8489,8313,4414
8490,8314,4414
8491,8315,4414
8492,8316,4414
8493,8317,4414
8494,8318,4414
8495,8319,4414
8496,8320,4414
8497,8321,4414
8498,8322,4414
8499,8323,4414
8500,8324,4414
8501,8325,4414
8502,8326,4414
8503,8327,4414
8504,8328,4414
8505,8329,4414
8506,8330,4414
8507,8331,4414
8508,8332,4414
8509,8333,4414
8510,8334,4414
8511,8335,4414
8512,8336,4414
8513,8337,4414
8514,8338,4414
8515,8339,4414
8516,8340,4414
8517,8341,4414
8518,8342,4414
8519,8343,4414
8520,8344,4414
8521,8345,4414
8522,8346,4414
8523,8347,4414
8524,8348,4414
8525,8349,4414
8526,8350,4414
8527,8351,4414
8528,8352,4414
8529,8353,4414
8530,8354,4414
8531,8355,4414
8532,8356,4414
8533,8357,4414
8534,8358,4414
8535,8359,4414
8536,8360,4414
8537,8361,4414
8538,8362,4414
8539,8363,4414
8540,8364,4414
8541,8365,4414
8542,8366,4414
8543,8367,4414
8544,8368,4414
8545,8369,4414
8546,8370,4414
8547,8371,4414
8548,8372,4414
8549,8373,4414
8550,8374,4414
8551,8375,4414
8552,8376,4414
8553,8377,4414
8554,8378,4414
8555,8379,4415
8556,8380,4416
8557,8381,4417
8558,8382,4418
8559,8383,4418
8560,8384,4418
8561,8385,4418
8562,8386,4418
8563,8387,4418
8564,8388,4418
8565,8389,4419
8566,8390,4420
8567,8391,4421
8568,8392,4422
8569,8393,4423
8570,8394,4424
8571,8395,4425
8572,8396,4426
8573,8397,4427
8574,8398,4428
8575,8399,4429
8576,8400,4430
8577,8401,4431
8578,8402,4432
8579,8403,4433
8580,8404,4434
8581,8405,4435
8582,8406,4436
8583,8407,4437
8584,8408,4438
8585,8409,4438
8586,8410,4438
8587,8411,4438
8588,8412,4438
8589,8413,4438
8590,8414,4438
8591,8415,4439
8592,8416,4440
8593,8417,4441
8594,8418,4442
8595,8419,4443
8596,8420,4444
8597,8421,4445
8598,8422,4446
8599,8423,4447
8600,8424,4448
8601,8425,4449
8602,8426,4450
8603,8427,4451
8604,8428,4452
8605,8429,4453
8606,8430,4454
8607,8431,4455
8608,8432,4456
8609,8433,4457
8610,8434,4458
8611,8435,4459
8612,8436,4460
8613,8437,4461
8614,8438,4462
8615,8439,4463
8616,8440,4464
8617,8441,4465
8618,8442,4466
8619,8443,4467
8620,8444,4468
8621,8445,4469
8622,8446,4470
8623,8447,4471
8624,8448,4471
8625,8449,4471
8626,8450,4471
8627,8451,4471
8628,8452,4471
8629,8453,4471
8630,8454,4471
8631,8455,4471
8632,8456,4471
8633,8457,4471
8634,8458,4471
8635,8459,4472
8636,8460,4473
8637,8461,4474
8638,8462,4475
8639,8463,4476
8640,8464,4477
8641,8465,4478
8642,8466,4479
8643,8467,4480
8644,8468,4481
8645,8469,4482
8646,8470,4483
8647,8471,4484
8648,8472,4485
8649,8473,4486
8650,8474,4487
8651,8475,4488
8652,8476,4489
8653,8477,4490
8654,8478,4491
8655,8479,4492
8656,8480,4493
8657,8481,4494
8658,8482,4495
8659,8483,4496
8660,8484,4497
8661,8485,4498
8662,8486,4499
8663,8487,4500
8664,8488,4501
8665,8489,4502
8666,8490,4503
8667,8491,4504
8668,8492,4505
8669,8493,4506
8670,8494,4507
8671,8495,4507
8672,8496,4507
8673,8497,4507
8674,8498,4507
8675,8499,4507
8676,8500,4507
8677,8501,4507
8678,8502,4507
8679,8503,4507
8680,8504,4507
8681,8505,4507
8682,8506,4507
8683,8507,4507
8684,8508,4507
8685,8509,4507
8686,8510,4507
8687,8511,4507
8688,8512,4507
8689,8513,4507
8690,8514,4507
8691,8515,4507
8692,8516,4507
8693,8517,4507
8694,8518,4508
8695,8519,4509
8696,8520,4510
8697,8521,4511
8698,8522,4512
8699,8523,4513
8700,8524,4513
8701,8525,4513
8702,8526,4513
8703,8527,4513
8704,8528,4513
8705,8529,4513
8706,8530,4513
8707,8531,4513
8708,8532,4513
8709,8533,4513
8710,8534,4513
8711,8535,4513
8712,8536,4513
8713,8537,4513
8714,8538,4513
8715,8539,4514
8716,8540,4515
8717,8541,4516
8718,8542,4517
8719,8543,4518
8720,8544,4519
8721,8545,4519
8722,8546,4519
8723,8547,4519
8724,8548,4519
8725,8549,4519
8726,8550,4519
8727,8551,4519
8728,8552,4519
8729,8553,4519
8730,8554,4520
8731,8555,4521
8732,8556,4522
8733,8557,4523
8734,8558,4524
8735,8559,4525
8736,8560,4526
8737,8561,4527
8738,8562,4528
8739,8563,4529
8740,8564,4530
8741,8565,4531
8742,8566,4532
8743,8567,4533
8744,8568,4534
8745,8569,4534
8746,8570,4534
8747,8571,4534
8748,8572,4534
8749,8573,4534
8750,8574,4534
8751,8575,4534
8752,8576,4534
8753,8577,4534
8754,8578,4534
8755,8579,4534
8756,8580,4535
8757,8581,4535
8758,8582,4535
8759,8583,4535
8760,8584,4535
8761,8585,4535
8762,8586,4535
8763,8587,4535
8764,8588,4535
8765,8589,4535
8766,8590,4535
8767,8591,4535
8768,8592,4535
8769,8593,4535
8770,8594,4535
8771,8595,4535
8772,8596,4535
8773,8597,4535
8774,8598,4535
8775,8599,4536
8776,8600,4537
8777,8601,4537
8778,8602,4537
8779,8603,4537
8780,8604,4537
8781,8605,4537
8782,8606,4537
8783,8607,4537
8784,8608,4537
8785,8609,4537
8786,8610,4537
8787,8611,4537
8788,8612,4537
8789,8613,4537
8790,8614,4537
8791,8615,4537
8792,8616,4537
8793,8617,4537
8794,8618,4538
8795,8619,4539
8796,8620,4540
8797,8621,4541
8798,8622,4542
8799,8623,4542
8800,8624,4542
8801,8625,4542
8802,8626,4542
8803,8627,4542
8804,8628,4542
8805,8629,4543
8806,8630,4544
8807,8631,4545
8808,8632,4546
8809,8633,4547
8810,8634,4548
8811,8635,4549
8812,8636,4550
8813,8637,4551
8814,8638,4552
8815,8639,4553
8816,8640,4554
8817,8641,4555
8818,8642,4556
8819,8643,4557
8820,8644,4558
8821,8645,4558
8822,8646,4558
8823,8647,4558
8824,8648,4558
8825,8649,4558
8826,8650,4558
8827,8651,4558
8828,8652,4558
8829,8653,4558
8830,8654,4558
8831,8655,4558
8832,8656,4558
8833,8657,4558
8834,8658,4558
8835,8659,4558
8836,8660,4558
8837,8661,4558
8838,8662,4558
8839,8663,4558
8840,8664,4558
8841,8665,4558
8842,8666,4558
8843,8667,4558
8844,8668,4558
8845,8669,4559
8846,8670,4560
8847,8671,4561
8848,8672,4562
8849,8673,4563
8850,8674,4564
8851,8675,4565
8852,8676,4566
8853,8677,4567
8854,8678,4568
8855,8679,4569
8856,8680,4570
8857,8681,4571
8858,8682,4572
8859,8683,4572
8860,8684,4572
8861,8685,4572
8862,8686,4572
8863,8687,4572
8864,8688,4572
8865,8689,4572
8866,8690,4572
8867,8691,4572
8868,8692,4572
8869,8693,4573
8870,8694,4574
8871,8695,4575
8872,8696,4576
8873,8697,4577
8874,8698,4578
8875,8699,4579
8876,8700,4580
8877,8701,4581
8878,8702,4582
8879,8703,4583
8880,8704,4584
8881,8705,4585
8882,8706,4586
8883,8707,4587
8884,8708,4588
8885,8709,4589
8886,8710,4590
8887,8711,4591
8888,8712,4592
8889,8713,4593
8890,8714,4594
8891,8715,4595
8892,8716,4596
8893,8717,4597
8894,8718,4598
8895,8719,4599
8896,8720,4600
8897,8721,4601
8898,8722,4601
8899,8723,4601
8900,8724,4601
8901,8725,4601
8902,8726,4601
8903,8727,4601
8904,8728,4601
8905,8729,4601
8906,8730,4601
8907,8731,4601
8908,8732,4601
8909,8733,4601
8910,8734,4601
8911,8735,4601
8912,8736,4601
8913,8737,4601
8914,8738,4601
8915,8739,4601
8916,8740,4601
8917,8741,4601
8918,8742,4601
8919,8743,4601
8920,8744,4601
8921,8745,4601
8922,8746,4601
8923,8747,4601
8924,8748,4601
8925,8749,4601
8926,8750,4601
8927,8751,4601
8928,8752,4601
8929,8753,4601
8930,8754,4601
8931,8755,4601
8932,8756,4601
8933,8757,4601
8934,8758,4601
8935,8759,4601
8936,8760,4602
8937,8761,4603
8938,8762,4604
8939,8763,4605
8940,8764,4606
8941,8765,4606
8942,8766,4606
8943,8767,4606
8944,8768,4606
8945,8769,4606
8946,8770,4606
8947,8771,4606
8948,8772,4606
8949,8773,4606
8950,8774,4606
8951,8775,4606
8952,8776,4606
8953,8777,4606
8954,8778,4606
8955,8779,4606
8956,8780,4606
8957,8781,4606
8958,8782,4606
8959,8783,4606
8960,8784,4606
8961,8785,4606
8962,8786,4606
8963,8787,4606
8964,8788,4606
8965,8789,4606
8966,8790,4606
8967,8791,4606
8968,8792,4606
8969,8793,4606
8970,8794,4606
8971,8795,4606
8972,8796,4607
8973,8797,4608
8974,8798,4609
8975,8799,4610
8976,8800,4611
8977,8801,4612
8978,8802,4613
8979,8803,4614
8980,8804,4615
8981,8805,4616
8982,8806,4617
8983,8807,4618
8984,8808,4619
8985,8809,4620
8986,8810,4621
8987,8811,4622
8988,8812,4623
8989,8813,4624
8990,8814,4625
8991,8815,4626
8992,8816,4627
8993,8817,4628
8994,8818,4629
8995,8819,4630
8996,8820,4630
8997,8821,4630
8998,8822,4630
8999,8823,4630
9000,8824,4630
9001,8825,4630
9002,8826,4630
9003,8827,4630
9004,8828,4630
9005,8829,4630
9006,8830,4630
9007,8831,4630
9008,8832,4630
9009,8833,4630
9010,8834,4630
9011,8835,4630
9012,8836,4630
9013,8837,4630
9014,8838,4630
9015,8839,4630
9016,8840,4630
9017,8841,4630
9018,8842,4630
9019,8843,4630
9020,8844,4630
9021,8845,4630
9022,8846,4630
9023,8847,4630
9024,8848,4630
9025,8849,4630
9026,8850,4630
9027,8851,4630
9028,8852,4630
9029,8853,4630
9030,8854,4630
9031,8855,4630
9032,8856,4630
9033,8857,4630
9034,8858,4630
9035,8859,4630
9036,8860,4630
9037,8861,4630
9038,8862,4630
9039,8863,4630
9040,8864,4630
9041,8865,4630
9042,8866,4630
9043,8867,4630
9044,8868,4630
9045,8869,4631
9046,8870,4632
9047,8871,4633
9048,8872,4634
9049,8873,4635
9050,8874,4636
9051,8875,4637
9052,8876,4638
9053,8877,4639
9054,8878,4640
9055,8879,4641
9056,8880,4642
9057,8881,4643
9058,8882,4644
9059,8883,4645
9060,8884,4646
9061,8885,4647
9062,8886,4648
9063,8887,4649
9064,8888,4650
9065,8889,4651
9066,8890,4651
9067,8891,4651
9068,8892,4651
9069,8893,4651
9070,8894,4651
9071,8895,4651
9072,8896,4651
9073,8897,4651
9074,8898,4651
9075,8899,4651
9076,8900,4651
9077,8901,4651
9078,8902,4651
9079,8903,4651
9080,8904,4651
9081,8905,4651
9082,8906,4651
9083,8907,4651
9084,8908,4651
9085,8909,4651
9086,8910,4651
9087,8911,4651
9088,8912,4651
9089,8913,4651
9090,8914,4651
9091,8915,4651
9092,8916,4651
9093,8917,4651
9094,8918,4651
9095,8919,4651
9096,8920,4651
9097,8921,4651
9098,8922,4651
9099,8923,4651
9100,8924,4651
9101,8925,4651
9102,8926,4651
9103,8927,4651
9104,8928,4651
9105,8929,4651
9106,8930,4651
9107,8931,4651
9108,8932,4651
9109,8933,4651
9110,8934,4651
9111,8935,4651
9112,8936,4651
9113,8937,4652
9114,8938,4653
9115,8939,4654
9116,8940,4655
9117,8941,4656
9118,8942,4657
9119,8943,4657
9120,8944,4657
9121,8945,4657
9122,8946,4657
9123,8947,4657
9124,8948,4657
9125,8949,4657
9126,8950,4657
9127,8951,4657
9128,8952,4657
9129,8953,4657
9130,8954,4657
9131,8955,4657
9132,8956,4657
9133,8957,4657
9134,8958,4657
9135,8959,4657
9136,8960,4658
9137,8961,4658
9138,8962,4658
9139,8963,4658
9140,8964,4658
9141,8965,4658
9142,8966,4658
9143,8967,4658
9144,8968,4658
9145,8969,4658
9146,8970,4658
9147,8971,4658
9148,8972,4658
9149,8973,4658
9150,8974,4658
9151,8975,4658
9152,8976,4658
9153,8977,4658
9154,8978,4658
9155,8979,4658
9156,8980,4658
9157,8981,4658
9158,8982,4658
9159,8983,4658
9160,8984,4658
9161,8985,4658
9162,8986,4658
9163,8987,4658
9164,8988,4658
9165,8989,4658
9166,8990,4658
9167,8991,4658
9168,8992,4658
9169,8993,4658
9170,8994,4658
9171,8995,4658
9172,8996,4659
9173,8997,4660
9174,8998,4661
9175,8999,4662
9176,9000,4663
9177,9001,4664
9178,9002,4665
9179,9003,4666
9180,9004,4667
9181,9005,4668
9182,9006,4669
9183,9007,4670
9184,9008,4671
9185,9009,4672
9186,9010,4673
9187,9011,4674
9188,9012,4675
9189,9013,4676
9190,9014,4677
9191,9015,4678
9192,9016,4679
9193,9017,4680
9194,9018,4681
9195,9019,4682
9196,9020,4683
9197,9021,4684
9198,9022,4685
9199,9023,4686
9200,9024,4687
9201,9025,4688
9202,9026,4689
9203,9027,4690
9204,9028,4691
9205,9029,4692
9206,9030,4693
9207,9031,4694
9208,9032,4695
9209,9033,4696
9210,9034,4697
9211,9035,4698
9212,9036,4699
9213,9037,4700
9214,9038,4701
9215,9039,4702
9216,9040,4703
9217,9041,4704
9218,9042,4704
9219,9043,4704
9220,9044,4704
9221,9045,4704
9222,9046,4704
9223,9047,4704
9224,9048,4704
9225,9049,4704
9226,9050,4704
9227,9051,4704
9228,9052,4704
9229,9053,4704
9230,9054,4704
9231,9055,4705
9232,9056,4706
9233,9057,4707
9234,9058,4708
9235,9059,4709
9236,9060,4710
9237,9061,4711
9238,9062,4712
9239,9063,4713
9240,9064,4714
9241,9065,4714
9242,9066,4714
9243,9067,4714
9244,9068,4714
9245,9069,4714
9246,9070,4714
9247,9071,4714
9248,9072,4714
9249,9073,4714
9250,9074,4714
9251,9075,4714
9252,9076,4714
9253,9077,4714
9254,9078,4715
9255,9079,4716
9256,9080,4717
9257,9081,4718
9258,9082,4719
9259,9083,4720
9260,9084,4721
9261,9085,4722
9262,9086,4723
9263,9087,4724
9264,9088,4725
9265,9089,4726
9266,9090,4726
9267,9091,4726
9268,9092,4726
9269,9093,4726
9270,9094,4726
9271,9095,4726
9272,9096,4726
9273,9097,4726
9274,9098,4726
9275,9099,4726
9276,9100,4726
9277,9101,4726
9278,9102,4726
9279,9103,4726
9280,9104,4726
9281,9105,4726
9282,9106,4726
9283,9107,4726
9284,9108,4726
9285,9109,4726
9286,9110,4726
9287,9111,4726
9288,9112,4726
9289,9113,4726
9290,9114,4726
9291,9115,4726
9292,9116,4727
9293,9117,4728
9294,9118,4729
9295,9119,4730
9296,9120,4731
9297,9121,4732
9298,9122,4733
9299,9123,4734
9300,9124,4735
9301,9125,4736
9302,9126,4737
9303,9127,4738
9304,9128,4739
9305,9129,4740
9306,9130,4741
9307,9131,4742
9308,9132,4742
9309,9133,4742
9310,9134,4742
9311,9135,4742
9312,9136,4742
9313,9137,4742
9314,9138,4742
9315,9139,4742
9316,9140,4742
9317,9141,4742
9318,9142,4742
9319,9143,4742
9320,9144,4742
9321,9145,4742
9322,9146,4742
9323,9147,4742
9324,9148,4742
9325,9149,4742
9326,9150,4742
9327,9151,4742
9328,9152,4742
9329,9153,4742
9330,9154,4742
9331,9155,4742
9332,9156,4743
9333,9157,4744
9334,9158,4745
9335,9159,4746
9336,9160,4747
9337,9160,4748
9338,9160,4749
9339,9160,4750
9340,9160,4751
9341,9160,4752
9342,9161,4753
9343,9162,4754
9344,9163,4755
9345,9164,4756
9346,9165,4757
9347,9166,4758
9348,9167,4759
9349,9168,4760
9350,9169,4761
9351,9170,4762
9352,9171,4763
9353,9172,4764
9354,9173,4765
9355,9174,4766
9356,9175,4767
9357,9176,4768
9358,9177,4769
9359,9178,4770
9360,9179,4771
9361,9180,4772
9362,9180,4773
9363,9181,4774
9364,9182,4775
9365,9183,4776
9366,9184,4777
9367,9185,4778
9368,9186,4779
9369,9187,4780
9370,9188,4781
9371,9189,4782
9372,9190,4783
9373,9191,4784
9374,9192,4785
9375,9193,4786
9376,9194,4787
9377,9195,4788
9378,9196,4789
9379,9197,4790
9380,9198,4791
9381,9199,4792
9382,9200,4793
9383,9201,4794
9384,9202,4795
9385,9203,4796
9386,9204,4797
9387,9205,4798
9388,9206,4799
9389,9207,4800
9390,9208,4801
9391,9209,4802
9392,9210,4803
9393,9211,4804
9394,9212,4804
9395,9213,4804
9396,9214,4804
9397,9215,4804
9398,9216,4804
9399,9217,4804
9400,9218,4804
9401,9219,4804
9402,9220,4804
9403,9221,4804
9404,9222,4804
9405,9223,4804
9406,9224,4804
9407,9225,4804
9408,9226,4804
9409,9227,4804
9410,9228,4804
9411,9229,4804
9412,9230,4804
9413,9231,4804
9414,9232,4804
9415,9233,4804
9416,9234,4805
9417,9235,4806
9418,9236,4807
9419,9237,4808
9420,9238,4809
9421,9239,4810
9422,9240,4811
9423,9241,4812
9424,9242,4813
9425,9243,4814
9426,9244,4815
9427,9245,4816
9428,9246,4817
9429,9247,4818
9430,9248,4819
9431,9249,4820
9432,9250,4821
9433,9251,4822
9434,9252,4823
9435,9253,4824
9436,9254,4825
9437,9255,4826
9438,9256,4827
9439,9257,4828
9440,9258,4829
9441,9259,4830
9442,9260,4831
9443,9261,4832
9444,9262,4833
9445,9263,4834
9446,9264,4835
9447,9265,4836
9448,9266,4837
9449,9267,4838
9450,9268,4838
9451,9269,4838
9452,9270,4838
9453,9271,4838
9454,9272,4838
9455,9273,4838
9456,9274,4838
9457,9275,4838
9458,9276,4838
9459,9277,4838
9460,9278,4839
9461,9279,4840
9462,9280,4841
9463,9281,4842
9464,9282,4843
9465,9283,4844
9466,9284,4845
9467,9285,4845
9468,9286,4845
9469,9287,4845
9470,9288,4845
9471,9289,4845
9472,9290,4845
9473,9291,4845
9474,9292,4845
9475,9293,4845
9476,9294,4845
9477,9295,4845
9478,9296,4845
9479,9297,4845
9480,9298,4845
9481,9299,4845
9482,9300,4845
9483,9301,4845
9484,9302,4845
9485,9303,4845
9486,9304,4845
9487,9305,4845
9488,9306,4845
9489,9307,4845
9490,9308,4845
9491,9309,4845
9492,9310,4845
9493,9311,4846
9494,9312,4847
9495,9313,4848
9496,9314,4849
9497,9315,4850
9498,9316,4851
9499,9317,4852
9500,9318,4853
9501,9319,4854
9502,9320,4855
9503,9321,4856
9504,9322,4857
9505,9323,4858
9506,9324,4859
9507,9325,4860
9508,9326,4861
9509,9327,4862
9510,9328,4863
9511,9329,4864
9512,9330,4865
9513,9331,4866
9514,9332,4867
9515,9333,4868
9516,9334,4869
9517,9335,4870
9518,9336,4871
9519,9337,4872
9520,9338,4873
9521,9339,4874
9522,9340,4874
9523,9341,4875
9524,9342,4876
9525,9343,4877
9526,9344,4878
9527,9345,4879
9528,9346,4880
9529,9347,4881
9530,9348,4882
9531,9349,4883
9532,9350,4884
9533,9351,4885
9534,9352,4886
9535,9353,4887
9536,9354,4888
9537,9355,4889
9538,9356,4890
9539,9357,4891
9540,9358,4892
9541,9359,4893
9542,9360,4894
9543,9361,4895
9544,9362,4896
9545,9363,4897
9546,9364,4898
9547,9365,4899
9548,9366,4900
9549,9367,4901
9550,9368,4902
9551,9369,4903
9552,9370,4904
9553,9371,4905
9554,9372,4906
9555,9373,4907
9556,9374,4908
9557,9375,4909
9558,9376,4910
9559,9377,4911
9560,9378,4912
9561,9379,4913
9562,9380,4914
9563,9380,4915
9564,9380,4916
9565,9380,4917
9566,9380,4918
9567,9380,4919
9568,9380,4920
9569,9380,4921
9570,9380,4922
9571,9380,4923
9572,9380,4924
9573,9380,4925
9574,9380,4926
9575,9381,4927
9576,9382,4928
9577,9383,4929
9578,9384,4930
9579,9385,4931
9580,9386,4932
9581,9387,4933
9582,9388,4934
9583,9389,4935
9584,9390,4936
9585,9391,4937
9586,9392,4938
9587,9393,4939
9588,9394,4940
9589,9395,4941
9590,9396,4942
9591,9397,4943
9592,9398,4944
9593,9399,4945
9594,9400,4946
9595,9400,4947
9596,9400,4948
9597,9400,4949
9598,9400,4950
9599,9400,4951
9600,9400,4952
9601,9400,4953
9602,9400,4954
9603,9400,4955
9604,9400,4956
9605,9401,4957
9606,9402,4958
9607,9403,4959
9608,9404,4960
9609,9405,4961
9610,9406,4962
9611,9407,4963
9612,9408,4964
9613,9409,4965
9614,9410,4966
9615,9411,4967
9616,9412,4968
9617,9413,4969
9618,9414,4970
9619,9415,4971
9620,9416,4972
9621,9417,4973
9622,9418,4974
9623,9419,4975
9624,9420,4976
9625,9421,4977
9626,9422,4978
9627,9423,4979
9628,9424,4980
9629,9425,4981
9630,9426,4982
9631,9427,4983
9632,9428,4984
9633,9429,4985
9634,9430,4986
9635,9431,4987
9636,9432,4988
9637,9433,4989
9638,9434,4990
9639,9435,4991
9640,9436,4992
9641,9437,4993
9642,9438,4994
9643,9439,4995
9644,9440,4996
9645,9441,4997
9646,9442,4997
9647,9443,4997
9648,9444,4997
9649,9445,4997
9650,9446,4998
9651,9447,4999
9652,9448,5000
9653,9449,5001
9654,9450,5002
9655,9451,5003
9656,9452,5004
9657,9453,5005
9658,9454,5006
9659,9455,5007
9660,9456,5008
9661,9457,5009
9662,9458,5010
9663,9459,5011
9664,9460,5012
9665,9461,5013
9666,9462,5014
9667,9463,5015
9668,9464,5016
9669,9465,5017
9670,9466,5018
9671,9467,5019
9672,9468,5020
9673,9469,5021
9674,9470,5022
9675,9471,5023
9676,9472,5024
9677,9473,5025
9678,9474,5026
9679,9475,5027
9680,9476,5028
9681,9477,5029
9682,9478,5030
9683,9479,5031
9684,9480,5032
9685,9481,5033
9686,9482,5034
9687,9483,5035
9688,9484,5036
9689,9485,5037
9690,9486,5038
9691,9487,5039
9692,9488,5040
9693,9489,5041
9694,9490,5042
9695,9491,5043
9696,9492,5044
9697,9493,5045
9698,9494,5046
9699,9495,5047
9700,9496,5048
9701,9497,5049
9702,9498,5050
9703,9499,5051
9704,9500,5052
9705,9501,5053
9706,9502,5054
9707,9503,5055
9708,9504,5056
9709,9505,5057
9710,9506,5058
9711,9507,5059
9712,9508,5060
9713,9509,5061
9714,9510,5062
9715,9511,5063
9716,9512,5064
9717,9513,5065
9718,9514,5066
9719,9515,5067
9720,9516,5068
9721,9517,5069
9722,9518,5070
9723,9519,5071
9724,9520,5072
9725,9521,5073
9726,9522,5074
9727,9523,5075
9728,9524,5076
9729,9525,5077
9730,9526,5078
9731,9527,5079
9732,9528,5080
9733,9529,5081
9734,9530,5082
9735,9531,5083
9736,9532,5084
9737,9533,5085
9738,9534,5086
9739,9535,5087
9740,9536,5088
9741,9537,5089
9742,9538,5090
9743,9539,5091
9744,9540,5092
9745,9541,5093
9746,9542,5094
9747,9543,5095
9748,9544,5096
9749,9545,5097
9750,9546,5098
9751,9547,5099
9752,9548,5100
9753,9549,5101
9754,9550,5102
9755,9551,5103
9756,9552,5104
9757,9553,5105
9758,9554,5106
9759,9555,5107
9760,9556,5108
9761,9557,5109
9762,9558,5110
9763,9559,5111
9764,9560,5112
9765,9561,5113
9766,9562,5114
9767,9563,5115
9768,9564,5116
9769,9565,5117
9770,9566,5118
9771,9567,5119
9772,9568,5120
9773,9569,5121
9774,9570,5122
9775,9571,5123
9776,9572,5124
9777,9573,5125
9778,9574,5126
9779,9575,5127
9780,9576,5128
9781,9577,5129
9782,9578,5130
9783,9579,5131
9784,9580,5132
9785,9581,5133
9786,9582,5134
9787,9583,5135
9788,9584,5136
9789,9585,5137
9790,9586,5138
9791,9587,5139
9792,9588,5140
9793,9589,5141
9794,9590,5142
9795,9591,5143
9796,9592,5144
9797,9593,5145
9798,9594,5146
9799,9595,5147
9800,9596,5148
9801,9597,5149
9802,9598,5150
9803,9599,5151
9804,9600,5152
9805,9601,5153
9806,9602,5154
9807,9603,5155
9808,9604,5156
9809,9605,5157
9810,9606,5158
9811,9607,5159
9812,9608,5160
9813,9609,5161
9814,9610,5162
9815,9611,5163
9816,9612,5164
9817,9613,5165
9818,9614,5166
9819,9615,5167
9820,9616,5168
9821,9617,5169
9822,9618,5170
9823,9619,5171
9824,9620,5172
9825,9621,5173
9826,9622,5174
9827,9623,5175
9828,9624,5176
9829,9625,5177
9830,9626,5178
9831,9627,5179
9832,9628,5180
9833,9629,5181
9834,9630,5182
9835,9631,5183
9836,9632,5184
9837,9633,5185
9838,9634,5186
9839,9635,5187
9840,9636,5188
9841,9637,5189
9842,9638,5190
9843,9639,5191
9844,9640,5192
9845,9641,5193
9846,9642,5194
9847,9643,5195
9848,9644,5196
9849,9645,5197
9850,9646,5198
9851,9647,5199
9852,9648,5200
9853,9649,5201
9854,9650,5202
9855,9651,5203
9856,9652,5204
9857,9653,5205
9858,9654,5206
9859,9655,5207
9860,9656,5208
9861,9657,5209
9862,9658,5210
9863,9659,5211
9864,9660,5212
9865,9661,5213
9866,9662,5214
9867,9663,5215
9868,9664,5216
9869,9665,5217
9870,9666,5218
9871,9667,5219
9872,9668,5220
9873,9669,5221
9874,9670,5222
9875,9671,5223
9876,9672,5224
9877,9673,5225
9878,9674,5226
9879,9675,5227
9880,9676,5228
9881,9677,5229
9882,9678,5230
9883,9679,5231
9884,9680,5232
9885,9680,5233
9886,9680,5234
9887,9680,5235
9888,9680,5236
9889,9680,5237
9890,9680,5238
9891,9680,5239
9892,9680,5240
9893,9680,5241
9894,9680,5242
9895,9680,5243
9896,9680,5244
9897,9680,5245
9898,9680,5246
9899,9680,5247
9900,9680,5248
9901,9680,5249
9902,9681,5250
9903,9682,5251
9904,9683,5252
9905,9684,5253
9906,9685,5254
9907,9686,5255
9908,9687,5256
9909,9688,5257
9910,9689,5258
9911,9690,5259
9912,9691,5260
9913,9692,5261
9914,9693,5262
9915,9694,5263
9916,9695,5264
9917,9696,5265
9918,9697,5266
9919,9698,5267
9920,9699,5268
9921,9700,5269
9922,9701,5270
9923,9702,5271
9924,9703,5272
9925,9704,5273
9926,9705,5274
9927,9706,5275
9928,9707,5276
9929,9708,5277
9930,9709,5278
9931,9710,5279
9932,9711,5280
9933,9712,5281
9934,9713,5282
9935,9714,5283
9936,9715,5284
9937,9716,5285
9938,9717,5286
9939,9718,5287
9940,9719,5288
9941,9720,5289
9942,9720,5290
9943,9720,5291
9944,9720,5292
9945,9720,5293
9946,9720,5294
9947,9720,5295
9948,9720,5296
9949,9720,5297
9950,9720,5298
9951,9720,5299
9952,9720,5300
9953,9720,5301
9954,9720,5302
9955,9720,5303
9956,9720,5304
9957,9720,5305
9958,9720,5306
9959,9720,5307
9960,9720,5308
9961,9720,5309
9962,9720,5310
9963,9720,5311
9964,9720,5312
9965,9720,5313
9966,9720,5314
9967,9720,5315
9968,9720,5316
9969,9720,5317
9970,9720,5318
9971,9720,5319
9972,9720,5320
9973,9720,5321
9974,9720,5322
9975,9720,5323
9976,9720,5324
9977,9720,5325
9978,9720,5326
9979,9720,5327
9980,9721,5328
9981,9722,5329
9982,9723,5330
9983,9724,5331
9984,9725,5332
9985,9726,5333
9986,9727,5334
9987,9728,5335
9988,9729,5336
9989,9730,5337
9990,9731,5338
9991,9732,5339
9992,9733,5340
9993,9734,5341
9994,9735,5342
9995,9736,5343
9996,9737,5344
9997,9738,5345
9998,9739,5346
9999,9740,5347
10000,9741,5348
10001,9742,5349
10002,9743,5350
10003,9744,5351
10004,9745,5352
10005,9746,5353
10006,9747,5354
10007,9748,5355
10008,9749,5356
10009,9750,5357
10010,9751,5358
10011,9752,5359
10012,9753,5360
10013,9754,5361
10014,9755,5362
10015,9756,5363
10016,9757,5364
10017,9758,5365
10018,9759,5366
10019,9760,5367
10020,9761,5368
10021,9762,5369
10022,9763,5370
10023,9764,5371
10024,9765,5372
10025,9766,5373
10026,9767,5374
10027,9768,5375
10028,9769,5376
10029,9770,5377
10030,9771,5378
10031,9772,5379
10032,9773,5380
10033,9774,5381
10034,9775,5382
10035,9776,5383
10036,9777,5384
10037,9778,5385
10038,9779,5386
10039,9780,5387
10040,9781,5388
10041,9782,5389
10042,9783,5390
10043,9784,5391
10044,9785,5392
10045,9786,5393
10046,9787,5393
10047,9788,5393
10048,9789,5393
10049,9790,5393
10050,9791,5393
10051,9792,5393
10052,9793,5393
10053,9794,5393
10054,9795,5393
10055,9796,5393
10056,9797,5393
10057,9798,5393
10058,9799,5393
10059,9800,5393
10060,9801,5393
10061,9802,5393
10062,9803,5393
10063,9804,5393
10064,9805,5393
10065,9806,5393
10066,9807,5393
10067,9808,5393
10068,9809,5393
10069,9810,5393
10070,9811,5393
10071,9812,5393
10072,9813,5393
10073,9814,5393
10074,9815,5393
10075,9816,5393
10076,9817,5393
10077,9818,5393
10078,9819,5393
10079,9820,5393
10080,9821,5393
10081,9822,5393
10082,9823,5393
10083,9824,5393
10084,9825,5393
10085,9826,5393
10086,9827,5393
10087,9828,5393
10088,9829,5393
10089,9830,5394
10090,9831,5395
10091,9832,5396
10092,9833,5397
10093,9834,5398
10094,9835,5399
10095,9836,5400
10096,9837,5401
10097,9838,5402
10098,9839,5403
10099,9840,5404
10100,9841,5404
10101,9842,5404
10102,9843,5404
10103,9844,5404
10104,9845,5404
10105,9846,5404
10106,9847,5404
10107,9848,5404
10108,9849,5404
10109,9850,5404
10110,9851,5404
10111,9852,5404
10112,9853,5404
10113,9854,5404
10114,9855,5404
10115,9856,5404
10116,9857,5404
10117,9858,5404
10118,9859,5404
10119,9860,5404
10120,9861,5404
10121,9862,5404
10122,9863,5404
10123,9864,5404
10124,9865,5404
10125,9866,5404
10126,9867,5404
10127,9868,5404
10128,9869,5404
10129,9870,5404
10130,9871,5404
10131,9872,5404
10132,9873,5404
10133,9874,5404
10134,9875,5404
10135,9876,5404
10136,9877,5404
10137,9878,5404
10138,9879,5404
10139,9880,5404
10140,9881,5404
10141,9882,5404
10142,9883,5404
10143,9884,5404
10144,9885,5404
10145,9886,5404
10146,9887,5404
10147,9888,5404
10148,9889,5404
10149,9890,5404
10150,9891,5404
10151,9892,5404
10152,9893,5404
10153,9894,5404
10154,9895,5404
10155,9896,5404
10156,9897,5404
10157,9898,5404
10158,9899,5404
10159,9900,5404
10160,9901,5404
10161,9902,5404
10162,9903,5404
10163,9904,5404
10164,9905,5404
10165,9906,5404
10166,9907,5404
10167,9908,5404
10168,9909,5404
10169,9910,5404
10170,9911,5404
10171,9912,5404
10172,9913,5404
10173,9914,5404
10174,9915,5404
10175,9916,5404
10176,9917,5404
10177,9918,5404
10178,9919,5404
10179,9920,5404
10180,9921,5404
10181,9922,5404
10182,9923,5404
10183,9924,5404
10184,9925,5404
10185,9926,5404
10186,9927,5404
10187,9928,5404
10188,9929,5404
10189,9930,5404
10190,9931,5404
10191,9932,5404
10192,9933,5404
10193,9934,5404
10194,9935,5404
10195,9936,5404
10196,9937,5404
10197,9938,5404
10198,9939,5404
10199,9940,5404
10200,9941,5404
10201,9942,5404
10202,9943,5404
10203,9944,5404
10204,9945,5404
10205,9946,5404
10206,9947,5404
10207,9948,5404
10208,9949,5404
10209,9950,5404
10210,9951,5404
10211,9952,5404
10212,9953,5404
10213,9954,5404
10214,9955,5404
10215,9956,5404
10216,9957,5404
10217,9958,5404
10218,9959,5404
10219,9960,5404
10220,9961,5404
10221,9962,5404
10222,9963,5404
10223,9964,5404
10224,9965,5404
10225,9966,5404
10226,9967,5404
10227,9968,5404
10228,9969,5404
10229,9970,5404
10230,9971,5404
10231,9972,5404
10232,9973,5404
10233,9974,5404
10234,9975,5404
10235,9976,5404
10236,9977,5404
10237,9978,5404
10238,9979,5404
10239,9980,5404
10240,9981,5404
10241,9982,5404
10242,9983,5404
10243,9984,5404
10244,9985,5404
10245,9986,5404
10246,9987,5404
10247,9988,5404
10248,9989,5404
10249,9990,5404
10250,9991,5404
10251,9992,5404
10252,9993,5404
10253,9994,5404
10254,9995,5404
10255,9996,5404
10256,9997,5404
10257,9998,5404
10258,9999,5404
10259,10000,5404
10260,10001,5404
10261,10002,5404
10262,10003,5404
10263,10004,5404
10264,10005,5404
10265,10006,5404
10266,10007,5404
10267,10008,5404
10268,10009,5404
10269,10010,5404
10270,10011,5404
10271,10012,5404
10272,10013,5404
10273,10014,5404
10274,10015,5404
10275,10016,5404
10276,10017,5404
10277,10018,5404
10278,10019,5404
10279,10020,5404
10280,10021,5404
10281,10022,5404
10282,10023,5404
10283,10024,5404
10284,10025,5404
10285,10026,5404
10286,10027,5404
10287,10028,5404
10288,10029,5404
10289,10030,5404
10290,10031,5404
10291,10032,5404
10292,10033,5404
10293,10034,5404
10294,10035,5404
10295,10036,5404
10296,10037,5404
10297,10038,5404
10298,10039,5404
10299,10040,5404
10300,10041,5404
10301,10042,5404
10302,10043,5404
10303,10044,5404
10304,10045,5404
10305,10046,5404
10306,10047,5404
10307,10048,5404
10308,10049,5404
10309,10050,5404
10310,10051,5404
10311,10052,5404
10312,10053,5404
10313,10054,5404
10314,10055,5404
10315,10056,5404
10316,10057,5404
10317,10058,5404
10318,10059,5404
10319,10060,5404
10320,10061,5404
10321,10062,5404
10322,10063,5404
10323,10064,5404
10324,10065,5404
10325,10066,5404
10326,10067,5404
10327,10068,5404
10328,10069,5404
10329,10070,5404
10330,10071,5404
10331,10072,5404
10332,10073,5404
10333,10074,5404
10334,10075,5404
10335,10076,5404
10336,10077,5404
10337,10078,5404
10338,10079,5404
10339,10080,5404
10340,10081,5404
10341,10082,5404
10342,10083,5404
10343,10084,5404
10344,10085,5404
10345,10086,5404
10346,10087,5404
10347,10088,5404
10348,10089,5404
10349,10090,5404
10350,10091,5404
10351,10092,5404
10352,10093,5404
10353,10094,5404
10354,10095,5404
10355,10096,5404
10356,10097,5404
10357,10098,5404
10358,10099,5404
10359,10100,5404
10360,10101,5404
10361,10102,5404
10362,10103,5404
10363,10104,5404
10364,10105,5404
10365,10106,5404
10366,10107,5404
10367,10108,5404
10368,10109,5404
10369,10110,5404
10370,10111,5404
10371,10112,5404
10372,10113,5404
10373,10114,5404
10374,10115,5404
10375,10116,5404
10376,10117,5404
10377,10118,5404
10378,10119,5404
10379,10120,5404
10380,10121,5404
10381,10122,5404
10382,10123,5404
10383,10124,5404
10384,10125,5404
10385,10126,5404
10386,10127,5404
10387,10128,5404
10388,10129,5404
10389,10130,5404
10390,10131,5404
10391,10132,5404
10392,10133,5404
10393,10134,5404
10394,10135,5404
10395,10136,5404
10396,10137,5404
10397,10138,5404
10398,10139,5404
10399,10140,5404
10400,10141,5404
10401,10142,5404
10402,10143,5404
10403,10144,5404
10404,10145,5404
10405,10146,5404
10406,10147,5404
10407,10148,5404
10408,10149,5404
10409,10150,5404
10410,10151,5404
10411,10152,5404
10412,10153,5404
10413,10154,5404
10414,10155,5404
10415,10156,5404
10416,10157,5404
10417,10158,5404
10418,10159,5405
10419,10160,5406
10420,10161,5406
10421,10162,5406
10422,10163,5406
10423,10164,5406
10424,10165,5406
10425,10166,5406
10426,10167,5406
10427,10168,5406
10428,10169,5406
10429,10170,5406
10430,10171,5406
10431,10172,5406
10432,10173,5406
10433,10174,5406
10434,10175,5406
10435,10176,5406
10436,10177,5406
10437,10178,5406
10438,10179,5406
10439,10180,5406
10440,10181,5406
10441,10182,5406
10442,10183,5406
10443,10184,5406
10444,10185,5406
10445,10186,5406
10446,10187,5406
10447,10188,5406
10448,10189,5406
10449,10190,5406
10450,10191,5406
10451,10192,5406
10452,10193,5406
10453,10194,5406
10454,10195,5406
10455,10196,5407
10456,10197,5408
10457,10198,5409
10458,10199,5410
10459,10200,5411
10460,10200,5412
10461,10200,5413
10462,10200,5414
10463,10200,5415
10464,10200,5416
10465,10200,5417
10466,10200,5418
10467,10200,5419
10468,10200,5420
10469,10200,5421
10470,10200,5422
10471,10200,5423
10472,10200,5424
10473,10200,5425
10474,10200,5426
10475,10200,5427
10476,10201,5428
10477,10202,5429
10478,10203,5430
10479,10204,5431
10480,10205,5432
10481,10206,5433
10482,10207,5434
10483,10208,5435
10484,10209,5436
10485,10210,5437
10486,10211,5438
10487,10212,5439
10488,10213,5440
10489,10214,5441
10490,10215,5442
10491,10216,5443
10492,10217,5444
10493,10218,5445
10494,10219,5446
10495,10220,5447
10496,10221,5448
10497,10222,5449
10498,10223,5450
10499,10224,5451
10500,10225,5452
10501,10226,5453
10502,10227,5453
10503,10228,5454
10504,10229,5455
10505,10230,5456
10506,10231,5457
10507,10232,5458
10508,10233,5459
10509,10234,5460
10510,10235,5461
10511,10236,5462
10512,10237,5463
10513,10238,5464
10514,10239,5465
10515,10240,5466
10516,10241,5467
10517,10242,5468
10518,10243,5469
10519,10244,5470
10520,10245,5471
10521,10246,5472
10522,10247,5473
10523,10248,5474
10524,10249,5475
10525,10250,5476
10526,10251,5477
10527,10252,5478
10528,10253,5479
10529,10254,5480
10530,10255,5481
10531,10256,5482
10532,10257,5483
10533,10258,5484
10534,10259,5485
10535,10260,5486
10536,10261,5487
10537,10262,5488
10538,10263,5489
10539,10264,5490
10540,10265,5491
10541,10266,5492
10542,10267,5493
10543,10268,5494
10544,10269,5495
10545,10270,5496
10546,10271,5497
10547,10272,5498
10548,10273,5499
10549,10274,5500
10550,10275,5501
10551,10276,5502
10552,10277,5503
10553,10278,5504
10554,10279,5505
10555,10280,5506
10556,10281,5507
10557,10282,5508
10558,10283,5509
10559,10284,5510
10560,10285,5511
10561,10286,5512
10562,10287,5513
10563,10288,5514
10564,10289,5515
10565,10290,5516
10566,10291,5517
10567,10292,5518
10568,10293,5519
10569,10294,5520
10570,10295,5521
10571,10296,5522
10572,10297,5523
10573,10298,5524
10574,10299,5525
10575,10300,5526
10576,10301,5527
10577,10302,5528
10578,10303,5529
10579,10304,5530
10580,10305,5531
10581,10306,5532
10582,10307,5533
10583,10308,5534
10584,10309,5535
10585,10310,5536
10586,10311,5537
10587,10312,5538
10588,10313,5539
10589,10314,5540
10590,10315,5541
10591,10316,5542
10592,10317,5543
10593,10318,5544
10594,10319,5545
10595,10320,5546
10596,10321,5547
10597,10322,5548
10598,10323,5549
10599,10324,5549
10600,10325,5549
10601,10326,5549
10602,10327,5549
10603,10328,5549
10604,10329,5549
10605,10330,5549
10606,10331,5549
10607,10332,5549
10608,10333,5549
10609,10334,5549
10610,10335,5549
10611,10336,5549
10612,10337,5549
10613,10338,5549
10614,10339,5549
10615,10340,5549
10616,10341,5549
10617,10342,5549
10618,10343,5549
10619,10344,5549
10620,10345,5549
10621,10346,5549
10622,10347,5549
10623,10348,5550
10624,10349,5551
10625,10350,5552
10626,10351,5553
10627,10352,5554
10628,10353,5555
10629,10354,5556
10630,10355,5557
10631,10356,5558
10632,10357,5559
10633,10358,5560
10634,10359,5561
10635,10360,5562
10636,10361,5563
10637,10362,5564
10638,10363,5565
10639,10364,5566
10640,10365,5567
10641,10366,5568
10642,10367,5569
10643,10368,5570
10644,10369,5571
10645,10370,5572
10646,10371,5573
10647,10372,5574
10648,10373,5575
10649,10374,5576
10650,10375,5577
10651,10376,5578
10652,10377,5579
10653,10378,5580
10654,10379,5581
10655,10380,5582
