id,pitch,onset_beat,duration_beat,onset_quarter,duration_quarter,voice
P05_p5n3,48,0.0,1.5,0.0,1.5,5
P04_p4n0,48,0.0,1.0,0.0,1.0,1
P03_p3n0,55,0.0,1.0,0.0,1.0,1
P05_p5n4,55,0.0,1.5,0.0,1.5,5
P05_p5n5,60,0.0,1.5,0.0,1.5,5
P05_p5n0,63,0.0,1.5,0.0,1.5,1
P02_p2n0,63,0.0,1.0,0.0,1.0,1
P05_p5n1,67,0.0,1.5,0.0,1.5,1
P01_p1n0,72,0.0,1.0,0.0,1.0,1
P05_p5n2,72,0.0,1.5,0.0,1.5,1
P04_p4n1,48,1.0,0.5,1.0,0.5,1
P03_p3n1,55,1.0,0.5,1.0,0.5,1
P02_p2n1,63,1.0,0.5,1.0,0.5,1
P01_p1n1,72,1.0,0.5,1.0,0.5,1
P05_p5n9,48,1.5,1.5,1.5,1.5,5
P04_p4n2,48,1.5,1.5,1.5,1.5,1
P03_p3n2,55,1.5,1.5,1.5,1.5,1
P05_p5n10,55,1.5,1.5,1.5,1.5,5
P05_p5n11,60,1.5,1.5,1.5,1.5,5
P05_p5n6,63,1.5,1.5,1.5,1.5,1
P02_p2n2,63,1.5,1.5,1.5,1.5,1
P05_p5n7,67,1.5,1.5,1.5,1.5,1
P05_p5n8,72,1.5,1.5,1.5,1.5,1
P01_p1n2,72,1.5,1.5,1.5,1.5,1
P05_p5n15,48,3.0,1.0,3.0,1.0,5
P04_p4n3,48,3.0,1.0,3.0,1.0,1
P05_p5n16,55,3.0,1.0,3.0,1.0,5
P03_p3n3,55,3.0,1.0,3.0,1.0,1
P05_p5n17,60,3.0,1.0,3.0,1.0,5
P05_p5n12,63,3.0,1.0,3.0,1.0,1
P02_p2n3,63,3.0,1.0,3.0,1.0,1
P05_p5n13,67,3.0,1.0,3.0,1.0,1
P01_p1n3,72,3.0,1.0,3.0,1.0,1
P05_p5n14,72,3.0,1.0,3.0,1.0,1
P04_p4n4,48,4.0,1.0,4.0,1.0,1
P05_p5n21,48,4.0,1.5,4.0,1.5,5
P03_p3n4,56,4.0,1.0,4.0,1.0,1
P05_p5n22,56,4.0,1.5,4.0,1.5,5
P05_p5n23,60,4.0,1.5,4.0,1.5,5
P02_p2n4,65,4.0,1.0,4.0,1.0,1
P05_p5n18,65,4.0,1.5,4.0,1.5,1
P05_p5n19,68,4.0,1.5,4.0,1.5,1
P05_p5n20,74,4.0,1.5,4.0,1.5,1
P01_p1n4,74,4.0,1.0,4.0,1.0,1
P04_p4n5,48,5.0,0.5,5.0,0.5,1
P03_p3n5,56,5.0,0.5,5.0,0.5,1
P02_p2n5,65,5.0,0.5,5.0,0.5,1
P01_p1n5,74,5.0,0.5,5.0,0.5,1
P04_p4n6,48,5.5,1.5,5.5,1.5,1
P05_p5n27,48,5.5,1.5,5.5,1.5,5
P03_p3n6,56,5.5,1.5,5.5,1.5,1
P05_p5n28,56,5.5,1.5,5.5,1.5,5
P05_p5n29,60,5.5,1.5,5.5,1.5,5
P02_p2n6,65,5.5,1.5,5.5,1.5,1
P05_p5n24,65,5.5,1.0,5.5,1.0,1
P05_p5n25,68,5.5,1.0,5.5,1.0,1
P01_p1n6,74,5.5,1.5,5.5,1.5,1
P05_p5n26,74,5.5,1.0,5.5,1.0,1
P05_p5n30,74,6.5,0.5,6.5,0.5,1
P05_p5n32,48,7.0,1.0,7.0,1.0,5
P05_p5n33,56,7.0,1.0,7.0,1.0,5
P05_p5n34,60,7.0,1.0,7.0,1.0,5
P05_p5n31,75,7.0,0.5,7.0,0.5,1
P05_p5n35,76,7.5,0.5,7.5,0.5,1
P05_p5n39,47,8.0,1.5,8.0,1.5,5
P04_p4n8,47,8.0,1.0,8.0,1.0,1
P05_p5n40,56,8.0,1.5,8.0,1.5,5
P05_p5n41,62,8.0,1.5,8.0,1.5,5
P03_p3n8,62,8.0,1.0,8.0,1.0,1
P05_p5n36,68,8.0,1.5,8.0,1.5,1
P02_p2n8,68,8.0,1.0,8.0,1.0,1
P05_p5n37,74,8.0,1.5,8.0,1.5,1
P01_p1n8,77,8.0,1.0,8.0,1.0,1
P05_p5n38,77,8.0,1.5,8.0,1.5,1
P04_p4n9,47,9.0,0.5,9.0,0.5,1
P03_p3n9,62,9.0,0.5,9.0,0.5,1
P02_p2n9,68,9.0,0.5,9.0,0.5,1
P01_p1n9,77,9.0,0.5,9.0,0.5,1
P05_p5n45,47,9.5,1.5,9.5,1.5,5
P04_p4n10,47,9.5,1.5,9.5,1.5,1
P05_p5n46,56,9.5,1.5,9.5,1.5,5
P05_p5n47,62,9.5,1.5,9.5,1.5,5
P03_p3n10,62,9.5,1.5,9.5,1.5,1
P05_p5n42,68,9.5,1.5,9.5,1.5,1
P02_p2n10,68,9.5,1.5,9.5,1.5,1
P05_p5n43,74,9.5,1.5,9.5,1.5,1
P01_p1n10,77,9.5,1.5,9.5,1.5,1
P05_p5n44,77,9.5,1.5,9.5,1.5,1
P05_p5n51,47,11.0,1.0,11.0,1.0,5
P04_p4n11,47,11.0,1.0,11.0,1.0,1
P05_p5n52,56,11.0,1.0,11.0,1.0,5
P03_p3n11,56,11.0,1.0,11.0,1.0,1
P05_p5n53,62,11.0,1.0,11.0,1.0,5
P02_p2n11,65,11.0,1.0,11.0,1.0,1
P05_p5n48,65,11.0,1.0,11.0,1.0,1
P05_p5n49,68,11.0,1.0,11.0,1.0,1
P01_p1n11,74,11.0,1.0,11.0,1.0,1
P05_p5n50,74,11.0,1.0,11.0,1.0,1
P04_p4n12,48,12.0,1.0,12.0,1.0,1
P05_p5n57,48,12.0,1.5,12.0,1.5,5
P05_p5n58,55,12.0,1.5,12.0,1.5,5
P03_p3n12,55,12.0,1.0,12.0,1.0,1
P05_p5n59,60,12.0,1.5,12.0,1.5,5
P05_p5n54,67,12.0,1.5,12.0,1.5,1
P05_p5n55,74,12.0,1.5,12.0,1.5,1
P02_p2n12,74,12.0,1.0,12.0,1.0,1
P01_p1n12,75,12.0,1.0,12.0,1.0,1
P05_p5n56,75,12.0,1.5,12.0,1.5,1
P04_p4n13,48,13.0,0.5,13.0,0.5,1
P03_p3n13,63,13.0,0.5,13.0,0.5,1
P02_p2n13,67,13.0,0.5,13.0,0.5,1
P01_p1n13,72,13.0,0.5,13.0,0.5,1
P04_p4n14,48,13.5,1.5,13.5,1.5,1
P05_p5n63,48,13.5,1.5,13.5,1.5,5
P05_p5n64,55,13.5,1.5,13.5,1.5,5
P05_p5n65,60,13.5,1.5,13.5,1.5,5
P05_p5n60,63,13.5,1.0,13.5,1.0,1
P03_p3n14,63,13.5,1.5,13.5,1.5,1
P02_p2n14,67,13.5,1.5,13.5,1.5,1
P05_p5n61,67,13.5,1.0,13.5,1.0,1
P05_p5n62,72,13.5,1.0,13.5,1.0,1
P01_p1n14,72,13.5,1.5,13.5,1.5,1
P05_p5n66,63,14.5,0.5,14.5,0.5,1
P05_p5n67,70,14.5,0.5,14.5,0.5,1
P05_p5n69,48,15.0,1.0,15.0,1.0,5
P05_p5n70,55,15.0,1.0,15.0,1.0,5
P05_p5n71,60,15.0,1.0,15.0,1.0,5
P05_p5n68,69,15.0,0.5,15.0,0.5,1
P05_p5n72,68,15.5,0.5,15.5,0.5,1
P05_p5n75,48,16.0,4.0,16.0,4.0,5
P04_p4n16,48,16.0,1.0,16.0,1.0,1
P05_p5n76,55,16.0,4.0,16.0,4.0,5
P03_p3n16,55,16.0,1.0,16.0,1.0,1
P05_p5n77,60,16.0,4.0,16.0,4.0,5
P05_p5n73,63,16.0,4.0,16.0,4.0,1
P02_p2n16,63,16.0,1.0,16.0,1.0,1
P05_p5n74,67,16.0,4.0,16.0,4.0,1
P01_p1n16,67,16.0,1.0,16.0,1.0,1
P04_p4n17,48,17.0,0.5,17.0,0.5,1
P03_p3n17,55,17.0,0.5,17.0,0.5,1
P02_p2n17,63,17.0,0.5,17.0,0.5,1
P01_p1n17,67,17.0,0.5,17.0,0.5,1
P04_p4n18,48,17.5,1.5,17.5,1.5,1
P03_p3n18,55,17.5,1.5,17.5,1.5,1
P02_p2n18,63,17.5,1.5,17.5,1.5,1
P01_p1n18,67,17.5,1.0,17.5,1.0,1
P01_p1n19,72,18.5,0.5,18.5,0.5,1
P04_p4n19,48,19.0,1.0,19.0,1.0,1
P03_p3n19,55,19.0,1.0,19.0,1.0,1
P02_p2n19,60,19.0,1.0,19.0,1.0,1
P01_p1n20,67,19.0,0.5,19.0,0.5,1
P01_p1n21,63,19.5,0.5,19.5,0.5,1
P05_p5n80,48,20.0,4.0,20.0,4.0,5
P04_p4n20,48,20.0,1.0,20.0,1.0,1
P05_p5n81,57,20.0,4.0,20.0,4.0,5
P03_p3n20,57,20.0,1.0,20.0,1.0,1
P05_p5n78,62,20.0,4.0,20.0,4.0,1
P02_p2n20,62,20.0,1.0,20.0,1.0,1
P01_p1n22,66,20.0,1.0,20.0,1.0,1
P05_p5n79,66,20.0,4.0,20.0,4.0,1
P04_p4n21,48,21.0,0.5,21.0,0.5,1
P03_p3n21,57,21.0,0.5,21.0,0.5,1
P02_p2n21,62,21.0,0.5,21.0,0.5,1
P01_p1n23,66,21.0,0.5,21.0,0.5,1
P04_p4n22,48,21.5,1.5,21.5,1.5,1
P03_p3n22,57,21.5,1.5,21.5,1.5,1
P02_p2n22,62,21.5,1.5,21.5,1.5,1
P01_p1n24,66,21.5,1.5,21.5,1.5,1
P05_p5n84,48,24.0,4.0,24.0,4.0,5
P04_p4n24,48,24.0,1.0,24.0,1.0,1
P03_p3n24,56,24.0,1.0,24.0,1.0,1
P05_p5n85,56,24.0,4.0,24.0,4.0,5
P05_p5n82,61,24.0,4.0,24.0,4.0,1
P02_p2n24,61,24.0,1.0,24.0,1.0,1
P01_p1n26,65,24.0,1.0,24.0,1.0,1
P05_p5n83,65,24.0,4.0,24.0,4.0,1
P04_p4n25,48,25.0,0.5,25.0,0.5,1
P03_p3n25,56,25.0,0.5,25.0,0.5,1
P02_p2n25,61,25.0,0.5,25.0,0.5,1
P01_p1n27,65,25.0,0.5,25.0,0.5,1
P04_p4n26,48,25.5,1.5,25.5,1.5,1
P03_p3n26,56,25.5,1.5,25.5,1.5,1
P02_p2n26,61,25.5,1.5,25.5,1.5,1
P01_p1n28,65,25.5,1.5,25.5,1.5,1
P04_p4n27,48,27.0,1.0,27.0,1.0,1
P03_p3n27,56,27.0,1.0,27.0,1.0,1
P02_p2n27,61,27.0,1.0,27.0,1.0,1
P01_p1n29,65,27.0,1.0,27.0,1.0,1
P05_p5n89,48,28.0,1.5,28.0,1.5,6
P04_p4n28,48,28.0,1.0,28.0,1.0,1
P05_p5n88,55,28.0,4.0,28.0,4.0,5
P03_p3n28,55,28.0,1.0,28.0,1.0,1
P05_p5n86,60,28.0,3.0,28.0,3.0,1
P02_p2n28,60,28.0,1.0,28.0,1.0,1
P01_p1n30,63,28.0,1.0,28.0,1.0,1
P05_p5n87,63,28.0,3.0,28.0,3.0,1
P04_p4n29,48,29.0,0.5,29.0,0.5,1
P03_p3n29,55,29.0,0.5,29.0,0.5,1
P02_p2n29,60,29.0,0.5,29.0,0.5,1
P01_p1n31,63,29.0,0.5,29.0,0.5,1
P05_p5n90,48,29.5,1.5,29.5,1.5,6
P04_p4n30,48,29.5,1.5,29.5,1.5,1
P03_p3n30,55,29.5,1.5,29.5,1.5,1
P02_p2n30,60,29.5,1.5,29.5,1.5,1
P01_p1n32,63,29.5,1.5,29.5,1.5,1
P04_p4n31,46,31.0,1.0,31.0,1.0,1
P05_p5n93,46,31.0,1.0,31.0,1.0,6
P03_p3n31,55,31.0,1.0,31.0,1.0,1
P05_p5n91,62,31.0,0.5,31.0,0.5,1
P02_p2n31,62,31.0,0.5,31.0,0.5,1
P01_p1n33,65,31.0,0.5,31.0,0.5,1
P05_p5n92,65,31.0,0.5,31.0,0.5,1
P05_p5n94,63,31.5,0.5,31.5,0.5,1
P02_p2n32,63,31.5,0.5,31.5,0.5,1
P05_p5n95,67,31.5,0.5,31.5,0.5,1
P01_p1n34,67,31.5,0.5,31.5,0.5,1
P04_p4n32,44,32.0,3.0,32.0,3.0,1
P05_p5n98,44,32.0,4.0,32.0,4.0,5
P05_p5n99,54,32.0,4.0,32.0,4.0,5
P03_p3n32,54,32.0,2.0,32.0,2.0,1
P05_p5n96,60,32.0,1.0,32.0,1.0,1
P02_p2n33,60,32.0,1.0,32.0,1.0,1
P01_p1n35,68,32.0,1.0,32.0,1.0,1
P05_p5n97,68,32.0,1.0,32.0,1.0,1
P02_p2n34,66,33.0,1.0,33.0,1.0,1
P05_p5n100,66,33.0,1.0,33.0,1.0,1
P05_p5n101,75,33.0,1.0,33.0,1.0,1
P01_p1n36,75,33.0,1.0,33.0,1.0,1
P03_p3n33,56,34.0,1.0,34.0,1.0,1
P02_p2n35,65,34.0,1.0,34.0,1.0,1
P05_p5n102,65,34.0,1.0,34.0,1.0,1
P05_p5n103,74,34.0,1.0,34.0,1.0,1
P01_p1n37,74,34.0,1.0,34.0,1.0,1
P04_p4n33,44,35.0,1.0,35.0,1.0,1
P03_p3n34,54,35.0,1.0,35.0,1.0,1
P05_p5n104,63,35.0,1.0,35.0,1.0,1
P02_p2n36,63,35.0,1.0,35.0,1.0,1
P01_p1n38,72,35.0,1.0,35.0,1.0,1
P05_p5n105,72,35.0,1.0,35.0,1.0,1
P04_p4n34,43,36.0,3.0,36.0,3.0,1
P05_p5n109,43,36.0,3.0,36.0,3.0,5
P05_p5n110,53,36.0,3.0,36.0,3.0,5
P03_p3n35,55,36.0,3.0,36.0,3.0,1
P05_p5n106,62,36.0,3.0,36.0,3.0,1
P02_p2n37,62,36.0,3.0,36.0,3.0,1
P05_p5n107,68,36.0,3.0,36.0,3.0,1
P02_p2n38,68,36.0,3.0,36.0,3.0,1
P01_p1n39,72,36.0,3.0,36.0,3.0,1
P05_p5n108,72,36.0,3.0,36.0,3.0,1
P05_p5n112,24,39.0,1.0,39.0,1.0,5
P05_p5n114,36,40.0,1.0,40.0,1.0,5
P05_p5n115,62,40.5,1.0,40.5,1.0,1
P05_p5n116,63,40.5,1.0,40.5,1.0,1
P05_p5n117,67,40.5,1.0,40.5,1.0,1
P05_p5n118,24,41.0,1.0,41.0,1.0,5
P05_p5n119,62,41.5,0.5,41.5,0.5,1
P05_p5n120,63,41.5,0.5,41.5,0.5,1
P05_p5n121,67,41.5,0.5,41.5,0.5,1
P05_p5n125,36,42.0,1.0,42.0,1.0,5
P05_p5n122,62,42.0,0.25,42.0,0.25,1
P05_p5n123,63,42.0,0.25,42.0,0.25,1
P05_p5n124,67,42.0,0.25,42.0,0.25,1
P05_p5n126,62,42.25,0.25,42.25,0.25,1
P05_p5n127,63,42.25,0.25,42.25,0.25,1
P05_p5n128,67,42.25,0.25,42.25,0.25,1
P05_p5n129,62,42.5,1.5,42.5,1.5,1
P05_p5n130,63,42.5,1.5,42.5,1.5,1
P05_p5n131,67,42.5,1.5,42.5,1.5,1
P05_p5n132,24,43.0,1.0,43.0,1.0,5
P05_p5n134,36,44.0,1.0,44.0,1.0,5
P05_p5n135,54,44.5,0.5,44.5,0.5,1
P05_p5n137,24,45.0,1.0,45.0,1.0,5
P05_p5n136,55,45.0,0.5,45.0,0.5,1
P05_p5n138,63,45.5,0.5,45.5,0.5,1
P05_p5n140,36,46.0,1.0,46.0,1.0,5
P05_p5n139,59,46.0,0.5,46.0,0.5,1
P05_p5n141,60,46.5,0.5,46.5,0.5,1
P05_p5n143,24,47.0,1.0,47.0,1.0,5
P05_p5n142,68,47.0,0.5,47.0,0.5,1
P05_p5n144,67,47.5,0.5,47.5,0.5,1
P05_p5n146,36,48.0,1.0,48.0,1.0,5
P05_p5n147,62,48.5,1.0,48.5,1.0,1
P05_p5n148,63,48.5,1.0,48.5,1.0,1
P05_p5n149,67,48.5,1.0,48.5,1.0,1
P05_p5n150,24,49.0,1.0,49.0,1.0,5
P05_p5n151,62,49.5,0.5,49.5,0.5,1
P05_p5n152,63,49.5,0.5,49.5,0.5,1
P05_p5n153,67,49.5,0.5,49.5,0.5,1
P05_p5n157,36,50.0,1.0,50.0,1.0,5
P05_p5n154,62,50.0,0.25,50.0,0.25,1
P05_p5n155,63,50.0,0.25,50.0,0.25,1
P05_p5n156,67,50.0,0.25,50.0,0.25,1
P05_p5n158,62,50.25,0.25,50.25,0.25,1
P05_p5n159,63,50.25,0.25,50.25,0.25,1
P05_p5n160,67,50.25,0.25,50.25,0.25,1
P05_p5n161,62,50.5,1.5,50.5,1.5,1
P05_p5n162,63,50.5,1.5,50.5,1.5,1
P05_p5n163,67,50.5,1.5,50.5,1.5,1
P05_p5n164,24,51.0,1.0,51.0,1.0,5
P05_p5n166,36,52.0,1.0,52.0,1.0,5
P05_p5n167,55,52.5,1.0,52.5,1.0,1
P05_p5n168,63,52.5,1.0,52.5,1.0,1
P05_p5n169,24,53.0,1.0,53.0,1.0,5
P05_p5n170,54,53.5,0.5,53.5,0.5,1
P05_p5n171,62,53.5,0.5,53.5,0.5,1
P05_p5n174,36,54.0,1.0,54.0,1.0,5
P05_p5n172,54,54.0,0.5,54.0,0.5,1
P05_p5n173,62,54.0,0.5,54.0,0.5,1
P05_p5n175,53,54.5,0.5,54.5,0.5,1
P05_p5n176,61,54.5,0.5,54.5,0.5,1
P05_p5n179,24,55.0,1.0,55.0,1.0,5
P05_p5n177,53,55.0,0.5,55.0,0.5,1
P05_p5n178,61,55.0,0.5,55.0,0.5,1
P05_p5n180,51,55.5,0.5,55.5,0.5,1
P05_p5n181,60,55.5,0.5,55.5,0.5,1
P05_p5n185,36,56.0,1.0,56.0,1.0,5
P05_p5n182,60,56.0,1.0,56.0,1.0,1
P05_p5n183,63,56.0,1.0,56.0,1.0,1
P05_p5n184,67,56.0,1.0,56.0,1.0,1
P04_p4n41,48,56.5,1.0,56.5,1.0,1
P05_p5n187,24,57.0,1.0,57.0,1.0,5
P04_p4n42,47,57.5,0.25,57.5,0.25,1
P04_p4n43,48,57.75,0.25,57.75,0.25,1
P05_p5n191,36,58.0,1.0,58.0,1.0,5
P04_p4n44,50,58.0,1.5,58.0,1.5,1
P05_p5n188,60,58.0,1.0,58.0,1.0,1
P05_p5n189,63,58.0,1.0,58.0,1.0,1
P05_p5n190,67,58.0,1.0,58.0,1.0,1
P05_p5n193,24,59.0,1.0,59.0,1.0,5
P04_p4n45,48,59.5,0.25,59.5,0.25,1
P04_p4n46,50,59.75,0.25,59.75,0.25,1
P05_p5n197,36,60.0,1.0,60.0,1.0,5
P04_p4n47,51,60.0,0.25,60.0,0.25,1
P05_p5n194,60,60.0,1.0,60.0,1.0,1
P05_p5n195,63,60.0,1.0,60.0,1.0,1
P05_p5n196,67,60.0,1.0,60.0,1.0,1
P04_p4n48,50,60.25,0.25,60.25,0.25,1
P04_p4n49,51,60.5,1.0,60.5,1.0,1
P05_p5n199,24,61.0,1.0,61.0,1.0,5
P04_p4n50,48,61.5,0.5,61.5,0.5,1
P05_p5n203,36,62.0,1.0,62.0,1.0,5
P04_p4n51,56,62.0,1.5,62.0,1.5,1
P05_p5n200,60,62.0,1.0,62.0,1.0,1
P05_p5n201,63,62.0,1.0,62.0,1.0,1
P05_p5n202,67,62.0,1.0,62.0,1.0,1
P05_p5n205,24,63.0,1.0,63.0,1.0,5
P04_p4n52,55,63.5,0.25,63.5,0.25,1
P04_p4n53,53,63.75,0.25,63.75,0.25,1
P05_p5n209,36,64.0,1.0,64.0,1.0,5
P04_p4n54,55,64.0,0.5,64.0,0.5,1
P05_p5n206,60,64.0,1.0,64.0,1.0,1
P05_p5n207,63,64.0,1.0,64.0,1.0,1
P05_p5n208,67,64.0,1.0,64.0,1.0,1
P04_p4n55,48,64.5,0.5,64.5,0.5,1
P05_p5n211,24,65.0,1.0,65.0,1.0,5
P04_p4n56,53,65.0,1.5,65.0,1.5,1
P05_p5n215,36,66.0,1.0,66.0,1.0,5
P05_p5n212,60,66.0,1.0,66.0,1.0,1
P05_p5n213,63,66.0,1.0,66.0,1.0,1
P05_p5n214,67,66.0,1.0,66.0,1.0,1
P04_p4n58,51,66.5,0.25,66.5,0.25,1
P04_p4n59,50,66.75,0.25,66.75,0.25,1
P05_p5n217,24,67.0,1.0,67.0,1.0,5
P04_p4n60,51,67.0,1.0,67.0,1.0,1
P05_p5n221,36,68.0,1.0,68.0,1.0,5
P05_p5n218,60,68.0,1.0,68.0,1.0,1
P05_p5n219,63,68.0,1.0,68.0,1.0,1
P05_p5n220,67,68.0,1.0,68.0,1.0,1
P04_p4n62,48,68.5,1.0,68.5,1.0,1
P05_p5n223,24,69.0,1.0,69.0,1.0,5
P04_p4n63,47,69.5,0.25,69.5,0.25,1
P04_p4n64,48,69.75,0.25,69.75,0.25,1
P05_p5n227,36,70.0,1.0,70.0,1.0,5
P04_p4n65,50,70.0,1.5,70.0,1.5,1
P05_p5n224,60,70.0,1.0,70.0,1.0,1
P05_p5n225,63,70.0,1.0,70.0,1.0,1
P05_p5n226,67,70.0,1.0,70.0,1.0,1
P05_p5n229,24,71.0,1.0,71.0,1.0,5
P04_p4n66,51,71.5,0.25,71.5,0.25,1
P04_p4n67,53,71.75,0.25,71.75,0.25,1
P05_p5n233,36,72.0,1.0,72.0,1.0,5
P04_p4n68,51,72.0,0.25,72.0,0.25,1
P05_p5n230,60,72.0,1.0,72.0,1.0,1
P05_p5n231,63,72.0,1.0,72.0,1.0,1
P05_p5n232,67,72.0,1.0,72.0,1.0,1
P04_p4n69,50,72.25,0.25,72.25,0.25,1
P04_p4n70,48,72.5,1.5,72.5,1.5,1
P03_p3n46,55,72.5,1.0,72.5,1.0,1
P05_p5n235,24,73.0,1.0,73.0,1.0,5
P03_p3n47,53,73.5,0.25,73.5,0.25,1
P03_p3n48,55,73.75,0.25,73.75,0.25,1
P05_p5n239,36,74.0,1.0,74.0,1.0,5
P03_p3n49,56,74.0,1.5,74.0,1.5,1
P05_p5n236,60,74.0,1.0,74.0,1.0,1
P05_p5n237,63,74.0,1.0,74.0,1.0,1
P05_p5n238,67,74.0,1.0,74.0,1.0,1
P04_p4n72,48,74.5,1.0,74.5,1.0,1
P05_p5n241,24,75.0,1.0,75.0,1.0,5
P04_p4n73,48,75.5,0.5,75.5,0.5,1
P03_p3n50,55,75.5,0.25,75.5,0.25,1
P03_p3n51,56,75.75,0.25,75.75,0.25,1
P05_p5n245,36,76.0,1.0,76.0,1.0,5
P04_p4n74,48,76.0,2.0,76.0,2.0,1
P03_p3n52,58,76.0,0.25,76.0,0.25,1
P05_p5n242,60,76.0,1.0,76.0,1.0,1
P05_p5n243,63,76.0,1.0,76.0,1.0,1
P05_p5n244,67,76.0,1.0,76.0,1.0,1
P03_p3n53,56,76.25,0.25,76.25,0.25,1
P03_p3n54,58,76.5,1.0,76.5,1.0,1
P05_p5n247,24,77.0,1.0,77.0,1.0,5
P03_p3n55,55,77.5,0.5,77.5,0.5,1
P05_p5n251,36,78.0,1.0,78.0,1.0,5
P05_p5n248,60,78.0,1.0,78.0,1.0,1
P03_p3n56,63,78.0,1.5,78.0,1.5,1
P05_p5n249,63,78.0,1.0,78.0,1.0,1
P05_p5n250,67,78.0,1.0,78.0,1.0,1
P04_p4n76,48,78.5,1.0,78.5,1.0,1
P05_p5n253,24,79.0,1.0,79.0,1.0,5
P04_p4n77,48,79.5,1.0,79.5,1.0,1
P03_p3n57,62,79.5,0.25,79.5,0.25,1
P03_p3n58,60,79.75,0.25,79.75,0.25,1
P05_p5n257,36,80.0,1.0,80.0,1.0,5
P05_p5n254,60,80.0,1.0,80.0,1.0,1
P03_p3n59,62,80.0,0.5,80.0,0.5,1
P05_p5n255,63,80.0,1.0,80.0,1.0,1
P05_p5n256,67,80.0,1.0,80.0,1.0,1
P04_p4n79,48,80.5,0.5,80.5,0.5,1
P03_p3n60,55,80.5,0.5,80.5,0.5,1
P05_p5n259,24,81.0,1.0,81.0,1.0,5
P04_p4n80,48,81.0,1.0,81.0,1.0,1
P03_p3n61,60,81.0,1.5,81.0,1.5,1
P05_p5n263,36,82.0,1.0,82.0,1.0,5
P05_p5n260,60,82.0,1.0,82.0,1.0,1
P05_p5n261,63,82.0,1.0,82.0,1.0,1
P05_p5n262,67,82.0,1.0,82.0,1.0,1
P04_p4n82,48,82.5,1.0,82.5,1.0,1
P03_p3n63,58,82.5,0.25,82.5,0.25,1
P03_p3n64,56,82.75,0.25,82.75,0.25,1
P05_p5n265,24,83.0,1.0,83.0,1.0,5
P03_p3n65,58,83.0,1.0,83.0,1.0,1
P04_p4n83,48,83.5,0.5,83.5,0.5,1
P05_p5n269,36,84.0,1.0,84.0,1.0,5
P04_p4n84,48,84.0,2.0,84.0,2.0,1
P05_p5n266,60,84.0,1.0,84.0,1.0,1
P05_p5n267,63,84.0,1.0,84.0,1.0,1
P05_p5n268,67,84.0,1.0,84.0,1.0,1
P03_p3n67,55,84.5,1.0,84.5,1.0,1
P05_p5n271,24,85.0,1.0,85.0,1.0,5
P03_p3n68,53,85.5,0.25,85.5,0.25,1
P03_p3n69,55,85.75,0.25,85.75,0.25,1
P05_p5n275,36,86.0,1.0,86.0,1.0,5
P03_p3n70,56,86.0,1.5,86.0,1.5,1
P05_p5n272,60,86.0,1.0,86.0,1.0,1
P05_p5n273,63,86.0,1.0,86.0,1.0,1
P05_p5n274,67,86.0,1.0,86.0,1.0,1
P04_p4n86,48,86.5,1.0,86.5,1.0,1
P05_p5n277,24,87.0,1.0,87.0,1.0,5
P04_p4n87,48,87.5,1.0,87.5,1.0,1
P03_p3n71,58,87.5,0.25,87.5,0.25,1
P03_p3n72,60,87.75,0.25,87.75,0.25,1
P05_p5n281,36,88.0,1.0,88.0,1.0,5
P03_p3n73,58,88.0,0.25,88.0,0.25,1
P05_p5n278,60,88.0,1.0,88.0,1.0,1
P05_p5n279,63,88.0,1.0,88.0,1.0,1
P05_p5n280,67,88.0,1.0,88.0,1.0,1
P03_p3n74,56,88.25,0.25,88.25,0.25,1
P04_p4n89,48,88.5,0.5,88.5,0.5,1
P03_p3n75,55,88.5,1.5,88.5,1.5,1
P02_p2n53,60,88.5,1.0,88.5,1.0,1
P05_p5n283,24,89.0,1.0,89.0,1.0,5
P04_p4n90,48,89.0,1.0,89.0,1.0,1
P02_p2n54,59,89.5,0.25,89.5,0.25,1
P02_p2n55,60,89.75,0.25,89.75,0.25,1
P05_p5n287,36,90.0,1.0,90.0,1.0,5
P05_p5n284,60,90.0,1.0,90.0,1.0,1
P02_p2n56,62,90.0,1.5,90.0,1.5,1
P05_p5n285,63,90.0,1.0,90.0,1.0,1
P05_p5n286,67,90.0,1.0,90.0,1.0,1
P04_p4n92,48,90.5,1.0,90.5,1.0,1
P03_p3n77,56,90.5,1.0,90.5,1.0,1
P05_p5n289,24,91.0,1.0,91.0,1.0,5
P04_p4n93,48,91.5,0.5,91.5,0.5,1
P03_p3n78,56,91.5,0.5,91.5,0.5,1
P02_p2n57,60,91.5,0.25,91.5,0.25,1
P02_p2n58,62,91.75,0.25,91.75,0.25,1
P05_p5n293,36,92.0,1.0,92.0,1.0,5
P04_p4n94,48,92.0,2.0,92.0,2.0,1
P03_p3n79,55,92.0,2.0,92.0,2.0,1
P05_p5n290,60,92.0,1.0,92.0,1.0,1
P02_p2n59,63,92.0,0.25,92.0,0.25,1
P05_p5n291,63,92.0,1.0,92.0,1.0,1
P05_p5n292,67,92.0,1.0,92.0,1.0,1
P02_p2n60,62,92.25,0.25,92.25,0.25,1
P02_p2n61,63,92.5,1.0,92.5,1.0,1
P05_p5n295,24,93.0,1.0,93.0,1.0,5
P02_p2n62,60,93.5,0.5,93.5,0.5,1
P05_p5n299,36,94.0,1.0,94.0,1.0,5
P05_p5n296,60,94.0,1.0,94.0,1.0,1
P05_p5n297,63,94.0,1.0,94.0,1.0,1
P05_p5n298,67,94.0,1.0,94.0,1.0,1
P02_p2n63,68,94.0,1.5,94.0,1.5,1
P04_p4n96,48,94.5,1.0,94.5,1.0,1
P03_p3n81,53,94.5,1.0,94.5,1.0,1
P05_p5n301,24,95.0,1.0,95.0,1.0,5
P04_p4n97,48,95.5,1.0,95.5,1.0,1
P03_p3n82,62,95.5,1.0,95.5,1.0,1
P02_p2n64,67,95.5,0.25,95.5,0.25,1
P02_p2n65,65,95.75,0.25,95.75,0.25,1
P05_p5n305,36,96.0,1.0,96.0,1.0,5
P05_p5n302,60,96.0,1.0,96.0,1.0,1
P05_p5n303,63,96.0,1.0,96.0,1.0,1
P05_p5n304,67,96.0,1.0,96.0,1.0,1
P02_p2n66,67,96.0,0.5,96.0,0.5,1
P04_p4n99,48,96.5,0.5,96.5,0.5,1
P03_p3n84,60,96.5,0.5,96.5,0.5,1
P02_p2n67,60,96.5,0.5,96.5,0.5,1
P05_p5n307,24,97.0,1.0,97.0,1.0,5
P04_p4n100,48,97.0,1.0,97.0,1.0,1
P03_p3n85,60,97.0,1.0,97.0,1.0,1
P02_p2n68,65,97.0,1.5,97.0,1.5,1
P05_p5n311,36,98.0,1.0,98.0,1.0,5
P05_p5n308,60,98.0,1.0,98.0,1.0,1
P05_p5n309,63,98.0,1.0,98.0,1.0,1
P05_p5n310,67,98.0,1.0,98.0,1.0,1
P04_p4n102,48,98.5,1.0,98.5,1.0,1
P03_p3n87,58,98.5,1.0,98.5,1.0,1
P02_p2n70,63,98.5,0.25,98.5,0.25,1
P02_p2n71,62,98.75,0.25,98.75,0.25,1
P05_p5n313,24,99.0,1.0,99.0,1.0,5
P02_p2n72,63,99.0,1.0,99.0,1.0,1
P04_p4n103,48,99.5,0.5,99.5,0.5,1
P03_p3n88,57,99.5,0.5,99.5,0.5,1
P05_p5n317,36,100.0,1.0,100.0,1.0,5
P04_p4n104,48,100.0,2.0,100.0,2.0,1
P03_p3n89,56,100.0,2.0,100.0,2.0,1
P05_p5n314,60,100.0,1.0,100.0,1.0,1
P05_p5n315,63,100.0,1.0,100.0,1.0,1
P05_p5n316,67,100.0,1.0,100.0,1.0,1
P02_p2n74,60,100.5,1.0,100.5,1.0,1
P05_p5n319,24,101.0,1.0,101.0,1.0,5
P02_p2n75,59,101.5,0.25,101.5,0.25,1
P02_p2n76,60,101.75,0.25,101.75,0.25,1
P05_p5n323,36,102.0,1.0,102.0,1.0,5
P05_p5n320,60,102.0,1.0,102.0,1.0,1
P02_p2n77,62,102.0,1.5,102.0,1.5,1
P05_p5n321,63,102.0,1.0,102.0,1.0,1
P05_p5n322,67,102.0,1.0,102.0,1.0,1
P04_p4n106,48,102.5,1.0,102.5,1.0,1
P03_p3n91,54,102.5,1.0,102.5,1.0,1
P05_p5n325,24,103.0,1.0,103.0,1.0,5
P04_p4n107,48,103.5,1.0,103.5,1.0,1
P03_p3n92,56,103.5,1.0,103.5,1.0,1
P02_p2n78,63,103.5,0.25,103.5,0.25,1
P02_p2n79,65,103.75,0.25,103.75,0.25,1
P05_p5n329,36,104.0,1.0,104.0,1.0,5
P05_p5n326,60,104.0,1.0,104.0,1.0,1
P02_p2n80,63,104.0,0.25,104.0,0.25,1
P05_p5n327,63,104.0,1.0,104.0,1.0,1
P05_p5n328,67,104.0,1.0,104.0,1.0,1
P02_p2n81,62,104.25,0.25,104.25,0.25,1
P04_p4n109,48,104.5,0.5,104.5,0.5,1
P03_p3n94,55,104.5,0.5,104.5,0.5,1
P02_p2n82,60,104.5,1.5,104.5,1.5,1
P01_p1n58,67,104.5,1.0,104.5,1.0,1
P05_p5n331,24,105.0,1.0,105.0,1.0,5
P04_p4n110,48,105.0,1.0,105.0,1.0,1
P03_p3n95,55,105.0,1.0,105.0,1.0,1
P01_p1n59,65,105.5,0.25,105.5,0.25,1
P01_p1n60,67,105.75,0.25,105.75,0.25,1
P05_p5n335,36,106.0,1.0,106.0,1.0,5
P05_p5n332,60,106.0,1.0,106.0,1.0,1
P05_p5n333,63,106.0,1.0,106.0,1.0,1
P05_p5n334,67,106.0,1.0,106.0,1.0,1
P01_p1n61,68,106.0,1.5,106.0,1.5,1
P04_p4n112,48,106.5,1.0,106.5,1.0,1
P03_p3n97,53,106.5,1.0,106.5,1.0,1
P02_p2n84,62,106.5,1.0,106.5,1.0,1
P05_p5n337,24,107.0,1.0,107.0,1.0,5
P04_p4n113,48,107.5,0.5,107.5,0.5,1
P03_p3n98,53,107.5,0.5,107.5,0.5,1
P02_p2n85,62,107.5,0.5,107.5,0.5,1
P01_p1n62,67,107.5,0.25,107.5,0.25,1
P01_p1n63,68,107.75,0.25,107.75,0.25,1
P05_p5n341,36,108.0,1.0,108.0,1.0,5
P04_p4n114,48,108.0,2.0,108.0,2.0,1
P03_p3n99,55,108.0,2.0,108.0,2.0,1
P05_p5n338,60,108.0,1.0,108.0,1.0,1
P02_p2n86,63,108.0,2.0,108.0,2.0,1
P05_p5n339,63,108.0,1.0,108.0,1.0,1
P05_p5n340,67,108.0,1.0,108.0,1.0,1
P01_p1n64,70,108.0,0.25,108.0,0.25,1
P01_p1n65,68,108.25,0.25,108.25,0.25,1
P01_p1n66,70,108.5,1.0,108.5,1.0,1
P05_p5n343,24,109.0,1.0,109.0,1.0,5
P01_p1n67,67,109.5,0.5,109.5,0.5,1
P05_p5n347,36,110.0,1.0,110.0,1.0,5
P05_p5n344,60,110.0,1.0,110.0,1.0,1
P05_p5n345,63,110.0,1.0,110.0,1.0,1
P05_p5n346,67,110.0,1.0,110.0,1.0,1
P01_p1n68,75,110.0,1.5,110.0,1.5,1
P04_p4n116,48,110.5,1.0,110.5,1.0,1
P03_p3n101,57,110.5,1.0,110.5,1.0,1
P02_p2n88,66,110.5,1.0,110.5,1.0,1
P05_p5n349,24,111.0,1.0,111.0,1.0,5
P04_p4n117,48,111.5,1.0,111.5,1.0,1
P03_p3n102,56,111.5,1.0,111.5,1.0,1
P02_p2n89,65,111.5,1.0,111.5,1.0,1
P01_p1n69,74,111.5,0.25,111.5,0.25,1
P01_p1n70,72,111.75,0.25,111.75,0.25,1
P05_p5n353,36,112.0,1.0,112.0,1.0,5
P05_p5n350,60,112.0,1.0,112.0,1.0,1
P05_p5n351,63,112.0,1.0,112.0,1.0,1
P05_p5n352,67,112.0,1.0,112.0,1.0,1
P01_p1n71,74,112.0,0.5,112.0,0.5,1
P04_p4n119,48,112.5,0.5,112.5,0.5,1
P03_p3n104,55,112.5,0.5,112.5,0.5,1
P02_p2n91,63,112.5,0.5,112.5,0.5,1
P01_p1n72,67,112.5,0.5,112.5,0.5,1
P05_p5n355,24,113.0,1.0,113.0,1.0,5
P04_p4n120,48,113.0,1.0,113.0,1.0,1
P03_p3n105,55,113.0,1.0,113.0,1.0,1
P02_p2n92,63,113.0,1.0,113.0,1.0,1
P01_p1n73,72,113.0,1.5,113.0,1.5,1
P05_p5n359,36,114.0,1.0,114.0,1.0,5
P05_p5n356,60,114.0,1.0,114.0,1.0,1
P05_p5n357,63,114.0,1.0,114.0,1.0,1
P05_p5n358,67,114.0,1.0,114.0,1.0,1
P04_p4n122,48,114.5,1.0,114.5,1.0,1
P03_p3n107,53,114.5,1.0,114.5,1.0,1
P02_p2n94,62,114.5,1.0,114.5,1.0,1
P01_p1n75,70,114.5,0.25,114.5,0.25,1
P01_p1n76,68,114.75,0.25,114.75,0.25,1
P05_p5n361,24,115.0,1.0,115.0,1.0,5
P01_p1n77,70,115.0,1.0,115.0,1.0,1
P04_p4n123,48,115.5,0.5,115.5,0.5,1
P03_p3n108,53,115.5,0.5,115.5,0.5,1
P02_p2n95,62,115.5,0.5,115.5,0.5,1
P05_p5n365,36,116.0,1.0,116.0,1.0,5
P04_p4n124,48,116.0,2.0,116.0,2.0,1
P03_p3n109,55,116.0,2.0,116.0,2.0,1
P05_p5n362,60,116.0,1.0,116.0,1.0,1
P02_p2n96,63,116.0,2.0,116.0,2.0,1
P05_p5n363,63,116.0,1.0,116.0,1.0,1
P05_p5n364,67,116.0,1.0,116.0,1.0,1
P01_p1n79,67,116.5,1.0,116.5,1.0,1
P05_p5n367,24,117.0,1.0,117.0,1.0,5
P01_p1n80,65,117.5,0.25,117.5,0.25,1
P01_p1n81,67,117.75,0.25,117.75,0.25,1
P05_p5n371,36,118.0,1.0,118.0,1.0,5
P05_p5n368,60,118.0,1.0,118.0,1.0,1
P05_p5n369,63,118.0,1.0,118.0,1.0,1
P05_p5n370,67,118.0,1.0,118.0,1.0,1
P01_p1n82,68,118.0,1.5,118.0,1.5,1
P04_p4n126,48,118.5,1.0,118.5,1.0,1
P03_p3n111,54,118.5,1.0,118.5,1.0,1
P02_p2n98,62,118.5,1.0,118.5,1.0,1
P05_p5n373,24,119.0,1.0,119.0,1.0,5
P04_p4n127,48,119.5,1.0,119.5,1.0,1
P03_p3n112,56,119.5,1.0,119.5,1.0,1
P02_p2n99,62,119.5,1.0,119.5,1.0,1
P01_p1n83,70,119.5,0.25,119.5,0.25,1
P01_p1n84,72,119.75,0.25,119.75,0.25,1
P05_p5n375,36,120.0,1.0,120.0,1.0,5
P01_p1n85,70,120.0,0.25,120.0,0.25,1
P01_p1n86,68,120.25,0.25,120.25,0.25,1
P04_p4n129,48,120.5,0.5,120.5,0.5,1
P03_p3n114,55,120.5,0.5,120.5,0.5,1
P02_p2n101,60,120.5,0.5,120.5,0.5,1
P01_p1n87,67,120.5,3.5,120.5,3.5,1
P05_p5n378,46,121.0,1.0,121.0,1.0,5
P03_p3n115,55,121.0,3.0,121.0,3.0,1
P05_p5n376,58,121.0,1.0,121.0,1.0,1
P04_p4n130,58,121.0,1.0,121.0,1.0,1
P02_p2n102,60,121.0,3.0,121.0,3.0,1
P05_p5n377,70,121.0,1.0,121.0,1.0,1
P05_p5n381,44,122.0,1.0,122.0,1.0,5
P05_p5n379,56,122.0,1.0,122.0,1.0,1
P04_p4n131,56,122.0,1.0,122.0,1.0,1
P05_p5n380,68,122.0,1.0,122.0,1.0,1
P05_p5n384,43,123.0,1.0,123.0,1.0,5
P04_p4n132,55,123.0,1.0,123.0,1.0,1
P05_p5n382,55,123.0,1.0,123.0,1.0,1
P05_p5n383,67,123.0,1.0,123.0,1.0,1
P05_p5n386,41,124.0,1.0,124.0,1.0,5
P04_p4n133,53,124.0,1.0,124.0,1.0,1
P05_p5n387,56,124.5,1.5,124.5,1.5,1
P03_p3n118,60,124.5,1.0,124.5,1.0,1
P02_p2n105,63,124.5,1.0,124.5,1.0,1
P05_p5n388,63,124.5,1.5,124.5,1.5,1
P01_p1n90,68,124.5,1.0,124.5,1.0,1
P05_p5n389,39,125.0,1.0,125.0,1.0,5
P04_p4n134,51,125.0,1.0,125.0,1.0,1
P03_p3n119,62,125.5,0.25,125.5,0.25,1
P02_p2n106,63,125.5,0.5,125.5,0.5,1
P01_p1n91,67,125.5,0.25,125.5,0.25,1
P03_p3n120,60,125.75,0.25,125.75,0.25,1
P01_p1n92,68,125.75,0.25,125.75,0.25,1
P05_p5n391,38,126.0,1.0,126.0,1.0,5
P04_p4n135,50,126.0,1.0,126.0,1.0,1
P03_p3n121,58,126.0,1.0,126.0,1.0,1
P02_p2n107,68,126.0,0.5,126.0,0.5,1
P01_p1n93,70,126.0,1.5,126.0,1.5,1
P05_p5n392,56,126.5,1.5,126.5,1.5,1
P05_p5n393,62,126.5,1.5,126.5,1.5,1
P02_p2n108,67,126.5,0.5,126.5,0.5,1
P05_p5n394,34,127.0,1.0,127.0,1.0,5
P04_p4n136,46,127.0,1.0,127.0,1.0,1
P03_p3n122,56,127.0,1.0,127.0,1.0,1
P02_p2n109,66,127.0,1.0,127.0,1.0,1
P01_p1n94,72,127.5,0.25,127.5,0.25,1
P01_p1n95,74,127.75,0.25,127.75,0.25,1
P05_p5n396,43,128.0,1.0,128.0,1.0,5
P04_p4n137,55,128.0,1.0,128.0,1.0,1
P01_p1n96,72,128.0,0.25,128.0,0.25,1
P01_p1n97,70,128.25,0.25,128.25,0.25,1
P05_p5n397,58,128.5,1.5,128.5,1.5,1
P03_p3n124,62,128.5,1.0,128.5,1.0,1
P02_p2n111,65,128.5,1.0,128.5,1.0,1
P05_p5n398,65,128.5,1.5,128.5,1.5,1
P01_p1n98,72,128.5,3.5,128.5,3.5,1
P05_p5n399,41,129.0,1.0,129.0,1.0,5
P04_p4n138,53,129.0,1.0,129.0,1.0,1
P03_p3n125,60,129.5,0.25,129.5,0.25,1
P02_p2n112,63,129.5,0.25,129.5,0.25,1
P03_p3n126,59,129.75,0.25,129.75,0.25,1
P02_p2n113,62,129.75,0.25,129.75,0.25,1
P05_p5n401,40,130.0,1.0,130.0,1.0,5
P04_p4n139,52,130.0,1.0,130.0,1.0,1
P03_p3n127,60,130.0,0.5,130.0,0.5,1
P02_p2n114,61,130.0,0.5,130.0,0.5,1
P05_p5n402,58,130.5,1.5,130.5,1.5,1
P03_p3n128,58,130.5,0.25,130.5,0.25,1
P05_p5n403,61,130.5,1.5,130.5,1.5,1
P02_p2n115,61,130.5,0.5,130.5,0.5,1
P05_p5n404,64,130.5,1.5,130.5,1.5,1
P03_p3n129,57,130.75,0.25,130.75,0.25,1
P05_p5n405,36,131.0,1.0,131.0,1.0,5
P04_p4n140,48,131.0,1.0,131.0,1.0,1
P03_p3n130,58,131.0,0.5,131.0,0.5,1
P02_p2n116,60,131.0,0.5,131.0,0.5,1
P03_p3n131,56,131.5,0.25,131.5,0.25,1
P02_p2n117,64,131.5,0.5,131.5,0.5,1
P03_p3n132,55,131.75,0.25,131.75,0.25,1
P05_p5n407,41,132.0,1.0,132.0,1.0,5
P04_p4n141,53,132.0,1.0,132.0,1.0,1
P02_p2n118,67,132.0,3.0,132.0,3.0,1
P05_p5n408,56,132.5,1.5,132.5,1.5,1
P03_p3n134,60,132.5,1.0,132.5,1.0,1
P05_p5n409,63,132.5,1.5,132.5,1.5,1
P01_p1n101,68,132.5,1.0,132.5,1.0,1
P04_p4n142,53,133.0,1.0,133.0,1.0,1
P05_p5n410,53,133.0,1.0,133.0,1.0,5
P03_p3n135,62,133.5,0.25,133.5,0.25,1
P01_p1n102,70,133.5,0.25,133.5,0.25,1
P03_p3n136,63,133.75,0.25,133.75,0.25,1
P01_p1n103,72,133.75,0.25,133.75,0.25,1
P04_p4n143,46,134.0,1.0,134.0,1.0,1
P05_p5n412,46,134.0,1.0,134.0,1.0,5
P03_p3n137,62,134.0,1.5,134.0,1.5,1
P01_p1n104,70,134.0,1.5,134.0,1.5,1
P05_p5n413,56,134.5,1.5,134.5,1.5,1
P05_p5n414,62,134.5,1.5,134.5,1.5,1
P05_p5n415,34,135.0,1.0,135.0,1.0,5
P04_p4n144,46,135.0,1.0,135.0,1.0,1
P02_p2n119,68,135.0,1.0,135.0,1.0,1
P03_p3n138,63,135.5,0.25,135.5,0.25,1
P01_p1n105,72,135.5,0.25,135.5,0.25,1
P03_p3n139,62,135.75,0.25,135.75,0.25,1
P01_p1n106,74,135.75,0.25,135.75,0.25,1
P05_p5n419,39,136.0,2.0,136.0,2.0,5
P04_p4n145,51,136.0,2.0,136.0,2.0,1
P05_p5n418,56,136.0,1.0,136.0,1.0,2
P03_p3n140,61,136.0,2.0,136.0,2.0,1
P05_p5n416,61,136.0,2.0,136.0,2.0,1
P05_p5n417,65,136.0,2.0,136.0,2.0,1
P02_p2n120,68,136.0,1.0,136.0,1.0,1
P01_p1n107,77,136.0,0.6666666865348816,136.0,0.6666666865348816,1
P01_p1n108,75,136.6666717529297,0.6666666865348816,136.6666717529297,0.6666666865348816,1
P05_p5n420,55,137.0,1.0,137.0,1.0,2
P02_p2n121,67,137.0,1.0,137.0,1.0,1
P01_p1n109,75,137.3333282470703,0.3333333432674408,137.3333282470703,0.3333333432674408,1
P01_p1n110,71,137.6666717529297,0.3333333432674408,137.6666717529297,0.3333333432674408,1
P05_p5n424,40,138.0,2.0,138.0,2.0,5
P04_p4n146,52,138.0,2.0,138.0,2.0,1
P05_p5n421,55,138.0,2.0,138.0,2.0,1
P03_p3n141,60,138.0,1.0,138.0,1.0,1
P05_p5n422,60,138.0,2.0,138.0,2.0,1
P02_p2n122,67,138.0,2.0,138.0,2.0,1
P05_p5n423,67,138.0,2.0,138.0,2.0,1
P01_p1n111,74,138.0,0.6666666865348816,138.0,0.6666666865348816,1
P01_p1n112,72,138.6666717529297,0.6666666865348816,138.6666717529297,0.6666666865348816,1
P03_p3n142,61,139.0,1.0,139.0,1.0,1
P01_p1n113,72,139.3333282470703,0.3333333432674408,139.3333282470703,0.3333333432674408,1
P01_p1n114,70,139.6666717529297,0.3333333432674408,139.6666717529297,0.3333333432674408,1
P05_p5n426,41,140.0,1.0,140.0,1.0,5
P04_p4n147,53,140.0,1.0,140.0,1.0,1
P05_p5n427,56,140.5,1.5,140.5,1.5,1
P03_p3n144,60,140.5,1.0,140.5,1.0,1
P02_p2n124,63,140.5,1.0,140.5,1.0,1
P05_p5n428,63,140.5,1.5,140.5,1.5,1
P01_p1n116,68,140.5,1.0,140.5,1.0,1
P05_p5n429,39,141.0,1.0,141.0,1.0,5
P04_p4n148,51,141.0,1.0,141.0,1.0,1
P03_p3n145,62,141.5,0.25,141.5,0.25,1
P02_p2n125,63,141.5,0.5,141.5,0.5,1
P01_p1n117,67,141.5,0.25,141.5,0.25,1
P03_p3n146,60,141.75,0.25,141.75,0.25,1
P01_p1n118,68,141.75,0.25,141.75,0.25,1
P05_p5n431,38,142.0,1.0,142.0,1.0,5
P04_p4n149,50,142.0,1.0,142.0,1.0,1
P03_p3n147,58,142.0,1.0,142.0,1.0,1
P02_p2n126,68,142.0,0.5,142.0,0.5,1
P01_p1n119,70,142.0,1.5,142.0,1.5,1
P05_p5n432,56,142.5,1.5,142.5,1.5,1
P05_p5n433,62,142.5,1.5,142.5,1.5,1
P02_p2n127,67,142.5,0.5,142.5,0.5,1
P05_p5n434,34,143.0,1.0,143.0,1.0,5
P04_p4n150,46,143.0,1.0,143.0,1.0,1
P03_p3n148,56,143.0,1.0,143.0,1.0,1
P02_p2n128,66,143.0,1.0,143.0,1.0,1
P01_p1n120,72,143.5,0.25,143.5,0.25,1
P01_p1n121,74,143.75,0.25,143.75,0.25,1
P05_p5n436,31,144.0,0.5,144.0,0.5,5
P01_p1n122,72,144.0,0.25,144.0,0.25,1
P01_p1n123,70,144.25,0.25,144.25,0.25,1
P05_p5n439,43,144.5,1.0,144.5,1.0,5
P04_p4n152,55,144.5,1.0,144.5,1.0,1
P05_p5n437,58,144.5,1.0,144.5,1.0,1
P03_p3n150,58,144.5,1.0,144.5,1.0,1
P05_p5n438,65,144.5,1.0,144.5,1.0,1
P02_p2n130,65,144.5,1.0,144.5,1.0,1
P01_p1n124,72,144.5,1.5,144.5,1.5,1
P05_p5n442,43,145.5,0.5,145.5,0.5,5
P04_p4n153,55,145.5,0.5,145.5,0.5,1
P05_p5n440,58,145.5,0.5,145.5,0.5,1
P03_p3n151,58,145.5,0.5,145.5,0.5,1
P05_p5n441,65,145.5,0.5,145.5,0.5,1
P02_p2n131,65,145.5,0.5,145.5,0.5,1
P05_p5n445,43,146.0,1.0,146.0,1.0,5
P04_p4n154,55,146.0,1.0,146.0,1.0,1
P05_p5n443,58,146.0,1.0,146.0,1.0,1
P03_p3n152,58,146.0,1.0,146.0,1.0,1
P05_p5n444,65,146.0,1.0,146.0,1.0,1
P02_p2n132,65,146.0,1.0,146.0,1.0,1
P01_p1n125,70,146.0,1.0,146.0,1.0,1
P05_p5n448,42,147.0,1.0,147.0,1.0,5
P04_p4n155,54,147.0,1.0,147.0,1.0,1
P05_p5n446,57,147.0,1.0,147.0,1.0,1
P03_p3n153,57,147.0,1.0,147.0,1.0,1
P02_p2n133,64,147.0,1.0,147.0,1.0,1
P05_p5n447,64,147.0,1.0,147.0,1.0,1
P01_p1n126,71,147.0,1.0,147.0,1.0,1
P05_p5n450,41,148.0,1.0,148.0,1.0,5
P04_p4n156,53,148.0,2.0,148.0,2.0,1
P03_p3n154,56,148.0,3.0,148.0,3.0,1
P02_p2n134,63,148.0,3.0,148.0,3.0,1
P01_p1n127,72,148.0,1.0,148.0,1.0,1
P05_p5n451,56,148.5,1.5,148.5,1.5,1
P05_p5n452,63,148.5,1.5,148.5,1.5,1
P05_p5n453,53,149.0,1.0,149.0,1.0,5
P01_p1n128,70,149.0,0.5,149.0,0.5,1
P01_p1n129,68,149.5,0.5,149.5,0.5,1
P05_p5n455,46,150.0,1.0,150.0,1.0,5
P04_p4n157,46,150.0,2.0,150.0,2.0,1
P01_p1n130,67,150.0,0.25,150.0,0.25,1
P01_p1n131,66,150.25,0.25,150.25,0.25,1
P05_p5n456,56,150.5,1.5,150.5,1.5,1
P05_p5n457,62,150.5,1.5,150.5,1.5,1
P01_p1n132,70,150.5,1.0,150.5,1.0,1
P05_p5n458,46,151.0,1.0,151.0,1.0,5
P03_p3n155,59,151.0,1.0,151.0,1.0,1
P02_p2n135,62,151.0,1.0,151.0,1.0,1
P01_p1n133,68,151.5,0.5,151.5,0.5,1
P05_p5n462,51,152.0,0.6666666865348816,152.0,0.6666666865348816,5
P04_p4n158,51,152.0,2.0,152.0,2.0,1
P03_p3n156,58,152.0,1.5,152.0,1.5,1
P05_p5n459,58,152.0,2.0,152.0,2.0,1
P02_p2n136,62,152.0,2.0,152.0,2.0,1
P05_p5n460,62,152.0,2.0,152.0,2.0,1
P01_p1n134,67,152.0,1.5,152.0,1.5,1
P05_p5n461,67,152.0,2.0,152.0,2.0,1
P05_p5n463,55,152.6666717529297,0.6666666865348816,152.6666717529297,0.6666666865348816,5
P05_p5n464,53,153.3333282470703,0.3333333432674408,153.3333282470703,0.3333333432674408,5
P03_p3n157,57,153.5,0.25,153.5,0.25,1
P01_p1n135,65,153.5,0.25,153.5,0.25,1
P05_p5n465,51,153.6666717529297,0.3333333432674408,153.6666717529297,0.3333333432674408,5
P03_p3n158,58,153.75,0.25,153.75,0.25,1
P01_p1n136,67,153.75,0.25,153.75,0.25,1
P05_p5n469,50,154.0,0.6666666865348816,154.0,0.6666666865348816,5
P04_p4n159,50,154.0,2.0,154.0,2.0,1
P03_p3n159,59,154.0,2.0,154.0,2.0,1
P05_p5n466,59,154.0,2.0,154.0,2.0,1
P05_p5n467,65,154.0,2.0,154.0,2.0,1
P02_p2n137,65,154.0,2.0,154.0,2.0,1
P05_p5n468,68,154.0,2.0,154.0,2.0,1
P01_p1n137,68,154.0,2.0,154.0,2.0,1
P05_p5n470,53,154.6666717529297,0.6666666865348816,154.6666717529297,0.6666666865348816,5
P05_p5n471,51,155.3333282470703,0.3333333432674408,155.3333282470703,0.3333333432674408,5
P05_p5n472,50,155.6666717529297,0.3333333432674408,155.6666717529297,0.3333333432674408,5
P05_p5n476,48,156.0,1.0,156.0,1.0,5
P05_p5n473,60,156.0,1.5,156.0,1.5,1
P05_p5n474,63,156.0,1.5,156.0,1.5,1
P05_p5n475,67,156.0,1.5,156.0,1.5,1
P04_p4n161,48,156.5,1.0,156.5,1.0,1
P02_p2n139,60,156.5,1.0,156.5,1.0,1
P05_p5n477,47,157.0,1.0,157.0,1.0,5
P04_p4n162,47,157.5,0.25,157.5,0.25,1
P02_p2n140,59,157.5,0.25,157.5,0.25,1
P05_p5n478,60,157.5,1.5,157.5,1.5,1
P05_p5n479,63,157.5,1.5,157.5,1.5,1
P05_p5n480,67,157.5,1.5,157.5,1.5,1
P04_p4n163,48,157.75,0.25,157.75,0.25,1
P02_p2n141,60,157.75,0.25,157.75,0.25,1
P05_p5n481,46,158.0,1.0,158.0,1.0,5
P04_p4n164,50,158.0,1.5,158.0,1.5,1
P02_p2n142,62,158.0,1.5,158.0,1.5,1
P03_p3n162,60,158.5,1.0,158.5,1.0,1
P01_p1n140,72,158.5,1.0,158.5,1.0,1
P05_p5n485,45,159.0,1.0,159.0,1.0,5
P05_p5n482,60,159.0,1.0,159.0,1.0,1
P05_p5n483,63,159.0,1.0,159.0,1.0,1
P05_p5n484,67,159.0,1.0,159.0,1.0,1
P04_p4n165,48,159.5,0.25,159.5,0.25,1
P02_p2n143,60,159.5,0.25,159.5,0.25,1
P03_p3n163,60,159.5,0.5,159.5,0.5,1
P01_p1n141,72,159.5,0.5,159.5,0.5,1
P04_p4n166,50,159.75,0.25,159.75,0.25,1
P02_p2n144,62,159.75,0.25,159.75,0.25,1
P05_p5n489,44,160.0,1.0,160.0,1.0,5
P04_p4n167,51,160.0,0.25,160.0,0.25,1
P05_p5n486,60,160.0,1.0,160.0,1.0,1
P03_p3n164,60,160.0,2.0,160.0,2.0,1
P02_p2n145,63,160.0,0.25,160.0,0.25,1
P05_p5n487,67,160.0,1.0,160.0,1.0,1
P05_p5n488,72,160.0,1.0,160.0,1.0,1
P01_p1n142,72,160.0,2.0,160.0,2.0,1
P04_p4n168,50,160.25,0.25,160.25,0.25,1
P02_p2n146,62,160.25,0.25,160.25,0.25,1
P04_p4n169,51,160.5,1.0,160.5,1.0,1
P02_p2n147,63,160.5,1.0,160.5,1.0,1
P05_p5n493,43,161.0,1.0,161.0,1.0,5
P05_p5n490,58,161.0,1.0,161.0,1.0,1
P05_p5n491,65,161.0,1.0,161.0,1.0,1
P05_p5n492,70,161.0,1.0,161.0,1.0,1
P04_p4n170,48,161.5,0.5,161.5,0.5,1
P02_p2n148,60,161.5,0.5,161.5,0.5,1
P05_p5n497,41,162.0,1.0,162.0,1.0,5
P04_p4n171,56,162.0,1.5,162.0,1.5,1
P05_p5n495,56,162.0,2.0,162.0,2.0,2
P05_p5n494,63,162.0,1.0,162.0,1.0,1
P05_p5n496,68,162.0,2.0,162.0,2.0,2
P02_p2n149,68,162.0,1.5,162.0,1.5,1
P03_p3n166,60,162.5,1.0,162.5,1.0,1
P01_p1n144,72,162.5,1.0,162.5,1.0,1
P05_p5n499,34,163.0,1.0,163.0,1.0,5
P05_p5n498,62,163.0,1.0,163.0,1.0,1
P04_p4n172,55,163.5,0.25,163.5,0.25,1
P03_p3n167,60,163.5,1.0,163.5,1.0,1
P02_p2n150,67,163.5,0.25,163.5,0.25,1
P01_p1n145,72,163.5,1.0,163.5,1.0,1
P04_p4n173,53,163.75,0.25,163.75,0.25,1
P02_p2n151,65,163.75,0.25,163.75,0.25,1
P05_p5n503,39,164.0,1.0,164.0,1.0,5
P04_p4n174,55,164.0,0.5,164.0,0.5,1
P05_p5n500,55,164.0,1.0,164.0,1.0,1
P05_p5n501,62,164.0,1.0,164.0,1.0,1
P02_p2n152,67,164.0,0.5,164.0,0.5,1
P05_p5n502,67,164.0,1.0,164.0,1.0,1
P04_p4n175,48,164.5,0.5,164.5,0.5,1
P02_p2n153,60,164.5,0.5,164.5,0.5,1
P03_p3n169,60,164.5,0.5,164.5,0.5,1
P01_p1n147,72,164.5,0.5,164.5,0.5,1
P05_p5n507,38,165.0,1.0,165.0,1.0,5
P04_p4n176,53,165.0,1.5,165.0,1.5,1
P05_p5n504,56,165.0,1.0,165.0,1.0,1
P05_p5n505,60,165.0,1.0,165.0,1.0,1
P03_p3n170,60,165.0,1.0,165.0,1.0,1
P02_p2n154,65,165.0,1.5,165.0,1.5,1
P05_p5n506,65,165.0,1.0,165.0,1.0,1
P01_p1n148,72,165.0,1.0,165.0,1.0,1
P05_p5n511,36,166.0,1.0,166.0,1.0,5
P05_p5n508,58,166.0,1.0,166.0,1.0,1
P05_p5n509,63,166.0,1.0,166.0,1.0,1
P05_p5n510,67,166.0,1.0,166.0,1.0,1
P04_p4n178,51,166.5,0.25,166.5,0.25,1
P03_p3n172,60,166.5,1.0,166.5,1.0,1
P02_p2n156,63,166.5,0.25,166.5,0.25,1
P01_p1n150,72,166.5,1.0,166.5,1.0,1
P04_p4n179,50,166.75,0.25,166.75,0.25,1
P02_p2n157,62,166.75,0.25,166.75,0.25,1
P05_p5n515,34,167.0,1.0,167.0,1.0,5
P04_p4n180,51,167.0,1.0,167.0,1.0,1
P05_p5n512,61,167.0,1.0,167.0,1.0,1
P02_p2n158,63,167.0,1.0,167.0,1.0,1
P05_p5n513,63,167.0,1.0,167.0,1.0,1
P05_p5n514,67,167.0,1.0,167.0,1.0,1
P03_p3n173,60,167.5,0.5,167.5,0.5,1
P01_p1n151,72,167.5,0.5,167.5,0.5,1
P05_p5n519,33,168.0,1.0,168.0,1.0,5
P05_p5n516,60,168.0,1.5,168.0,1.5,1
P03_p3n174,60,168.0,2.0,168.0,2.0,1
P05_p5n517,63,168.0,1.5,168.0,1.5,1
P05_p5n518,67,168.0,1.5,168.0,1.5,1
P01_p1n152,72,168.0,2.0,168.0,2.0,1
P04_p4n182,48,168.5,1.0,168.5,1.0,1
P02_p2n160,60,168.5,1.0,168.5,1.0,1
P05_p5n520,33,169.0,1.0,169.0,1.0,5
P04_p4n183,47,169.5,0.25,169.5,0.25,1
P02_p2n161,59,169.5,0.25,169.5,0.25,1
P05_p5n521,60,169.5,0.5,169.5,0.5,1
P05_p5n522,63,169.5,0.5,169.5,0.5,1
P05_p5n523,67,169.5,0.5,169.5,0.5,1
P04_p4n184,48,169.75,0.25,169.75,0.25,1
P02_p2n162,60,169.75,0.25,169.75,0.25,1
P05_p5n525,32,170.0,1.0,170.0,1.0,5
P04_p4n185,50,170.0,1.5,170.0,1.5,1
P02_p2n163,62,170.0,1.5,170.0,1.5,1
P05_p5n526,60,170.5,0.5,170.5,0.5,1
P03_p3n176,60,170.5,1.0,170.5,1.0,1
P05_p5n527,66,170.5,0.5,170.5,0.5,1
P01_p1n154,72,170.5,1.0,170.5,1.0,1
P05_p5n529,31,171.0,1.0,171.0,1.0,5
P04_p4n186,51,171.5,0.25,171.5,0.25,1
P05_p5n530,59,171.5,0.5,171.5,0.5,1
P03_p3n177,60,171.5,1.0,171.5,1.0,1
P02_p2n164,63,171.5,0.25,171.5,0.25,1
P05_p5n531,65,171.5,0.5,171.5,0.5,1
P01_p1n155,72,171.5,1.0,171.5,1.0,1
P04_p4n187,53,171.75,0.25,171.75,0.25,1
P02_p2n165,65,171.75,0.25,171.75,0.25,1
P05_p5n533,36,172.0,1.0,172.0,1.0,5
P04_p4n188,51,172.0,0.25,172.0,0.25,1
P02_p2n166,63,172.0,0.25,172.0,0.25,1
P04_p4n189,50,172.25,0.25,172.25,0.25,1
P02_p2n167,62,172.25,0.25,172.25,0.25,1
P04_p4n190,48,172.5,1.5,172.5,1.5,1
P05_p5n534,54,172.5,0.5,172.5,0.5,1
P02_p2n168,60,172.5,1.5,172.5,1.5,1
P03_p3n179,60,172.5,0.5,172.5,0.5,1
P01_p1n157,72,172.5,0.5,172.5,0.5,1
P05_p5n536,48,173.0,1.0,173.0,1.0,5
P05_p5n535,55,173.0,0.5,173.0,0.5,1
P03_p3n180,60,173.0,1.0,173.0,1.0,1
P01_p1n158,72,173.0,1.0,173.0,1.0,1
P05_p5n537,62,173.5,0.5,173.5,0.5,1
P05_p5n540,46,174.0,1.0,174.0,1.0,5
P05_p5n538,56,174.0,0.75,174.0,0.75,1
P03_p3n181,62,174.0,0.75,174.0,0.75,1
P05_p5n539,62,174.0,0.75,174.0,0.75,1
P01_p1n159,74,174.0,0.75,174.0,0.75,1
P05_p5n541,56,174.75,0.25,174.75,0.25,1
P03_p3n182,62,174.75,0.25,174.75,0.25,1
P05_p5n542,62,174.75,0.25,174.75,0.25,1
P01_p1n160,74,174.75,0.25,174.75,0.25,1
P05_p5n545,46,175.0,1.0,175.0,1.0,5
P05_p5n543,56,175.0,0.5,175.0,0.5,1
P03_p3n183,62,175.0,0.5,175.0,0.5,1
P05_p5n544,62,175.0,0.5,175.0,0.5,1
P01_p1n161,74,175.0,0.5,175.0,0.5,1
P05_p5n546,56,175.5,0.5,175.5,0.5,1
P05_p5n547,60,175.5,0.5,175.5,0.5,1
P05_p5n548,63,175.5,0.5,175.5,0.5,1
P03_p3n184,63,175.5,0.5,175.5,0.5,1
P01_p1n162,75,175.5,0.5,175.5,0.5,1
P05_p5n550,44,176.0,1.0,176.0,1.0,5
P03_p3n185,65,176.0,1.0,176.0,1.0,1
P01_p1n163,77,176.0,1.0,176.0,1.0,1
P04_p4n193,55,176.5,1.0,176.5,1.0,1
P05_p5n551,60,176.5,1.5,176.5,1.5,1
P05_p5n552,63,176.5,1.5,176.5,1.5,1
P05_p5n553,67,176.5,1.5,176.5,1.5,1
P02_p2n171,67,176.5,1.0,176.5,1.0,1
P05_p5n554,44,177.0,1.0,177.0,1.0,5
P03_p3n186,67,177.0,1.0,177.0,1.0,1
P01_p1n164,79,177.0,1.0,177.0,1.0,1
P04_p4n194,53,177.5,0.25,177.5,0.25,1
P02_p2n172,65,177.5,0.25,177.5,0.25,1
P04_p4n195,55,177.75,0.25,177.75,0.25,1
P02_p2n173,67,177.75,0.25,177.75,0.25,1
P05_p5n556,43,178.0,1.0,178.0,1.0,5
P04_p4n196,56,178.0,1.5,178.0,1.5,1
P02_p2n174,68,178.0,1.5,178.0,1.5,1
P05_p5n557,59,178.5,1.5,178.5,1.5,1
P05_p5n558,65,178.5,1.5,178.5,1.5,1
P03_p3n188,67,178.5,1.0,178.5,1.0,1
P05_p5n559,68,178.5,1.5,178.5,1.5,1
P01_p1n166,79,178.5,1.0,178.5,1.0,1
P05_p5n560,43,179.0,1.0,179.0,1.0,5
P04_p4n197,55,179.5,0.25,179.5,0.25,1
P02_p2n175,67,179.5,0.25,179.5,0.25,1
P03_p3n189,67,179.5,0.5,179.5,0.5,1
P01_p1n167,79,179.5,0.5,179.5,0.5,1
P04_p4n198,56,179.75,0.25,179.75,0.25,1
P02_p2n176,68,179.75,0.25,179.75,0.25,1
P05_p5n562,41,180.0,1.0,180.0,1.0,5
P04_p4n199,58,180.0,0.25,180.0,0.25,1
P03_p3n190,67,180.0,2.0,180.0,2.0,1
P02_p2n177,70,180.0,0.25,180.0,0.25,1
P01_p1n168,79,180.0,2.0,180.0,2.0,1
P04_p4n200,56,180.25,0.25,180.25,0.25,1
P02_p2n178,68,180.25,0.25,180.25,0.25,1
P04_p4n201,58,180.5,1.0,180.5,1.0,1
P05_p5n563,60,180.5,1.5,180.5,1.5,1
P05_p5n564,63,180.5,1.5,180.5,1.5,1
P05_p5n565,68,180.5,1.5,180.5,1.5,1
P02_p2n179,70,180.5,1.0,180.5,1.0,1
P05_p5n566,41,181.0,1.0,181.0,1.0,5
P04_p4n202,55,181.5,0.5,181.5,0.5,1
P02_p2n180,67,181.5,0.5,181.5,0.5,1
P05_p5n568,39,182.0,1.0,182.0,1.0,5
P04_p4n203,63,182.0,1.5,182.0,1.5,1
P02_p2n181,75,182.0,1.5,182.0,1.5,1
P05_p5n569,60,182.5,1.5,182.5,1.5,1
P05_p5n570,67,182.5,1.5,182.5,1.5,1
P03_p3n192,67,182.5,1.0,182.5,1.0,1
P05_p5n571,72,182.5,1.5,182.5,1.5,1
P01_p1n170,79,182.5,1.0,182.5,1.0,1
P05_p5n572,39,183.0,1.0,183.0,1.0,5
P04_p4n204,62,183.5,0.25,183.5,0.25,1
P03_p3n193,67,183.5,1.0,183.5,1.0,1
P02_p2n182,74,183.5,0.25,183.5,0.25,1
P01_p1n171,79,183.5,1.0,183.5,1.0,1
P04_p4n205,60,183.75,0.25,183.75,0.25,1
P02_p2n183,72,183.75,0.25,183.75,0.25,1
P05_p5n574,38,184.0,1.0,184.0,1.0,5
P04_p4n206,62,184.0,0.5,184.0,0.5,1
P02_p2n184,74,184.0,0.5,184.0,0.5,1
P04_p4n207,55,184.5,0.5,184.5,0.5,1
P05_p5n575,58,184.5,1.5,184.5,1.5,1
P05_p5n576,65,184.5,1.5,184.5,1.5,1
P02_p2n185,67,184.5,0.5,184.5,0.5,1
P03_p3n195,67,184.5,0.5,184.5,0.5,1
P05_p5n577,70,184.5,1.5,184.5,1.5,1
P01_p1n173,79,184.5,0.5,184.5,0.5,1
P05_p5n578,38,185.0,1.0,185.0,1.0,5
P04_p4n208,60,185.0,0.5,185.0,0.5,1
P03_p3n196,67,185.0,1.0,185.0,1.0,1
P02_p2n186,72,185.0,0.5,185.0,0.5,1
P01_p1n174,79,185.0,1.0,185.0,1.0,1
P04_p4n209,58,185.5,0.25,185.5,0.25,1
P02_p2n187,70,185.5,0.25,185.5,0.25,1
P04_p4n210,60,185.75,0.25,185.75,0.25,1
P02_p2n188,72,185.75,0.25,185.75,0.25,1
P05_p5n582,37,186.0,1.0,186.0,1.0,5
P04_p4n211,58,186.0,0.25,186.0,0.25,1
P05_p5n579,58,186.0,1.0,186.0,1.0,1
P05_p5n580,65,186.0,1.0,186.0,1.0,1
P02_p2n189,70,186.0,0.25,186.0,0.25,1
P05_p5n581,70,186.0,1.0,186.0,1.0,1
P04_p4n212,56,186.25,0.25,186.25,0.25,1
P02_p2n190,68,186.25,0.25,186.25,0.25,1
P04_p4n213,58,186.5,1.5,186.5,1.5,1
P03_p3n198,67,186.5,1.0,186.5,1.0,1
P02_p2n191,70,186.5,1.5,186.5,1.5,1
P01_p1n176,79,186.5,1.0,186.5,1.0,1
P05_p5n585,36,187.0,1.0,187.0,1.0,5
P05_p5n583,58,187.0,1.0,187.0,1.0,1
P05_p5n584,64,187.0,1.0,187.0,1.0,1
P03_p3n199,67,187.5,0.5,187.5,0.5,1
P01_p1n177,79,187.5,0.5,187.5,0.5,1
P05_p5n587,41,188.0,1.0,188.0,1.0,5
P03_p3n200,67,188.0,2.0,188.0,2.0,1
P01_p1n178,79,188.0,2.0,188.0,2.0,1
P04_p4n215,55,188.5,1.0,188.5,1.0,1
P05_p5n588,56,188.5,1.5,188.5,1.5,1
P05_p5n589,63,188.5,1.5,188.5,1.5,1
P02_p2n193,67,188.5,1.0,188.5,1.0,1
P05_p5n590,41,189.0,1.0,189.0,1.0,5
P04_p4n216,53,189.5,0.25,189.5,0.25,1
P02_p2n194,65,189.5,0.25,189.5,0.25,1
P04_p4n217,55,189.75,0.25,189.75,0.25,1
P02_p2n195,67,189.75,0.25,189.75,0.25,1
P05_p5n592,46,190.0,1.0,190.0,1.0,5
P04_p4n218,56,190.0,1.5,190.0,1.5,1
P02_p2n196,68,190.0,1.5,190.0,1.5,1
P05_p5n593,56,190.5,1.5,190.5,1.5,1
P05_p5n594,62,190.5,1.5,190.5,1.5,1
P03_p3n202,67,190.5,1.0,190.5,1.0,1
P01_p1n180,79,190.5,1.0,190.5,1.0,1
P05_p5n595,34,191.0,1.0,191.0,1.0,5
P04_p4n219,58,191.5,0.25,191.5,0.25,1
P03_p3n203,67,191.5,1.0,191.5,1.0,1
P02_p2n197,70,191.5,0.25,191.5,0.25,1
P01_p1n181,79,191.5,1.0,191.5,1.0,1
P04_p4n220,60,191.75,0.25,191.75,0.25,1
P02_p2n198,72,191.75,0.25,191.75,0.25,1
P05_p5n597,39,192.0,1.0,192.0,1.0,5
P04_p4n221,58,192.0,0.25,192.0,0.25,1
P02_p2n199,70,192.0,0.25,192.0,0.25,1
P04_p4n222,56,192.25,0.25,192.25,0.25,1
P02_p2n200,68,192.25,0.25,192.25,0.25,1
P04_p4n223,55,192.5,1.5,192.5,1.5,1
P02_p2n201,67,192.5,1.5,192.5,1.5,1
P03_p3n205,67,192.5,0.5,192.5,0.5,1
P05_p5n598,70,192.5,1.0,192.5,1.0,1
P01_p1n183,79,192.5,0.5,192.5,0.5,1
P05_p5n599,39,193.0,1.0,193.0,1.0,5
P03_p3n206,67,193.0,1.0,193.0,1.0,1
P01_p1n184,79,193.0,1.0,193.0,1.0,1
P05_p5n600,69,193.5,0.25,193.5,0.25,1
P05_p5n601,70,193.75,0.25,193.75,0.25,1
P05_p5n604,38,194.0,1.0,194.0,1.0,5
P05_p5n602,65,194.0,1.5,194.0,1.5,1
P05_p5n603,71,194.0,1.5,194.0,1.5,1
P02_p2n203,67,194.5,1.0,194.5,1.0,1
P01_p1n186,71,194.5,1.0,194.5,1.0,1
P05_p5n605,38,195.0,1.0,195.0,1.0,5
P02_p2n204,65,195.5,0.5,195.5,0.5,1
P05_p5n606,70,195.5,0.25,195.5,0.25,1
P01_p1n187,74,195.5,0.5,195.5,0.5,1
P05_p5n607,71,195.75,0.25,195.75,0.25,1
P05_p5n610,36,196.0,1.0,196.0,1.0,5
P02_p2n205,63,196.0,2.0,196.0,2.0,1
P05_p5n608,63,196.0,0.25,196.0,0.25,1
P05_p5n609,72,196.0,0.25,196.0,0.25,1
P01_p1n188,72,196.0,2.0,196.0,2.0,1
P05_p5n611,71,196.25,0.25,196.25,0.25,1
P04_p4n226,48,196.5,1.0,196.5,1.0,1
P03_p3n209,55,196.5,1.0,196.5,1.0,1
P05_p5n612,63,196.5,1.0,196.5,1.0,1
P05_p5n613,72,196.5,1.0,196.5,1.0,1
P05_p5n614,36,197.0,1.0,197.0,1.0,5
P04_p4n227,48,197.5,0.5,197.5,0.5,1
P03_p3n210,58,197.5,0.5,197.5,0.5,1
P05_p5n615,67,197.5,0.5,197.5,0.5,1
P05_p5n618,41,198.0,1.0,198.0,1.0,5
P04_p4n228,53,198.0,2.0,198.0,2.0,1
P03_p3n211,56,198.0,2.0,198.0,2.0,1
P05_p5n616,68,198.0,1.5,198.0,1.5,1
P05_p5n617,75,198.0,1.5,198.0,1.5,1
P02_p2n207,67,198.5,1.0,198.5,1.0,1
P01_p1n190,75,198.5,1.0,198.5,1.0,1
P05_p5n619,41,199.0,1.0,199.0,1.0,5
P02_p2n208,67,199.5,1.0,199.5,1.0,1
P05_p5n620,74,199.5,0.25,199.5,0.25,1
P01_p1n191,75,199.5,1.0,199.5,1.0,1
P05_p5n621,72,199.75,0.25,199.75,0.25,1
P05_p5n624,34,200.0,1.0,200.0,1.0,5
P05_p5n622,68,200.0,0.5,200.0,0.5,1
P05_p5n623,74,200.0,0.5,200.0,0.5,1
P04_p4n230,46,200.5,1.0,200.5,1.0,1
P03_p3n213,56,200.5,1.0,200.5,1.0,1
P02_p2n210,66,200.5,0.5,200.5,0.5,1
P05_p5n625,66,200.5,0.5,200.5,0.5,1
P01_p1n193,72,200.5,0.5,200.5,0.5,1
P05_p5n628,39,201.0,1.0,201.0,1.0,5
P02_p2n211,66,201.0,1.0,201.0,1.0,1
P05_p5n626,67,201.0,0.5,201.0,0.5,1
P01_p1n194,74,201.0,1.0,201.0,1.0,1
P05_p5n627,74,201.0,0.5,201.0,0.5,1
P04_p4n231,46,201.5,1.0,201.5,1.0,1
P03_p3n214,56,201.5,1.0,201.5,1.0,1
P05_p5n629,72,201.5,0.25,201.5,0.25,1
P05_p5n630,74,201.75,0.25,201.75,0.25,1
P05_p5n632,39,202.0,1.0,202.0,1.0,5
P05_p5n631,72,202.0,0.25,202.0,0.25,1
P05_p5n633,70,202.25,0.25,202.25,0.25,1
P04_p4n233,51,202.5,0.5,202.5,0.5,1
P03_p3n216,60,202.5,0.5,202.5,0.5,1
P02_p2n213,67,202.5,1.0,202.5,1.0,1
P05_p5n634,67,202.5,1.5,202.5,1.5,1
P05_p5n635,72,202.5,1.5,202.5,1.5,1
P01_p1n196,77,202.5,1.0,202.5,1.0,1
P05_p5n636,32,203.0,1.0,203.0,1.0,5
P04_p4n234,51,203.0,1.0,203.0,1.0,1
P03_p3n217,58,203.0,1.0,203.0,1.0,1
P02_p2n214,70,203.5,0.5,203.5,0.5,1
P01_p1n197,74,203.5,0.5,203.5,0.5,1
P05_p5n638,38,204.0,1.0,204.0,1.0,5
P02_p2n215,69,204.0,2.0,204.0,2.0,1
P01_p1n198,75,204.0,3.0,204.0,3.0,1
P04_p4n236,54,204.5,1.0,204.5,1.0,1
P03_p3n219,60,204.5,1.0,204.5,1.0,1
P05_p5n639,66,204.5,1.0,204.5,1.0,1
P05_p5n640,78,204.5,1.0,204.5,1.0,1
P05_p5n641,38,205.0,1.0,205.0,1.0,5
P04_p4n237,54,205.5,0.5,205.5,0.5,1
P03_p3n220,60,205.5,0.5,205.5,0.5,1
P05_p5n642,65,205.5,0.25,205.5,0.25,1
P05_p5n643,77,205.5,0.25,205.5,0.25,1
P05_p5n644,66,205.75,0.25,205.75,0.25,1
P05_p5n645,78,205.75,0.25,205.75,0.25,1
P05_p5n648,43,206.0,1.0,206.0,1.0,5
P04_p4n238,53,206.0,1.0,206.0,1.0,1
P03_p3n221,60,206.0,1.0,206.0,1.0,1
P05_p5n646,67,206.0,1.0,206.0,1.0,1
P02_p2n216,68,206.0,2.0,206.0,2.0,1
P05_p5n647,79,206.0,1.0,206.0,1.0,1
P05_p5n651,31,207.0,1.0,207.0,1.0,5
P04_p4n239,53,207.0,1.0,207.0,1.0,1
P03_p3n222,59,207.0,1.0,207.0,1.0,1
P05_p5n649,68,207.0,0.5,207.0,0.5,1
P01_p1n199,74,207.0,1.0,207.0,1.0,1
P05_p5n650,80,207.0,0.5,207.0,0.5,1
P05_p5n652,70,207.5,0.5,207.5,0.5,1
P05_p5n653,82,207.5,0.5,207.5,0.5,1
P05_p5n655,36,208.0,1.0,208.0,1.0,5
P04_p4n240,51,208.0,2.0,208.0,2.0,1
P03_p3n223,60,208.0,2.0,208.0,2.0,1
P02_p2n217,67,208.0,2.0,208.0,2.0,1
P01_p1n200,72,208.0,2.0,208.0,2.0,1
P05_p5n656,60,208.5,1.0,208.5,1.0,1
P05_p5n657,48,209.0,1.0,209.0,1.0,5
P05_p5n658,59,209.5,0.25,209.5,0.25,1
P05_p5n659,60,209.75,0.25,209.75,0.25,1
P05_p5n662,34,210.0,1.0,210.0,1.0,5
P05_p5n660,56,210.0,1.5,210.0,1.5,1
P05_p5n661,62,210.0,1.5,210.0,1.5,1
P05_p5n663,46,211.0,1.0,211.0,1.0,5
P05_p5n664,60,211.5,0.25,211.5,0.25,1
P05_p5n665,62,211.75,0.25,211.75,0.25,1
P05_p5n668,32,212.0,1.0,212.0,1.0,5
P05_p5n666,55,212.0,0.25,212.0,0.25,1
P05_p5n667,60,212.0,0.25,212.0,0.25,1
P05_p5n669,58,212.25,0.25,212.25,0.25,1
P05_p5n670,55,212.5,1.0,212.5,1.0,1
P05_p5n671,60,212.5,1.0,212.5,1.0,1
P05_p5n672,44,213.0,1.0,213.0,1.0,5
P05_p5n673,58,213.5,0.25,213.5,0.25,1
P05_p5n674,56,213.75,0.25,213.75,0.25,1
P05_p5n677,43,214.0,1.0,214.0,1.0,5
P05_p5n678,50,214.0,1.0,214.0,1.0,5
P05_p5n675,53,214.0,0.5,214.0,0.5,1
P05_p5n676,58,214.0,0.5,214.0,0.5,1
P05_p5n679,56,214.5,0.25,214.5,0.25,1
P05_p5n680,55,214.75,0.25,214.75,0.25,1
P05_p5n683,41,215.0,1.0,215.0,1.0,5
P05_p5n684,48,215.0,1.0,215.0,1.0,5
P05_p5n681,51,215.0,0.5,215.0,0.5,1
P05_p5n682,56,215.0,0.5,215.0,0.5,1
P05_p5n685,55,215.5,0.25,215.5,0.25,1
P05_p5n686,53,215.75,0.25,215.75,0.25,1
P05_p5n688,39,216.0,1.0,216.0,1.0,5
P05_p5n689,55,216.5,1.0,216.5,1.0,1
P05_p5n690,51,217.0,1.0,217.0,1.0,5
P05_p5n691,53,217.5,0.25,217.5,0.25,1
P05_p5n692,55,217.75,0.25,217.75,0.25,1
P05_p5n694,44,218.0,1.0,218.0,1.0,5
P05_p5n693,55,218.0,1.5,218.0,1.5,1
P05_p5n695,32,219.0,1.0,219.0,1.0,5
P05_p5n696,53,219.5,0.25,219.5,0.25,1
P05_p5n697,55,219.75,0.25,219.75,0.25,1
P05_p5n699,38,220.0,1.0,220.0,1.0,5
P05_p5n698,55,220.0,1.5,220.0,1.5,1
P05_p5n700,50,221.0,1.0,221.0,1.0,5
P05_p5n701,53,221.5,0.25,221.5,0.25,1
P05_p5n702,55,221.75,0.25,221.75,0.25,1
P05_p5n704,43,222.0,0.5,222.0,0.5,5
P05_p5n703,55,222.0,0.25,222.0,0.25,1
P05_p5n705,53,222.25,0.25,222.25,0.25,1
P05_p5n707,41,222.5,0.5,222.5,0.5,5
P05_p5n706,55,222.5,1.5,222.5,1.5,1
P05_p5n708,39,223.0,0.5,223.0,0.5,5
P05_p5n709,38,223.5,0.5,223.5,0.5,5
P05_p5n711,36,224.0,1.0,224.0,1.0,5
P05_p5n713,72,224.5,1.0,224.5,1.0,1
P05_p5n712,84,224.5,0.0,224.5,0.0,1
P05_p5n714,48,225.0,1.0,225.0,1.0,5
P05_p5n715,70,225.5,0.25,225.5,0.25,1
P05_p5n716,72,225.75,0.25,225.75,0.25,1
P05_p5n719,34,226.0,1.0,226.0,1.0,5
P05_p5n717,68,226.0,1.5,226.0,1.5,1
P05_p5n718,74,226.0,1.5,226.0,1.5,1
P05_p5n720,46,227.0,1.0,227.0,1.0,5
P05_p5n721,72,227.5,0.25,227.5,0.25,1
P05_p5n722,74,227.75,0.25,227.75,0.25,1
P05_p5n725,32,228.0,1.0,228.0,1.0,5
P05_p5n723,67,228.0,0.25,228.0,0.25,1
P05_p5n724,72,228.0,0.25,228.0,0.25,1
P05_p5n726,70,228.25,0.25,228.25,0.25,1
P05_p5n727,72,228.5,0.75,228.5,0.75,1
P05_p5n729,44,229.0,1.0,229.0,1.0,5
P05_p5n730,65,229.25,0.25,229.25,0.25,1
P05_p5n731,67,229.5,0.25,229.5,0.25,1
P05_p5n732,68,229.75,0.25,229.75,0.25,1
P05_p5n735,43,230.0,1.0,230.0,1.0,5
P05_p5n733,65,230.0,0.5,230.0,0.5,1
P05_p5n734,70,230.0,0.5,230.0,0.5,1
P05_p5n736,68,230.5,0.25,230.5,0.25,1
P05_p5n737,67,230.75,0.25,230.75,0.25,1
P05_p5n740,41,231.0,1.0,231.0,1.0,5
P05_p5n738,63,231.0,0.5,231.0,0.5,1
P05_p5n739,68,231.0,0.5,231.0,0.5,1
P05_p5n741,67,231.5,0.25,231.5,0.25,1
P05_p5n742,65,231.75,0.25,231.75,0.25,1
P05_p5n744,39,232.0,1.0,232.0,1.0,5
P05_p5n745,62,232.5,1.0,232.5,1.0,1
P05_p5n746,67,232.5,1.0,232.5,1.0,1
P05_p5n747,39,233.0,1.0,233.0,1.0,5
P05_p5n748,65,233.5,0.25,233.5,0.25,1
P05_p5n749,67,233.75,0.25,233.75,0.25,1
P05_p5n752,44,234.0,1.0,234.0,1.0,5
P05_p5n750,60,234.0,1.5,234.0,1.5,1
P05_p5n751,67,234.0,1.5,234.0,1.5,1
P05_p5n753,44,235.0,1.0,235.0,1.0,5
P05_p5n754,65,235.5,0.25,235.5,0.25,1
P05_p5n755,67,235.75,0.25,235.75,0.25,1
P05_p5n758,38,236.0,1.0,236.0,1.0,5
P05_p5n756,60,236.0,1.5,236.0,1.5,1
P05_p5n757,67,236.0,1.5,236.0,1.5,1
P05_p5n759,38,237.0,1.0,237.0,1.0,5
P05_p5n760,65,237.5,0.25,237.5,0.25,1
P05_p5n761,67,237.75,0.25,237.75,0.25,1
P05_p5n764,43,238.0,0.5,238.0,0.5,5
P05_p5n762,60,238.0,0.25,238.0,0.25,1
P05_p5n763,67,238.0,0.25,238.0,0.25,1
P05_p5n765,65,238.25,0.25,238.25,0.25,1
P05_p5n768,41,238.5,0.5,238.5,0.5,5
P05_p5n766,59,238.5,1.5,238.5,1.5,1
P05_p5n767,67,238.5,1.5,238.5,1.5,1
P05_p5n769,39,239.0,0.5,239.0,0.5,5
P05_p5n770,38,239.5,0.5,239.5,0.5,5
P05_p5n772,36,240.0,1.5,240.0,1.5,5
P05_p5n771,63,240.0,0.5,240.0,0.5,1
P05_p5n773,60,240.5,0.5,240.5,0.5,1
P05_p5n774,55,241.0,0.5,241.0,0.5,1
P05_p5n776,48,241.5,1.5,241.5,1.5,5
P05_p5n775,63,241.5,0.5,241.5,0.5,1
P05_p5n777,60,242.0,0.5,242.0,0.5,1
P05_p5n778,55,242.5,0.5,242.5,0.5,1
P05_p5n780,48,243.0,1.0,243.0,1.0,5
P05_p5n779,63,243.0,0.25,243.0,0.25,1
P05_p5n781,60,243.25,0.25,243.25,0.25,1
P05_p5n782,55,243.5,0.5,243.5,0.5,1
P05_p5n784,48,244.0,1.5,244.0,1.5,5
P05_p5n783,63,244.0,0.5,244.0,0.5,1
P05_p5n785,60,244.5,0.5,244.5,0.5,1
P05_p5n786,55,245.0,0.5,245.0,0.5,1
P05_p5n788,48,245.5,1.5,245.5,1.5,5
P05_p5n787,63,245.5,0.5,245.5,0.5,1
P05_p5n789,60,246.0,0.5,246.0,0.5,1
P05_p5n790,55,246.5,0.5,246.5,0.5,1
P05_p5n792,48,247.0,1.0,247.0,1.0,5
P05_p5n791,63,247.0,0.25,247.0,0.25,1
P05_p5n793,60,247.25,0.25,247.25,0.25,1
P05_p5n794,55,247.5,0.5,247.5,0.5,1
P05_p5n796,48,248.0,1.5,248.0,1.5,5
P03_p3n234,60,248.0,2.0,248.0,2.0,1
P05_p5n795,63,248.0,0.5,248.0,0.5,1
P05_p5n797,60,248.5,0.5,248.5,0.5,1
P05_p5n798,55,249.0,0.5,249.0,0.5,1
P05_p5n800,48,249.5,1.5,249.5,1.5,5
P05_p5n799,63,249.5,0.5,249.5,0.5,1
P03_p3n235,60,250.0,1.5,250.0,1.5,1
P05_p5n801,60,250.0,0.5,250.0,0.5,1
P05_p5n802,55,250.5,0.5,250.5,0.5,1
P05_p5n804,48,251.0,1.0,251.0,1.0,5
P05_p5n803,63,251.0,0.25,251.0,0.25,1
P05_p5n805,60,251.25,0.25,251.25,0.25,1
P05_p5n806,55,251.5,0.5,251.5,0.5,1
P03_p3n236,62,251.5,0.5,251.5,0.5,1
P05_p5n808,46,252.0,1.5,252.0,1.5,5
P05_p5n807,63,252.0,0.5,252.0,0.5,1
P03_p3n237,63,252.0,1.0,252.0,1.0,1
P05_p5n809,60,252.5,0.5,252.5,0.5,1
P05_p5n810,55,253.0,0.5,253.0,0.5,1
P03_p3n238,60,253.0,1.0,253.0,1.0,1
P05_p5n812,46,253.5,1.5,253.5,1.5,5
P05_p5n811,63,253.5,0.5,253.5,0.5,1
P05_p5n813,60,254.0,0.5,254.0,0.5,1
P05_p5n814,55,254.5,0.5,254.5,0.5,1
P03_p3n240,63,254.5,1.0,254.5,1.0,1
P05_p5n816,46,255.0,1.0,255.0,1.0,5
P05_p5n815,63,255.0,0.25,255.0,0.25,1
P05_p5n817,60,255.25,0.25,255.25,0.25,1
P05_p5n818,55,255.5,0.5,255.5,0.5,1
P03_p3n241,62,255.5,0.25,255.5,0.25,1
P03_p3n242,63,255.75,0.25,255.75,0.25,1
P05_p5n820,44,256.0,1.5,256.0,1.5,5
P03_p3n243,60,256.0,3.5,256.0,3.5,1
P05_p5n821,55,256.5,0.5,256.5,0.5,1
P05_p5n822,55,257.0,0.5,257.0,0.5,1
P05_p5n824,44,257.5,1.5,257.5,1.5,5
P05_p5n823,60,257.5,0.5,257.5,0.5,1
P05_p5n825,60,258.0,0.5,258.0,0.5,1
P05_p5n826,63,258.5,0.5,258.5,0.5,1
P05_p5n828,44,259.0,1.0,259.0,1.0,5
P05_p5n827,63,259.0,0.25,259.0,0.25,1
P05_p5n829,62,259.25,0.25,259.25,0.25,1
P05_p5n830,60,259.5,0.5,259.5,0.5,1
P03_p3n245,62,259.5,0.5,259.5,0.5,1
P05_p5n832,50,260.0,1.5,260.0,1.5,5
P03_p3n246,63,260.0,2.0,260.0,2.0,1
P05_p5n833,54,260.5,0.5,260.5,0.5,1
P05_p5n834,54,261.0,1.0,261.0,1.0,1
P05_p5n835,60,261.0,1.0,261.0,1.0,1
P05_p5n836,63,261.0,1.0,261.0,1.0,1
P05_p5n837,50,261.5,0.5,261.5,0.5,5
P05_p5n839,43,262.0,1.5,262.0,1.5,5
P03_p3n247,62,262.0,2.0,262.0,2.0,1
P05_p5n840,53,262.5,1.5,262.5,1.5,1
P05_p5n841,59,262.5,1.5,262.5,1.5,1
P05_p5n842,62,262.5,1.5,262.5,1.5,1
P05_p5n843,43,263.5,0.5,263.5,0.5,5
P05_p5n845,48,264.0,1.5,264.0,1.5,5
P03_p3n248,60,264.0,2.0,264.0,2.0,1
P05_p5n844,63,264.0,0.5,264.0,0.5,1
P05_p5n846,60,264.5,0.5,264.5,0.5,1
P05_p5n847,55,265.0,0.5,265.0,0.5,1
P05_p5n849,48,265.5,1.5,265.5,1.5,5
P05_p5n848,63,265.5,0.5,265.5,0.5,1
P03_p3n249,60,266.0,1.5,266.0,1.5,1
P05_p5n850,60,266.0,0.5,266.0,0.5,1
P05_p5n851,55,266.5,0.5,266.5,0.5,1
P05_p5n853,48,267.0,1.0,267.0,1.0,5
P05_p5n852,63,267.0,0.25,267.0,0.25,1
P05_p5n854,60,267.25,0.25,267.25,0.25,1
P05_p5n855,55,267.5,0.5,267.5,0.5,1
P03_p3n250,62,267.5,0.5,267.5,0.5,1
P05_p5n857,46,268.0,1.5,268.0,1.5,5
P03_p3n251,63,268.0,1.0,268.0,1.0,1
P05_p5n856,63,268.0,0.5,268.0,0.5,1
P05_p5n858,60,268.5,0.5,268.5,0.5,1
P05_p5n859,55,269.0,0.5,269.0,0.5,1
P03_p3n252,60,269.0,1.0,269.0,1.0,1
P05_p5n861,46,269.5,1.5,269.5,1.5,5
P05_p5n860,63,269.5,0.5,269.5,0.5,1
P05_p5n862,60,270.0,0.5,270.0,0.5,1
P05_p5n863,55,270.5,0.5,270.5,0.5,1
P03_p3n254,63,270.5,1.0,270.5,1.0,1
P05_p5n865,46,271.0,1.0,271.0,1.0,5
P05_p5n864,63,271.0,0.25,271.0,0.25,1
P05_p5n866,60,271.25,0.25,271.25,0.25,1
P05_p5n867,55,271.5,0.5,271.5,0.5,1
P03_p3n255,62,271.5,0.25,271.5,0.25,1
P03_p3n256,63,271.75,0.25,271.75,0.25,1
P05_p5n869,45,272.0,1.0,272.0,1.0,5
P03_p3n257,60,272.0,3.5,272.0,3.5,1
P05_p5n870,55,272.5,0.5,272.5,0.5,1
P05_p5n874,33,273.0,1.0,273.0,1.0,5
P05_p5n871,55,273.0,1.0,273.0,1.0,1
P05_p5n872,60,273.0,1.0,273.0,1.0,1
P05_p5n873,63,273.0,1.0,273.0,1.0,1
P05_p5n876,38,274.0,1.0,274.0,1.0,5
P05_p5n877,54,274.5,1.5,274.5,1.5,1
P05_p5n878,60,274.5,1.5,274.5,1.5,1
P05_p5n879,63,274.5,1.5,274.5,1.5,1
P05_p5n880,50,275.0,1.0,275.0,1.0,5
P03_p3n259,62,275.5,0.5,275.5,0.5,1
P05_p5n883,43,276.0,2.0,276.0,2.0,6
P03_p3n260,58,276.0,1.0,276.0,1.0,1
P05_p5n885,50,276.5,0.5,276.5,0.5,5
P05_p5n884,69,276.5,1.0,276.5,1.0,1
P03_p3n261,58,277.0,1.0,277.0,1.0,1
P05_p5n886,58,277.0,1.0,277.0,1.0,5
P05_p5n887,70,277.5,0.25,277.5,0.25,1
P05_p5n888,74,277.75,0.25,277.75,0.25,1
P05_p5n893,36,278.0,2.0,278.0,2.0,6
P05_p5n889,70,278.0,1.0,278.0,1.0,1
P05_p5n890,73,278.0,1.0,278.0,1.0,1
P05_p5n891,76,278.0,1.0,278.0,1.0,1
P05_p5n892,81,278.0,1.0,278.0,1.0,1
P05_p5n895,43,278.5,0.5,278.5,0.5,5
P03_p3n263,61,278.5,1.0,278.5,1.0,1
P05_p5n897,52,279.0,1.0,279.0,1.0,5
P05_p5n896,79,279.0,1.0,279.0,1.0,1
P03_p3n264,60,279.5,0.25,279.5,0.25,1
P03_p3n265,58,279.75,0.25,279.75,0.25,1
P05_p5n900,41,280.0,2.0,280.0,2.0,6
P03_p3n266,56,280.0,1.0,280.0,1.0,1
P05_p5n902,48,280.5,0.5,280.5,0.5,5
P05_p5n901,67,280.5,1.0,280.5,1.0,1
P05_p5n903,56,281.0,1.0,281.0,1.0,5
P03_p3n267,56,281.0,1.0,281.0,1.0,1
P05_p5n904,68,281.5,0.25,281.5,0.25,1
P05_p5n905,72,281.75,0.25,281.75,0.25,1
P05_p5n910,46,282.0,2.0,282.0,2.0,6
P05_p5n906,68,282.0,0.25,282.0,0.25,1
P05_p5n907,71,282.0,0.25,282.0,0.25,1
P05_p5n908,74,282.0,0.25,282.0,0.25,1
P05_p5n909,79,282.0,0.25,282.0,0.25,1
P05_p5n912,77,282.25,0.25,282.25,0.25,1
P05_p5n917,53,282.5,0.5,282.5,0.5,5
P03_p3n269,59,282.5,1.0,282.5,1.0,1
P05_p5n913,68,282.5,1.5,282.5,1.5,1
P05_p5n914,71,282.5,1.5,282.5,1.5,1
P05_p5n915,74,282.5,1.5,282.5,1.5,1
P05_p5n916,79,282.5,1.5,282.5,1.5,1
P05_p5n918,56,283.0,1.0,283.0,1.0,5
P03_p3n270,58,283.5,0.25,283.5,0.25,1
P03_p3n271,56,283.75,0.25,283.75,0.25,1
P05_p5n920,39,284.0,1.0,284.0,1.0,5
P03_p3n272,55,284.0,2.0,284.0,2.0,1
P05_p5n921,77,284.5,1.0,284.5,1.0,1
P05_p5n922,39,285.0,1.0,285.0,1.0,5
P05_p5n923,74,285.5,0.25,285.5,0.25,1
P05_p5n924,70,285.75,0.25,285.75,0.25,1
P05_p5n926,44,286.0,1.0,286.0,1.0,5
P05_p5n925,67,286.0,0.5,286.0,0.5,1
P03_p3n274,58,286.5,1.0,286.5,1.0,1
P05_p5n927,65,286.5,1.0,286.5,1.0,1
P05_p5n928,32,287.0,1.0,287.0,1.0,5
P03_p3n275,56,287.5,0.25,287.5,0.25,1
P05_p5n929,70,287.5,0.25,287.5,0.25,1
P03_p3n276,55,287.75,0.25,287.75,0.25,1
P05_p5n930,68,287.75,0.25,287.75,0.25,1
P05_p5n932,38,288.0,1.5,288.0,1.5,5
P03_p3n277,53,288.0,3.5,288.0,3.5,1
P05_p5n931,67,288.0,0.5,288.0,0.5,1
P05_p5n933,60,288.5,0.5,288.5,0.5,1
P05_p5n934,56,289.0,0.5,289.0,0.5,1
P05_p5n936,38,289.5,1.5,289.5,1.5,5
P05_p5n935,67,289.5,0.5,289.5,0.5,1
P05_p5n937,60,290.0,0.5,290.0,0.5,1
P05_p5n938,56,290.5,0.5,290.5,0.5,1
P05_p5n940,38,291.0,1.0,291.0,1.0,5
P05_p5n939,67,291.0,0.25,291.0,0.25,1
P05_p5n941,60,291.25,0.25,291.25,0.25,1
P03_p3n279,55,291.5,0.25,291.5,0.25,1
P05_p5n942,56,291.5,0.5,291.5,0.5,1
P03_p3n280,56,291.75,0.25,291.75,0.25,1
P05_p5n944,43,292.0,1.5,292.0,1.5,5
P03_p3n281,55,292.0,4.0,292.0,4.0,1
P05_p5n943,67,292.0,0.5,292.0,0.5,1
P05_p5n945,59,292.5,0.5,292.5,0.5,1
P05_p5n946,56,293.0,0.5,293.0,0.5,1
P05_p5n948,43,293.5,1.5,293.5,1.5,5
P05_p5n947,67,293.5,0.5,293.5,0.5,1
P05_p5n949,59,294.0,0.5,294.0,0.5,1
P05_p5n950,56,294.5,0.5,294.5,0.5,1
P05_p5n952,43,295.0,1.0,295.0,1.0,5
P05_p5n951,67,295.0,0.25,295.0,0.25,1
P05_p5n953,59,295.25,0.25,295.25,0.25,1
P05_p5n954,56,295.5,0.5,295.5,0.5,1
P05_p5n957,48,296.0,4.0,296.0,4.0,5
P01_p1n223,72,296.0,2.0,296.0,2.0,1
P05_p5n958,55,296.5,0.5,296.5,0.5,1
P05_p5n959,60,296.5,0.5,296.5,0.5,1
P05_p5n960,63,296.5,0.5,296.5,0.5,1
P05_p5n961,55,297.0,0.5,297.0,0.5,1
P05_p5n962,60,297.0,0.5,297.0,0.5,1
P05_p5n963,63,297.0,0.5,297.0,0.5,1
P02_p2n241,72,297.0,1.0,297.0,1.0,1
P05_p5n965,39,297.5,1.5,297.5,1.5,6
P05_p5n966,60,298.0,0.5,298.0,0.5,1
P05_p5n967,63,298.0,0.5,298.0,0.5,1
P05_p5n968,67,298.0,0.5,298.0,0.5,1
P02_p2n242,70,298.0,1.0,298.0,1.0,1
P01_p1n224,72,298.0,1.5,298.0,1.5,1
P05_p5n969,60,298.5,0.5,298.5,0.5,1
P05_p5n970,63,298.5,0.5,298.5,0.5,1
P05_p5n971,67,298.5,0.5,298.5,0.5,1
P05_p5n973,39,299.0,1.0,299.0,1.0,6
P02_p2n243,68,299.0,1.0,299.0,1.0,1
P05_p5n974,63,299.5,0.5,299.5,0.5,1
P05_p5n975,67,299.5,0.5,299.5,0.5,1
P05_p5n976,72,299.5,0.5,299.5,0.5,1
P01_p1n225,74,299.5,0.5,299.5,0.5,1
P05_p5n979,46,300.0,4.0,300.0,4.0,5
P02_p2n244,68,300.0,2.0,300.0,2.0,1
P01_p1n226,75,300.0,1.0,300.0,1.0,1
P05_p5n980,55,300.5,0.5,300.5,0.5,1
P05_p5n981,60,300.5,0.5,300.5,0.5,1
P05_p5n982,63,300.5,0.5,300.5,0.5,1
P05_p5n983,55,301.0,0.5,301.0,0.5,1
P05_p5n984,60,301.0,0.5,301.0,0.5,1
P05_p5n985,63,301.0,0.5,301.0,0.5,1
P01_p1n227,72,301.0,1.0,301.0,1.0,1
P05_p5n987,38,301.5,1.5,301.5,1.5,6
P05_p5n988,60,302.0,0.5,302.0,0.5,1
P05_p5n989,63,302.0,0.5,302.0,0.5,1
P05_p5n990,67,302.0,0.5,302.0,0.5,1
P02_p2n245,67,302.0,2.0,302.0,2.0,1
P05_p5n991,60,302.5,0.5,302.5,0.5,1
P05_p5n992,63,302.5,0.5,302.5,0.5,1
P05_p5n993,67,302.5,0.5,302.5,0.5,1
P01_p1n229,75,302.5,1.0,302.5,1.0,1
P05_p5n995,38,303.0,1.0,303.0,1.0,6
P05_p5n996,63,303.5,0.5,303.5,0.5,1
P05_p5n997,67,303.5,0.5,303.5,0.5,1
P05_p5n998,72,303.5,0.5,303.5,0.5,1
P01_p1n230,74,303.5,0.25,303.5,0.25,1
P01_p1n231,75,303.75,0.25,303.75,0.25,1
P05_p5n1001,44,304.0,4.0,304.0,4.0,5
P01_p1n232,72,304.0,3.5,304.0,3.5,1
P05_p5n1002,63,304.5,0.5,304.5,0.5,1
P05_p5n1003,67,304.5,0.5,304.5,0.5,1
P05_p5n1004,72,304.5,0.5,304.5,0.5,1
P05_p5n1005,63,305.0,0.5,305.0,0.5,1
P05_p5n1006,67,305.0,0.5,305.0,0.5,1
P02_p2n247,70,305.0,1.0,305.0,1.0,1
P05_p5n1007,72,305.0,0.5,305.0,0.5,1
P05_p5n1009,36,305.5,1.5,305.5,1.5,6
P05_p5n1010,60,306.0,0.5,306.0,0.5,1
P05_p5n1011,63,306.0,0.5,306.0,0.5,1
P05_p5n1012,67,306.0,0.5,306.0,0.5,1
P02_p2n248,68,306.0,1.0,306.0,1.0,1
P05_p5n1013,60,306.5,0.5,306.5,0.5,1
P05_p5n1014,63,306.5,0.5,306.5,0.5,1
P05_p5n1015,67,306.5,0.5,306.5,0.5,1
P05_p5n1017,36,307.0,1.0,307.0,1.0,6
P02_p2n249,67,307.0,1.0,307.0,1.0,1
P05_p5n1018,55,307.5,0.5,307.5,0.5,1
P05_p5n1019,60,307.5,0.5,307.5,0.5,1
P05_p5n1020,63,307.5,0.5,307.5,0.5,1
P01_p1n234,74,307.5,0.5,307.5,0.5,1
P05_p5n1022,50,308.0,1.0,308.0,1.0,5
P02_p2n250,67,308.0,2.0,308.0,2.0,1
P01_p1n235,75,308.0,2.0,308.0,2.0,1
P05_p5n1023,55,308.5,1.5,308.5,1.5,1
P05_p5n1024,60,308.5,1.5,308.5,1.5,1
P05_p5n1025,63,308.5,1.5,308.5,1.5,1
P05_p5n1026,50,309.0,1.0,309.0,1.0,5
P05_p5n1029,44,310.0,1.0,310.0,1.0,5
P05_p5n1027,54,310.0,1.0,310.0,1.0,1
P05_p5n1028,60,310.0,1.0,310.0,1.0,1
P02_p2n251,66,310.0,1.0,310.0,1.0,1
P01_p1n236,74,310.0,2.0,310.0,2.0,1
P05_p5n1032,43,311.0,1.0,311.0,1.0,5
P05_p5n1030,53,311.0,1.0,311.0,1.0,1
P05_p5n1031,59,311.0,1.0,311.0,1.0,1
P02_p2n252,65,311.0,1.0,311.0,1.0,1
P05_p5n1035,48,312.0,4.0,312.0,4.0,5
P02_p2n253,63,312.0,4.0,312.0,4.0,1
P01_p1n237,72,312.0,2.0,312.0,2.0,1
P05_p5n1036,55,312.5,0.5,312.5,0.5,1
P05_p5n1037,60,312.5,0.5,312.5,0.5,1
P05_p5n1038,63,312.5,0.5,312.5,0.5,1
P04_p4n268,51,313.0,1.0,313.0,1.0,1
P05_p5n1039,55,313.0,0.5,313.0,0.5,1
P05_p5n1040,60,313.0,0.5,313.0,0.5,1
P05_p5n1041,63,313.0,0.5,313.0,0.5,1
P05_p5n1043,36,313.5,1.5,313.5,1.5,6
P04_p4n269,53,314.0,1.0,314.0,1.0,1
P05_p5n1044,60,314.0,0.5,314.0,0.5,1
P05_p5n1045,63,314.0,0.5,314.0,0.5,1
P05_p5n1046,67,314.0,0.5,314.0,0.5,1
P01_p1n238,72,314.0,1.5,314.0,1.5,1
P05_p5n1047,60,314.5,0.5,314.5,0.5,1
P05_p5n1048,63,314.5,0.5,314.5,0.5,1
P05_p5n1049,67,314.5,0.5,314.5,0.5,1
P05_p5n1051,36,315.0,1.0,315.0,1.0,6
P04_p4n270,55,315.0,1.0,315.0,1.0,1
P05_p5n1052,63,315.5,0.5,315.5,0.5,1
P05_p5n1053,67,315.5,0.5,315.5,0.5,1
P05_p5n1054,72,315.5,0.5,315.5,0.5,1
P01_p1n239,74,315.5,0.5,315.5,0.5,1
P05_p5n1057,46,316.0,4.0,316.0,4.0,5
P04_p4n271,55,316.0,2.0,316.0,2.0,1
P02_p2n254,63,316.0,4.0,316.0,4.0,1
P01_p1n240,75,316.0,1.0,316.0,1.0,1
P05_p5n1058,55,316.5,0.5,316.5,0.5,1
P05_p5n1059,60,316.5,0.5,316.5,0.5,1
P05_p5n1060,63,316.5,0.5,316.5,0.5,1
P05_p5n1061,55,317.0,0.5,317.0,0.5,1
P03_p3n288,55,317.0,1.0,317.0,1.0,1
P05_p5n1062,60,317.0,0.5,317.0,0.5,1
P05_p5n1063,63,317.0,0.5,317.0,0.5,1
P01_p1n241,72,317.0,1.0,317.0,1.0,1
P05_p5n1065,34,317.5,1.5,317.5,1.5,6
P04_p4n272,55,318.0,1.0,318.0,1.0,1
P03_p3n289,56,318.0,1.0,318.0,1.0,1
P05_p5n1066,60,318.0,0.5,318.0,0.5,1
P05_p5n1067,63,318.0,0.5,318.0,0.5,1
P05_p5n1068,67,318.0,0.5,318.0,0.5,1
P05_p5n1069,60,318.5,0.5,318.5,0.5,1
P05_p5n1070,63,318.5,0.5,318.5,0.5,1
P05_p5n1071,67,318.5,0.5,318.5,0.5,1
P01_p1n243,75,318.5,1.0,318.5,1.0,1
P05_p5n1073,34,319.0,1.0,319.0,1.0,6
P04_p4n273,53,319.0,1.0,319.0,1.0,1
P03_p3n290,58,319.0,1.0,319.0,1.0,1
P05_p5n1074,63,319.5,0.5,319.5,0.5,1
P05_p5n1075,67,319.5,0.5,319.5,0.5,1
P05_p5n1076,72,319.5,0.5,319.5,0.5,1
P01_p1n244,74,319.5,0.25,319.5,0.25,1
P01_p1n245,75,319.75,0.25,319.75,0.25,1
P05_p5n1078,45,320.0,1.5,320.0,1.5,5
P04_p4n274,51,320.0,2.0,320.0,2.0,1
P03_p3n291,60,320.0,2.0,320.0,2.0,1
P01_p1n246,72,320.0,3.5,320.0,3.5,1
P05_p5n1079,55,320.5,0.5,320.5,0.5,1
P05_p5n1080,60,320.5,0.5,320.5,0.5,1
P05_p5n1081,63,320.5,0.5,320.5,0.5,1
P05_p5n1082,55,321.0,0.5,321.0,0.5,1
P05_p5n1083,60,321.0,0.5,321.0,0.5,1
P05_p5n1084,63,321.0,0.5,321.0,0.5,1
P02_p2n256,67,321.0,1.0,321.0,1.0,1
P05_p5n1086,45,321.5,0.5,321.5,0.5,5
P05_p5n1088,38,322.0,1.5,322.0,1.5,5
P04_p4n275,50,322.0,2.0,322.0,2.0,1
P03_p3n292,60,322.0,2.0,322.0,2.0,1
P02_p2n257,67,322.0,1.0,322.0,1.0,1
P05_p5n1089,54,322.5,1.0,322.5,1.0,1
P05_p5n1090,60,322.5,1.0,322.5,1.0,1
P05_p5n1091,63,322.5,1.0,322.5,1.0,1
P02_p2n258,66,323.0,1.0,323.0,1.0,1
P05_p5n1093,38,323.5,0.5,323.5,0.5,5
P01_p1n248,74,323.5,0.5,323.5,0.5,1
P04_p4n276,55,324.0,2.0,324.0,2.0,1
P05_p5n1094,58,324.0,2.0,324.0,2.0,1
P05_p5n1095,62,324.0,2.0,324.0,2.0,1
P03_p3n293,65,324.0,2.0,324.0,2.0,1
P05_p5n1096,65,324.0,2.0,324.0,2.0,1
P01_p1n249,70,324.0,1.0,324.0,1.0,1
P05_p5n1098,43,324.5,0.5,324.5,0.5,5
P02_p2n260,69,324.5,1.0,324.5,1.0,1
P05_p5n1099,50,325.0,0.5,325.0,0.5,5
P01_p1n250,70,325.0,1.0,325.0,1.0,1
P05_p5n1100,55,325.5,0.5,325.5,0.5,5
P02_p2n261,67,325.5,0.25,325.5,0.25,1
P02_p2n262,65,325.75,0.25,325.75,0.25,1
P05_p5n1101,58,326.0,2.0,326.0,2.0,1
P04_p4n277,58,326.0,1.0,326.0,1.0,1
P05_p5n1102,61,326.0,2.0,326.0,2.0,1
P03_p3n294,64,326.0,1.0,326.0,1.0,1
P05_p5n1103,64,326.0,2.0,326.0,2.0,1
P02_p2n263,69,326.0,1.0,326.0,1.0,1
P05_p5n1105,36,326.5,0.5,326.5,0.5,5
P01_p1n252,73,326.5,1.0,326.5,1.0,1
P05_p5n1106,43,327.0,0.5,327.0,0.5,5
P02_p2n264,67,327.0,1.0,327.0,1.0,1
P05_p5n1107,48,327.5,0.5,327.5,0.5,5
P04_p4n279,58,327.5,0.5,327.5,0.5,1
P03_p3n296,64,327.5,0.5,327.5,0.5,1
P01_p1n253,72,327.5,0.25,327.5,0.25,1
P01_p1n254,70,327.75,0.25,327.75,0.25,1
P04_p4n280,53,328.0,2.0,328.0,2.0,1
P05_p5n1108,56,328.0,2.0,328.0,2.0,1
P05_p5n1109,60,328.0,2.0,328.0,2.0,1
P03_p3n297,63,328.0,2.0,328.0,2.0,1
P05_p5n1110,63,328.0,2.0,328.0,2.0,1
P01_p1n255,68,328.0,1.0,328.0,1.0,1
P05_p5n1112,41,328.5,0.5,328.5,0.5,5
P02_p2n266,67,328.5,1.0,328.5,1.0,1
P05_p5n1113,48,329.0,0.5,329.0,0.5,5
P01_p1n256,68,329.0,1.0,329.0,1.0,1
P05_p5n1114,53,329.5,0.5,329.5,0.5,5
P02_p2n267,65,329.5,0.25,329.5,0.25,1
P02_p2n268,63,329.75,0.25,329.75,0.25,1
P04_p4n281,56,330.0,2.0,330.0,2.0,1
P05_p5n1115,56,330.0,2.0,330.0,2.0,1
P05_p5n1116,59,330.0,2.0,330.0,2.0,1
P05_p5n1117,62,330.0,2.0,330.0,2.0,1
P03_p3n298,62,330.0,2.0,330.0,2.0,1
P02_p2n269,67,330.0,1.0,330.0,1.0,1
P05_p5n1119,34,330.5,0.5,330.5,0.5,5
P01_p1n258,71,330.5,1.0,330.5,1.0,1
P05_p5n1120,41,331.0,0.5,331.0,0.5,5
P02_p2n270,65,331.0,1.0,331.0,1.0,1
P05_p5n1121,46,331.5,0.5,331.5,0.5,5
P01_p1n259,70,331.5,0.25,331.5,0.25,1
P01_p1n260,68,331.75,0.25,331.75,0.25,1
P04_p4n282,51,332.0,2.0,332.0,2.0,1
P05_p5n1122,55,332.0,2.0,332.0,2.0,1
P05_p5n1123,58,332.0,2.0,332.0,2.0,1
P05_p5n1124,62,332.0,2.0,332.0,2.0,1
P03_p3n299,62,332.0,2.0,332.0,2.0,1
P01_p1n261,67,332.0,2.0,332.0,2.0,1
P05_p5n1126,39,332.5,0.5,332.5,0.5,5
P02_p2n272,65,332.5,1.0,332.5,1.0,1
P05_p5n1127,46,333.0,0.5,333.0,0.5,5
P05_p5n1128,51,333.5,0.5,333.5,0.5,5
P02_p2n273,62,333.5,0.25,333.5,0.25,1
P02_p2n274,65,333.75,0.25,333.75,0.25,1
P05_p5n1129,55,334.0,2.0,334.0,2.0,1
P04_p4n283,56,334.0,1.0,334.0,1.0,1
P05_p5n1130,60,334.0,2.0,334.0,2.0,1
P03_p3n300,60,334.0,1.0,334.0,1.0,1
P02_p2n275,63,334.0,1.0,334.0,1.0,1
P05_p5n1131,63,334.0,2.0,334.0,2.0,1
P05_p5n1133,44,334.5,0.5,334.5,0.5,5
P01_p1n263,70,334.5,1.0,334.5,1.0,1
P05_p5n1134,39,335.0,0.5,335.0,0.5,5
P02_p2n276,63,335.0,0.5,335.0,0.5,1
P05_p5n1135,32,335.5,0.5,335.5,0.5,5
P04_p4n285,56,335.5,0.5,335.5,0.5,1
P03_p3n302,60,335.5,0.5,335.5,0.5,1
P02_p2n277,62,335.5,0.5,335.5,0.5,1
P01_p1n264,68,335.5,0.25,335.5,0.25,1
P01_p1n265,67,335.75,0.25,335.75,0.25,1
P05_p5n1137,38,336.0,1.5,336.0,1.5,5
P04_p4n286,50,336.0,4.0,336.0,4.0,1
P03_p3n303,56,336.0,4.0,336.0,4.0,1
P02_p2n278,60,336.0,2.0,336.0,2.0,1
P01_p1n266,65,336.0,3.5,336.0,3.5,1
P05_p5n1138,56,336.5,0.5,336.5,0.5,1
P05_p5n1139,60,336.5,0.5,336.5,0.5,1
P05_p5n1140,65,336.5,0.5,336.5,0.5,1
P05_p5n1141,56,337.0,0.5,337.0,0.5,1
P05_p5n1142,60,337.0,0.5,337.0,0.5,1
P05_p5n1143,65,337.0,0.5,337.0,0.5,1
P05_p5n1145,38,337.5,1.5,337.5,1.5,5
P05_p5n1146,56,338.0,0.5,338.0,0.5,1
P05_p5n1147,60,338.0,0.5,338.0,0.5,1
P02_p2n279,62,338.0,1.0,338.0,1.0,1
P05_p5n1148,65,338.0,0.5,338.0,0.5,1
P05_p5n1149,56,338.5,0.5,338.5,0.5,1
P05_p5n1150,60,338.5,0.5,338.5,0.5,1
P05_p5n1151,65,338.5,0.5,338.5,0.5,1
P05_p5n1153,38,339.0,1.0,339.0,1.0,5
P02_p2n280,60,339.0,1.0,339.0,1.0,1
P05_p5n1154,56,339.5,0.5,339.5,0.5,1
P05_p5n1155,60,339.5,0.5,339.5,0.5,1
P05_p5n1156,65,339.5,0.5,339.5,0.5,1
P01_p1n268,67,339.5,0.25,339.5,0.25,1
P01_p1n269,68,339.75,0.25,339.75,0.25,1
P05_p5n1158,43,340.0,1.5,340.0,1.5,5
P03_p3n304,55,340.0,4.0,340.0,4.0,1
P04_p4n287,55,340.0,4.0,340.0,4.0,1
P02_p2n281,59,340.0,4.0,340.0,4.0,1
P01_p1n270,67,340.0,4.0,340.0,4.0,1
P05_p5n1159,56,340.5,0.5,340.5,0.5,1
P05_p5n1160,59,340.5,0.5,340.5,0.5,1
P05_p5n1161,65,340.5,0.5,340.5,0.5,1
P05_p5n1162,56,341.0,0.5,341.0,0.5,1
P05_p5n1163,59,341.0,0.5,341.0,0.5,1
P05_p5n1164,65,341.0,0.5,341.0,0.5,1
P05_p5n1166,43,341.5,1.5,341.5,1.5,5
P05_p5n1167,56,342.0,0.5,342.0,0.5,1
P05_p5n1168,59,342.0,0.5,342.0,0.5,1
P05_p5n1169,65,342.0,0.5,342.0,0.5,1
P05_p5n1170,56,342.5,0.5,342.5,0.5,1
P05_p5n1171,59,342.5,0.5,342.5,0.5,1
P05_p5n1172,65,342.5,0.5,342.5,0.5,1
P05_p5n1174,43,343.0,1.0,343.0,1.0,5
P05_p5n1175,56,343.5,0.5,343.5,0.5,1
P05_p5n1176,59,343.5,0.5,343.5,0.5,1
P05_p5n1177,65,343.5,0.5,343.5,0.5,1
P05_p5n1181,36,344.0,1.5,344.0,1.5,5
P05_p5n1178,60,344.0,0.5,344.0,0.5,1
P05_p5n1179,63,344.0,0.5,344.0,0.5,1
P05_p5n1180,67,344.0,0.5,344.0,0.5,1
P01_p1n271,72,344.0,1.5,344.0,1.5,1
P05_p5n1182,60,344.5,0.5,344.5,0.5,1
P05_p5n1183,63,344.5,0.5,344.5,0.5,1
P05_p5n1184,67,344.5,0.5,344.5,0.5,1
P05_p5n1185,60,345.0,0.5,345.0,0.5,1
P05_p5n1186,63,345.0,0.5,345.0,0.5,1
P05_p5n1187,67,345.0,0.5,345.0,0.5,1
P05_p5n1191,36,345.5,1.5,345.5,1.5,5
P05_p5n1188,60,345.5,0.5,345.5,0.5,1
P05_p5n1189,63,345.5,0.5,345.5,0.5,1
P05_p5n1190,67,345.5,0.5,345.5,0.5,1
P01_p1n272,72,345.5,2.0,345.5,2.0,1
P05_p5n1192,60,346.0,0.5,346.0,0.5,1
P05_p5n1193,63,346.0,0.5,346.0,0.5,1
P05_p5n1194,67,346.0,0.5,346.0,0.5,1
P04_p4n290,48,346.5,0.5,346.5,0.5,1
P05_p5n1195,60,346.5,0.5,346.5,0.5,1
P05_p5n1196,63,346.5,0.5,346.5,0.5,1
P05_p5n1197,67,346.5,0.5,346.5,0.5,1
P05_p5n1201,36,347.0,1.0,347.0,1.0,5
P04_p4n291,48,347.0,0.5,347.0,0.5,1
P05_p5n1198,60,347.0,0.5,347.0,0.5,1
P05_p5n1199,63,347.0,0.5,347.0,0.5,1
P05_p5n1200,67,347.0,0.5,347.0,0.5,1
P04_p4n292,48,347.5,0.5,347.5,0.5,1
P05_p5n1202,60,347.5,0.5,347.5,0.5,1
P05_p5n1203,63,347.5,0.5,347.5,0.5,1
P05_p5n1204,67,347.5,0.5,347.5,0.5,1
P01_p1n274,74,347.5,0.5,347.5,0.5,1
P05_p5n1208,38,348.0,1.5,348.0,1.5,5
P04_p4n293,50,348.0,1.5,348.0,1.5,1
P05_p5n1205,60,348.0,0.5,348.0,0.5,1
P05_p5n1206,63,348.0,0.5,348.0,0.5,1
P05_p5n1207,66,348.0,0.5,348.0,0.5,1
P01_p1n275,75,348.0,1.5,348.0,1.5,1
P05_p5n1209,60,348.5,0.5,348.5,0.5,1
P05_p5n1210,63,348.5,0.5,348.5,0.5,1
P05_p5n1211,66,348.5,0.5,348.5,0.5,1
P05_p5n1212,60,349.0,0.5,349.0,0.5,1
P05_p5n1213,63,349.0,0.5,349.0,0.5,1
P05_p5n1214,66,349.0,0.5,349.0,0.5,1
P05_p5n1218,38,349.5,1.5,349.5,1.5,5
P04_p4n294,50,349.5,1.5,349.5,1.5,1
P05_p5n1215,60,349.5,0.5,349.5,0.5,1
P05_p5n1216,63,349.5,0.5,349.5,0.5,1
P05_p5n1217,66,349.5,0.5,349.5,0.5,1
P01_p1n276,72,349.5,0.5,349.5,0.5,1
P05_p5n1219,60,350.0,0.5,350.0,0.5,1
P05_p5n1220,63,350.0,0.5,350.0,0.5,1
P05_p5n1221,66,350.0,0.5,350.0,0.5,1
P05_p5n1222,60,350.5,0.5,350.5,0.5,1
P05_p5n1223,63,350.5,0.5,350.5,0.5,1
P05_p5n1224,66,350.5,0.5,350.5,0.5,1
P01_p1n278,75,350.5,1.0,350.5,1.0,1
P05_p5n1228,38,351.0,1.0,351.0,1.0,5
P05_p5n1225,60,351.0,0.5,351.0,0.5,1
P05_p5n1226,63,351.0,0.5,351.0,0.5,1
P05_p5n1227,66,351.0,0.5,351.0,0.5,1
P05_p5n1229,60,351.5,0.5,351.5,0.5,1
P05_p5n1230,63,351.5,0.5,351.5,0.5,1
P05_p5n1231,66,351.5,0.5,351.5,0.5,1
P01_p1n279,74,351.5,0.25,351.5,0.25,1
P01_p1n280,75,351.75,0.25,351.75,0.25,1
P05_p5n1235,39,352.0,1.5,352.0,1.5,5
P04_p4n296,51,352.0,1.5,352.0,1.5,1
P05_p5n1232,60,352.0,0.5,352.0,0.5,1
P05_p5n1233,63,352.0,0.5,352.0,0.5,1
P05_p5n1234,67,352.0,0.5,352.0,0.5,1
P02_p2n284,67,352.0,1.5,352.0,1.5,1
P01_p1n281,72,352.0,2.0,352.0,2.0,1
P05_p5n1236,60,352.5,0.5,352.5,0.5,1
P05_p5n1237,63,352.5,0.5,352.5,0.5,1
P05_p5n1238,67,352.5,0.5,352.5,0.5,1
P05_p5n1239,60,353.0,0.5,353.0,0.5,1
P05_p5n1240,63,353.0,0.5,353.0,0.5,1
P05_p5n1241,67,353.0,0.5,353.0,0.5,1
P05_p5n1245,39,353.5,1.5,353.5,1.5,5
P04_p4n297,51,353.5,1.5,353.5,1.5,1
P05_p5n1242,60,353.5,0.5,353.5,0.5,1
P05_p5n1243,63,353.5,0.5,353.5,0.5,1
P05_p5n1244,67,353.5,0.5,353.5,0.5,1
P02_p2n285,67,353.5,2.0,353.5,2.0,1
P05_p5n1246,60,354.0,0.5,354.0,0.5,1
P05_p5n1247,63,354.0,0.5,354.0,0.5,1
P05_p5n1248,67,354.0,0.5,354.0,0.5,1
P05_p5n1249,60,354.5,0.5,354.5,0.5,1
P03_p3n309,60,354.5,0.5,354.5,0.5,1
P05_p5n1250,63,354.5,0.5,354.5,0.5,1
P05_p5n1251,67,354.5,0.5,354.5,0.5,1
P01_p1n283,75,354.5,1.0,354.5,1.0,1
P05_p5n1255,39,355.0,1.0,355.0,1.0,5
P04_p4n298,51,355.0,1.0,355.0,1.0,1
P03_p3n310,60,355.0,0.5,355.0,0.5,1
P05_p5n1252,60,355.0,0.5,355.0,0.5,1
P05_p5n1253,63,355.0,0.5,355.0,0.5,1
P05_p5n1254,67,355.0,0.5,355.0,0.5,1
P03_p3n311,60,355.5,0.5,355.5,0.5,1
P05_p5n1256,60,355.5,0.5,355.5,0.5,1
P05_p5n1257,63,355.5,0.5,355.5,0.5,1
P05_p5n1258,67,355.5,0.5,355.5,0.5,1
P02_p2n287,67,355.5,0.5,355.5,0.5,1
P01_p1n284,74,355.5,0.5,355.5,0.5,1
P05_p5n1262,40,356.0,1.5,356.0,1.5,5
P04_p4n299,52,356.0,1.5,356.0,1.5,1
P03_p3n312,58,356.0,1.5,356.0,1.5,1
P05_p5n1259,60,356.0,0.5,356.0,0.5,1
P05_p5n1260,67,356.0,0.5,356.0,0.5,1
P02_p2n288,68,356.0,1.5,356.0,1.5,1
P05_p5n1261,72,356.0,0.5,356.0,0.5,1
P01_p1n285,73,356.0,1.5,356.0,1.5,1
P05_p5n1263,60,356.5,0.5,356.5,0.5,1
P05_p5n1264,67,356.5,0.5,356.5,0.5,1
P05_p5n1265,72,356.5,0.5,356.5,0.5,1
P05_p5n1266,60,357.0,0.5,357.0,0.5,1
P05_p5n1267,67,357.0,0.5,357.0,0.5,1
P05_p5n1268,72,357.0,0.5,357.0,0.5,1
P05_p5n1272,40,357.5,1.5,357.5,1.5,5
P04_p4n300,52,357.5,1.0,357.5,1.0,1
P03_p3n313,58,357.5,1.5,357.5,1.5,1
P05_p5n1269,60,357.5,0.5,357.5,0.5,1
P02_p2n289,67,357.5,0.5,357.5,0.5,1
P05_p5n1270,67,357.5,0.5,357.5,0.5,1
P01_p1n286,72,357.5,2.5,357.5,2.5,1
P05_p5n1271,72,357.5,0.5,357.5,0.5,1
P05_p5n1273,60,358.0,0.5,358.0,0.5,1
P05_p5n1274,67,358.0,0.5,358.0,0.5,1
P05_p5n1275,72,358.0,0.5,358.0,0.5,1
P04_p4n301,48,358.5,0.5,358.5,0.5,1
P05_p5n1276,60,358.5,0.5,358.5,0.5,1
P05_p5n1277,67,358.5,0.5,358.5,0.5,1
P02_p2n291,70,358.5,0.5,358.5,0.5,1
P05_p5n1278,72,358.5,0.5,358.5,0.5,1
P05_p5n1282,40,359.0,1.0,359.0,1.0,5
P04_p4n302,48,359.0,0.5,359.0,0.5,1
P05_p5n1279,60,359.0,0.5,359.0,0.5,1
P05_p5n1280,67,359.0,0.5,359.0,0.5,1
P02_p2n292,68,359.0,0.5,359.0,0.5,1
P05_p5n1281,72,359.0,0.5,359.0,0.5,1
P04_p4n303,48,359.5,0.5,359.5,0.5,1
P05_p5n1283,60,359.5,0.5,359.5,0.5,1
P02_p2n293,67,359.5,0.5,359.5,0.5,1
P05_p5n1284,67,359.5,0.5,359.5,0.5,1
P05_p5n1285,72,359.5,0.5,359.5,0.5,1
P05_p5n1289,41,360.0,1.5,360.0,1.5,5
P04_p4n304,53,360.0,1.5,360.0,1.5,1
P05_p5n1286,56,360.0,0.5,360.0,0.5,1
P05_p5n1287,63,360.0,0.5,360.0,0.5,1
P03_p3n315,63,360.0,1.5,360.0,1.5,1
P05_p5n1288,68,360.0,0.5,360.0,0.5,1
P02_p2n294,68,360.0,1.5,360.0,1.5,1
P01_p1n288,72,360.0,1.5,360.0,1.5,1
P05_p5n1290,56,360.5,0.5,360.5,0.5,1
P05_p5n1291,63,360.5,0.5,360.5,0.5,1
P05_p5n1292,68,360.5,0.5,360.5,0.5,1
P05_p5n1293,56,361.0,0.5,361.0,0.5,1
P05_p5n1294,63,361.0,0.5,361.0,0.5,1
P05_p5n1295,68,361.0,0.5,361.0,0.5,1
P05_p5n1299,41,361.5,1.5,361.5,1.5,5
P04_p4n305,53,361.5,1.5,361.5,1.5,1
P05_p5n1296,56,361.5,0.5,361.5,0.5,1
P05_p5n1297,63,361.5,0.5,361.5,0.5,1
P03_p3n316,63,361.5,1.5,361.5,1.5,1
P02_p2n295,68,361.5,0.5,361.5,0.5,1
P05_p5n1298,68,361.5,0.5,361.5,0.5,1
P01_p1n289,72,361.5,2.0,361.5,2.0,1
P05_p5n1300,56,362.0,0.5,362.0,0.5,1
P05_p5n1301,63,362.0,0.5,362.0,0.5,1
P05_p5n1302,68,362.0,0.5,362.0,0.5,1
P05_p5n1303,56,362.5,0.5,362.5,0.5,1
P05_p5n1304,63,362.5,0.5,362.5,0.5,1
P05_p5n1305,68,362.5,0.5,362.5,0.5,1
P02_p2n297,72,362.5,0.5,362.5,0.5,1
P05_p5n1309,41,363.0,1.0,363.0,1.0,5
P05_p5n1306,56,363.0,0.5,363.0,0.5,1
P03_p3n317,63,363.0,1.0,363.0,1.0,1
P05_p5n1307,63,363.0,0.5,363.0,0.5,1
P05_p5n1308,68,363.0,0.5,363.0,0.5,1
P02_p2n298,70,363.0,0.5,363.0,0.5,1
P05_p5n1310,56,363.5,0.5,363.5,0.5,1
P05_p5n1311,63,363.5,0.5,363.5,0.5,1
P02_p2n299,68,363.5,0.5,363.5,0.5,1
P05_p5n1312,68,363.5,0.5,363.5,0.5,1
P01_p1n291,74,363.5,0.5,363.5,0.5,1
P05_p5n1316,43,364.0,1.5,364.0,1.5,5
P04_p4n307,55,364.0,1.5,364.0,1.5,1
P05_p5n1313,58,364.0,0.5,364.0,0.5,1
P03_p3n318,62,364.0,1.5,364.0,1.5,1
P05_p5n1314,65,364.0,0.5,364.0,0.5,1
P02_p2n300,70,364.0,1.5,364.0,1.5,1
P05_p5n1315,70,364.0,0.5,364.0,0.5,1
P01_p1n292,75,364.0,1.5,364.0,1.5,1
P05_p5n1317,58,364.5,0.5,364.5,0.5,1
P05_p5n1318,65,364.5,0.5,364.5,0.5,1
P05_p5n1319,70,364.5,0.5,364.5,0.5,1
P05_p5n1320,58,365.0,0.5,365.0,0.5,1
P05_p5n1321,65,365.0,0.5,365.0,0.5,1
P05_p5n1322,70,365.0,0.5,365.0,0.5,1
P05_p5n1326,43,365.5,1.5,365.5,1.5,5
P04_p4n308,55,365.5,1.5,365.5,1.5,1
P05_p5n1323,58,365.5,0.5,365.5,0.5,1
P03_p3n319,62,365.5,1.0,365.5,1.0,1
P05_p5n1324,65,365.5,0.5,365.5,0.5,1
P02_p2n301,70,365.5,2.5,365.5,2.5,1
P05_p5n1325,70,365.5,0.5,365.5,0.5,1
P01_p1n293,72,365.5,0.5,365.5,0.5,1
P05_p5n1327,58,366.0,0.5,366.0,0.5,1
P05_p5n1328,65,366.0,0.5,366.0,0.5,1
P05_p5n1329,70,366.0,0.5,366.0,0.5,1
P05_p5n1330,58,366.5,0.5,366.5,0.5,1
P03_p3n320,62,366.5,0.5,366.5,0.5,1
P05_p5n1331,65,366.5,0.5,366.5,0.5,1
P05_p5n1332,70,366.5,0.5,366.5,0.5,1
P01_p1n295,75,366.5,1.0,366.5,1.0,1
P05_p5n1336,43,367.0,1.0,367.0,1.0,5
P04_p4n309,55,367.0,1.0,367.0,1.0,1
P05_p5n1333,58,367.0,0.5,367.0,0.5,1
P03_p3n321,63,367.0,0.5,367.0,0.5,1
P05_p5n1334,65,367.0,0.5,367.0,0.5,1
P05_p5n1335,70,367.0,0.5,367.0,0.5,1
P05_p5n1337,58,367.5,0.5,367.5,0.5,1
P05_p5n1338,65,367.5,0.5,367.5,0.5,1
P03_p3n322,65,367.5,0.5,367.5,0.5,1
P05_p5n1339,70,367.5,0.5,367.5,0.5,1
P01_p1n296,74,367.5,0.25,367.5,0.25,1
P01_p1n297,75,367.75,0.25,367.75,0.25,1
P05_p5n1343,44,368.0,1.5,368.0,1.5,5
P04_p4n310,56,368.0,1.5,368.0,1.5,1
P05_p5n1340,60,368.0,0.5,368.0,0.5,1
P03_p3n323,63,368.0,1.5,368.0,1.5,1
P05_p5n1341,67,368.0,0.5,368.0,0.5,1
P02_p2n303,67,368.0,1.5,368.0,1.5,1
P01_p1n298,72,368.0,2.0,368.0,2.0,1
P05_p5n1342,72,368.0,0.5,368.0,0.5,1
P05_p5n1344,60,368.5,0.5,368.5,0.5,1
P05_p5n1345,67,368.5,0.5,368.5,0.5,1
P05_p5n1346,72,368.5,0.5,368.5,0.5,1
P05_p5n1347,60,369.0,0.5,369.0,0.5,1
P05_p5n1348,67,369.0,0.5,369.0,0.5,1
P05_p5n1349,72,369.0,0.5,369.0,0.5,1
P05_p5n1353,44,369.5,1.0,369.5,1.0,5
P04_p4n311,56,369.5,1.0,369.5,1.0,1
P05_p5n1350,60,369.5,0.5,369.5,0.5,1
P03_p3n324,63,369.5,1.5,369.5,1.5,1
P05_p5n1351,67,369.5,0.5,369.5,0.5,1
P02_p2n304,67,369.5,2.0,369.5,2.0,1
P05_p5n1352,72,369.5,0.5,369.5,0.5,1
P05_p5n1354,60,370.0,0.5,370.0,0.5,1
P05_p5n1355,67,370.0,0.5,370.0,0.5,1
P05_p5n1356,72,370.0,0.5,370.0,0.5,1
P05_p5n1361,44,370.5,0.5,370.5,0.5,5
P04_p4n312,56,370.5,0.5,370.5,0.5,1
P05_p5n1358,60,370.5,0.5,370.5,0.5,1
P05_p5n1359,67,370.5,0.5,370.5,0.5,1
P05_p5n1360,72,370.5,0.5,370.5,0.5,1
P01_p1n300,75,370.5,1.0,370.5,1.0,1
P05_p5n1365,46,371.0,0.5,371.0,0.5,5
P04_p4n313,58,371.0,0.5,371.0,0.5,1
P05_p5n1362,60,371.0,0.5,371.0,0.5,1
P03_p3n325,63,371.0,1.0,371.0,1.0,1
P05_p5n1363,67,371.0,0.5,371.0,0.5,1
P05_p5n1364,72,371.0,0.5,371.0,0.5,1
P05_p5n1369,48,371.5,0.5,371.5,0.5,5
P04_p4n314,60,371.5,0.5,371.5,0.5,1
P05_p5n1366,60,371.5,0.5,371.5,0.5,1
P05_p5n1367,67,371.5,0.5,371.5,0.5,1
P02_p2n306,67,371.5,0.5,371.5,0.5,1
P05_p5n1368,72,371.5,0.5,371.5,0.5,1
P01_p1n301,74,371.5,0.5,371.5,0.5,1
P05_p5n1374,50,372.0,1.5,372.0,1.5,5
P04_p4n315,62,372.0,1.5,372.0,1.5,1
P03_p3n326,63,372.0,1.5,372.0,1.5,1
P05_p5n1370,63,372.0,0.5,372.0,0.5,1
P05_p5n1371,66,372.0,0.5,372.0,0.5,1
P02_p2n307,66,372.0,3.0,372.0,3.0,1
P05_p5n1372,69,372.0,0.5,372.0,0.5,1
P05_p5n1373,74,372.0,0.5,372.0,0.5,1
P01_p1n302,74,372.0,3.0,372.0,3.0,1
P05_p5n1375,63,372.5,0.5,372.5,0.5,1
P05_p5n1376,66,372.5,0.5,372.5,0.5,1
P05_p5n1377,69,372.5,0.5,372.5,0.5,1
P05_p5n1378,74,372.5,0.5,372.5,0.5,1
P05_p5n1379,63,373.0,0.5,373.0,0.5,1
P05_p5n1380,66,373.0,0.5,373.0,0.5,1
P05_p5n1381,69,373.0,0.5,373.0,0.5,1
P05_p5n1382,74,373.0,0.5,373.0,0.5,1
P05_p5n1387,48,373.5,1.5,373.5,1.5,5
P04_p4n316,60,373.5,1.5,373.5,1.5,1
P03_p3n327,63,373.5,1.5,373.5,1.5,1
P05_p5n1383,63,373.5,0.5,373.5,0.5,1
P05_p5n1384,66,373.5,0.5,373.5,0.5,1
P05_p5n1385,69,373.5,0.5,373.5,0.5,1
P05_p5n1386,74,373.5,0.5,373.5,0.5,1
P05_p5n1388,63,374.0,0.5,374.0,0.5,1
P05_p5n1389,66,374.0,0.5,374.0,0.5,1
P05_p5n1390,69,374.0,0.5,374.0,0.5,1
P05_p5n1391,74,374.0,0.5,374.0,0.5,1
P05_p5n1392,63,374.5,0.5,374.5,0.5,1
P05_p5n1393,66,374.5,0.5,374.5,0.5,1
P05_p5n1394,69,374.5,0.5,374.5,0.5,1
P05_p5n1395,74,374.5,0.5,374.5,0.5,1
P05_p5n1400,47,375.0,1.0,375.0,1.0,5
P04_p4n317,59,375.0,1.0,375.0,1.0,1
P03_p3n328,62,375.0,1.0,375.0,1.0,1
P05_p5n1396,62,375.0,0.5,375.0,0.5,1
P05_p5n1397,65,375.0,0.5,375.0,0.5,1
P02_p2n308,67,375.0,1.0,375.0,1.0,1
P05_p5n1398,68,375.0,0.5,375.0,0.5,1
P05_p5n1399,74,375.0,0.5,375.0,0.5,1
P01_p1n303,74,375.0,1.0,375.0,1.0,1
P05_p5n1401,62,375.5,0.5,375.5,0.5,1
P05_p5n1402,65,375.5,0.5,375.5,0.5,1
P05_p5n1403,68,375.5,0.5,375.5,0.5,1
P05_p5n1404,74,375.5,0.5,375.5,0.5,1
P05_p5n1406,46,376.0,4.0,376.0,4.0,5
P02_p2n309,67,376.0,2.5,376.0,2.5,1
P05_p5n1405,72,376.0,0.5,376.0,0.5,1
P05_p5n1407,67,376.5,0.5,376.5,0.5,1
P04_p4n319,58,377.0,1.0,377.0,1.0,1
P03_p3n330,60,377.0,1.0,377.0,1.0,1
P05_p5n1408,64,377.0,0.5,377.0,0.5,1
P05_p5n1409,72,377.5,0.5,377.5,0.5,1
P04_p4n320,58,378.0,1.0,378.0,1.0,1
P03_p3n331,60,378.0,1.0,378.0,1.0,1
P05_p5n1410,67,378.0,0.5,378.0,0.5,1
P02_p2n311,60,378.5,1.0,378.5,1.0,1
P05_p5n1411,64,378.5,0.5,378.5,0.5,1
P04_p4n321,58,379.0,1.0,379.0,1.0,1
P03_p3n332,60,379.0,1.0,379.0,1.0,1
P05_p5n1412,72,379.0,0.5,379.0,0.5,1
P02_p2n312,64,379.5,0.25,379.5,0.25,1
P05_p5n1413,67,379.5,0.5,379.5,0.5,1
P02_p2n313,67,379.75,0.25,379.75,0.25,1
P04_p4n322,57,380.0,2.0,380.0,2.0,1
P05_p5n1414,60,380.0,4.0,380.0,4.0,1
P03_p3n333,60,380.0,2.0,380.0,2.0,1
P05_p5n1415,65,380.0,4.0,380.0,4.0,1
P02_p2n314,67,380.0,2.0,380.0,2.0,1
P05_p5n1416,69,380.0,4.0,380.0,4.0,1
P05_p5n1417,72,380.0,4.0,380.0,4.0,1
P05_p5n1419,41,380.5,0.5,380.5,0.5,5
P05_p5n1420,45,381.0,0.5,381.0,0.5,5
P01_p1n306,72,381.0,1.0,381.0,1.0,1
P05_p5n1421,48,381.5,0.5,381.5,0.5,5
P05_p5n1422,55,382.0,0.5,382.0,0.5,5
P04_p4n323,57,382.0,2.0,382.0,2.0,1
P03_p3n334,60,382.0,2.0,382.0,2.0,1
P02_p2n315,65,382.0,2.0,382.0,2.0,1
P01_p1n307,72,382.0,1.5,382.0,1.5,1
P05_p5n1423,53,382.5,0.5,382.5,0.5,5
P05_p5n1424,58,383.0,0.5,383.0,0.5,5
P05_p5n1425,57,383.5,0.5,383.5,0.5,5
P01_p1n308,74,383.5,0.5,383.5,0.5,1
P05_p5n1429,60,384.0,0.5,384.0,0.5,5
P05_p5n1426,62,384.0,4.0,384.0,4.0,1
P05_p5n1427,65,384.0,4.0,384.0,4.0,1
P02_p2n316,65,384.0,2.5,384.0,2.5,1
P05_p5n1428,70,384.0,4.0,384.0,4.0,1
P01_p1n309,72,384.0,2.0,384.0,2.0,1
P05_p5n1430,58,384.5,0.5,384.5,0.5,5
P04_p4n325,56,385.0,1.0,385.0,1.0,1
P03_p3n336,58,385.0,1.0,385.0,1.0,1
P05_p5n1431,58,385.0,0.5,385.0,0.5,5
P05_p5n1432,56,385.5,0.5,385.5,0.5,5
P05_p5n1433,56,386.0,0.5,386.0,0.5,5
P04_p4n326,56,386.0,1.0,386.0,1.0,1
P03_p3n337,58,386.0,1.0,386.0,1.0,1
P01_p1n310,70,386.0,2.0,386.0,2.0,1
P05_p5n1434,55,386.5,0.5,386.5,0.5,5
P02_p2n318,58,386.5,1.0,386.5,1.0,1
P05_p5n1435,55,387.0,0.5,387.0,0.5,5
P04_p4n327,56,387.0,1.0,387.0,1.0,1
P03_p3n338,58,387.0,1.0,387.0,1.0,1
P05_p5n1436,53,387.5,0.5,387.5,0.5,5
P02_p2n319,62,387.5,0.25,387.5,0.25,1
P02_p2n320,65,387.75,0.25,387.75,0.25,1
P04_p4n328,55,388.0,2.0,388.0,2.0,1
P05_p5n1437,58,388.0,4.0,388.0,4.0,1
P03_p3n339,58,388.0,2.0,388.0,2.0,1
P05_p5n1438,63,388.0,4.0,388.0,4.0,1
P02_p2n321,65,388.0,2.0,388.0,2.0,1
P05_p5n1439,67,388.0,4.0,388.0,4.0,1
P05_p5n1440,70,388.0,4.0,388.0,4.0,1
P05_p5n1442,39,388.5,0.5,388.5,0.5,5
P05_p5n1443,43,389.0,0.5,389.0,0.5,5
P01_p1n312,70,389.0,1.0,389.0,1.0,1
P05_p5n1444,46,389.5,0.5,389.5,0.5,5
P05_p5n1445,53,390.0,0.5,390.0,0.5,5
P04_p4n329,55,390.0,2.0,390.0,2.0,1
P03_p3n340,58,390.0,2.0,390.0,2.0,1
P02_p2n322,63,390.0,2.0,390.0,2.0,1
P01_p1n313,70,390.0,1.5,390.0,1.5,1
P05_p5n1446,51,390.5,0.5,390.5,0.5,5
P05_p5n1447,56,391.0,0.25,391.0,0.25,5
P05_p5n1448,55,391.25,0.25,391.25,0.25,5
P05_p5n1449,58,391.5,1.0,391.5,1.0,5
P01_p1n314,72,391.5,0.5,391.5,0.5,1
P05_p5n1450,60,392.0,4.0,392.0,4.0,1
P02_p2n323,63,392.0,2.5,392.0,2.5,1
P05_p5n1451,63,392.0,4.0,392.0,4.0,1
P05_p5n1452,68,392.0,4.0,392.0,4.0,1
P01_p1n315,70,392.0,2.0,392.0,2.0,1
P05_p5n1454,56,392.5,0.5,392.5,0.5,5
P04_p4n331,54,393.0,1.0,393.0,1.0,1
P03_p3n342,56,393.0,1.0,393.0,1.0,1
P05_p5n1455,56,393.0,0.5,393.0,0.5,5
P05_p5n1456,54,393.5,0.5,393.5,0.5,5
P04_p4n332,54,394.0,1.0,394.0,1.0,1
P05_p5n1457,54,394.0,0.5,394.0,0.5,5
P03_p3n343,56,394.0,1.0,394.0,1.0,1
P01_p1n316,68,394.0,1.0,394.0,1.0,1
P05_p5n1458,53,394.5,0.5,394.5,0.5,5
P02_p2n325,56,394.5,1.0,394.5,1.0,1
P05_p5n1459,53,395.0,0.5,395.0,0.5,5
P04_p4n333,54,395.0,1.0,395.0,1.0,1
P03_p3n344,56,395.0,1.0,395.0,1.0,1
P01_p1n317,63,395.0,1.0,395.0,1.0,1
P05_p5n1460,51,395.5,0.5,395.5,0.5,5
P02_p2n326,60,395.5,0.25,395.5,0.25,1
P02_p2n327,63,395.75,0.25,395.75,0.25,1
P04_p4n334,53,396.0,1.5,396.0,1.5,1
P03_p3n345,56,396.0,1.5,396.0,1.5,1
P05_p5n1461,56,396.0,4.0,396.0,4.0,1
P05_p5n1462,61,396.0,4.0,396.0,4.0,1
P02_p2n328,63,396.0,1.5,396.0,1.5,1
P05_p5n1463,65,396.0,4.0,396.0,4.0,1
P05_p5n1464,68,396.0,4.0,396.0,4.0,1
P01_p1n318,70,396.0,1.5,396.0,1.5,1
P05_p5n1466,37,396.5,0.5,396.5,0.5,5
P05_p5n1467,41,397.0,0.5,397.0,0.5,5
P05_p5n1468,44,397.5,0.5,397.5,0.5,5
P04_p4n335,53,397.5,1.5,397.5,1.5,1
P03_p3n346,56,397.5,1.0,397.5,1.0,1
P02_p2n329,61,397.5,1.0,397.5,1.0,1
P01_p1n319,68,397.5,1.0,397.5,1.0,1
P05_p5n1469,51,398.0,0.5,398.0,0.5,5
P05_p5n1470,49,398.5,0.5,398.5,0.5,5
P03_p3n347,65,398.5,1.0,398.5,1.0,1
P02_p2n331,68,398.5,1.0,398.5,1.0,1
P01_p1n321,73,398.5,1.0,398.5,1.0,1
P04_p4n336,53,399.0,1.0,399.0,1.0,1
P05_p5n1471,58,399.0,0.5,399.0,0.5,5
P05_p5n1472,56,399.5,0.5,399.5,0.5,5
P03_p3n348,63,399.5,0.5,399.5,0.5,1
P02_p2n332,67,399.5,0.5,399.5,0.5,1
P01_p1n322,72,399.5,0.5,399.5,0.5,1
P05_p5n1476,55,400.0,1.0,400.0,1.0,5
P04_p4n337,55,400.0,1.5,400.0,1.5,1
P05_p5n1473,59,400.0,1.5,400.0,1.5,1
P03_p3n349,62,400.0,1.5,400.0,1.5,1
P05_p5n1474,62,400.0,1.5,400.0,1.5,1
P02_p2n333,65,400.0,1.5,400.0,1.5,1
P05_p5n1475,67,400.0,1.5,400.0,1.5,1
P01_p1n323,71,400.0,1.5,400.0,1.5,1
P05_p5n1478,53,401.0,1.0,401.0,1.0,5
P05_p5n1477,54,401.0,0.0,401.0,0.0,5
P04_p4n338,55,401.5,1.5,401.5,1.5,1
P05_p5n1479,59,401.5,1.5,401.5,1.5,1
P03_p3n350,59,401.5,1.0,401.5,1.0,1
P02_p2n334,62,401.5,1.0,401.5,1.0,1
P05_p5n1480,62,401.5,1.5,401.5,1.5,1
P05_p5n1481,67,401.5,1.5,401.5,1.5,1
P01_p1n324,67,401.5,1.0,401.5,1.0,1
P05_p5n1482,50,402.0,1.0,402.0,1.0,5
P03_p3n351,58,402.5,1.0,402.5,1.0,1
P02_p2n335,61,402.5,1.0,402.5,1.0,1
P01_p1n325,66,402.5,1.0,402.5,1.0,1
P05_p5n1486,43,403.0,1.0,403.0,1.0,5
P04_p4n339,55,403.0,1.0,403.0,1.0,1
P05_p5n1483,59,403.0,1.0,403.0,1.0,1
P05_p5n1484,62,403.0,1.0,403.0,1.0,1
P05_p5n1485,67,403.0,1.0,403.0,1.0,1
P03_p3n352,59,403.5,0.5,403.5,0.5,1
P02_p2n336,62,403.5,0.5,403.5,0.5,1
P01_p1n326,67,403.5,0.5,403.5,0.5,1
P05_p5n1488,44,404.0,1.0,404.0,1.0,5
P04_p4n340,50,404.0,2.0,404.0,2.0,1
P03_p3n353,60,404.0,2.0,404.0,2.0,1
P02_p2n337,65,404.0,2.0,404.0,2.0,1
P01_p1n327,68,404.0,2.0,404.0,2.0,1
P05_p5n1493,56,405.0,1.0,405.0,1.0,5
P05_p5n1492,67,405.0,0.5,405.0,0.5,1
P05_p5n1491,68,405.0,0.0,405.0,0.0,1
P05_p5n1490,69,405.0,0.0,405.0,0.0,1
P05_p5n1489,70,405.0,0.0,405.0,0.0,1
P05_p5n1494,68,405.5,0.5,405.5,0.5,1
P05_p5n1498,43,406.0,1.0,406.0,1.0,5
P04_p4n341,55,406.0,2.0,406.0,2.0,1
P03_p3n354,59,406.0,2.0,406.0,2.0,1
P05_p5n1495,65,406.0,0.5,406.0,0.5,1
P02_p2n338,65,406.0,2.0,406.0,2.0,1
P01_p1n328,67,406.0,2.0,406.0,2.0,1
P05_p5n1496,70,406.0,0.5,406.0,0.5,1
P05_p5n1497,75,406.0,0.5,406.0,0.5,1
P05_p5n1499,74,406.5,0.5,406.5,0.5,1
P05_p5n1501,55,407.0,0.5,407.0,0.5,5
P05_p5n1500,73,407.0,0.5,407.0,0.5,1
P05_p5n1503,44,407.5,0.25,407.5,0.25,5
P05_p5n1502,74,407.5,0.5,407.5,0.5,1
P05_p5n1504,45,407.75,0.25,407.75,0.25,5
P05_p5n1507,46,408.0,4.0,408.0,4.0,6
P05_p5n1506,46,408.0,0.5,408.0,0.5,5
P05_p5n1505,79,408.0,2.5,408.0,2.5,1
P05_p5n1508,55,408.5,0.5,408.5,0.5,5
P05_p5n1509,64,409.0,0.5,409.0,0.5,5
P05_p5n1510,60,409.5,0.5,409.5,0.5,5
P05_p5n1512,58,410.0,0.5,410.0,0.5,5
P05_p5n1514,55,410.5,0.5,410.5,0.5,5
P05_p5n1513,72,410.5,1.0,410.5,1.0,1
P05_p5n1515,52,411.0,0.5,411.0,0.5,5
P05_p5n1517,48,411.5,0.5,411.5,0.5,5
P05_p5n1516,76,411.5,0.25,411.5,0.25,1
P05_p5n1518,79,411.75,0.25,411.75,0.25,1
P05_p5n1520,45,412.0,1.5,412.0,1.5,6
P05_p5n1519,79,412.0,0.5,412.0,0.5,1
P05_p5n1523,53,412.5,0.5,412.5,0.5,5
P05_p5n1522,77,412.5,0.5,412.5,0.5,1
P05_p5n1525,60,413.0,0.5,413.0,0.5,5
P05_p5n1524,77,413.0,0.5,413.0,0.5,1
P05_p5n1527,45,413.5,1.5,413.5,1.5,6
P05_p5n1526,72,413.5,0.5,413.5,0.5,1
P05_p5n1530,53,414.0,0.5,414.0,0.5,5
P05_p5n1529,72,414.0,0.5,414.0,0.5,1
P05_p5n1532,60,414.5,0.5,414.5,0.5,5
P05_p5n1531,69,414.5,0.5,414.5,0.5,1
P05_p5n1534,41,415.0,0.5,415.0,0.5,6
P05_p5n1533,67,415.0,0.5,415.0,0.5,1
P05_p5n1537,43,415.5,0.5,415.5,0.5,6
P05_p5n1536,65,415.5,0.5,415.5,0.5,1
P05_p5n1539,44,416.0,0.5,416.0,0.5,5
P05_p5n1540,44,416.0,4.0,416.0,4.0,6
P05_p5n1538,77,416.0,2.5,416.0,2.5,1
P05_p5n1541,53,416.5,0.5,416.5,0.5,5
P05_p5n1542,62,417.0,0.5,417.0,0.5,5
P05_p5n1543,58,417.5,0.5,417.5,0.5,5
P05_p5n1545,56,418.0,0.5,418.0,0.5,5
P05_p5n1547,53,418.5,0.5,418.5,0.5,5
P05_p5n1546,70,418.5,1.0,418.5,1.0,1
P05_p5n1548,50,419.0,0.5,419.0,0.5,5
P05_p5n1550,46,419.5,0.5,419.5,0.5,5
P05_p5n1549,74,419.5,0.25,419.5,0.25,1
P05_p5n1551,77,419.75,0.25,419.75,0.25,1
P05_p5n1553,43,420.0,1.5,420.0,1.5,6
P05_p5n1552,77,420.0,0.5,420.0,0.5,1
P05_p5n1556,51,420.5,0.5,420.5,0.5,5
P05_p5n1555,75,420.5,0.5,420.5,0.5,1
P05_p5n1558,58,421.0,0.5,421.0,0.5,5
P05_p5n1557,74,421.0,0.5,421.0,0.5,1
P05_p5n1560,43,421.5,1.5,421.5,1.5,6
P05_p5n1559,75,421.5,0.5,421.5,0.5,1
P05_p5n1563,51,422.0,0.5,422.0,0.5,5
P05_p5n1562,77,422.0,0.25,422.0,0.25,1
P05_p5n1564,79,422.25,0.25,422.25,0.25,1
P05_p5n1566,58,422.5,0.5,422.5,0.5,5
P05_p5n1565,80,422.5,0.25,422.5,0.25,1
P05_p5n1567,82,422.75,0.25,422.75,0.25,1
P05_p5n1569,39,423.0,0.5,423.0,0.5,6
P05_p5n1568,83,423.0,0.25,423.0,0.25,1
P05_p5n1571,84,423.25,0.25,423.25,0.25,1
P05_p5n1573,40,423.5,0.25,423.5,0.25,6
P05_p5n1572,85,423.5,0.25,423.5,0.25,1
P05_p5n1575,41,423.75,0.25,423.75,0.25,6
P05_p5n1574,86,423.75,0.25,423.75,0.25,1
P05_p5n1578,42,424.0,4.0,424.0,4.0,6
P05_p5n1577,42,424.0,0.5,424.0,0.5,5
P05_p5n1576,87,424.0,0.5,424.0,0.5,1
P05_p5n1580,51,424.5,0.5,424.5,0.5,5
P05_p5n1579,80,424.5,0.5,424.5,0.5,1
P05_p5n1582,60,425.0,0.5,425.0,0.5,5
P05_p5n1581,80,425.0,0.5,425.0,0.5,1
P05_p5n1584,56,425.5,0.5,425.5,0.5,5
P05_p5n1583,82,425.5,0.5,425.5,0.5,1
P05_p5n1586,54,426.0,0.5,426.0,0.5,5
P05_p5n1585,84,426.0,0.5,426.0,0.5,1
P05_p5n1588,51,426.5,0.5,426.5,0.5,5
P05_p5n1587,85,426.5,0.5,426.5,0.5,1
P05_p5n1590,48,427.0,0.5,427.0,0.5,5
P05_p5n1589,86,427.0,0.5,427.0,0.5,1
P05_p5n1592,44,427.5,0.5,427.5,0.5,5
P05_p5n1591,87,427.5,0.5,427.5,0.5,1
P05_p5n1594,41,428.0,2.0,428.0,2.0,6
P05_p5n1593,87,428.0,1.0,428.0,1.0,1
P05_p5n1596,49,428.5,0.5,428.5,0.5,5
P05_p5n1598,56,429.0,0.5,429.0,0.5,5
P05_p5n1597,85,429.0,0.5,429.0,0.5,1
P05_p5n1600,49,429.5,0.5,429.5,0.5,5
P05_p5n1599,84,429.5,0.5,429.5,0.5,1
P05_p5n1602,41,430.0,0.5,430.0,0.5,6
P05_p5n1601,87,430.0,0.3333333432674408,430.0,0.3333333432674408,1
P05_p5n1604,85,430.3333435058594,0.3333333432674408,430.3333435058594,0.3333333432674408,1
P05_p5n1605,40,430.5,0.5,430.5,0.5,6
P05_p5n1606,84,430.6666564941406,0.3333333432674408,430.6666564941406,0.3333333432674408,1
P05_p5n1608,41,431.0,0.5,431.0,0.5,6
P05_p5n1607,87,431.0,0.3333333432674408,431.0,0.3333333432674408,1
P05_p5n1609,85,431.3333435058594,0.3333333432674408,431.3333435058594,0.3333333432674408,1
P05_p5n1610,42,431.5,0.5,431.5,0.5,6
P05_p5n1611,84,431.6666564941406,0.3333333432674408,431.6666564941406,0.3333333432674408,1
P05_p5n1613,43,432.0,1.5,432.0,1.5,5
P05_p5n1612,84,432.0,0.5,432.0,0.5,1
P05_p5n1614,80,432.5,0.5,432.5,0.5,1
P05_p5n1615,77,433.0,0.5,433.0,0.5,1
P05_p5n1617,43,433.5,1.5,433.5,1.5,5
P05_p5n1616,74,433.5,0.5,433.5,0.5,1
P05_p5n1618,72,434.0,0.5,434.0,0.5,1
P05_p5n1619,68,434.5,0.5,434.5,0.5,1
P05_p5n1621,43,435.0,1.0,435.0,1.0,5
P05_p5n1620,65,435.0,0.5,435.0,0.5,1
P05_p5n1622,62,435.5,0.5,435.5,0.5,1
P05_p5n1624,43,436.0,1.5,436.0,1.5,5
P05_p5n1623,72,436.0,4.0,436.0,4.0,1
P05_p5n1626,65,436.5,0.5,436.5,0.5,2
P05_p5n1627,62,437.0,0.5,437.0,0.5,2
P05_p5n1629,43,437.5,1.5,437.5,1.5,5
P05_p5n1628,68,437.5,0.5,437.5,0.5,2
P05_p5n1630,65,438.0,0.5,438.0,0.5,2
P05_p5n1631,62,438.5,0.5,438.5,0.5,2
P05_p5n1633,43,439.0,1.0,439.0,1.0,5
P05_p5n1632,68,439.0,0.5,439.0,0.5,2
P05_p5n1634,65,439.5,0.5,439.5,0.5,2
P05_p5n1638,43,440.0,4.0,440.0,4.0,5
P05_p5n1635,62,440.0,4.0,440.0,4.0,1
P05_p5n1636,67,440.0,4.0,440.0,4.0,1
P05_p5n1637,70,440.0,4.0,440.0,4.0,1
P05_p5n1640,60,444.0,0.75,444.0,0.75,5
P05_p5n1641,60,444.75,0.25,444.75,0.25,5
P05_p5n1642,59,445.0,0.5,445.0,0.5,5
P05_p5n1643,59,445.5,0.5,445.5,0.5,5
P05_p5n1644,58,446.0,1.0,446.0,1.0,5
P05_p5n1645,57,447.0,1.0,447.0,1.0,5
P05_p5n1647,56,448.0,0.75,448.0,0.75,5
P05_p5n1648,56,448.75,0.25,448.75,0.25,5
P05_p5n1649,55,449.0,0.5,449.0,0.5,5
P05_p5n1650,55,449.5,0.5,449.5,0.5,5
P05_p5n1651,53,450.0,1.0,450.0,1.0,5
P05_p5n1652,46,451.0,1.0,451.0,1.0,5
P05_p5n1654,51,452.0,0.75,452.0,0.75,5
P05_p5n1655,51,452.75,0.25,452.75,0.25,5
P05_p5n1656,50,453.0,0.5,453.0,0.5,5
P05_p5n1657,50,453.5,0.5,453.5,0.5,5
P05_p5n1658,48,454.0,1.0,454.0,1.0,5
P05_p5n1659,46,455.0,0.5,455.0,0.5,5
P05_p5n1660,46,455.5,0.5,455.5,0.5,5
P05_p5n1662,45,456.0,1.5,456.0,1.5,5
P05_p5n1663,45,457.5,0.5,457.5,0.5,5
P05_p5n1664,44,458.0,0.5,458.0,0.5,5
P05_p5n1665,55,458.5,0.5,458.5,0.5,5
P05_p5n1666,56,459.0,0.25,459.0,0.25,5
P05_p5n1667,56,459.25,0.25,459.25,0.25,5
P05_p5n1668,58,459.5,0.25,459.5,0.25,5
P05_p5n1669,59,459.75,0.25,459.75,0.25,5
P05_p5n1671,60,460.0,0.75,460.0,0.75,5
P05_p5n1672,60,460.75,0.25,460.75,0.25,5
P05_p5n1673,59,461.0,0.5,461.0,0.5,5
P05_p5n1674,59,461.5,0.5,461.5,0.5,5
P05_p5n1676,58,462.0,1.0,462.0,1.0,5
P05_p5n1677,60,462.5,0.5,462.5,0.5,1
P05_p5n1679,57,463.0,1.0,463.0,1.0,5
P05_p5n1678,61,463.0,0.25,463.0,0.25,1
P05_p5n1680,62,463.25,0.25,463.25,0.25,1
P05_p5n1681,63,463.5,0.25,463.5,0.25,1
P05_p5n1682,63,463.75,0.25,463.75,0.25,1
P05_p5n1684,56,464.0,0.75,464.0,0.75,5
P05_p5n1683,65,464.0,0.75,464.0,0.75,1
P05_p5n1686,56,464.75,0.25,464.75,0.25,5
P05_p5n1685,65,464.75,0.25,464.75,0.25,1
P05_p5n1688,55,465.0,0.5,465.0,0.5,5
P05_p5n1687,64,465.0,0.5,465.0,0.5,1
P05_p5n1690,55,465.5,0.5,465.5,0.5,5
P05_p5n1689,64,465.5,0.5,465.5,0.5,1
P05_p5n1692,53,466.0,1.0,466.0,1.0,5
P05_p5n1691,63,466.0,0.5,466.0,0.5,1
P05_p5n1693,62,466.5,0.5,466.5,0.5,1
P05_p5n1695,46,467.0,1.0,467.0,1.0,5
P05_p5n1694,63,467.0,0.25,467.0,0.25,1
P05_p5n1696,63,467.25,0.25,467.25,0.25,1
P05_p5n1697,65,467.5,0.25,467.5,0.25,1
P05_p5n1698,66,467.75,0.25,467.75,0.25,1
P05_p5n1700,51,468.0,0.75,468.0,0.75,5
P05_p5n1701,62,468.0,0.75,468.0,0.75,5
P05_p5n1699,67,468.0,0.75,468.0,0.75,1
P05_p5n1703,51,468.75,0.25,468.75,0.25,5
P05_p5n1704,62,468.75,0.25,468.75,0.25,5
P05_p5n1702,67,468.75,0.25,468.75,0.25,1
P05_p5n1706,50,469.0,0.5,469.0,0.5,5
P05_p5n1707,60,469.0,0.5,469.0,0.5,5
P05_p5n1705,65,469.0,0.5,469.0,0.5,1
P05_p5n1709,50,469.5,0.5,469.5,0.5,5
P05_p5n1710,60,469.5,0.5,469.5,0.5,5
P05_p5n1708,65,469.5,0.5,469.5,0.5,1
P05_p5n1712,48,470.0,1.0,470.0,1.0,5
P05_p5n1711,63,470.0,1.0,470.0,1.0,1
P05_p5n1715,46,471.0,0.5,471.0,0.5,5
P05_p5n1713,61,471.0,0.5,471.0,0.5,1
P05_p5n1714,67,471.0,0.5,471.0,0.5,1
P05_p5n1717,46,471.5,0.5,471.5,0.5,5
P05_p5n1716,67,471.5,0.5,471.5,0.5,1
P05_p5n1719,44,472.0,1.5,472.0,1.5,6
P05_p5n1718,75,472.0,0.5,472.0,0.5,1
P05_p5n1722,54,472.5,0.5,472.5,0.5,5
P05_p5n1721,77,472.5,1.0,472.5,1.0,1
P05_p5n1723,60,473.0,0.5,473.0,0.5,5
P05_p5n1725,44,473.5,0.5,473.5,0.5,6
P05_p5n1724,75,473.5,0.25,473.5,0.25,1
P05_p5n1727,74,473.75,0.25,473.75,0.25,1
P05_p5n1731,44,474.0,1.0,474.0,1.0,6
P05_p5n1728,66,474.0,0.5,474.0,0.5,1
P05_p5n1729,72,474.0,0.5,474.0,0.5,1
P05_p5n1730,74,474.0,0.5,474.0,0.5,1
P05_p5n1733,75,474.5,1.0,474.5,1.0,1
P05_p5n1734,43,475.0,1.0,475.0,1.0,6
P05_p5n1735,65,475.5,0.25,475.5,0.25,1
P05_p5n1736,70,475.5,0.25,475.5,0.25,1
P05_p5n1737,74,475.5,0.25,475.5,0.25,1
P05_p5n1738,73,475.75,0.25,475.75,0.25,1
P05_p5n1741,48,476.0,2.0,476.0,2.0,6
P05_p5n1739,72,476.0,0.75,476.0,0.75,1
P05_p5n1740,84,476.0,0.75,476.0,0.75,1
P05_p5n1743,55,476.5,0.5,476.5,0.5,5
P05_p5n1744,72,476.75,0.25,476.75,0.25,1
P05_p5n1745,84,476.75,0.25,476.75,0.25,1
P05_p5n1748,63,477.0,1.0,477.0,1.0,5
P05_p5n1746,70,477.0,0.5,477.0,0.5,1
P05_p5n1747,83,477.0,0.5,477.0,0.5,1
P05_p5n1749,70,477.5,0.5,477.5,0.5,1
P05_p5n1750,83,477.5,0.5,477.5,0.5,1
P05_p5n1753,48,478.0,2.0,478.0,2.0,6
P05_p5n1751,70,478.0,1.0,478.0,1.0,1
P05_p5n1752,82,478.0,1.0,478.0,1.0,1
P05_p5n1755,55,478.5,0.5,478.5,0.5,5
P05_p5n1758,63,479.0,1.0,479.0,1.0,5
P05_p5n1756,69,479.0,1.0,479.0,1.0,1
P05_p5n1757,81,479.0,1.0,479.0,1.0,1
P05_p5n1761,41,480.0,2.0,480.0,2.0,6
P05_p5n1760,68,480.0,0.75,480.0,0.75,2
P05_p5n1759,77,480.0,0.75,480.0,0.75,1
P05_p5n1763,48,480.5,0.5,480.5,0.5,5
P05_p5n1765,68,480.75,0.25,480.75,0.25,2
P05_p5n1764,77,480.75,0.25,480.75,0.25,1
P05_p5n1768,56,481.0,1.0,481.0,1.0,5
P05_p5n1767,67,481.0,0.5,481.0,0.5,2
P05_p5n1766,76,481.0,0.5,481.0,0.5,1
P05_p5n1770,67,481.5,0.5,481.5,0.5,2
P05_p5n1769,76,481.5,0.5,481.5,0.5,1
P05_p5n1774,41,482.0,2.0,482.0,2.0,6
P05_p5n1772,65,482.0,1.0,482.0,1.0,2
P05_p5n1773,68,482.0,1.0,482.0,1.0,2
P05_p5n1771,75,482.0,1.0,482.0,1.0,1
P05_p5n1776,51,482.5,0.5,482.5,0.5,5
P05_p5n1780,56,483.0,1.0,483.0,1.0,5
P05_p5n1778,65,483.0,1.0,483.0,1.0,2
P05_p5n1779,68,483.0,1.0,483.0,1.0,2
P05_p5n1777,74,483.0,1.0,483.0,1.0,1
P05_p5n1784,51,484.0,1.0,484.0,1.0,5
P05_p5n1785,58,484.0,1.0,484.0,1.0,5
P05_p5n1781,62,484.0,1.0,484.0,1.0,1
P05_p5n1782,67,484.0,1.0,484.0,1.0,1
P05_p5n1783,74,484.0,1.0,484.0,1.0,1
P05_p5n1789,50,485.0,1.0,485.0,1.0,5
P05_p5n1790,56,485.0,1.0,485.0,1.0,5
P05_p5n1786,60,485.0,1.0,485.0,1.0,1
P05_p5n1787,65,485.0,1.0,485.0,1.0,1
P05_p5n1788,72,485.0,1.0,485.0,1.0,1
P05_p5n1794,48,486.0,1.0,486.0,1.0,5
P05_p5n1795,55,486.0,1.0,486.0,1.0,5
P05_p5n1791,58,486.0,1.0,486.0,1.0,1
P05_p5n1792,63,486.0,1.0,486.0,1.0,1
P05_p5n1793,70,486.0,1.0,486.0,1.0,1
P05_p5n1799,55,487.0,1.0,487.0,1.0,5
P05_p5n1800,58,487.0,1.0,487.0,1.0,5
P05_p5n1801,61,487.0,1.0,487.0,1.0,5
P05_p5n1802,63,487.0,1.0,487.0,1.0,5
P05_p5n1796,67,487.0,1.0,487.0,1.0,1
P05_p5n1797,73,487.0,1.0,487.0,1.0,1
P05_p5n1798,79,487.0,1.0,487.0,1.0,1
P05_p5n1804,51,488.0,2.0,488.0,2.0,6
P05_p5n1803,78,488.0,1.5,488.0,1.5,1
P05_p5n1808,56,488.5,0.5,488.5,0.5,5
P05_p5n1807,72,488.5,0.5,488.5,0.5,2
P05_p5n1810,66,489.0,0.5,489.0,0.5,5
P05_p5n1809,69,489.0,0.25,489.0,0.25,2
P05_p5n1812,56,489.5,0.5,489.5,0.5,5
P05_p5n1811,78,489.5,0.5,489.5,0.5,1
P05_p5n1815,50,490.0,2.0,490.0,2.0,6
P05_p5n1814,77,490.0,1.5,490.0,1.5,1
P05_p5n1819,56,490.5,0.5,490.5,0.5,5
P05_p5n1818,70,490.5,0.5,490.5,0.5,2
P05_p5n1821,65,491.0,0.5,491.0,0.5,5
P05_p5n1820,68,491.0,0.25,491.0,0.25,2
P05_p5n1823,56,491.5,0.5,491.5,0.5,5
P05_p5n1822,77,491.5,0.5,491.5,0.5,1
P05_p5n1827,48,492.0,0.75,492.0,0.75,5
P04_p4n363,60,492.0,0.75,492.0,0.75,1
P05_p5n1825,67,492.0,4.0,492.0,4.0,1
P05_p5n1826,75,492.0,4.0,492.0,4.0,1
P04_p4n364,60,492.75,0.25,492.75,0.25,1
P05_p5n1828,60,492.75,0.25,492.75,0.25,5
P05_p5n1829,59,493.0,0.5,493.0,0.5,5
P04_p4n365,59,493.0,0.5,493.0,0.5,1
P05_p5n1830,59,493.5,0.5,493.5,0.5,5
P04_p4n366,59,493.5,0.5,493.5,0.5,1
P04_p4n367,58,494.0,1.0,494.0,1.0,1
P05_p5n1831,58,494.0,1.0,494.0,1.0,5
P05_p5n1832,56,495.0,1.0,495.0,1.0,5
P04_p4n368,57,495.0,1.0,495.0,1.0,1
P05_p5n1835,56,496.0,0.75,496.0,0.75,6
P04_p4n369,56,496.0,0.75,496.0,0.75,1
P03_p3n377,65,496.0,0.75,496.0,0.75,1
P05_p5n1834,65,496.0,0.75,496.0,0.75,5
P05_p5n1837,56,496.75,0.25,496.75,0.25,6
P04_p4n370,56,496.75,0.25,496.75,0.25,1
P05_p5n1836,65,496.75,0.25,496.75,0.25,5
P03_p3n378,65,496.75,0.25,496.75,0.25,1
P05_p5n1839,55,497.0,0.5,497.0,0.5,6
P04_p4n371,55,497.0,0.5,497.0,0.5,1
P05_p5n1838,64,497.0,0.5,497.0,0.5,5
P03_p3n379,64,497.0,0.5,497.0,0.5,1
P05_p5n1841,55,497.5,0.5,497.5,0.5,6
P04_p4n372,55,497.5,0.5,497.5,0.5,1
P05_p5n1840,64,497.5,0.5,497.5,0.5,5
P03_p3n380,64,497.5,0.5,497.5,0.5,1
P04_p4n373,53,498.0,1.0,498.0,1.0,1
P05_p5n1843,53,498.0,1.0,498.0,1.0,6
P05_p5n1842,63,498.0,1.0,498.0,1.0,5
P03_p3n381,63,498.0,1.0,498.0,1.0,1
P04_p4n374,46,499.0,1.0,499.0,1.0,1
P05_p5n1845,46,499.0,1.0,499.0,1.0,6
P05_p5n1844,62,499.0,1.0,499.0,1.0,5
P03_p3n382,62,499.0,1.0,499.0,1.0,1
P05_p5n1848,51,500.0,0.75,500.0,0.75,5
P04_p4n375,51,500.0,0.75,500.0,0.75,1
P03_p3n383,62,500.0,0.75,500.0,0.75,1
P05_p5n1846,62,500.0,0.75,500.0,0.75,1
P05_p5n1847,67,500.0,0.75,500.0,0.75,1
P02_p2n362,67,500.0,0.75,500.0,0.75,1
P05_p5n1851,51,500.75,0.25,500.75,0.25,5
P04_p4n376,51,500.75,0.25,500.75,0.25,1
P03_p3n384,62,500.75,0.25,500.75,0.25,1
P05_p5n1849,62,500.75,0.25,500.75,0.25,1
P05_p5n1850,67,500.75,0.25,500.75,0.25,1
P02_p2n363,67,500.75,0.25,500.75,0.25,1
P04_p4n377,50,501.0,0.5,501.0,0.5,1
P05_p5n1854,50,501.0,0.5,501.0,0.5,5
P03_p3n385,60,501.0,0.5,501.0,0.5,1
P05_p5n1852,60,501.0,0.5,501.0,0.5,1
P02_p2n364,65,501.0,0.5,501.0,0.5,1
P05_p5n1853,65,501.0,0.5,501.0,0.5,1
P04_p4n378,50,501.5,0.5,501.5,0.5,1
P05_p5n1857,50,501.5,0.5,501.5,0.5,5
P03_p3n386,60,501.5,0.5,501.5,0.5,1
P05_p5n1855,60,501.5,0.5,501.5,0.5,1
P05_p5n1856,65,501.5,0.5,501.5,0.5,1
P02_p2n365,65,501.5,0.5,501.5,0.5,1
P05_p5n1860,48,502.0,1.0,502.0,1.0,5
P04_p4n379,48,502.0,1.0,502.0,1.0,1
P05_p5n1858,58,502.0,1.0,502.0,1.0,1
P05_p5n1859,63,502.0,1.0,502.0,1.0,1
P02_p2n366,63,502.0,1.0,502.0,1.0,1
P03_p3n387,63,502.0,1.0,502.0,1.0,1
P04_p4n380,46,503.0,0.5,503.0,0.5,1
P05_p5n1864,46,503.0,0.5,503.0,0.5,5
P02_p2n367,61,503.0,1.0,503.0,1.0,1
P05_p5n1861,61,503.0,0.5,503.0,0.5,1
P05_p5n1862,63,503.0,0.5,503.0,0.5,1
P03_p3n388,67,503.0,0.5,503.0,0.5,1
P05_p5n1863,67,503.0,0.5,503.0,0.5,1
P04_p4n381,46,503.5,0.5,503.5,0.5,1
P05_p5n1868,46,503.5,0.5,503.5,0.5,5
P05_p5n1865,61,503.5,0.5,503.5,0.5,1
P05_p5n1866,63,503.5,0.5,503.5,0.5,1
P03_p3n389,67,503.5,0.5,503.5,0.5,1
P01_p1n355,67,503.5,0.5,503.5,0.5,1
P05_p5n1867,67,503.5,0.5,503.5,0.5,1
P05_p5n1870,45,504.0,2.0,504.0,2.0,5
P04_p4n382,45,504.0,2.0,504.0,2.0,1
P02_p2n368,60,504.0,0.75,504.0,0.75,1
P03_p3n390,66,504.0,2.0,504.0,2.0,1
P01_p1n356,75,504.0,2.0,504.0,2.0,1
P05_p5n1871,60,504.5,0.5,504.5,0.5,1
P02_p2n369,60,504.75,0.25,504.75,0.25,1
P02_p2n370,60,505.0,0.5,505.0,0.5,1
P05_p5n1872,63,505.0,0.5,505.0,0.5,1
P02_p2n371,60,505.5,0.5,505.5,0.5,1
P05_p5n1873,66,505.5,0.5,505.5,0.5,1
P05_p5n1876,44,506.0,1.0,506.0,1.0,5
P04_p4n383,44,506.0,1.0,506.0,1.0,1
P05_p5n1874,60,506.0,1.0,506.0,1.0,1
P02_p2n372,60,506.0,1.0,506.0,1.0,1
P03_p3n391,65,506.0,2.0,506.0,2.0,1
P05_p5n1875,65,506.0,1.0,506.0,1.0,1
P01_p1n357,74,506.0,2.0,506.0,2.0,1
P04_p4n384,43,507.0,1.0,507.0,1.0,1
P05_p5n1879,43,507.0,1.0,507.0,1.0,5
P02_p2n373,59,507.0,1.0,507.0,1.0,1
P05_p5n1877,59,507.0,1.0,507.0,1.0,1
P05_p5n1878,65,507.0,1.0,507.0,1.0,1
P05_p5n1882,48,508.0,2.0,508.0,2.0,6
P04_p4n385,48,508.0,4.0,508.0,4.0,1
P03_p3n392,63,508.0,4.0,508.0,4.0,1
P01_p1n358,72,508.0,4.0,508.0,4.0,1
P02_p2n374,72,508.0,0.75,508.0,0.75,1
P05_p5n1880,72,508.0,0.75,508.0,0.75,1
P05_p5n1881,84,508.0,0.75,508.0,0.75,1
P05_p5n1884,55,508.5,0.5,508.5,0.5,5
P05_p5n1885,72,508.75,0.25,508.75,0.25,1
P02_p2n375,72,508.75,0.25,508.75,0.25,1
P05_p5n1886,84,508.75,0.25,508.75,0.25,1
P05_p5n1889,63,509.0,1.0,509.0,1.0,5
P02_p2n376,71,509.0,0.5,509.0,0.5,1
P05_p5n1887,71,509.0,0.5,509.0,0.5,1
P05_p5n1888,83,509.0,0.5,509.0,0.5,1
P05_p5n1890,71,509.5,0.5,509.5,0.5,1
P02_p2n377,71,509.5,0.5,509.5,0.5,1
P05_p5n1891,83,509.5,0.5,509.5,0.5,1
P05_p5n1894,48,510.0,2.0,510.0,2.0,6
P02_p2n378,70,510.0,1.0,510.0,1.0,1
P05_p5n1892,70,510.0,1.0,510.0,1.0,1
P05_p5n1893,82,510.0,1.0,510.0,1.0,1
P05_p5n1896,55,510.5,0.5,510.5,0.5,5
P05_p5n1899,63,511.0,1.0,511.0,1.0,5
P05_p5n1897,68,511.0,1.0,511.0,1.0,1
P02_p2n379,69,511.0,1.0,511.0,1.0,1
P05_p5n1898,80,511.0,1.0,511.0,1.0,1
P05_p5n1902,41,512.0,2.0,512.0,2.0,6
P02_p2n380,68,512.0,0.75,512.0,0.75,1
P05_p5n1901,68,512.0,0.75,512.0,0.75,2
P01_p1n359,77,512.0,0.75,512.0,0.75,1
P05_p5n1900,77,512.0,0.75,512.0,0.75,1
P05_p5n1904,48,512.5,0.5,512.5,0.5,5
P02_p2n381,68,512.75,0.25,512.75,0.25,1
P05_p5n1906,68,512.75,0.25,512.75,0.25,2
P01_p1n360,77,512.75,0.25,512.75,0.25,1
P05_p5n1905,77,512.75,0.25,512.75,0.25,1
P05_p5n1909,56,513.0,1.0,513.0,1.0,5
P05_p5n1908,67,513.0,0.5,513.0,0.5,2
P02_p2n382,67,513.0,0.5,513.0,0.5,1
P01_p1n361,76,513.0,0.5,513.0,0.5,1
P05_p5n1907,76,513.0,0.5,513.0,0.5,1
P05_p5n1911,67,513.5,0.5,513.5,0.5,2
P02_p2n383,67,513.5,0.5,513.5,0.5,1
P05_p5n1910,76,513.5,0.5,513.5,0.5,1
P01_p1n362,76,513.5,0.5,513.5,0.5,1
P05_p5n1915,41,514.0,2.0,514.0,2.0,6
P05_p5n1913,65,514.0,1.0,514.0,1.0,2
P02_p2n384,65,514.0,1.0,514.0,1.0,1
P05_p5n1914,68,514.0,1.0,514.0,1.0,2
P01_p1n363,75,514.0,1.0,514.0,1.0,1
P05_p5n1912,75,514.0,1.0,514.0,1.0,1
P05_p5n1917,51,514.5,0.5,514.5,0.5,5
P05_p5n1921,56,515.0,1.0,515.0,1.0,5
P02_p2n385,58,515.0,1.0,515.0,1.0,1
P05_p5n1919,65,515.0,1.0,515.0,1.0,2
P05_p5n1920,68,515.0,1.0,515.0,1.0,2
P01_p1n364,74,515.0,1.0,515.0,1.0,1
P05_p5n1918,74,515.0,1.0,515.0,1.0,1
P05_p5n1925,51,516.0,1.0,516.0,1.0,5
P03_p3n394,55,516.0,0.75,516.0,0.75,1
P05_p5n1926,58,516.0,1.0,516.0,1.0,5
P05_p5n1922,62,516.0,1.0,516.0,1.0,1
P02_p2n386,63,516.0,0.75,516.0,0.75,1
P05_p5n1923,67,516.0,1.0,516.0,1.0,1
P05_p5n1924,74,516.0,1.0,516.0,1.0,1
P01_p1n365,74,516.0,0.75,516.0,0.75,1
P03_p3n395,55,516.75,0.25,516.75,0.25,1
P02_p2n387,63,516.75,0.25,516.75,0.25,1
P01_p1n366,74,516.75,0.25,516.75,0.25,1
P05_p5n1930,50,517.0,1.0,517.0,1.0,5
P03_p3n396,56,517.0,0.5,517.0,0.5,1
P05_p5n1931,56,517.0,1.0,517.0,1.0,5
P05_p5n1927,60,517.0,1.0,517.0,1.0,1
P02_p2n388,62,517.0,0.5,517.0,0.5,1
P05_p5n1928,65,517.0,1.0,517.0,1.0,1
P01_p1n367,72,517.0,0.5,517.0,0.5,1
P05_p5n1929,72,517.0,1.0,517.0,1.0,1
P03_p3n397,56,517.5,0.5,517.5,0.5,1
P02_p2n389,62,517.5,0.5,517.5,0.5,1
P01_p1n368,72,517.5,0.5,517.5,0.5,1
P05_p5n1935,48,518.0,1.0,518.0,1.0,5
P05_p5n1936,55,518.0,1.0,518.0,1.0,5
P05_p5n1932,58,518.0,1.0,518.0,1.0,1
P02_p2n390,60,518.0,1.0,518.0,1.0,1
P03_p3n398,63,518.0,1.0,518.0,1.0,1
P05_p5n1933,63,518.0,1.0,518.0,1.0,1
P05_p5n1934,70,518.0,1.0,518.0,1.0,1
P01_p1n369,75,518.0,1.0,518.0,1.0,1
P05_p5n1940,55,519.0,1.0,519.0,1.0,5
P02_p2n391,58,519.0,0.5,519.0,0.5,1
P05_p5n1941,58,519.0,1.0,519.0,1.0,5
P03_p3n399,61,519.0,1.0,519.0,1.0,1
P05_p5n1942,61,519.0,1.0,519.0,1.0,5
P05_p5n1943,63,519.0,1.0,519.0,1.0,5
P05_p5n1937,67,519.0,1.0,519.0,1.0,1
P05_p5n1938,73,519.0,1.0,519.0,1.0,1
P05_p5n1939,79,519.0,1.0,519.0,1.0,1
P01_p1n370,79,519.0,0.5,519.0,0.5,1
P04_p4n390,43,519.5,0.5,519.5,0.5,1
P02_p2n392,70,519.5,0.5,519.5,0.5,1
P01_p1n371,79,519.5,0.5,519.5,0.5,1
P05_p5n1945,51,520.0,2.0,520.0,2.0,6
P04_p4n391,51,520.0,2.0,520.0,2.0,1
P03_p3n400,60,520.0,0.75,520.0,0.75,1
P02_p2n393,69,520.0,2.0,520.0,2.0,1
P01_p1n372,78,520.0,2.0,520.0,2.0,1
P05_p5n1944,78,520.0,1.5,520.0,1.5,1
P05_p5n1949,56,520.5,0.5,520.5,0.5,5
P05_p5n1948,72,520.5,0.5,520.5,0.5,2
P03_p3n401,60,520.75,0.25,520.75,0.25,1
P03_p3n402,60,521.0,0.5,521.0,0.5,1
P05_p5n1951,66,521.0,0.5,521.0,0.5,5
P05_p5n1950,69,521.0,0.25,521.0,0.25,2
P05_p5n1953,56,521.5,0.5,521.5,0.5,5
P03_p3n403,60,521.5,0.5,521.5,0.5,1
P05_p5n1952,78,521.5,0.5,521.5,0.5,1
P04_p4n392,50,522.0,2.0,522.0,2.0,1
P05_p5n1956,50,522.0,2.0,522.0,2.0,6
P03_p3n404,60,522.0,1.0,522.0,1.0,1
P02_p2n394,68,522.0,2.0,522.0,2.0,1
P01_p1n373,77,522.0,2.0,522.0,2.0,1
P05_p5n1955,77,522.0,1.5,522.0,1.5,1
P05_p5n1960,56,522.5,0.5,522.5,0.5,5
P05_p5n1959,70,522.5,0.5,522.5,0.5,2
P03_p3n405,59,523.0,1.0,523.0,1.0,1
P05_p5n1962,65,523.0,0.5,523.0,0.5,5
P05_p5n1961,68,523.0,0.25,523.0,0.25,2
P05_p5n1964,56,523.5,0.5,523.5,0.5,5
P05_p5n1963,77,523.5,0.5,523.5,0.5,1
P04_p4n393,48,524.0,3.5,524.0,3.5,1
P03_p3n406,60,524.0,3.5,524.0,3.5,1
P05_p5n1966,67,524.0,4.0,524.0,4.0,1
P02_p2n395,67,524.0,3.5,524.0,3.5,1
P01_p1n374,75,524.0,3.5,524.0,3.5,1
P05_p5n1967,75,524.0,4.0,524.0,4.0,1
P05_p5n1969,35,524.5,0.5,524.5,0.5,5
P05_p5n1970,36,525.0,0.5,525.0,0.5,5
P05_p5n1971,39,525.5,0.5,525.5,0.5,5
P05_p5n1972,44,526.0,0.25,526.0,0.25,5
P05_p5n1973,43,526.25,0.25,526.25,0.25,5
P05_p5n1974,42,526.5,1.0,526.5,1.0,5
P05_p5n1975,43,527.5,0.5,527.5,0.5,5
P05_p5n1979,48,528.0,0.75,528.0,0.75,5
P04_p4n396,60,528.0,0.75,528.0,0.75,1
P05_p5n1976,60,528.0,1.5,528.0,1.5,1
P05_p5n1977,63,528.0,1.5,528.0,1.5,1
P05_p5n1978,67,528.0,1.5,528.0,1.5,1
P01_p1n377,72,528.0,0.75,528.0,0.75,1
P03_p3n410,60,528.5,1.0,528.5,1.0,1
P02_p2n399,60,528.5,1.0,528.5,1.0,1
P05_p5n1980,48,528.75,0.25,528.75,0.25,5
P04_p4n397,60,528.75,0.25,528.75,0.25,1
P01_p1n378,72,528.75,0.25,528.75,0.25,1
P05_p5n1981,46,529.0,1.0,529.0,1.0,5
P04_p4n398,59,529.0,0.5,529.0,0.5,1
P01_p1n379,71,529.0,0.5,529.0,0.5,1
P04_p4n399,59,529.5,0.5,529.5,0.5,1
P02_p2n400,59,529.5,0.25,529.5,0.25,1
P03_p3n411,59,529.5,0.25,529.5,0.25,1
P05_p5n1982,60,529.5,1.5,529.5,1.5,1
P05_p5n1983,63,529.5,1.5,529.5,1.5,1
P05_p5n1984,67,529.5,1.5,529.5,1.5,1
P01_p1n380,71,529.5,0.5,529.5,0.5,1
P03_p3n412,60,529.75,0.25,529.75,0.25,1
P02_p2n401,60,529.75,0.25,529.75,0.25,1
P05_p5n1985,46,530.0,1.0,530.0,1.0,5
P04_p4n400,58,530.0,1.0,530.0,1.0,1
P02_p2n402,62,530.0,1.5,530.0,1.5,1
P03_p3n413,62,530.0,1.5,530.0,1.5,1
P01_p1n381,70,530.0,1.0,530.0,1.0,1
P05_p5n1989,45,531.0,1.0,531.0,1.0,5
P04_p4n401,57,531.0,1.0,531.0,1.0,1
P05_p5n1986,60,531.0,1.0,531.0,1.0,1
P05_p5n1987,63,531.0,1.0,531.0,1.0,1
P05_p5n1988,67,531.0,1.0,531.0,1.0,1
P01_p1n382,69,531.0,1.0,531.0,1.0,1
P03_p3n414,60,531.5,0.25,531.5,0.25,1
P02_p2n403,60,531.5,0.25,531.5,0.25,1
P02_p2n404,62,531.75,0.25,531.75,0.25,1
P03_p3n415,62,531.75,0.25,531.75,0.25,1
P05_p5n1993,44,532.0,0.75,532.0,0.75,5
P04_p4n402,56,532.0,0.75,532.0,0.75,1
P05_p5n1990,60,532.0,1.0,532.0,1.0,1
P02_p2n405,63,532.0,0.25,532.0,0.25,1
P03_p3n416,63,532.0,0.25,532.0,0.25,1
P05_p5n1991,67,532.0,1.0,532.0,1.0,1
P01_p1n383,68,532.0,0.75,532.0,0.75,1
P05_p5n1992,72,532.0,1.0,532.0,1.0,1
P02_p2n406,62,532.25,0.25,532.25,0.25,1
P03_p3n417,62,532.25,0.25,532.25,0.25,1
P02_p2n407,63,532.5,1.0,532.5,1.0,1
P03_p3n418,63,532.5,1.0,532.5,1.0,1
P05_p5n1994,44,532.75,0.25,532.75,0.25,5
P04_p4n403,56,532.75,0.25,532.75,0.25,1
P01_p1n384,68,532.75,0.25,532.75,0.25,1
P05_p5n1998,43,533.0,1.0,533.0,1.0,5
P04_p4n404,55,533.0,0.5,533.0,0.5,1
P05_p5n1995,58,533.0,1.0,533.0,1.0,1
P05_p5n1996,65,533.0,1.0,533.0,1.0,1
P01_p1n385,67,533.0,0.5,533.0,0.5,1
P05_p5n1997,70,533.0,1.0,533.0,1.0,1
P04_p4n405,55,533.5,0.5,533.5,0.5,1
P03_p3n419,60,533.5,0.5,533.5,0.5,1
P02_p2n408,60,533.5,0.5,533.5,0.5,1
P01_p1n386,67,533.5,0.5,533.5,0.5,1
P05_p5n2002,41,534.0,1.0,534.0,1.0,5
P04_p4n406,53,534.0,1.0,534.0,1.0,1
P05_p5n2000,56,534.0,2.0,534.0,2.0,2
P05_p5n1999,63,534.0,1.0,534.0,1.0,1
P03_p3n420,63,534.0,1.5,534.0,1.5,1
P01_p1n387,65,534.0,1.0,534.0,1.0,1
P02_p2n409,68,534.0,1.5,534.0,1.5,1
P05_p5n2001,68,534.0,2.0,534.0,2.0,2
P05_p5n2004,34,535.0,1.0,535.0,1.0,5
P04_p4n407,46,535.0,1.0,535.0,1.0,1
P05_p5n2003,62,535.0,1.0,535.0,1.0,1
P01_p1n388,70,535.0,1.0,535.0,1.0,1
P03_p3n421,62,535.5,0.25,535.5,0.25,1
P02_p2n410,67,535.5,0.25,535.5,0.25,1
P03_p3n422,60,535.75,0.25,535.75,0.25,1
P02_p2n411,65,535.75,0.25,535.75,0.25,1
P05_p5n2008,39,536.0,0.75,536.0,0.75,5
P04_p4n408,51,536.0,0.75,536.0,0.75,1
P05_p5n2005,55,536.0,1.0,536.0,1.0,1
P05_p5n2006,62,536.0,1.0,536.0,1.0,1
P03_p3n423,62,536.0,0.5,536.0,0.5,1
P02_p2n412,67,536.0,0.5,536.0,0.5,1
P05_p5n2007,67,536.0,1.0,536.0,1.0,1
P01_p1n389,75,536.0,0.75,536.0,0.75,1
P03_p3n424,55,536.5,0.5,536.5,0.5,1
P02_p2n413,60,536.5,0.5,536.5,0.5,1
P05_p5n2009,39,536.75,0.25,536.75,0.25,5
P04_p4n409,51,536.75,0.25,536.75,0.25,1
P01_p1n390,75,536.75,0.25,536.75,0.25,1
P05_p5n2013,38,537.0,1.0,537.0,1.0,5
P04_p4n410,50,537.0,0.5,537.0,0.5,1
P05_p5n2010,56,537.0,1.0,537.0,1.0,1
P03_p3n425,60,537.0,1.5,537.0,1.5,1
P05_p5n2011,60,537.0,1.0,537.0,1.0,1
P05_p5n2012,65,537.0,1.0,537.0,1.0,1
P02_p2n414,65,537.0,1.5,537.0,1.5,1
P01_p1n391,74,537.0,0.5,537.0,0.5,1
P04_p4n411,50,537.5,0.5,537.5,0.5,1
P01_p1n392,74,537.5,0.5,537.5,0.5,1
P05_p5n2017,36,538.0,1.0,538.0,1.0,5
P04_p4n412,48,538.0,1.0,538.0,1.0,1
P05_p5n2014,58,538.0,1.0,538.0,1.0,1
P05_p5n2015,63,538.0,1.0,538.0,1.0,1
P05_p5n2016,67,538.0,1.0,538.0,1.0,1
P01_p1n393,72,538.0,1.0,538.0,1.0,1
P03_p3n427,58,538.5,0.25,538.5,0.25,1
P02_p2n416,63,538.5,0.25,538.5,0.25,1
P03_p3n428,56,538.75,0.25,538.75,0.25,1
P02_p2n417,62,538.75,0.25,538.75,0.25,1
P05_p5n2021,34,539.0,0.5,539.0,0.5,5
P04_p4n413,46,539.0,0.5,539.0,0.5,1
P03_p3n429,58,539.0,1.0,539.0,1.0,1
P05_p5n2018,61,539.0,1.0,539.0,1.0,1
P02_p2n418,63,539.0,1.0,539.0,1.0,1
P05_p5n2019,63,539.0,1.0,539.0,1.0,1
P05_p5n2020,67,539.0,1.0,539.0,1.0,1
P01_p1n394,70,539.0,0.5,539.0,0.5,1
P05_p5n2022,34,539.5,0.5,539.5,0.5,5
P04_p4n414,46,539.5,0.5,539.5,0.5,1
P01_p1n395,70,539.5,0.5,539.5,0.5,1
P05_p5n2024,33,540.0,1.0,540.0,1.0,5
P04_p4n415,45,540.0,2.0,540.0,2.0,1
P01_p1n396,72,540.0,4.0,540.0,4.0,1
P03_p3n431,55,540.5,1.0,540.5,1.0,1
P02_p2n420,60,540.5,1.0,540.5,1.0,1
P05_p5n2025,60,540.5,1.5,540.5,1.5,1
P05_p5n2026,63,540.5,1.5,540.5,1.5,1
P05_p5n2027,67,540.5,1.5,540.5,1.5,1
P05_p5n2028,45,541.0,1.0,541.0,1.0,5
P03_p3n432,55,541.5,0.5,541.5,0.5,1
P02_p2n421,59,541.5,0.25,541.5,0.25,1
P02_p2n422,60,541.75,0.25,541.75,0.25,1
P05_p5n2030,38,542.0,1.0,542.0,1.0,5
P04_p4n416,50,542.0,1.0,542.0,1.0,1
P03_p3n433,54,542.0,1.0,542.0,1.0,1
P02_p2n423,62,542.0,1.5,542.0,1.5,1
P05_p5n2031,60,542.5,1.5,542.5,1.5,1
P05_p5n2032,63,542.5,1.5,542.5,1.5,1
P05_p5n2033,66,542.5,1.5,542.5,1.5,1
P05_p5n2034,50,543.0,1.0,543.0,1.0,5
P04_p4n418,50,543.5,0.5,543.5,0.5,1
P03_p3n435,57,543.5,0.5,543.5,0.5,1
P02_p2n424,63,543.5,0.25,543.5,0.25,1
P02_p2n425,65,543.75,0.25,543.75,0.25,1
P05_p5n2036,38,544.0,1.0,544.0,1.0,5
P04_p4n419,50,544.0,2.0,544.0,2.0,1
P03_p3n436,56,544.0,2.0,544.0,2.0,1
P02_p2n426,67,544.0,0.25,544.0,0.25,1
P01_p1n397,72,544.0,3.0,544.0,3.0,1
P02_p2n427,68,544.25,0.25,544.25,0.25,1
P05_p5n2037,56,544.5,1.0,544.5,1.0,1
P05_p5n2038,60,544.5,1.0,544.5,1.0,1
P05_p5n2039,67,544.5,1.0,544.5,1.0,1
P02_p2n428,67,544.5,3.5,544.5,3.5,1
P05_p5n2040,50,545.0,1.0,545.0,1.0,5
P05_p5n2041,68,545.5,0.25,545.5,0.25,1
P05_p5n2042,72,545.75,0.25,545.75,0.25,1
P05_p5n2046,43,546.0,1.0,546.0,1.0,5
P03_p3n437,55,546.0,2.0,546.0,2.0,1
P04_p4n420,55,546.0,2.0,546.0,2.0,1
P05_p5n2043,68,546.0,0.5,546.0,0.5,1
P05_p5n2044,72,546.0,0.5,546.0,0.5,1
P05_p5n2045,79,546.0,0.5,546.0,0.5,1
P05_p5n2047,77,546.5,0.5,546.5,0.5,1
P05_p5n2052,31,547.0,1.0,547.0,1.0,5
P01_p1n398,71,547.0,1.0,547.0,1.0,1
P05_p5n2048,71,547.0,0.5,547.0,0.5,1
P05_p5n2049,74,547.0,0.5,547.0,0.5,1
P05_p5n2050,77,547.0,0.5,547.0,0.5,1
P05_p5n2051,82,547.0,0.5,547.0,0.5,1
P05_p5n2053,80,547.5,0.5,547.5,0.5,1
P05_p5n2058,36,548.0,1.0,548.0,1.0,5
P04_p4n421,48,548.0,0.75,548.0,0.75,1
P05_p5n2054,67,548.0,0.75,548.0,0.75,1
P05_p5n2055,72,548.0,0.75,548.0,0.75,1
P05_p5n2056,75,548.0,0.75,548.0,0.75,1
P01_p1n399,79,548.0,0.75,548.0,0.75,1
P05_p5n2057,79,548.0,0.75,548.0,0.75,1
P02_p2n431,67,548.5,1.0,548.5,1.0,1
P04_p4n422,48,548.75,0.25,548.75,0.25,1
P05_p5n2059,67,548.75,0.25,548.75,0.25,1
P05_p5n2060,72,548.75,0.25,548.75,0.25,1
P05_p5n2061,75,548.75,0.25,548.75,0.25,1
P01_p1n400,79,548.75,0.25,548.75,0.25,1
P05_p5n2062,79,548.75,0.25,548.75,0.25,1
P05_p5n2067,48,549.0,1.0,549.0,1.0,5
P04_p4n423,48,549.0,0.5,549.0,0.5,1
P05_p5n2063,66,549.0,0.5,549.0,0.5,1
P05_p5n2064,72,549.0,0.5,549.0,0.5,1
P05_p5n2065,75,549.0,0.5,549.0,0.5,1
P05_p5n2066,78,549.0,0.5,549.0,0.5,1
P01_p1n401,78,549.0,0.5,549.0,0.5,1
P04_p4n424,48,549.5,0.5,549.5,0.5,1
P05_p5n2068,66,549.5,0.5,549.5,0.5,1
P02_p2n432,66,549.5,0.25,549.5,0.25,1
P05_p5n2069,72,549.5,0.5,549.5,0.5,1
P05_p5n2070,75,549.5,0.5,549.5,0.5,1
P01_p1n402,78,549.5,0.5,549.5,0.5,1
P05_p5n2071,78,549.5,0.5,549.5,0.5,1
P02_p2n433,67,549.75,0.25,549.75,0.25,1
P05_p5n2076,36,550.0,1.0,550.0,1.0,5
P04_p4n425,48,550.0,1.0,550.0,1.0,1
P05_p5n2072,65,550.0,1.0,550.0,1.0,1
P02_p2n434,68,550.0,1.5,550.0,1.5,1
P05_p5n2073,72,550.0,1.0,550.0,1.0,1
P05_p5n2074,75,550.0,1.0,550.0,1.0,1
P01_p1n403,77,550.0,1.0,550.0,1.0,1
P05_p5n2075,77,550.0,1.0,550.0,1.0,1
P03_p3n440,60,550.5,1.0,550.5,1.0,1
P05_p5n2080,43,551.0,1.0,551.0,1.0,5
P04_p4n426,55,551.0,1.0,551.0,1.0,1
P05_p5n2077,65,551.0,1.0,551.0,1.0,1
P05_p5n2078,72,551.0,1.0,551.0,1.0,1
P01_p1n404,75,551.0,1.0,551.0,1.0,1
P05_p5n2079,75,551.0,1.0,551.0,1.0,1
P03_p3n441,60,551.5,0.5,551.5,0.5,1
P02_p2n435,67,551.5,0.25,551.5,0.25,1
P02_p2n436,68,551.75,0.25,551.75,0.25,1
P05_p5n2084,41,552.0,1.0,552.0,1.0,5
P04_p4n427,53,552.0,0.75,552.0,0.75,1
P03_p3n442,60,552.0,2.0,552.0,2.0,1
P05_p5n2081,65,552.0,0.75,552.0,0.75,1
P05_p5n2082,68,552.0,0.75,552.0,0.75,1
P02_p2n437,70,552.0,0.25,552.0,0.25,1
P05_p5n2083,75,552.0,0.75,552.0,0.75,1
P01_p1n405,75,552.0,0.75,552.0,0.75,1
P02_p2n438,68,552.25,0.25,552.25,0.25,1
P02_p2n439,70,552.5,1.0,552.5,1.0,1
P04_p4n428,53,552.75,0.25,552.75,0.25,1
P05_p5n2085,65,552.75,0.25,552.75,0.25,1
P05_p5n2086,68,552.75,0.25,552.75,0.25,1
P05_p5n2087,75,552.75,0.25,552.75,0.25,1
P01_p1n406,75,552.75,0.25,552.75,0.25,1
P05_p5n2091,53,553.0,1.0,553.0,1.0,5
P04_p4n429,53,553.0,0.5,553.0,0.5,1
P05_p5n2088,65,553.0,0.5,553.0,0.5,1
P05_p5n2089,68,553.0,0.5,553.0,0.5,1
P01_p1n407,74,553.0,0.5,553.0,0.5,1
P05_p5n2090,74,553.0,0.5,553.0,0.5,1
P04_p4n430,53,553.5,0.5,553.5,0.5,1
P02_p2n440,60,553.5,0.5,553.5,0.5,1
P05_p5n2092,65,553.5,0.5,553.5,0.5,1
P05_p5n2093,68,553.5,0.5,553.5,0.5,1
P01_p1n408,74,553.5,0.5,553.5,0.5,1
P05_p5n2094,74,553.5,0.5,553.5,0.5,1
P05_p5n2098,41,554.0,1.0,554.0,1.0,5
P04_p4n431,53,554.0,1.0,554.0,1.0,1
P05_p5n2095,65,554.0,1.0,554.0,1.0,1
P05_p5n2096,68,554.0,1.0,554.0,1.0,1
P02_p2n441,68,554.0,1.5,554.0,1.5,1
P05_p5n2097,72,554.0,1.0,554.0,1.0,1
P01_p1n409,72,554.0,1.0,554.0,1.0,1
P03_p3n444,62,554.5,1.0,554.5,1.0,1
P05_p5n2102,44,555.0,1.0,555.0,1.0,5
P04_p4n432,56,555.0,1.0,555.0,1.0,1
P05_p5n2099,65,555.0,1.0,555.0,1.0,1
P05_p5n2100,68,555.0,1.0,555.0,1.0,1
P01_p1n410,71,555.0,1.0,555.0,1.0,1
P05_p5n2101,71,555.0,1.0,555.0,1.0,1
P03_p3n445,62,555.5,0.5,555.5,0.5,1
P02_p2n442,67,555.5,0.25,555.5,0.25,1
P02_p2n443,65,555.75,0.25,555.75,0.25,1
P05_p5n2106,36,556.0,1.0,556.0,1.0,5
P04_p4n433,60,556.0,0.75,556.0,0.75,1
P05_p5n2103,60,556.0,0.75,556.0,0.75,1
P03_p3n446,63,556.0,2.0,556.0,2.0,1
P05_p5n2104,63,556.0,0.75,556.0,0.75,1
P02_p2n444,67,556.0,0.5,556.0,0.5,1
P05_p5n2105,70,556.0,0.75,556.0,0.75,1
P01_p1n411,70,556.0,0.75,556.0,0.75,1
P02_p2n445,60,556.5,0.5,556.5,0.5,1
P04_p4n434,60,556.75,0.25,556.75,0.25,1
P05_p5n2107,60,556.75,0.25,556.75,0.25,1
P05_p5n2108,63,556.75,0.25,556.75,0.25,1
P05_p5n2109,70,556.75,0.25,556.75,0.25,1
P01_p1n412,70,556.75,0.25,556.75,0.25,1
P05_p5n2113,48,557.0,1.0,557.0,1.0,5
P04_p4n435,60,557.0,0.5,557.0,0.5,1
P05_p5n2110,60,557.0,0.5,557.0,0.5,1
P05_p5n2111,63,557.0,0.5,557.0,0.5,1
P02_p2n446,65,557.0,1.5,557.0,1.5,1
P05_p5n2112,69,557.0,0.5,557.0,0.5,1
P01_p1n413,69,557.0,0.5,557.0,0.5,1
P04_p4n436,48,557.5,0.5,557.5,0.5,1
P05_p5n2114,60,557.5,0.5,557.5,0.5,1
P05_p5n2115,63,557.5,0.5,557.5,0.5,1
P05_p5n2116,69,557.5,0.5,557.5,0.5,1
P01_p1n414,69,557.5,0.5,557.5,0.5,1
P05_p5n2120,36,558.0,1.0,558.0,1.0,5
P04_p4n437,48,558.0,1.0,558.0,1.0,1
P05_p5n2117,60,558.0,1.0,558.0,1.0,1
P05_p5n2118,63,558.0,1.0,558.0,1.0,1
P01_p1n415,68,558.0,1.0,558.0,1.0,1
P05_p5n2119,68,558.0,1.0,558.0,1.0,1
P03_p3n448,60,558.5,1.0,558.5,1.0,1
P02_p2n448,63,558.5,0.25,558.5,0.25,1
P02_p2n449,62,558.75,0.25,558.75,0.25,1
P05_p5n2124,36,559.0,0.5,559.0,0.5,5
P04_p4n438,48,559.0,0.5,559.0,0.5,1
P05_p5n2121,60,559.0,1.0,559.0,1.0,1
P02_p2n450,63,559.0,1.0,559.0,1.0,1
P05_p5n2122,63,559.0,1.0,559.0,1.0,1
P05_p5n2123,67,559.0,1.0,559.0,1.0,1
P01_p1n416,67,559.0,0.5,559.0,0.5,1
P05_p5n2125,48,559.5,0.5,559.5,0.5,5
P04_p4n439,48,559.5,0.5,559.5,0.5,1
P03_p3n449,58,559.5,0.5,559.5,0.5,1
P01_p1n417,67,559.5,0.5,559.5,0.5,1
P04_p4n440,48,560.0,2.0,560.0,2.0,1
P05_p5n2126,57,560.0,2.0,560.0,2.0,1
P03_p3n450,57,560.0,2.0,560.0,2.0,1
P05_p5n2127,62,560.0,2.0,560.0,2.0,1
P01_p1n418,66,560.0,2.0,560.0,2.0,1
P05_p5n2128,66,560.0,2.0,560.0,2.0,1
P05_p5n2130,36,560.5,0.5,560.5,0.5,5
P05_p5n2131,48,560.5,0.5,560.5,0.5,5
P02_p2n452,62,560.5,1.0,560.5,1.0,1
P05_p5n2132,36,561.0,0.5,561.0,0.5,5
P05_p5n2133,48,561.0,0.5,561.0,0.5,5
P05_p5n2134,36,561.5,0.5,561.5,0.5,5
P05_p5n2135,48,561.5,0.5,561.5,0.5,5
P02_p2n453,63,561.5,0.25,561.5,0.25,1
P02_p2n454,62,561.75,0.25,561.75,0.25,1
P04_p4n441,48,562.0,2.0,562.0,2.0,1
P05_p5n2136,56,562.0,2.0,562.0,2.0,1
P05_p5n2137,61,562.0,2.0,562.0,2.0,1
P02_p2n455,61,562.0,1.5,562.0,1.5,1
P05_p5n2138,65,562.0,2.0,562.0,2.0,1
P01_p1n419,65,562.0,2.0,562.0,2.0,1
P05_p5n2140,36,562.5,0.5,562.5,0.5,5
P05_p5n2141,48,562.5,0.5,562.5,0.5,5
P03_p3n452,58,562.5,1.0,562.5,1.0,1
P05_p5n2142,36,563.0,0.5,563.0,0.5,5
P05_p5n2143,48,563.0,0.5,563.0,0.5,5
P05_p5n2144,36,563.5,0.5,563.5,0.5,5
P05_p5n2145,48,563.5,0.5,563.5,0.5,5
P03_p3n453,56,563.5,0.5,563.5,0.5,1
P02_p2n456,63,563.5,0.25,563.5,0.25,1
P02_p2n457,61,563.75,0.25,563.75,0.25,1
P04_p4n442,48,564.0,3.5,564.0,3.5,1
P05_p5n2146,55,564.0,4.0,564.0,4.0,1
P03_p3n454,55,564.0,3.5,564.0,3.5,1
P02_p2n458,60,564.0,0.25,564.0,0.25,1
P05_p5n2147,60,564.0,4.0,564.0,4.0,1
P01_p1n420,64,564.0,3.5,564.0,3.5,1
P05_p5n2148,64,564.0,4.0,564.0,4.0,1
P02_p2n459,58,564.25,0.25,564.25,0.25,1
P05_p5n2150,44,564.5,0.5,564.5,0.5,5
P02_p2n460,60,564.5,3.0,564.5,3.0,1
P05_p5n2151,43,565.0,0.5,565.0,0.5,5
P05_p5n2152,48,565.5,0.5,565.5,0.5,5
P05_p5n2153,46,566.0,0.6666666865348816,566.0,0.6666666865348816,5
P05_p5n2154,44,566.6666870117188,0.6666666865348816,566.6666870117188,0.6666666865348816,5
P05_p5n2155,43,567.3333129882812,0.3333333432674408,567.3333129882812,0.3333333432674408,5
P05_p5n2156,42,567.6666870117188,0.3333333432674408,567.6666870117188,0.3333333432674408,5
P05_p5n2160,41,568.0,1.0,568.0,1.0,5
P05_p5n2157,56,568.0,1.0,568.0,1.0,1
P05_p5n2158,60,568.0,1.0,568.0,1.0,1
P05_p5n2159,65,568.0,1.0,568.0,1.0,1
P02_p2n465,60,568.5,1.0,568.5,1.0,1
P05_p5n2164,39,569.0,1.0,569.0,1.0,5
P05_p5n2161,55,569.0,1.0,569.0,1.0,1
P05_p5n2162,60,569.0,1.0,569.0,1.0,1
P05_p5n2163,67,569.0,1.0,569.0,1.0,1
P02_p2n466,59,569.5,0.25,569.5,0.25,1
P02_p2n467,60,569.75,0.25,569.75,0.25,1
P05_p5n2168,39,570.0,1.0,570.0,1.0,5
P05_p5n2165,60,570.0,1.0,570.0,1.0,1
P02_p2n468,62,570.0,0.5,570.0,0.5,1
P05_p5n2166,67,570.0,1.0,570.0,1.0,1
P05_p5n2167,72,570.0,1.0,570.0,1.0,1
P02_p2n469,60,570.5,0.25,570.5,0.25,1
P02_p2n470,62,570.75,0.25,570.75,0.25,1
P05_p5n2172,38,571.0,1.0,571.0,1.0,5
P05_p5n2169,60,571.0,1.0,571.0,1.0,1
P02_p2n471,63,571.0,0.25,571.0,0.25,1
P05_p5n2170,66,571.0,1.0,571.0,1.0,1
P05_p5n2171,72,571.0,1.0,571.0,1.0,1
P02_p2n472,62,571.25,0.25,571.25,0.25,1
P02_p2n473,63,571.5,0.5,571.5,0.5,1
P05_p5n2176,37,572.0,1.0,572.0,1.0,5
P05_p5n2173,59,572.0,1.0,572.0,1.0,1
P05_p5n2174,65,572.0,1.0,572.0,1.0,1
P05_p5n2175,71,572.0,1.0,572.0,1.0,1
P02_p2n475,65,572.5,1.0,572.5,1.0,1
P05_p5n2180,36,573.0,1.0,573.0,1.0,5
P05_p5n2177,58,573.0,1.0,573.0,1.0,1
P05_p5n2178,64,573.0,1.0,573.0,1.0,1
P05_p5n2179,70,573.0,1.0,573.0,1.0,1
P02_p2n476,64,573.5,0.25,573.5,0.25,1
P02_p2n477,65,573.75,0.25,573.75,0.25,1
P05_p5n2184,35,574.0,1.0,574.0,1.0,5
P05_p5n2181,57,574.0,1.0,574.0,1.0,1
P05_p5n2182,63,574.0,1.0,574.0,1.0,1
P02_p2n478,67,574.0,0.5,574.0,0.5,1
P05_p5n2183,69,574.0,1.0,574.0,1.0,1
P02_p2n479,65,574.5,0.25,574.5,0.25,1
P02_p2n480,67,574.75,0.25,574.75,0.25,1
P05_p5n2188,34,575.0,1.0,575.0,1.0,5
P05_p5n2185,56,575.0,1.0,575.0,1.0,1
P05_p5n2186,62,575.0,1.0,575.0,1.0,1
P05_p5n2187,68,575.0,1.0,575.0,1.0,1
P02_p2n481,68,575.0,0.25,575.0,0.25,1
P02_p2n482,67,575.25,0.25,575.25,0.25,1
P02_p2n483,68,575.5,0.5,575.5,0.5,1
P05_p5n2192,39,576.0,1.0,576.0,1.0,5
P05_p5n2189,55,576.0,1.0,576.0,1.0,1
P05_p5n2190,62,576.0,1.0,576.0,1.0,1
P02_p2n484,67,576.0,0.5,576.0,0.5,1
P05_p5n2191,67,576.0,1.0,576.0,1.0,1
P02_p2n485,70,576.5,0.25,576.5,0.25,1
P02_p2n486,68,576.75,0.25,576.75,0.25,1
P05_p5n2196,38,577.0,1.0,577.0,1.0,5
P05_p5n2193,56,577.0,1.0,577.0,1.0,1
P05_p5n2194,60,577.0,1.0,577.0,1.0,1
P05_p5n2195,65,577.0,1.0,577.0,1.0,1
P02_p2n487,67,577.0,0.5,577.0,0.5,1
P02_p2n488,70,577.5,0.25,577.5,0.25,1
P02_p2n489,68,577.75,0.25,577.75,0.25,1
P05_p5n2200,36,578.0,1.0,578.0,1.0,5
P05_p5n2197,55,578.0,1.0,578.0,1.0,1
P05_p5n2198,58,578.0,1.0,578.0,1.0,1
P05_p5n2199,63,578.0,1.0,578.0,1.0,1
P02_p2n490,67,578.0,0.25,578.0,0.25,1
P02_p2n491,65,578.25,0.25,578.25,0.25,1
P02_p2n492,67,578.5,0.5,578.5,0.5,1
P05_p5n2204,34,579.0,1.0,579.0,1.0,5
P05_p5n2201,61,579.0,1.0,579.0,1.0,1
P05_p5n2202,63,579.0,1.0,579.0,1.0,1
P05_p5n2203,67,579.0,1.0,579.0,1.0,1
P02_p2n494,67,579.25,0.25,579.25,0.25,1
P02_p2n495,68,579.5,0.25,579.5,0.25,1
P02_p2n496,70,579.75,0.25,579.75,0.25,1
P05_p5n2206,33,580.0,2.0,580.0,2.0,5
P02_p2n497,72,580.0,0.5,580.0,0.5,1
P05_p5n2207,60,580.5,1.5,580.5,1.5,1
P05_p5n2208,63,580.5,1.5,580.5,1.5,1
P02_p2n498,67,580.5,0.25,580.5,0.25,1
P05_p5n2209,67,580.5,1.5,580.5,1.5,1
P02_p2n499,72,580.75,0.25,580.75,0.25,1
P02_p2n500,72,581.0,2.0,581.0,2.0,1
P04_p4n450,57,581.5,0.5,581.5,0.5,1
P03_p3n462,60,581.5,0.5,581.5,0.5,1
P01_p1n428,75,581.5,0.5,581.5,0.5,1
P05_p5n2212,32,582.0,1.0,582.0,1.0,5
P04_p4n451,56,582.0,1.0,582.0,1.0,1
P05_p5n2210,60,582.0,1.0,582.0,1.0,1
P03_p3n463,65,582.0,2.0,582.0,2.0,1
P05_p5n2211,65,582.0,1.0,582.0,1.0,1
P01_p1n429,74,582.0,2.0,582.0,2.0,1
P05_p5n2215,31,583.0,1.0,583.0,1.0,5
P04_p4n452,55,583.0,1.0,583.0,1.0,1
P05_p5n2213,59,583.0,1.0,583.0,1.0,1
P05_p5n2214,65,583.0,1.0,583.0,1.0,1
P02_p2n501,71,583.0,1.0,583.0,1.0,1
P05_p5n2218,48,584.0,2.0,584.0,2.0,6
P03_p3n464,63,584.0,4.0,584.0,4.0,1
P02_p2n502,72,584.0,0.75,584.0,0.75,1
P01_p1n430,72,584.0,4.0,584.0,4.0,1
P05_p5n2216,72,584.0,0.75,584.0,0.75,1
P05_p5n2217,84,584.0,0.75,584.0,0.75,1
P04_p4n454,48,584.5,1.0,584.5,1.0,1
P05_p5n2220,55,584.5,0.5,584.5,0.5,5
P02_p2n503,72,584.75,0.25,584.75,0.25,1
P05_p5n2221,72,584.75,0.25,584.75,0.25,1
P05_p5n2222,84,584.75,0.25,584.75,0.25,1
P05_p5n2225,63,585.0,1.0,585.0,1.0,5
P05_p5n2223,71,585.0,0.5,585.0,0.5,1
P02_p2n504,71,585.0,0.5,585.0,0.5,1
P05_p5n2224,83,585.0,0.5,585.0,0.5,1
P04_p4n455,47,585.5,0.25,585.5,0.25,1
P05_p5n2226,71,585.5,0.5,585.5,0.5,1
P02_p2n505,71,585.5,0.5,585.5,0.5,1
P05_p5n2227,83,585.5,0.5,585.5,0.5,1
P04_p4n456,48,585.75,0.25,585.75,0.25,1
P05_p5n2230,48,586.0,2.0,586.0,2.0,6
P04_p4n457,50,586.0,0.5,586.0,0.5,1
P02_p2n506,70,586.0,1.0,586.0,1.0,1
P05_p5n2228,70,586.0,1.0,586.0,1.0,1
P05_p5n2229,82,586.0,1.0,586.0,1.0,1
P04_p4n458,48,586.5,0.25,586.5,0.25,1
P05_p5n2232,55,586.5,0.5,586.5,0.5,5
P04_p4n459,50,586.75,0.25,586.75,0.25,1
P04_p4n460,51,587.0,0.25,587.0,0.25,1
P05_p5n2235,63,587.0,1.0,587.0,1.0,5
P05_p5n2233,69,587.0,1.0,587.0,1.0,1
P02_p2n507,69,587.0,1.0,587.0,1.0,1
P05_p5n2234,81,587.0,1.0,587.0,1.0,1
P04_p4n461,50,587.25,0.25,587.25,0.25,1
P04_p4n462,51,587.5,0.5,587.5,0.5,1
P05_p5n2238,41,588.0,3.0,588.0,3.0,6
P05_p5n2237,68,588.0,0.75,588.0,0.75,2
P02_p2n508,68,588.0,0.75,588.0,0.75,1
P05_p5n2236,77,588.0,0.75,588.0,0.75,1
P01_p1n431,77,588.0,0.75,588.0,0.75,1
P05_p5n2240,48,588.5,0.5,588.5,0.5,5
P04_p4n464,53,588.5,1.0,588.5,1.0,1
P05_p5n2242,68,588.75,0.25,588.75,0.25,2
P02_p2n509,68,588.75,0.25,588.75,0.25,1
P05_p5n2241,77,588.75,0.25,588.75,0.25,1
P01_p1n432,77,588.75,0.25,588.75,0.25,1
P05_p5n2245,56,589.0,2.0,589.0,2.0,5
P02_p2n510,67,589.0,0.5,589.0,0.5,1
P05_p5n2244,67,589.0,0.5,589.0,0.5,2
P01_p1n433,76,589.0,0.5,589.0,0.5,1
P05_p5n2243,76,589.0,0.5,589.0,0.5,1
P04_p4n465,52,589.5,0.25,589.5,0.25,1
P02_p2n511,67,589.5,0.5,589.5,0.5,1
P05_p5n2247,67,589.5,0.5,589.5,0.5,2
P01_p1n434,76,589.5,0.5,589.5,0.5,1
P05_p5n2246,76,589.5,0.5,589.5,0.5,1
P04_p4n466,53,589.75,0.25,589.75,0.25,1
P04_p4n467,55,590.0,0.5,590.0,0.5,1
P02_p2n512,65,590.0,1.0,590.0,1.0,1
P05_p5n2249,65,590.0,1.0,590.0,1.0,2
P05_p5n2250,68,590.0,1.0,590.0,1.0,2
P05_p5n2248,75,590.0,1.0,590.0,1.0,1
P01_p1n435,75,590.0,1.0,590.0,1.0,1
P04_p4n468,53,590.5,0.25,590.5,0.25,1
P04_p4n469,55,590.75,0.25,590.75,0.25,1
P05_p5n2255,46,591.0,1.0,591.0,1.0,5
P05_p5n2256,53,591.0,1.0,591.0,1.0,5
P05_p5n2257,56,591.0,1.0,591.0,1.0,5
P04_p4n470,56,591.0,0.25,591.0,0.25,1
P02_p2n513,58,591.0,1.0,591.0,1.0,1
P05_p5n2253,58,591.0,1.0,591.0,1.0,2
P05_p5n2254,68,591.0,1.0,591.0,1.0,2
P01_p1n436,74,591.0,1.0,591.0,1.0,1
P05_p5n2252,74,591.0,1.0,591.0,1.0,1
P04_p4n471,55,591.25,0.25,591.25,0.25,1
P04_p4n472,56,591.5,0.5,591.5,0.5,1
P05_p5n2261,51,592.0,1.0,592.0,1.0,5
P04_p4n473,55,592.0,0.5,592.0,0.5,1
P05_p5n2262,58,592.0,1.0,592.0,1.0,5
P05_p5n2258,62,592.0,1.0,592.0,1.0,1
P02_p2n514,63,592.0,0.75,592.0,0.75,1
P05_p5n2259,67,592.0,1.0,592.0,1.0,1
P01_p1n437,74,592.0,0.75,592.0,0.75,1
P05_p5n2260,74,592.0,1.0,592.0,1.0,1
P04_p4n474,58,592.5,0.25,592.5,0.25,1
P04_p4n475,56,592.75,0.25,592.75,0.25,1
P02_p2n515,63,592.75,0.25,592.75,0.25,1
P01_p1n438,74,592.75,0.25,592.75,0.25,1
P05_p5n2266,50,593.0,1.0,593.0,1.0,5
P04_p4n476,55,593.0,0.5,593.0,0.5,1
P05_p5n2267,56,593.0,1.0,593.0,1.0,5
P05_p5n2263,60,593.0,1.0,593.0,1.0,1
P02_p2n516,62,593.0,0.5,593.0,0.5,1
P05_p5n2264,65,593.0,1.0,593.0,1.0,1
P05_p5n2265,72,593.0,1.0,593.0,1.0,1
P01_p1n439,72,593.0,0.5,593.0,0.5,1
P04_p4n477,58,593.5,0.25,593.5,0.25,1
P02_p2n517,62,593.5,0.5,593.5,0.5,1
P01_p1n440,72,593.5,0.5,593.5,0.5,1
P04_p4n478,56,593.75,0.25,593.75,0.25,1
P05_p5n2271,48,594.0,1.0,594.0,1.0,5
P05_p5n2272,55,594.0,1.0,594.0,1.0,5
P04_p4n479,55,594.0,0.25,594.0,0.25,1
P05_p5n2268,58,594.0,1.0,594.0,1.0,1
P02_p2n518,60,594.0,1.0,594.0,1.0,1
P05_p5n2269,63,594.0,1.0,594.0,1.0,1
P05_p5n2270,70,594.0,1.0,594.0,1.0,1
P01_p1n441,75,594.0,1.0,594.0,1.0,1
P04_p4n480,53,594.25,0.25,594.25,0.25,1
P04_p4n481,55,594.5,0.5,594.5,0.5,1
P05_p5n2276,55,595.0,1.0,595.0,1.0,5
P05_p5n2277,58,595.0,1.0,595.0,1.0,5
P02_p2n519,58,595.0,0.5,595.0,0.5,1
P05_p5n2278,61,595.0,1.0,595.0,1.0,5
P05_p5n2279,63,595.0,1.0,595.0,1.0,5
P05_p5n2273,67,595.0,1.0,595.0,1.0,1
P05_p5n2274,73,595.0,1.0,595.0,1.0,1
P05_p5n2275,79,595.0,1.0,595.0,1.0,1
P01_p1n442,79,595.0,0.5,595.0,0.5,1
P04_p4n483,55,595.25,0.25,595.25,0.25,1
P03_p3n469,55,595.5,0.5,595.5,0.5,1
P04_p4n484,56,595.5,0.25,595.5,0.25,1
P02_p2n520,70,595.5,0.5,595.5,0.5,1
P01_p1n443,79,595.5,0.5,595.5,0.5,1
P04_p4n485,58,595.75,0.25,595.75,0.25,1
P05_p5n2281,51,596.0,2.0,596.0,2.0,6
P04_p4n486,60,596.0,0.5,596.0,0.5,1
P03_p3n470,63,596.0,2.0,596.0,2.0,1
P02_p2n521,69,596.0,2.0,596.0,2.0,1
P01_p1n444,78,596.0,2.0,596.0,2.0,1
P05_p5n2280,78,596.0,1.5,596.0,1.5,1
P04_p4n487,55,596.5,0.25,596.5,0.25,1
P05_p5n2285,57,596.5,0.5,596.5,0.5,5
P05_p5n2284,72,596.5,0.5,596.5,0.5,2
P04_p4n488,60,596.75,0.25,596.75,0.25,1
P04_p4n489,60,597.0,2.0,597.0,2.0,1
P05_p5n2287,66,597.0,0.5,597.0,0.5,5
P05_p5n2286,69,597.0,0.25,597.0,0.25,2
P05_p5n2289,57,597.5,0.5,597.5,0.5,5
P05_p5n2288,78,597.5,0.5,597.5,0.5,1
P05_p5n2292,50,598.0,2.0,598.0,2.0,6
P03_p3n471,62,598.0,2.0,598.0,2.0,1
P02_p2n522,68,598.0,2.0,598.0,2.0,1
P01_p1n445,77,598.0,2.0,598.0,2.0,1
P05_p5n2291,77,598.0,1.5,598.0,1.5,1
P05_p5n2296,56,598.5,0.5,598.5,0.5,5
P05_p5n2295,71,598.5,0.5,598.5,0.5,2
P04_p4n490,59,599.0,1.0,599.0,1.0,1
P05_p5n2298,65,599.0,0.5,599.0,0.5,5
P05_p5n2297,68,599.0,0.25,599.0,0.25,2
P05_p5n2300,56,599.5,0.5,599.5,0.5,5
P05_p5n2299,77,599.5,0.5,599.5,0.5,1
P05_p5n2305,48,600.0,1.0,600.0,1.0,5
P04_p4n491,60,600.0,1.0,600.0,1.0,1
P03_p3n472,60,600.0,1.0,600.0,1.0,1
P05_p5n2306,60,600.0,1.0,600.0,1.0,5
P02_p2n523,67,600.0,1.0,600.0,1.0,1
P05_p5n2302,67,600.0,0.75,600.0,0.75,1
P05_p5n2303,72,600.0,0.75,600.0,0.75,1
P05_p5n2304,75,600.0,0.75,600.0,0.75,1
P01_p1n446,75,600.0,1.0,600.0,1.0,1
P05_p5n2307,63,600.75,0.25,600.75,0.25,1
P05_p5n2310,50,601.0,1.0,601.0,1.0,5
P05_p5n2308,60,601.0,0.5,601.0,0.5,1
P05_p5n2309,65,601.0,0.5,601.0,0.5,1
P05_p5n2311,60,601.5,0.5,601.5,0.5,1
P05_p5n2312,65,601.5,0.5,601.5,0.5,1
P05_p5n2315,44,602.0,1.0,602.0,1.0,5
P05_p5n2313,60,602.0,1.0,602.0,1.0,1
P05_p5n2314,66,602.0,1.0,602.0,1.0,1
P05_p5n2318,43,603.0,1.0,603.0,1.0,5
P05_p5n2316,59,603.0,1.0,603.0,1.0,1
P05_p5n2317,67,603.0,1.0,603.0,1.0,1
P04_p4n494,48,604.0,0.75,604.0,0.75,1
P05_p5n2320,48,604.0,4.0,604.0,4.0,5
P05_p5n2319,55,604.0,1.0,604.0,1.0,1
P03_p3n475,55,604.0,0.75,604.0,0.75,1
P02_p2n527,60,604.5,1.0,604.5,1.0,1
P04_p4n495,48,604.75,0.25,604.75,0.25,1
P03_p3n476,55,604.75,0.25,604.75,0.25,1
P04_p4n496,48,605.0,0.5,605.0,0.5,1
P03_p3n477,56,605.0,0.5,605.0,0.5,1
P05_p5n2321,56,605.0,1.0,605.0,1.0,1
P04_p4n497,48,605.5,0.5,605.5,0.5,1
P03_p3n478,56,605.5,0.5,605.5,0.5,1
P02_p2n528,59,605.5,0.25,605.5,0.25,1
P02_p2n529,60,605.75,0.25,605.75,0.25,1
P04_p4n498,48,606.0,1.0,606.0,1.0,1
P03_p3n479,57,606.0,1.0,606.0,1.0,1
P05_p5n2322,57,606.0,1.0,606.0,1.0,1
P02_p2n530,62,606.0,1.5,606.0,1.5,1
P04_p4n499,48,607.0,1.0,607.0,1.0,1
P05_p5n2323,58,607.0,1.0,607.0,1.0,1
P03_p3n480,58,607.0,1.0,607.0,1.0,1
P02_p2n531,60,607.5,0.25,607.5,0.25,1
P02_p2n532,62,607.75,0.25,607.75,0.25,1
P05_p5n2325,41,608.0,2.0,608.0,2.0,5
P05_p5n2326,53,608.0,2.0,608.0,2.0,5
P04_p4n500,53,608.0,0.75,608.0,0.75,1
P03_p3n481,59,608.0,0.75,608.0,0.75,1
P05_p5n2324,59,608.0,1.0,608.0,1.0,1
P02_p2n533,63,608.0,0.25,608.0,0.25,1
P02_p2n534,62,608.25,0.25,608.25,0.25,1
P02_p2n535,63,608.5,1.0,608.5,1.0,1
P04_p4n501,53,608.75,0.25,608.75,0.25,1
P03_p3n482,59,608.75,0.25,608.75,0.25,1
P04_p4n502,53,609.0,0.5,609.0,0.5,1
P03_p3n483,60,609.0,0.5,609.0,0.5,1
P05_p5n2327,60,609.0,1.0,609.0,1.0,1
P04_p4n503,53,609.5,0.5,609.5,0.5,1
P02_p2n536,60,609.5,0.5,609.5,0.5,1
P03_p3n484,60,609.5,0.5,609.5,0.5,1
P05_p5n2330,46,610.0,1.0,610.0,1.0,5
P04_p4n504,46,610.0,1.0,610.0,1.0,1
P05_p5n2328,56,610.0,1.0,610.0,1.0,1
P05_p5n2329,61,610.0,1.0,610.0,1.0,1
P03_p3n485,61,610.0,1.0,610.0,1.0,1
P02_p2n537,68,610.0,1.5,610.0,1.5,1
P05_p5n2333,39,611.0,1.0,611.0,1.0,5
P04_p4n505,51,611.0,1.0,611.0,1.0,1
P05_p5n2331,55,611.0,1.0,611.0,1.0,1
P03_p3n486,59,611.0,1.0,611.0,1.0,1
P05_p5n2332,59,611.0,1.0,611.0,1.0,1
P02_p2n538,67,611.5,0.25,611.5,0.25,1
P02_p2n539,65,611.75,0.25,611.75,0.25,1
P05_p5n2336,44,612.0,1.0,612.0,1.0,5
P05_p5n2334,55,612.0,1.0,612.0,1.0,1
P04_p4n506,56,612.0,1.0,612.0,1.0,1
P03_p3n487,60,612.0,1.5,612.0,1.5,1
P05_p5n2335,60,612.0,1.0,612.0,1.0,1
P02_p2n540,67,612.0,0.5,612.0,0.5,1
P02_p2n541,60,612.5,0.5,612.5,0.5,1
P05_p5n2339,38,613.0,1.0,613.0,1.0,5
P04_p4n507,50,613.0,1.0,613.0,1.0,1
P05_p5n2337,53,613.0,1.0,613.0,1.0,1
P05_p5n2338,60,613.0,1.0,613.0,1.0,1
P02_p2n542,65,613.0,1.5,613.0,1.5,1
P03_p3n488,60,613.5,0.5,613.5,0.5,1
P05_p5n2342,43,614.0,1.0,614.0,1.0,5
P05_p5n2340,53,614.0,1.0,614.0,1.0,1
P04_p4n508,55,614.0,1.0,614.0,1.0,1
P03_p3n489,60,614.0,1.0,614.0,1.0,1
P05_p5n2341,60,614.0,1.0,614.0,1.0,1
P02_p2n544,63,614.5,0.25,614.5,0.25,1
P02_p2n545,62,614.75,0.25,614.75,0.25,1
P05_p5n2345,31,615.0,1.0,615.0,1.0,5
P04_p4n509,43,615.0,1.0,615.0,1.0,1
P05_p5n2343,53,615.0,1.0,615.0,1.0,1
P03_p3n490,59,615.0,1.0,615.0,1.0,1
P05_p5n2344,59,615.0,1.0,615.0,1.0,1
P02_p2n546,63,615.0,1.0,615.0,1.0,1
P02_p2n547,60,616.0,0.75,616.0,0.75,1
P05_p5n2346,60,616.0,1.0,616.0,1.0,1
P05_p5n2347,67,616.0,1.0,616.0,1.0,1
P01_p1n452,67,616.0,0.75,616.0,0.75,1
P05_p5n2349,36,616.5,0.5,616.5,0.5,5
P04_p4n511,48,616.5,1.0,616.5,1.0,1
P05_p5n2350,48,616.5,0.5,616.5,0.5,5
P03_p3n492,60,616.5,1.0,616.5,1.0,1
P02_p2n548,60,616.75,0.25,616.75,0.25,1
P01_p1n453,67,616.75,0.25,616.75,0.25,1
P05_p5n2353,36,617.0,0.5,617.0,0.5,5
P05_p5n2354,48,617.0,0.5,617.0,0.5,5
P02_p2n549,60,617.0,0.5,617.0,0.5,1
P05_p5n2351,60,617.0,1.0,617.0,1.0,1
P01_p1n454,68,617.0,0.5,617.0,0.5,1
P05_p5n2352,68,617.0,1.0,617.0,1.0,1
P05_p5n2355,36,617.5,0.5,617.5,0.5,5
P04_p4n512,47,617.5,0.25,617.5,0.25,1
P05_p5n2356,48,617.5,0.5,617.5,0.5,5
P03_p3n493,59,617.5,0.25,617.5,0.25,1
P02_p2n550,60,617.5,0.5,617.5,0.5,1
P01_p1n455,68,617.5,0.5,617.5,0.5,1
P04_p4n513,48,617.75,0.25,617.75,0.25,1
P03_p3n494,60,617.75,0.25,617.75,0.25,1
P04_p4n514,50,618.0,1.5,618.0,1.5,1
P02_p2n551,60,618.0,1.0,618.0,1.0,1
P05_p5n2357,60,618.0,1.0,618.0,1.0,1
P03_p3n495,62,618.0,1.5,618.0,1.5,1
P05_p5n2358,69,618.0,1.0,618.0,1.0,1
P01_p1n456,69,618.0,1.0,618.0,1.0,1
P05_p5n2360,36,618.5,0.5,618.5,0.5,5
P05_p5n2361,48,618.5,0.5,618.5,0.5,5
P05_p5n2364,36,619.0,0.5,619.0,0.5,5
P05_p5n2365,48,619.0,0.5,619.0,0.5,5
P02_p2n552,60,619.0,1.0,619.0,1.0,1
P05_p5n2362,60,619.0,1.0,619.0,1.0,1
P01_p1n457,70,619.0,1.0,619.0,1.0,1
P05_p5n2363,70,619.0,1.0,619.0,1.0,1
P05_p5n2366,36,619.5,0.5,619.5,0.5,5
P04_p4n515,48,619.5,0.25,619.5,0.25,1
P05_p5n2367,48,619.5,0.5,619.5,0.5,5
P03_p3n496,60,619.5,0.25,619.5,0.25,1
P04_p4n516,50,619.75,0.25,619.75,0.25,1
P03_p3n497,62,619.75,0.25,619.75,0.25,1
P04_p4n517,51,620.0,0.25,620.0,0.25,1
P03_p3n498,63,620.0,0.25,620.0,0.25,1
P02_p2n553,65,620.0,0.75,620.0,0.75,1
P05_p5n2368,65,620.0,1.0,620.0,1.0,1
P01_p1n458,71,620.0,0.75,620.0,0.75,1
P05_p5n2369,71,620.0,1.0,620.0,1.0,1
P04_p4n518,50,620.25,0.25,620.25,0.25,1
P03_p3n499,62,620.25,0.25,620.25,0.25,1
P05_p5n2371,36,620.5,0.5,620.5,0.5,5
P05_p5n2372,48,620.5,0.5,620.5,0.5,5
P04_p4n519,51,620.5,1.0,620.5,1.0,1
P03_p3n500,63,620.5,1.5,620.5,1.5,1
P02_p2n554,65,620.75,0.25,620.75,0.25,1
P01_p1n459,71,620.75,0.25,620.75,0.25,1
P05_p5n2375,36,621.0,0.5,621.0,0.5,5
P05_p5n2376,48,621.0,0.5,621.0,0.5,5
P02_p2n555,65,621.0,0.5,621.0,0.5,1
P05_p5n2373,65,621.0,1.0,621.0,1.0,1
P01_p1n460,72,621.0,0.5,621.0,0.5,1
P05_p5n2374,72,621.0,1.0,621.0,1.0,1
P05_p5n2377,36,621.5,0.5,621.5,0.5,5
P04_p4n520,48,621.5,0.5,621.5,0.5,1
P05_p5n2378,48,621.5,0.5,621.5,0.5,5
P02_p2n556,65,621.5,0.5,621.5,0.5,1
P01_p1n461,72,621.5,0.5,621.5,0.5,1
P04_p4n521,56,622.0,1.5,622.0,1.5,1
P05_p5n2379,63,622.0,1.0,622.0,1.0,1
P02_p2n557,65,622.0,1.0,622.0,1.0,1
P05_p5n2380,68,622.0,1.0,622.0,1.0,1
P01_p1n462,73,622.0,1.0,622.0,1.0,1
P05_p5n2381,73,622.0,1.0,622.0,1.0,1
P05_p5n2383,36,622.5,0.5,622.5,0.5,5
P05_p5n2384,48,622.5,0.5,622.5,0.5,5
P03_p3n502,60,622.5,0.5,622.5,0.5,1
P05_p5n2388,36,623.0,0.5,623.0,0.5,5
P05_p5n2389,48,623.0,0.5,623.0,0.5,5
P03_p3n503,61,623.0,1.5,623.0,1.5,1
P05_p5n2385,63,623.0,1.0,623.0,1.0,1
P02_p2n558,63,623.0,1.0,623.0,1.0,1
P05_p5n2386,67,623.0,1.0,623.0,1.0,1
P01_p1n463,71,623.0,1.0,623.0,1.0,1
P05_p5n2387,71,623.0,1.0,623.0,1.0,1
P05_p5n2390,36,623.5,0.5,623.5,0.5,5
P05_p5n2391,48,623.5,0.5,623.5,0.5,5
P04_p4n522,55,623.5,0.25,623.5,0.25,1
P04_p4n523,53,623.75,0.25,623.75,0.25,1
P04_p4n524,55,624.0,0.5,624.0,0.5,1
P05_p5n2392,60,624.0,1.5,624.0,1.5,1
P05_p5n2393,68,624.0,1.5,624.0,1.5,1
P02_p2n559,68,624.0,1.5,624.0,1.5,1
P01_p1n464,72,624.0,1.5,624.0,1.5,1
P05_p5n2394,72,624.0,1.5,624.0,1.5,1
P05_p5n2396,36,624.5,0.5,624.5,0.5,5
P04_p4n525,48,624.5,0.5,624.5,0.5,1
P05_p5n2397,48,624.5,0.5,624.5,0.5,5
P03_p3n505,60,624.5,0.25,624.5,0.25,1
P03_p3n506,58,624.75,0.25,624.75,0.25,1
P05_p5n2398,36,625.0,0.5,625.0,0.5,5
P05_p5n2399,48,625.0,0.5,625.0,0.5,5
P04_p4n526,53,625.0,1.5,625.0,1.5,1
P03_p3n507,60,625.0,0.5,625.0,0.5,1
P05_p5n2403,36,625.5,0.5,625.5,0.5,5
P05_p5n2404,48,625.5,0.5,625.5,0.5,5
P03_p3n508,56,625.5,0.5,625.5,0.5,1
P05_p5n2400,60,625.5,0.5,625.5,0.5,1
P05_p5n2401,68,625.5,0.5,625.5,0.5,1
P02_p2n560,68,625.5,0.5,625.5,0.5,1
P01_p1n465,72,625.5,0.5,625.5,0.5,1
P05_p5n2402,72,625.5,0.5,625.5,0.5,1
P03_p3n509,60,626.0,0.5,626.0,0.5,1
P05_p5n2405,60,626.0,1.0,626.0,1.0,1
P05_p5n2406,68,626.0,1.0,626.0,1.0,1
P02_p2n561,68,626.0,1.0,626.0,1.0,1
P05_p5n2407,72,626.0,1.0,626.0,1.0,1
P01_p1n466,72,626.0,1.0,626.0,1.0,1
P05_p5n2409,31,626.5,0.5,626.5,0.5,5
P05_p5n2410,43,626.5,0.5,626.5,0.5,5
P04_p4n528,51,626.5,0.25,626.5,0.25,1
P03_p3n510,59,626.5,0.25,626.5,0.25,1
P04_p4n529,53,626.75,0.25,626.75,0.25,1
P03_p3n511,60,626.75,0.25,626.75,0.25,1
P05_p5n2414,31,627.0,0.5,627.0,0.5,5
P05_p5n2415,43,627.0,0.5,627.0,0.5,5
P04_p4n530,55,627.0,1.0,627.0,1.0,1
P05_p5n2411,59,627.0,1.0,627.0,1.0,1
P03_p3n512,62,627.0,1.0,627.0,1.0,1
P02_p2n562,67,627.0,1.0,627.0,1.0,1
P05_p5n2412,67,627.0,1.0,627.0,1.0,1
P01_p1n467,71,627.0,1.0,627.0,1.0,1
P05_p5n2413,71,627.0,1.0,627.0,1.0,1
P05_p5n2416,31,627.5,0.5,627.5,0.5,5
P05_p5n2417,43,627.5,0.5,627.5,0.5,5
P05_p5n2421,48,628.0,0.75,628.0,0.75,5
P04_p4n531,60,628.0,0.75,628.0,0.75,1
P05_p5n2418,60,628.0,1.5,628.0,1.5,1
P05_p5n2419,63,628.0,1.5,628.0,1.5,1
P05_p5n2420,67,628.0,1.5,628.0,1.5,1
P02_p2n563,72,628.0,0.75,628.0,0.75,1
P03_p3n514,60,628.5,1.0,628.5,1.0,1
P01_p1n469,72,628.5,1.0,628.5,1.0,1
P05_p5n2422,48,628.75,0.25,628.75,0.25,5
P04_p4n532,60,628.75,0.25,628.75,0.25,1
P02_p2n564,72,628.75,0.25,628.75,0.25,1
P05_p5n2423,47,629.0,0.5,629.0,0.5,5
P04_p4n533,59,629.0,0.5,629.0,0.5,1
P02_p2n565,71,629.0,0.5,629.0,0.5,1
P05_p5n2427,47,629.5,0.5,629.5,0.5,5
P04_p4n534,59,629.5,0.5,629.5,0.5,1
P03_p3n515,59,629.5,0.25,629.5,0.25,1
P05_p5n2424,60,629.5,1.5,629.5,1.5,1
P05_p5n2425,63,629.5,1.5,629.5,1.5,1
P05_p5n2426,67,629.5,1.5,629.5,1.5,1
P01_p1n470,71,629.5,0.25,629.5,0.25,1
P02_p2n566,71,629.5,0.5,629.5,0.5,1
P03_p3n516,60,629.75,0.25,629.75,0.25,1
P01_p1n471,72,629.75,0.25,629.75,0.25,1
P05_p5n2428,46,630.0,1.0,630.0,1.0,5
P04_p4n535,58,630.0,1.0,630.0,1.0,1
P03_p3n517,62,630.0,1.5,630.0,1.5,1
P02_p2n567,70,630.0,1.0,630.0,1.0,1
P01_p1n472,74,630.0,1.5,630.0,1.5,1
P05_p5n2432,45,631.0,1.0,631.0,1.0,5
P04_p4n536,57,631.0,1.0,631.0,1.0,1
P05_p5n2429,60,631.0,1.0,631.0,1.0,1
P05_p5n2430,63,631.0,1.0,631.0,1.0,1
P05_p5n2431,67,631.0,1.0,631.0,1.0,1
P02_p2n568,69,631.0,1.0,631.0,1.0,1
P03_p3n518,60,631.5,0.25,631.5,0.25,1
P01_p1n473,72,631.5,0.25,631.5,0.25,1
P03_p3n519,62,631.75,0.25,631.75,0.25,1
P01_p1n474,74,631.75,0.25,631.75,0.25,1
P05_p5n2436,44,632.0,0.75,632.0,0.75,5
P04_p4n537,56,632.0,0.75,632.0,0.75,1
P05_p5n2433,60,632.0,1.0,632.0,1.0,1
P03_p3n520,63,632.0,0.25,632.0,0.25,1
P05_p5n2434,67,632.0,1.0,632.0,1.0,1
P02_p2n569,68,632.0,0.75,632.0,0.75,1
P05_p5n2435,72,632.0,1.0,632.0,1.0,1
P01_p1n475,75,632.0,0.25,632.0,0.25,1
P03_p3n521,62,632.25,0.25,632.25,0.25,1
P01_p1n476,74,632.25,0.25,632.25,0.25,1
P03_p3n522,63,632.5,1.0,632.5,1.0,1
P01_p1n477,75,632.5,1.0,632.5,1.0,1
P05_p5n2437,44,632.75,0.25,632.75,0.25,5
P04_p4n538,56,632.75,0.25,632.75,0.25,1
P02_p2n570,68,632.75,0.25,632.75,0.25,1
P05_p5n2441,43,633.0,0.5,633.0,0.5,5
P04_p4n539,55,633.0,0.5,633.0,0.5,1
P05_p5n2438,58,633.0,1.0,633.0,1.0,1
P05_p5n2439,65,633.0,1.0,633.0,1.0,1
P02_p2n571,67,633.0,0.5,633.0,0.5,1
P05_p5n2440,70,633.0,1.0,633.0,1.0,1
P05_p5n2442,43,633.5,0.5,633.5,0.5,5
P04_p4n540,55,633.5,0.5,633.5,0.5,1
P03_p3n523,60,633.5,0.5,633.5,0.5,1
P02_p2n572,67,633.5,0.5,633.5,0.5,1
P01_p1n478,72,633.5,0.5,633.5,0.5,1
P05_p5n2446,41,634.0,1.0,634.0,1.0,5
P04_p4n541,53,634.0,1.0,634.0,1.0,1
P05_p5n2443,56,634.0,2.0,634.0,2.0,1
P03_p3n524,63,634.0,1.5,634.0,1.5,1
P05_p5n2445,63,634.0,1.0,634.0,1.0,2
P05_p5n2444,68,634.0,2.0,634.0,2.0,1
P02_p2n573,68,634.0,1.0,634.0,1.0,1
P01_p1n479,80,634.0,1.5,634.0,1.5,1
P05_p5n2448,34,635.0,1.0,635.0,1.0,5
P04_p4n542,46,635.0,1.0,635.0,1.0,1
P05_p5n2447,62,635.0,1.0,635.0,1.0,2
P02_p2n574,68,635.0,1.0,635.0,1.0,1
P03_p3n525,62,635.5,0.25,635.5,0.25,1
P01_p1n480,79,635.5,0.25,635.5,0.25,1
P03_p3n526,60,635.75,0.25,635.75,0.25,1
P01_p1n481,77,635.75,0.25,635.75,0.25,1
P05_p5n2452,39,636.0,0.75,636.0,0.75,5
P04_p4n543,51,636.0,0.75,636.0,0.75,1
P05_p5n2449,55,636.0,1.0,636.0,1.0,1
P05_p5n2450,62,636.0,1.0,636.0,1.0,1
P03_p3n527,62,636.0,0.5,636.0,0.5,1
P05_p5n2451,67,636.0,1.0,636.0,1.0,1
P02_p2n575,70,636.0,0.75,636.0,0.75,1
P01_p1n482,79,636.0,0.5,636.0,0.5,1
P03_p3n528,55,636.5,0.5,636.5,0.5,1
P01_p1n483,72,636.5,0.5,636.5,0.5,1
P05_p5n2453,39,636.75,0.25,636.75,0.25,5
P04_p4n544,51,636.75,0.25,636.75,0.25,1
P02_p2n576,67,636.75,0.25,636.75,0.25,1
P05_p5n2457,38,637.0,0.5,637.0,0.5,5
P04_p4n545,50,637.0,0.5,637.0,0.5,1
P05_p5n2454,56,637.0,1.0,637.0,1.0,1
P03_p3n529,60,637.0,1.5,637.0,1.5,1
P05_p5n2455,60,637.0,1.0,637.0,1.0,1
P05_p5n2456,65,637.0,1.0,637.0,1.0,1
P02_p2n577,68,637.0,0.5,637.0,0.5,1
P01_p1n484,77,637.0,1.5,637.0,1.5,1
P05_p5n2458,38,637.5,0.5,637.5,0.5,5
P04_p4n546,50,637.5,0.5,637.5,0.5,1
P02_p2n578,65,637.5,0.5,637.5,0.5,1
P05_p5n2462,36,638.0,1.0,638.0,1.0,5
P04_p4n547,48,638.0,1.0,638.0,1.0,1
P05_p5n2459,58,638.0,1.0,638.0,1.0,1
P05_p5n2460,63,638.0,1.0,638.0,1.0,1
P05_p5n2461,67,638.0,1.0,638.0,1.0,1
P02_p2n579,67,638.0,1.0,638.0,1.0,1
P03_p3n531,58,638.5,0.25,638.5,0.25,1
P01_p1n486,75,638.5,0.25,638.5,0.25,1
P03_p3n532,56,638.75,0.25,638.75,0.25,1
P01_p1n487,74,638.75,0.25,638.75,0.25,1
P05_p5n2466,34,639.0,0.5,639.0,0.5,5
P04_p4n548,46,639.0,0.5,639.0,0.5,1
P03_p3n533,58,639.0,1.0,639.0,1.0,1
P05_p5n2463,61,639.0,1.0,639.0,1.0,1
P05_p5n2464,63,639.0,1.0,639.0,1.0,1
P05_p5n2465,67,639.0,1.0,639.0,1.0,1
P02_p2n580,67,639.0,1.0,639.0,1.0,1
P01_p1n488,75,639.0,1.0,639.0,1.0,1
P05_p5n2467,34,639.5,0.5,639.5,0.5,5
P04_p4n549,46,639.5,0.5,639.5,0.5,1
P05_p5n2471,33,640.0,2.0,640.0,2.0,5
P04_p4n550,45,640.0,2.0,640.0,2.0,1
P05_p5n2472,45,640.0,2.0,640.0,2.0,5
P05_p5n2468,60,640.0,2.0,640.0,2.0,1
P05_p5n2469,63,640.0,2.0,640.0,2.0,1
P05_p5n2470,67,640.0,2.0,640.0,2.0,1
P03_p3n535,55,640.5,1.0,640.5,1.0,1
P02_p2n582,63,640.5,1.0,640.5,1.0,1
P01_p1n490,72,640.5,1.0,640.5,1.0,1
P03_p3n536,54,641.5,0.25,641.5,0.25,1
P02_p2n583,62,641.5,0.25,641.5,0.25,1
P01_p1n491,71,641.5,0.25,641.5,0.25,1
P03_p3n537,55,641.75,0.25,641.75,0.25,1
P02_p2n584,63,641.75,0.25,641.75,0.25,1
P01_p1n492,72,641.75,0.25,641.75,0.25,1
P05_p5n2475,32,642.0,1.0,642.0,1.0,5
P04_p4n551,44,642.0,1.0,642.0,1.0,1
P05_p5n2476,44,642.0,1.0,642.0,1.0,5
P03_p3n538,60,642.0,1.0,642.0,1.0,1
P05_p5n2473,60,642.0,1.0,642.0,1.0,1
P02_p2n585,65,642.0,1.5,642.0,1.5,1
P05_p5n2474,66,642.0,1.0,642.0,1.0,1
P01_p1n493,74,642.0,1.5,642.0,1.5,1
P05_p5n2479,31,643.0,1.0,643.0,1.0,5
P05_p5n2480,43,643.0,1.0,643.0,1.0,5
P04_p4n552,43,643.0,1.0,643.0,1.0,1
P03_p3n539,59,643.0,1.0,643.0,1.0,1
P05_p5n2477,59,643.0,1.0,643.0,1.0,1
P05_p5n2478,65,643.0,1.0,643.0,1.0,1
P02_p2n586,67,643.5,0.25,643.5,0.25,1
P01_p1n494,75,643.5,0.25,643.5,0.25,1
P02_p2n587,68,643.75,0.25,643.75,0.25,1
P01_p1n495,77,643.75,0.25,643.75,0.25,1
P05_p5n2483,36,644.0,1.0,644.0,1.0,5
P04_p4n553,48,644.0,3.5,644.0,3.5,1
P03_p3n540,60,644.0,3.5,644.0,3.5,1
P05_p5n2481,60,644.0,1.0,644.0,1.0,1
P05_p5n2482,63,644.0,1.0,644.0,1.0,1
P02_p2n588,67,644.0,0.25,644.0,0.25,1
P01_p1n496,75,644.0,0.25,644.0,0.25,1
P02_p2n589,65,644.25,0.25,644.25,0.25,1
P01_p1n497,74,644.25,0.25,644.25,0.25,1
P02_p2n590,63,644.5,3.0,644.5,3.0,1
P01_p1n498,72,644.5,3.0,644.5,3.0,1
P05_p5n2484,84,645.0,3.0,645.0,3.0,1
P05_p5n2488,48,648.0,1.0,648.0,1.0,5
P04_p4n557,48,648.5,1.0,648.5,1.0,1
P03_p3n544,55,648.5,1.0,648.5,1.0,1
P02_p2n595,63,648.5,1.0,648.5,1.0,1
P05_p5n2489,72,648.5,1.0,648.5,1.0,1
P01_p1n503,72,648.5,1.0,648.5,1.0,1
P05_p5n2490,75,648.5,1.0,648.5,1.0,1
P05_p5n2491,79,648.5,1.0,648.5,1.0,1
P05_p5n2492,84,648.5,1.0,648.5,1.0,1
P05_p5n2493,36,649.0,1.0,649.0,1.0,5
P04_p4n558,48,649.5,0.5,649.5,0.5,1
P03_p3n545,55,649.5,0.5,649.5,0.5,1
P02_p2n596,63,649.5,0.5,649.5,0.5,1
P05_p5n2494,72,649.5,0.5,649.5,0.5,1
P01_p1n504,72,649.5,0.5,649.5,0.5,1
P05_p5n2495,75,649.5,0.5,649.5,0.5,1
P05_p5n2496,79,649.5,0.5,649.5,0.5,1
P05_p5n2497,84,649.5,0.5,649.5,0.5,1
P04_p4n559,48,650.0,2.0,650.0,2.0,1
P05_p5n2502,48,650.0,1.0,650.0,1.0,5
P03_p3n546,55,650.0,2.0,650.0,2.0,1
P02_p2n597,63,650.0,2.0,650.0,2.0,1
P05_p5n2498,72,650.0,2.0,650.0,2.0,1
P01_p1n505,72,650.0,2.0,650.0,2.0,1
P05_p5n2499,75,650.0,2.0,650.0,2.0,1
P05_p5n2500,79,650.0,2.0,650.0,2.0,1
P05_p5n2501,84,650.0,2.0,650.0,2.0,1
P05_p5n2503,36,651.0,1.0,651.0,1.0,5
P05_p5n2505,48,652.0,1.0,652.0,1.0,5
P04_p4n561,48,652.5,1.0,652.5,1.0,1
P03_p3n548,56,652.5,1.0,652.5,1.0,1
P02_p2n599,65,652.5,1.0,652.5,1.0,1
P01_p1n507,72,652.5,1.0,652.5,1.0,1
P05_p5n2506,72,652.5,1.0,652.5,1.0,1
P05_p5n2507,77,652.5,1.0,652.5,1.0,1
P05_p5n2508,80,652.5,1.0,652.5,1.0,1
P05_p5n2509,84,652.5,1.0,652.5,1.0,1
P05_p5n2510,36,653.0,1.0,653.0,1.0,5
P04_p4n562,48,653.5,1.0,653.5,1.0,1
P03_p3n549,56,653.5,1.0,653.5,1.0,1
P02_p2n600,65,653.5,1.0,653.5,1.0,1
P01_p1n508,72,653.5,1.0,653.5,1.0,1
P05_p5n2511,72,653.5,1.0,653.5,1.0,1
P05_p5n2512,77,653.5,1.0,653.5,1.0,1
P05_p5n2513,80,653.5,1.0,653.5,1.0,1
P05_p5n2514,84,653.5,1.0,653.5,1.0,1
P05_p5n2519,48,654.0,1.0,654.0,1.0,5
P04_p4n564,48,654.5,0.5,654.5,0.5,1
P03_p3n551,56,654.5,0.5,654.5,0.5,1
P02_p2n602,65,654.5,0.5,654.5,0.5,1
P01_p1n510,72,654.5,0.5,654.5,0.5,1
P05_p5n2520,72,654.5,0.5,654.5,0.5,1
P05_p5n2521,77,654.5,0.5,654.5,0.5,1
P05_p5n2522,80,654.5,0.5,654.5,0.5,1
P05_p5n2523,84,654.5,0.5,654.5,0.5,1
P05_p5n2528,36,655.0,1.0,655.0,1.0,5
P04_p4n565,48,655.0,1.0,655.0,1.0,1
P03_p3n552,56,655.0,1.0,655.0,1.0,1
P02_p2n603,65,655.0,1.0,655.0,1.0,1
P01_p1n511,72,655.0,1.0,655.0,1.0,1
P05_p5n2524,72,655.0,1.0,655.0,1.0,1
P05_p5n2525,77,655.0,1.0,655.0,1.0,1
P05_p5n2526,80,655.0,1.0,655.0,1.0,1
P05_p5n2527,84,655.0,1.0,655.0,1.0,1
P05_p5n2530,48,656.0,1.0,656.0,1.0,5
P04_p4n567,48,656.5,1.0,656.5,1.0,1
P03_p3n554,62,656.5,1.0,656.5,1.0,1
P02_p2n605,68,656.5,1.0,656.5,1.0,1
P01_p1n513,72,656.5,1.0,656.5,1.0,1
P05_p5n2531,74,656.5,1.0,656.5,1.0,1
P05_p5n2532,77,656.5,1.0,656.5,1.0,1
P05_p5n2533,80,656.5,1.0,656.5,1.0,1
P05_p5n2534,84,656.5,1.0,656.5,1.0,1
P05_p5n2535,36,657.0,1.0,657.0,1.0,5
P04_p4n568,48,657.5,0.5,657.5,0.5,1
P03_p3n555,62,657.5,0.5,657.5,0.5,1
P02_p2n606,68,657.5,0.5,657.5,0.5,1
P01_p1n514,72,657.5,0.5,657.5,0.5,1
P05_p5n2536,74,657.5,0.5,657.5,0.5,1
P05_p5n2537,77,657.5,0.5,657.5,0.5,1
P05_p5n2538,80,657.5,0.5,657.5,0.5,1
P05_p5n2539,84,657.5,0.5,657.5,0.5,1
P04_p4n569,48,658.0,2.0,658.0,2.0,1
P05_p5n2544,48,658.0,1.0,658.0,1.0,5
P03_p3n556,62,658.0,2.0,658.0,2.0,1
P02_p2n607,68,658.0,2.0,658.0,2.0,1
P01_p1n515,72,658.0,2.0,658.0,2.0,1
P05_p5n2540,74,658.0,2.0,658.0,2.0,1
P05_p5n2541,77,658.0,2.0,658.0,2.0,1
P05_p5n2542,80,658.0,2.0,658.0,2.0,1
P05_p5n2543,84,658.0,2.0,658.0,2.0,1
P05_p5n2545,36,659.0,1.0,659.0,1.0,5
P05_p5n2547,48,660.0,1.0,660.0,1.0,5
P04_p4n571,48,660.5,1.0,660.5,1.0,1
P03_p3n558,62,660.5,1.0,660.5,1.0,1
P02_p2n609,63,660.5,1.0,660.5,1.0,1
P01_p1n517,72,660.5,1.0,660.5,1.0,1
P05_p5n2548,74,660.5,1.0,660.5,1.0,1
P05_p5n2549,75,660.5,1.0,660.5,1.0,1
P05_p5n2550,79,660.5,1.0,660.5,1.0,1
P05_p5n2551,84,660.5,1.0,660.5,1.0,1
P05_p5n2552,36,661.0,1.0,661.0,1.0,5
P04_p4n572,48,661.5,1.0,661.5,1.0,1
P03_p3n559,62,661.5,1.0,661.5,1.0,1
P02_p2n610,63,661.5,1.0,661.5,1.0,1
P01_p1n518,72,661.5,1.0,661.5,1.0,1
P05_p5n2553,74,661.5,1.0,661.5,1.0,1
P05_p5n2554,75,661.5,1.0,661.5,1.0,1
P05_p5n2555,79,661.5,1.0,661.5,1.0,1
P05_p5n2556,84,661.5,1.0,661.5,1.0,1
P05_p5n2561,48,662.0,1.0,662.0,1.0,5
P04_p4n574,48,662.5,0.5,662.5,0.5,1
P03_p3n561,55,662.5,0.5,662.5,0.5,1
P02_p2n612,63,662.5,0.5,662.5,0.5,1
P01_p1n520,72,662.5,0.5,662.5,0.5,1
P05_p5n2562,72,662.5,0.5,662.5,0.5,1
P05_p5n2563,75,662.5,0.5,662.5,0.5,1
P05_p5n2564,79,662.5,0.5,662.5,0.5,1
P05_p5n2565,84,662.5,0.5,662.5,0.5,1
P05_p5n2570,36,663.0,1.0,663.0,1.0,5
P04_p4n575,48,663.0,1.0,663.0,1.0,1
P03_p3n562,55,663.0,1.0,663.0,1.0,1
P02_p2n613,63,663.0,1.0,663.0,1.0,1
P05_p5n2566,72,663.0,1.0,663.0,1.0,1
P01_p1n521,72,663.0,1.0,663.0,1.0,1
P05_p5n2567,75,663.0,1.0,663.0,1.0,1
P05_p5n2568,79,663.0,1.0,663.0,1.0,1
P05_p5n2569,84,663.0,1.0,663.0,1.0,1
P05_p5n2574,36,664.0,3.0,664.0,3.0,5
P05_p5n2575,48,664.0,3.0,664.0,3.0,5
P05_p5n2571,60,664.0,3.0,664.0,3.0,1
P05_p5n2572,63,664.0,3.0,664.0,3.0,1
P05_p5n2573,67,664.0,3.0,664.0,3.0,1
P04_p4n577,48,664.5,1.0,664.5,1.0,1
P03_p3n564,55,664.5,1.0,664.5,1.0,1
P02_p2n615,63,664.5,1.0,664.5,1.0,1
P01_p1n523,67,664.5,1.0,664.5,1.0,1
P04_p4n578,48,665.5,0.5,665.5,0.5,1
P03_p3n565,55,665.5,0.5,665.5,0.5,1
P02_p2n616,63,665.5,0.5,665.5,0.5,1
P01_p1n524,67,665.5,0.5,665.5,0.5,1
P04_p4n579,48,666.0,2.0,666.0,2.0,1
P03_p3n566,55,666.0,2.0,666.0,2.0,1
P02_p2n617,63,666.0,2.0,666.0,2.0,1
P01_p1n525,67,666.0,2.0,666.0,2.0,1
P05_p5n2579,36,667.0,1.0,667.0,1.0,5
P05_p5n2580,48,667.0,1.0,667.0,1.0,5
P05_p5n2576,60,667.0,1.0,667.0,1.0,1
P05_p5n2577,63,667.0,1.0,667.0,1.0,1
P05_p5n2578,67,667.0,1.0,667.0,1.0,1
P05_p5n2584,36,668.0,7.0,668.0,7.0,5
P05_p5n2585,48,668.0,7.0,668.0,7.0,5
P05_p5n2581,57,668.0,4.0,668.0,4.0,1
P05_p5n2582,62,668.0,4.0,668.0,4.0,1
P05_p5n2583,66,668.0,4.0,668.0,4.0,1
P04_p4n581,48,668.5,1.0,668.5,1.0,1
P03_p3n568,57,668.5,1.0,668.5,1.0,1
P02_p2n619,62,668.5,1.0,668.5,1.0,1
P01_p1n527,66,668.5,1.0,668.5,1.0,1
P04_p4n582,48,669.5,1.0,669.5,1.0,1
P03_p3n569,57,669.5,1.0,669.5,1.0,1
P02_p2n620,62,669.5,1.0,669.5,1.0,1
P01_p1n528,66,669.5,1.0,669.5,1.0,1
P04_p4n584,48,670.5,0.5,670.5,0.5,1
P03_p3n571,57,670.5,0.5,670.5,0.5,1
P02_p2n622,62,670.5,0.5,670.5,0.5,1
P01_p1n530,66,670.5,0.5,670.5,0.5,1
P04_p4n585,48,671.0,1.0,671.0,1.0,1
P03_p3n572,57,671.0,1.0,671.0,1.0,1
P02_p2n623,62,671.0,1.0,671.0,1.0,1
P01_p1n531,66,671.0,1.0,671.0,1.0,1
P05_p5n2586,56,672.0,3.0,672.0,3.0,1
P05_p5n2587,61,672.0,3.0,672.0,3.0,1
P05_p5n2588,65,672.0,3.0,672.0,3.0,1
P04_p4n587,48,672.5,1.0,672.5,1.0,1
P03_p3n574,56,672.5,1.0,672.5,1.0,1
P02_p2n625,61,672.5,1.0,672.5,1.0,1
P01_p1n533,65,672.5,1.0,672.5,1.0,1
P04_p4n588,48,673.5,0.5,673.5,0.5,1
P03_p3n575,56,673.5,0.5,673.5,0.5,1
P02_p2n626,61,673.5,0.5,673.5,0.5,1
P01_p1n534,65,673.5,0.5,673.5,0.5,1
P04_p4n589,48,674.0,1.0,674.0,1.0,1
P03_p3n576,56,674.0,1.0,674.0,1.0,1
P02_p2n627,61,674.0,1.0,674.0,1.0,1
P01_p1n535,65,674.0,1.0,674.0,1.0,1
P05_p5n2594,36,675.0,1.0,675.0,1.0,5
P04_p4n590,48,675.0,1.0,675.0,1.0,1
P05_p5n2595,48,675.0,1.0,675.0,1.0,5
P05_p5n2591,56,675.0,1.0,675.0,1.0,1
P03_p3n577,56,675.0,1.0,675.0,1.0,1
P02_p2n628,61,675.0,1.0,675.0,1.0,1
P05_p5n2592,61,675.0,1.0,675.0,1.0,1
P05_p5n2593,65,675.0,1.0,675.0,1.0,1
P01_p1n536,65,675.0,1.0,675.0,1.0,1
P05_p5n2599,36,676.0,1.0,676.0,1.0,5
P04_p4n591,48,676.0,2.0,676.0,2.0,1
P05_p5n2600,48,676.0,1.0,676.0,1.0,5
P03_p3n578,55,676.0,2.0,676.0,2.0,1
P05_p5n2596,55,676.0,7.0,676.0,7.0,1
P05_p5n2597,60,676.0,7.0,676.0,7.0,1
P02_p2n629,60,676.0,2.0,676.0,2.0,1
P05_p5n2598,63,676.0,7.0,676.0,7.0,1
P01_p1n537,63,676.0,2.0,676.0,2.0,1
P05_p5n2601,36,677.0,1.0,677.0,1.0,5
P05_p5n2602,48,677.0,1.0,677.0,1.0,5
P05_p5n2603,36,678.0,1.0,678.0,1.0,5
P04_p4n592,48,678.0,5.0,678.0,5.0,1
P05_p5n2604,48,678.0,1.0,678.0,1.0,5
P03_p3n579,55,678.0,5.0,678.0,5.0,1
P02_p2n630,60,678.0,5.0,678.0,5.0,1
P01_p1n538,63,678.0,5.0,678.0,5.0,1
P05_p5n2605,36,679.0,1.0,679.0,1.0,5
P05_p5n2606,48,679.0,1.0,679.0,1.0,5
P05_p5n2610,36,680.0,1.0,680.0,1.0,5
P05_p5n2611,48,680.0,1.0,680.0,1.0,5
P05_p5n2612,36,681.0,1.0,681.0,1.0,5
P05_p5n2613,48,681.0,1.0,681.0,1.0,5
P05_p5n2614,36,682.0,1.0,682.0,1.0,5
P05_p5n2615,48,682.0,1.0,682.0,1.0,5
P05_p5n2618,46,683.0,1.0,683.0,1.0,5
P04_p4n594,46,683.0,1.0,683.0,1.0,1
P03_p3n581,55,683.0,1.0,683.0,1.0,1
P05_p5n2616,62,683.0,0.5,683.0,0.5,1
P02_p2n632,62,683.0,0.5,683.0,0.5,1
P05_p5n2617,65,683.0,0.5,683.0,0.5,1
P01_p1n540,65,683.0,0.5,683.0,0.5,1
P05_p5n2619,63,683.5,0.5,683.5,0.5,1
P02_p2n633,63,683.5,0.5,683.5,0.5,1
P05_p5n2620,67,683.5,0.5,683.5,0.5,1
P01_p1n541,67,683.5,0.5,683.5,0.5,1
P05_p5n2624,44,684.0,4.0,684.0,4.0,6
P04_p4n595,44,684.0,3.0,684.0,3.0,1
P03_p3n582,54,684.0,2.0,684.0,2.0,1
P05_p5n2623,54,684.0,2.0,684.0,2.0,5
P05_p5n2621,60,684.0,1.0,684.0,1.0,1
P02_p2n634,60,684.0,1.0,684.0,1.0,1
P01_p1n542,68,684.0,1.0,684.0,1.0,1
P05_p5n2622,68,684.0,1.0,684.0,1.0,1
P05_p5n2625,66,685.0,1.0,685.0,1.0,1
P02_p2n635,66,685.0,1.0,685.0,1.0,1
P05_p5n2626,75,685.0,1.0,685.0,1.0,1
P01_p1n543,75,685.0,1.0,685.0,1.0,1
P03_p3n583,56,686.0,1.0,686.0,1.0,1
P05_p5n2629,56,686.0,1.0,686.0,1.0,5
P02_p2n636,65,686.0,1.0,686.0,1.0,1
P05_p5n2627,65,686.0,1.0,686.0,1.0,1
P01_p1n544,74,686.0,1.0,686.0,1.0,1
P05_p5n2628,74,686.0,1.0,686.0,1.0,1
P04_p4n596,44,687.0,1.0,687.0,1.0,1
P05_p5n2632,54,687.0,1.0,687.0,1.0,5
P03_p3n584,54,687.0,1.0,687.0,1.0,1
P05_p5n2630,63,687.0,1.0,687.0,1.0,1
P02_p2n637,63,687.0,1.0,687.0,1.0,1
P05_p5n2631,72,687.0,1.0,687.0,1.0,1
P01_p1n545,72,687.0,1.0,687.0,1.0,1
P04_p4n597,43,688.0,3.0,688.0,3.0,1
P05_p5n2635,43,688.0,4.0,688.0,4.0,5
P03_p3n585,55,688.0,3.0,688.0,3.0,1
P05_p5n2636,55,688.0,4.0,688.0,4.0,5
P05_p5n2633,62,688.0,4.0,688.0,4.0,1
P02_p2n638,62,688.0,3.0,688.0,3.0,1
P01_p1n546,71,688.0,3.0,688.0,3.0,1
P05_p5n2634,71,688.0,4.0,688.0,4.0,1
