path_idx,score_frame_idx,audio_frame_idx
0,0,0
1,1,1
2,2,2
3,3,3
4,4,4
5,5,5
6,6,6
7,7,7
8,8,8
9,9,9
10,10,10
11,11,11
12,12,12
13,13,13
14,14,14
15,15,15
16,16,16
17,17,17
18,18,18
19,19,19
20,20,20
21,21,21
22,22,22
23,23,23
24,24,24
25,25,25
26,26,26
27,27,27
28,28,28
29,29,29
30,30,30
31,31,31
32,32,32
33,33,33
34,34,34
35,35,35
36,36,36
37,37,37
38,38,38
39,39,39
40,40,40
41,41,41
42,42,42
43,43,43
44,44,44
45,45,45
46,46,46
47,47,47
48,48,48
49,49,49
50,50,50
51,51,51
52,52,52
53,53,53
54,54,54
55,55,55
56,56,56
57,57,57
58,58,58
59,59,59
60,60,60
61,61,61
62,62,62
63,63,63
64,64,64
65,65,65
66,66,66
67,67,67
68,68,68
69,69,69
70,70,70
71,71,71
72,72,72
73,73,73
74,74,74
75,75,75
76,76,76
77,77,77
78,78,78
79,79,79
80,80,80
81,81,81
82,82,82
83,83,83
84,84,84
85,85,85
86,86,86
87,87,87
88,88,88
89,89,89
90,90,90
91,91,91
92,92,92
93,93,93
94,94,94
95,95,95
96,96,96
97,97,97
98,98,98
99,99,99
100,100,100
101,101,101
102,102,102
103,103,103
104,104,104
105,105,105
106,106,106
107,107,107
108,108,108
109,109,109
110,110,110
111,111,111
112,112,112
113,113,113
114,114,114
115,115,115
116,116,116
117,117,117
118,118,118
119,119,119
120,120,120
121,121,121
122,122,122
123,123,123
124,124,124
125,125,125
126,126,126
127,127,127
128,128,128
129,129,129
130,130,130
131,131,131
132,132,132
133,133,133
134,134,134
135,135,135
136,136,136
137,137,137
138,138,138
139,139,139
140,140,140
141,141,141
142,142,142
143,143,143
144,144,144
145,145,145
146,146,146
147,147,147
148,148,148
149,149,149
150,150,150
151,151,151
152,152,152
153,153,153
154,154,154
155,155,155
156,156,156
157,157,157
158,158,158
159,159,159
160,160,160
161,161,161
162,162,162
163,163,163
164,164,164
165,165,165
166,166,165
167,167,165
168,168,165
169,169,165
170,170,165
171,171,165
172,172,165
173,173,165
174,174,165
175,175,165
176,176,165
177,177,165
178,178,165
179,179,165
180,180,165
181,181,165
182,182,165
183,183,165
184,184,165
185,185,165
186,186,165
187,187,165
188,188,165
189,189,165
190,190,165
191,191,165
192,192,165
193,193,165
194,194,165
195,195,165
196,196,165
197,197,165
198,198,165
199,199,165
200,200,165
201,201,165
202,202,165
203,203,165
204,204,165
205,205,165
206,206,165
207,207,165
208,208,165
209,209,165
210,210,165
211,211,165
212,212,165
213,213,165
214,214,165
215,215,165
216,216,165
217,217,165
218,218,165
219,219,165
220,220,165
221,221,165
222,222,165
223,223,165
224,224,165
225,225,165
226,226,165
227,227,165
228,228,165
229,229,165
230,230,165
231,231,165
232,232,165
233,233,165
234,234,165
235,235,165
236,236,165
237,237,165
238,238,165
239,239,165
240,240,165
241,241,165
242,242,165
243,243,165
244,244,165
245,245,165
246,246,165
247,247,165
248,248,165
249,249,165
250,250,165
251,251,165
252,252,165
253,253,165
254,254,165
255,255,165
256,256,165
257,257,165
258,258,165
259,259,165
260,260,165
261,261,165
262,262,165
263,263,165
264,264,165
265,265,165
266,266,165
267,267,165
268,268,165
269,269,165
270,270,165
271,271,165
272,272,165
273,273,165
274,274,165
275,275,165
276,276,165
277,277,165
278,278,165
279,279,165
280,280,165
281,281,165
282,282,165
283,283,165
284,284,165
285,285,165
286,286,165
287,287,165
288,288,165
289,289,165
290,290,165
291,291,165
292,292,165
293,293,165
294,294,165
295,295,165
296,296,165
297,297,165
298,298,165
299,299,165
300,300,165
301,301,165
302,302,165
303,303,165
304,304,165
305,305,165
306,306,165
307,307,165
308,308,165
309,309,165
310,310,165
311,311,165
312,312,165
313,313,165
314,314,165
315,315,165
316,316,166
317,317,167
318,318,168
319,319,169
320,320,170
321,321,171
322,322,172
323,323,173
324,324,174
325,325,175
326,326,176
327,327,177
328,328,178
329,329,179
330,330,179
331,331,179
332,332,179
333,333,179
334,334,179
335,335,179
336,336,179
337,337,179
338,338,179
339,339,179
340,340,179
341,341,179
342,342,179
343,343,179
344,344,179
345,345,179
346,346,179
347,347,179
348,348,179
349,349,179
350,350,179
351,351,179
352,352,179
353,353,179
354,354,179
355,355,179
356,356,179
357,357,179
358,358,179
359,359,179
360,360,179
361,361,179
362,362,179
363,363,179
364,364,179
365,365,179
366,366,179
367,367,180
368,368,181
369,369,182
370,370,183
371,371,184
372,372,185
373,373,186
374,374,187
375,375,188
376,376,189
377,377,190
378,378,191
379,379,192
380,380,193
381,381,194
382,382,195
383,383,196
384,384,197
385,385,198
386,386,199
387,387,200
388,388,201
389,389,202
390,390,203
391,391,204
392,392,205
393,393,206
394,394,207
395,395,208
396,396,209
397,397,210
398,398,211
399,399,212
400,400,213
401,401,214
402,402,215
403,403,216
404,404,217
405,405,218
406,406,219
407,407,220
408,408,221
409,409,222
410,410,223
411,411,224
412,412,225
413,413,226
414,414,227
415,415,228
416,416,229
417,417,230
418,418,231
419,419,232
420,420,233
421,421,234
422,422,235
423,423,236
424,424,237
425,425,238
426,426,239
427,427,240
428,428,241
429,429,242
430,430,243
431,431,244
432,432,245
433,433,246
434,434,247
435,435,248
436,436,249
437,437,250
438,438,251
439,439,252
440,440,253
441,441,254
442,442,255
443,443,256
444,444,257
445,445,258
446,446,259
447,447,260
448,448,260
449,449,260
450,450,260
451,451,260
452,452,260
453,453,260
454,454,260
455,455,260
456,456,260
457,457,260
458,458,260
459,459,260
460,460,260
461,461,260
462,462,260
463,463,260
464,464,260
465,465,260
466,466,260
467,467,260
468,468,260
469,469,261
470,470,262
471,471,263
472,472,264
473,473,265
474,474,266
475,475,267
476,476,268
477,477,269
478,478,270
479,479,271
480,480,272
481,481,273
482,482,274
483,483,275
484,484,276
485,485,277
486,486,278
487,487,279
488,488,280
489,489,281
490,490,282
491,491,283
492,492,284
493,493,285
494,494,286
495,495,287
496,496,288
497,497,289
498,498,290
499,499,290
500,500,290
501,501,290
502,502,290
503,503,290
504,504,290
505,505,290
506,506,290
507,507,290
508,508,290
509,509,290
510,510,290
511,511,290
512,512,290
513,513,290
514,514,290
515,515,290
516,516,290
517,517,290
518,518,290
519,519,290
520,520,290
521,521,290
522,522,290
523,523,290
524,524,290
525,525,290
526,526,290
527,527,290
528,528,290
529,529,290
530,530,290
531,531,290
532,532,290
533,533,290
534,534,290
535,535,290
536,536,290
537,537,290
538,538,290
539,539,290
540,540,290
541,541,290
542,542,290
543,543,290
544,544,290
545,545,291
546,546,292
547,547,293
548,548,294
549,549,295
550,550,296
551,551,297
552,552,298
553,553,299
554,554,300
555,555,301
556,556,302
557,557,303
558,558,304
559,559,305
560,560,306
561,561,306
562,562,306
563,563,306
564,564,306
565,565,306
566,566,306
567,567,306
568,568,306
569,569,306
570,570,306
571,571,306
572,572,306
573,573,306
574,574,306
575,575,306
576,576,306
577,577,306
578,578,306
579,579,306
580,580,306
581,581,306
582,582,306
583,583,306
584,584,306
585,585,306
586,586,306
587,587,306
588,588,306
589,589,306
590,590,306
591,591,307
592,592,308
593,593,309
594,594,310
595,595,311
596,596,312
597,597,313
598,598,314
599,599,315
600,600,316
601,601,317
602,602,318
603,603,319
604,604,320
605,605,321
606,606,322
607,607,323
608,608,324
609,609,325
610,610,326
611,611,327
612,612,328
613,613,329
614,614,330
615,615,331
616,616,332
617,617,333
618,618,334
619,619,335
620,620,336
621,621,337
622,622,338
623,623,338
624,624,338
625,625,338
626,626,338
627,627,338
628,628,338
629,629,338
630,630,338
631,631,338
632,632,338
633,633,338
634,634,338
635,635,338
636,636,338
637,637,339
638,638,340
639,639,341
640,640,342
641,641,343
642,642,344
643,643,345
644,644,346
645,645,347
646,646,348
647,647,349
648,648,349
649,649,349
650,650,349
651,651,349
652,652,349
653,653,349
654,654,349
655,655,349
656,656,349
657,657,349
658,658,350
659,659,351
660,660,352
661,661,353
662,662,354
663,663,355
664,664,356
665,665,357
666,666,358
667,667,359
668,668,360
669,669,361
670,670,361
671,671,361
672,672,361
673,673,361
674,674,361
675,675,361
676,676,362
677,677,363
678,678,364
679,679,365
680,680,366
681,681,367
682,682,368
683,683,369
684,684,369
685,685,369
686,686,369
687,687,369
688,688,369
689,689,369
690,690,369
691,691,369
692,692,369
693,693,369
694,694,369
695,695,369
696,696,369
697,697,369
698,698,369
699,699,369
700,700,369
701,701,369
702,702,369
703,703,369
704,704,369
705,705,369
706,706,369
707,707,369
708,708,369
709,709,370
710,710,371
711,711,372
712,712,373
713,713,374
714,714,375
715,715,376
716,716,377
717,717,378
718,718,379
719,719,380
720,720,381
721,721,382
722,722,383
723,723,384
724,724,385
725,725,386
726,726,387
727,727,388
728,728,389
729,729,390
730,730,391
731,731,392
732,732,393
733,733,394
734,734,394
735,735,394
736,736,394
737,737,394
738,738,394
739,739,394
740,740,394
741,741,394
742,742,394
743,743,394
744,744,394
745,745,394
746,746,394
747,747,394
748,748,394
749,749,394
750,750,394
751,751,394
752,752,394
753,753,394
754,754,394
755,755,394
756,756,394
757,757,394
758,758,394
759,759,394
760,760,394
761,761,394
762,762,394
763,763,394
764,764,394
765,765,394
766,766,394
767,767,394
768,768,394
769,769,394
770,770,394
771,771,394
772,772,394
773,773,394
774,774,394
775,775,394
776,776,394
777,777,394
778,778,394
779,779,394
780,780,395
781,781,396
782,782,397
783,783,398
784,784,399
785,785,400
786,786,401
787,787,402
788,788,403
789,789,404
790,790,405
791,791,406
792,792,407
793,793,408
794,794,409
795,795,410
796,796,411
797,797,412
798,798,413
799,799,414
800,800,415
801,801,416
802,802,417
803,803,418
804,804,419
805,805,420
806,806,421
807,807,422
808,808,423
809,809,424
810,810,425
811,811,426
812,812,427
813,813,428
814,814,429
815,815,430
816,816,430
817,817,431
818,818,432
819,819,433
820,820,434
821,821,434
822,822,434
823,823,434
824,824,434
825,825,434
826,826,434
827,827,434
828,828,434
829,829,434
830,830,434
831,831,434
832,832,434
833,833,434
834,834,434
835,835,434
836,836,434
837,837,434
838,838,434
839,839,434
840,840,434
841,841,434
842,842,434
843,843,434
844,844,434
845,845,434
846,846,434
847,847,434
848,848,434
849,849,434
850,850,434
851,851,434
852,852,434
853,853,434
854,854,434
855,855,434
856,856,434
857,857,434
858,858,434
859,859,434
860,860,435
861,861,435
862,862,435
863,863,435
864,864,435
865,865,435
866,866,435
867,867,435
868,868,435
869,869,435
870,870,435
871,871,435
872,872,435
873,873,436
874,874,437
875,875,438
876,876,439
877,877,440
878,878,441
879,879,442
880,880,443
881,881,444
882,882,445
883,883,446
884,884,447
885,885,448
886,886,449
887,887,450
888,888,451
889,889,452
890,890,453
891,891,454
892,892,455
893,893,456
894,894,457
895,895,458
896,896,459
897,897,460
898,898,461
899,899,462
900,900,463
901,901,464
902,902,465
903,903,466
904,904,467
905,905,467
906,906,467
907,907,467
908,908,467
909,909,467
910,910,467
911,911,467
912,912,467
913,913,467
914,914,467
915,915,467
916,916,467
917,917,467
918,918,467
919,919,467
920,920,468
921,921,469
922,922,470
923,923,471
924,924,472
925,925,473
926,926,474
927,927,475
928,928,476
929,929,477
930,930,478
931,931,479
932,932,480
933,933,481
934,934,482
935,935,483
936,936,483
937,937,483
938,938,483
939,939,484
940,940,485
941,941,485
942,942,485
943,943,485
944,944,485
945,945,485
946,946,485
947,947,485
948,948,485
949,949,485
950,950,485
951,951,486
952,952,487
953,953,488
954,954,489
955,955,490
956,956,491
957,957,492
958,958,493
959,959,494
960,960,495
961,961,496
962,962,497
963,963,498
964,964,499
965,965,500
966,966,501
967,967,502
968,968,503
969,969,504
970,970,505
971,971,505
972,972,505
973,973,505
974,974,505
975,975,505
976,976,505
977,977,505
978,978,505
979,979,505
980,980,505
981,981,505
982,982,505
983,983,505
984,984,505
985,985,505
986,986,505
987,987,505
988,988,505
989,989,505
990,990,505
991,991,505
992,992,505
993,993,505
994,994,505
995,995,505
996,996,505
997,997,505
998,998,505
999,999,505
1000,1000,505
1001,1001,505
1002,1002,505
1003,1003,505
1004,1004,505
1005,1005,505
1006,1006,505
1007,1007,505
1008,1008,505
1009,1009,505
1010,1010,505
1011,1011,505
1012,1012,505
1013,1013,505
1014,1014,505
1015,1015,505
1016,1016,505
1017,1017,505
1018,1018,505
1019,1019,505
1020,1020,506
1021,1021,507
1022,1022,508
1023,1023,509
1024,1024,510
1025,1025,511
1026,1026,512
1027,1027,513
1028,1028,514
1029,1029,515
1030,1030,516
1031,1031,517
1032,1032,518
1033,1033,519
1034,1034,520
1035,1035,521
1036,1036,522
1037,1037,523
1038,1038,524
1039,1039,525
1040,1040,526
1041,1041,527
1042,1042,528
1043,1043,529
1044,1044,530
1045,1045,531
1046,1046,532
1047,1047,533
1048,1048,534
1049,1049,535
1050,1050,536
1051,1051,537
1052,1052,538
1053,1053,539
1054,1054,540
1055,1055,541
1056,1056,542
1057,1057,543
1058,1058,544
1059,1059,545
1060,1060,546
1061,1061,547
1062,1062,548
1063,1063,549
1064,1064,550
1065,1065,551
1066,1066,552
1067,1067,553
1068,1068,553
1069,1069,553
1070,1070,553
1071,1071,553
1072,1072,553
1073,1073,553
1074,1074,553
1075,1075,553
1076,1076,553
1077,1077,553
1078,1078,553
1079,1079,553
1080,1080,553
1081,1081,553
1082,1082,553
1083,1083,553
1084,1084,553
1085,1085,553
1086,1086,553
1087,1087,553
1088,1088,553
1089,1089,553
1090,1090,553
1091,1091,553
1092,1092,553
1093,1093,553
1094,1094,553
1095,1095,553
1096,1096,553
1097,1097,553
1098,1098,553
1099,1099,553
1100,1100,554
1101,1101,554
1102,1102,554
1103,1103,554
1104,1104,554
1105,1105,554
1106,1106,554
1107,1107,554
1108,1108,554
1109,1109,554
1110,1110,554
1111,1111,554
1112,1112,554
1113,1113,554
1114,1114,554
1115,1115,554
1116,1116,554
1117,1117,554
1118,1118,554
1119,1119,554
1120,1120,555
1121,1121,556
1122,1122,557
1123,1123,557
1124,1124,557
1125,1125,557
1126,1126,557
1127,1127,557
1128,1128,557
1129,1129,557
1130,1130,557
1131,1131,557
1132,1132,557
1133,1133,557
1134,1134,557
1135,1135,557
1136,1136,557
1137,1137,557
1138,1138,557
1139,1139,557
1140,1140,557
1141,1141,557
1142,1142,557
1143,1143,557
1144,1144,557
1145,1145,557
1146,1146,557
1147,1147,557
1148,1148,557
1149,1149,557
1150,1150,557
1151,1151,557
1152,1152,557
1153,1153,557
1154,1154,557
1155,1155,557
1156,1156,557
1157,1157,557
1158,1158,557
1159,1159,558
1160,1160,559
1161,1161,560
1162,1162,561
1163,1163,562
1164,1164,563
1165,1165,564
1166,1166,565
1167,1167,566
1168,1168,567
1169,1169,568
1170,1170,569
1171,1171,570
1172,1172,571
1173,1173,572
1174,1174,573
1175,1175,574
1176,1176,575
1177,1177,576
1178,1178,577
1179,1179,578
1180,1180,579
1181,1181,580
1182,1182,581
1183,1183,582
1184,1184,583
1185,1185,584
1186,1186,585
1187,1187,586
1188,1188,587
1189,1189,588
1190,1190,589
1191,1191,590
1192,1192,591
1193,1193,592
1194,1194,593
1195,1195,594
1196,1196,595
1197,1197,596
1198,1198,597
1199,1199,598
1200,1200,599
1201,1201,600
1202,1202,601
1203,1203,602
1204,1204,603
1205,1205,604
1206,1206,605
1207,1207,606
1208,1208,607
1209,1209,608
1210,1210,609
1211,1211,609
1212,1212,609
1213,1213,609
1214,1214,609
1215,1215,609
1216,1216,609
1217,1217,609
1218,1218,609
1219,1219,609
1220,1220,609
1221,1221,609
1222,1222,609
1223,1223,609
1224,1224,609
1225,1225,609
1226,1226,609
1227,1227,609
1228,1228,609
1229,1229,609
1230,1230,609
1231,1231,609
1232,1232,609
1233,1233,609
1234,1234,609
1235,1235,609
1236,1236,609
1237,1237,610
1238,1238,611
1239,1239,612
1240,1240,613
1241,1241,614
1242,1242,615
1243,1243,616
1244,1244,617
1245,1245,617
1246,1246,617
1247,1247,617
1248,1248,617
1249,1249,617
1250,1250,617
1251,1251,617
1252,1252,617
1253,1253,617
1254,1254,617
1255,1255,617
1256,1256,617
1257,1257,617
1258,1258,617
1259,1259,617
1260,1260,618
1261,1261,619
1262,1262,619
1263,1263,619
1264,1264,619
1265,1265,619
1266,1266,619
1267,1267,619
1268,1268,619
1269,1269,620
1270,1270,621
1271,1271,622
1272,1272,623
1273,1273,624
1274,1274,625
1275,1275,626
1276,1276,627
1277,1277,628
1278,1278,629
1279,1279,630
1280,1280,631
1281,1281,632
1282,1282,633
1283,1283,634
1284,1284,635
1285,1285,636
1286,1286,637
1287,1287,638
1288,1288,639
1289,1289,640
1290,1290,641
1291,1291,642
1292,1292,643
1293,1293,643
1294,1294,643
1295,1295,643
1296,1296,643
1297,1297,643
1298,1298,643
1299,1299,643
1300,1300,643
1301,1301,643
1302,1302,643
1303,1303,643
1304,1304,643
1305,1305,643
1306,1306,643
1307,1307,643
1308,1308,643
1309,1309,643
1310,1310,643
1311,1311,643
1312,1312,643
1313,1313,643
1314,1314,643
1315,1315,643
1316,1316,643
1317,1317,643
1318,1318,643
1319,1319,644
1320,1320,645
1321,1321,646
1322,1322,646
1323,1323,646
1324,1324,646
1325,1325,646
1326,1326,646
1327,1327,646
1328,1328,646
1329,1329,646
1330,1330,646
1331,1331,646
1332,1332,646
1333,1333,646
1334,1334,646
1335,1335,646
1336,1336,647
1337,1337,648
1338,1338,649
1339,1339,650
1340,1340,651
1341,1341,652
1342,1342,653
1343,1343,654
1344,1344,654
1345,1345,654
1346,1346,654
1347,1347,654
1348,1348,654
1349,1349,654
1350,1350,654
1351,1351,655
1352,1352,656
1353,1353,657
1354,1354,658
1355,1355,659
1356,1356,660
1357,1357,661
1358,1358,662
1359,1359,663
1360,1360,664
1361,1361,665
1362,1362,666
1363,1363,667
1364,1364,668
1365,1365,669
1366,1366,669
1367,1367,669
1368,1368,669
1369,1369,669
1370,1370,669
1371,1371,669
1372,1372,669
1373,1373,670
1374,1374,671
1375,1375,672
1376,1376,673
1377,1377,674
1378,1378,675
1379,1379,676
1380,1380,677
1381,1381,678
1382,1382,679
1383,1383,679
1384,1384,679
1385,1385,679
1386,1386,679
1387,1387,679
1388,1388,679
1389,1389,679
1390,1390,679
1391,1391,679
1392,1392,679
1393,1393,679
1394,1394,679
1395,1395,679
1396,1396,679
1397,1397,680
1398,1398,681
1399,1399,682
1400,1400,683
1401,1401,684
1402,1402,685
1403,1403,686
1404,1404,687
1405,1405,688
1406,1406,689
1407,1407,690
1408,1408,690
1409,1409,690
1410,1410,690
1411,1411,690
1412,1412,690
1413,1413,691
1414,1414,692
1415,1415,693
1416,1416,694
1417,1417,695
1418,1418,696
1419,1419,697
1420,1420,698
1421,1421,699
1422,1422,700
1423,1423,701
1424,1424,701
1425,1425,701
1426,1426,701
1427,1427,701
1428,1428,701
1429,1429,701
1430,1430,701
1431,1431,701
1432,1432,701
1433,1433,701
1434,1434,701
1435,1435,701
1436,1436,701
1437,1437,701
1438,1438,702
1439,1439,703
1440,1440,704
1441,1441,705
1442,1442,706
1443,1443,707
1444,1444,708
1445,1445,709
1446,1446,710
1447,1447,711
1448,1448,712
1449,1449,713
1450,1450,714
1451,1451,715
1452,1452,716
1453,1453,717
1454,1454,718
1455,1455,719
1456,1456,720
1457,1457,721
1458,1458,722
1459,1459,723
1460,1460,724
1461,1461,725
1462,1462,726
1463,1463,727
1464,1464,728
1465,1465,729
1466,1466,730
1467,1467,731
1468,1468,732
1469,1469,733
1470,1470,734
1471,1471,734
1472,1472,734
1473,1473,734
1474,1474,734
1475,1475,734
1476,1476,734
1477,1477,734
1478,1478,734
1479,1479,734
1480,1480,734
1481,1481,734
1482,1482,734
1483,1483,734
1484,1484,734
1485,1485,734
1486,1486,734
1487,1487,734
1488,1488,734
1489,1489,734
1490,1490,734
1491,1491,734
1492,1492,734
1493,1493,734
1494,1494,734
1495,1495,734
1496,1496,734
1497,1497,734
1498,1498,734
1499,1499,734
1500,1500,734
1501,1501,734
1502,1502,734
1503,1503,734
1504,1504,734
1505,1505,734
1506,1506,734
1507,1507,734
1508,1508,734
1509,1509,734
1510,1510,734
1511,1511,734
1512,1512,734
1513,1513,734
1514,1514,734
1515,1515,734
1516,1516,734
1517,1517,734
1518,1518,735
1519,1519,736
1520,1520,737
1521,1521,738
1522,1522,739
1523,1523,740
1524,1524,741
1525,1525,742
1526,1526,743
1527,1527,744
1528,1528,745
1529,1529,746
1530,1530,747
1531,1531,748
1532,1532,749
1533,1533,750
1534,1534,751
1535,1535,752
1536,1536,753
1537,1537,754
1538,1538,755
1539,1539,756
1540,1540,757
1541,1541,758
1542,1542,759
1543,1543,760
1544,1544,761
1545,1545,762
1546,1546,763
1547,1547,764
1548,1548,765
1549,1549,766
1550,1550,767
1551,1551,768
1552,1552,769
1553,1553,769
1554,1554,769
1555,1555,769
1556,1556,769
1557,1557,769
1558,1558,769
1559,1559,769
1560,1560,769
1561,1561,769
1562,1562,769
1563,1563,769
1564,1564,769
1565,1565,769
1566,1566,769
1567,1567,769
1568,1568,769
1569,1569,769
1570,1570,769
1571,1571,769
1572,1572,769
1573,1573,769
1574,1574,769
1575,1575,769
1576,1576,769
1577,1577,769
1578,1578,769
1579,1579,769
1580,1580,769
1581,1581,769
1582,1582,769
1583,1583,769
1584,1584,769
1585,1585,769
1586,1586,769
1587,1587,769
1588,1588,769
1589,1589,769
1590,1590,769
1591,1591,769
1592,1592,769
1593,1593,769
1594,1594,769
1595,1595,769
1596,1596,769
1597,1597,769
1598,1598,769
1599,1599,769
1600,1600,770
1601,1601,770
1602,1602,770
1603,1603,770
1604,1604,770
1605,1605,770
1606,1606,770
1607,1607,770
1608,1608,770
1609,1609,770
1610,1610,770
1611,1611,770
1612,1612,770
1613,1613,770
1614,1614,770
1615,1615,770
1616,1616,770
1617,1617,770
1618,1618,770
1619,1619,770
1620,1620,770
1621,1621,770
1622,1622,770
1623,1623,770
1624,1624,770
1625,1625,770
1626,1626,770
1627,1627,770
1628,1628,770
1629,1629,770
1630,1630,770
1631,1631,770
1632,1632,770
1633,1633,770
1634,1634,770
1635,1635,770
1636,1636,771
1637,1637,772
1638,1638,773
1639,1639,774
1640,1640,775
1641,1641,776
1642,1642,777
1643,1643,778
1644,1644,779
1645,1645,780
1646,1646,781
1647,1647,782
1648,1648,783
1649,1649,784
1650,1650,785
1651,1651,786
1652,1652,787
1653,1653,788
1654,1654,789
1655,1655,790
1656,1656,791
1657,1657,792
1658,1658,793
1659,1659,794
1660,1660,794
1661,1661,794
1662,1662,794
1663,1663,795
1664,1664,796
1665,1665,797
1666,1666,798
1667,1667,799
1668,1668,800
1669,1669,801
1670,1670,802
1671,1671,803
1672,1672,804
1673,1673,805
1674,1674,806
1675,1675,807
1676,1676,808
1677,1677,809
1678,1678,810
1679,1679,811
1680,1680,812
1681,1681,813
1682,1682,814
1683,1683,815
1684,1684,816
1685,1685,817
1686,1686,818
1687,1687,819
1688,1688,820
1689,1689,821
1690,1690,822
1691,1691,823
1692,1692,824
1693,1693,825
1694,1694,826
1695,1695,827
1696,1696,828
1697,1697,829
1698,1698,830
1699,1699,831
1700,1700,832
1701,1701,833
1702,1702,834
1703,1703,835
1704,1704,836
1705,1705,837
1706,1706,838
1707,1707,838
1708,1708,838
1709,1709,838
1710,1710,838
1711,1711,838
1712,1712,838
1713,1713,838
1714,1714,838
1715,1715,838
1716,1716,838
1717,1717,838
1718,1718,838
1719,1719,838
1720,1720,838
1721,1721,838
1722,1722,838
1723,1723,838
1724,1724,838
1725,1725,838
1726,1726,838
1727,1727,838
1728,1728,838
1729,1729,838
1730,1730,838
1731,1731,838
1732,1732,838
1733,1733,838
1734,1734,838
1735,1735,838
1736,1736,838
1737,1737,838
1738,1738,838
1739,1739,838
1740,1740,838
1741,1741,838
1742,1742,838
1743,1743,838
1744,1744,838
1745,1745,838
1746,1746,838
1747,1747,838
1748,1748,838
1749,1749,838
1750,1750,838
1751,1751,838
1752,1752,838
1753,1753,838
1754,1754,838
1755,1755,838
1756,1756,838
1757,1757,838
1758,1758,838
1759,1759,838
1760,1760,838
1761,1761,838
1762,1762,838
1763,1763,838
1764,1764,838
1765,1765,838
1766,1766,838
1767,1767,838
1768,1768,838
1769,1769,838
1770,1770,838
1771,1771,838
1772,1772,838
1773,1773,838
1774,1774,838
1775,1775,838
1776,1776,838
1777,1777,838
1778,1778,838
1779,1779,838
1780,1780,838
1781,1781,838
1782,1782,838
1783,1783,838
1784,1784,838
1785,1785,838
1786,1786,838
1787,1787,839
1788,1788,840
1789,1789,841
1790,1790,842
1791,1791,843
1792,1792,844
1793,1793,845
1794,1794,846
1795,1795,847
1796,1796,848
1797,1797,849
1798,1798,850
1799,1799,851
1800,1800,852
1801,1801,853
1802,1802,854
1803,1803,855
1804,1804,856
1805,1805,857
1806,1806,858
1807,1807,859
1808,1808,860
1809,1809,861
1810,1810,862
1811,1811,863
1812,1812,864
1813,1813,865
1814,1814,866
1815,1815,867
1816,1816,868
1817,1817,869
1818,1818,870
1819,1819,871
1820,1820,872
1821,1821,872
1822,1822,872
1823,1823,872
1824,1824,872
1825,1825,872
1826,1826,872
1827,1827,872
1828,1828,873
1829,1829,874
1830,1830,875
1831,1831,876
1832,1832,876
1833,1833,876
1834,1834,876
1835,1835,876
1836,1836,876
1837,1837,876
1838,1838,877
1839,1839,878
1840,1840,879
1841,1841,880
1842,1842,881
1843,1843,882
1844,1844,883
1845,1845,884
1846,1846,885
1847,1847,885
1848,1848,885
1849,1849,885
1850,1850,886
1851,1851,887
1852,1852,888
1853,1853,889
1854,1854,890
1855,1855,891
1856,1856,892
1857,1857,893
1858,1858,894
1859,1859,895
1860,1860,896
1861,1861,897
1862,1862,898
1863,1863,899
1864,1864,900
1865,1865,901
1866,1866,902
1867,1867,902
1868,1868,902
1869,1869,902
1870,1870,902
1871,1871,902
1872,1872,902
1873,1873,902
1874,1874,902
1875,1875,902
1876,1876,902
1877,1877,902
1878,1878,902
1879,1879,902
1880,1880,902
1881,1881,902
1882,1882,902
1883,1883,902
1884,1884,902
1885,1885,902
1886,1886,902
1887,1887,902
1888,1888,902
1889,1889,902
1890,1890,902
1891,1891,902
1892,1892,902
1893,1893,902
1894,1894,902
1895,1895,902
1896,1896,902
1897,1897,902
1898,1898,903
1899,1899,904
1900,1900,905
1901,1901,906
1902,1902,906
1903,1903,906
1904,1904,906
1905,1905,906
1906,1906,906
1907,1907,906
1908,1908,906
1909,1909,907
1910,1910,908
1911,1911,909
1912,1912,910
1913,1913,911
1914,1914,912
1915,1915,913
1916,1916,914
1917,1917,915
1918,1918,916
1919,1919,917
1920,1920,918
1921,1921,919
1922,1922,919
1923,1923,919
1924,1924,919
1925,1925,919
1926,1926,919
1927,1927,919
1928,1928,919
1929,1929,919
1930,1930,919
1931,1931,919
1932,1932,919
1933,1933,919
1934,1934,919
1935,1935,919
1936,1936,919
1937,1937,919
1938,1938,919
1939,1939,920
1940,1940,921
1941,1941,921
1942,1942,921
1943,1943,921
1944,1944,921
1945,1945,921
1946,1946,921
1947,1947,921
1948,1948,921
1949,1949,921
1950,1950,921
1951,1951,921
1952,1952,922
1953,1953,923
1954,1954,924
1955,1955,925
1956,1956,926
1957,1957,927
1958,1958,928
1959,1959,929
1960,1960,930
1961,1961,931
1962,1962,932
1963,1963,933
1964,1964,934
1965,1965,935
1966,1966,936
1967,1967,937
1968,1968,937
1969,1969,937
1970,1970,937
1971,1971,937
1972,1972,937
1973,1973,937
1974,1974,937
1975,1975,937
1976,1976,937
1977,1977,938
1978,1978,939
1979,1979,940
1980,1980,941
1981,1981,942
1982,1982,943
1983,1983,944
1984,1984,945
1985,1985,945
1986,1986,945
1987,1987,945
1988,1988,945
1989,1989,945
1990,1990,945
1991,1991,945
1992,1992,945
1993,1993,945
1994,1994,945
1995,1995,945
1996,1996,945
1997,1997,946
1998,1998,947
1999,1999,948
2000,2000,949
2001,2001,950
2002,2002,951
2003,2003,952
2004,2004,953
2005,2005,954
2006,2006,955
2007,2007,956
2008,2008,957
2009,2009,958
2010,2010,959
2011,2011,960
2012,2012,961
2013,2013,962
2014,2014,962
2015,2015,962
2016,2016,962
2017,2017,962
2018,2018,962
2019,2019,962
2020,2020,962
2021,2021,962
2022,2022,962
2023,2023,962
2024,2024,962
2025,2025,962
2026,2026,962
2027,2027,962
2028,2028,962
2029,2029,962
2030,2030,962
2031,2031,962
2032,2032,962
2033,2033,962
2034,2034,962
2035,2035,962
2036,2036,962
2037,2037,962
2038,2038,962
2039,2039,962
2040,2040,962
2041,2041,962
2042,2042,962
2043,2043,962
2044,2044,962
2045,2045,962
2046,2046,962
2047,2047,962
2048,2048,962
2049,2049,962
2050,2050,962
2051,2051,962
2052,2052,962
2053,2053,962
2054,2054,962
2055,2055,962
2056,2056,962
2057,2057,962
2058,2058,962
2059,2059,962
2060,2060,962
2061,2061,962
2062,2062,962
2063,2063,963
2064,2064,964
2065,2065,965
2066,2066,966
2067,2067,967
2068,2068,968
2069,2069,969
2070,2070,970
2071,2071,971
2072,2072,972
2073,2073,973
2074,2074,974
2075,2075,975
2076,2076,976
2077,2077,977
2078,2078,978
2079,2079,979
2080,2080,980
2081,2081,981
2082,2082,982
2083,2083,983
2084,2084,984
2085,2085,985
2086,2086,986
2087,2087,987
2088,2088,988
2089,2089,988
2090,2090,988
2091,2091,988
2092,2092,988
2093,2093,988
2094,2094,988
2095,2095,988
2096,2096,988
2097,2097,988
2098,2098,988
2099,2099,989
2100,2100,990
2101,2101,991
2102,2102,992
2103,2103,993
2104,2104,994
2105,2105,995
2106,2106,995
2107,2107,995
2108,2108,996
2109,2109,997
2110,2110,998
2111,2111,999
2112,2112,1000
2113,2113,1001
2114,2114,1002
2115,2115,1003
2116,2116,1004
2117,2117,1005
2118,2118,1006
2119,2119,1007
2120,2120,1007
2121,2121,1007
2122,2122,1007
2123,2123,1007
2124,2124,1007
2125,2125,1007
2126,2126,1007
2127,2127,1007
2128,2128,1007
2129,2129,1007
2130,2130,1007
2131,2131,1007
2132,2132,1007
2133,2133,1007
2134,2134,1007
2135,2135,1007
2136,2136,1007
2137,2137,1007
2138,2138,1007
2139,2139,1007
2140,2140,1007
2141,2141,1007
2142,2142,1007
2143,2143,1007
2144,2144,1007
2145,2145,1007
2146,2146,1008
2147,2147,1009
2148,2148,1010
2149,2149,1011
2150,2150,1012
2151,2151,1013
2152,2152,1014
2153,2153,1015
2154,2154,1015
2155,2155,1015
2156,2156,1015
2157,2157,1015
2158,2158,1016
2159,2159,1017
2160,2160,1018
2161,2161,1019
2162,2162,1020
2163,2163,1021
2164,2164,1022
2165,2165,1023
2166,2166,1024
2167,2167,1025
2168,2168,1026
2169,2169,1027
2170,2170,1028
2171,2171,1029
2172,2172,1029
2173,2173,1029
2174,2174,1029
2175,2175,1029
2176,2176,1029
2177,2177,1029
2178,2178,1029
2179,2179,1029
2180,2180,1029
2181,2181,1029
2182,2182,1029
2183,2183,1029
2184,2184,1029
2185,2185,1029
2186,2186,1029
2187,2187,1029
2188,2188,1029
2189,2189,1029
2190,2190,1029
2191,2191,1029
2192,2192,1029
2193,2193,1029
2194,2194,1029
2195,2195,1029
2196,2196,1029
2197,2197,1030
2198,2198,1031
2199,2199,1032
2200,2200,1033
2201,2201,1034
2202,2202,1035
2203,2203,1036
2204,2204,1037
2205,2205,1038
2206,2206,1039
2207,2207,1039
2208,2208,1039
2209,2209,1039
2210,2210,1039
2211,2211,1039
2212,2212,1039
2213,2213,1039
2214,2214,1039
2215,2215,1039
2216,2216,1039
2217,2217,1039
2218,2218,1040
2219,2219,1041
2220,2220,1042
2221,2221,1043
2222,2222,1044
2223,2223,1045
2224,2224,1046
2225,2225,1047
2226,2226,1048
2227,2227,1049
2228,2228,1049
2229,2229,1049
2230,2230,1049
2231,2231,1049
2232,2232,1049
2233,2233,1049
2234,2234,1049
2235,2235,1049
2236,2236,1049
2237,2237,1049
2238,2238,1050
2239,2239,1051
2240,2240,1052
2241,2241,1053
2242,2242,1054
2243,2243,1055
2244,2244,1056
2245,2245,1057
2246,2246,1058
2247,2247,1059
2248,2248,1060
2249,2249,1061
2250,2250,1062
2251,2251,1063
2252,2252,1064
2253,2253,1065
2254,2254,1066
2255,2255,1067
2256,2256,1068
2257,2257,1069
2258,2258,1070
2259,2259,1071
2260,2260,1072
2261,2261,1072
2262,2262,1072
2263,2263,1072
2264,2264,1072
2265,2265,1072
2266,2266,1072
2267,2267,1072
2268,2268,1072
2269,2269,1072
2270,2270,1072
2271,2271,1072
2272,2272,1072
2273,2273,1072
2274,2274,1072
2275,2275,1072
2276,2276,1072
2277,2277,1072
2278,2278,1072
2279,2279,1072
2280,2280,1072
2281,2281,1072
2282,2282,1072
2283,2283,1072
2284,2284,1072
2285,2285,1072
2286,2286,1072
2287,2287,1072
2288,2288,1072
2289,2289,1072
2290,2290,1072
2291,2291,1072
2292,2292,1072
2293,2293,1072
2294,2294,1072
2295,2295,1072
2296,2296,1072
2297,2297,1072
2298,2298,1072
2299,2299,1072
2300,2300,1072
2301,2301,1072
2302,2302,1072
2303,2303,1072
2304,2304,1072
2305,2305,1072
2306,2306,1072
2307,2307,1072
2308,2308,1072
2309,2309,1072
2310,2310,1072
2311,2311,1072
2312,2312,1072
2313,2313,1072
2314,2314,1073
2315,2315,1074
2316,2316,1075
2317,2317,1076
2318,2318,1077
2319,2319,1078
2320,2320,1079
2321,2321,1080
2322,2322,1081
2323,2323,1082
2324,2324,1083
2325,2325,1084
2326,2326,1085
2327,2327,1086
2328,2328,1087
2329,2329,1088
2330,2330,1089
2331,2331,1090
2332,2332,1091
2333,2333,1092
2334,2334,1093
2335,2335,1094
2336,2336,1095
2337,2337,1096
2338,2338,1097
2339,2339,1098
2340,2340,1099
2341,2341,1100
2342,2342,1101
2343,2343,1102
2344,2344,1103
2345,2345,1104
2346,2346,1105
2347,2347,1106
2348,2348,1107
2349,2349,1108
2350,2350,1109
2351,2351,1110
2352,2352,1111
2353,2353,1112
2354,2354,1113
2355,2355,1114
2356,2356,1115
2357,2357,1116
2358,2358,1117
2359,2359,1118
2360,2360,1119
2361,2361,1120
2362,2362,1121
2363,2363,1122
2364,2364,1123
2365,2365,1124
2366,2366,1125
2367,2367,1126
2368,2368,1127
2369,2369,1128
2370,2370,1129
2371,2371,1130
2372,2372,1131
2373,2373,1132
2374,2374,1133
2375,2375,1134
2376,2376,1135
2377,2377,1136
2378,2378,1137
2379,2379,1138
2380,2380,1139
2381,2381,1140
2382,2382,1141
2383,2383,1142
2384,2384,1143
2385,2385,1144
2386,2386,1145
2387,2387,1145
2388,2388,1145
2389,2389,1145
2390,2390,1145
2391,2391,1145
2392,2392,1145
2393,2393,1145
2394,2394,1145
2395,2395,1145
2396,2396,1145
2397,2397,1145
2398,2398,1145
2399,2399,1145
2400,2400,1145
2401,2401,1145
2402,2402,1145
2403,2403,1145
2404,2404,1145
2405,2405,1145
2406,2406,1145
2407,2407,1145
2408,2408,1145
2409,2409,1145
2410,2410,1145
2411,2411,1145
2412,2412,1145
2413,2413,1145
2414,2414,1145
2415,2415,1145
2416,2416,1145
2417,2417,1145
2418,2418,1145
2419,2419,1145
2420,2420,1146
2421,2421,1146
2422,2422,1146
2423,2423,1146
2424,2424,1146
2425,2425,1146
2426,2426,1146
2427,2427,1146
2428,2428,1146
2429,2429,1146
2430,2430,1146
2431,2431,1146
2432,2432,1146
2433,2433,1146
2434,2434,1146
2435,2435,1146
2436,2436,1147
2437,2437,1148
2438,2438,1149
2439,2439,1150
2440,2440,1151
2441,2441,1152
2442,2442,1152
2443,2443,1152
2444,2444,1152
2445,2445,1152
2446,2446,1152
2447,2447,1152
2448,2448,1152
2449,2449,1152
2450,2450,1152
2451,2451,1152
2452,2452,1152
2453,2453,1152
2454,2454,1152
2455,2455,1152
2456,2456,1152
2457,2457,1152
2458,2458,1152
2459,2459,1152
2460,2460,1153
2461,2461,1153
2462,2462,1153
2463,2463,1153
2464,2464,1153
2465,2465,1153
2466,2466,1153
2467,2467,1153
2468,2468,1153
2469,2469,1153
2470,2470,1153
2471,2471,1153
2472,2472,1153
2473,2473,1153
2474,2474,1153
2475,2475,1154
2476,2476,1155
2477,2477,1156
2478,2478,1157
2479,2479,1158
2480,2480,1159
2481,2481,1160
2482,2482,1161
2483,2483,1162
2484,2484,1163
2485,2485,1164
2486,2486,1165
2487,2487,1166
2488,2488,1167
2489,2489,1168
2490,2490,1169
2491,2491,1170
2492,2492,1170
2493,2493,1170
2494,2494,1170
2495,2495,1170
2496,2496,1170
2497,2497,1170
2498,2498,1170
2499,2499,1170
2500,2500,1170
2501,2501,1170
2502,2502,1170
2503,2503,1170
2504,2504,1170
2505,2505,1170
2506,2506,1170
2507,2507,1170
2508,2508,1170
2509,2509,1170
2510,2510,1170
2511,2511,1170
2512,2512,1170
2513,2513,1170
2514,2514,1170
2515,2515,1170
2516,2516,1170
2517,2517,1170
2518,2518,1170
2519,2519,1171
2520,2520,1172
2521,2521,1173
2522,2522,1174
2523,2523,1175
2524,2524,1176
2525,2525,1177
2526,2526,1178
2527,2527,1179
2528,2528,1180
2529,2529,1181
2530,2530,1182
2531,2531,1183
2532,2532,1184
2533,2533,1185
2534,2534,1186
2535,2535,1187
2536,2536,1188
2537,2537,1189
2538,2538,1190
2539,2539,1191
2540,2540,1192
2541,2541,1193
2542,2542,1193
2543,2543,1193
2544,2544,1193
2545,2545,1193
2546,2546,1193
2547,2547,1193
2548,2548,1193
2549,2549,1193
2550,2550,1193
2551,2551,1193
2552,2552,1194
2553,2553,1195
2554,2554,1196
2555,2555,1197
2556,2556,1198
2557,2557,1199
2558,2558,1200
2559,2559,1201
2560,2560,1202
2561,2561,1202
2562,2562,1202
2563,2563,1202
2564,2564,1202
2565,2565,1202
2566,2566,1202
2567,2567,1202
2568,2568,1202
2569,2569,1202
2570,2570,1202
2571,2571,1202
2572,2572,1202
2573,2573,1202
2574,2574,1202
2575,2575,1202
2576,2576,1202
2577,2577,1202
2578,2578,1202
2579,2579,1202
2580,2580,1202
2581,2581,1202
2582,2582,1202
2583,2583,1202
2584,2584,1202
2585,2585,1202
2586,2586,1202
2587,2587,1202
2588,2588,1202
2589,2589,1203
2590,2590,1204
2591,2591,1204
2592,2592,1204
2593,2593,1204
2594,2594,1204
2595,2595,1204
2596,2596,1204
2597,2597,1204
2598,2598,1204
2599,2599,1204
2600,2600,1204
2601,2601,1204
2602,2602,1204
2603,2603,1204
2604,2604,1204
2605,2605,1204
2606,2606,1204
2607,2607,1204
2608,2608,1204
2609,2609,1204
2610,2610,1204
2611,2611,1204
2612,2612,1204
2613,2613,1204
2614,2614,1204
2615,2615,1204
2616,2616,1204
2617,2617,1204
2618,2618,1204
2619,2619,1204
2620,2620,1204
2621,2621,1204
2622,2622,1204
2623,2623,1204
2624,2624,1204
2625,2625,1204
2626,2626,1204
2627,2627,1204
2628,2628,1204
2629,2629,1204
2630,2630,1205
2631,2631,1206
2632,2632,1207
2633,2633,1208
2634,2634,1209
2635,2635,1210
2636,2636,1211
2637,2637,1212
2638,2638,1213
2639,2639,1214
2640,2640,1215
2641,2641,1216
2642,2642,1217
2643,2643,1218
2644,2644,1219
2645,2645,1220
2646,2646,1221
2647,2647,1222
2648,2648,1223
2649,2649,1224
2650,2650,1225
2651,2651,1226
2652,2652,1227
2653,2653,1228
2654,2654,1229
2655,2655,1230
2656,2656,1231
2657,2657,1232
2658,2658,1233
2659,2659,1234
2660,2660,1235
2661,2661,1236
2662,2662,1237
2663,2663,1238
2664,2664,1239
2665,2665,1240
2666,2666,1240
2667,2667,1240
2668,2668,1240
2669,2669,1240
2670,2670,1240
2671,2671,1240
2672,2672,1240
2673,2673,1240
2674,2674,1240
2675,2675,1240
2676,2676,1240
2677,2677,1240
2678,2678,1240
2679,2679,1240
2680,2680,1241
2681,2681,1242
2682,2682,1243
2683,2683,1244
2684,2684,1245
2685,2685,1246
2686,2686,1247
2687,2687,1248
2688,2688,1249
2689,2689,1249
2690,2690,1249
2691,2691,1249
2692,2692,1249
2693,2693,1249
2694,2694,1249
2695,2695,1249
2696,2696,1249
2697,2697,1249
2698,2698,1250
2699,2699,1251
2700,2700,1252
2701,2701,1253
2702,2702,1254
2703,2703,1255
2704,2704,1256
2705,2705,1257
2706,2706,1258
2707,2707,1259
2708,2708,1259
2709,2709,1259
2710,2710,1259
2711,2711,1259
2712,2712,1259
2713,2713,1259
2714,2714,1259
2715,2715,1259
2716,2716,1260
2717,2717,1261
2718,2718,1262
2719,2719,1263
2720,2720,1264
2721,2721,1265
2722,2722,1266
2723,2723,1267
2724,2724,1268
2725,2725,1269
2726,2726,1270
2727,2727,1271
2728,2728,1272
2729,2729,1273
2730,2730,1274
2731,2731,1275
2732,2732,1276
2733,2733,1277
2734,2734,1278
2735,2735,1279
2736,2736,1280
2737,2737,1281
2738,2738,1282
2739,2739,1283
2740,2740,1284
2741,2741,1285
2742,2742,1286
2743,2743,1287
2744,2744,1288
2745,2745,1289
2746,2746,1290
2747,2747,1291
2748,2748,1292
2749,2749,1293
2750,2750,1294
2751,2751,1295
2752,2752,1296
2753,2753,1297
2754,2754,1298
2755,2755,1299
2756,2756,1300
2757,2757,1301
2758,2758,1302
2759,2759,1303
2760,2760,1304
2761,2761,1305
2762,2762,1306
2763,2763,1307
2764,2764,1308
2765,2765,1309
2766,2766,1310
2767,2767,1311
2768,2768,1312
2769,2769,1313
2770,2770,1314
2771,2771,1315
2772,2772,1316
2773,2773,1317
2774,2774,1318
2775,2775,1319
2776,2776,1320
2777,2777,1321
2778,2778,1322
2779,2779,1323
2780,2780,1324
2781,2781,1325
2782,2782,1326
2783,2783,1327
2784,2784,1328
2785,2785,1329
2786,2786,1330
2787,2787,1331
2788,2788,1332
2789,2789,1333
2790,2790,1334
2791,2791,1335
2792,2792,1336
2793,2793,1337
2794,2794,1338
2795,2795,1339
2796,2796,1340
2797,2797,1341
2798,2798,1342
2799,2799,1343
2800,2800,1344
2801,2800,1345
2802,2800,1346
2803,2800,1347
2804,2801,1348
2805,2802,1349
2806,2803,1350
2807,2804,1351
2808,2805,1352
2809,2806,1353
2810,2807,1354
2811,2808,1355
2812,2809,1356
2813,2810,1357
2814,2810,1358
2815,2810,1359
2816,2810,1360
2817,2810,1361
2818,2810,1362
2819,2810,1363
2820,2810,1364
2821,2810,1365
2822,2810,1366
2823,2810,1367
2824,2810,1368
2825,2810,1369
2826,2810,1370
2827,2810,1371
2828,2810,1372
2829,2810,1373
2830,2810,1374
2831,2810,1375
2832,2810,1376
2833,2810,1377
2834,2810,1378
2835,2810,1379
2836,2810,1380
2837,2810,1381
2838,2810,1382
2839,2810,1383
2840,2810,1384
2841,2810,1385
2842,2810,1386
2843,2810,1387
2844,2810,1388
2845,2810,1389
2846,2810,1390
2847,2810,1391
2848,2810,1392
2849,2810,1393
2850,2810,1394
2851,2810,1395
2852,2810,1396
2853,2810,1397
2854,2810,1398
2855,2810,1399
2856,2810,1400
2857,2810,1401
2858,2810,1402
2859,2810,1403
2860,2810,1404
2861,2810,1405
2862,2810,1406
2863,2810,1407
2864,2810,1408
2865,2810,1409
2866,2810,1410
2867,2810,1411
2868,2810,1412
2869,2810,1413
2870,2810,1414
2871,2811,1415
2872,2812,1416
2873,2813,1417
2874,2814,1418
2875,2815,1419
2876,2816,1420
2877,2817,1421
2878,2818,1422
2879,2819,1423
2880,2820,1424
2881,2821,1425
2882,2822,1426
2883,2823,1427
2884,2824,1428
2885,2825,1429
2886,2826,1430
2887,2827,1431
2888,2828,1432
2889,2829,1433
2890,2830,1434
2891,2831,1435
2892,2832,1436
2893,2833,1437
2894,2834,1438
2895,2835,1439
2896,2836,1440
2897,2837,1441
2898,2838,1442
2899,2839,1443
2900,2840,1444
2901,2841,1445
2902,2842,1446
2903,2843,1447
2904,2844,1448
2905,2845,1449
2906,2846,1450
2907,2847,1451
2908,2848,1452
2909,2849,1453
2910,2850,1454
2911,2851,1455
2912,2852,1456
2913,2853,1457
2914,2854,1458
2915,2855,1459
2916,2856,1460
2917,2857,1461
2918,2858,1462
2919,2859,1463
2920,2860,1464
2921,2861,1465
2922,2862,1466
2923,2863,1467
2924,2864,1468
2925,2865,1469
2926,2866,1470
2927,2867,1471
2928,2868,1472
2929,2869,1473
2930,2870,1474
2931,2871,1475
2932,2872,1476
2933,2873,1477
2934,2874,1478
2935,2875,1479
2936,2876,1480
2937,2877,1481
2938,2878,1482
2939,2879,1483
2940,2880,1484
2941,2881,1485
2942,2882,1486
2943,2883,1487
2944,2884,1488
2945,2885,1489
2946,2886,1490
2947,2887,1491
2948,2888,1492
2949,2889,1493
2950,2890,1494
2951,2890,1495
2952,2890,1496
2953,2890,1497
2954,2890,1498
2955,2890,1499
2956,2890,1500
2957,2890,1501
2958,2890,1502
2959,2890,1503
2960,2890,1504
2961,2890,1505
2962,2890,1506
2963,2890,1507
2964,2890,1508
2965,2890,1509
2966,2890,1510
2967,2890,1511
2968,2890,1512
2969,2890,1513
2970,2890,1514
2971,2890,1515
2972,2890,1516
2973,2890,1517
2974,2890,1518
2975,2890,1519
2976,2890,1520
2977,2890,1521
2978,2890,1522
2979,2890,1523
2980,2890,1524
2981,2890,1525
2982,2890,1526
2983,2890,1527
2984,2890,1528
2985,2890,1529
2986,2890,1530
2987,2890,1531
2988,2890,1532
2989,2890,1533
2990,2890,1534
2991,2890,1535
2992,2890,1536
2993,2890,1537
2994,2890,1538
2995,2890,1539
2996,2890,1540
2997,2890,1541
2998,2890,1542
2999,2890,1543
3000,2890,1544
3001,2890,1545
3002,2890,1546
3003,2890,1547
3004,2890,1548
3005,2890,1549
3006,2890,1550
3007,2890,1551
3008,2890,1552
3009,2890,1553
3010,2890,1554
3011,2890,1555
3012,2890,1556
3013,2890,1557
3014,2890,1558
3015,2890,1559
3016,2890,1560
3017,2890,1561
3018,2890,1562
3019,2890,1563
3020,2890,1564
3021,2890,1565
3022,2890,1566
3023,2890,1567
3024,2890,1568
3025,2890,1569
3026,2890,1570
3027,2890,1571
3028,2890,1572
3029,2890,1573
3030,2890,1574
3031,2890,1575
3032,2890,1576
3033,2890,1577
3034,2890,1578
3035,2890,1579
3036,2890,1580
3037,2890,1581
3038,2890,1582
3039,2890,1583
3040,2890,1584
3041,2890,1585
3042,2890,1586
3043,2890,1587
3044,2890,1588
3045,2890,1589
3046,2890,1590
3047,2890,1591
3048,2890,1592
3049,2890,1593
3050,2890,1594
3051,2890,1595
3052,2890,1596
3053,2890,1597
3054,2891,1598
3055,2892,1599
3056,2893,1600
3057,2894,1601
3058,2895,1602
3059,2896,1603
3060,2897,1604
3061,2898,1605
3062,2899,1606
3063,2900,1607
3064,2901,1608
3065,2902,1609
3066,2903,1610
3067,2904,1611
3068,2905,1612
3069,2906,1613
3070,2907,1614
3071,2908,1615
3072,2909,1616
3073,2910,1617
3074,2911,1618
3075,2912,1619
3076,2913,1620
3077,2914,1621
3078,2915,1622
3079,2916,1623
3080,2917,1624
3081,2918,1625
3082,2919,1626
3083,2920,1627
3084,2921,1628
3085,2922,1629
3086,2923,1630
3087,2924,1631
3088,2925,1632
3089,2926,1633
3090,2927,1634
3091,2928,1635
3092,2929,1636
3093,2930,1637
3094,2931,1638
3095,2932,1639
3096,2933,1640
3097,2934,1641
3098,2935,1642
3099,2936,1643
3100,2937,1644
3101,2938,1645
3102,2939,1646
3103,2940,1647
3104,2941,1648
3105,2942,1649
3106,2943,1650
3107,2944,1651
3108,2945,1652
3109,2946,1653
3110,2947,1654
3111,2948,1655
3112,2949,1656
3113,2950,1657
3114,2951,1658
3115,2952,1659
3116,2953,1660
3117,2954,1661
3118,2955,1662
3119,2956,1663
3120,2957,1664
3121,2958,1665
3122,2959,1666
3123,2960,1667
3124,2961,1668
3125,2962,1669
3126,2963,1670
3127,2964,1671
3128,2965,1672
3129,2966,1673
3130,2967,1674
3131,2968,1675
3132,2969,1676
3133,2970,1677
3134,2971,1678
3135,2972,1679
3136,2973,1680
3137,2974,1681
3138,2975,1682
3139,2976,1683
3140,2977,1684
3141,2978,1685
3142,2979,1685
3143,2980,1685
3144,2981,1685
3145,2982,1685
3146,2983,1685
3147,2984,1685
3148,2985,1685
3149,2986,1685
3150,2987,1685
3151,2988,1685
3152,2989,1685
3153,2990,1685
3154,2991,1685
3155,2992,1685
3156,2993,1685
3157,2994,1685
3158,2995,1685
3159,2996,1685
3160,2997,1685
3161,2998,1685
3162,2999,1685
3163,3000,1685
3164,3001,1685
3165,3002,1685
3166,3003,1685
3167,3004,1685
3168,3005,1685
3169,3006,1685
3170,3007,1685
3171,3008,1685
3172,3009,1685
3173,3010,1685
3174,3011,1685
3175,3012,1685
3176,3013,1685
3177,3014,1685
3178,3015,1685
3179,3016,1685
3180,3017,1685
3181,3018,1685
3182,3019,1685
3183,3020,1685
3184,3021,1685
3185,3022,1685
3186,3023,1685
3187,3024,1685
3188,3025,1685
3189,3026,1685
3190,3027,1685
3191,3028,1685
3192,3029,1685
3193,3030,1685
3194,3031,1685
3195,3032,1685
3196,3033,1685
3197,3034,1685
3198,3035,1685
3199,3036,1685
3200,3037,1685
3201,3038,1685
3202,3039,1685
3203,3040,1685
3204,3041,1685
3205,3042,1685
3206,3043,1685
3207,3044,1685
3208,3045,1685
3209,3046,1685
3210,3047,1685
3211,3048,1685
3212,3049,1685
3213,3050,1685
3214,3051,1685
3215,3052,1685
3216,3053,1685
3217,3054,1685
3218,3055,1685
3219,3056,1685
3220,3057,1685
3221,3058,1685
3222,3059,1685
3223,3060,1685
3224,3061,1685
3225,3062,1685
3226,3063,1685
3227,3064,1685
3228,3065,1685
3229,3066,1685
3230,3067,1685
3231,3068,1685
3232,3069,1685
3233,3070,1685
3234,3071,1685
3235,3072,1685
3236,3073,1685
3237,3074,1685
3238,3075,1685
3239,3076,1685
3240,3077,1685
3241,3078,1685
3242,3079,1685
3243,3080,1685
3244,3081,1685
3245,3082,1685
3246,3083,1685
3247,3084,1685
3248,3085,1685
3249,3086,1685
3250,3087,1685
3251,3088,1685
3252,3089,1685
3253,3090,1685
3254,3091,1685
3255,3092,1685
3256,3093,1685
3257,3094,1685
3258,3095,1685
3259,3096,1685
3260,3097,1685
3261,3098,1685
3262,3099,1685
3263,3100,1685
3264,3101,1685
3265,3102,1685
3266,3103,1685
3267,3104,1685
3268,3105,1685
3269,3106,1685
3270,3107,1685
3271,3108,1685
3272,3109,1685
3273,3110,1685
3274,3111,1685
3275,3112,1685
3276,3113,1685
3277,3114,1685
3278,3115,1685
3279,3116,1685
3280,3117,1685
3281,3118,1685
3282,3119,1686
3283,3120,1687
3284,3121,1688
3285,3122,1689
3286,3123,1690
3287,3124,1690
3288,3125,1690
3289,3126,1690
3290,3127,1690
3291,3128,1690
3292,3129,1690
3293,3130,1690
3294,3131,1690
3295,3132,1690
3296,3133,1690
3297,3134,1690
3298,3135,1690
3299,3136,1690
3300,3137,1690
3301,3138,1690
3302,3139,1690
3303,3140,1690
3304,3141,1690
3305,3142,1690
3306,3143,1690
3307,3144,1690
3308,3145,1690
3309,3146,1690
3310,3147,1690
3311,3148,1690
3312,3149,1690
3313,3150,1690
3314,3151,1690
3315,3152,1690
3316,3153,1690
3317,3154,1690
3318,3155,1690
3319,3156,1690
3320,3157,1690
3321,3158,1690
3322,3159,1691
3323,3160,1692
3324,3161,1693
3325,3162,1693
3326,3163,1693
3327,3164,1693
3328,3165,1693
3329,3166,1693
3330,3167,1693
3331,3168,1693
3332,3169,1693
3333,3170,1693
3334,3171,1693
3335,3172,1693
3336,3173,1693
3337,3174,1693
3338,3175,1693
3339,3176,1693
3340,3177,1693
3341,3178,1693
3342,3179,1694
3343,3180,1695
3344,3181,1695
3345,3182,1695
3346,3183,1695
3347,3184,1695
3348,3185,1695
3349,3186,1695
3350,3187,1695
3351,3188,1695
3352,3189,1695
3353,3190,1695
3354,3191,1695
3355,3192,1695
3356,3193,1695
3357,3194,1695
3358,3195,1695
3359,3196,1695
3360,3197,1695
3361,3198,1695
3362,3199,1696
3363,3200,1697
3364,3201,1698
3365,3202,1699
3366,3203,1700
3367,3204,1701
3368,3205,1702
3369,3206,1703
3370,3207,1704
3371,3208,1705
3372,3209,1706
3373,3210,1707
3374,3211,1708
3375,3212,1709
3376,3213,1710
3377,3214,1711
3378,3215,1712
3379,3216,1713
3380,3217,1714
3381,3218,1715
3382,3219,1716
3383,3220,1717
3384,3221,1718
3385,3222,1719
3386,3223,1720
3387,3224,1721
3388,3225,1722
3389,3226,1723
3390,3227,1723
3391,3228,1723
3392,3229,1724
3393,3230,1725
3394,3231,1726
3395,3232,1727
3396,3233,1728
3397,3234,1729
3398,3235,1730
3399,3236,1731
3400,3237,1732
3401,3238,1733
3402,3239,1734
3403,3240,1735
3404,3241,1736
3405,3242,1737
3406,3243,1738
3407,3244,1739
3408,3245,1740
3409,3246,1741
3410,3247,1742
3411,3248,1742
3412,3249,1742
3413,3250,1742
3414,3251,1742
3415,3252,1742
3416,3253,1742
3417,3254,1742
3418,3255,1742
3419,3256,1742
3420,3257,1742
3421,3258,1742
3422,3259,1742
3423,3260,1742
3424,3261,1742
3425,3262,1742
3426,3263,1742
3427,3264,1742
3428,3265,1742
3429,3266,1742
3430,3267,1742
3431,3268,1742
3432,3269,1742
3433,3270,1742
3434,3271,1742
3435,3272,1742
3436,3273,1742
3437,3274,1742
3438,3275,1742
3439,3276,1742
3440,3277,1742
3441,3278,1742
3442,3279,1742
3443,3280,1743
3444,3281,1744
3445,3282,1745
3446,3283,1746
3447,3284,1747
3448,3285,1748
3449,3286,1749
3450,3287,1750
3451,3288,1751
3452,3289,1752
3453,3290,1753
3454,3291,1754
3455,3292,1755
3456,3293,1756
3457,3294,1757
3458,3295,1758
3459,3296,1758
3460,3297,1758
3461,3298,1758
3462,3299,1758
3463,3300,1758
3464,3301,1758
3465,3302,1758
3466,3303,1758
3467,3304,1758
3468,3305,1759
3469,3306,1760
3470,3307,1761
3471,3308,1762
3472,3309,1763
3473,3310,1764
3474,3311,1765
3475,3312,1766
3476,3313,1767
3477,3314,1768
3478,3315,1769
3479,3316,1770
3480,3317,1771
3481,3318,1772
3482,3319,1773
3483,3320,1774
3484,3321,1775
3485,3322,1776
3486,3323,1777
3487,3324,1778
3488,3325,1779
3489,3326,1780
3490,3327,1781
3491,3328,1782
3492,3329,1783
3493,3330,1784
3494,3331,1785
3495,3332,1786
3496,3333,1787
3497,3334,1788
3498,3335,1789
3499,3336,1790
3500,3337,1791
3501,3338,1792
3502,3339,1793
3503,3340,1794
3504,3341,1795
3505,3342,1796
3506,3343,1797
3507,3344,1798
3508,3345,1799
3509,3346,1800
3510,3347,1801
3511,3348,1802
3512,3349,1803
3513,3350,1804
3514,3351,1805
3515,3352,1806
3516,3353,1807
3517,3354,1808
3518,3355,1809
3519,3356,1810
3520,3357,1811
3521,3358,1812
3522,3359,1813
3523,3360,1814
3524,3361,1815
3525,3362,1816
3526,3363,1817
3527,3364,1818
3528,3365,1819
3529,3366,1820
3530,3367,1821
3531,3368,1822
3532,3369,1823
3533,3370,1824
3534,3371,1825
3535,3372,1826
3536,3373,1827
3537,3374,1828
3538,3375,1829
3539,3376,1829
3540,3377,1829
3541,3378,1829
3542,3379,1830
3543,3380,1831
3544,3381,1832
3545,3382,1833
3546,3383,1834
3547,3384,1835
3548,3385,1836
3549,3386,1837
3550,3387,1838
3551,3388,1839
3552,3389,1839
3553,3390,1840
3554,3391,1841
3555,3392,1842
3556,3393,1843
3557,3394,1844
3558,3395,1845
3559,3396,1846
3560,3397,1847
3561,3398,1848
3562,3399,1849
3563,3400,1850
3564,3401,1851
3565,3402,1852
3566,3403,1853
3567,3404,1854
3568,3405,1855
3569,3406,1856
3570,3407,1857
3571,3408,1857
3572,3409,1857
3573,3410,1857
3574,3411,1857
3575,3412,1857
3576,3413,1857
3577,3414,1857
3578,3415,1857
3579,3416,1857
3580,3417,1857
3581,3418,1857
3582,3419,1858
3583,3420,1859
3584,3421,1860
3585,3422,1861
3586,3423,1862
3587,3424,1863
3588,3425,1863
3589,3426,1863
3590,3427,1863
3591,3428,1863
3592,3429,1863
3593,3430,1863
3594,3431,1863
3595,3432,1863
3596,3433,1863
3597,3434,1864
3598,3435,1865
3599,3436,1866
3600,3437,1867
3601,3438,1868
3602,3439,1869
3603,3440,1870
3604,3441,1870
3605,3442,1870
3606,3443,1870
3607,3444,1870
3608,3445,1870
3609,3446,1870
3610,3447,1870
3611,3448,1870
3612,3449,1870
3613,3450,1870
3614,3451,1870
3615,3452,1870
3616,3453,1870
3617,3454,1870
3618,3455,1870
3619,3456,1871
3620,3457,1872
3621,3458,1873
3622,3459,1874
3623,3460,1875
3624,3461,1875
3625,3462,1875
3626,3463,1875
3627,3464,1875
3628,3465,1875
3629,3466,1875
3630,3467,1875
3631,3468,1875
3632,3469,1875
3633,3470,1875
3634,3471,1875
3635,3472,1875
3636,3473,1875
3637,3474,1875
3638,3475,1876
3639,3476,1877
3640,3477,1878
3641,3478,1879
3642,3479,1880
3643,3480,1881
3644,3481,1882
3645,3482,1882
3646,3483,1882
3647,3484,1882
3648,3485,1882
3649,3486,1882
3650,3487,1882
3651,3488,1882
3652,3489,1882
3653,3490,1882
3654,3491,1882
3655,3492,1882
3656,3493,1883
3657,3494,1884
3658,3495,1885
3659,3496,1886
3660,3497,1887
3661,3498,1888
3662,3499,1889
3663,3500,1890
3664,3501,1891
3665,3502,1892
3666,3503,1893
3667,3504,1894
3668,3505,1895
3669,3506,1896
3670,3507,1897
3671,3508,1898
3672,3509,1899
3673,3510,1900
3674,3511,1901
3675,3512,1902
3676,3513,1903
3677,3514,1904
3678,3515,1905
3679,3516,1906
3680,3517,1907
3681,3518,1908
3682,3519,1909
3683,3520,1910
3684,3521,1911
3685,3522,1912
3686,3523,1913
3687,3524,1914
3688,3525,1915
3689,3526,1916
3690,3527,1917
3691,3528,1918
3692,3529,1919
3693,3530,1920
3694,3531,1921
3695,3532,1922
3696,3533,1923
3697,3534,1924
3698,3535,1924
3699,3536,1924
3700,3537,1924
3701,3538,1924
3702,3539,1924
3703,3540,1924
3704,3541,1924
3705,3542,1924
3706,3543,1924
3707,3544,1924
3708,3545,1924
3709,3546,1924
3710,3547,1924
3711,3548,1924
3712,3549,1924
3713,3550,1924
3714,3551,1924
3715,3552,1924
3716,3553,1924
3717,3554,1924
3718,3555,1924
3719,3556,1924
3720,3557,1924
3721,3558,1924
3722,3559,1924
3723,3560,1924
3724,3561,1924
3725,3562,1924
3726,3563,1924
3727,3564,1924
3728,3565,1924
3729,3566,1924
3730,3567,1924
3731,3568,1924
3732,3569,1924
3733,3570,1924
3734,3571,1924
3735,3572,1924
3736,3573,1924
3737,3574,1924
3738,3575,1924
3739,3576,1924
3740,3577,1924
3741,3578,1924
3742,3579,1924
3743,3580,1924
3744,3581,1924
3745,3582,1924
3746,3583,1925
3747,3584,1926
3748,3585,1927
3749,3586,1928
3750,3587,1929
3751,3588,1930
3752,3589,1931
3753,3590,1932
3754,3591,1933
3755,3592,1934
3756,3593,1935
3757,3594,1936
3758,3595,1937
3759,3596,1938
3760,3597,1939
3761,3598,1940
3762,3599,1941
3763,3600,1942
3764,3601,1943
3765,3602,1944
3766,3603,1945
3767,3604,1946
3768,3605,1947
3769,3606,1948
3770,3607,1949
3771,3608,1950
3772,3609,1951
3773,3610,1952
3774,3611,1953
3775,3612,1954
3776,3613,1955
3777,3614,1956
3778,3615,1957
3779,3616,1958
3780,3617,1959
3781,3618,1960
3782,3619,1961
3783,3620,1962
3784,3621,1963
3785,3622,1964
3786,3623,1964
3787,3624,1964
3788,3625,1964
3789,3626,1964
3790,3627,1964
3791,3628,1964
3792,3629,1964
3793,3630,1964
3794,3631,1964
3795,3632,1964
3796,3633,1964
3797,3634,1964
3798,3635,1964
3799,3636,1964
3800,3637,1964
3801,3638,1964
3802,3639,1964
3803,3640,1964
3804,3641,1964
3805,3642,1964
3806,3643,1964
3807,3644,1964
3808,3645,1964
3809,3646,1964
3810,3647,1964
3811,3648,1964
3812,3649,1964
3813,3650,1964
3814,3651,1964
3815,3652,1964
3816,3653,1964
3817,3654,1964
3818,3655,1964
3819,3656,1964
3820,3657,1964
3821,3658,1964
3822,3659,1964
3823,3660,1964
3824,3661,1964
3825,3662,1964
3826,3663,1964
3827,3664,1964
3828,3665,1964
3829,3666,1964
3830,3667,1964
3831,3668,1964
3832,3669,1964
3833,3670,1964
3834,3671,1964
3835,3672,1964
3836,3673,1964
3837,3674,1964
3838,3675,1964
3839,3676,1964
3840,3677,1964
3841,3678,1964
3842,3679,1964
3843,3680,1964
3844,3681,1964
3845,3682,1964
3846,3683,1964
3847,3684,1965
3848,3685,1966
3849,3686,1967
3850,3687,1968
3851,3688,1969
3852,3689,1970
3853,3690,1971
3854,3691,1972
3855,3692,1973
3856,3693,1974
3857,3694,1975
3858,3695,1976
3859,3696,1977
3860,3697,1978
3861,3698,1979
3862,3699,1980
3863,3700,1981
3864,3701,1982
3865,3702,1983
3866,3703,1984
3867,3704,1985
3868,3705,1986
3869,3706,1987
3870,3707,1987
3871,3708,1987
3872,3709,1987
3873,3710,1987
3874,3711,1987
3875,3712,1987
3876,3713,1987
3877,3714,1987
3878,3715,1987
3879,3716,1987
3880,3717,1987
3881,3718,1988
3882,3719,1989
3883,3720,1990
3884,3721,1991
3885,3722,1991
3886,3723,1991
3887,3724,1991
3888,3725,1991
3889,3726,1991
3890,3727,1991
3891,3728,1991
3892,3729,1991
3893,3730,1991
3894,3731,1991
3895,3732,1991
3896,3733,1991
3897,3734,1991
3898,3735,1992
3899,3736,1993
3900,3737,1994
3901,3738,1995
3902,3739,1996
3903,3740,1997
3904,3741,1998
3905,3742,1999
3906,3743,2000
3907,3744,2001
3908,3745,2002
3909,3746,2003
3910,3747,2004
3911,3748,2005
3912,3749,2006
3913,3750,2007
3914,3751,2008
3915,3752,2009
3916,3753,2010
3917,3754,2011
3918,3755,2012
3919,3756,2013
3920,3757,2014
3921,3758,2015
3922,3759,2016
3923,3760,2017
3924,3761,2018
3925,3762,2019
3926,3763,2020
3927,3764,2021
3928,3765,2022
3929,3766,2023
3930,3767,2024
3931,3768,2025
3932,3769,2026
3933,3770,2027
3934,3771,2028
3935,3772,2029
3936,3773,2030
3937,3774,2031
3938,3775,2032
3939,3776,2033
3940,3777,2034
3941,3778,2035
3942,3779,2036
3943,3780,2037
3944,3781,2038
3945,3782,2039
3946,3783,2040
3947,3784,2040
3948,3785,2040
3949,3786,2040
3950,3787,2040
3951,3788,2040
3952,3789,2040
3953,3790,2040
3954,3791,2040
3955,3792,2040
3956,3793,2040
3957,3794,2040
3958,3795,2040
3959,3796,2040
3960,3797,2040
3961,3798,2040
3962,3799,2040
3963,3800,2040
3964,3801,2040
3965,3802,2040
3966,3803,2040
3967,3804,2040
3968,3805,2040
3969,3806,2040
3970,3807,2040
3971,3808,2040
3972,3809,2040
3973,3810,2040
3974,3811,2040
3975,3812,2040
3976,3813,2040
3977,3814,2040
3978,3815,2040
3979,3816,2040
3980,3817,2040
3981,3818,2040
3982,3819,2040
3983,3820,2040
3984,3821,2040
3985,3822,2040
3986,3823,2040
3987,3824,2040
3988,3825,2040
3989,3826,2040
3990,3827,2040
3991,3828,2040
3992,3829,2040
3993,3830,2040
3994,3831,2040
3995,3832,2040
3996,3833,2040
3997,3834,2040
3998,3835,2040
3999,3836,2040
4000,3837,2040
4001,3838,2040
4002,3839,2040
4003,3840,2041
4004,3841,2041
4005,3842,2041
4006,3843,2041
4007,3844,2041
4008,3845,2041
4009,3846,2041
4010,3847,2041
4011,3848,2041
4012,3849,2041
4013,3850,2041
4014,3851,2041
4015,3852,2041
4016,3853,2041
4017,3854,2041
4018,3855,2041
4019,3856,2041
4020,3857,2041
4021,3858,2041
4022,3859,2042
4023,3860,2043
4024,3861,2044
4025,3862,2045
4026,3863,2046
4027,3864,2047
4028,3865,2048
4029,3866,2049
4030,3867,2050
4031,3868,2051
4032,3869,2052
4033,3870,2053
4034,3871,2054
4035,3872,2055
4036,3873,2056
4037,3874,2056
4038,3875,2056
4039,3876,2056
4040,3877,2056
4041,3878,2057
4042,3879,2058
4043,3880,2059
4044,3881,2060
4045,3882,2061
4046,3883,2061
4047,3884,2061
4048,3885,2061
4049,3886,2061
4050,3887,2061
4051,3888,2061
4052,3889,2061
4053,3890,2061
4054,3891,2061
4055,3892,2061
4056,3893,2061
4057,3894,2061
4058,3895,2061
4059,3896,2061
4060,3897,2061
4061,3898,2061
4062,3899,2061
4063,3900,2061
4064,3901,2061
4065,3902,2061
4066,3903,2061
4067,3904,2061
4068,3905,2061
4069,3906,2061
4070,3907,2061
4071,3908,2061
4072,3909,2061
4073,3910,2061
4074,3911,2061
4075,3912,2061
4076,3913,2061
4077,3914,2061
4078,3915,2061
4079,3916,2061
4080,3917,2061
4081,3918,2061
4082,3919,2062
4083,3920,2063
4084,3921,2064
4085,3922,2064
4086,3923,2064
4087,3924,2064
4088,3925,2064
4089,3926,2064
4090,3927,2064
4091,3928,2064
4092,3929,2065
4093,3930,2066
4094,3931,2067
4095,3932,2068
4096,3933,2069
4097,3934,2070
4098,3935,2071
4099,3936,2072
4100,3937,2073
4101,3938,2074
4102,3939,2075
4103,3940,2076
4104,3941,2077
4105,3942,2077
4106,3943,2077
4107,3944,2078
4108,3945,2079
4109,3946,2080
4110,3947,2081
4111,3948,2082
4112,3949,2083
4113,3950,2084
4114,3951,2085
4115,3952,2086
4116,3953,2087
4117,3954,2088
4118,3955,2089
4119,3956,2090
4120,3957,2091
4121,3958,2092
4122,3959,2093
4123,3960,2094
4124,3961,2095
4125,3962,2096
4126,3963,2097
4127,3964,2098
4128,3965,2099
4129,3966,2100
4130,3967,2101
4131,3968,2102
4132,3969,2103
4133,3970,2104
4134,3971,2104
4135,3972,2104
4136,3973,2104
4137,3974,2104
4138,3975,2104
4139,3976,2104
4140,3977,2104
4141,3978,2104
4142,3979,2104
4143,3980,2104
4144,3981,2104
4145,3982,2104
4146,3983,2104
4147,3984,2104
4148,3985,2104
4149,3986,2104
4150,3987,2104
4151,3988,2104
4152,3989,2104
4153,3990,2104
4154,3991,2104
4155,3992,2104
4156,3993,2105
4157,3994,2106
4158,3995,2107
4159,3996,2108
4160,3997,2109
4161,3998,2110
4162,3999,2111
4163,4000,2112
4164,4001,2113
4165,4002,2114
4166,4003,2115
4167,4004,2116
4168,4005,2117
4169,4006,2118
4170,4007,2119
4171,4008,2120
4172,4009,2121
4173,4010,2122
4174,4011,2123
4175,4012,2124
4176,4013,2125
4177,4014,2126
4178,4015,2127
4179,4016,2128
4180,4017,2129
4181,4018,2130
4182,4019,2131
4183,4020,2132
4184,4021,2133
4185,4022,2134
4186,4023,2135
4187,4024,2136
4188,4025,2137
4189,4026,2138
4190,4027,2139
4191,4028,2139
4192,4029,2139
4193,4030,2139
4194,4031,2139
4195,4032,2139
4196,4033,2139
4197,4034,2139
4198,4035,2139
4199,4036,2139
4200,4037,2139
4201,4038,2139
4202,4039,2139
4203,4040,2139
4204,4041,2139
4205,4042,2139
4206,4043,2139
4207,4044,2139
4208,4045,2139
4209,4046,2139
4210,4047,2139
4211,4048,2139
4212,4049,2139
4213,4050,2139
4214,4051,2139
4215,4052,2139
4216,4053,2139
4217,4054,2139
4218,4055,2139
4219,4056,2139
4220,4057,2139
4221,4058,2139
4222,4059,2139
4223,4060,2139
4224,4061,2139
4225,4062,2139
4226,4063,2139
4227,4064,2139
4228,4065,2139
4229,4066,2139
4230,4067,2139
4231,4068,2139
4232,4069,2139
4233,4070,2139
4234,4071,2139
4235,4072,2140
4236,4073,2141
4237,4074,2142
4238,4075,2143
4239,4076,2144
4240,4077,2145
4241,4078,2146
4242,4079,2147
4243,4080,2148
4244,4081,2149
4245,4082,2150
4246,4083,2151
4247,4084,2152
4248,4085,2153
4249,4086,2154
4250,4087,2155
4251,4088,2156
4252,4089,2157
4253,4090,2158
4254,4091,2159
4255,4092,2160
4256,4093,2161
4257,4094,2162
4258,4095,2163
4259,4096,2164
4260,4097,2165
4261,4098,2166
4262,4099,2167
4263,4100,2168
4264,4101,2168
4265,4102,2168
4266,4103,2168
4267,4104,2168
4268,4105,2168
4269,4106,2168
4270,4107,2168
4271,4108,2168
4272,4109,2168
4273,4110,2168
4274,4111,2168
4275,4112,2168
4276,4113,2168
4277,4114,2168
4278,4115,2168
4279,4116,2168
4280,4117,2168
4281,4118,2168
4282,4119,2168
4283,4120,2168
4284,4121,2168
4285,4122,2168
4286,4123,2168
4287,4124,2168
4288,4125,2168
4289,4126,2168
4290,4127,2168
4291,4128,2168
4292,4129,2168
4293,4130,2168
4294,4131,2168
4295,4132,2168
4296,4133,2168
4297,4134,2168
4298,4135,2168
4299,4136,2168
4300,4137,2168
4301,4138,2168
4302,4139,2168
4303,4140,2169
4304,4141,2170
4305,4142,2171
4306,4143,2172
4307,4144,2173
4308,4145,2174
4309,4146,2175
4310,4147,2176
4311,4148,2177
4312,4149,2178
4313,4150,2179
4314,4151,2180
4315,4152,2181
4316,4153,2182
4317,4154,2183
4318,4155,2184
4319,4156,2185
4320,4157,2186
4321,4158,2187
4322,4159,2188
4323,4160,2189
4324,4161,2189
4325,4162,2189
4326,4163,2189
4327,4164,2189
4328,4165,2189
4329,4166,2189
4330,4167,2189
4331,4168,2189
4332,4169,2189
4333,4170,2189
4334,4171,2189
4335,4172,2189
4336,4173,2189
4337,4174,2189
4338,4175,2189
4339,4176,2189
4340,4177,2189
4341,4178,2189
4342,4179,2190
4343,4180,2191
4344,4181,2192
4345,4182,2193
4346,4183,2194
4347,4184,2195
4348,4185,2196
4349,4186,2197
4350,4187,2197
4351,4188,2197
4352,4189,2197
4353,4190,2197
4354,4191,2197
4355,4192,2197
4356,4193,2197
4357,4194,2197
4358,4195,2197
4359,4196,2197
4360,4197,2197
4361,4198,2197
4362,4199,2198
4363,4200,2199
4364,4201,2200
4365,4202,2201
4366,4203,2201
4367,4204,2201
4368,4205,2201
4369,4206,2201
4370,4207,2201
4371,4208,2201
4372,4209,2201
4373,4210,2201
4374,4211,2201
4375,4212,2201
4376,4213,2201
4377,4214,2201
4378,4215,2201
4379,4216,2201
4380,4217,2201
4381,4218,2201
4382,4219,2201
4383,4220,2201
4384,4221,2201
4385,4222,2201
4386,4223,2201
4387,4224,2201
4388,4225,2202
4389,4226,2203
4390,4227,2204
4391,4228,2205
4392,4229,2206
4393,4230,2207
4394,4231,2208
4395,4232,2209
4396,4233,2210
4397,4234,2211
4398,4235,2212
4399,4236,2213
4400,4237,2214
4401,4238,2215
4402,4239,2216
4403,4240,2217
4404,4241,2218
4405,4242,2219
4406,4243,2220
4407,4244,2221
4408,4245,2222
4409,4246,2223
4410,4247,2224
4411,4248,2225
4412,4249,2226
4413,4250,2227
4414,4251,2228
4415,4252,2229
4416,4253,2230
4417,4254,2231
4418,4255,2231
4419,4256,2231
4420,4257,2231
4421,4258,2231
4422,4259,2231
4423,4260,2231
4424,4261,2231
4425,4262,2231
4426,4263,2231
4427,4264,2231
4428,4265,2231
4429,4266,2231
4430,4267,2231
4431,4268,2231
4432,4269,2231
4433,4270,2231
4434,4271,2231
4435,4272,2231
4436,4273,2231
4437,4274,2231
4438,4275,2231
4439,4276,2231
4440,4277,2231
4441,4278,2231
4442,4279,2231
4443,4280,2231
4444,4281,2231
4445,4282,2231
4446,4283,2231
4447,4284,2231
4448,4285,2231
4449,4286,2231
4450,4287,2231
4451,4288,2231
4452,4289,2231
4453,4290,2231
4454,4291,2231
4455,4292,2231
4456,4293,2231
4457,4294,2231
4458,4295,2231
4459,4296,2231
4460,4297,2231
4461,4298,2231
4462,4299,2231
4463,4300,2231
4464,4301,2231
4465,4302,2231
4466,4303,2231
4467,4304,2231
4468,4305,2231
4469,4306,2231
4470,4307,2231
4471,4308,2231
4472,4309,2231
4473,4310,2231
4474,4311,2231
4475,4312,2231
4476,4313,2231
4477,4314,2231
4478,4315,2231
4479,4316,2231
4480,4317,2232
4481,4318,2233
4482,4319,2234
4483,4320,2235
4484,4321,2236
4485,4322,2237
4486,4323,2238
4487,4324,2239
4488,4325,2240
4489,4326,2241
4490,4327,2242
4491,4328,2242
4492,4329,2242
4493,4330,2242
4494,4331,2242
4495,4332,2242
4496,4333,2242
4497,4334,2242
4498,4335,2242
4499,4336,2242
4500,4337,2242
4501,4338,2242
4502,4339,2243
4503,4340,2244
4504,4341,2245
4505,4342,2246
4506,4343,2247
4507,4344,2248
4508,4345,2249
4509,4346,2250
4510,4347,2251
4511,4348,2252
4512,4349,2253
4513,4350,2254
4514,4351,2255
4515,4352,2256
4516,4353,2257
4517,4354,2258
4518,4355,2259
4519,4356,2260
4520,4357,2261
4521,4358,2262
4522,4359,2263
4523,4360,2264
4524,4361,2265
4525,4362,2266
4526,4363,2267
4527,4364,2268
4528,4365,2269
4529,4366,2270
4530,4367,2271
4531,4368,2272
4532,4369,2272
4533,4370,2272
4534,4371,2272
4535,4372,2272
4536,4373,2272
4537,4374,2272
4538,4375,2272
4539,4376,2272
4540,4377,2272
4541,4378,2272
4542,4379,2273
4543,4380,2274
4544,4381,2275
4545,4382,2276
4546,4383,2277
4547,4384,2278
4548,4385,2279
4549,4386,2280
4550,4387,2281
4551,4388,2281
4552,4389,2281
4553,4390,2281
4554,4391,2281
4555,4392,2281
4556,4393,2281
4557,4394,2281
4558,4395,2282
4559,4396,2283
4560,4397,2284
4561,4398,2285
4562,4399,2286
4563,4400,2287
4564,4401,2288
4565,4402,2289
4566,4403,2290
4567,4404,2291
4568,4405,2292
4569,4406,2293
4570,4407,2294
4571,4408,2295
4572,4409,2296
4573,4410,2296
4574,4411,2296
4575,4412,2296
4576,4413,2296
4577,4414,2296
4578,4415,2296
4579,4416,2296
4580,4417,2296
4581,4418,2296
4582,4419,2296
4583,4420,2296
4584,4421,2296
4585,4422,2296
4586,4423,2296
4587,4424,2296
4588,4425,2296
4589,4426,2296
4590,4427,2296
4591,4428,2296
4592,4429,2296
4593,4430,2296
4594,4431,2297
4595,4432,2298
4596,4433,2299
4597,4434,2300
4598,4435,2301
4599,4436,2302
4600,4437,2303
4601,4438,2304
4602,4439,2305
4603,4440,2306
4604,4441,2307
4605,4442,2308
4606,4443,2309
4607,4444,2310
4608,4445,2311
4609,4446,2312
4610,4447,2313
4611,4448,2314
4612,4449,2315
4613,4450,2316
4614,4451,2317
4615,4452,2318
4616,4453,2319
4617,4454,2320
4618,4455,2320
4619,4456,2320
4620,4457,2320
4621,4458,2320
4622,4459,2320
4623,4460,2320
4624,4461,2320
4625,4462,2320
4626,4463,2320
4627,4464,2320
4628,4465,2320
4629,4466,2320
4630,4467,2320
4631,4468,2320
4632,4469,2320
4633,4470,2320
4634,4471,2320
4635,4472,2320
4636,4473,2320
4637,4474,2320
4638,4475,2320
4639,4476,2320
4640,4477,2320
4641,4478,2320
4642,4479,2321
4643,4480,2322
4644,4481,2323
4645,4482,2324
4646,4483,2325
4647,4484,2326
4648,4485,2327
4649,4486,2328
4650,4487,2329
4651,4488,2330
4652,4489,2331
4653,4490,2332
4654,4491,2333
4655,4492,2334
4656,4493,2335
4657,4494,2336
4658,4495,2337
4659,4496,2338
4660,4497,2339
4661,4498,2340
4662,4499,2341
4663,4500,2342
4664,4501,2343
4665,4502,2344
4666,4503,2345
4667,4504,2346
4668,4505,2347
4669,4506,2348
4670,4507,2348
4671,4508,2348
4672,4509,2348
4673,4510,2348
4674,4511,2348
4675,4512,2348
4676,4513,2348
4677,4514,2348
4678,4515,2348
4679,4516,2348
4680,4517,2348
4681,4518,2348
4682,4519,2348
4683,4520,2348
4684,4521,2348
4685,4522,2348
4686,4523,2348
4687,4524,2348
4688,4525,2348
4689,4526,2348
4690,4527,2348
4691,4528,2348
4692,4529,2348
4693,4530,2348
4694,4531,2348
4695,4532,2348
4696,4533,2348
4697,4534,2348
4698,4535,2348
4699,4536,2348
4700,4537,2348
4701,4538,2348
4702,4539,2348
4703,4540,2348
4704,4541,2348
4705,4542,2348
4706,4543,2348
4707,4544,2348
4708,4545,2348
4709,4546,2348
4710,4547,2348
4711,4548,2348
4712,4549,2348
4713,4550,2349
4714,4551,2350
4715,4552,2351
4716,4553,2352
4717,4554,2353
4718,4555,2354
4719,4556,2355
4720,4557,2356
4721,4558,2357
4722,4559,2358
4723,4560,2359
4724,4561,2359
4725,4562,2359
4726,4563,2359
4727,4564,2359
4728,4565,2359
4729,4566,2359
4730,4567,2359
4731,4568,2359
4732,4569,2359
4733,4570,2359
4734,4571,2359
4735,4572,2359
4736,4573,2359
4737,4574,2359
4738,4575,2359
4739,4576,2359
4740,4577,2359
4741,4578,2360
4742,4579,2361
4743,4580,2362
4744,4581,2363
4745,4582,2364
4746,4583,2365
4747,4584,2366
4748,4585,2367
4749,4586,2368
4750,4587,2369
4751,4588,2370
4752,4589,2371
4753,4590,2372
4754,4591,2373
4755,4592,2374
4756,4593,2375
4757,4594,2376
4758,4595,2377
4759,4596,2378
4760,4597,2379
4761,4598,2380
4762,4599,2381
4763,4600,2382
4764,4601,2383
4765,4602,2384
4766,4603,2385
4767,4604,2386
4768,4605,2387
4769,4606,2388
4770,4607,2389
4771,4608,2390
4772,4609,2391
4773,4610,2392
4774,4611,2393
4775,4612,2394
4776,4613,2395
4777,4614,2396
4778,4615,2397
4779,4616,2398
4780,4617,2399
4781,4618,2400
4782,4619,2401
4783,4620,2402
4784,4621,2403
4785,4622,2404
4786,4623,2405
4787,4624,2406
4788,4625,2407
4789,4626,2408
4790,4627,2409
4791,4628,2410
4792,4629,2411
4793,4630,2412
4794,4631,2413
4795,4632,2414
4796,4633,2415
4797,4634,2416
4798,4635,2417
4799,4636,2418
4800,4637,2419
4801,4638,2420
4802,4639,2421
4803,4640,2422
4804,4641,2423
4805,4642,2424
4806,4643,2425
4807,4644,2426
4808,4645,2426
4809,4646,2426
4810,4647,2426
4811,4648,2426
4812,4649,2426
4813,4650,2426
4814,4651,2426
4815,4652,2426
4816,4653,2426
4817,4654,2426
4818,4655,2426
4819,4656,2426
4820,4657,2426
4821,4658,2426
4822,4659,2426
4823,4660,2426
4824,4661,2426
4825,4662,2426
4826,4663,2426
4827,4664,2426
4828,4665,2426
4829,4666,2426
4830,4667,2426
4831,4668,2426
4832,4669,2426
4833,4670,2426
4834,4671,2426
4835,4672,2426
4836,4673,2426
4837,4674,2426
4838,4675,2426
4839,4676,2426
4840,4677,2426
4841,4678,2426
4842,4679,2426
4843,4680,2426
4844,4681,2426
4845,4682,2426
4846,4683,2426
4847,4684,2426
4848,4685,2426
4849,4686,2426
4850,4687,2426
4851,4688,2426
4852,4689,2426
4853,4690,2426
4854,4691,2426
4855,4692,2426
4856,4693,2426
4857,4694,2426
4858,4695,2426
4859,4696,2426
4860,4697,2426
4861,4698,2426
4862,4699,2426
4863,4700,2427
4864,4701,2428
4865,4702,2429
4866,4703,2430
4867,4704,2431
4868,4705,2432
4869,4706,2433
4870,4707,2434
4871,4708,2435
4872,4709,2435
4873,4710,2435
4874,4711,2435
4875,4712,2435
4876,4713,2435
4877,4714,2435
4878,4715,2435
4879,4716,2435
4880,4717,2435
4881,4718,2435
4882,4719,2436
4883,4720,2437
4884,4721,2438
4885,4722,2439
4886,4723,2440
4887,4724,2441
4888,4725,2442
4889,4726,2443
4890,4727,2444
4891,4728,2445
4892,4729,2446
4893,4730,2447
4894,4731,2448
4895,4732,2449
4896,4733,2450
4897,4734,2451
4898,4735,2452
4899,4736,2453
4900,4737,2453
4901,4738,2453
4902,4739,2453
4903,4740,2453
4904,4741,2453
4905,4742,2453
4906,4743,2453
4907,4744,2453
4908,4745,2453
4909,4746,2453
4910,4747,2453
4911,4748,2453
4912,4749,2453
4913,4750,2453
4914,4751,2453
4915,4752,2453
4916,4753,2453
4917,4754,2453
4918,4755,2453
4919,4756,2453
4920,4757,2453
4921,4758,2453
4922,4759,2453
4923,4760,2453
4924,4761,2453
4925,4762,2453
4926,4763,2453
4927,4764,2453
4928,4765,2453
4929,4766,2453
4930,4767,2453
4931,4768,2453
4932,4769,2453
4933,4770,2453
4934,4771,2453
4935,4772,2453
4936,4773,2453
4937,4774,2453
4938,4775,2453
4939,4776,2454
4940,4777,2455
4941,4778,2456
4942,4779,2457
4943,4780,2458
4944,4781,2459
4945,4782,2459
4946,4783,2459
4947,4784,2459
4948,4785,2459
4949,4786,2459
4950,4787,2459
4951,4788,2459
4952,4789,2460
4953,4790,2461
4954,4791,2462
4955,4792,2463
4956,4793,2464
4957,4794,2465
4958,4795,2466
4959,4796,2467
4960,4797,2468
4961,4798,2469
4962,4799,2470
4963,4800,2471
4964,4801,2472
4965,4802,2473
4966,4803,2474
4967,4804,2475
4968,4805,2476
4969,4806,2476
4970,4807,2476
4971,4808,2476
4972,4809,2476
4973,4810,2476
4974,4811,2476
4975,4812,2476
4976,4813,2476
4977,4814,2476
4978,4815,2476
4979,4816,2476
4980,4817,2476
4981,4818,2476
4982,4819,2476
4983,4820,2477
4984,4821,2478
4985,4822,2479
4986,4823,2480
4987,4824,2481
4988,4825,2482
4989,4826,2483
4990,4827,2484
4991,4828,2485
4992,4829,2485
4993,4830,2485
4994,4831,2485
4995,4832,2485
4996,4833,2485
4997,4834,2485
4998,4835,2485
4999,4836,2485
5000,4837,2485
5001,4838,2485
5002,4839,2485
5003,4840,2486
5004,4841,2487
5005,4842,2488
5006,4843,2489
5007,4844,2490
5008,4845,2491
5009,4846,2492
5010,4847,2493
5011,4848,2493
5012,4849,2493
5013,4850,2493
5014,4851,2493
5015,4852,2493
5016,4853,2493
5017,4854,2493
5018,4855,2493
5019,4856,2493
5020,4857,2493
5021,4858,2493
5022,4859,2493
5023,4860,2493
5024,4861,2493
5025,4862,2493
5026,4863,2493
5027,4864,2493
5028,4865,2493
5029,4866,2493
5030,4867,2493
5031,4868,2493
5032,4869,2493
5033,4870,2493
5034,4871,2493
5035,4872,2493
5036,4873,2494
5037,4874,2495
5038,4875,2496
5039,4876,2497
5040,4877,2498
5041,4878,2499
5042,4879,2500
5043,4880,2501
5044,4881,2502
5045,4882,2503
5046,4883,2504
5047,4884,2505
5048,4885,2506
5049,4886,2507
5050,4887,2507
5051,4888,2507
5052,4889,2507
5053,4890,2507
5054,4891,2507
5055,4892,2507
5056,4893,2507
5057,4894,2507
5058,4895,2507
5059,4896,2507
5060,4897,2507
5061,4898,2507
5062,4899,2507
5063,4900,2507
5064,4901,2507
5065,4902,2507
5066,4903,2507
5067,4904,2507
5068,4905,2507
5069,4906,2507
5070,4907,2507
5071,4908,2507
5072,4909,2507
5073,4910,2507
5074,4911,2507
5075,4912,2507
5076,4913,2507
5077,4914,2507
5078,4915,2508
5079,4916,2509
5080,4917,2510
5081,4918,2511
5082,4919,2512
5083,4920,2513
5084,4921,2514
5085,4922,2515
5086,4923,2516
5087,4924,2517
5088,4925,2517
5089,4926,2517
5090,4927,2517
5091,4928,2517
5092,4929,2517
5093,4930,2518
5094,4931,2519
5095,4932,2520
5096,4933,2521
5097,4934,2522
5098,4935,2523
5099,4936,2524
5100,4937,2525
5101,4938,2526
5102,4939,2527
5103,4940,2528
5104,4941,2528
5105,4942,2528
5106,4943,2528
5107,4944,2528
5108,4945,2528
5109,4946,2528
5110,4947,2528
5111,4948,2528
5112,4949,2528
5113,4950,2528
5114,4951,2528
5115,4952,2528
5116,4953,2528
5117,4954,2528
5118,4955,2528
5119,4956,2528
5120,4957,2528
5121,4958,2528
5122,4959,2529
5123,4960,2530
5124,4961,2531
5125,4962,2532
5126,4963,2533
5127,4964,2534
5128,4965,2535
5129,4966,2536
5130,4967,2537
5131,4968,2538
5132,4969,2539
5133,4970,2539
5134,4971,2539
5135,4972,2539
5136,4973,2539
5137,4974,2539
5138,4975,2539
5139,4976,2539
5140,4977,2539
5141,4978,2539
5142,4979,2539
5143,4980,2539
5144,4981,2539
5145,4982,2539
5146,4983,2539
5147,4984,2539
5148,4985,2539
5149,4986,2539
5150,4987,2539
5151,4988,2539
5152,4989,2539
5153,4990,2539
5154,4991,2539
5155,4992,2539
5156,4993,2539
5157,4994,2539
5158,4995,2539
5159,4996,2539
5160,4997,2539
5161,4998,2539
5162,4999,2540
5163,5000,2541
5164,5001,2542
5165,5002,2543
5166,5003,2544
5167,5004,2545
5168,5005,2546
5169,5006,2547
5170,5007,2548
5171,5008,2549
5172,5009,2550
5173,5010,2551
5174,5011,2551
5175,5012,2551
5176,5013,2551
5177,5014,2551
5178,5015,2551
5179,5016,2551
5180,5017,2551
5181,5018,2551
5182,5019,2551
5183,5020,2551
5184,5021,2551
5185,5022,2551
5186,5023,2551
5187,5024,2551
5188,5025,2551
5189,5026,2551
5190,5027,2551
5191,5028,2551
5192,5029,2552
5193,5030,2553
5194,5031,2554
5195,5032,2555
5196,5033,2556
5197,5034,2557
5198,5035,2558
5199,5036,2559
5200,5037,2560
5201,5038,2561
5202,5039,2562
5203,5040,2563
5204,5041,2564
5205,5042,2565
5206,5043,2566
5207,5044,2567
5208,5045,2568
5209,5046,2569
5210,5047,2569
5211,5048,2569
5212,5049,2569
5213,5050,2569
5214,5051,2569
5215,5052,2569
5216,5053,2569
5217,5054,2569
5218,5055,2569
5219,5056,2569
5220,5057,2569
5221,5058,2569
5222,5059,2569
5223,5060,2569
5224,5061,2569
5225,5062,2569
5226,5063,2569
5227,5064,2569
5228,5065,2569
5229,5066,2569
5230,5067,2569
5231,5068,2569
5232,5069,2569
5233,5070,2569
5234,5071,2569
5235,5072,2569
5236,5073,2569
5237,5074,2569
5238,5075,2570
5239,5076,2571
5240,5077,2572
5241,5078,2573
5242,5079,2574
5243,5080,2575
5244,5081,2576
5245,5082,2577
5246,5083,2578
5247,5084,2579
5248,5085,2580
5249,5086,2581
5250,5087,2581
5251,5088,2581
5252,5089,2581
5253,5090,2581
5254,5091,2581
5255,5092,2581
5256,5093,2581
5257,5094,2581
5258,5095,2581
5259,5096,2581
5260,5097,2581
5261,5098,2581
5262,5099,2581
5263,5100,2581
5264,5101,2581
5265,5102,2581
5266,5103,2581
5267,5104,2581
5268,5105,2581
5269,5106,2581
5270,5107,2581
5271,5108,2581
5272,5109,2581
5273,5110,2581
5274,5111,2581
5275,5112,2581
5276,5113,2581
5277,5114,2581
5278,5115,2582
5279,5116,2583
5280,5117,2584
5281,5118,2585
5282,5119,2586
5283,5120,2587
5284,5121,2588
5285,5122,2588
5286,5123,2588
5287,5124,2588
5288,5125,2588
5289,5126,2588
5290,5127,2588
5291,5128,2588
5292,5129,2588
5293,5130,2588
5294,5131,2588
5295,5132,2588
5296,5133,2588
5297,5134,2588
5298,5135,2588
5299,5136,2588
5300,5137,2588
5301,5138,2588
5302,5139,2588
5303,5140,2588
5304,5141,2588
5305,5142,2588
5306,5143,2588
5307,5144,2588
5308,5145,2589
5309,5146,2590
5310,5147,2591
5311,5148,2592
5312,5149,2593
5313,5150,2594
5314,5151,2595
5315,5152,2596
5316,5153,2597
5317,5154,2598
5318,5155,2599
5319,5156,2600
5320,5157,2601
5321,5158,2602
5322,5159,2603
5323,5160,2604
5324,5161,2605
5325,5162,2606
5326,5163,2607
5327,5164,2608
5328,5165,2609
5329,5166,2610
5330,5167,2611
5331,5168,2611
5332,5169,2611
5333,5170,2611
5334,5171,2611
5335,5172,2611
5336,5173,2611
5337,5174,2611
5338,5175,2611
5339,5176,2611
5340,5177,2611
5341,5178,2611
5342,5179,2611
5343,5180,2611
5344,5181,2611
5345,5182,2611
5346,5183,2611
5347,5184,2611
5348,5185,2611
5349,5186,2612
5350,5187,2613
5351,5188,2614
5352,5189,2615
5353,5190,2616
5354,5191,2617
5355,5192,2618
5356,5193,2619
5357,5194,2620
5358,5195,2621
5359,5196,2622
5360,5197,2623
5361,5198,2624
5362,5199,2625
5363,5200,2626
5364,5201,2627
5365,5202,2628
5366,5203,2628
5367,5204,2628
5368,5205,2628
5369,5206,2628
5370,5207,2628
5371,5208,2628
5372,5209,2628
5373,5210,2628
5374,5211,2628
5375,5212,2628
5376,5213,2628
5377,5214,2628
5378,5215,2628
5379,5216,2628
5380,5217,2628
5381,5218,2628
5382,5219,2628
5383,5220,2628
5384,5221,2628
5385,5222,2628
5386,5223,2628
5387,5224,2628
5388,5225,2628
5389,5226,2628
5390,5227,2628
5391,5228,2628
5392,5229,2628
5393,5230,2628
5394,5231,2628
5395,5232,2628
5396,5233,2628
5397,5234,2628
5398,5235,2628
5399,5236,2628
5400,5237,2628
5401,5238,2628
5402,5239,2628
5403,5240,2628
5404,5241,2628
5405,5242,2628
5406,5243,2628
5407,5244,2628
5408,5245,2628
5409,5246,2628
5410,5247,2628
5411,5248,2628
5412,5249,2628
5413,5250,2628
5414,5251,2628
5415,5252,2628
5416,5253,2628
5417,5254,2628
5418,5255,2628
5419,5256,2628
5420,5257,2628
5421,5258,2628
5422,5259,2628
5423,5260,2628
5424,5261,2628
5425,5262,2628
5426,5263,2629
5427,5264,2630
5428,5265,2631
5429,5266,2632
5430,5267,2633
5431,5268,2634
5432,5269,2635
5433,5270,2636
5434,5271,2637
5435,5272,2638
5436,5273,2639
5437,5274,2640
5438,5275,2641
5439,5276,2642
5440,5277,2643
5441,5278,2644
5442,5279,2645
5443,5280,2646
5444,5281,2647
5445,5282,2648
5446,5283,2649
5447,5284,2650
5448,5285,2651
5449,5286,2652
5450,5287,2653
5451,5288,2654
5452,5289,2655
5453,5290,2655
5454,5291,2655
5455,5292,2655
5456,5293,2655
5457,5294,2655
5458,5295,2655
5459,5296,2655
5460,5297,2655
5461,5298,2655
5462,5299,2656
5463,5300,2657
5464,5301,2658
5465,5302,2659
5466,5303,2660
5467,5304,2660
5468,5305,2660
5469,5306,2660
5470,5307,2660
5471,5308,2660
5472,5309,2660
5473,5310,2660
5474,5311,2660
5475,5312,2660
5476,5313,2660
5477,5314,2660
5478,5315,2660
5479,5316,2660
5480,5317,2660
5481,5318,2660
5482,5319,2660
5483,5320,2661
5484,5321,2662
5485,5322,2662
5486,5323,2662
5487,5324,2662
5488,5325,2662
5489,5326,2662
5490,5327,2662
5491,5328,2662
5492,5329,2662
5493,5330,2662
5494,5331,2662
5495,5332,2662
5496,5333,2662
5497,5334,2662
5498,5335,2662
5499,5336,2662
5500,5337,2662
5501,5338,2662
5502,5339,2663
5503,5340,2664
5504,5341,2665
5505,5342,2666
5506,5343,2667
5507,5344,2668
5508,5345,2668
5509,5346,2668
5510,5347,2668
5511,5348,2668
5512,5349,2668
5513,5350,2668
5514,5351,2668
5515,5352,2668
5516,5353,2668
5517,5354,2668
5518,5355,2668
5519,5356,2668
5520,5357,2668
5521,5358,2669
5522,5359,2670
5523,5360,2671
5524,5361,2671
5525,5362,2671
5526,5363,2671
5527,5364,2671
5528,5365,2671
5529,5366,2671
5530,5367,2671
5531,5368,2671
5532,5369,2671
5533,5370,2671
5534,5371,2671
5535,5372,2671
5536,5373,2671
5537,5374,2671
5538,5375,2671
5539,5376,2671
5540,5377,2671
5541,5378,2671
5542,5379,2671
5543,5380,2672
5544,5381,2673
5545,5382,2674
5546,5383,2675
5547,5384,2676
5548,5385,2677
5549,5386,2678
5550,5387,2679
5551,5388,2680
5552,5389,2681
5553,5390,2682
5554,5391,2683
5555,5392,2684
5556,5393,2685
5557,5394,2686
5558,5395,2687
5559,5396,2688
5560,5397,2689
5561,5398,2690
5562,5399,2691
5563,5400,2692
5564,5401,2693
5565,5402,2694
5566,5403,2695
5567,5404,2695
5568,5405,2695
5569,5406,2695
5570,5407,2695
5571,5408,2695
5572,5409,2695
5573,5410,2695
5574,5411,2695
5575,5412,2695
5576,5413,2695
5577,5414,2695
5578,5415,2695
5579,5416,2695
5580,5417,2695
5581,5418,2695
5582,5419,2695
5583,5420,2695
5584,5421,2695
5585,5422,2695
5586,5423,2695
5587,5424,2695
5588,5425,2695
5589,5426,2695
5590,5427,2695
5591,5428,2695
5592,5429,2695
5593,5430,2695
5594,5431,2696
5595,5432,2697
5596,5433,2698
5597,5434,2699
5598,5435,2700
5599,5436,2701
5600,5437,2702
5601,5438,2703
5602,5439,2704
5603,5440,2705
5604,5441,2706
5605,5442,2707
5606,5443,2708
5607,5444,2708
5608,5445,2708
5609,5446,2708
5610,5447,2708
5611,5448,2708
5612,5449,2708
5613,5450,2708
5614,5451,2708
5615,5452,2708
5616,5453,2708
5617,5454,2709
5618,5455,2710
5619,5456,2711
5620,5457,2712
5621,5458,2713
5622,5459,2714
5623,5460,2715
5624,5461,2716
5625,5462,2716
5626,5463,2716
5627,5464,2716
5628,5465,2716
5629,5466,2716
5630,5467,2716
5631,5468,2716
5632,5469,2716
5633,5470,2717
5634,5471,2718
5635,5472,2719
5636,5473,2720
5637,5474,2721
5638,5475,2722
5639,5476,2723
5640,5477,2724
5641,5478,2725
5642,5479,2726
5643,5480,2727
5644,5481,2728
5645,5482,2728
5646,5483,2728
5647,5484,2728
5648,5485,2728
5649,5486,2728
5650,5487,2728
5651,5488,2728
5652,5489,2728
5653,5490,2728
5654,5491,2728
5655,5492,2728
5656,5493,2728
5657,5494,2728
5658,5495,2728
5659,5496,2728
5660,5497,2728
5661,5498,2728
5662,5499,2728
5663,5500,2728
5664,5501,2728
5665,5502,2728
5666,5503,2728
5667,5504,2728
5668,5505,2728
5669,5506,2728
5670,5507,2728
5671,5508,2728
5672,5509,2728
5673,5510,2728
5674,5511,2728
5675,5512,2728
5676,5513,2728
5677,5514,2728
5678,5515,2728
5679,5516,2728
5680,5517,2729
5681,5518,2730
5682,5519,2731
5683,5520,2732
5684,5521,2733
5685,5522,2734
5686,5523,2735
5687,5524,2736
5688,5525,2737
5689,5526,2738
5690,5527,2739
5691,5528,2740
5692,5529,2741
5693,5530,2742
5694,5531,2742
5695,5532,2742
5696,5533,2742
5697,5534,2742
5698,5535,2742
5699,5536,2742
5700,5537,2742
5701,5538,2742
5702,5539,2742
5703,5540,2742
5704,5541,2742
5705,5542,2742
5706,5543,2742
5707,5544,2742
5708,5545,2742
5709,5546,2742
5710,5547,2742
5711,5548,2742
5712,5549,2742
5713,5550,2742
5714,5551,2742
5715,5552,2742
5716,5553,2742
5717,5554,2742
5718,5555,2742
5719,5556,2742
5720,5557,2742
5721,5558,2742
5722,5559,2742
5723,5560,2742
5724,5561,2742
5725,5562,2742
5726,5563,2742
5727,5564,2742
5728,5565,2742
5729,5566,2742
5730,5567,2742
5731,5568,2742
5732,5569,2742
5733,5570,2742
5734,5571,2742
5735,5572,2742
5736,5573,2742
5737,5574,2742
5738,5575,2742
5739,5576,2742
5740,5577,2742
5741,5578,2742
5742,5579,2742
5743,5580,2742
5744,5581,2743
5745,5582,2744
5746,5583,2745
5747,5584,2746
5748,5585,2747
5749,5586,2748
5750,5587,2749
5751,5588,2750
5752,5589,2751
5753,5590,2752
5754,5591,2753
5755,5592,2754
5756,5593,2755
5757,5594,2756
5758,5595,2757
5759,5596,2758
5760,5597,2759
5761,5598,2760
5762,5599,2761
5763,5600,2762
5764,5601,2763
5765,5602,2764
5766,5603,2765
5767,5604,2766
5768,5605,2767
5769,5606,2768
5770,5607,2769
5771,5608,2770
5772,5609,2771
5773,5610,2772
5774,5611,2773
5775,5612,2773
5776,5613,2773
5777,5614,2773
5778,5615,2773
5779,5616,2773
5780,5617,2773
5781,5618,2773
5782,5619,2773
5783,5620,2773
5784,5621,2773
5785,5622,2773
5786,5623,2773
5787,5624,2773
5788,5625,2773
5789,5626,2773
5790,5627,2773
5791,5628,2773
5792,5629,2773
5793,5630,2774
5794,5631,2775
5795,5632,2775
5796,5633,2775
5797,5634,2775
5798,5635,2775
5799,5636,2775
5800,5637,2775
5801,5638,2776
5802,5639,2777
5803,5640,2778
5804,5641,2779
5805,5642,2780
5806,5643,2781
5807,5644,2781
5808,5645,2781
5809,5646,2781
5810,5647,2781
5811,5648,2781
5812,5649,2781
5813,5650,2782
5814,5651,2783
5815,5652,2784
5816,5653,2785
5817,5654,2786
5818,5655,2787
5819,5656,2788
5820,5657,2789
5821,5658,2789
5822,5659,2789
5823,5660,2789
5824,5661,2789
5825,5662,2789
5826,5663,2789
5827,5664,2789
5828,5665,2790
5829,5666,2791
5830,5667,2792
5831,5668,2793
5832,5669,2794
5833,5670,2795
5834,5671,2796
5835,5672,2796
5836,5673,2796
5837,5674,2796
5838,5675,2796
5839,5676,2796
5840,5677,2796
5841,5678,2796
5842,5679,2796
5843,5680,2796
5844,5681,2796
5845,5682,2796
5846,5683,2796
5847,5684,2796
5848,5685,2796
5849,5686,2796
5850,5687,2796
5851,5688,2796
5852,5689,2796
5853,5690,2796
5854,5691,2796
5855,5692,2796
5856,5693,2796
5857,5694,2796
5858,5695,2796
5859,5696,2796
5860,5697,2796
5861,5698,2796
5862,5699,2796
5863,5700,2796
5864,5701,2796
5865,5702,2796
5866,5703,2796
5867,5704,2796
5868,5705,2796
5869,5706,2796
5870,5707,2796
5871,5708,2796
5872,5709,2797
5873,5710,2798
5874,5711,2799
5875,5712,2800
5876,5713,2801
5877,5714,2802
5878,5715,2803
5879,5716,2804
5880,5717,2805
5881,5718,2806
5882,5719,2807
5883,5720,2808
5884,5721,2809
5885,5722,2810
5886,5723,2811
5887,5724,2811
5888,5725,2811
5889,5726,2811
5890,5727,2811
5891,5728,2811
5892,5729,2811
5893,5730,2812
5894,5731,2812
5895,5732,2812
5896,5733,2812
5897,5734,2812
5898,5735,2812
5899,5736,2812
5900,5737,2812
5901,5738,2812
5902,5739,2812
5903,5740,2813
5904,5741,2814
5905,5742,2815
5906,5743,2816
5907,5744,2817
5908,5745,2818
5909,5746,2819
5910,5747,2820
5911,5748,2821
5912,5749,2822
5913,5750,2823
5914,5751,2824
5915,5752,2825
5916,5753,2826
5917,5754,2827
5918,5755,2828
5919,5756,2829
5920,5757,2830
5921,5758,2831
5922,5759,2832
5923,5760,2833
5924,5761,2834
5925,5762,2835
5926,5763,2836
5927,5764,2837
5928,5765,2838
5929,5766,2839
5930,5767,2840
5931,5768,2841
5932,5769,2842
5933,5770,2843
5934,5771,2844
5935,5772,2845
5936,5773,2846
5937,5774,2847
5938,5775,2848
5939,5776,2849
5940,5777,2850
5941,5778,2851
5942,5779,2852
5943,5780,2853
5944,5781,2854
5945,5782,2855
5946,5783,2856
5947,5784,2857
5948,5785,2858
5949,5786,2859
5950,5787,2860
5951,5788,2861
5952,5789,2862
5953,5790,2862
5954,5791,2862
5955,5792,2862
5956,5793,2862
5957,5794,2862
5958,5795,2862
5959,5796,2862
5960,5797,2862
5961,5798,2862
5962,5799,2862
5963,5800,2862
5964,5801,2862
5965,5802,2862
5966,5803,2862
5967,5804,2862
5968,5805,2862
5969,5806,2862
5970,5807,2862
5971,5808,2862
5972,5809,2862
5973,5810,2862
5974,5811,2862
5975,5812,2862
5976,5813,2862
5977,5814,2862
5978,5815,2862
5979,5816,2862
5980,5817,2862
5981,5818,2862
5982,5819,2862
5983,5820,2862
5984,5821,2862
5985,5822,2862
5986,5823,2862
5987,5824,2862
5988,5825,2862
5989,5826,2862
5990,5827,2862
5991,5828,2862
5992,5829,2862
5993,5830,2862
5994,5831,2862
5995,5832,2862
5996,5833,2862
5997,5834,2862
5998,5835,2862
5999,5836,2862
6000,5837,2862
6001,5838,2862
6002,5839,2862
6003,5840,2862
6004,5841,2862
6005,5842,2862
6006,5843,2862
6007,5844,2862
6008,5845,2862
6009,5846,2862
6010,5847,2862
6011,5848,2862
6012,5849,2862
6013,5850,2862
6014,5851,2862
6015,5852,2862
6016,5853,2862
6017,5854,2862
6018,5855,2862
6019,5856,2862
6020,5857,2862
6021,5858,2862
6022,5859,2862
6023,5860,2862
6024,5861,2862
6025,5862,2862
6026,5863,2862
6027,5864,2862
6028,5865,2862
6029,5866,2862
6030,5867,2862
6031,5868,2862
6032,5869,2862
6033,5870,2862
6034,5871,2862
6035,5872,2862
6036,5873,2862
6037,5874,2862
6038,5875,2862
6039,5876,2862
6040,5877,2862
6041,5878,2862
6042,5879,2862
6043,5880,2862
6044,5881,2862
6045,5882,2862
6046,5883,2862
6047,5884,2862
6048,5885,2862
6049,5886,2862
6050,5887,2862
6051,5888,2862
6052,5889,2862
6053,5890,2862
6054,5891,2862
6055,5892,2862
6056,5893,2862
6057,5894,2862
6058,5895,2862
6059,5896,2862
6060,5897,2862
6061,5898,2862
6062,5899,2862
6063,5900,2862
6064,5901,2862
6065,5902,2862
6066,5903,2862
6067,5904,2862
6068,5905,2862
6069,5906,2862
6070,5907,2862
6071,5908,2862
6072,5909,2862
6073,5910,2862
6074,5911,2862
6075,5912,2862
6076,5913,2862
6077,5914,2862
6078,5915,2862
6079,5916,2862
6080,5917,2862
6081,5918,2862
6082,5919,2863
6083,5920,2864
6084,5921,2865
6085,5922,2866
6086,5923,2867
6087,5924,2868
6088,5925,2869
6089,5926,2870
6090,5927,2871
6091,5928,2872
6092,5929,2873
6093,5930,2874
6094,5931,2875
6095,5932,2876
6096,5933,2877
6097,5934,2878
6098,5935,2879
6099,5936,2880
6100,5937,2881
6101,5938,2882
6102,5939,2883
6103,5940,2884
6104,5941,2885
6105,5942,2886
6106,5943,2887
6107,5944,2888
6108,5945,2889
6109,5946,2890
6110,5947,2891
6111,5948,2892
6112,5949,2893
6113,5950,2894
6114,5951,2895
6115,5952,2896
6116,5953,2897
6117,5954,2898
6118,5955,2899
6119,5956,2900
6120,5957,2901
6121,5958,2902
6122,5959,2903
6123,5960,2904
6124,5961,2905
6125,5962,2906
6126,5963,2907
6127,5964,2908
6128,5965,2909
6129,5966,2910
6130,5967,2911
6131,5968,2912
6132,5969,2913
6133,5970,2914
6134,5971,2915
6135,5972,2916
6136,5973,2917
6137,5974,2918
6138,5975,2919
6139,5976,2920
6140,5977,2921
6141,5978,2922
6142,5979,2923
6143,5980,2924
6144,5981,2925
6145,5982,2926
6146,5983,2927
6147,5984,2928
6148,5985,2929
6149,5986,2930
6150,5987,2931
6151,5988,2932
6152,5989,2933
6153,5990,2934
6154,5991,2935
6155,5992,2936
6156,5993,2937
6157,5994,2938
6158,5995,2939
6159,5996,2940
6160,5997,2941
6161,5998,2942
6162,5999,2943
6163,6000,2944
6164,6001,2945
6165,6002,2946
6166,6003,2947
6167,6004,2948
6168,6005,2949
6169,6006,2950
6170,6007,2951
6171,6008,2952
6172,6009,2953
6173,6010,2953
6174,6011,2953
6175,6012,2953
6176,6013,2953
6177,6014,2953
6178,6015,2953
6179,6016,2953
6180,6017,2953
6181,6018,2953
6182,6019,2953
6183,6020,2953
6184,6021,2953
6185,6022,2953
6186,6023,2953
6187,6024,2953
6188,6025,2953
6189,6026,2953
6190,6027,2953
6191,6028,2953
6192,6029,2953
6193,6030,2953
6194,6031,2953
6195,6032,2953
6196,6033,2953
6197,6034,2953
6198,6035,2953
6199,6036,2953
6200,6037,2953
6201,6038,2953
6202,6039,2953
6203,6040,2953
6204,6041,2953
6205,6042,2953
6206,6043,2953
6207,6044,2953
6208,6045,2953
6209,6046,2953
6210,6047,2953
6211,6048,2953
6212,6049,2953
6213,6050,2953
6214,6051,2953
6215,6052,2953
6216,6053,2953
6217,6054,2953
6218,6055,2953
6219,6056,2953
6220,6057,2953
6221,6058,2953
6222,6059,2953
6223,6060,2954
6224,6061,2955
6225,6062,2955
6226,6063,2955
6227,6064,2955
6228,6065,2955
6229,6066,2955
6230,6067,2955
6231,6068,2955
6232,6069,2955
6233,6070,2955
6234,6071,2955
6235,6072,2955
6236,6073,2955
6237,6074,2955
6238,6075,2955
6239,6076,2955
6240,6077,2955
6241,6078,2955
6242,6079,2955
6243,6080,2956
6244,6081,2956
6245,6082,2956
6246,6083,2956
6247,6084,2956
6248,6085,2956
6249,6086,2956
6250,6087,2956
6251,6088,2956
6252,6089,2956
6253,6090,2956
6254,6091,2956
6255,6092,2956
6256,6093,2956
6257,6094,2956
6258,6095,2956
6259,6096,2956
6260,6097,2956
6261,6098,2956
6262,6099,2956
6263,6100,2956
6264,6101,2956
6265,6102,2956
6266,6103,2956
6267,6104,2956
6268,6105,2956
6269,6106,2956
6270,6107,2956
6271,6108,2956
6272,6109,2956
6273,6110,2956
6274,6111,2956
6275,6112,2956
6276,6113,2956
6277,6114,2956
6278,6115,2956
6279,6116,2956
6280,6117,2957
6281,6118,2958
6282,6119,2959
6283,6120,2960
6284,6121,2961
6285,6122,2962
6286,6123,2963
6287,6124,2964
6288,6125,2965
6289,6126,2966
6290,6127,2967
6291,6128,2968
6292,6129,2969
6293,6130,2970
6294,6131,2971
6295,6132,2972
6296,6133,2973
6297,6134,2974
6298,6135,2975
6299,6136,2976
6300,6137,2977
6301,6138,2978
6302,6139,2979
6303,6140,2980
6304,6141,2981
6305,6142,2982
6306,6143,2983
6307,6144,2984
6308,6145,2985
6309,6146,2986
6310,6147,2987
6311,6148,2988
6312,6149,2989
6313,6150,2990
6314,6151,2991
6315,6152,2992
6316,6153,2993
6317,6154,2994
6318,6155,2995
6319,6156,2996
6320,6157,2997
6321,6158,2998
6322,6159,2999
6323,6160,3000
6324,6161,3001
6325,6162,3002
6326,6163,3003
6327,6164,3003
6328,6165,3003
6329,6166,3003
6330,6167,3003
6331,6168,3003
6332,6169,3003
6333,6170,3003
6334,6171,3003
6335,6172,3003
6336,6173,3003
6337,6174,3003
6338,6175,3003
6339,6176,3003
6340,6177,3003
6341,6178,3003
6342,6179,3003
6343,6180,3004
6344,6181,3004
6345,6182,3004
6346,6183,3004
6347,6184,3004
6348,6185,3004
6349,6186,3004
6350,6187,3004
6351,6188,3004
6352,6189,3004
6353,6190,3004
6354,6191,3004
6355,6192,3004
6356,6193,3005
6357,6194,3006
6358,6195,3007
6359,6196,3008
6360,6197,3009
6361,6198,3010
6362,6199,3011
6363,6200,3012
6364,6201,3013
6365,6202,3014
6366,6203,3015
6367,6204,3016
6368,6205,3017
6369,6206,3018
6370,6207,3019
6371,6208,3020
6372,6209,3021
6373,6210,3022
6374,6211,3023
6375,6212,3024
6376,6213,3025
6377,6214,3025
6378,6215,3025
6379,6216,3025
6380,6217,3025
6381,6218,3025
6382,6219,3025
6383,6220,3025
6384,6221,3025
6385,6222,3025
6386,6223,3025
6387,6224,3025
6388,6225,3025
6389,6226,3025
6390,6227,3025
6391,6228,3025
6392,6229,3025
6393,6230,3025
6394,6231,3025
6395,6232,3025
6396,6233,3025
6397,6234,3025
6398,6235,3025
6399,6236,3025
6400,6237,3025
6401,6238,3026
6402,6239,3027
6403,6240,3028
6404,6241,3029
6405,6242,3030
6406,6243,3031
6407,6244,3032
6408,6245,3033
6409,6246,3034
6410,6247,3035
6411,6248,3036
6412,6249,3037
6413,6250,3038
6414,6251,3039
6415,6252,3040
6416,6253,3040
6417,6254,3040
6418,6255,3040
6419,6256,3040
6420,6257,3040
6421,6258,3040
6422,6259,3040
6423,6260,3040
6424,6261,3040
6425,6262,3040
6426,6263,3040
6427,6264,3040
6428,6265,3040
6429,6266,3040
6430,6267,3040
6431,6268,3040
6432,6269,3040
6433,6270,3040
6434,6271,3040
6435,6272,3040
6436,6273,3040
6437,6274,3040
6438,6275,3040
6439,6276,3041
6440,6277,3042
6441,6278,3043
6442,6279,3044
6443,6280,3045
6444,6281,3046
6445,6282,3047
6446,6283,3048
6447,6284,3049
6448,6285,3050
6449,6286,3051
6450,6287,3052
6451,6288,3052
6452,6289,3052
6453,6290,3052
6454,6291,3052
6455,6292,3052
6456,6293,3052
6457,6294,3052
6458,6295,3052
6459,6296,3052
6460,6297,3053
6461,6298,3054
6462,6299,3055
6463,6300,3056
6464,6301,3056
6465,6302,3056
6466,6303,3056
6467,6304,3056
6468,6305,3056
6469,6306,3056
6470,6307,3056
6471,6308,3056
6472,6309,3056
6473,6310,3056
6474,6311,3056
6475,6312,3056
6476,6313,3056
6477,6314,3056
6478,6315,3057
6479,6316,3058
6480,6317,3059
6481,6318,3060
6482,6319,3061
6483,6320,3062
6484,6321,3063
6485,6322,3064
6486,6323,3065
6487,6324,3065
6488,6325,3065
6489,6326,3065
6490,6327,3065
6491,6328,3065
6492,6329,3065
6493,6330,3065
6494,6331,3065
6495,6332,3065
6496,6333,3065
6497,6334,3065
6498,6335,3065
6499,6336,3065
6500,6337,3065
6501,6338,3065
6502,6339,3065
6503,6340,3065
6504,6341,3066
6505,6342,3067
6506,6343,3068
6507,6344,3069
6508,6345,3070
6509,6346,3071
6510,6347,3072
6511,6348,3073
6512,6349,3074
6513,6350,3075
6514,6351,3076
6515,6352,3077
6516,6353,3078
6517,6354,3079
6518,6355,3080
6519,6356,3081
6520,6357,3082
6521,6358,3083
6522,6359,3084
6523,6360,3085
6524,6361,3086
6525,6362,3086
6526,6363,3086
6527,6364,3086
6528,6365,3086
6529,6366,3086
6530,6367,3086
6531,6368,3086
6532,6369,3086
6533,6370,3086
6534,6371,3086
6535,6372,3086
6536,6373,3086
6537,6374,3086
6538,6375,3086
6539,6376,3086
6540,6377,3086
6541,6378,3086
6542,6379,3086
6543,6380,3086
6544,6381,3086
6545,6382,3086
6546,6383,3086
6547,6384,3086
6548,6385,3086
6549,6386,3086
6550,6387,3086
6551,6388,3086
6552,6389,3086
6553,6390,3086
6554,6391,3086
6555,6392,3086
6556,6393,3086
6557,6394,3086
6558,6395,3086
6559,6396,3086
6560,6397,3087
6561,6398,3088
6562,6399,3089
6563,6400,3090
6564,6401,3091
6565,6402,3092
6566,6403,3093
6567,6404,3094
6568,6405,3095
6569,6406,3096
6570,6407,3096
6571,6408,3096
6572,6409,3096
6573,6410,3096
6574,6411,3096
6575,6412,3096
6576,6413,3096
6577,6414,3096
6578,6415,3096
6579,6416,3096
6580,6417,3096
6581,6418,3096
6582,6419,3096
6583,6420,3096
6584,6421,3096
6585,6422,3096
6586,6423,3096
6587,6424,3096
6588,6425,3096
6589,6426,3096
6590,6427,3096
6591,6428,3096
6592,6429,3096
6593,6430,3097
6594,6431,3098
6595,6432,3099
6596,6433,3100
6597,6434,3101
6598,6435,3102
6599,6436,3103
6600,6437,3104
6601,6438,3105
6602,6439,3106
6603,6440,3107
6604,6441,3108
6605,6442,3109
6606,6443,3110
6607,6444,3111
6608,6445,3112
6609,6446,3113
6610,6447,3114
6611,6448,3115
6612,6449,3116
6613,6450,3116
6614,6451,3116
6615,6452,3116
6616,6453,3116
6617,6454,3116
6618,6455,3116
6619,6456,3116
6620,6457,3116
6621,6458,3116
6622,6459,3116
6623,6460,3116
6624,6461,3116
6625,6462,3116
6626,6463,3116
6627,6464,3116
6628,6465,3116
6629,6466,3116
6630,6467,3116
6631,6468,3116
6632,6469,3116
6633,6470,3116
6634,6471,3116
6635,6472,3116
6636,6473,3116
6637,6474,3116
6638,6475,3116
6639,6476,3116
6640,6477,3117
6641,6478,3118
6642,6479,3119
6643,6480,3120
6644,6481,3121
6645,6482,3122
6646,6483,3123
6647,6484,3124
6648,6485,3125
6649,6486,3126
6650,6487,3126
6651,6488,3126
6652,6489,3126
6653,6490,3126
6654,6491,3126
6655,6492,3126
6656,6493,3126
6657,6494,3126
6658,6495,3126
6659,6496,3126
6660,6497,3126
6661,6498,3126
6662,6499,3127
6663,6500,3128
6664,6501,3129
6665,6502,3129
6666,6503,3129
6667,6504,3129
6668,6505,3129
6669,6506,3129
6670,6507,3129
6671,6508,3129
6672,6509,3129
6673,6510,3129
6674,6511,3129
6675,6512,3129
6676,6513,3130
6677,6514,3131
6678,6515,3132
6679,6516,3133
6680,6517,3134
6681,6518,3135
6682,6519,3136
6683,6520,3137
6684,6521,3138
6685,6522,3139
6686,6523,3140
6687,6524,3140
6688,6525,3140
6689,6526,3140
6690,6527,3140
6691,6528,3140
6692,6529,3140
6693,6530,3140
6694,6531,3140
6695,6532,3140
6696,6533,3140
6697,6534,3140
6698,6535,3140
6699,6536,3140
6700,6537,3140
6701,6538,3140
6702,6539,3140
6703,6540,3140
6704,6541,3140
6705,6542,3140
6706,6543,3140
6707,6544,3140
6708,6545,3141
6709,6546,3142
6710,6547,3143
6711,6548,3144
6712,6549,3145
6713,6550,3146
6714,6551,3147
6715,6552,3148
6716,6553,3149
6717,6554,3150
6718,6555,3151
6719,6556,3152
6720,6557,3153
6721,6558,3154
6722,6559,3155
6723,6560,3156
6724,6561,3157
6725,6562,3157
6726,6563,3157
6727,6564,3157
6728,6565,3157
6729,6566,3157
6730,6567,3157
6731,6568,3157
6732,6569,3157
6733,6570,3157
6734,6571,3157
6735,6572,3157
6736,6573,3157
6737,6574,3157
6738,6575,3157
6739,6576,3157
6740,6577,3157
6741,6578,3157
6742,6579,3157
6743,6580,3157
6744,6581,3157
6745,6582,3157
6746,6583,3157
6747,6584,3157
6748,6585,3157
6749,6586,3157
6750,6587,3157
6751,6588,3157
6752,6589,3157
6753,6590,3157
6754,6591,3157
6755,6592,3157
6756,6593,3157
6757,6594,3157
6758,6595,3157
6759,6596,3157
6760,6597,3157
6761,6598,3157
6762,6599,3157
6763,6600,3157
6764,6601,3157
6765,6602,3157
6766,6603,3157
6767,6604,3157
6768,6605,3157
6769,6606,3157
6770,6607,3157
6771,6608,3157
6772,6609,3157
6773,6610,3157
6774,6611,3157
6775,6612,3157
6776,6613,3157
6777,6614,3157
6778,6615,3157
6779,6616,3158
6780,6617,3159
6781,6618,3160
6782,6619,3161
6783,6620,3162
6784,6621,3163
6785,6622,3164
6786,6623,3165
6787,6624,3166
6788,6625,3167
6789,6626,3168
6790,6627,3169
6791,6628,3170
6792,6629,3171
6793,6630,3172
6794,6631,3173
6795,6632,3174
6796,6633,3175
6797,6634,3176
6798,6635,3177
6799,6636,3178
6800,6637,3179
6801,6638,3180
6802,6639,3181
6803,6640,3182
6804,6641,3183
6805,6642,3184
6806,6643,3185
6807,6644,3186
6808,6645,3187
6809,6646,3188
6810,6647,3189
6811,6648,3190
6812,6649,3191
6813,6650,3192
6814,6651,3193
6815,6652,3194
6816,6653,3195
6817,6654,3196
6818,6655,3197
6819,6656,3198
6820,6657,3199
6821,6658,3200
6822,6659,3201
6823,6660,3202
6824,6661,3203
6825,6662,3204
6826,6663,3205
6827,6664,3206
6828,6665,3207
6829,6666,3208
6830,6667,3208
6831,6668,3208
6832,6669,3208
6833,6670,3208
6834,6671,3208
6835,6672,3208
6836,6673,3208
6837,6674,3208
6838,6675,3208
6839,6676,3208
6840,6677,3208
6841,6678,3208
6842,6679,3208
6843,6680,3208
6844,6681,3208
6845,6682,3208
6846,6683,3208
6847,6684,3208
6848,6685,3208
6849,6686,3208
6850,6687,3208
6851,6688,3208
6852,6689,3208
6853,6690,3208
6854,6691,3208
6855,6692,3208
6856,6693,3208
6857,6694,3208
6858,6695,3208
6859,6696,3208
6860,6697,3208
6861,6698,3208
6862,6699,3208
6863,6700,3209
6864,6701,3210
6865,6702,3210
6866,6703,3210
6867,6704,3210
6868,6705,3210
6869,6706,3210
6870,6707,3210
6871,6708,3210
6872,6709,3210
6873,6710,3210
6874,6711,3210
6875,6712,3210
6876,6713,3210
6877,6714,3210
6878,6715,3210
6879,6716,3210
6880,6717,3210
6881,6718,3211
6882,6719,3212
6883,6720,3213
6884,6721,3214
6885,6722,3215
6886,6723,3216
6887,6724,3217
6888,6725,3218
6889,6726,3219
6890,6727,3220
6891,6728,3221
6892,6729,3222
6893,6730,3223
6894,6731,3224
6895,6732,3225
6896,6733,3226
6897,6734,3227
6898,6735,3228
6899,6736,3229
6900,6737,3230
6901,6738,3231
6902,6739,3232
6903,6740,3232
6904,6741,3232
6905,6742,3232
6906,6743,3232
6907,6744,3232
6908,6745,3232
6909,6746,3232
6910,6747,3232
6911,6748,3232
6912,6749,3232
6913,6750,3232
6914,6751,3232
6915,6752,3232
6916,6753,3232
6917,6754,3232
6918,6755,3232
6919,6756,3232
6920,6757,3232
6921,6758,3232
6922,6759,3232
6923,6760,3232
6924,6761,3232
6925,6762,3232
6926,6763,3232
6927,6764,3232
6928,6765,3232
6929,6766,3232
6930,6767,3232
6931,6768,3232
6932,6769,3232
6933,6770,3232
6934,6771,3232
6935,6772,3232
6936,6773,3232
6937,6774,3233
6938,6775,3234
6939,6776,3235
6940,6777,3236
6941,6778,3237
6942,6779,3238
6943,6780,3239
6944,6781,3240
6945,6782,3240
6946,6783,3240
6947,6784,3240
6948,6785,3240
6949,6786,3240
6950,6787,3240
6951,6788,3240
6952,6789,3240
6953,6790,3240
6954,6791,3240
6955,6792,3240
6956,6793,3240
6957,6794,3240
6958,6795,3240
6959,6796,3241
6960,6797,3242
6961,6798,3243
6962,6799,3244
6963,6800,3245
6964,6801,3246
6965,6802,3247
6966,6803,3248
6967,6804,3249
6968,6805,3249
6969,6806,3249
6970,6807,3249
6971,6808,3249
6972,6809,3249
6973,6810,3249
6974,6811,3249
6975,6812,3249
6976,6813,3249
6977,6814,3249
6978,6815,3249
6979,6816,3249
6980,6817,3249
6981,6818,3249
6982,6819,3250
6983,6820,3251
6984,6821,3251
6985,6822,3251
6986,6823,3251
6987,6824,3251
6988,6825,3251
6989,6826,3251
6990,6827,3251
6991,6828,3251
6992,6829,3251
6993,6830,3251
6994,6831,3251
6995,6832,3251
6996,6833,3251
6997,6834,3251
6998,6835,3251
6999,6836,3251
7000,6837,3251
7001,6838,3251
7002,6839,3251
7003,6840,3251
7004,6841,3251
7005,6842,3251
7006,6843,3251
7007,6844,3251
7008,6845,3251
7009,6846,3251
7010,6847,3251
7011,6848,3251
7012,6849,3251
7013,6850,3251
7014,6851,3251
7015,6852,3251
7016,6853,3251
7017,6854,3251
7018,6855,3251
7019,6856,3251
7020,6857,3251
7021,6858,3251
7022,6859,3252
7023,6860,3253
7024,6861,3254
7025,6862,3255
7026,6863,3256
7027,6864,3257
7028,6865,3258
7029,6866,3259
7030,6867,3260
7031,6868,3261
7032,6869,3262
7033,6870,3263
7034,6871,3264
7035,6872,3265
7036,6873,3266
7037,6874,3267
7038,6875,3268
7039,6876,3269
7040,6877,3270
7041,6878,3271
7042,6879,3272
7043,6880,3273
7044,6881,3274
7045,6882,3275
7046,6883,3276
7047,6884,3277
7048,6885,3278
7049,6886,3279
7050,6887,3280
7051,6888,3280
7052,6889,3280
7053,6890,3280
7054,6891,3280
7055,6892,3280
7056,6893,3280
7057,6894,3280
7058,6895,3280
7059,6896,3280
7060,6897,3280
7061,6898,3280
7062,6899,3280
7063,6900,3280
7064,6901,3280
7065,6902,3280
7066,6903,3280
7067,6904,3280
7068,6905,3280
7069,6906,3280
7070,6907,3280
7071,6908,3280
7072,6909,3280
7073,6910,3280
7074,6911,3280
7075,6912,3281
7076,6913,3282
7077,6914,3283
7078,6915,3284
7079,6916,3285
7080,6917,3286
7081,6918,3287
7082,6919,3288
7083,6920,3289
7084,6921,3290
7085,6922,3291
7086,6923,3292
7087,6924,3293
7088,6925,3294
7089,6926,3295
7090,6927,3296
7091,6928,3297
7092,6929,3298
7093,6930,3298
7094,6931,3298
7095,6932,3298
7096,6933,3298
7097,6934,3298
7098,6935,3298
7099,6936,3298
7100,6937,3298
7101,6938,3298
7102,6939,3298
7103,6940,3299
7104,6941,3299
7105,6942,3299
7106,6943,3299
7107,6944,3299
7108,6945,3299
7109,6946,3299
7110,6947,3299
7111,6948,3299
7112,6949,3299
7113,6950,3299
7114,6951,3299
7115,6952,3299
7116,6953,3299
7117,6954,3299
7118,6955,3299
7119,6956,3299
7120,6957,3300
7121,6958,3301
7122,6959,3302
7123,6960,3303
7124,6961,3304
7125,6962,3305
7126,6963,3305
7127,6964,3305
7128,6965,3305
7129,6966,3305
7130,6967,3305
7131,6968,3305
7132,6969,3305
7133,6970,3305
7134,6971,3305
7135,6972,3305
7136,6973,3305
7137,6974,3305
7138,6975,3305
7139,6976,3305
7140,6977,3305
7141,6978,3305
7142,6979,3306
7143,6980,3307
7144,6981,3308
7145,6982,3309
7146,6983,3310
7147,6984,3311
7148,6985,3312
7149,6986,3313
7150,6987,3314
7151,6988,3315
7152,6989,3315
7153,6990,3315
7154,6991,3315
7155,6992,3315
7156,6993,3315
7157,6994,3315
7158,6995,3315
7159,6996,3315
7160,6997,3315
7161,6998,3315
7162,6999,3316
7163,7000,3317
7164,7001,3317
7165,7002,3317
7166,7003,3317
7167,7004,3317
7168,7005,3317
7169,7006,3317
7170,7007,3317
7171,7008,3317
7172,7009,3317
7173,7010,3317
7174,7011,3317
7175,7012,3317
7176,7013,3318
7177,7014,3319
7178,7015,3320
7179,7016,3321
7180,7017,3322
7181,7018,3323
7182,7019,3324
7183,7020,3325
7184,7021,3326
7185,7022,3327
7186,7023,3328
7187,7024,3329
7188,7025,3329
7189,7026,3329
7190,7027,3329
7191,7028,3329
7192,7029,3329
7193,7030,3329
7194,7031,3329
7195,7032,3329
7196,7033,3329
7197,7034,3329
7198,7035,3330
7199,7036,3331
7200,7037,3332
7201,7038,3333
7202,7039,3334
7203,7040,3335
7204,7041,3336
7205,7042,3337
7206,7043,3338
7207,7044,3339
7208,7045,3340
7209,7046,3341
7210,7047,3342
7211,7048,3343
7212,7049,3344
7213,7050,3344
7214,7051,3344
7215,7052,3344
7216,7053,3344
7217,7054,3344
7218,7055,3344
7219,7056,3344
7220,7057,3344
7221,7058,3344
7222,7059,3344
7223,7060,3344
7224,7061,3344
7225,7062,3344
7226,7063,3344
7227,7064,3344
7228,7065,3344
7229,7066,3344
7230,7067,3344
7231,7068,3344
7232,7069,3344
7233,7070,3344
7234,7071,3344
7235,7072,3344
7236,7073,3344
7237,7074,3344
7238,7075,3344
7239,7076,3345
7240,7077,3346
7241,7078,3347
7242,7079,3348
7243,7080,3349
7244,7081,3350
7245,7082,3351
7246,7083,3352
7247,7084,3353
7248,7085,3354
7249,7086,3355
7250,7087,3356
7251,7088,3357
7252,7089,3357
7253,7090,3357
7254,7091,3357
7255,7092,3357
7256,7093,3357
7257,7094,3357
7258,7095,3357
7259,7096,3357
7260,7097,3357
7261,7098,3357
7262,7099,3357
7263,7100,3357
7264,7101,3357
7265,7102,3357
7266,7103,3357
7267,7104,3357
7268,7105,3357
7269,7106,3357
7270,7107,3357
7271,7108,3357
7272,7109,3357
7273,7110,3357
7274,7111,3357
7275,7112,3358
7276,7113,3359
7277,7114,3360
7278,7115,3361
7279,7116,3362
7280,7117,3363
7281,7118,3364
7282,7119,3365
7283,7120,3366
7284,7121,3367
7285,7122,3368
7286,7123,3369
7287,7124,3370
7288,7125,3371
7289,7126,3371
7290,7127,3371
7291,7128,3371
7292,7129,3371
7293,7130,3371
7294,7131,3371
7295,7132,3371
7296,7133,3371
7297,7134,3371
7298,7135,3371
7299,7136,3371
7300,7137,3371
7301,7138,3371
7302,7139,3371
7303,7140,3371
7304,7141,3371
7305,7142,3371
7306,7143,3371
7307,7144,3371
7308,7145,3371
7309,7146,3371
7310,7147,3371
7311,7148,3371
7312,7149,3371
7313,7150,3371
7314,7151,3371
7315,7152,3372
7316,7153,3373
7317,7154,3374
7318,7155,3375
7319,7156,3376
7320,7157,3377
7321,7158,3378
7322,7159,3379
7323,7160,3380
7324,7161,3381
7325,7162,3382
7326,7163,3383
7327,7164,3384
7328,7165,3385
7329,7166,3386
7330,7167,3387
7331,7168,3388
7332,7169,3388
7333,7170,3388
7334,7171,3388
7335,7172,3388
7336,7173,3388
7337,7174,3388
7338,7175,3388
7339,7176,3388
7340,7177,3388
7341,7178,3388
7342,7179,3388
7343,7180,3388
7344,7181,3388
7345,7182,3388
7346,7183,3388
7347,7184,3388
7348,7185,3388
7349,7186,3388
7350,7187,3388
7351,7188,3388
7352,7189,3388
7353,7190,3389
7354,7191,3390
7355,7192,3391
7356,7193,3392
7357,7194,3393
7358,7195,3394
7359,7196,3395
7360,7197,3396
7361,7198,3397
7362,7199,3398
7363,7200,3399
7364,7201,3400
7365,7202,3401
7366,7203,3402
7367,7204,3403
7368,7205,3404
7369,7206,3405
7370,7207,3406
7371,7208,3407
7372,7209,3408
7373,7210,3409
7374,7211,3410
7375,7212,3411
7376,7213,3412
7377,7214,3413
7378,7215,3414
7379,7216,3414
7380,7217,3414
7381,7218,3414
7382,7219,3414
7383,7220,3414
7384,7221,3414
7385,7222,3414
7386,7223,3414
7387,7224,3414
7388,7225,3414
7389,7226,3414
7390,7227,3414
7391,7228,3414
7392,7229,3414
7393,7230,3414
7394,7231,3414
7395,7232,3414
7396,7233,3414
7397,7234,3414
7398,7235,3414
7399,7236,3414
7400,7237,3414
7401,7238,3414
7402,7239,3414
7403,7240,3414
7404,7241,3414
7405,7242,3414
7406,7243,3414
7407,7244,3414
7408,7245,3414
7409,7246,3414
7410,7247,3414
7411,7248,3414
7412,7249,3414
7413,7250,3414
7414,7251,3414
7415,7252,3414
7416,7253,3414
7417,7254,3414
7418,7255,3414
7419,7256,3414
7420,7257,3414
7421,7258,3414
7422,7259,3414
7423,7260,3414
7424,7261,3414
7425,7262,3414
7426,7263,3414
7427,7264,3414
7428,7265,3414
7429,7266,3414
7430,7267,3414
7431,7268,3414
7432,7269,3414
7433,7270,3414
7434,7271,3414
7435,7272,3414
7436,7273,3415
7437,7274,3416
7438,7275,3417
7439,7276,3418
7440,7277,3419
7441,7278,3420
7442,7279,3421
7443,7280,3422
7444,7281,3423
7445,7282,3424
7446,7283,3425
7447,7284,3426
7448,7285,3427
7449,7286,3428
7450,7287,3428
7451,7288,3428
7452,7289,3428
7453,7290,3428
7454,7291,3428
7455,7292,3428
7456,7293,3428
7457,7294,3428
7458,7295,3428
7459,7296,3428
7460,7297,3428
7461,7298,3428
7462,7299,3428
7463,7300,3428
7464,7301,3428
7465,7302,3428
7466,7303,3428
7467,7304,3428
7468,7305,3428
7469,7306,3428
7470,7307,3428
7471,7308,3428
7472,7309,3428
7473,7310,3428
7474,7311,3429
7475,7312,3430
7476,7313,3431
7477,7314,3432
7478,7315,3433
7479,7316,3434
7480,7317,3435
7481,7318,3436
7482,7319,3437
7483,7320,3438
7484,7321,3439
7485,7322,3440
7486,7323,3441
7487,7324,3442
7488,7325,3443
7489,7326,3444
7490,7327,3444
7491,7328,3444
7492,7329,3444
7493,7330,3444
7494,7331,3444
7495,7332,3444
7496,7333,3444
7497,7334,3444
7498,7335,3444
7499,7336,3444
7500,7337,3445
7501,7338,3446
7502,7339,3447
7503,7340,3448
7504,7341,3449
7505,7342,3450
7506,7343,3451
7507,7344,3452
7508,7345,3453
7509,7346,3454
7510,7347,3455
7511,7348,3456
7512,7349,3457
7513,7350,3457
7514,7351,3457
7515,7352,3457
7516,7353,3457
7517,7354,3457
7518,7355,3457
7519,7356,3457
7520,7357,3457
7521,7358,3458
7522,7359,3459
7523,7360,3460
7524,7361,3461
7525,7362,3462
7526,7363,3463
7527,7364,3464
7528,7365,3465
7529,7366,3466
7530,7367,3467
7531,7368,3468
7532,7369,3469
7533,7370,3470
7534,7371,3470
7535,7372,3470
7536,7373,3470
7537,7374,3470
7538,7375,3470
7539,7376,3470
7540,7377,3470
7541,7378,3470
7542,7379,3470
7543,7380,3470
7544,7381,3470
7545,7382,3470
7546,7383,3470
7547,7384,3470
7548,7385,3470
7549,7386,3470
7550,7387,3470
7551,7388,3470
7552,7389,3470
7553,7390,3470
7554,7391,3470
7555,7392,3470
7556,7393,3470
7557,7394,3470
7558,7395,3470
7559,7396,3470
7560,7397,3470
7561,7398,3470
7562,7399,3471
7563,7400,3472
7564,7401,3473
7565,7402,3473
7566,7403,3473
7567,7404,3473
7568,7405,3473
7569,7406,3473
7570,7407,3473
7571,7408,3473
7572,7409,3473
7573,7410,3473
7574,7411,3473
7575,7412,3473
7576,7413,3473
7577,7414,3473
7578,7415,3473
7579,7416,3473
7580,7417,3473
7581,7418,3473
7582,7419,3473
7583,7420,3473
7584,7421,3473
7585,7422,3473
7586,7423,3473
7587,7424,3473
7588,7425,3474
7589,7426,3475
7590,7427,3476
7591,7428,3477
7592,7429,3478
7593,7430,3479
7594,7431,3480
7595,7432,3481
7596,7433,3482
7597,7434,3483
7598,7435,3484
7599,7436,3485
7600,7437,3486
7601,7438,3487
7602,7439,3488
7603,7440,3489
7604,7441,3490
7605,7442,3490
7606,7443,3490
7607,7444,3490
7608,7445,3490
7609,7446,3490
7610,7447,3490
7611,7448,3490
7612,7449,3490
7613,7450,3490
7614,7451,3490
7615,7452,3490
7616,7453,3490
7617,7454,3490
7618,7455,3490
7619,7456,3490
7620,7457,3490
7621,7458,3490
7622,7459,3490
7623,7460,3491
7624,7461,3491
7625,7462,3491
7626,7463,3491
7627,7464,3491
7628,7465,3491
7629,7466,3491
7630,7467,3491
7631,7468,3491
7632,7469,3492
7633,7470,3493
7634,7471,3494
7635,7472,3495
7636,7473,3496
7637,7474,3497
7638,7475,3498
7639,7476,3499
7640,7477,3500
7641,7478,3501
7642,7479,3502
7643,7480,3503
7644,7481,3504
7645,7482,3505
7646,7483,3506
7647,7484,3507
7648,7485,3508
7649,7486,3509
7650,7487,3509
7651,7488,3509
7652,7489,3509
7653,7490,3509
7654,7491,3509
7655,7492,3509
7656,7493,3509
7657,7494,3509
7658,7495,3509
7659,7496,3509
7660,7497,3509
7661,7498,3509
7662,7499,3509
7663,7500,3509
7664,7501,3509
7665,7502,3509
7666,7503,3509
7667,7504,3509
7668,7505,3509
7669,7506,3509
7670,7507,3509
7671,7508,3509
7672,7509,3509
7673,7510,3509
7674,7511,3509
7675,7512,3509
7676,7513,3510
7677,7514,3511
7678,7515,3512
7679,7516,3513
7680,7517,3514
7681,7518,3515
7682,7519,3516
7683,7520,3517
7684,7521,3518
7685,7522,3519
7686,7523,3520
7687,7524,3521
7688,7525,3522
7689,7526,3523
7690,7527,3524
7691,7528,3525
7692,7529,3526
7693,7530,3527
7694,7531,3527
7695,7532,3527
7696,7533,3527
7697,7534,3527
7698,7535,3527
7699,7536,3527
7700,7537,3527
7701,7538,3527
7702,7539,3527
7703,7540,3527
7704,7541,3527
7705,7542,3527
7706,7543,3527
7707,7544,3527
7708,7545,3527
7709,7546,3527
7710,7547,3527
7711,7548,3527
7712,7549,3527
7713,7550,3527
7714,7551,3527
7715,7552,3527
7716,7553,3527
7717,7554,3527
7718,7555,3527
7719,7556,3527
7720,7557,3527
7721,7558,3527
7722,7559,3527
7723,7560,3527
7724,7561,3527
7725,7562,3527
7726,7563,3527
7727,7564,3527
7728,7565,3527
7729,7566,3527
7730,7567,3527
7731,7568,3527
7732,7569,3527
7733,7570,3527
7734,7571,3527
7735,7572,3527
7736,7573,3527
7737,7574,3527
7738,7575,3527
7739,7576,3527
7740,7577,3527
7741,7578,3527
7742,7579,3527
7743,7580,3527
7744,7581,3528
7745,7582,3529
7746,7583,3530
7747,7584,3531
7748,7585,3532
7749,7586,3533
7750,7587,3534
7751,7588,3535
7752,7589,3536
7753,7590,3537
7754,7591,3538
7755,7592,3539
7756,7593,3540
7757,7594,3541
7758,7595,3542
7759,7596,3543
7760,7597,3544
7761,7598,3545
7762,7599,3546
7763,7600,3547
7764,7601,3548
7765,7602,3549
7766,7603,3550
7767,7604,3551
7768,7605,3552
7769,7606,3553
7770,7607,3553
7771,7608,3553
7772,7609,3553
7773,7610,3554
7774,7611,3555
7775,7612,3555
7776,7613,3555
7777,7614,3555
7778,7615,3555
7779,7616,3555
7780,7617,3555
7781,7618,3555
7782,7619,3555
7783,7620,3555
7784,7621,3555
7785,7622,3555
7786,7623,3555
7787,7624,3555
7788,7625,3555
7789,7626,3555
7790,7627,3555
7791,7628,3555
7792,7629,3555
7793,7630,3555
7794,7631,3555
7795,7632,3555
7796,7633,3555
7797,7634,3555
7798,7635,3555
7799,7636,3555
7800,7637,3555
7801,7638,3556
7802,7639,3557
7803,7640,3558
7804,7641,3559
7805,7642,3559
7806,7643,3559
7807,7644,3559
7808,7645,3559
7809,7646,3559
7810,7647,3560
7811,7648,3561
7812,7649,3562
7813,7650,3563
7814,7651,3564
7815,7652,3565
7816,7653,3566
7817,7654,3567
7818,7655,3568
7819,7656,3569
7820,7657,3570
7821,7658,3571
7822,7659,3572
7823,7660,3573
7824,7661,3574
7825,7662,3575
7826,7663,3576
7827,7664,3577
7828,7665,3578
7829,7666,3579
7830,7667,3580
7831,7668,3581
7832,7669,3582
7833,7670,3583
7834,7671,3583
7835,7672,3583
7836,7673,3583
7837,7674,3583
7838,7675,3583
7839,7676,3583
7840,7677,3583
7841,7678,3583
7842,7679,3583
7843,7680,3583
7844,7681,3583
7845,7682,3583
7846,7683,3583
7847,7684,3583
7848,7685,3583
7849,7686,3583
7850,7687,3583
7851,7688,3583
7852,7689,3583
7853,7690,3584
7854,7691,3585
7855,7692,3586
7856,7693,3586
7857,7694,3586
7858,7695,3586
7859,7696,3586
7860,7697,3586
7861,7698,3586
7862,7699,3586
7863,7700,3587
7864,7701,3587
7865,7702,3587
7866,7703,3587
7867,7704,3587
7868,7705,3587
7869,7706,3587
7870,7707,3587
7871,7708,3587
7872,7709,3587
7873,7710,3587
7874,7711,3587
7875,7712,3587
7876,7713,3587
7877,7714,3587
7878,7715,3588
7879,7716,3589
7880,7717,3590
7881,7718,3591
7882,7719,3592
7883,7720,3593
7884,7721,3594
7885,7722,3595
7886,7723,3596
7887,7724,3596
7888,7725,3597
7889,7726,3598
7890,7727,3599
7891,7728,3600
7892,7729,3601
7893,7730,3602
7894,7731,3603
7895,7732,3604
7896,7733,3605
7897,7734,3605
7898,7735,3605
7899,7736,3605
7900,7737,3605
7901,7738,3606
7902,7739,3607
7903,7740,3608
7904,7741,3609
7905,7742,3610
7906,7743,3611
7907,7744,3612
7908,7745,3613
7909,7746,3614
7910,7747,3615
7911,7748,3615
7912,7749,3616
7913,7750,3617
7914,7751,3617
7915,7752,3617
7916,7753,3617
7917,7754,3617
7918,7755,3617
7919,7756,3617
7920,7757,3617
7921,7758,3618
7922,7759,3619
7923,7760,3620
7924,7761,3620
7925,7762,3620
7926,7763,3620
7927,7764,3620
7928,7765,3620
7929,7766,3620
7930,7767,3620
7931,7768,3620
7932,7769,3620
7933,7770,3620
7934,7771,3620
7935,7772,3620
7936,7773,3620
7937,7774,3620
7938,7775,3620
7939,7776,3620
7940,7777,3620
7941,7778,3620
7942,7779,3620
7943,7780,3620
7944,7781,3620
7945,7782,3620
7946,7783,3620
7947,7784,3620
7948,7785,3620
7949,7786,3620
7950,7787,3620
7951,7788,3620
7952,7789,3620
7953,7790,3620
7954,7791,3620
7955,7792,3620
7956,7793,3620
7957,7794,3620
7958,7795,3620
7959,7796,3620
7960,7797,3620
7961,7798,3620
7962,7799,3620
7963,7800,3621
7964,7801,3622
7965,7802,3622
7966,7803,3622
7967,7804,3622
7968,7805,3622
7969,7806,3622
7970,7807,3622
7971,7808,3622
7972,7809,3622
7973,7810,3622
7974,7811,3622
7975,7812,3622
7976,7813,3622
7977,7814,3622
7978,7815,3622
7979,7816,3622
7980,7817,3622
7981,7818,3622
7982,7819,3622
7983,7820,3622
7984,7821,3622
7985,7822,3622
7986,7823,3622
7987,7824,3622
7988,7825,3622
7989,7826,3622
7990,7827,3622
7991,7828,3622
7992,7829,3622
7993,7830,3622
7994,7831,3622
7995,7832,3622
7996,7833,3622
7997,7834,3622
7998,7835,3622
7999,7836,3622
8000,7837,3622
8001,7838,3622
8002,7839,3622
8003,7840,3622
8004,7841,3622
8005,7842,3622
8006,7843,3622
8007,7844,3622
8008,7845,3622
8009,7846,3622
8010,7847,3622
8011,7848,3622
8012,7849,3622
8013,7850,3622
8014,7851,3622
8015,7852,3622
8016,7853,3622
8017,7854,3622
8018,7855,3622
8019,7856,3622
8020,7857,3622
8021,7858,3622
8022,7859,3622
8023,7860,3622
8024,7861,3622
8025,7862,3622
8026,7863,3622
8027,7864,3622
8028,7865,3622
8029,7866,3622
8030,7867,3623
8031,7868,3624
8032,7869,3625
8033,7870,3626
8034,7871,3627
8035,7872,3628
8036,7873,3629
8037,7874,3630
8038,7875,3631
8039,7876,3632
8040,7877,3633
8041,7878,3634
8042,7879,3635
8043,7880,3636
8044,7881,3637
8045,7882,3637
8046,7883,3637
8047,7884,3638
8048,7885,3639
8049,7886,3640
8050,7887,3641
8051,7888,3642
8052,7889,3643
8053,7890,3644
8054,7891,3645
8055,7892,3646
8056,7893,3647
8057,7894,3648
8058,7895,3649
8059,7896,3650
8060,7897,3651
8061,7898,3652
8062,7899,3653
8063,7900,3654
8064,7901,3655
8065,7902,3656
8066,7903,3657
8067,7904,3658
8068,7905,3659
8069,7906,3660
8070,7907,3661
8071,7908,3662
8072,7909,3663
8073,7910,3664
8074,7911,3665
8075,7912,3666
8076,7913,3667
8077,7914,3668
8078,7915,3669
8079,7916,3670
8080,7917,3671
8081,7918,3672
8082,7919,3673
8083,7920,3674
8084,7921,3675
8085,7922,3676
8086,7923,3677
8087,7924,3678
8088,7925,3679
8089,7926,3680
8090,7927,3681
8091,7928,3682
8092,7929,3683
8093,7930,3684
8094,7931,3685
8095,7932,3686
8096,7933,3687
8097,7934,3688
8098,7935,3689
8099,7936,3690
8100,7937,3691
8101,7938,3692
8102,7939,3693
8103,7940,3694
8104,7941,3695
8105,7942,3696
8106,7943,3697
8107,7944,3698
8108,7945,3699
8109,7946,3700
8110,7947,3701
8111,7948,3702
8112,7949,3703
8113,7950,3703
8114,7951,3703
8115,7952,3703
8116,7953,3703
8117,7954,3703
8118,7955,3703
8119,7956,3703
8120,7957,3703
8121,7958,3703
8122,7959,3703
8123,7960,3703
8124,7961,3703
8125,7962,3703
8126,7963,3703
8127,7964,3703
8128,7965,3703
8129,7966,3703
8130,7967,3703
8131,7968,3703
8132,7969,3703
8133,7970,3703
8134,7971,3703
8135,7972,3703
8136,7973,3703
8137,7974,3703
8138,7975,3703
8139,7976,3703
8140,7977,3703
8141,7978,3703
8142,7979,3703
8143,7980,3703
8144,7981,3703
8145,7982,3703
8146,7983,3703
8147,7984,3703
8148,7985,3703
8149,7986,3703
8150,7987,3703
8151,7988,3703
8152,7989,3703
8153,7990,3703
8154,7991,3703
8155,7992,3703
8156,7993,3703
8157,7994,3703
8158,7995,3703
8159,7996,3703
8160,7997,3703
8161,7998,3703
8162,7999,3703
8163,8000,3703
8164,8001,3703
8165,8002,3703
8166,8003,3703
8167,8004,3703
8168,8005,3703
8169,8006,3703
8170,8007,3703
8171,8008,3703
8172,8009,3703
8173,8010,3703
8174,8011,3703
8175,8012,3703
8176,8013,3703
8177,8014,3703
8178,8015,3703
8179,8016,3703
8180,8017,3703
8181,8018,3703
8182,8019,3703
8183,8020,3703
8184,8021,3703
8185,8022,3703
8186,8023,3703
8187,8024,3703
8188,8025,3703
8189,8026,3703
8190,8027,3703
8191,8028,3703
8192,8029,3703
8193,8030,3703
8194,8031,3703
8195,8032,3703
8196,8033,3703
8197,8034,3703
8198,8035,3703
8199,8036,3703
8200,8037,3703
8201,8038,3703
8202,8039,3703
8203,8040,3704
8204,8041,3705
8205,8042,3706
8206,8043,3707
8207,8044,3708
8208,8045,3709
8209,8046,3710
8210,8047,3711
8211,8048,3712
8212,8049,3713
8213,8050,3714
8214,8051,3715
8215,8052,3716
8216,8053,3717
8217,8054,3718
8218,8055,3719
8219,8056,3720
8220,8057,3721
8221,8058,3722
8222,8059,3723
8223,8060,3724
8224,8061,3725
8225,8062,3726
8226,8063,3727
8227,8064,3728
8228,8065,3729
8229,8066,3730
8230,8067,3731
8231,8068,3732
8232,8069,3733
8233,8070,3734
8234,8071,3735
8235,8072,3736
8236,8073,3737
8237,8074,3738
8238,8075,3739
8239,8076,3740
8240,8077,3741
8241,8078,3742
8242,8079,3743
8243,8080,3744
8244,8081,3745
8245,8082,3746
8246,8083,3747
8247,8084,3748
8248,8085,3749
8249,8086,3750
8250,8087,3751
8251,8088,3752
8252,8089,3753
8253,8090,3754
8254,8091,3755
8255,8092,3756
8256,8093,3757
8257,8094,3758
8258,8095,3759
8259,8096,3760
8260,8097,3761
8261,8098,3762
8262,8099,3763
8263,8100,3764
8264,8101,3765
8265,8102,3766
8266,8103,3767
8267,8104,3768
8268,8105,3769
8269,8106,3770
8270,8107,3771
8271,8108,3772
8272,8109,3773
8273,8110,3774
8274,8111,3775
8275,8112,3776
8276,8113,3777
8277,8114,3778
8278,8115,3779
8279,8116,3780
8280,8117,3781
8281,8118,3782
8282,8119,3783
8283,8120,3784
8284,8121,3785
8285,8122,3786
8286,8123,3787
8287,8124,3788
8288,8125,3789
8289,8126,3790
8290,8127,3791
8291,8128,3792
8292,8129,3793
8293,8130,3794
8294,8131,3795
8295,8132,3796
8296,8133,3797
8297,8134,3798
8298,8135,3799
8299,8136,3800
8300,8137,3801
8301,8138,3802
8302,8139,3803
8303,8140,3804
8304,8140,3805
8305,8140,3806
8306,8140,3807
8307,8140,3808
8308,8140,3809
8309,8140,3810
8310,8140,3811
8311,8140,3812
8312,8140,3813
8313,8140,3814
8314,8140,3815
8315,8140,3816
8316,8140,3817
8317,8140,3818
8318,8140,3819
8319,8140,3820
8320,8140,3821
8321,8140,3822
8322,8140,3823
8323,8140,3824
8324,8140,3825
8325,8140,3826
8326,8140,3827
8327,8140,3828
8328,8140,3829
8329,8140,3830
8330,8140,3831
8331,8140,3832
8332,8140,3833
8333,8140,3834
8334,8141,3835
8335,8142,3836
8336,8143,3837
8337,8144,3838
8338,8145,3839
8339,8146,3840
8340,8147,3841
8341,8148,3842
8342,8149,3843
8343,8150,3844
8344,8151,3845
8345,8152,3846
8346,8153,3847
8347,8154,3848
8348,8155,3849
8349,8156,3850
8350,8157,3851
8351,8158,3852
8352,8159,3853
8353,8160,3854
8354,8160,3855
8355,8160,3856
8356,8160,3857
8357,8160,3858
8358,8160,3859
8359,8160,3860
8360,8161,3861
8361,8162,3862
8362,8163,3863
8363,8164,3864
8364,8165,3865
8365,8166,3866
8366,8167,3867
8367,8168,3868
8368,8169,3869
8369,8170,3870
8370,8171,3871
8371,8172,3872
8372,8173,3873
8373,8174,3874
8374,8175,3875
8375,8176,3876
8376,8177,3877
8377,8178,3878
8378,8179,3879
8379,8180,3880
8380,8181,3881
8381,8182,3882
8382,8183,3883
8383,8184,3884
8384,8185,3885
8385,8186,3886
8386,8187,3887
8387,8188,3888
8388,8189,3889
8389,8190,3890
8390,8191,3891
8391,8192,3892
8392,8193,3893
8393,8194,3894
8394,8195,3895
8395,8196,3896
8396,8197,3897
8397,8198,3898
8398,8199,3899
8399,8200,3900
8400,8201,3901
8401,8202,3902
8402,8203,3903
8403,8204,3904
8404,8205,3905
8405,8206,3906
8406,8207,3907
8407,8208,3908
8408,8209,3909
8409,8210,3910
8410,8211,3911
8411,8212,3912
8412,8213,3913
8413,8214,3914
8414,8215,3915
8415,8216,3916
8416,8217,3917
8417,8218,3918
8418,8219,3919
8419,8220,3920
8420,8221,3921
8421,8222,3922
8422,8223,3923
8423,8224,3924
8424,8225,3925
8425,8226,3926
8426,8227,3927
8427,8228,3928
8428,8229,3929
8429,8230,3930
8430,8231,3931
8431,8232,3932
8432,8233,3933
8433,8234,3934
8434,8235,3935
8435,8236,3936
8436,8237,3937
8437,8238,3938
8438,8239,3939
8439,8240,3940
8440,8241,3941
8441,8242,3942
8442,8243,3943
8443,8244,3944
8444,8245,3945
8445,8246,3946
8446,8247,3947
8447,8248,3948
8448,8249,3949
8449,8250,3950
8450,8251,3951
8451,8252,3952
8452,8253,3953
8453,8254,3954
8454,8255,3955
8455,8256,3956
8456,8257,3957
8457,8258,3958
8458,8259,3959
8459,8260,3960
8460,8261,3961
8461,8262,3962
8462,8263,3963
8463,8264,3964
8464,8265,3965
8465,8266,3966
8466,8267,3967
8467,8268,3968
8468,8269,3969
8469,8270,3970
8470,8271,3971
8471,8272,3972
8472,8273,3973
8473,8274,3974
8474,8275,3975
8475,8276,3976
8476,8277,3977
8477,8278,3978
8478,8279,3979
8479,8280,3980
8480,8281,3981
8481,8282,3982
8482,8283,3983
8483,8284,3984
8484,8285,3985
8485,8286,3986
8486,8287,3987
8487,8288,3988
8488,8289,3989
8489,8290,3990
8490,8291,3991
8491,8292,3992
8492,8293,3993
8493,8294,3994
8494,8295,3995
8495,8296,3996
8496,8297,3997
8497,8298,3998
8498,8299,3999
8499,8300,4000
8500,8301,4001
8501,8302,4002
8502,8303,4003
8503,8304,4004
8504,8305,4005
8505,8306,4006
8506,8307,4007
8507,8308,4008
8508,8309,4009
8509,8310,4010
8510,8311,4011
8511,8312,4012
8512,8313,4013
8513,8314,4014
8514,8315,4015
8515,8316,4016
8516,8317,4017
8517,8318,4018
8518,8319,4019
8519,8320,4020
8520,8321,4021
8521,8322,4022
8522,8323,4023
8523,8324,4024
8524,8325,4025
8525,8326,4026
8526,8327,4027
8527,8328,4028
8528,8329,4029
8529,8330,4030
8530,8331,4031
8531,8332,4032
8532,8333,4033
8533,8334,4034
8534,8335,4035
8535,8336,4036
8536,8337,4037
8537,8338,4038
8538,8339,4039
8539,8340,4040
8540,8341,4041
8541,8342,4042
8542,8343,4043
8543,8344,4044
8544,8345,4045
8545,8346,4046
8546,8347,4047
8547,8348,4048
8548,8349,4049
8549,8350,4050
8550,8351,4051
8551,8352,4052
8552,8353,4053
8553,8354,4054
8554,8355,4055
8555,8356,4056
8556,8357,4057
8557,8358,4058
8558,8359,4059
8559,8360,4060
8560,8361,4061
8561,8362,4061
8562,8363,4061
8563,8364,4061
8564,8365,4061
8565,8366,4061
8566,8367,4061
8567,8368,4061
8568,8369,4061
8569,8370,4061
8570,8371,4061
8571,8372,4061
8572,8373,4061
8573,8374,4061
8574,8375,4061
8575,8376,4061
8576,8377,4061
8577,8378,4061
8578,8379,4061
8579,8380,4062
8580,8381,4062
8581,8382,4062
8582,8383,4062
8583,8384,4062
8584,8385,4062
8585,8386,4062
8586,8387,4062
8587,8388,4062
8588,8389,4062
8589,8390,4062
8590,8391,4063
8591,8392,4064
8592,8393,4065
8593,8394,4066
8594,8395,4067
8595,8396,4068
8596,8397,4069
8597,8398,4070
8598,8399,4071
8599,8400,4072
8600,8401,4073
8601,8402,4074
8602,8403,4075
8603,8404,4076
8604,8405,4077
8605,8406,4078
8606,8407,4079
8607,8408,4080
8608,8409,4081
8609,8410,4082
8610,8411,4083
8611,8412,4084
8612,8413,4085
8613,8414,4086
8614,8415,4087
8615,8416,4088
8616,8417,4089
8617,8418,4090
8618,8419,4091
8619,8420,4092
8620,8421,4093
8621,8422,4094
8622,8423,4095
8623,8424,4096
8624,8425,4097
8625,8426,4098
8626,8427,4099
8627,8428,4100
8628,8429,4101
8629,8430,4102
8630,8431,4103
8631,8432,4104
8632,8433,4105
8633,8434,4106
8634,8435,4107
8635,8436,4108
8636,8437,4109
8637,8438,4110
8638,8439,4111
8639,8440,4112
8640,8441,4113
8641,8442,4114
8642,8443,4115
8643,8444,4116
8644,8445,4117
8645,8446,4118
8646,8447,4119
8647,8448,4120
8648,8449,4121
8649,8450,4122
8650,8451,4122
8651,8452,4122
8652,8453,4122
8653,8454,4122
8654,8455,4122
8655,8456,4122
8656,8457,4122
8657,8458,4122
8658,8459,4122
8659,8460,4122
8660,8461,4122
8661,8462,4122
8662,8463,4122
8663,8464,4122
8664,8465,4122
8665,8466,4122
8666,8467,4122
8667,8468,4122
8668,8469,4122
8669,8470,4122
8670,8471,4122
8671,8472,4122
8672,8473,4123
8673,8474,4124
8674,8475,4125
8675,8476,4126
8676,8477,4127
8677,8478,4128
8678,8479,4129
8679,8480,4130
8680,8481,4131
8681,8482,4132
8682,8483,4133
8683,8484,4134
8684,8485,4135
8685,8486,4136
8686,8487,4137
8687,8488,4138
8688,8489,4139
8689,8490,4140
8690,8491,4140
8691,8492,4140
8692,8493,4140
8693,8494,4140
8694,8495,4140
8695,8496,4140
8696,8497,4140
8697,8498,4140
8698,8499,4140
8699,8500,4140
8700,8501,4140
8701,8502,4140
8702,8503,4140
8703,8504,4140
8704,8505,4140
8705,8506,4140
8706,8507,4140
8707,8508,4140
8708,8509,4140
8709,8510,4140
8710,8511,4140
8711,8512,4140
8712,8513,4140
8713,8514,4141
8714,8515,4142
8715,8516,4143
8716,8517,4144
8717,8518,4145
8718,8519,4146
8719,8520,4147
8720,8521,4148
8721,8522,4149
8722,8523,4150
8723,8524,4151
8724,8525,4152
8725,8526,4153
8726,8527,4154
8727,8528,4155
8728,8529,4156
8729,8530,4157
8730,8531,4158
8731,8532,4159
8732,8533,4160
8733,8534,4161
8734,8535,4162
8735,8536,4163
8736,8537,4164
8737,8538,4165
8738,8539,4166
8739,8540,4167
8740,8540,4168
8741,8540,4169
8742,8540,4170
8743,8541,4171
8744,8542,4172
8745,8543,4173
8746,8544,4174
8747,8545,4175
8748,8546,4176
8749,8547,4177
8750,8548,4178
8751,8549,4179
8752,8550,4180
8753,8551,4181
8754,8552,4182
8755,8553,4183
8756,8554,4184
8757,8555,4185
8758,8556,4186
8759,8557,4187
8760,8558,4188
8761,8559,4189
8762,8560,4190
8763,8561,4191
8764,8562,4192
8765,8563,4193
8766,8564,4194
8767,8565,4195
8768,8566,4196
8769,8567,4197
8770,8568,4198
8771,8569,4199
8772,8570,4200
8773,8571,4201
8774,8572,4202
8775,8573,4203
8776,8574,4204
8777,8575,4205
8778,8576,4205
8779,8577,4205
8780,8578,4205
8781,8579,4205
8782,8580,4205
8783,8581,4205
8784,8582,4205
8785,8583,4205
8786,8584,4205
8787,8585,4205
8788,8586,4205
8789,8587,4205
8790,8588,4205
8791,8589,4205
8792,8590,4205
8793,8591,4205
8794,8592,4205
8795,8593,4205
8796,8594,4205
8797,8595,4205
8798,8596,4205
8799,8597,4205
8800,8598,4205
8801,8599,4206
8802,8600,4207
8803,8601,4208
8804,8602,4209
8805,8603,4210
8806,8604,4211
8807,8605,4212
8808,8606,4213
8809,8607,4214
8810,8608,4214
8811,8609,4215
8812,8610,4216
8813,8611,4217
8814,8612,4218
8815,8613,4219
8816,8614,4220
8817,8615,4221
8818,8616,4222
8819,8617,4223
8820,8618,4224
8821,8619,4225
8822,8620,4226
8823,8621,4227
8824,8622,4228
8825,8623,4229
8826,8624,4230
8827,8625,4231
8828,8626,4232
8829,8627,4233
8830,8628,4234
8831,8629,4235
8832,8630,4236
8833,8631,4237
8834,8632,4238
8835,8633,4239
8836,8634,4240
8837,8635,4241
8838,8636,4242
8839,8637,4243
8840,8638,4244
8841,8639,4245
8842,8640,4246
8843,8641,4247
8844,8642,4248
8845,8643,4248
8846,8644,4248
8847,8645,4248
8848,8646,4248
8849,8647,4248
8850,8648,4248
8851,8649,4248
8852,8650,4248
8853,8651,4248
8854,8652,4248
8855,8653,4248
8856,8654,4248
8857,8655,4248
8858,8656,4248
8859,8657,4248
8860,8658,4248
8861,8659,4248
8862,8660,4248
8863,8661,4248
8864,8662,4248
8865,8663,4248
8866,8664,4248
8867,8665,4248
8868,8666,4248
8869,8667,4248
8870,8668,4248
8871,8669,4248
8872,8670,4248
8873,8671,4248
8874,8672,4248
8875,8673,4248
8876,8674,4248
8877,8675,4248
8878,8676,4249
8879,8677,4250
8880,8678,4251
8881,8679,4252
8882,8680,4253
8883,8681,4254
8884,8682,4255
8885,8683,4256
8886,8684,4257
8887,8685,4258
8888,8686,4259
8889,8687,4260
8890,8688,4261
8891,8689,4262
8892,8690,4263
8893,8691,4264
8894,8692,4265
8895,8693,4266
8896,8694,4267
8897,8695,4268
8898,8696,4269
8899,8697,4270
8900,8698,4271
8901,8699,4272
8902,8700,4273
8903,8701,4274
8904,8702,4275
8905,8703,4276
8906,8704,4277
8907,8705,4278
8908,8706,4279
8909,8707,4280
8910,8708,4281
8911,8709,4282
8912,8710,4283
8913,8711,4284
8914,8712,4285
8915,8713,4286
8916,8714,4287
8917,8715,4288
8918,8716,4289
8919,8717,4290
8920,8718,4291
8921,8719,4292
8922,8720,4293
8923,8720,4294
8924,8720,4295
8925,8721,4296
8926,8722,4297
8927,8723,4298
8928,8724,4299
8929,8725,4300
8930,8726,4301
8931,8727,4302
8932,8728,4303
8933,8729,4304
8934,8730,4305
8935,8731,4306
8936,8732,4307
8937,8733,4308
8938,8734,4309
8939,8735,4310
8940,8736,4311
8941,8737,4312
8942,8738,4313
8943,8739,4314
8944,8740,4315
8945,8741,4316
8946,8742,4317
8947,8743,4318
8948,8744,4319
8949,8745,4320
8950,8746,4321
8951,8747,4322
8952,8748,4323
8953,8749,4324
8954,8750,4325
8955,8751,4326
8956,8752,4327
8957,8753,4328
8958,8754,4329
8959,8755,4330
8960,8756,4331
8961,8757,4332
8962,8758,4333
8963,8759,4334
8964,8760,4335
8965,8761,4336
8966,8762,4337
8967,8763,4338
8968,8764,4339
8969,8765,4340
8970,8766,4341
8971,8767,4342
8972,8768,4343
8973,8769,4344
8974,8770,4345
8975,8771,4346
8976,8772,4347
8977,8773,4348
8978,8774,4349
8979,8775,4350
8980,8776,4351
8981,8777,4352
8982,8778,4352
8983,8779,4352
8984,8780,4352
8985,8781,4352
8986,8782,4352
8987,8783,4352
8988,8784,4352
8989,8785,4352
8990,8786,4352
8991,8787,4352
8992,8788,4352
8993,8789,4352
8994,8790,4352
8995,8791,4352
8996,8792,4352
8997,8793,4352
8998,8794,4352
8999,8795,4352
9000,8796,4353
9001,8797,4354
9002,8798,4355
9003,8799,4356
9004,8800,4357
9005,8801,4358
9006,8802,4359
9007,8803,4360
9008,8804,4361
9009,8805,4362
9010,8806,4363
9011,8807,4364
9012,8808,4365
9013,8809,4366
9014,8810,4367
9015,8811,4368
9016,8812,4369
9017,8813,4370
9018,8814,4370
9019,8815,4370
9020,8816,4370
9021,8817,4370
9022,8818,4370
9023,8819,4370
9024,8820,4370
9025,8821,4370
9026,8822,4370
9027,8823,4370
9028,8824,4370
9029,8825,4370
9030,8826,4370
9031,8827,4370
9032,8828,4370
9033,8829,4370
9034,8830,4370
9035,8831,4370
9036,8832,4370
9037,8833,4370
9038,8834,4370
9039,8835,4370
9040,8836,4370
9041,8837,4370
9042,8838,4370
9043,8839,4370
9044,8840,4370
9045,8841,4370
9046,8842,4370
9047,8843,4370
9048,8844,4370
9049,8845,4370
9050,8846,4370
9051,8847,4370
9052,8848,4370
9053,8849,4370
9054,8850,4370
9055,8851,4370
9056,8852,4370
9057,8853,4370
9058,8854,4370
9059,8855,4370
9060,8856,4370
9061,8857,4370
9062,8858,4370
9063,8859,4370
9064,8860,4370
9065,8861,4370
9066,8862,4370
9067,8863,4370
9068,8864,4370
9069,8865,4370
9070,8866,4370
9071,8867,4370
9072,8868,4370
9073,8869,4370
9074,8870,4370
9075,8871,4370
9076,8872,4370
9077,8873,4370
9078,8874,4370
9079,8875,4370
9080,8876,4370
9081,8877,4370
9082,8878,4371
9083,8879,4372
9084,8880,4373
9085,8881,4374
9086,8882,4375
9087,8883,4376
9088,8884,4377
9089,8885,4378
9090,8886,4379
9091,8887,4380
9092,8888,4381
9093,8889,4382
9094,8890,4383
9095,8891,4384
9096,8892,4385
9097,8893,4386
9098,8894,4387
9099,8895,4388
9100,8896,4389
9101,8897,4390
9102,8898,4391
9103,8899,4392
9104,8900,4393
9105,8901,4394
9106,8902,4395
9107,8903,4396
9108,8904,4397
9109,8905,4398
9110,8906,4399
9111,8907,4400
9112,8908,4401
9113,8909,4402
9114,8910,4403
9115,8911,4404
9116,8912,4405
9117,8913,4406
9118,8914,4407
9119,8915,4408
9120,8916,4409
9121,8917,4410
9122,8918,4411
9123,8919,4412
9124,8920,4413
9125,8921,4414
9126,8922,4415
9127,8923,4416
9128,8924,4417
9129,8925,4418
9130,8926,4419
9131,8927,4420
9132,8928,4421
9133,8929,4422
9134,8930,4423
9135,8931,4424
9136,8932,4425
9137,8933,4426
9138,8934,4427
9139,8935,4428
9140,8936,4429
9141,8937,4430
9142,8938,4431
9143,8939,4432
9144,8940,4433
9145,8941,4434
9146,8942,4435
9147,8943,4436
9148,8944,4437
9149,8945,4438
9150,8946,4439
9151,8947,4440
9152,8948,4441
9153,8949,4442
9154,8950,4443
9155,8951,4444
9156,8952,4445
9157,8953,4446
9158,8954,4447
9159,8955,4448
9160,8956,4449
9161,8957,4450
9162,8958,4451
9163,8959,4452
9164,8960,4453
9165,8960,4454
9166,8960,4455
9167,8960,4456
9168,8960,4457
9169,8961,4458
9170,8962,4459
9171,8963,4460
9172,8964,4461
9173,8965,4462
9174,8966,4463
9175,8967,4464
9176,8968,4465
9177,8969,4466
9178,8970,4467
9179,8971,4468
9180,8972,4469
9181,8973,4470
9182,8974,4471
9183,8975,4472
9184,8976,4473
9185,8977,4474
9186,8978,4475
9187,8979,4476
9188,8980,4477
9189,8981,4478
9190,8982,4479
9191,8983,4480
9192,8984,4481
9193,8985,4482
9194,8986,4483
9195,8987,4484
9196,8988,4485
9197,8989,4486
9198,8990,4487
9199,8991,4488
9200,8992,4489
9201,8993,4490
9202,8994,4491
9203,8995,4492
9204,8996,4493
9205,8997,4494
9206,8998,4495
9207,8999,4496
9208,9000,4497
9209,9001,4498
9210,9002,4499
9211,9003,4500
9212,9004,4501
9213,9005,4502
9214,9006,4503
9215,9007,4504
9216,9008,4505
9217,9009,4506
9218,9010,4507
9219,9011,4508
9220,9012,4509
9221,9013,4510
9222,9014,4511
9223,9015,4512
9224,9016,4513
9225,9017,4514
9226,9018,4515
9227,9019,4516
9228,9020,4517
9229,9020,4518
9230,9020,4519
9231,9020,4520
9232,9021,4521
9233,9022,4522
9234,9023,4523
9235,9024,4524
9236,9025,4525
9237,9026,4526
9238,9027,4527
9239,9028,4528
9240,9029,4529
9241,9030,4530
9242,9031,4531
9243,9032,4532
9244,9033,4533
9245,9034,4534
9246,9035,4535
9247,9036,4536
9248,9037,4537
9249,9038,4538
9250,9039,4539
9251,9040,4540
9252,9041,4541
9253,9042,4542
9254,9043,4543
9255,9044,4544
9256,9045,4545
9257,9046,4546
9258,9047,4547
9259,9048,4548
9260,9049,4549
9261,9050,4550
9262,9051,4551
9263,9052,4552
9264,9053,4553
9265,9054,4554
9266,9055,4555
9267,9056,4556
9268,9057,4557
9269,9058,4558
9270,9059,4559
9271,9060,4560
9272,9061,4561
9273,9062,4562
9274,9063,4563
9275,9064,4564
9276,9065,4565
9277,9066,4566
9278,9067,4567
9279,9068,4568
9280,9069,4569
9281,9070,4570
9282,9071,4571
9283,9072,4572
9284,9073,4573
9285,9074,4574
9286,9075,4575
9287,9076,4576
9288,9077,4577
9289,9078,4578
9290,9079,4579
9291,9080,4580
9292,9081,4581
9293,9082,4582
9294,9083,4583
9295,9084,4584
9296,9085,4585
9297,9086,4586
9298,9087,4587
9299,9088,4588
9300,9089,4589
9301,9090,4590
9302,9091,4591
9303,9092,4592
9304,9093,4593
9305,9094,4594
9306,9095,4595
9307,9096,4596
9308,9097,4597
9309,9098,4598
9310,9099,4599
9311,9100,4600
9312,9101,4601
9313,9102,4602
9314,9103,4603
9315,9104,4604
9316,9105,4605
9317,9106,4606
9318,9107,4607
9319,9108,4608
9320,9109,4609
9321,9110,4610
9322,9111,4611
9323,9112,4612
9324,9113,4613
9325,9114,4614
9326,9115,4615
9327,9116,4616
9328,9117,4617
9329,9118,4618
9330,9119,4619
9331,9120,4620
9332,9121,4621
9333,9122,4622
9334,9123,4623
9335,9124,4624
9336,9125,4625
9337,9126,4626
9338,9127,4627
9339,9128,4628
9340,9129,4629
9341,9130,4630
9342,9131,4631
9343,9132,4632
9344,9133,4633
9345,9134,4634
9346,9135,4635
9347,9136,4636
9348,9137,4637
9349,9138,4638
9350,9139,4639
9351,9140,4640
9352,9141,4641
9353,9142,4642
9354,9143,4643
9355,9144,4644
9356,9145,4645
9357,9146,4646
9358,9147,4647
9359,9148,4648
9360,9149,4649
9361,9150,4650
9362,9151,4651
9363,9152,4652
9364,9153,4653
9365,9154,4654
9366,9155,4655
9367,9156,4656
9368,9157,4657
9369,9158,4658
9370,9159,4659
9371,9160,4660
9372,9161,4661
9373,9162,4662
9374,9163,4663
9375,9164,4664
9376,9165,4665
9377,9166,4666
9378,9167,4667
9379,9168,4668
9380,9169,4669
9381,9170,4670
9382,9171,4671
9383,9172,4672
9384,9173,4673
9385,9174,4674
9386,9175,4675
9387,9176,4676
9388,9177,4677
9389,9178,4678
9390,9179,4679
9391,9180,4680
9392,9181,4681
9393,9182,4682
9394,9183,4683
9395,9184,4684
9396,9185,4685
9397,9186,4686
9398,9187,4687
9399,9188,4688
9400,9189,4689
9401,9190,4690
9402,9191,4691
9403,9192,4692
9404,9193,4693
9405,9194,4694
9406,9195,4695
9407,9196,4696
9408,9197,4697
9409,9198,4698
9410,9199,4699
9411,9200,4700
9412,9201,4701
9413,9202,4702
9414,9203,4703
9415,9204,4704
9416,9205,4705
9417,9206,4706
9418,9207,4707
9419,9208,4708
9420,9209,4709
9421,9210,4710
9422,9211,4711
9423,9212,4712
9424,9213,4713
9425,9214,4714
9426,9215,4715
9427,9216,4716
9428,9217,4717
9429,9218,4718
9430,9219,4719
9431,9220,4720
9432,9221,4721
9433,9222,4722
9434,9223,4723
9435,9224,4724
9436,9225,4725
9437,9226,4726
9438,9227,4727
9439,9228,4728
9440,9229,4729
9441,9230,4730
9442,9231,4731
9443,9232,4732
9444,9233,4733
9445,9234,4734
9446,9235,4735
9447,9236,4736
9448,9237,4737
9449,9238,4738
9450,9239,4739
9451,9240,4740
9452,9241,4741
9453,9242,4742
9454,9243,4743
9455,9244,4744
9456,9245,4745
9457,9246,4745
9458,9247,4745
9459,9248,4745
9460,9249,4745
9461,9250,4745
9462,9251,4745
9463,9252,4745
9464,9253,4745
9465,9254,4746
9466,9255,4747
9467,9256,4748
9468,9257,4749
9469,9258,4750
9470,9259,4751
9471,9260,4752
9472,9261,4753
9473,9262,4753
9474,9263,4753
9475,9264,4753
9476,9265,4753
9477,9266,4753
9478,9267,4753
9479,9268,4753
9480,9269,4753
9481,9270,4753
9482,9271,4753
9483,9272,4753
9484,9273,4753
9485,9274,4753
9486,9275,4754
9487,9276,4755
9488,9277,4756
9489,9278,4757
9490,9279,4758
9491,9280,4759
9492,9281,4760
9493,9282,4761
9494,9283,4762
9495,9284,4763
9496,9285,4764
9497,9286,4765
9498,9287,4766
9499,9288,4767
9500,9289,4768
9501,9290,4769
9502,9291,4769
9503,9292,4769
9504,9293,4769
9505,9294,4769
9506,9295,4769
9507,9296,4769
9508,9297,4769
9509,9298,4769
9510,9299,4769
9511,9300,4769
9512,9301,4770
9513,9302,4771
9514,9303,4772
9515,9304,4773
9516,9305,4774
9517,9306,4775
9518,9307,4776
9519,9308,4777
9520,9309,4778
9521,9310,4779
9522,9311,4780
9523,9312,4781
9524,9313,4782
9525,9314,4783
9526,9315,4784
9527,9316,4785
9528,9317,4786
9529,9318,4787
9530,9319,4788
9531,9320,4789
9532,9321,4790
9533,9322,4791
9534,9323,4792
9535,9324,4793
9536,9325,4794
9537,9326,4795
9538,9327,4796
9539,9328,4797
9540,9329,4798
9541,9330,4799
9542,9331,4800
9543,9332,4801
9544,9333,4802
9545,9334,4803
9546,9335,4804
9547,9336,4805
9548,9337,4806
9549,9338,4807
9550,9339,4808
9551,9340,4809
9552,9341,4810
9553,9342,4811
9554,9343,4812
9555,9344,4813
9556,9345,4814
9557,9346,4815
9558,9347,4816
9559,9348,4817
9560,9349,4818
9561,9350,4819
9562,9351,4820
9563,9352,4821
9564,9353,4822
9565,9354,4823
9566,9355,4824
9567,9356,4825
9568,9357,4826
9569,9358,4827
9570,9359,4828
9571,9360,4829
9572,9360,4830
9573,9360,4831
9574,9360,4832
9575,9360,4833
9576,9360,4834
9577,9360,4835
9578,9360,4836
9579,9360,4837
9580,9360,4838
9581,9360,4839
9582,9360,4840
9583,9360,4841
9584,9360,4842
9585,9360,4843
9586,9360,4844
9587,9360,4845
9588,9360,4846
9589,9360,4847
9590,9360,4848
9591,9360,4849
9592,9360,4850
9593,9360,4851
9594,9360,4852
9595,9360,4853
9596,9360,4854
9597,9360,4855
9598,9360,4856
9599,9360,4857
9600,9360,4858
9601,9360,4859
9602,9360,4860
9603,9360,4861
9604,9360,4862
9605,9360,4863
9606,9360,4864
9607,9360,4865
9608,9360,4866
9609,9360,4867
9610,9360,4868
9611,9360,4869
9612,9360,4870
9613,9360,4871
9614,9360,4872
9615,9360,4873
9616,9360,4874
9617,9360,4875
9618,9360,4876
9619,9360,4877
9620,9360,4878
9621,9360,4879
9622,9360,4880
9623,9360,4881
9624,9360,4882
9625,9360,4883
9626,9360,4884
9627,9360,4885
9628,9360,4886
9629,9360,4887
9630,9360,4888
9631,9360,4889
9632,9360,4890
9633,9360,4891
9634,9360,4892
9635,9360,4893
9636,9360,4894
9637,9360,4895
9638,9360,4896
9639,9360,4897
9640,9360,4898
9641,9360,4899
9642,9360,4900
9643,9360,4901
9644,9360,4902
9645,9360,4903
9646,9360,4904
9647,9360,4905
9648,9360,4906
9649,9360,4907
9650,9360,4908
9651,9360,4909
9652,9360,4910
9653,9360,4911
9654,9360,4912
9655,9360,4913
9656,9360,4914
9657,9360,4915
9658,9360,4916
9659,9360,4917
9660,9360,4918
9661,9361,4919
9662,9362,4920
9663,9363,4921
9664,9364,4922
9665,9365,4923
9666,9366,4924
9667,9367,4925
9668,9368,4926
9669,9369,4927
9670,9370,4928
9671,9371,4929
9672,9372,4930
9673,9373,4931
9674,9374,4932
9675,9375,4933
9676,9376,4934
9677,9377,4935
9678,9378,4936
9679,9379,4937
9680,9380,4938
9681,9381,4939
9682,9382,4940
9683,9383,4941
9684,9384,4942
9685,9385,4943
9686,9386,4944
9687,9387,4945
9688,9388,4946
9689,9389,4947
9690,9390,4948
9691,9391,4949
9692,9392,4950
9693,9393,4951
9694,9394,4952
9695,9395,4953
9696,9396,4954
9697,9397,4955
9698,9398,4956
9699,9399,4957
9700,9400,4958
9701,9401,4959
9702,9402,4960
9703,9403,4961
9704,9404,4962
9705,9405,4963
9706,9406,4964
9707,9407,4965
9708,9408,4966
9709,9409,4967
9710,9410,4968
9711,9411,4969
9712,9412,4970
9713,9413,4971
9714,9414,4972
9715,9415,4973
9716,9416,4974
9717,9417,4975
9718,9418,4976
9719,9419,4977
9720,9420,4978
9721,9421,4979
9722,9422,4980
9723,9423,4981
9724,9424,4982
9725,9425,4983
9726,9426,4984
9727,9427,4985
9728,9428,4986
9729,9429,4987
9730,9430,4988
9731,9431,4989
9732,9432,4990
9733,9433,4991
9734,9434,4992
9735,9435,4993
9736,9436,4994
9737,9437,4995
9738,9438,4996
9739,9439,4997
9740,9440,4998
9741,9441,4999
9742,9442,5000
9743,9443,5001
9744,9444,5002
9745,9445,5003
9746,9446,5004
9747,9447,5005
9748,9448,5006
9749,9449,5007
9750,9450,5008
9751,9451,5009
9752,9452,5010
9753,9453,5011
9754,9454,5012
9755,9455,5013
9756,9456,5014
9757,9457,5015
9758,9458,5016
9759,9459,5017
9760,9460,5018
9761,9461,5019
9762,9462,5020
9763,9463,5021
9764,9464,5022
9765,9465,5023
9766,9466,5024
9767,9467,5025
9768,9468,5026
9769,9469,5027
9770,9470,5028
9771,9471,5029
9772,9472,5030
9773,9473,5031
9774,9474,5032
9775,9475,5033
9776,9476,5034
9777,9477,5035
9778,9478,5036
9779,9479,5037
9780,9480,5038
9781,9481,5039
9782,9482,5040
9783,9483,5041
9784,9484,5042
9785,9485,5043
9786,9486,5044
9787,9487,5045
9788,9488,5046
9789,9489,5047
9790,9490,5048
9791,9491,5049
9792,9492,5050
9793,9493,5051
9794,9494,5052
9795,9495,5053
9796,9496,5054
9797,9497,5055
9798,9498,5056
9799,9499,5057
9800,9500,5058
9801,9501,5059
9802,9502,5060
9803,9503,5061
9804,9504,5062
9805,9505,5063
9806,9506,5064
9807,9507,5065
9808,9508,5066
9809,9509,5067
9810,9510,5068
9811,9511,5069
9812,9512,5070
9813,9513,5071
9814,9514,5072
9815,9515,5073
9816,9516,5074
9817,9517,5075
9818,9518,5076
9819,9519,5077
9820,9520,5078
9821,9521,5079
9822,9522,5080
9823,9523,5081
9824,9524,5082
9825,9525,5083
9826,9526,5084
9827,9527,5085
9828,9528,5086
9829,9529,5087
9830,9530,5088
9831,9531,5089
9832,9532,5090
9833,9533,5091
9834,9534,5092
9835,9535,5093
9836,9536,5094
9837,9537,5095
9838,9538,5096
9839,9539,5097
9840,9540,5098
9841,9540,5099
9842,9540,5100
9843,9540,5101
9844,9540,5102
9845,9540,5103
9846,9540,5104
9847,9540,5105
9848,9540,5106
9849,9540,5107
9850,9540,5108
9851,9540,5109
9852,9540,5110
9853,9540,5111
9854,9540,5112
9855,9540,5113
9856,9540,5114
9857,9540,5115
9858,9540,5116
9859,9540,5117
9860,9540,5118
9861,9540,5119
9862,9540,5120
9863,9540,5121
9864,9540,5122
9865,9540,5123
9866,9540,5124
9867,9540,5125
9868,9540,5126
9869,9540,5127
9870,9540,5128
9871,9540,5129
9872,9540,5130
9873,9540,5131
9874,9540,5132
9875,9540,5133
9876,9540,5134
9877,9540,5135
9878,9540,5136
9879,9540,5137
9880,9540,5138
9881,9540,5139
9882,9540,5140
9883,9540,5141
9884,9540,5142
9885,9540,5143
9886,9540,5144
9887,9541,5145
9888,9542,5146
9889,9543,5147
9890,9544,5148
9891,9545,5149
9892,9546,5150
9893,9547,5151
9894,9548,5152
9895,9549,5153
9896,9550,5154
9897,9551,5155
9898,9552,5156
9899,9553,5157
9900,9554,5158
9901,9555,5159
9902,9556,5160
9903,9557,5161
9904,9558,5162
9905,9559,5163
9906,9560,5164
9907,9560,5165
9908,9560,5166
9909,9561,5167
9910,9562,5168
9911,9563,5169
9912,9564,5170
9913,9565,5171
9914,9566,5172
9915,9567,5173
9916,9568,5174
9917,9569,5175
9918,9570,5176
9919,9571,5177
9920,9572,5178
9921,9573,5179
9922,9574,5180
9923,9575,5181
9924,9576,5182
9925,9577,5183
9926,9578,5184
9927,9579,5185
9928,9580,5186
9929,9580,5187
9930,9581,5188
9931,9582,5189
9932,9583,5190
9933,9584,5191
9934,9585,5192
9935,9586,5193
9936,9587,5194
9937,9588,5195
9938,9589,5196
9939,9590,5197
9940,9591,5198
9941,9592,5199
9942,9593,5200
9943,9594,5201
9944,9595,5202
9945,9596,5203
9946,9597,5204
9947,9598,5205
9948,9599,5206
9949,9600,5207
9950,9601,5208
9951,9602,5209
9952,9603,5210
9953,9604,5211
9954,9605,5212
9955,9606,5213
9956,9607,5214
9957,9608,5215
9958,9609,5216
9959,9610,5217
9960,9611,5218
9961,9612,5219
9962,9613,5220
9963,9614,5221
9964,9615,5222
9965,9616,5223
9966,9617,5224
9967,9618,5225
9968,9619,5226
9969,9620,5227
9970,9621,5228
9971,9622,5229
9972,9623,5230
9973,9624,5231
9974,9625,5232
9975,9626,5233
9976,9627,5234
9977,9628,5235
9978,9629,5236
9979,9630,5237
9980,9631,5238
9981,9632,5239
9982,9633,5240
9983,9634,5241
9984,9635,5242
9985,9636,5243
9986,9637,5244
9987,9638,5245
9988,9639,5246
9989,9640,5247
9990,9641,5248
9991,9642,5249
9992,9643,5250
9993,9644,5251
9994,9645,5252
9995,9646,5253
9996,9647,5254
9997,9648,5255
9998,9649,5256
9999,9650,5257
10000,9651,5258
10001,9652,5259
10002,9653,5260
10003,9654,5261
10004,9655,5262
10005,9656,5263
10006,9657,5264
10007,9658,5265
10008,9659,5266
10009,9660,5267
10010,9661,5268
10011,9662,5269
10012,9663,5270
10013,9664,5271
10014,9665,5272
10015,9666,5273
10016,9667,5274
10017,9668,5275
10018,9669,5276
10019,9670,5277
10020,9671,5278
10021,9672,5279
10022,9673,5280
10023,9674,5281
10024,9675,5282
10025,9676,5283
10026,9677,5284
10027,9678,5285
10028,9679,5286
10029,9680,5287
10030,9680,5288
10031,9680,5289
10032,9680,5290
10033,9680,5291
10034,9680,5292
10035,9680,5293
10036,9681,5294
10037,9682,5295
10038,9683,5296
10039,9684,5297
10040,9685,5298
10041,9686,5299
10042,9687,5300
10043,9688,5301
10044,9689,5302
10045,9690,5303
10046,9691,5304
10047,9692,5305
10048,9693,5306
10049,9694,5307
10050,9695,5308
10051,9696,5309
10052,9697,5310
10053,9698,5311
10054,9699,5312
10055,9700,5313
10056,9700,5314
10057,9700,5315
10058,9700,5316
10059,9700,5317
10060,9700,5318
10061,9700,5319
10062,9700,5320
10063,9700,5321
10064,9700,5322
10065,9700,5323
10066,9700,5324
10067,9700,5325
10068,9700,5326
10069,9700,5327
10070,9700,5328
10071,9700,5329
10072,9700,5330
10073,9700,5331
10074,9700,5332
10075,9700,5333
10076,9700,5334
10077,9700,5335
10078,9700,5336
10079,9700,5337
10080,9700,5338
10081,9700,5339
10082,9700,5340
10083,9700,5341
10084,9700,5342
10085,9700,5343
10086,9700,5344
10087,9700,5345
10088,9700,5346
10089,9700,5347
10090,9700,5348
10091,9700,5349
10092,9700,5350
10093,9700,5351
10094,9700,5352
10095,9700,5353
10096,9700,5354
10097,9700,5355
10098,9700,5356
10099,9700,5357
10100,9700,5358
10101,9701,5359
10102,9702,5360
10103,9703,5361
10104,9704,5362
10105,9705,5363
10106,9706,5364
10107,9707,5365
10108,9708,5366
10109,9709,5367
10110,9710,5368
10111,9711,5369
10112,9712,5370
10113,9713,5371
10114,9714,5372
10115,9715,5373
10116,9716,5374
10117,9717,5375
10118,9718,5376
10119,9719,5377
10120,9720,5378
10121,9721,5379
10122,9722,5380
10123,9723,5381
10124,9724,5382
10125,9725,5383
10126,9726,5384
10127,9727,5385
10128,9728,5386
10129,9729,5387
10130,9730,5388
10131,9731,5389
10132,9732,5390
10133,9733,5391
10134,9734,5392
10135,9735,5393
10136,9736,5394
10137,9737,5395
10138,9738,5396
10139,9739,5397
10140,9740,5398
10141,9741,5399
10142,9742,5400
10143,9743,5401
10144,9744,5402
10145,9745,5403
10146,9746,5404
10147,9747,5405
10148,9748,5406
10149,9749,5407
10150,9750,5408
10151,9751,5409
10152,9752,5410
10153,9753,5411
10154,9754,5412
10155,9755,5413
10156,9756,5414
10157,9757,5415
10158,9758,5416
10159,9759,5417
10160,9760,5418
10161,9760,5419
10162,9760,5420
10163,9760,5421
10164,9760,5422
10165,9760,5423
10166,9760,5424
10167,9760,5425
10168,9760,5426
10169,9760,5427
10170,9761,5428
10171,9762,5429
10172,9763,5430
10173,9764,5431
10174,9765,5432
10175,9766,5433
10176,9767,5434
10177,9768,5435
10178,9769,5436
10179,9770,5437
10180,9771,5438
10181,9772,5439
10182,9773,5440
10183,9774,5441
10184,9775,5442
10185,9776,5443
10186,9777,5444
10187,9778,5445
10188,9779,5446
10189,9780,5447
10190,9781,5448
10191,9782,5449
10192,9783,5450
10193,9784,5451
10194,9785,5452
10195,9786,5453
10196,9787,5454
10197,9788,5455
10198,9789,5456
10199,9790,5457
10200,9791,5458
10201,9792,5459
10202,9793,5460
10203,9794,5461
10204,9795,5462
10205,9796,5463
10206,9797,5464
10207,9798,5465
10208,9799,5466
10209,9800,5467
10210,9801,5468
10211,9802,5469
10212,9803,5470
10213,9804,5471
10214,9805,5472
10215,9806,5473
10216,9807,5474
10217,9808,5475
10218,9809,5476
10219,9810,5477
10220,9811,5478
10221,9812,5479
10222,9813,5480
10223,9814,5481
10224,9815,5482
10225,9816,5483
10226,9817,5484
10227,9818,5485
10228,9819,5486
10229,9820,5487
10230,9821,5488
10231,9822,5489
10232,9823,5490
10233,9824,5491
10234,9825,5492
10235,9826,5493
10236,9827,5494
10237,9828,5495
10238,9829,5496
10239,9830,5497
10240,9831,5498
10241,9832,5499
10242,9833,5500
10243,9834,5501
10244,9835,5502
10245,9836,5503
10246,9837,5504
10247,9838,5505
10248,9839,5506
10249,9840,5507
10250,9841,5508
10251,9842,5509
10252,9843,5510
10253,9844,5511
10254,9845,5512
10255,9846,5513
10256,9847,5514
10257,9848,5515
10258,9849,5516
10259,9850,5517
10260,9851,5518
10261,9852,5519
10262,9853,5520
10263,9854,5521
10264,9855,5522
10265,9856,5523
10266,9857,5524
10267,9858,5525
10268,9859,5526
10269,9860,5527
10270,9861,5528
10271,9862,5529
10272,9863,5530
10273,9864,5531
10274,9865,5532
10275,9866,5533
10276,9867,5534
10277,9868,5535
10278,9869,5536
10279,9870,5537
10280,9871,5538
10281,9872,5539
10282,9873,5540
10283,9874,5541
10284,9875,5542
10285,9876,5543
10286,9877,5544
10287,9878,5545
10288,9879,5546
10289,9880,5547
10290,9881,5548
10291,9882,5549
10292,9883,5550
10293,9884,5551
10294,9885,5552
10295,9886,5553
10296,9887,5554
10297,9888,5555
10298,9889,5556
10299,9890,5557
10300,9891,5558
10301,9892,5559
10302,9893,5560
10303,9894,5561
10304,9895,5562
10305,9896,5563
10306,9897,5564
10307,9898,5565
10308,9899,5566
10309,9900,5567
10310,9901,5568
10311,9902,5569
10312,9903,5570
10313,9904,5571
10314,9905,5572
10315,9906,5573
10316,9907,5574
10317,9908,5575
10318,9909,5576
10319,9910,5577
10320,9911,5578
10321,9912,5579
10322,9913,5580
10323,9914,5581
10324,9915,5582
10325,9916,5583
10326,9917,5584
10327,9918,5585
10328,9919,5586
10329,9920,5587
10330,9921,5588
10331,9922,5589
10332,9923,5590
10333,9924,5591
10334,9925,5592
10335,9926,5593
10336,9927,5594
10337,9928,5595
10338,9929,5596
10339,9930,5597
10340,9931,5598
10341,9932,5599
10342,9933,5600
10343,9934,5601
10344,9935,5602
10345,9936,5603
10346,9937,5604
10347,9938,5605
10348,9939,5606
10349,9940,5607
10350,9941,5608
10351,9942,5609
10352,9943,5610
10353,9944,5611
10354,9945,5612
10355,9946,5613
10356,9947,5614
10357,9948,5615
10358,9949,5616
10359,9950,5617
10360,9951,5618
10361,9952,5619
10362,9953,5620
10363,9954,5621
10364,9955,5622
10365,9956,5623
10366,9957,5624
10367,9958,5625
10368,9959,5626
10369,9960,5627
10370,9961,5628
10371,9962,5629
10372,9963,5630
10373,9964,5631
10374,9965,5632
10375,9966,5633
10376,9967,5634
10377,9968,5635
10378,9969,5636
10379,9970,5637
10380,9971,5638
10381,9972,5639
10382,9973,5640
10383,9974,5641
10384,9975,5642
10385,9976,5643
10386,9977,5644
10387,9978,5645
10388,9979,5646
10389,9980,5647
10390,9981,5648
10391,9982,5649
10392,9983,5650
10393,9984,5651
10394,9985,5652
10395,9986,5653
10396,9987,5654
10397,9988,5655
10398,9989,5656
10399,9990,5657
10400,9991,5658
10401,9992,5659
10402,9993,5660
10403,9994,5661
10404,9995,5662
10405,9996,5663
10406,9997,5664
10407,9998,5665
10408,9999,5666
10409,10000,5667
10410,10001,5668
10411,10002,5669
10412,10003,5670
10413,10004,5671
10414,10005,5672
10415,10006,5673
10416,10007,5674
10417,10008,5675
10418,10009,5676
10419,10010,5677
10420,10011,5678
10421,10012,5679
10422,10013,5680
10423,10014,5681
10424,10015,5682
10425,10016,5683
10426,10017,5684
10427,10018,5685
10428,10019,5686
10429,10020,5687
10430,10021,5688
10431,10022,5689
10432,10023,5690
10433,10024,5691
10434,10025,5692
10435,10026,5693
10436,10027,5694
10437,10028,5695
10438,10029,5696
10439,10030,5697
10440,10031,5698
10441,10032,5699
10442,10033,5700
10443,10034,5701
10444,10035,5702
10445,10036,5703
10446,10037,5704
10447,10038,5705
10448,10039,5706
10449,10040,5707
10450,10041,5708
10451,10042,5709
10452,10043,5710
10453,10044,5711
10454,10045,5712
10455,10046,5713
10456,10047,5714
10457,10048,5715
10458,10049,5716
10459,10050,5717
10460,10051,5718
10461,10052,5719
10462,10053,5720
10463,10054,5721
10464,10055,5722
10465,10056,5723
10466,10057,5724
10467,10058,5725
10468,10059,5726
10469,10060,5727
10470,10061,5728
10471,10062,5729
10472,10063,5730
10473,10064,5731
10474,10065,5732
10475,10066,5733
10476,10067,5734
10477,10068,5735
10478,10069,5736
10479,10070,5737
10480,10071,5738
10481,10072,5739
10482,10073,5740
10483,10074,5741
10484,10075,5742
10485,10076,5743
10486,10077,5744
10487,10078,5745
10488,10079,5746
10489,10080,5747
10490,10081,5748
10491,10082,5749
10492,10083,5750
10493,10084,5751
10494,10085,5752
10495,10086,5753
10496,10087,5754
10497,10088,5755
10498,10089,5756
10499,10090,5757
10500,10091,5758
10501,10092,5759
10502,10093,5760
10503,10094,5761
10504,10095,5762
10505,10096,5763
10506,10097,5764
10507,10098,5765
10508,10099,5766
10509,10100,5767
10510,10101,5768
10511,10102,5769
10512,10103,5770
10513,10104,5771
10514,10105,5772
10515,10106,5773
10516,10107,5774
10517,10108,5775
10518,10109,5776
10519,10110,5777
10520,10111,5778
10521,10112,5779
10522,10113,5780
10523,10114,5781
10524,10115,5782
10525,10116,5783
10526,10117,5784
10527,10118,5785
10528,10119,5786
10529,10120,5787
10530,10121,5788
10531,10122,5789
10532,10123,5790
10533,10124,5791
10534,10125,5792
10535,10126,5793
10536,10127,5794
10537,10128,5795
10538,10129,5796
10539,10130,5797
10540,10131,5798
10541,10132,5799
10542,10133,5800
10543,10134,5801
10544,10135,5802
10545,10136,5803
10546,10137,5804
10547,10138,5805
10548,10139,5806
10549,10140,5807
10550,10141,5808
10551,10142,5809
10552,10143,5810
10553,10144,5811
10554,10145,5812
10555,10146,5813
10556,10147,5814
10557,10148,5815
10558,10149,5816
10559,10150,5817
10560,10151,5818
10561,10152,5819
10562,10153,5820
10563,10154,5821
10564,10155,5822
10565,10156,5823
10566,10157,5824
10567,10158,5825
10568,10159,5826
10569,10160,5827
10570,10161,5828
10571,10162,5829
10572,10163,5830
10573,10164,5831
10574,10165,5832
10575,10166,5833
10576,10167,5834
10577,10168,5835
10578,10169,5836
10579,10170,5837
10580,10171,5838
10581,10172,5839
10582,10173,5840
10583,10174,5841
10584,10175,5842
10585,10176,5843
10586,10177,5844
10587,10178,5845
10588,10179,5846
10589,10180,5847
10590,10181,5848
10591,10182,5849
10592,10183,5850
10593,10184,5851
10594,10185,5852
10595,10186,5853
10596,10187,5854
10597,10188,5855
10598,10189,5856
10599,10190,5857
10600,10191,5858
10601,10192,5859
10602,10193,5860
10603,10194,5861
10604,10195,5862
10605,10196,5863
10606,10197,5864
10607,10198,5865
10608,10199,5866
10609,10200,5867
10610,10201,5868
10611,10202,5869
10612,10203,5870
10613,10204,5871
10614,10205,5872
10615,10206,5873
10616,10207,5874
10617,10208,5875
10618,10209,5876
10619,10210,5877
10620,10211,5878
10621,10212,5879
10622,10213,5880
10623,10214,5881
10624,10215,5882
10625,10216,5883
10626,10217,5884
10627,10218,5885
10628,10219,5886
10629,10220,5887
10630,10221,5888
10631,10222,5889
10632,10223,5890
10633,10224,5891
10634,10225,5892
10635,10226,5893
10636,10227,5894
10637,10228,5895
10638,10229,5896
10639,10230,5897
10640,10231,5898
10641,10232,5899
10642,10233,5900
10643,10234,5901
10644,10235,5902
10645,10236,5903
10646,10237,5904
10647,10238,5905
10648,10239,5906
10649,10240,5907
10650,10241,5908
10651,10242,5909
10652,10243,5910
10653,10244,5911
10654,10245,5912
10655,10246,5913
10656,10247,5914
10657,10248,5915
10658,10249,5916
10659,10250,5917
10660,10251,5918
10661,10252,5919
10662,10253,5920
10663,10254,5921
10664,10255,5922
10665,10256,5923
10666,10257,5924
10667,10258,5925
10668,10259,5926
10669,10260,5927
10670,10261,5928
10671,10262,5929
10672,10263,5930
10673,10264,5931
10674,10265,5932
10675,10266,5933
10676,10267,5934
10677,10268,5935
10678,10269,5936
10679,10270,5937
10680,10271,5938
10681,10272,5939
10682,10273,5940
10683,10274,5941
10684,10275,5942
10685,10276,5943
10686,10277,5944
10687,10278,5945
10688,10279,5946
10689,10280,5947
10690,10281,5948
10691,10282,5949
10692,10283,5950
10693,10284,5951
10694,10285,5952
10695,10286,5953
10696,10287,5954
10697,10288,5955
10698,10289,5956
10699,10290,5957
10700,10291,5958
10701,10292,5959
10702,10293,5960
10703,10294,5961
10704,10295,5962
10705,10296,5963
10706,10297,5964
10707,10298,5965
10708,10299,5966
10709,10300,5967
10710,10301,5968
10711,10302,5969
10712,10303,5970
10713,10304,5971
10714,10305,5972
10715,10306,5973
10716,10307,5974
10717,10308,5975
10718,10309,5976
10719,10310,5977
10720,10311,5978
10721,10312,5979
10722,10313,5980
10723,10314,5981
10724,10315,5982
10725,10316,5983
10726,10317,5984
10727,10318,5985
10728,10319,5986
10729,10320,5987
10730,10320,5988
10731,10320,5989
10732,10320,5990
10733,10320,5991
10734,10320,5992
10735,10320,5993
10736,10320,5994
10737,10320,5995
10738,10320,5996
10739,10320,5997
10740,10320,5998
10741,10320,5999
10742,10320,6000
10743,10320,6001
10744,10320,6002
10745,10320,6003
10746,10320,6004
10747,10320,6005
10748,10320,6006
10749,10320,6007
10750,10321,6008
10751,10322,6009
10752,10323,6010
10753,10324,6011
10754,10325,6012
10755,10326,6013
10756,10327,6014
10757,10328,6015
10758,10329,6016
10759,10330,6017
10760,10331,6018
10761,10332,6019
10762,10333,6020
10763,10334,6021
10764,10335,6022
10765,10336,6023
10766,10337,6024
10767,10338,6025
10768,10339,6026
10769,10340,6027
10770,10341,6028
10771,10342,6029
10772,10343,6030
10773,10344,6031
10774,10345,6032
10775,10346,6033
10776,10347,6034
10777,10348,6035
10778,10349,6036
10779,10350,6037
10780,10351,6038
10781,10352,6039
10782,10353,6040
10783,10354,6041
10784,10355,6042
10785,10356,6043
10786,10357,6044
10787,10358,6045
10788,10359,6046
10789,10360,6047
10790,10361,6048
10791,10362,6049
10792,10363,6050
10793,10364,6051
10794,10365,6052
10795,10366,6053
10796,10367,6054
10797,10368,6055
10798,10369,6056
10799,10370,6057
10800,10371,6058
10801,10372,6059
10802,10373,6060
10803,10374,6061
10804,10375,6062
10805,10376,6063
10806,10377,6064
10807,10378,6065
10808,10379,6066
10809,10380,6067
