path_idx,score_frame_idx,audio_frame_idx
0,0,0
1,1,1
2,2,2
3,3,3
4,4,4
5,5,5
6,6,6
7,7,7
8,8,8
9,9,9
10,10,10
11,11,11
12,12,12
13,13,13
14,14,14
15,15,15
16,16,16
17,17,17
18,18,18
19,19,19
20,20,20
21,21,21
22,22,22
23,23,23
24,24,24
25,25,25
26,26,26
27,27,27
28,28,28
29,29,29
30,30,30
31,31,31
32,32,32
33,33,33
34,34,34
35,35,35
36,36,36
37,37,37
38,38,38
39,39,39
40,40,40
41,41,41
42,42,42
43,43,43
44,44,44
45,45,45
46,46,46
47,47,47
48,48,48
49,49,49
50,50,50
51,51,51
52,52,52
53,53,53
54,54,54
55,55,55
56,56,56
57,57,57
58,58,58
59,59,59
60,60,60
61,61,61
62,62,62
63,63,63
64,64,64
65,65,65
66,66,66
67,67,67
68,68,68
69,69,69
70,70,70
71,71,71
72,72,72
73,73,73
74,74,74
75,75,75
76,76,76
77,77,77
78,78,78
79,79,79
80,80,80
81,81,81
82,82,82
83,83,83
84,84,84
85,85,85
86,86,86
87,87,87
88,88,88
89,89,89
90,90,90
91,91,91
92,92,91
93,93,91
94,94,91
95,95,91
96,96,91
97,97,91
98,98,91
99,99,91
100,100,91
101,101,91
102,102,91
103,103,91
104,104,91
105,105,91
106,106,91
107,107,91
108,108,91
109,109,91
110,110,91
111,111,91
112,112,91
113,113,91
114,114,91
115,115,91
116,116,91
117,117,91
118,118,91
119,119,91
120,120,92
121,121,93
122,122,94
123,123,95
124,124,96
125,125,97
126,126,98
127,127,99
128,128,100
129,129,101
130,130,102
131,131,103
132,132,104
133,133,105
134,134,106
135,135,107
136,136,108
137,137,109
138,138,110
139,139,111
140,140,112
141,141,113
142,142,114
143,143,115
144,144,116
145,145,117
146,146,118
147,147,119
148,148,120
149,149,121
150,150,122
151,151,123
152,152,124
153,153,125
154,154,126
155,155,127
156,156,128
157,157,129
158,158,130
159,159,131
160,160,132
161,161,133
162,162,134
163,163,135
164,164,136
165,165,137
166,166,138
167,167,139
168,168,140
169,169,141
170,170,142
171,171,143
172,172,144
173,173,145
174,174,146
175,175,147
176,176,148
177,177,149
178,178,150
179,179,151
180,180,152
181,181,153
182,182,154
183,183,155
184,184,156
185,185,157
186,186,158
187,187,159
188,188,160
189,189,161
190,190,162
191,191,163
192,192,164
193,193,165
194,194,166
195,195,167
196,196,168
197,197,169
198,198,170
199,199,171
200,200,172
201,201,173
202,202,174
203,203,175
204,204,176
205,205,177
206,206,178
207,207,179
208,208,180
209,209,181
210,210,182
211,211,183
212,212,184
213,213,185
214,214,186
215,215,187
216,216,188
217,217,189
218,218,190
219,219,191
220,220,192
221,221,193
222,222,194
223,223,195
224,224,196
225,225,197
226,226,198
227,227,199
228,228,200
229,229,201
230,230,202
231,231,203
232,232,204
233,233,205
234,234,206
235,235,207
236,236,208
237,237,209
238,238,210
239,239,211
240,240,212
241,241,213
242,242,214
243,243,215
244,244,216
245,245,217
246,246,218
247,247,219
248,248,220
249,249,221
250,250,222
251,251,223
252,252,224
253,253,225
254,254,226
255,255,227
256,256,228
257,257,229
258,258,230
259,259,231
260,260,232
261,261,233
262,262,233
263,263,233
264,264,233
265,265,233
266,266,233
267,267,233
268,268,233
269,269,233
270,270,233
271,271,233
272,272,233
273,273,233
274,274,233
275,275,233
276,276,233
277,277,233
278,278,233
279,279,233
280,280,234
281,281,235
282,282,236
283,283,237
284,284,237
285,285,237
286,286,237
287,287,237
288,288,237
289,289,237
290,290,237
291,291,237
292,292,237
293,293,237
294,294,237
295,295,237
296,296,237
297,297,237
298,298,238
299,299,239
300,300,240
301,301,240
302,302,240
303,303,240
304,304,240
305,305,240
306,306,241
307,307,242
308,308,243
309,309,244
310,310,245
311,311,246
312,312,247
313,313,248
314,314,249
315,315,250
316,316,251
317,317,252
318,318,253
319,319,254
320,320,255
321,321,256
322,322,257
323,323,258
324,324,259
325,325,260
326,326,261
327,327,262
328,328,263
329,329,264
330,330,265
331,331,266
332,332,267
333,333,268
334,334,269
335,335,270
336,336,271
337,337,272
338,338,273
339,339,274
340,340,275
341,341,276
342,342,277
343,343,278
344,344,279
345,345,280
346,346,281
347,347,282
348,348,283
349,349,284
350,350,285
351,351,286
352,352,287
353,353,288
354,354,289
355,355,290
356,356,291
357,357,292
358,358,293
359,359,294
360,360,295
361,361,296
362,362,297
363,363,298
364,364,299
365,365,300
366,366,301
367,367,302
368,368,303
369,369,304
370,370,305
371,371,306
372,372,307
373,373,308
374,374,309
375,375,310
376,376,311
377,377,312
378,378,313
379,379,314
380,380,315
381,381,316
382,382,317
383,383,318
384,384,319
385,385,320
386,386,321
387,387,322
388,388,323
389,389,324
390,390,325
391,391,326
392,392,327
393,393,328
394,394,329
395,395,330
396,396,331
397,397,332
398,398,333
399,399,334
400,400,335
401,401,336
402,402,337
403,403,338
404,404,339
405,405,340
406,406,341
407,407,342
408,408,343
409,409,344
410,410,345
411,411,346
412,412,347
413,413,348
414,414,349
415,415,350
416,416,351
417,417,352
418,418,353
419,419,354
420,420,355
421,421,355
422,422,355
423,423,355
424,424,355
425,425,355
426,426,355
427,427,355
428,428,355
429,429,355
430,430,355
431,431,355
432,432,355
433,433,355
434,434,355
435,435,355
436,436,355
437,437,355
438,438,355
439,439,355
440,440,355
441,441,355
442,442,355
443,443,355
444,444,355
445,445,355
446,446,355
447,447,355
448,448,355
449,449,355
450,450,355
451,451,355
452,452,355
453,453,355
454,454,355
455,455,355
456,456,355
457,457,355
458,458,356
459,459,357
460,460,358
461,461,359
462,462,360
463,463,361
464,464,362
465,465,363
466,466,364
467,467,365
468,468,366
469,469,367
470,470,368
471,471,369
472,472,370
473,473,371
474,474,372
475,475,373
476,476,374
477,477,375
478,478,376
479,479,377
480,480,378
481,481,379
482,482,380
483,483,381
484,484,382
485,485,383
486,486,384
487,487,385
488,488,386
489,489,387
490,490,388
491,491,389
492,492,390
493,493,391
494,494,392
495,495,393
496,496,394
497,497,395
498,498,396
499,499,397
500,500,398
501,501,399
502,502,400
503,503,401
504,504,402
505,505,403
506,506,404
507,507,405
508,508,406
509,509,407
510,510,408
511,511,409
512,512,410
513,513,411
514,514,412
515,515,413
516,516,414
517,517,415
518,518,416
519,519,417
520,520,418
521,521,419
522,522,420
523,523,421
524,524,422
525,525,423
526,526,424
527,527,425
528,528,426
529,529,427
530,530,428
531,531,429
532,532,430
533,533,430
534,534,430
535,535,430
536,536,430
537,537,430
538,538,430
539,539,430
540,540,430
541,541,430
542,542,430
543,543,430
544,544,430
545,545,430
546,546,430
547,547,430
548,548,430
549,549,431
550,550,432
551,551,433
552,552,434
553,553,435
554,554,436
555,555,437
556,556,438
557,557,439
558,558,440
559,559,441
560,560,442
561,561,443
562,562,444
563,563,445
564,564,446
565,565,447
566,566,448
567,567,449
568,568,450
569,569,451
570,570,452
571,571,453
572,572,454
573,573,455
574,574,456
575,575,457
576,576,458
577,577,459
578,578,460
579,579,461
580,580,462
581,581,463
582,582,464
583,583,465
584,584,466
585,585,467
586,586,468
587,587,469
588,588,470
589,589,471
590,590,472
591,591,473
592,592,474
593,593,475
594,594,476
595,595,477
596,596,478
597,597,479
598,598,480
599,599,481
600,600,482
601,601,483
602,602,484
603,603,485
604,604,486
605,605,487
606,606,488
607,607,488
608,608,488
609,609,488
610,610,488
611,611,488
612,612,488
613,613,488
614,614,488
615,615,488
616,616,489
617,617,490
618,618,491
619,619,492
620,620,493
621,621,494
622,622,495
623,623,496
624,624,497
625,625,498
626,626,499
627,627,500
628,628,501
629,629,502
630,630,503
631,631,504
632,632,505
633,633,506
634,634,507
635,635,508
636,636,509
637,637,510
638,638,511
639,639,512
640,640,513
641,641,514
642,642,515
643,643,516
644,644,517
645,645,518
646,646,519
647,647,520
648,648,521
649,649,522
650,650,523
651,651,524
652,652,525
653,653,526
654,654,527
655,655,528
656,656,529
657,657,530
658,658,531
659,659,532
660,660,533
661,661,534
662,662,535
663,663,536
664,664,537
665,665,538
666,666,539
667,667,540
668,668,541
669,669,542
670,670,543
671,671,544
672,672,545
673,673,546
674,674,547
675,675,548
676,676,549
677,677,550
678,678,551
679,679,552
680,680,553
681,681,554
682,682,555
683,683,556
684,684,557
685,685,558
686,686,559
687,687,560
688,688,561
689,689,562
690,690,563
691,691,564
692,692,565
693,693,566
694,694,567
695,695,568
696,696,569
697,697,570
698,698,571
699,699,572
700,700,573
701,701,574
702,702,575
703,703,576
704,704,577
705,705,578
706,706,579
707,707,580
708,708,581
709,709,582
710,710,583
711,711,584
712,712,585
713,713,586
714,714,587
715,715,588
716,716,589
717,717,590
718,718,591
719,719,591
720,720,591
721,721,591
722,722,591
723,723,591
724,724,591
725,725,591
726,726,591
727,727,591
728,728,591
729,729,591
730,730,591
731,731,591
732,732,591
733,733,591
734,734,591
735,735,591
736,736,591
737,737,591
738,738,591
739,739,591
740,740,591
741,741,591
742,742,591
743,743,592
744,744,593
745,745,594
746,746,595
747,747,596
748,748,597
749,749,598
750,750,599
751,751,600
752,752,601
753,753,602
754,754,603
755,755,604
756,756,605
757,757,606
758,758,607
759,759,608
760,760,609
761,761,610
762,762,611
763,763,612
764,764,613
765,765,614
766,766,615
767,767,616
768,768,617
769,769,618
770,770,619
771,771,620
772,772,621
773,773,622
774,774,622
775,775,622
776,776,622
777,777,622
778,778,622
779,779,622
780,780,622
781,781,622
782,782,622
783,783,622
784,784,622
785,785,622
786,786,622
787,787,622
788,788,622
789,789,622
790,790,623
791,791,624
792,792,625
793,793,626
794,794,627
795,795,628
796,796,629
797,797,630
798,798,631
799,799,632
800,800,633
801,801,634
802,802,635
803,803,636
804,804,637
805,805,638
806,806,639
807,807,640
808,808,641
809,809,642
810,810,643
811,811,644
812,812,645
813,813,646
814,814,647
815,815,648
816,816,649
817,817,650
818,818,651
819,819,652
820,820,653
821,821,654
822,822,655
823,823,656
824,824,657
825,825,658
826,826,659
827,827,660
828,828,661
829,829,662
830,830,663
831,831,664
832,832,665
833,833,666
834,834,667
835,835,668
836,836,669
837,837,670
838,838,671
839,839,672
840,840,673
841,841,674
842,842,675
843,843,676
844,844,677
845,845,678
846,846,679
847,847,680
848,848,681
849,849,682
850,850,683
851,851,684
852,852,685
853,853,686
854,854,687
855,855,688
856,856,689
857,857,690
858,858,691
859,859,692
860,860,693
861,861,694
862,862,695
863,863,696
864,864,697
865,865,698
866,866,699
867,867,700
868,868,701
869,869,702
870,870,703
871,871,704
872,872,705
873,873,706
874,874,707
875,875,708
876,876,709
877,877,710
878,878,711
879,879,712
880,880,713
881,881,714
882,882,715
883,883,716
884,884,717
885,885,718
886,886,719
887,887,720
888,888,720
889,889,720
890,890,720
891,891,720
892,892,720
893,893,720
894,894,720
895,895,720
896,896,720
897,897,720
898,898,720
899,899,720
900,900,720
901,901,720
902,902,720
903,903,720
904,904,720
905,905,720
906,906,720
907,907,720
908,908,720
909,909,720
910,910,720
911,911,720
912,912,720
913,913,720
914,914,720
915,915,720
916,916,721
917,917,722
918,918,723
919,919,724
920,920,725
921,921,726
922,922,727
923,923,728
924,924,729
925,925,730
926,926,731
927,927,732
928,928,733
929,929,734
930,930,735
931,931,736
932,932,737
933,933,738
934,934,739
935,935,740
936,936,741
937,937,742
938,938,743
939,939,744
940,940,745
941,941,746
942,942,747
943,943,748
944,944,749
945,945,750
946,946,751
947,947,752
948,948,753
949,949,754
950,950,755
951,951,756
952,952,757
953,953,758
954,954,759
955,955,760
956,956,761
957,957,762
958,958,763
959,959,764
960,960,765
961,961,766
962,962,767
963,963,768
964,964,769
965,965,770
966,966,771
967,967,772
968,968,773
969,969,774
970,970,775
971,971,776
972,972,777
973,973,778
974,974,779
975,975,780
976,976,781
977,977,782
978,978,783
979,979,784
980,980,785
981,981,785
982,982,785
983,983,785
984,984,785
985,985,785
986,986,785
987,987,785
988,988,785
989,989,785
990,990,785
991,991,785
992,992,785
993,993,785
994,994,785
995,995,785
996,996,785
997,997,785
998,998,785
999,999,785
1000,1000,785
1001,1001,785
1002,1002,785
1003,1003,785
1004,1004,785
1005,1005,785
1006,1006,785
1007,1007,785
1008,1008,785
1009,1009,786
1010,1010,787
1011,1011,788
1012,1012,789
1013,1013,790
1014,1014,791
1015,1015,792
1016,1016,793
1017,1017,794
1018,1018,795
1019,1019,796
1020,1020,797
1021,1021,798
1022,1022,799
1023,1023,800
1024,1024,801
1025,1025,802
1026,1026,803
1027,1027,804
1028,1028,805
1029,1029,806
1030,1030,807
1031,1031,808
1032,1032,809
1033,1033,810
1034,1034,811
1035,1035,812
1036,1036,813
1037,1037,814
1038,1038,815
1039,1039,816
1040,1040,817
1041,1041,818
1042,1042,819
1043,1043,820
1044,1044,821
1045,1045,822
1046,1046,823
1047,1047,824
1048,1048,825
1049,1049,826
1050,1050,827
1051,1051,828
1052,1052,829
1053,1053,830
1054,1054,831
1055,1055,832
1056,1056,833
1057,1057,834
1058,1058,835
1059,1059,836
1060,1060,837
1061,1061,838
1062,1062,839
1063,1063,840
1064,1064,841
1065,1065,842
1066,1066,843
1067,1067,844
1068,1068,845
1069,1069,846
1070,1070,847
1071,1071,848
1072,1072,849
1073,1073,850
1074,1074,851
1075,1075,852
1076,1076,853
1077,1077,854
1078,1078,855
1079,1079,856
1080,1080,857
1081,1081,858
1082,1082,859
1083,1083,860
1084,1084,861
1085,1085,862
1086,1086,863
1087,1087,864
1088,1088,865
1089,1089,866
1090,1090,867
1091,1091,868
1092,1092,869
1093,1093,870
1094,1094,871
1095,1095,872
1096,1096,873
1097,1097,874
1098,1098,875
1099,1099,876
1100,1100,877
1101,1101,878
1102,1102,879
1103,1103,880
1104,1104,881
1105,1105,882
1106,1106,883
1107,1107,884
1108,1108,885
1109,1109,886
1110,1110,887
1111,1111,888
1112,1112,889
1113,1113,890
1114,1114,891
1115,1115,892
1116,1116,893
1117,1117,894
1118,1118,895
1119,1119,896
1120,1120,897
1121,1121,898
1122,1122,899
1123,1123,900
1124,1124,901
1125,1125,902
1126,1126,903
1127,1127,904
1128,1128,904
1129,1129,904
1130,1130,904
1131,1131,904
1132,1132,904
1133,1133,904
1134,1134,904
1135,1135,904
1136,1136,904
1137,1137,904
1138,1138,904
1139,1139,904
1140,1140,904
1141,1141,904
1142,1142,904
1143,1143,904
1144,1144,904
1145,1145,904
1146,1146,905
1147,1147,906
1148,1148,907
1149,1149,908
1150,1150,909
1151,1151,910
1152,1152,911
1153,1153,912
1154,1154,913
1155,1155,914
1156,1156,915
1157,1157,916
1158,1158,917
1159,1159,918
1160,1160,919
1161,1161,920
1162,1162,921
1163,1163,922
1164,1164,923
1165,1165,924
1166,1166,925
1167,1167,926
1168,1168,927
1169,1169,928
1170,1170,929
1171,1171,930
1172,1172,931
1173,1173,932
1174,1174,933
1175,1175,934
1176,1176,935
1177,1177,936
1178,1178,937
1179,1179,938
1180,1180,939
1181,1181,940
1182,1182,941
1183,1183,942
1184,1184,943
1185,1185,944
1186,1186,945
1187,1187,946
1188,1188,947
1189,1189,948
1190,1190,949
1191,1191,950
1192,1192,951
1193,1193,952
1194,1194,953
1195,1195,954
1196,1196,955
1197,1197,956
1198,1198,957
1199,1199,958
1200,1200,959
1201,1201,960
1202,1202,961
1203,1203,962
1204,1204,963
1205,1205,964
1206,1206,965
1207,1207,966
1208,1208,967
1209,1209,968
1210,1210,969
1211,1211,970
1212,1212,971
1213,1213,972
1214,1214,973
1215,1215,974
1216,1216,975
1217,1217,976
1218,1218,977
1219,1219,978
1220,1220,979
1221,1221,980
1222,1222,981
1223,1223,982
1224,1224,983
1225,1225,984
1226,1226,985
1227,1227,986
1228,1228,987
1229,1229,988
1230,1230,989
1231,1231,990
1232,1232,991
1233,1233,992
1234,1234,993
1235,1235,994
1236,1236,995
1237,1237,996
1238,1238,997
1239,1239,998
1240,1240,999
1241,1240,1000
1242,1241,1001
1243,1242,1002
1244,1243,1003
1245,1244,1004
1246,1245,1005
1247,1246,1006
1248,1247,1007
1249,1248,1008
1250,1249,1009
1251,1250,1010
1252,1251,1011
1253,1252,1012
1254,1253,1013
1255,1254,1014
1256,1255,1015
1257,1256,1016
1258,1257,1017
1259,1258,1018
1260,1259,1019
1261,1260,1020
1262,1260,1021
1263,1260,1022
1264,1260,1023
1265,1261,1024
1266,1262,1025
1267,1263,1026
1268,1264,1027
1269,1265,1028
1270,1266,1029
1271,1267,1030
1272,1268,1031
1273,1269,1032
1274,1270,1033
1275,1271,1034
1276,1272,1035
1277,1273,1036
1278,1274,1037
1279,1275,1038
1280,1276,1039
1281,1277,1040
1282,1278,1041
1283,1279,1042
1284,1280,1043
1285,1280,1044
1286,1280,1045
1287,1281,1046
1288,1282,1047
1289,1283,1048
1290,1284,1049
1291,1285,1050
1292,1286,1051
1293,1287,1052
1294,1288,1053
1295,1289,1054
1296,1290,1055
1297,1291,1056
1298,1292,1057
1299,1293,1058
1300,1294,1059
1301,1295,1060
1302,1296,1061
1303,1297,1062
1304,1298,1063
1305,1299,1064
1306,1300,1065
1307,1301,1066
1308,1302,1067
1309,1303,1068
1310,1304,1069
1311,1305,1070
1312,1306,1071
1313,1307,1072
1314,1308,1073
1315,1309,1074
1316,1310,1075
1317,1311,1076
1318,1312,1077
1319,1313,1078
1320,1314,1079
1321,1315,1080
1322,1316,1081
1323,1317,1082
1324,1318,1083
1325,1319,1084
1326,1320,1085
1327,1320,1086
1328,1320,1087
1329,1320,1088
1330,1320,1089
1331,1320,1090
1332,1320,1091
1333,1320,1092
1334,1321,1093
1335,1322,1094
1336,1323,1095
1337,1324,1096
1338,1325,1097
1339,1326,1098
1340,1327,1099
1341,1328,1100
1342,1329,1101
1343,1330,1102
1344,1331,1103
1345,1332,1104
1346,1333,1105
1347,1334,1106
1348,1335,1107
1349,1336,1108
1350,1337,1109
1351,1338,1110
1352,1339,1111
1353,1340,1112
1354,1341,1113
1355,1342,1114
1356,1343,1115
1357,1344,1116
1358,1345,1117
1359,1346,1118
1360,1347,1119
1361,1348,1120
1362,1349,1121
1363,1350,1122
1364,1351,1123
1365,1352,1124
1366,1353,1125
1367,1354,1126
1368,1355,1127
1369,1356,1128
1370,1357,1129
1371,1358,1130
1372,1359,1131
1373,1360,1132
1374,1360,1133
1375,1360,1134
1376,1360,1135
1377,1360,1136
1378,1361,1137
1379,1362,1138
1380,1363,1139
1381,1364,1140
1382,1365,1141
1383,1366,1142
1384,1367,1143
1385,1368,1144
1386,1369,1145
1387,1370,1146
1388,1371,1147
1389,1372,1148
1390,1373,1149
1391,1374,1150
1392,1375,1151
1393,1376,1152
1394,1377,1153
1395,1378,1154
1396,1379,1155
1397,1380,1156
1398,1381,1157
1399,1382,1158
1400,1383,1159
1401,1384,1160
1402,1385,1161
1403,1386,1162
1404,1387,1163
1405,1388,1164
1406,1389,1165
1407,1390,1166
1408,1391,1167
1409,1392,1168
1410,1393,1169
1411,1394,1170
1412,1395,1171
1413,1396,1172
1414,1397,1173
1415,1398,1174
1416,1399,1175
1417,1400,1176
1418,1401,1177
1419,1402,1178
1420,1403,1179
1421,1404,1180
1422,1405,1181
1423,1406,1182
1424,1407,1183
1425,1408,1184
1426,1409,1185
1427,1410,1186
1428,1411,1187
1429,1412,1188
1430,1413,1189
1431,1414,1190
1432,1415,1191
1433,1416,1192
1434,1417,1193
1435,1418,1194
1436,1419,1195
1437,1420,1196
1438,1421,1197
1439,1422,1198
1440,1423,1199
1441,1424,1200
1442,1425,1201
1443,1426,1202
1444,1427,1203
1445,1428,1204
1446,1429,1205
1447,1430,1206
1448,1431,1207
1449,1432,1208
1450,1433,1209
1451,1434,1210
1452,1435,1211
1453,1436,1212
1454,1437,1213
1455,1438,1214
1456,1439,1215
1457,1440,1216
1458,1441,1217
1459,1442,1218
1460,1443,1219
1461,1444,1220
1462,1445,1221
1463,1446,1222
1464,1447,1223
1465,1448,1224
1466,1449,1225
1467,1450,1226
1468,1451,1227
1469,1452,1228
1470,1453,1229
1471,1454,1230
1472,1455,1231
1473,1456,1232
1474,1457,1233
1475,1458,1234
1476,1459,1235
1477,1460,1236
1478,1461,1237
1479,1462,1237
1480,1463,1237
1481,1464,1237
1482,1465,1237
1483,1466,1237
1484,1467,1237
1485,1468,1237
1486,1469,1237
1487,1470,1237
1488,1471,1237
1489,1472,1237
1490,1473,1237
1491,1474,1237
1492,1475,1237
1493,1476,1237
1494,1477,1237
1495,1478,1237
1496,1479,1237
1497,1480,1237
1498,1481,1237
1499,1482,1237
1500,1483,1237
1501,1484,1237
1502,1485,1237
1503,1486,1237
1504,1487,1237
1505,1488,1237
1506,1489,1237
1507,1490,1237
1508,1491,1237
1509,1492,1237
1510,1493,1237
1511,1494,1237
1512,1495,1237
1513,1496,1237
1514,1497,1237
1515,1498,1237
1516,1499,1237
1517,1500,1237
1518,1501,1237
1519,1502,1237
1520,1503,1237
1521,1504,1237
1522,1505,1237
1523,1506,1237
1524,1507,1237
1525,1508,1237
1526,1509,1237
1527,1510,1237
1528,1511,1237
1529,1512,1237
1530,1513,1237
1531,1514,1237
1532,1515,1237
1533,1516,1237
1534,1517,1237
1535,1518,1237
1536,1519,1237
1537,1520,1237
1538,1521,1237
1539,1522,1237
1540,1523,1237
1541,1524,1237
1542,1525,1237
1543,1526,1237
1544,1527,1237
1545,1528,1237
1546,1529,1237
1547,1530,1237
1548,1531,1237
1549,1532,1237
1550,1533,1237
1551,1534,1237
1552,1535,1237
1553,1536,1237
1554,1537,1237
1555,1538,1237
1556,1539,1237
1557,1540,1237
1558,1541,1237
1559,1542,1237
1560,1543,1237
1561,1544,1237
1562,1545,1238
1563,1546,1239
1564,1547,1240
1565,1548,1241
1566,1549,1242
1567,1550,1243
1568,1551,1244
1569,1552,1245
1570,1553,1246
1571,1554,1247
1572,1555,1248
1573,1556,1249
1574,1557,1250
1575,1558,1251
1576,1559,1252
1577,1560,1253
1578,1560,1254
1579,1560,1255
1580,1560,1256
1581,1560,1257
1582,1560,1258
1583,1560,1259
1584,1560,1260
1585,1560,1261
1586,1560,1262
1587,1560,1263
1588,1560,1264
1589,1560,1265
1590,1560,1266
1591,1560,1267
1592,1560,1268
1593,1560,1269
1594,1560,1270
1595,1560,1271
1596,1560,1272
1597,1560,1273
1598,1560,1274
1599,1560,1275
1600,1560,1276
1601,1560,1277
1602,1560,1278
1603,1560,1279
1604,1560,1280
1605,1560,1281
1606,1560,1282
1607,1560,1283
1608,1560,1284
1609,1560,1285
1610,1560,1286
1611,1560,1287
1612,1560,1288
1613,1560,1289
1614,1560,1290
1615,1560,1291
1616,1560,1292
1617,1560,1293
1618,1560,1294
1619,1560,1295
1620,1560,1296
1621,1560,1297
1622,1560,1298
1623,1561,1299
1624,1562,1300
1625,1563,1301
1626,1564,1302
1627,1565,1303
1628,1566,1304
1629,1567,1305
1630,1568,1306
1631,1569,1307
1632,1570,1308
1633,1571,1309
1634,1572,1310
1635,1573,1311
1636,1574,1312
1637,1575,1313
1638,1576,1314
1639,1577,1315
1640,1578,1316
1641,1579,1317
1642,1580,1318
1643,1581,1319
1644,1582,1320
1645,1583,1321
1646,1584,1322
1647,1585,1323
1648,1586,1324
1649,1587,1325
1650,1588,1326
1651,1589,1327
1652,1590,1328
1653,1591,1329
1654,1592,1330
1655,1593,1331
1656,1594,1332
1657,1595,1333
1658,1596,1334
1659,1597,1335
1660,1598,1336
1661,1599,1337
1662,1600,1338
1663,1601,1339
1664,1602,1340
1665,1603,1341
1666,1604,1342
1667,1605,1343
1668,1606,1344
1669,1607,1345
1670,1608,1346
1671,1609,1347
1672,1610,1348
1673,1611,1349
1674,1612,1350
1675,1613,1351
1676,1614,1352
1677,1615,1353
1678,1616,1354
1679,1617,1355
1680,1618,1356
1681,1619,1357
1682,1620,1358
1683,1620,1359
1684,1620,1360
1685,1621,1361
1686,1622,1362
1687,1623,1363
1688,1624,1364
1689,1625,1365
1690,1626,1366
1691,1627,1367
1692,1628,1368
1693,1629,1369
1694,1630,1370
1695,1631,1371
1696,1632,1372
1697,1633,1373
1698,1634,1374
1699,1635,1375
1700,1636,1376
1701,1637,1377
1702,1638,1378
1703,1639,1379
1704,1640,1380
1705,1641,1381
1706,1642,1382
1707,1643,1383
1708,1644,1384
1709,1645,1385
1710,1646,1386
1711,1647,1387
1712,1648,1388
1713,1649,1389
1714,1650,1390
1715,1651,1391
1716,1652,1392
1717,1653,1393
1718,1654,1394
1719,1655,1395
1720,1656,1396
1721,1657,1397
1722,1658,1398
1723,1659,1399
1724,1660,1400
1725,1661,1401
1726,1662,1402
1727,1663,1403
1728,1664,1404
1729,1665,1405
1730,1666,1406
1731,1667,1407
1732,1668,1408
1733,1669,1409
1734,1670,1410
1735,1671,1411
1736,1672,1412
1737,1673,1413
1738,1674,1414
1739,1675,1415
1740,1676,1416
1741,1677,1417
1742,1678,1418
1743,1679,1419
1744,1680,1420
1745,1681,1421
1746,1682,1422
1747,1683,1423
1748,1684,1424
1749,1685,1425
1750,1686,1426
1751,1687,1427
1752,1688,1428
1753,1689,1429
1754,1690,1430
1755,1691,1431
1756,1692,1432
1757,1693,1433
1758,1694,1434
1759,1695,1435
1760,1696,1436
1761,1697,1437
1762,1698,1438
1763,1699,1439
1764,1700,1440
1765,1701,1441
1766,1702,1442
1767,1703,1443
1768,1704,1444
1769,1705,1445
1770,1706,1446
1771,1707,1447
1772,1708,1448
1773,1709,1449
1774,1710,1450
1775,1711,1451
1776,1712,1452
1777,1713,1453
1778,1714,1454
1779,1715,1455
1780,1716,1456
1781,1717,1457
1782,1718,1458
1783,1719,1459
1784,1720,1460
1785,1721,1461
1786,1722,1462
1787,1723,1463
1788,1724,1464
1789,1725,1465
1790,1726,1466
1791,1727,1467
1792,1728,1468
1793,1729,1469
1794,1730,1470
1795,1731,1471
1796,1732,1472
1797,1733,1473
1798,1734,1474
1799,1735,1475
1800,1736,1476
1801,1737,1477
1802,1738,1478
1803,1739,1479
1804,1740,1480
1805,1741,1481
1806,1742,1482
1807,1743,1483
1808,1744,1484
1809,1745,1485
1810,1746,1486
1811,1747,1487
1812,1748,1488
1813,1749,1489
1814,1750,1490
1815,1751,1491
1816,1752,1492
1817,1753,1493
1818,1754,1494
1819,1755,1495
1820,1756,1496
1821,1757,1497
1822,1758,1498
1823,1759,1499
1824,1760,1500
1825,1761,1501
1826,1762,1502
1827,1763,1503
1828,1764,1503
1829,1765,1503
1830,1766,1503
1831,1767,1503
1832,1768,1503
1833,1769,1503
1834,1770,1503
1835,1771,1503
1836,1772,1503
1837,1773,1503
1838,1774,1503
1839,1775,1503
1840,1776,1503
1841,1777,1503
1842,1778,1503
1843,1779,1504
1844,1780,1505
1845,1781,1506
1846,1782,1507
1847,1783,1508
1848,1784,1509
1849,1785,1510
1850,1786,1511
1851,1787,1512
1852,1788,1513
1853,1789,1514
1854,1790,1515
1855,1791,1516
1856,1792,1517
1857,1793,1518
1858,1794,1519
1859,1795,1520
1860,1796,1521
1861,1797,1522
1862,1798,1523
1863,1799,1524
1864,1800,1525
1865,1801,1526
1866,1802,1527
1867,1803,1528
1868,1804,1529
1869,1805,1530
1870,1806,1531
1871,1807,1532
1872,1808,1532
1873,1809,1532
1874,1810,1532
1875,1811,1532
1876,1812,1532
1877,1813,1532
1878,1814,1532
1879,1815,1532
1880,1816,1533
1881,1817,1534
1882,1818,1535
1883,1819,1536
1884,1820,1537
1885,1821,1538
1886,1822,1538
1887,1823,1538
1888,1824,1538
1889,1825,1538
1890,1826,1538
1891,1827,1538
1892,1828,1538
1893,1829,1539
1894,1830,1540
1895,1831,1541
1896,1832,1542
1897,1833,1543
1898,1834,1544
1899,1835,1545
1900,1836,1546
1901,1837,1547
1902,1838,1548
1903,1839,1549
1904,1840,1550
1905,1840,1551
1906,1841,1552
1907,1842,1553
1908,1843,1554
1909,1844,1555
1910,1845,1556
1911,1846,1557
1912,1847,1558
1913,1848,1559
1914,1849,1560
1915,1850,1561
1916,1851,1562
1917,1852,1563
1918,1853,1564
1919,1854,1565
1920,1855,1566
1921,1856,1567
1922,1857,1568
1923,1858,1569
1924,1859,1570
1925,1860,1571
1926,1861,1571
1927,1862,1571
1928,1863,1571
1929,1864,1571
1930,1865,1571
1931,1866,1571
1932,1867,1571
1933,1868,1571
1934,1869,1571
1935,1870,1571
1936,1871,1571
1937,1872,1571
1938,1873,1571
1939,1874,1571
1940,1875,1571
1941,1876,1572
1942,1877,1573
1943,1878,1574
1944,1879,1575
1945,1880,1576
1946,1881,1577
1947,1882,1578
1948,1883,1579
1949,1884,1580
1950,1885,1580
1951,1886,1580
1952,1887,1580
1953,1888,1581
1954,1889,1582
1955,1890,1583
1956,1891,1584
1957,1892,1585
1958,1893,1586
1959,1894,1587
1960,1895,1588
1961,1896,1589
1962,1897,1590
1963,1898,1591
1964,1899,1592
1965,1900,1593
1966,1901,1594
1967,1902,1595
1968,1903,1596
1969,1904,1597
1970,1905,1598
1971,1906,1599
1972,1907,1600
1973,1908,1601
1974,1909,1602
1975,1910,1602
1976,1911,1602
1977,1912,1602
1978,1913,1602
1979,1914,1602
1980,1915,1602
1981,1916,1602
1982,1917,1602
1983,1918,1603
1984,1919,1604
1985,1920,1605
1986,1921,1606
1987,1922,1607
1988,1923,1607
1989,1924,1607
1990,1925,1607
1991,1926,1607
1992,1927,1607
1993,1928,1607
1994,1929,1607
1995,1930,1607
1996,1931,1607
1997,1932,1607
1998,1933,1608
1999,1934,1609
2000,1935,1610
2001,1936,1611
2002,1937,1612
2003,1938,1613
2004,1939,1614
2005,1940,1615
2006,1941,1616
2007,1942,1617
2008,1943,1618
2009,1944,1619
2010,1945,1620
2011,1946,1621
2012,1947,1622
2013,1948,1623
2014,1949,1624
2015,1950,1625
2016,1951,1626
2017,1952,1627
2018,1953,1628
2019,1954,1629
2020,1955,1630
2021,1956,1631
2022,1957,1632
2023,1958,1633
2024,1959,1634
2025,1960,1635
2026,1961,1636
2027,1962,1637
2028,1963,1638
2029,1964,1639
2030,1965,1640
2031,1966,1641
2032,1967,1642
2033,1968,1643
2034,1969,1644
2035,1970,1645
2036,1971,1646
2037,1972,1647
2038,1973,1648
2039,1974,1649
2040,1975,1650
2041,1976,1651
2042,1977,1652
2043,1978,1653
2044,1979,1654
2045,1980,1655
2046,1981,1656
2047,1982,1657
2048,1983,1658
2049,1984,1659
2050,1985,1660
2051,1986,1661
2052,1987,1662
2053,1988,1663
2054,1989,1664
2055,1990,1665
2056,1991,1665
2057,1992,1665
2058,1993,1665
2059,1994,1665
2060,1995,1665
2061,1996,1665
2062,1997,1665
2063,1998,1665
2064,1999,1665
2065,2000,1665
2066,2001,1665
2067,2002,1665
2068,2003,1665
2069,2004,1665
2070,2005,1665
2071,2006,1665
2072,2007,1665
2073,2008,1665
2074,2009,1665
2075,2010,1665
2076,2011,1665
2077,2012,1665
2078,2013,1665
2079,2014,1665
2080,2015,1665
2081,2016,1665
2082,2017,1665
2083,2018,1665
2084,2019,1665
2085,2020,1665
2086,2021,1665
2087,2022,1665
2088,2023,1665
2089,2024,1665
2090,2025,1665
2091,2026,1665
2092,2027,1666
2093,2028,1667
2094,2029,1668
2095,2030,1669
2096,2031,1670
2097,2032,1671
2098,2033,1672
2099,2034,1673
2100,2035,1674
2101,2036,1675
2102,2037,1676
2103,2038,1677
2104,2039,1678
2105,2040,1679
2106,2041,1680
2107,2042,1681
2108,2043,1682
2109,2044,1683
2110,2045,1684
2111,2046,1685
2112,2047,1686
2113,2048,1687
2114,2049,1688
2115,2050,1689
2116,2051,1690
2117,2052,1691
2118,2053,1692
2119,2054,1693
2120,2055,1694
2121,2056,1695
2122,2057,1696
2123,2058,1697
2124,2059,1698
2125,2060,1699
2126,2061,1700
2127,2062,1701
2128,2063,1702
2129,2064,1703
2130,2065,1704
2131,2066,1705
2132,2067,1706
2133,2068,1707
2134,2069,1708
2135,2070,1709
2136,2071,1710
2137,2072,1711
2138,2073,1712
2139,2074,1713
2140,2075,1714
2141,2076,1715
2142,2077,1716
2143,2078,1717
2144,2079,1718
2145,2080,1719
2146,2081,1720
2147,2082,1720
2148,2083,1720
2149,2084,1720
2150,2085,1720
2151,2086,1720
2152,2087,1720
2153,2088,1720
2154,2089,1720
2155,2090,1720
2156,2091,1720
2157,2092,1720
2158,2093,1720
2159,2094,1720
2160,2095,1720
2161,2096,1720
2162,2097,1720
2163,2098,1720
2164,2099,1720
2165,2100,1721
2166,2101,1722
2167,2102,1723
2168,2103,1724
2169,2104,1725
2170,2105,1726
2171,2106,1727
2172,2107,1728
2173,2108,1729
2174,2109,1730
2175,2110,1731
2176,2111,1732
2177,2112,1733
2178,2113,1734
2179,2114,1735
2180,2115,1736
2181,2116,1736
2182,2117,1736
2183,2118,1736
2184,2119,1736
2185,2120,1736
2186,2121,1736
2187,2122,1736
2188,2123,1736
2189,2124,1736
2190,2125,1736
2191,2126,1736
2192,2127,1736
2193,2128,1736
2194,2129,1736
2195,2130,1737
2196,2131,1738
2197,2132,1739
2198,2133,1740
2199,2134,1741
2200,2135,1742
2201,2136,1743
2202,2137,1744
2203,2138,1745
2204,2139,1746
2205,2140,1747
2206,2141,1748
2207,2142,1749
2208,2143,1750
2209,2144,1751
2210,2145,1752
2211,2146,1753
2212,2147,1754
2213,2148,1755
2214,2149,1756
2215,2150,1757
2216,2151,1758
2217,2152,1759
2218,2153,1760
2219,2154,1761
2220,2155,1762
2221,2156,1762
2222,2157,1762
2223,2158,1763
2224,2159,1764
2225,2160,1765
2226,2161,1766
2227,2162,1767
2228,2163,1768
2229,2164,1769
2230,2165,1770
2231,2166,1771
2232,2167,1772
2233,2168,1773
2234,2169,1774
2235,2170,1775
2236,2171,1776
2237,2172,1777
2238,2173,1778
2239,2174,1779
2240,2175,1780
2241,2176,1781
2242,2177,1782
2243,2178,1783
2244,2179,1784
2245,2180,1785
2246,2181,1786
2247,2182,1787
2248,2183,1788
2249,2184,1788
2250,2185,1788
2251,2186,1788
2252,2187,1788
2253,2188,1788
2254,2189,1788
2255,2190,1788
2256,2191,1788
2257,2192,1788
2258,2193,1788
2259,2194,1788
2260,2195,1788
2261,2196,1788
2262,2197,1788
2263,2198,1788
2264,2199,1788
2265,2200,1788
2266,2201,1788
2267,2202,1788
2268,2203,1788
2269,2204,1788
2270,2205,1789
2271,2206,1790
2272,2207,1791
2273,2208,1792
2274,2209,1793
2275,2210,1794
2276,2211,1795
2277,2212,1796
2278,2213,1797
2279,2214,1798
2280,2215,1799
2281,2216,1800
2282,2217,1801
2283,2218,1802
2284,2219,1803
2285,2220,1804
2286,2221,1805
2287,2222,1806
2288,2223,1807
2289,2224,1808
2290,2225,1809
2291,2226,1810
2292,2227,1811
2293,2228,1812
2294,2229,1813
2295,2230,1814
2296,2231,1815
2297,2232,1816
2298,2233,1817
2299,2234,1817
2300,2235,1817
2301,2236,1817
2302,2237,1817
2303,2238,1817
2304,2239,1817
2305,2240,1817
2306,2241,1817
2307,2242,1817
2308,2243,1817
2309,2244,1817
2310,2245,1817
2311,2246,1817
2312,2247,1817
2313,2248,1817
2314,2249,1817
2315,2250,1817
2316,2251,1817
2317,2252,1817
2318,2253,1817
2319,2254,1817
2320,2255,1817
2321,2256,1817
2322,2257,1817
2323,2258,1817
2324,2259,1817
2325,2260,1817
2326,2261,1817
2327,2262,1817
2328,2263,1817
2329,2264,1817
2330,2265,1817
2331,2266,1817
2332,2267,1817
2333,2268,1817
2334,2269,1818
2335,2270,1819
2336,2271,1820
2337,2272,1821
2338,2273,1822
2339,2274,1823
2340,2275,1824
2341,2276,1825
2342,2277,1826
2343,2278,1827
2344,2279,1828
2345,2280,1829
2346,2281,1830
2347,2282,1830
2348,2283,1830
2349,2284,1830
2350,2285,1830
2351,2286,1830
2352,2287,1830
2353,2288,1830
2354,2289,1830
2355,2290,1830
2356,2291,1830
2357,2292,1830
2358,2293,1830
2359,2294,1830
2360,2295,1830
2361,2296,1830
2362,2297,1830
2363,2298,1830
2364,2299,1830
2365,2300,1830
2366,2301,1830
2367,2302,1830
2368,2303,1830
2369,2304,1830
2370,2305,1830
2371,2306,1830
2372,2307,1830
2373,2308,1830
2374,2309,1830
2375,2310,1830
2376,2311,1830
2377,2312,1830
2378,2313,1830
2379,2314,1831
2380,2315,1832
2381,2316,1833
2382,2317,1834
2383,2318,1835
2384,2319,1836
2385,2320,1837
2386,2321,1838
2387,2322,1839
2388,2323,1840
2389,2324,1841
2390,2325,1842
2391,2326,1843
2392,2327,1844
2393,2328,1845
2394,2329,1846
2395,2330,1847
2396,2331,1848
2397,2332,1849
2398,2333,1850
2399,2334,1851
2400,2335,1852
2401,2336,1853
2402,2337,1854
2403,2338,1855
2404,2339,1856
2405,2340,1857
2406,2341,1858
2407,2342,1859
2408,2343,1860
2409,2344,1861
2410,2345,1862
2411,2346,1863
2412,2347,1864
2413,2348,1865
2414,2349,1866
2415,2350,1867
2416,2351,1868
2417,2352,1869
2418,2353,1870
2419,2354,1871
2420,2355,1872
2421,2356,1873
2422,2357,1874
2423,2358,1875
2424,2359,1876
2425,2360,1877
2426,2361,1878
2427,2362,1879
2428,2363,1880
2429,2364,1881
2430,2365,1882
2431,2366,1883
2432,2367,1884
2433,2368,1885
2434,2369,1886
2435,2370,1887
2436,2371,1888
2437,2372,1889
2438,2373,1890
2439,2374,1891
2440,2375,1892
2441,2376,1893
2442,2377,1894
2443,2378,1895
2444,2379,1896
2445,2380,1897
2446,2381,1898
2447,2382,1899
2448,2383,1900
2449,2384,1901
2450,2385,1902
2451,2386,1903
2452,2387,1904
2453,2388,1905
2454,2389,1906
2455,2390,1907
2456,2391,1908
2457,2392,1909
2458,2393,1910
2459,2394,1911
2460,2395,1912
2461,2396,1913
2462,2397,1914
2463,2398,1915
2464,2399,1916
2465,2400,1917
2466,2401,1918
2467,2402,1919
2468,2403,1920
2469,2404,1921
2470,2405,1922
2471,2406,1923
2472,2407,1924
2473,2408,1925
2474,2409,1926
2475,2410,1927
2476,2411,1928
2477,2412,1929
2478,2413,1930
2479,2414,1931
2480,2415,1932
2481,2416,1933
2482,2417,1934
2483,2418,1935
2484,2419,1936
2485,2420,1937
2486,2421,1938
2487,2422,1939
2488,2423,1940
2489,2424,1941
2490,2425,1942
2491,2426,1943
2492,2427,1944
2493,2428,1945
2494,2429,1946
2495,2430,1947
2496,2431,1948
2497,2432,1949
2498,2433,1950
2499,2434,1951
2500,2435,1952
2501,2436,1953
2502,2437,1954
2503,2438,1955
2504,2439,1956
2505,2440,1957
2506,2441,1958
2507,2442,1959
2508,2443,1960
2509,2444,1961
2510,2445,1962
2511,2446,1963
2512,2447,1964
2513,2448,1965
2514,2449,1966
2515,2450,1967
2516,2451,1968
2517,2452,1969
2518,2453,1970
2519,2454,1971
2520,2455,1972
2521,2456,1973
2522,2457,1973
2523,2458,1973
2524,2459,1973
2525,2460,1973
2526,2461,1973
2527,2462,1973
2528,2463,1973
2529,2464,1973
2530,2465,1973
2531,2466,1973
2532,2467,1973
2533,2468,1973
2534,2469,1973
2535,2470,1973
2536,2471,1973
2537,2472,1973
2538,2473,1973
2539,2474,1973
2540,2475,1973
2541,2476,1973
2542,2477,1973
2543,2478,1973
2544,2479,1973
2545,2480,1973
2546,2481,1973
2547,2482,1973
2548,2483,1973
2549,2484,1973
2550,2485,1973
2551,2486,1973
2552,2487,1973
2553,2488,1973
2554,2489,1973
2555,2490,1973
2556,2491,1973
2557,2492,1973
2558,2493,1973
2559,2494,1974
2560,2495,1975
2561,2496,1976
2562,2497,1977
2563,2498,1978
2564,2499,1979
2565,2500,1980
2566,2501,1981
2567,2502,1982
2568,2503,1983
2569,2504,1984
2570,2505,1985
2571,2506,1986
2572,2507,1987
2573,2508,1988
2574,2509,1989
2575,2510,1990
2576,2511,1991
2577,2512,1992
2578,2513,1993
2579,2514,1994
2580,2515,1995
2581,2516,1996
2582,2517,1997
2583,2518,1998
2584,2519,1999
2585,2520,2000
2586,2521,2001
2587,2522,2002
2588,2523,2003
2589,2524,2004
2590,2525,2005
2591,2526,2006
2592,2527,2007
2593,2528,2008
2594,2529,2009
2595,2530,2010
2596,2531,2010
2597,2532,2011
2598,2533,2012
2599,2534,2013
2600,2535,2014
2601,2536,2015
2602,2537,2016
2603,2538,2017
2604,2539,2018
2605,2540,2019
2606,2541,2020
2607,2542,2021
2608,2543,2022
2609,2544,2023
2610,2545,2024
2611,2546,2025
2612,2547,2026
2613,2548,2027
2614,2549,2027
2615,2550,2027
2616,2551,2027
2617,2552,2027
2618,2553,2027
2619,2554,2027
2620,2555,2028
2621,2556,2029
2622,2557,2030
2623,2558,2031
2624,2559,2032
2625,2560,2033
2626,2561,2034
2627,2562,2035
2628,2563,2036
2629,2564,2037
2630,2565,2038
2631,2566,2039
2632,2567,2040
2633,2568,2041
2634,2569,2042
2635,2570,2043
2636,2571,2044
2637,2572,2044
2638,2573,2044
2639,2574,2044
2640,2575,2044
2641,2576,2044
2642,2577,2044
2643,2578,2044
2644,2579,2045
2645,2580,2046
2646,2581,2046
2647,2582,2046
2648,2583,2046
2649,2584,2046
2650,2585,2046
2651,2586,2046
2652,2587,2046
2653,2588,2046
2654,2589,2046
2655,2590,2046
2656,2591,2047
2657,2592,2048
2658,2593,2049
2659,2594,2050
2660,2595,2051
2661,2596,2052
2662,2597,2053
2663,2598,2054
2664,2599,2055
2665,2600,2056
2666,2601,2057
2667,2602,2058
2668,2603,2059
2669,2604,2060
2670,2605,2061
2671,2606,2062
2672,2607,2063
2673,2608,2064
2674,2609,2065
2675,2610,2066
2676,2611,2067
2677,2612,2068
2678,2613,2069
2679,2614,2070
2680,2615,2071
2681,2616,2072
2682,2617,2073
2683,2618,2074
2684,2619,2075
2685,2620,2076
2686,2621,2076
2687,2622,2076
2688,2623,2076
2689,2624,2076
2690,2625,2076
2691,2626,2076
2692,2627,2076
2693,2628,2076
2694,2629,2076
2695,2630,2076
2696,2631,2076
2697,2632,2076
2698,2633,2076
2699,2634,2076
2700,2635,2076
2701,2636,2076
2702,2637,2076
2703,2638,2076
2704,2639,2076
2705,2640,2077
2706,2641,2078
2707,2642,2079
2708,2643,2080
2709,2644,2081
2710,2645,2082
2711,2646,2083
2712,2647,2084
2713,2648,2085
2714,2649,2086
2715,2650,2087
2716,2651,2088
2717,2652,2088
2718,2653,2088
2719,2654,2088
2720,2655,2088
2721,2656,2088
2722,2657,2088
2723,2658,2088
2724,2659,2088
2725,2660,2088
2726,2661,2088
2727,2662,2088
2728,2663,2088
2729,2664,2088
2730,2665,2088
2731,2666,2088
2732,2667,2088
2733,2668,2088
2734,2669,2088
2735,2670,2088
2736,2671,2088
2737,2672,2088
2738,2673,2088
2739,2674,2088
2740,2675,2088
2741,2676,2088
2742,2677,2088
2743,2678,2088
2744,2679,2088
2745,2680,2088
2746,2681,2088
2747,2682,2088
2748,2683,2088
2749,2684,2088
2750,2685,2088
2751,2686,2088
2752,2687,2088
2753,2688,2088
2754,2689,2088
2755,2690,2088
2756,2691,2088
2757,2692,2088
2758,2693,2088
2759,2694,2088
2760,2695,2088
2761,2696,2088
2762,2697,2088
2763,2698,2088
2764,2699,2088
2765,2700,2088
2766,2701,2088
2767,2702,2088
2768,2703,2088
2769,2704,2088
2770,2705,2088
2771,2706,2088
2772,2707,2088
2773,2708,2088
2774,2709,2088
2775,2710,2088
2776,2711,2088
2777,2712,2088
2778,2713,2088
2779,2714,2088
2780,2715,2088
2781,2716,2088
2782,2717,2088
2783,2718,2088
2784,2719,2088
2785,2720,2088
2786,2721,2088
2787,2722,2088
2788,2723,2088
2789,2724,2088
2790,2725,2088
2791,2726,2088
2792,2727,2088
2793,2728,2088
2794,2729,2088
2795,2730,2088
2796,2731,2088
2797,2732,2088
2798,2733,2088
2799,2734,2088
2800,2735,2088
2801,2736,2088
2802,2737,2088
2803,2738,2088
2804,2739,2089
2805,2740,2090
2806,2741,2091
2807,2742,2092
2808,2743,2093
2809,2744,2093
2810,2745,2093
2811,2746,2093
2812,2747,2093
2813,2748,2093
2814,2749,2093
2815,2750,2093
2816,2751,2093
2817,2752,2093
2818,2753,2093
2819,2754,2093
2820,2755,2093
2821,2756,2093
2822,2757,2093
2823,2758,2093
2824,2759,2093
2825,2760,2093
2826,2761,2093
2827,2762,2093
2828,2763,2093
2829,2764,2093
2830,2765,2093
2831,2766,2093
2832,2767,2093
2833,2768,2093
2834,2769,2093
2835,2770,2093
2836,2771,2093
2837,2772,2093
2838,2773,2093
2839,2774,2093
2840,2775,2093
2841,2776,2093
2842,2777,2093
2843,2778,2093
2844,2779,2093
2845,2780,2093
2846,2781,2093
2847,2782,2093
2848,2783,2093
2849,2784,2093
2850,2785,2093
2851,2786,2093
2852,2787,2093
2853,2788,2093
2854,2789,2093
2855,2790,2093
2856,2791,2093
2857,2792,2093
2858,2793,2093
2859,2794,2093
2860,2795,2093
2861,2796,2093
2862,2797,2093
2863,2798,2093
2864,2799,2094
2865,2800,2095
2866,2800,2096
2867,2800,2097
2868,2800,2098
2869,2800,2099
2870,2800,2100
2871,2800,2101
2872,2800,2102
2873,2800,2103
2874,2800,2104
2875,2800,2105
2876,2800,2106
2877,2800,2107
2878,2800,2108
2879,2800,2109
2880,2800,2110
2881,2800,2111
2882,2800,2112
2883,2800,2113
2884,2800,2114
2885,2800,2115
2886,2800,2116
2887,2801,2117
2888,2802,2118
2889,2803,2119
2890,2804,2120
2891,2805,2121
2892,2806,2122
2893,2807,2123
2894,2808,2124
2895,2809,2125
2896,2810,2126
2897,2811,2127
2898,2812,2128
2899,2813,2129
2900,2814,2130
2901,2815,2131
2902,2816,2132
2903,2817,2133
2904,2818,2134
2905,2819,2135
2906,2820,2136
2907,2821,2137
2908,2822,2138
2909,2823,2139
2910,2824,2140
2911,2825,2141
2912,2826,2142
2913,2827,2143
2914,2828,2144
2915,2829,2145
2916,2830,2146
2917,2831,2147
2918,2832,2148
2919,2833,2149
2920,2834,2150
2921,2835,2151
2922,2836,2152
2923,2837,2153
2924,2838,2154
2925,2839,2155
2926,2840,2156
2927,2841,2157
2928,2842,2158
2929,2843,2159
2930,2844,2160
2931,2845,2161
2932,2846,2162
2933,2847,2163
2934,2848,2164
2935,2849,2165
2936,2850,2166
2937,2851,2167
2938,2852,2168
2939,2853,2169
2940,2854,2170
2941,2855,2171
2942,2856,2172
2943,2857,2173
2944,2858,2174
2945,2859,2175
2946,2860,2176
2947,2861,2177
2948,2862,2178
2949,2863,2179
2950,2864,2180
2951,2865,2181
2952,2866,2182
2953,2867,2183
2954,2868,2184
2955,2869,2185
2956,2870,2186
2957,2871,2187
2958,2872,2188
2959,2873,2189
2960,2874,2190
2961,2875,2191
2962,2876,2192
2963,2877,2193
2964,2878,2194
2965,2879,2195
2966,2880,2196
2967,2881,2197
2968,2882,2198
2969,2883,2199
2970,2884,2200
2971,2885,2201
2972,2886,2202
2973,2887,2203
2974,2888,2204
2975,2889,2205
2976,2890,2206
2977,2890,2207
2978,2890,2208
2979,2890,2209
2980,2890,2210
2981,2890,2211
2982,2890,2212
2983,2890,2213
2984,2890,2214
2985,2890,2215
2986,2890,2216
2987,2890,2217
2988,2890,2218
2989,2890,2219
2990,2890,2220
2991,2891,2221
2992,2892,2222
2993,2893,2223
2994,2894,2224
2995,2895,2225
2996,2896,2226
2997,2897,2227
2998,2898,2228
2999,2899,2229
3000,2900,2230
3001,2901,2231
3002,2902,2232
3003,2903,2233
3004,2904,2234
3005,2905,2235
3006,2906,2236
3007,2907,2237
3008,2908,2238
3009,2909,2239
3010,2910,2240
3011,2911,2241
3012,2912,2242
3013,2913,2243
3014,2914,2244
3015,2915,2245
3016,2916,2246
3017,2917,2247
3018,2918,2248
3019,2919,2249
3020,2920,2250
3021,2921,2251
3022,2922,2252
3023,2923,2253
3024,2924,2254
3025,2925,2255
3026,2926,2256
3027,2927,2257
3028,2928,2258
3029,2929,2259
3030,2930,2260
3031,2931,2261
3032,2932,2262
3033,2933,2263
3034,2934,2264
3035,2935,2265
3036,2936,2266
3037,2937,2267
3038,2938,2268
3039,2939,2269
3040,2940,2270
3041,2941,2271
3042,2942,2272
3043,2943,2273
3044,2944,2274
3045,2945,2275
3046,2946,2276
3047,2947,2277
3048,2948,2278
3049,2949,2279
3050,2950,2280
3051,2951,2281
3052,2952,2282
3053,2953,2283
3054,2954,2284
3055,2955,2285
3056,2956,2286
3057,2957,2287
3058,2958,2288
3059,2959,2289
3060,2960,2290
3061,2961,2291
3062,2962,2292
3063,2963,2293
3064,2964,2294
3065,2965,2295
3066,2966,2296
3067,2967,2297
3068,2968,2298
3069,2969,2299
3070,2970,2300
3071,2971,2301
3072,2972,2302
3073,2973,2303
3074,2974,2304
3075,2975,2305
3076,2976,2306
3077,2977,2307
3078,2978,2308
3079,2979,2309
3080,2980,2310
3081,2981,2311
3082,2982,2312
3083,2983,2313
3084,2984,2314
3085,2985,2315
3086,2986,2316
3087,2987,2317
3088,2988,2318
3089,2989,2319
3090,2990,2320
3091,2991,2321
3092,2992,2322
3093,2993,2323
3094,2994,2324
3095,2995,2325
3096,2996,2326
3097,2997,2327
3098,2998,2328
3099,2999,2329
3100,3000,2330
3101,3001,2331
3102,3002,2332
3103,3003,2333
3104,3004,2334
3105,3005,2335
3106,3006,2336
3107,3007,2337
3108,3008,2338
3109,3009,2339
3110,3010,2340
3111,3011,2341
3112,3012,2342
3113,3013,2343
3114,3014,2344
3115,3015,2345
3116,3016,2346
3117,3017,2347
3118,3018,2348
3119,3019,2349
3120,3020,2350
3121,3021,2351
3122,3022,2352
3123,3023,2353
3124,3024,2354
3125,3025,2355
3126,3026,2356
3127,3027,2357
3128,3028,2358
3129,3029,2359
3130,3030,2360
3131,3031,2361
3132,3032,2361
3133,3033,2361
3134,3034,2361
3135,3035,2361
3136,3036,2361
3137,3037,2361
3138,3038,2361
3139,3039,2361
3140,3040,2361
3141,3041,2361
3142,3042,2361
3143,3043,2361
3144,3044,2361
3145,3045,2361
3146,3046,2361
3147,3047,2361
3148,3048,2361
3149,3049,2361
3150,3050,2361
3151,3051,2361
3152,3052,2361
3153,3053,2361
3154,3054,2361
3155,3055,2361
3156,3056,2361
3157,3057,2361
3158,3058,2362
3159,3059,2363
3160,3060,2364
3161,3061,2365
3162,3062,2366
3163,3063,2367
3164,3064,2368
3165,3065,2369
3166,3066,2370
3167,3067,2371
3168,3068,2372
3169,3069,2373
3170,3070,2374
3171,3071,2375
3172,3072,2376
3173,3073,2377
3174,3074,2378
3175,3075,2379
3176,3076,2380
3177,3077,2381
3178,3078,2382
3179,3079,2383
3180,3080,2384
3181,3081,2385
3182,3082,2386
3183,3083,2386
3184,3084,2386
3185,3085,2387
3186,3086,2388
3187,3087,2389
3188,3088,2390
3189,3089,2391
3190,3090,2392
3191,3091,2393
3192,3092,2394
3193,3093,2395
3194,3094,2396
3195,3095,2397
3196,3096,2398
3197,3097,2399
3198,3098,2400
3199,3099,2401
3200,3100,2402
3201,3101,2403
3202,3102,2404
3203,3103,2405
3204,3104,2406
3205,3105,2407
3206,3106,2408
3207,3107,2409
3208,3108,2410
3209,3109,2411
3210,3110,2412
3211,3111,2413
3212,3112,2414
3213,3113,2415
3214,3114,2416
3215,3115,2417
3216,3116,2418
3217,3117,2419
3218,3118,2420
3219,3119,2421
3220,3120,2422
3221,3120,2423
3222,3120,2424
3223,3120,2425
3224,3120,2426
3225,3120,2427
3226,3120,2428
3227,3120,2429
3228,3120,2430
3229,3120,2431
3230,3120,2432
3231,3120,2433
3232,3120,2434
3233,3120,2435
3234,3120,2436
3235,3120,2437
3236,3120,2438
3237,3121,2439
3238,3122,2440
3239,3123,2441
3240,3124,2442
3241,3125,2443
3242,3126,2444
3243,3127,2445
3244,3128,2446
3245,3129,2447
3246,3130,2448
3247,3131,2449
3248,3132,2450
3249,3133,2451
3250,3134,2452
3251,3135,2453
3252,3136,2454
3253,3137,2455
3254,3138,2456
3255,3139,2457
3256,3140,2458
3257,3141,2459
3258,3142,2460
3259,3143,2461
3260,3144,2462
3261,3145,2463
3262,3146,2464
3263,3147,2465
3264,3148,2466
3265,3149,2467
3266,3150,2468
3267,3151,2469
3268,3152,2470
3269,3153,2471
3270,3154,2472
3271,3155,2473
3272,3156,2474
3273,3157,2475
3274,3158,2476
3275,3159,2477
3276,3160,2478
3277,3161,2478
3278,3162,2478
3279,3163,2478
3280,3164,2478
3281,3165,2478
3282,3166,2478
3283,3167,2478
3284,3168,2478
3285,3169,2478
3286,3170,2478
3287,3171,2478
3288,3172,2478
3289,3173,2478
3290,3174,2478
3291,3175,2478
3292,3176,2478
3293,3177,2478
3294,3178,2478
3295,3179,2478
3296,3180,2478
3297,3181,2478
3298,3182,2478
3299,3183,2478
3300,3184,2478
3301,3185,2478
3302,3186,2478
3303,3187,2478
3304,3188,2478
3305,3189,2478
3306,3190,2478
3307,3191,2478
3308,3192,2478
3309,3193,2478
3310,3194,2478
3311,3195,2478
3312,3196,2478
3313,3197,2478
3314,3198,2478
3315,3199,2478
3316,3200,2479
3317,3200,2480
3318,3200,2481
3319,3201,2482
3320,3202,2483
3321,3203,2484
3322,3204,2485
3323,3205,2486
3324,3206,2487
3325,3207,2488
3326,3208,2489
3327,3209,2490
3328,3210,2491
3329,3211,2492
3330,3212,2493
3331,3213,2494
3332,3214,2495
3333,3215,2496
3334,3216,2497
3335,3217,2498
3336,3218,2499
3337,3219,2500
3338,3220,2501
3339,3221,2502
3340,3222,2503
3341,3223,2504
3342,3224,2505
3343,3225,2506
3344,3226,2507
3345,3227,2508
3346,3228,2509
3347,3229,2510
3348,3230,2511
3349,3231,2512
3350,3232,2513
3351,3233,2514
3352,3234,2515
3353,3235,2516
3354,3236,2517
3355,3237,2518
3356,3238,2519
3357,3239,2520
3358,3240,2521
3359,3241,2522
3360,3242,2522
3361,3243,2522
3362,3244,2522
3363,3245,2522
3364,3246,2522
3365,3247,2522
3366,3248,2522
3367,3249,2522
3368,3250,2522
3369,3251,2522
3370,3252,2522
3371,3253,2522
3372,3254,2522
3373,3255,2522
3374,3256,2522
3375,3257,2522
3376,3258,2522
3377,3259,2522
3378,3260,2522
3379,3261,2522
3380,3262,2522
3381,3263,2522
3382,3264,2522
3383,3265,2522
3384,3266,2522
3385,3267,2522
3386,3268,2522
3387,3269,2522
3388,3270,2522
3389,3271,2522
3390,3272,2522
3391,3273,2522
3392,3274,2522
3393,3275,2522
3394,3276,2522
3395,3277,2522
3396,3278,2522
3397,3279,2523
3398,3280,2524
3399,3281,2525
3400,3282,2526
3401,3283,2527
3402,3284,2528
3403,3285,2529
3404,3286,2530
3405,3287,2530
3406,3288,2530
3407,3289,2530
3408,3290,2530
3409,3291,2530
3410,3292,2530
3411,3293,2530
3412,3294,2530
3413,3295,2530
3414,3296,2530
3415,3297,2530
3416,3298,2531
3417,3299,2532
3418,3300,2533
3419,3301,2534
3420,3302,2535
3421,3303,2536
3422,3304,2537
3423,3305,2538
3424,3306,2539
3425,3307,2540
3426,3308,2541
3427,3309,2542
3428,3310,2542
3429,3311,2542
3430,3312,2543
3431,3313,2544
3432,3314,2545
3433,3315,2546
3434,3316,2547
3435,3317,2548
3436,3318,2549
3437,3319,2550
3438,3320,2551
3439,3321,2552
3440,3322,2553
3441,3323,2554
3442,3324,2555
3443,3325,2556
3444,3326,2557
3445,3327,2558
3446,3328,2559
3447,3329,2560
3448,3330,2561
3449,3331,2562
3450,3332,2563
3451,3333,2564
3452,3334,2565
3453,3335,2566
3454,3336,2567
3455,3337,2568
3456,3338,2569
3457,3339,2570
3458,3340,2571
3459,3341,2572
3460,3342,2573
3461,3343,2574
3462,3344,2575
3463,3345,2576
3464,3346,2577
3465,3347,2578
3466,3348,2579
3467,3349,2580
3468,3350,2581
3469,3351,2582
3470,3352,2583
3471,3353,2584
3472,3354,2585
3473,3355,2586
3474,3356,2587
3475,3357,2588
3476,3358,2589
3477,3359,2590
3478,3360,2591
3479,3361,2592
3480,3362,2593
3481,3363,2594
3482,3364,2595
3483,3365,2596
3484,3366,2597
3485,3367,2598
3486,3368,2599
3487,3369,2600
3488,3370,2600
3489,3371,2600
3490,3372,2600
3491,3373,2600
3492,3374,2600
3493,3375,2600
3494,3376,2601
3495,3377,2602
3496,3378,2603
3497,3379,2604
3498,3380,2605
3499,3381,2605
3500,3382,2605
3501,3383,2605
3502,3384,2605
3503,3385,2605
3504,3386,2605
3505,3387,2605
3506,3388,2605
3507,3389,2605
3508,3390,2605
3509,3391,2605
3510,3392,2605
3511,3393,2605
3512,3394,2605
3513,3395,2605
3514,3396,2605
3515,3397,2606
3516,3398,2607
3517,3399,2608
3518,3400,2609
3519,3401,2609
3520,3402,2609
3521,3403,2609
3522,3404,2609
3523,3405,2609
3524,3406,2609
3525,3407,2609
3526,3408,2609
3527,3409,2609
3528,3410,2609
3529,3411,2609
3530,3412,2609
3531,3413,2609
3532,3414,2609
3533,3415,2609
3534,3416,2609
3535,3417,2609
3536,3418,2609
3537,3419,2609
3538,3420,2610
3539,3421,2610
3540,3422,2610
3541,3423,2610
3542,3424,2611
3543,3425,2612
3544,3426,2613
3545,3427,2614
3546,3428,2615
3547,3429,2616
3548,3430,2617
3549,3431,2618
3550,3432,2619
3551,3433,2620
3552,3434,2621
3553,3435,2622
3554,3436,2623
3555,3437,2624
3556,3438,2625
3557,3439,2626
3558,3440,2627
3559,3440,2628
3560,3440,2629
3561,3441,2630
3562,3442,2631
3563,3443,2632
3564,3444,2633
3565,3445,2634
3566,3446,2635
3567,3447,2636
3568,3448,2637
3569,3449,2638
3570,3450,2639
3571,3451,2640
3572,3452,2641
3573,3453,2642
3574,3454,2643
3575,3455,2644
3576,3456,2645
3577,3457,2646
3578,3458,2647
3579,3459,2648
3580,3460,2649
3581,3461,2650
3582,3462,2651
3583,3463,2652
3584,3464,2653
3585,3465,2654
3586,3466,2655
3587,3467,2656
3588,3468,2657
3589,3469,2658
3590,3470,2659
3591,3471,2660
3592,3472,2661
3593,3473,2662
3594,3474,2663
3595,3475,2664
3596,3476,2665
3597,3477,2666
3598,3478,2667
3599,3479,2668
3600,3480,2669
3601,3481,2670
3602,3482,2671
3603,3483,2672
3604,3484,2673
3605,3485,2674
3606,3486,2675
3607,3487,2676
3608,3488,2677
3609,3489,2678
3610,3490,2679
3611,3491,2680
3612,3492,2681
3613,3493,2682
3614,3494,2683
3615,3495,2684
3616,3496,2685
3617,3497,2686
3618,3498,2687
3619,3499,2688
3620,3500,2689
3621,3501,2690
3622,3502,2691
3623,3503,2692
3624,3504,2693
3625,3505,2694
3626,3506,2695
3627,3507,2696
3628,3508,2697
3629,3509,2698
3630,3510,2698
3631,3511,2698
3632,3512,2698
3633,3513,2698
3634,3514,2698
3635,3515,2698
3636,3516,2698
3637,3517,2698
3638,3518,2698
3639,3519,2699
3640,3520,2700
3641,3521,2701
3642,3522,2702
3643,3523,2703
3644,3524,2704
3645,3525,2705
3646,3526,2706
3647,3527,2707
3648,3528,2708
3649,3529,2709
3650,3530,2710
3651,3531,2711
3652,3532,2712
3653,3533,2713
3654,3534,2714
3655,3535,2715
3656,3536,2716
3657,3537,2717
3658,3538,2718
3659,3539,2719
3660,3540,2720
3661,3541,2721
3662,3542,2722
3663,3543,2723
3664,3544,2724
3665,3545,2725
3666,3546,2726
3667,3547,2727
3668,3548,2728
3669,3549,2729
3670,3550,2730
3671,3551,2731
3672,3552,2732
3673,3553,2733
3674,3554,2734
3675,3555,2735
3676,3556,2736
3677,3557,2737
3678,3558,2738
3679,3559,2739
3680,3560,2740
3681,3561,2741
3682,3562,2742
3683,3563,2743
3684,3564,2744
3685,3565,2745
3686,3566,2746
3687,3567,2747
3688,3568,2748
3689,3569,2749
3690,3570,2749
3691,3571,2749
3692,3572,2749
3693,3573,2749
3694,3574,2749
3695,3575,2749
3696,3576,2749
3697,3577,2749
3698,3578,2749
3699,3579,2749
3700,3580,2750
3701,3581,2751
3702,3582,2752
3703,3583,2753
3704,3584,2754
3705,3585,2755
3706,3586,2756
3707,3587,2757
3708,3588,2757
3709,3589,2757
3710,3590,2757
3711,3591,2757
3712,3592,2757
3713,3593,2757
3714,3594,2757
3715,3595,2757
3716,3596,2757
3717,3597,2757
3718,3598,2757
3719,3599,2758
3720,3600,2759
3721,3601,2760
3722,3602,2761
3723,3603,2762
3724,3604,2762
3725,3605,2762
3726,3606,2762
3727,3607,2762
3728,3608,2762
3729,3609,2762
3730,3610,2762
3731,3611,2762
3732,3612,2762
3733,3613,2762
3734,3614,2762
3735,3615,2762
3736,3616,2762
3737,3617,2762
3738,3618,2762
3739,3619,2762
3740,3620,2762
3741,3621,2762
3742,3622,2762
3743,3623,2762
3744,3624,2762
3745,3625,2762
3746,3626,2762
3747,3627,2762
3748,3628,2763
3749,3629,2764
3750,3630,2765
3751,3631,2766
3752,3632,2767
3753,3633,2768
3754,3634,2769
3755,3635,2770
3756,3636,2771
3757,3637,2772
3758,3638,2773
3759,3639,2774
3760,3640,2775
3761,3641,2776
3762,3642,2777
3763,3643,2778
3764,3644,2779
3765,3645,2780
3766,3646,2781
3767,3647,2782
3768,3648,2783
3769,3649,2784
3770,3650,2785
3771,3651,2786
3772,3652,2787
3773,3653,2788
3774,3654,2789
3775,3655,2790
3776,3656,2791
3777,3657,2792
3778,3658,2793
3779,3659,2794
3780,3660,2795
3781,3661,2796
3782,3662,2797
3783,3663,2798
3784,3664,2799
3785,3665,2800
3786,3666,2801
3787,3667,2802
3788,3668,2803
3789,3669,2804
3790,3670,2805
3791,3671,2806
3792,3672,2807
3793,3673,2808
3794,3674,2809
3795,3675,2810
3796,3676,2811
3797,3677,2812
3798,3678,2813
3799,3679,2814
3800,3680,2815
3801,3681,2816
3802,3682,2817
3803,3683,2818
3804,3684,2819
3805,3685,2820
3806,3686,2821
3807,3687,2821
3808,3688,2821
3809,3689,2822
3810,3690,2823
3811,3691,2824
3812,3692,2825
3813,3693,2826
3814,3694,2827
3815,3695,2828
3816,3696,2829
3817,3697,2830
3818,3698,2831
3819,3699,2832
3820,3700,2833
3821,3701,2834
3822,3702,2835
3823,3703,2836
3824,3704,2837
3825,3705,2838
3826,3706,2839
3827,3707,2840
3828,3708,2841
3829,3709,2842
3830,3710,2843
3831,3711,2844
3832,3712,2845
3833,3713,2846
3834,3714,2847
3835,3715,2848
3836,3716,2849
3837,3717,2850
3838,3718,2851
3839,3719,2852
3840,3720,2853
3841,3721,2854
3842,3722,2855
3843,3723,2856
3844,3724,2857
3845,3725,2858
3846,3726,2859
3847,3727,2860
3848,3728,2861
3849,3729,2862
3850,3730,2863
3851,3731,2864
3852,3732,2865
3853,3733,2866
3854,3734,2867
3855,3735,2868
3856,3736,2869
3857,3737,2870
3858,3738,2870
3859,3739,2870
3860,3740,2870
3861,3741,2870
3862,3742,2870
3863,3743,2870
3864,3744,2870
3865,3745,2870
3866,3746,2870
3867,3747,2870
3868,3748,2870
3869,3749,2870
3870,3750,2870
3871,3751,2870
3872,3752,2870
3873,3753,2870
3874,3754,2870
3875,3755,2870
3876,3756,2870
3877,3757,2870
3878,3758,2870
3879,3759,2871
3880,3760,2872
3881,3761,2873
3882,3762,2874
3883,3763,2875
3884,3764,2876
3885,3765,2877
3886,3766,2878
3887,3767,2879
3888,3768,2880
3889,3769,2881
3890,3770,2882
3891,3771,2883
3892,3772,2884
3893,3773,2885
3894,3774,2886
3895,3775,2887
3896,3776,2888
3897,3777,2889
3898,3778,2890
3899,3779,2891
3900,3780,2892
3901,3781,2893
3902,3782,2894
3903,3783,2895
3904,3784,2896
3905,3785,2897
3906,3786,2898
3907,3787,2899
3908,3788,2900
3909,3789,2901
3910,3790,2902
3911,3791,2903
3912,3792,2904
3913,3793,2905
3914,3794,2906
3915,3795,2907
3916,3796,2908
3917,3797,2909
3918,3798,2910
3919,3799,2911
3920,3800,2912
3921,3801,2913
3922,3802,2914
3923,3803,2915
3924,3804,2916
3925,3805,2916
3926,3806,2916
3927,3807,2916
3928,3808,2916
3929,3809,2916
3930,3810,2916
3931,3811,2916
3932,3812,2916
3933,3813,2916
3934,3814,2916
3935,3815,2916
3936,3816,2916
3937,3817,2916
3938,3818,2916
3939,3819,2916
3940,3820,2916
3941,3821,2916
3942,3822,2916
3943,3823,2916
3944,3824,2916
3945,3825,2916
3946,3826,2917
3947,3827,2918
3948,3828,2919
3949,3829,2920
3950,3830,2921
3951,3831,2922
3952,3832,2923
3953,3833,2924
3954,3834,2925
3955,3835,2926
3956,3836,2927
3957,3837,2928
3958,3838,2929
3959,3839,2930
3960,3840,2931
3961,3841,2932
3962,3842,2933
3963,3843,2934
3964,3844,2935
3965,3845,2936
3966,3846,2937
3967,3847,2938
3968,3848,2939
3969,3849,2940
3970,3850,2941
3971,3851,2942
3972,3852,2943
3973,3853,2944
3974,3854,2945
3975,3855,2946
3976,3856,2947
3977,3857,2948
3978,3858,2949
3979,3859,2950
3980,3860,2951
3981,3861,2951
3982,3862,2951
3983,3863,2951
3984,3864,2951
3985,3865,2951
3986,3866,2951
3987,3867,2951
3988,3868,2951
3989,3869,2951
3990,3870,2951
3991,3871,2951
3992,3872,2951
3993,3873,2951
3994,3874,2951
3995,3875,2951
3996,3876,2951
3997,3877,2951
3998,3878,2951
3999,3879,2952
4000,3880,2953
4001,3881,2954
4002,3882,2955
4003,3883,2956
4004,3884,2957
4005,3885,2958
4006,3886,2959
4007,3887,2960
4008,3888,2961
4009,3889,2962
4010,3890,2963
4011,3891,2964
4012,3892,2965
4013,3893,2966
4014,3894,2967
4015,3895,2968
4016,3896,2969
4017,3897,2970
4018,3898,2971
4019,3899,2972
4020,3900,2973
4021,3901,2974
4022,3902,2974
4023,3903,2974
4024,3904,2974
4025,3905,2974
4026,3906,2974
4027,3907,2974
4028,3908,2974
4029,3909,2974
4030,3910,2974
4031,3911,2975
4032,3912,2976
4033,3913,2977
4034,3914,2978
4035,3915,2979
4036,3916,2980
4037,3917,2981
4038,3918,2982
4039,3919,2983
4040,3920,2984
4041,3921,2985
4042,3922,2986
4043,3923,2987
4044,3924,2988
4045,3925,2989
4046,3926,2990
4047,3927,2991
4048,3928,2992
4049,3929,2993
4050,3930,2994
4051,3931,2995
4052,3932,2996
4053,3933,2997
4054,3934,2998
4055,3935,2999
4056,3936,3000
4057,3937,3001
4058,3938,3001
4059,3939,3001
4060,3940,3002
4061,3941,3002
4062,3942,3002
4063,3943,3002
4064,3944,3002
4065,3945,3002
4066,3946,3003
4067,3947,3004
4068,3948,3005
4069,3949,3006
4070,3950,3007
4071,3951,3008
4072,3952,3009
4073,3953,3010
4074,3954,3011
4075,3955,3012
4076,3956,3013
4077,3957,3014
4078,3958,3015
4079,3959,3016
4080,3960,3017
4081,3961,3018
4082,3962,3019
4083,3963,3020
4084,3964,3021
4085,3965,3022
4086,3966,3023
4087,3967,3024
4088,3968,3025
4089,3969,3026
4090,3970,3026
4091,3971,3026
4092,3972,3026
4093,3973,3027
4094,3974,3028
4095,3975,3029
4096,3976,3030
4097,3977,3031
4098,3978,3032
4099,3979,3033
4100,3980,3034
4101,3981,3035
4102,3982,3036
4103,3983,3037
4104,3984,3038
4105,3985,3039
4106,3986,3040
4107,3987,3041
4108,3988,3042
4109,3989,3043
4110,3990,3044
4111,3991,3045
4112,3992,3046
4113,3993,3047
4114,3994,3048
4115,3995,3049
4116,3996,3050
4117,3997,3051
4118,3998,3052
4119,3999,3053
4120,4000,3054
4121,4001,3055
4122,4002,3056
4123,4003,3057
4124,4004,3058
4125,4005,3059
4126,4006,3060
4127,4007,3061
4128,4008,3062
4129,4009,3063
4130,4010,3064
4131,4011,3065
4132,4012,3066
4133,4013,3067
4134,4014,3068
4135,4015,3069
4136,4016,3070
4137,4017,3071
4138,4018,3072
4139,4019,3073
4140,4020,3074
4141,4021,3075
4142,4022,3076
4143,4023,3077
4144,4024,3078
4145,4025,3079
4146,4026,3080
4147,4027,3081
4148,4028,3082
4149,4029,3083
4150,4030,3084
4151,4031,3085
4152,4032,3086
4153,4033,3087
4154,4034,3088
4155,4035,3089
4156,4036,3090
4157,4037,3091
4158,4038,3092
4159,4039,3093
4160,4040,3094
4161,4041,3095
4162,4042,3095
4163,4043,3095
4164,4044,3095
4165,4045,3095
4166,4046,3095
4167,4047,3095
4168,4048,3095
4169,4049,3095
4170,4050,3095
4171,4051,3095
4172,4052,3095
4173,4053,3095
4174,4054,3095
4175,4055,3095
4176,4056,3095
4177,4057,3095
4178,4058,3095
4179,4059,3095
4180,4060,3095
4181,4061,3095
4182,4062,3095
4183,4063,3095
4184,4064,3095
4185,4065,3095
4186,4066,3095
4187,4067,3095
4188,4068,3095
4189,4069,3095
4190,4070,3095
4191,4071,3095
4192,4072,3095
4193,4073,3095
4194,4074,3096
4195,4075,3097
4196,4076,3098
4197,4077,3099
4198,4078,3100
4199,4079,3101
4200,4080,3102
4201,4081,3103
4202,4082,3104
4203,4083,3105
4204,4084,3106
4205,4085,3107
4206,4086,3108
4207,4087,3108
4208,4088,3108
4209,4089,3109
4210,4090,3110
4211,4091,3111
4212,4092,3112
4213,4093,3113
4214,4094,3114
4215,4095,3115
4216,4096,3116
4217,4097,3117
4218,4098,3118
4219,4099,3119
4220,4100,3120
4221,4101,3121
4222,4102,3122
4223,4103,3123
4224,4104,3124
4225,4105,3125
4226,4106,3125
4227,4107,3125
4228,4108,3125
4229,4109,3125
4230,4110,3125
4231,4111,3125
4232,4112,3125
4233,4113,3125
4234,4114,3125
4235,4115,3125
4236,4116,3125
4237,4117,3125
4238,4118,3125
4239,4119,3125
4240,4120,3126
4241,4121,3127
4242,4122,3128
4243,4123,3129
4244,4124,3130
4245,4125,3131
4246,4126,3132
4247,4127,3133
4248,4128,3134
4249,4129,3135
4250,4130,3136
4251,4131,3137
4252,4132,3138
4253,4133,3139
4254,4134,3140
4255,4135,3141
4256,4136,3142
4257,4137,3143
4258,4138,3144
4259,4139,3145
4260,4140,3146
4261,4141,3147
4262,4142,3147
4263,4143,3147
4264,4144,3147
4265,4145,3147
4266,4146,3147
4267,4147,3148
4268,4148,3149
4269,4149,3150
4270,4150,3151
4271,4151,3152
4272,4152,3153
4273,4153,3154
4274,4154,3155
4275,4155,3156
4276,4156,3157
4277,4157,3158
4278,4158,3159
4279,4159,3160
4280,4160,3161
4281,4161,3162
4282,4162,3163
4283,4163,3164
4284,4164,3165
4285,4165,3165
4286,4166,3165
4287,4167,3165
4288,4168,3166
4289,4169,3167
4290,4170,3168
4291,4171,3169
4292,4172,3170
4293,4173,3171
4294,4174,3172
4295,4175,3173
4296,4176,3174
4297,4177,3175
4298,4178,3176
4299,4179,3177
4300,4180,3178
4301,4181,3179
4302,4182,3180
4303,4183,3181
4304,4184,3182
4305,4185,3183
4306,4186,3184
4307,4187,3185
4308,4188,3186
4309,4189,3187
4310,4190,3188
4311,4191,3189
4312,4192,3190
4313,4193,3191
4314,4194,3192
4315,4195,3193
4316,4196,3194
4317,4197,3195
4318,4198,3196
4319,4199,3197
4320,4200,3198
4321,4201,3198
4322,4202,3198
4323,4203,3198
4324,4204,3198
4325,4205,3198
4326,4206,3198
4327,4207,3198
4328,4208,3198
4329,4209,3198
4330,4210,3198
4331,4211,3198
4332,4212,3198
4333,4213,3198
4334,4214,3198
4335,4215,3198
4336,4216,3198
4337,4217,3198
4338,4218,3198
4339,4219,3198
4340,4220,3198
4341,4221,3198
4342,4222,3198
4343,4223,3198
4344,4224,3198
4345,4225,3198
4346,4226,3198
4347,4227,3198
4348,4228,3198
4349,4229,3198
4350,4230,3198
4351,4231,3198
4352,4232,3198
4353,4233,3198
4354,4234,3198
4355,4235,3198
4356,4236,3198
4357,4237,3198
4358,4238,3198
4359,4239,3198
4360,4240,3198
4361,4241,3198
4362,4242,3198
4363,4243,3198
4364,4244,3198
4365,4245,3198
4366,4246,3198
4367,4247,3198
4368,4248,3198
4369,4249,3198
4370,4250,3198
4371,4251,3198
4372,4252,3199
4373,4253,3200
4374,4254,3201
4375,4255,3202
4376,4256,3203
4377,4257,3204
4378,4258,3205
4379,4259,3206
4380,4260,3207
4381,4261,3208
4382,4262,3209
4383,4263,3210
4384,4264,3211
4385,4265,3212
4386,4266,3213
4387,4267,3214
4388,4268,3215
4389,4269,3216
4390,4270,3217
4391,4271,3218
4392,4272,3219
4393,4273,3220
4394,4274,3221
4395,4275,3222
4396,4276,3223
4397,4277,3224
4398,4278,3225
4399,4279,3226
4400,4280,3227
4401,4281,3228
4402,4282,3229
4403,4283,3230
4404,4284,3231
4405,4285,3232
4406,4286,3233
4407,4287,3234
4408,4288,3235
4409,4289,3236
4410,4290,3237
4411,4291,3238
4412,4292,3239
4413,4293,3240
4414,4294,3241
4415,4295,3242
4416,4296,3243
4417,4297,3244
4418,4298,3245
4419,4299,3246
4420,4300,3247
4421,4301,3248
4422,4302,3249
4423,4303,3250
4424,4304,3251
4425,4305,3252
4426,4306,3253
4427,4307,3254
4428,4308,3254
4429,4309,3254
4430,4310,3255
4431,4311,3256
4432,4312,3257
4433,4313,3258
4434,4314,3259
4435,4315,3259
4436,4316,3259
4437,4317,3259
4438,4318,3259
4439,4319,3259
4440,4320,3259
4441,4321,3259
4442,4322,3259
4443,4323,3259
4444,4324,3259
4445,4325,3259
4446,4326,3259
4447,4327,3259
4448,4328,3259
4449,4329,3260
4450,4330,3261
4451,4331,3262
4452,4332,3263
4453,4333,3264
4454,4334,3265
4455,4335,3266
4456,4336,3267
4457,4337,3268
4458,4338,3269
4459,4339,3270
4460,4340,3271
4461,4341,3272
4462,4342,3273
4463,4343,3274
4464,4344,3275
4465,4345,3276
4466,4346,3277
4467,4347,3278
4468,4348,3279
4469,4349,3280
4470,4350,3281
4471,4351,3282
4472,4352,3283
4473,4353,3284
4474,4354,3285
4475,4355,3286
4476,4356,3286
4477,4357,3286
4478,4358,3286
4479,4359,3286
4480,4360,3287
4481,4361,3288
4482,4362,3289
4483,4363,3290
4484,4364,3291
4485,4365,3292
4486,4366,3293
4487,4367,3294
4488,4368,3295
4489,4369,3296
4490,4370,3297
4491,4371,3298
4492,4372,3299
4493,4373,3300
4494,4374,3301
4495,4375,3302
4496,4376,3303
4497,4377,3304
4498,4378,3305
4499,4379,3306
4500,4380,3307
4501,4381,3308
4502,4382,3309
4503,4383,3310
4504,4384,3311
4505,4385,3312
4506,4386,3313
4507,4387,3314
4508,4388,3315
4509,4389,3316
4510,4390,3317
4511,4391,3318
4512,4392,3319
4513,4393,3320
4514,4394,3321
4515,4395,3322
4516,4396,3323
4517,4397,3324
4518,4398,3325
4519,4399,3326
4520,4400,3327
4521,4401,3328
4522,4402,3329
4523,4403,3330
4524,4404,3331
4525,4405,3332
4526,4406,3333
4527,4407,3334
4528,4408,3335
4529,4409,3336
4530,4410,3337
4531,4411,3338
4532,4412,3339
4533,4413,3340
4534,4414,3341
4535,4415,3342
4536,4416,3343
4537,4417,3344
4538,4418,3345
4539,4419,3346
4540,4420,3347
4541,4421,3348
4542,4422,3349
4543,4423,3350
4544,4424,3351
4545,4425,3352
4546,4426,3353
4547,4427,3354
4548,4428,3355
4549,4429,3356
4550,4430,3357
4551,4431,3358
4552,4432,3359
4553,4433,3360
4554,4434,3361
4555,4435,3362
4556,4436,3363
4557,4437,3364
4558,4438,3365
4559,4439,3366
4560,4440,3367
4561,4441,3368
4562,4442,3369
4563,4443,3370
4564,4444,3371
4565,4445,3372
4566,4446,3373
4567,4447,3374
4568,4448,3375
4569,4449,3376
4570,4450,3377
4571,4451,3378
4572,4452,3379
4573,4453,3380
4574,4454,3381
4575,4455,3382
4576,4456,3383
4577,4457,3383
4578,4458,3383
4579,4459,3383
4580,4460,3383
4581,4461,3383
4582,4462,3383
4583,4463,3383
4584,4464,3383
4585,4465,3383
4586,4466,3383
4587,4467,3383
4588,4468,3383
4589,4469,3383
4590,4470,3383
4591,4471,3383
4592,4472,3383
4593,4473,3383
4594,4474,3383
4595,4475,3383
4596,4476,3383
4597,4477,3383
4598,4478,3383
4599,4479,3384
4600,4480,3385
4601,4481,3386
4602,4482,3387
4603,4483,3388
4604,4484,3389
4605,4485,3390
4606,4486,3391
4607,4487,3392
4608,4488,3393
4609,4489,3394
4610,4490,3395
4611,4491,3396
4612,4492,3397
4613,4493,3398
4614,4494,3398
4615,4495,3398
4616,4496,3398
4617,4497,3398
4618,4498,3399
4619,4499,3400
4620,4500,3401
4621,4501,3401
4622,4502,3401
4623,4503,3401
4624,4504,3401
4625,4505,3401
4626,4506,3402
4627,4507,3403
4628,4508,3404
4629,4509,3405
4630,4510,3406
4631,4511,3407
4632,4512,3408
4633,4513,3409
4634,4514,3410
4635,4515,3411
4636,4516,3412
4637,4517,3413
4638,4518,3414
4639,4519,3415
4640,4520,3416
4641,4521,3417
4642,4522,3418
4643,4523,3419
4644,4524,3420
4645,4525,3421
4646,4526,3422
4647,4527,3423
4648,4528,3424
4649,4529,3425
4650,4530,3426
4651,4531,3427
4652,4532,3428
4653,4533,3429
4654,4534,3430
4655,4535,3431
4656,4536,3432
4657,4537,3433
4658,4538,3434
4659,4539,3435
4660,4540,3436
4661,4541,3437
4662,4542,3438
4663,4543,3439
4664,4544,3440
4665,4545,3441
4666,4546,3442
4667,4547,3442
4668,4548,3442
4669,4549,3442
4670,4550,3442
4671,4551,3442
4672,4552,3442
4673,4553,3442
4674,4554,3442
4675,4555,3442
4676,4556,3442
4677,4557,3442
4678,4558,3442
4679,4559,3442
4680,4560,3442
4681,4561,3442
4682,4562,3442
4683,4563,3442
4684,4564,3442
4685,4565,3442
4686,4566,3442
4687,4567,3442
4688,4568,3442
4689,4569,3442
4690,4570,3443
4691,4571,3444
4692,4572,3445
4693,4573,3446
4694,4574,3447
4695,4575,3448
4696,4576,3449
4697,4577,3450
4698,4578,3451
4699,4579,3452
4700,4580,3453
4701,4581,3454
4702,4582,3455
4703,4583,3456
4704,4584,3457
4705,4585,3458
4706,4586,3458
4707,4587,3458
4708,4588,3458
4709,4589,3459
4710,4590,3460
4711,4591,3461
4712,4592,3462
4713,4593,3463
4714,4594,3464
4715,4595,3465
4716,4596,3466
4717,4597,3467
4718,4598,3468
4719,4599,3469
4720,4600,3470
4721,4601,3471
4722,4602,3472
4723,4603,3473
4724,4604,3474
4725,4605,3475
4726,4606,3476
4727,4607,3477
4728,4608,3478
4729,4609,3479
4730,4610,3480
4731,4611,3481
4732,4612,3482
4733,4613,3483
4734,4614,3484
4735,4615,3485
4736,4616,3486
4737,4617,3487
4738,4618,3488
4739,4619,3489
4740,4620,3490
4741,4621,3491
4742,4622,3492
4743,4623,3493
4744,4624,3493
4745,4625,3493
4746,4626,3493
4747,4627,3493
4748,4628,3493
4749,4629,3493
4750,4630,3493
4751,4631,3493
4752,4632,3493
4753,4633,3493
4754,4634,3493
4755,4635,3494
4756,4636,3495
4757,4637,3496
4758,4638,3497
4759,4639,3498
4760,4640,3499
4761,4641,3499
4762,4642,3499
4763,4643,3500
4764,4644,3501
4765,4645,3502
4766,4646,3503
4767,4647,3504
4768,4648,3505
4769,4649,3506
4770,4650,3507
4771,4651,3508
4772,4652,3509
4773,4653,3510
4774,4654,3511
4775,4655,3512
4776,4656,3513
4777,4657,3514
4778,4658,3515
4779,4659,3516
4780,4660,3517
4781,4661,3518
4782,4662,3519
4783,4663,3520
4784,4664,3521
4785,4665,3522
4786,4666,3523
4787,4667,3524
4788,4668,3525
4789,4669,3526
4790,4670,3527
4791,4671,3528
4792,4672,3529
4793,4673,3530
4794,4674,3531
4795,4675,3532
4796,4676,3533
4797,4677,3534
4798,4678,3535
4799,4679,3536
4800,4680,3537
4801,4681,3538
4802,4682,3539
4803,4683,3540
4804,4684,3540
4805,4685,3540
4806,4686,3540
4807,4687,3540
4808,4688,3540
4809,4689,3540
4810,4690,3540
4811,4691,3540
4812,4692,3540
4813,4693,3540
4814,4694,3540
4815,4695,3540
4816,4696,3540
4817,4697,3540
4818,4698,3540
4819,4699,3540
4820,4700,3541
4821,4701,3541
4822,4702,3541
4823,4703,3541
4824,4704,3541
4825,4705,3542
4826,4706,3543
4827,4707,3544
4828,4708,3545
4829,4709,3546
4830,4710,3547
4831,4711,3548
4832,4712,3549
4833,4713,3550
4834,4714,3551
4835,4715,3552
4836,4716,3553
4837,4717,3554
4838,4718,3555
4839,4719,3556
4840,4720,3557
4841,4721,3558
4842,4722,3559
4843,4723,3560
4844,4724,3561
4845,4725,3562
4846,4726,3563
4847,4727,3564
4848,4728,3565
4849,4729,3566
4850,4730,3567
4851,4731,3568
4852,4732,3569
4853,4733,3570
4854,4734,3571
4855,4735,3572
4856,4736,3573
4857,4737,3574
4858,4738,3575
4859,4739,3576
4860,4740,3577
4861,4741,3578
4862,4742,3579
4863,4743,3580
4864,4744,3581
4865,4745,3582
4866,4746,3583
4867,4747,3584
4868,4748,3585
4869,4749,3586
4870,4750,3587
4871,4751,3587
4872,4752,3587
4873,4753,3587
4874,4754,3587
4875,4755,3587
4876,4756,3587
4877,4757,3587
4878,4758,3587
4879,4759,3587
4880,4760,3587
4881,4761,3587
4882,4762,3587
4883,4763,3587
4884,4764,3587
4885,4765,3587
4886,4766,3587
4887,4767,3587
4888,4768,3587
4889,4769,3587
4890,4770,3587
4891,4771,3587
4892,4772,3587
4893,4773,3587
4894,4774,3587
4895,4775,3587
4896,4776,3587
4897,4777,3587
4898,4778,3587
4899,4779,3587
4900,4780,3588
4901,4781,3589
4902,4782,3590
4903,4783,3591
4904,4784,3592
4905,4785,3593
4906,4786,3594
4907,4787,3595
4908,4788,3596
4909,4789,3597
4910,4790,3598
4911,4791,3599
4912,4792,3600
4913,4793,3601
4914,4794,3602
4915,4795,3602
4916,4796,3603
4917,4797,3604
4918,4798,3605
4919,4799,3606
4920,4800,3607
4921,4801,3608
4922,4802,3609
4923,4803,3610
4924,4804,3611
4925,4805,3612
4926,4806,3613
4927,4807,3614
4928,4808,3615
4929,4809,3616
4930,4810,3617
4931,4811,3618
4932,4812,3619
4933,4813,3620
4934,4814,3621
4935,4815,3622
4936,4816,3623
4937,4817,3624
4938,4818,3625
4939,4819,3626
4940,4820,3627
4941,4821,3628
4942,4822,3629
4943,4823,3629
4944,4824,3629
4945,4825,3629
4946,4826,3629
4947,4827,3629
4948,4828,3629
4949,4829,3629
4950,4830,3629
4951,4831,3629
4952,4832,3629
4953,4833,3629
4954,4834,3630
4955,4835,3631
4956,4836,3632
4957,4837,3633
4958,4838,3634
4959,4839,3635
4960,4840,3636
4961,4841,3637
4962,4842,3637
4963,4843,3637
4964,4844,3637
4965,4845,3637
4966,4846,3637
4967,4847,3637
4968,4848,3637
4969,4849,3637
4970,4850,3637
4971,4851,3637
4972,4852,3637
4973,4853,3637
4974,4854,3637
4975,4855,3637
4976,4856,3637
4977,4857,3638
4978,4858,3639
4979,4859,3640
4980,4860,3641
4981,4861,3642
4982,4862,3643
4983,4863,3644
4984,4864,3645
4985,4865,3646
4986,4866,3647
4987,4867,3648
4988,4868,3649
4989,4869,3650
4990,4870,3651
4991,4871,3652
4992,4872,3653
4993,4873,3654
4994,4874,3655
4995,4875,3656
4996,4876,3657
4997,4877,3658
4998,4878,3659
4999,4879,3660
5000,4880,3661
5001,4881,3662
5002,4882,3663
5003,4883,3664
5004,4884,3665
5005,4885,3666
5006,4886,3667
5007,4887,3668
5008,4888,3669
5009,4889,3670
5010,4890,3671
5011,4891,3672
5012,4892,3673
5013,4893,3674
5014,4894,3675
5015,4895,3676
5016,4896,3677
5017,4897,3678
5018,4898,3679
5019,4899,3680
5020,4900,3681
5021,4901,3682
5022,4902,3682
5023,4903,3682
5024,4904,3682
5025,4905,3682
5026,4906,3682
5027,4907,3682
5028,4908,3682
5029,4909,3682
5030,4910,3682
5031,4911,3682
5032,4912,3682
5033,4913,3682
5034,4914,3683
5035,4915,3684
5036,4916,3685
5037,4917,3686
5038,4918,3687
5039,4919,3688
5040,4920,3689
5041,4921,3690
5042,4922,3691
5043,4923,3692
5044,4924,3693
5045,4925,3694
5046,4926,3695
5047,4927,3696
5048,4928,3697
5049,4929,3698
5050,4930,3699
5051,4931,3700
5052,4932,3701
5053,4933,3702
5054,4934,3703
5055,4935,3704
5056,4936,3705
5057,4937,3706
5058,4938,3707
5059,4939,3708
5060,4940,3709
5061,4941,3710
5062,4942,3711
5063,4943,3712
5064,4944,3713
5065,4945,3713
5066,4946,3713
5067,4947,3713
5068,4948,3713
5069,4949,3713
5070,4950,3713
5071,4951,3713
5072,4952,3713
5073,4953,3714
5074,4954,3715
5075,4955,3716
5076,4956,3717
5077,4957,3718
5078,4958,3719
5079,4959,3720
5080,4960,3721
5081,4961,3722
5082,4962,3723
5083,4963,3724
5084,4964,3725
5085,4965,3726
5086,4966,3727
5087,4967,3728
5088,4968,3729
5089,4969,3730
5090,4970,3730
5091,4971,3730
5092,4972,3730
5093,4973,3730
5094,4974,3730
5095,4975,3730
5096,4976,3730
5097,4977,3730
5098,4978,3730
5099,4979,3731
5100,4980,3732
5101,4981,3733
5102,4982,3734
5103,4983,3735
5104,4984,3736
5105,4985,3737
5106,4986,3738
5107,4987,3739
5108,4988,3740
5109,4989,3741
5110,4990,3742
5111,4991,3743
5112,4992,3744
5113,4993,3744
5114,4994,3744
5115,4995,3744
5116,4996,3744
5117,4997,3744
5118,4998,3744
5119,4999,3744
5120,5000,3745
5121,5001,3746
5122,5002,3747
5123,5003,3748
5124,5004,3749
5125,5005,3750
5126,5006,3751
5127,5007,3752
5128,5008,3753
5129,5009,3754
5130,5010,3755
5131,5011,3756
5132,5012,3757
5133,5013,3758
5134,5014,3758
5135,5015,3758
5136,5016,3758
5137,5017,3758
5138,5018,3758
5139,5019,3758
5140,5020,3758
5141,5021,3758
5142,5022,3758
5143,5023,3758
5144,5024,3758
5145,5025,3758
5146,5026,3758
5147,5027,3758
5148,5028,3759
5149,5029,3760
5150,5030,3761
5151,5031,3762
5152,5032,3763
5153,5033,3764
5154,5034,3765
5155,5035,3766
5156,5036,3767
5157,5037,3768
5158,5038,3769
5159,5039,3770
5160,5040,3771
5161,5041,3772
5162,5042,3773
5163,5043,3774
5164,5044,3775
5165,5045,3776
5166,5046,3777
5167,5047,3778
5168,5048,3779
5169,5049,3780
5170,5050,3781
5171,5051,3782
5172,5052,3783
5173,5053,3784
5174,5054,3785
5175,5055,3786
5176,5056,3787
5177,5057,3787
5178,5058,3787
5179,5059,3787
5180,5060,3788
5181,5061,3788
5182,5062,3788
5183,5063,3788
5184,5064,3788
5185,5065,3788
5186,5066,3788
5187,5067,3788
5188,5068,3788
5189,5069,3788
5190,5070,3788
5191,5071,3788
5192,5072,3788
5193,5073,3788
5194,5074,3788
5195,5075,3788
5196,5076,3788
5197,5077,3788
5198,5078,3788
5199,5079,3788
5200,5080,3789
5201,5081,3790
5202,5082,3791
5203,5083,3791
5204,5084,3791
5205,5085,3791
5206,5086,3791
5207,5087,3791
5208,5088,3791
5209,5089,3791
5210,5090,3791
5211,5091,3792
5212,5092,3793
5213,5093,3794
5214,5094,3795
5215,5095,3796
5216,5096,3797
5217,5097,3798
5218,5098,3799
5219,5099,3800
5220,5100,3801
5221,5101,3802
5222,5102,3803
5223,5103,3804
5224,5104,3805
5225,5105,3806
5226,5106,3807
5227,5107,3808
5228,5108,3809
5229,5109,3810
5230,5110,3811
5231,5110,3812
5232,5111,3813
5233,5112,3814
5234,5113,3815
5235,5114,3816
5236,5115,3817
5237,5116,3818
5238,5117,3819
5239,5118,3820
5240,5119,3821
5241,5120,3822
5242,5121,3823
5243,5122,3824
5244,5123,3825
5245,5124,3826
5246,5125,3827
5247,5126,3827
5248,5127,3827
5249,5128,3828
5250,5129,3829
5251,5130,3830
5252,5131,3831
5253,5132,3831
5254,5133,3831
5255,5134,3831
5256,5135,3831
5257,5136,3831
5258,5137,3831
5259,5138,3832
5260,5139,3833
5261,5140,3834
5262,5141,3835
5263,5142,3836
5264,5143,3837
5265,5144,3838
5266,5145,3839
5267,5146,3840
5268,5147,3841
5269,5148,3841
5270,5149,3841
5271,5150,3841
5272,5151,3841
5273,5152,3841
5274,5153,3841
5275,5154,3841
5276,5155,3841
5277,5156,3841
5278,5157,3841
5279,5158,3841
5280,5159,3841
5281,5160,3841
5282,5161,3841
5283,5162,3841
5284,5163,3841
5285,5164,3841
5286,5165,3841
5287,5166,3841
5288,5167,3841
5289,5168,3841
5290,5169,3841
5291,5170,3841
5292,5171,3841
5293,5172,3841
5294,5173,3841
5295,5174,3841
5296,5175,3841
5297,5176,3841
5298,5177,3841
5299,5178,3841
5300,5179,3841
5301,5180,3841
5302,5181,3841
5303,5182,3841
5304,5183,3841
5305,5184,3841
5306,5185,3841
5307,5186,3841
5308,5187,3841
5309,5188,3841
5310,5189,3841
5311,5190,3841
5312,5191,3841
5313,5192,3841
5314,5193,3841
5315,5194,3841
5316,5195,3842
5317,5196,3843
5318,5197,3844
5319,5198,3845
5320,5199,3846
5321,5200,3847
5322,5200,3848
5323,5200,3849
5324,5200,3850
5325,5200,3851
5326,5200,3852
5327,5200,3853
5328,5200,3854
5329,5200,3855
5330,5200,3856
5331,5200,3857
5332,5200,3858
5333,5200,3859
5334,5200,3860
5335,5200,3861
5336,5200,3862
5337,5200,3863
5338,5200,3864
5339,5200,3865
5340,5200,3866
5341,5200,3867
5342,5200,3868
5343,5200,3869
5344,5201,3870
5345,5202,3871
5346,5203,3872
5347,5204,3873
5348,5205,3874
5349,5206,3875
5350,5207,3876
5351,5208,3877
5352,5209,3878
5353,5210,3879
5354,5211,3880
5355,5212,3881
5356,5213,3882
5357,5214,3883
5358,5215,3884
5359,5216,3885
5360,5217,3886
5361,5218,3887
5362,5219,3888
5363,5220,3889
5364,5221,3890
5365,5222,3891
5366,5223,3892
5367,5224,3892
5368,5225,3892
5369,5226,3892
5370,5227,3892
5371,5228,3892
5372,5229,3892
5373,5230,3892
5374,5231,3892
5375,5232,3892
5376,5233,3892
5377,5234,3892
5378,5235,3892
5379,5236,3892
5380,5237,3892
5381,5238,3892
5382,5239,3892
5383,5240,3893
5384,5241,3894
5385,5242,3895
5386,5243,3896
5387,5244,3897
5388,5245,3898
5389,5246,3899
5390,5247,3900
5391,5248,3901
5392,5249,3902
5393,5250,3903
5394,5251,3904
5395,5252,3905
5396,5253,3906
5397,5254,3907
5398,5255,3908
5399,5256,3909
5400,5257,3910
5401,5258,3911
5402,5259,3912
5403,5260,3913
5404,5261,3914
5405,5262,3915
5406,5263,3916
5407,5264,3917
5408,5265,3918
5409,5266,3919
5410,5267,3920
5411,5268,3921
5412,5269,3921
5413,5270,3922
5414,5271,3923
5415,5272,3924
5416,5273,3925
5417,5274,3926
5418,5275,3927
5419,5276,3928
5420,5277,3929
5421,5278,3930
5422,5279,3931
5423,5280,3932
5424,5281,3933
5425,5282,3934
5426,5283,3935
5427,5284,3936
5428,5285,3937
5429,5286,3938
5430,5287,3939
5431,5288,3939
5432,5289,3939
5433,5290,3939
5434,5291,3939
5435,5292,3939
5436,5293,3939
5437,5294,3939
5438,5295,3939
5439,5296,3939
5440,5297,3939
5441,5298,3939
5442,5299,3939
5443,5300,3940
5444,5301,3941
5445,5302,3942
5446,5303,3943
5447,5304,3944
5448,5305,3945
5449,5306,3946
5450,5307,3947
5451,5308,3948
5452,5309,3949
5453,5310,3950
5454,5311,3951
5455,5312,3952
5456,5313,3953
5457,5314,3953
5458,5315,3953
5459,5316,3953
5460,5317,3953
5461,5318,3953
5462,5319,3953
5463,5320,3953
5464,5321,3953
5465,5322,3953
5466,5323,3953
5467,5324,3953
5468,5325,3953
5469,5326,3953
5470,5327,3953
5471,5328,3953
5472,5329,3953
5473,5330,3953
5474,5331,3953
5475,5332,3954
5476,5333,3955
5477,5334,3956
5478,5335,3957
5479,5336,3958
5480,5337,3959
5481,5338,3960
5482,5339,3961
5483,5340,3962
5484,5341,3963
5485,5342,3964
5486,5343,3965
5487,5344,3966
5488,5345,3967
5489,5346,3968
5490,5347,3969
5491,5348,3970
5492,5349,3971
5493,5350,3972
5494,5351,3973
5495,5352,3974
5496,5353,3975
5497,5354,3976
5498,5355,3977
5499,5356,3978
5500,5357,3979
5501,5358,3980
5502,5359,3981
5503,5360,3982
5504,5361,3983
5505,5362,3984
5506,5363,3985
5507,5364,3986
5508,5365,3987
5509,5366,3988
5510,5367,3989
5511,5368,3990
5512,5369,3990
5513,5370,3990
5514,5371,3990
5515,5372,3990
5516,5373,3990
5517,5374,3990
5518,5375,3990
5519,5376,3990
5520,5377,3990
5521,5378,3990
5522,5379,3990
5523,5380,3990
5524,5381,3990
5525,5382,3990
5526,5383,3990
5527,5384,3990
5528,5385,3990
5529,5386,3990
5530,5387,3990
5531,5388,3990
5532,5389,3990
5533,5390,3990
5534,5391,3990
5535,5392,3990
5536,5393,3990
5537,5394,3991
5538,5395,3992
5539,5396,3993
5540,5397,3994
5541,5398,3995
5542,5399,3996
5543,5400,3997
5544,5401,3998
5545,5402,3998
5546,5403,3998
5547,5404,3998
5548,5405,3998
5549,5406,3999
5550,5407,4000
5551,5408,4001
5552,5409,4002
5553,5410,4003
5554,5411,4004
5555,5412,4005
5556,5413,4006
5557,5414,4007
5558,5415,4008
5559,5416,4009
5560,5417,4010
5561,5418,4011
5562,5419,4012
5563,5420,4013
5564,5421,4014
5565,5422,4015
5566,5423,4016
5567,5424,4017
5568,5425,4018
5569,5426,4019
5570,5427,4020
5571,5428,4021
5572,5429,4022
5573,5430,4023
5574,5431,4024
5575,5432,4025
5576,5433,4026
5577,5434,4027
5578,5435,4027
5579,5436,4027
5580,5437,4027
5581,5438,4028
5582,5439,4029
5583,5440,4030
5584,5441,4031
5585,5442,4032
5586,5443,4033
5587,5444,4034
5588,5445,4035
5589,5446,4036
5590,5447,4037
5591,5448,4038
5592,5449,4039
5593,5450,4040
5594,5451,4041
5595,5452,4042
5596,5453,4043
5597,5454,4044
5598,5455,4045
5599,5456,4046
5600,5457,4047
5601,5458,4048
5602,5459,4048
5603,5460,4048
5604,5461,4048
5605,5462,4049
5606,5463,4050
5607,5464,4051
5608,5465,4052
5609,5466,4053
5610,5467,4054
5611,5468,4054
5612,5469,4054
5613,5470,4054
5614,5471,4054
5615,5472,4054
5616,5473,4054
5617,5474,4054
5618,5475,4054
5619,5476,4054
5620,5477,4054
5621,5478,4054
5622,5479,4055
5623,5480,4056
5624,5481,4056
5625,5482,4056
5626,5483,4056
5627,5484,4056
5628,5485,4056
5629,5486,4056
5630,5487,4056
5631,5488,4056
5632,5489,4056
5633,5490,4056
5634,5491,4056
5635,5492,4057
5636,5493,4058
5637,5494,4059
5638,5495,4060
5639,5496,4061
5640,5497,4062
5641,5498,4063
5642,5499,4064
5643,5500,4065
5644,5501,4066
5645,5502,4067
5646,5503,4068
5647,5504,4069
5648,5505,4070
5649,5506,4071
5650,5507,4072
5651,5508,4073
5652,5509,4074
5653,5510,4075
5654,5511,4076
5655,5512,4077
5656,5513,4078
5657,5514,4079
5658,5515,4080
5659,5516,4081
5660,5517,4082
5661,5518,4083
5662,5519,4084
5663,5520,4085
5664,5521,4086
5665,5522,4087
5666,5523,4088
5667,5524,4089
5668,5525,4090
5669,5526,4091
5670,5527,4092
5671,5528,4093
5672,5529,4094
5673,5530,4095
5674,5531,4096
5675,5532,4097
5676,5533,4098
5677,5534,4099
5678,5535,4100
5679,5536,4101
5680,5537,4102
5681,5538,4103
5682,5539,4104
5683,5540,4105
5684,5541,4106
5685,5542,4107
5686,5543,4108
5687,5544,4109
5688,5545,4110
5689,5546,4111
5690,5547,4112
5691,5548,4113
5692,5549,4113
5693,5550,4113
5694,5551,4113
5695,5552,4113
5696,5553,4113
5697,5554,4113
5698,5555,4113
5699,5556,4113
5700,5557,4113
5701,5558,4113
5702,5559,4113
5703,5560,4113
5704,5561,4113
5705,5562,4113
5706,5563,4113
5707,5564,4113
5708,5565,4113
5709,5566,4113
5710,5567,4113
5711,5568,4113
5712,5569,4113
5713,5570,4113
5714,5571,4113
5715,5572,4113
5716,5573,4113
5717,5574,4113
5718,5575,4113
5719,5576,4114
5720,5577,4115
5721,5578,4116
5722,5579,4117
5723,5580,4118
5724,5581,4119
5725,5582,4120
5726,5583,4121
5727,5584,4122
5728,5585,4123
5729,5586,4124
5730,5587,4125
5731,5588,4126
5732,5589,4127
5733,5590,4128
5734,5591,4129
5735,5592,4130
5736,5593,4131
5737,5594,4132
5738,5595,4133
5739,5596,4134
5740,5597,4135
5741,5598,4136
5742,5599,4137
5743,5600,4138
5744,5601,4139
5745,5602,4140
5746,5603,4141
5747,5604,4142
5748,5605,4143
5749,5606,4143
5750,5607,4143
5751,5608,4143
5752,5609,4143
5753,5610,4143
5754,5611,4143
5755,5612,4143
5756,5613,4143
5757,5614,4143
5758,5615,4143
5759,5616,4144
5760,5617,4145
5761,5618,4146
5762,5619,4147
5763,5620,4148
5764,5621,4149
5765,5622,4150
5766,5623,4151
5767,5624,4152
5768,5625,4153
5769,5626,4154
5770,5627,4155
5771,5628,4155
5772,5629,4156
5773,5630,4157
5774,5631,4158
5775,5632,4159
5776,5633,4160
5777,5634,4161
5778,5635,4162
5779,5636,4163
5780,5637,4164
5781,5638,4165
5782,5639,4166
5783,5640,4167
5784,5641,4168
5785,5642,4169
5786,5643,4170
5787,5644,4171
5788,5645,4172
5789,5646,4173
5790,5647,4174
5791,5648,4175
5792,5649,4175
5793,5650,4175
5794,5651,4175
5795,5652,4175
5796,5653,4175
5797,5654,4175
5798,5655,4175
5799,5656,4175
5800,5657,4175
5801,5658,4175
5802,5659,4175
5803,5660,4175
5804,5661,4175
5805,5662,4175
5806,5663,4175
5807,5664,4175
5808,5665,4175
5809,5666,4175
5810,5667,4175
5811,5668,4175
5812,5669,4175
5813,5670,4175
5814,5671,4176
5815,5672,4177
5816,5673,4178
5817,5674,4179
5818,5675,4180
5819,5676,4181
5820,5677,4182
5821,5678,4183
5822,5679,4184
5823,5680,4185
5824,5681,4186
5825,5682,4187
5826,5683,4188
5827,5684,4189
5828,5685,4190
5829,5686,4191
5830,5687,4192
5831,5688,4193
5832,5689,4194
5833,5690,4195
5834,5691,4196
5835,5692,4197
5836,5693,4198
5837,5694,4199
5838,5695,4200
5839,5696,4201
5840,5697,4202
5841,5698,4203
5842,5699,4204
5843,5700,4205
5844,5701,4206
5845,5702,4207
5846,5703,4208
5847,5704,4209
5848,5705,4209
5849,5706,4209
5850,5707,4209
5851,5708,4209
5852,5709,4209
5853,5710,4209
5854,5711,4209
5855,5712,4209
5856,5713,4209
5857,5714,4209
5858,5715,4209
5859,5716,4209
5860,5717,4209
5861,5718,4209
5862,5719,4210
5863,5720,4211
5864,5721,4211
5865,5722,4211
5866,5723,4211
5867,5724,4211
5868,5725,4211
5869,5726,4211
5870,5727,4211
5871,5728,4211
5872,5729,4211
5873,5730,4211
5874,5731,4211
5875,5732,4211
5876,5733,4211
5877,5734,4211
5878,5735,4211
5879,5736,4212
5880,5737,4213
5881,5738,4214
5882,5739,4215
5883,5740,4216
5884,5741,4217
5885,5742,4218
5886,5743,4219
5887,5744,4220
5888,5745,4221
5889,5746,4222
5890,5747,4223
5891,5748,4224
5892,5749,4225
5893,5750,4226
5894,5751,4227
5895,5752,4228
5896,5753,4229
5897,5754,4230
5898,5755,4231
5899,5756,4232
5900,5757,4233
5901,5758,4234
5902,5759,4235
5903,5760,4236
5904,5761,4237
5905,5762,4238
5906,5763,4239
5907,5764,4240
5908,5765,4240
5909,5766,4240
5910,5767,4240
5911,5768,4241
5912,5769,4242
5913,5770,4243
5914,5771,4244
5915,5772,4244
5916,5773,4244
5917,5774,4245
5918,5775,4246
5919,5776,4247
5920,5777,4248
5921,5778,4249
5922,5779,4250
5923,5780,4251
5924,5781,4252
5925,5782,4253
5926,5783,4254
5927,5784,4255
5928,5785,4255
5929,5786,4255
5930,5787,4255
5931,5788,4255
5932,5789,4255
5933,5790,4255
5934,5791,4255
5935,5792,4255
5936,5793,4255
5937,5794,4255
5938,5795,4255
5939,5796,4255
5940,5797,4255
5941,5798,4255
5942,5799,4255
5943,5800,4255
5944,5801,4255
5945,5802,4255
5946,5803,4255
5947,5804,4255
5948,5805,4255
5949,5806,4255
5950,5807,4256
5951,5808,4257
5952,5809,4258
5953,5810,4259
5954,5811,4260
5955,5812,4261
5956,5813,4262
5957,5814,4263
5958,5815,4264
5959,5816,4265
5960,5817,4266
5961,5818,4267
5962,5819,4268
5963,5820,4269
5964,5821,4270
5965,5822,4271
5966,5823,4272
5967,5824,4273
5968,5825,4274
5969,5826,4275
5970,5827,4276
5971,5828,4277
5972,5829,4278
5973,5830,4279
5974,5831,4280
5975,5832,4281
5976,5833,4282
5977,5834,4283
5978,5835,4284
5979,5836,4285
5980,5837,4286
5981,5838,4287
5982,5839,4288
5983,5840,4289
5984,5841,4290
5985,5842,4291
5986,5843,4291
5987,5844,4291
5988,5845,4291
5989,5846,4291
5990,5847,4291
5991,5848,4291
5992,5849,4291
5993,5850,4291
5994,5851,4291
5995,5852,4291
5996,5853,4291
5997,5854,4291
5998,5855,4291
5999,5856,4292
6000,5857,4293
6001,5858,4294
6002,5859,4295
6003,5860,4296
6004,5861,4297
6005,5862,4298
6006,5863,4299
6007,5864,4300
6008,5865,4301
6009,5866,4302
6010,5867,4303
6011,5868,4304
6012,5869,4305
6013,5870,4306
6014,5871,4307
6015,5872,4308
6016,5873,4309
6017,5874,4310
6018,5875,4311
6019,5876,4312
6020,5877,4313
6021,5878,4314
6022,5879,4315
6023,5880,4316
6024,5881,4317
6025,5882,4318
6026,5883,4319
6027,5884,4320
6028,5885,4321
6029,5886,4322
6030,5887,4322
6031,5888,4322
6032,5889,4322
6033,5890,4322
6034,5891,4322
6035,5892,4322
6036,5893,4322
6037,5894,4322
6038,5895,4322
6039,5896,4322
6040,5897,4323
6041,5898,4324
6042,5899,4325
6043,5900,4326
6044,5901,4327
6045,5902,4328
6046,5903,4329
6047,5904,4330
6048,5905,4331
6049,5906,4332
6050,5907,4333
6051,5908,4334
6052,5909,4335
6053,5910,4336
6054,5911,4337
6055,5912,4338
6056,5913,4339
6057,5914,4340
6058,5915,4341
6059,5916,4342
6060,5917,4343
6061,5918,4344
6062,5919,4345
6063,5920,4346
6064,5921,4347
6065,5922,4348
6066,5923,4349
6067,5924,4350
6068,5925,4351
6069,5926,4352
6070,5927,4353
6071,5928,4354
6072,5929,4355
6073,5930,4356
6074,5931,4357
6075,5932,4358
6076,5933,4359
6077,5934,4360
6078,5935,4361
6079,5936,4362
6080,5937,4363
6081,5938,4364
6082,5939,4365
6083,5940,4366
6084,5941,4367
6085,5942,4368
6086,5943,4368
6087,5944,4368
6088,5945,4368
6089,5946,4368
6090,5947,4368
6091,5948,4368
6092,5949,4368
6093,5950,4368
6094,5951,4368
6095,5952,4368
6096,5953,4368
6097,5954,4368
6098,5955,4368
6099,5956,4368
6100,5957,4368
6101,5958,4369
6102,5959,4370
6103,5960,4371
6104,5961,4372
6105,5962,4373
6106,5963,4374
6107,5964,4375
6108,5965,4376
6109,5966,4377
6110,5967,4378
6111,5968,4379
6112,5969,4380
6113,5970,4381
6114,5971,4382
6115,5972,4383
6116,5973,4384
6117,5974,4385
6118,5975,4386
6119,5976,4387
6120,5977,4388
6121,5978,4389
6122,5979,4390
6123,5980,4391
6124,5981,4392
6125,5982,4393
6126,5983,4394
6127,5984,4394
6128,5985,4394
6129,5986,4394
6130,5987,4394
6131,5988,4394
6132,5989,4394
6133,5990,4394
6134,5991,4394
6135,5992,4394
6136,5993,4394
6137,5994,4394
6138,5995,4394
6139,5996,4394
6140,5997,4394
6141,5998,4394
6142,5999,4395
6143,6000,4396
6144,6001,4397
6145,6002,4398
6146,6003,4399
6147,6004,4400
6148,6005,4401
6149,6006,4401
6150,6007,4401
6151,6008,4402
6152,6009,4403
6153,6010,4404
6154,6011,4405
6155,6012,4406
6156,6013,4407
6157,6014,4408
6158,6015,4409
6159,6016,4410
6160,6017,4411
6161,6018,4412
6162,6019,4412
6163,6020,4412
6164,6021,4412
6165,6022,4412
6166,6023,4412
6167,6024,4412
6168,6025,4412
6169,6026,4412
6170,6027,4412
6171,6028,4412
6172,6029,4412
6173,6030,4412
6174,6031,4412
6175,6032,4412
6176,6033,4412
6177,6034,4412
6178,6035,4412
6179,6036,4413
6180,6037,4414
6181,6038,4415
6182,6039,4416
6183,6040,4417
6184,6041,4417
6185,6042,4417
6186,6043,4417
6187,6044,4417
6188,6045,4417
6189,6046,4417
6190,6047,4418
6191,6048,4419
6192,6049,4420
6193,6050,4421
6194,6051,4422
6195,6052,4423
6196,6053,4424
6197,6054,4425
6198,6055,4426
6199,6056,4427
6200,6057,4428
6201,6058,4429
6202,6059,4430
6203,6060,4431
6204,6061,4432
6205,6062,4433
6206,6063,4434
6207,6064,4434
6208,6065,4434
6209,6066,4434
6210,6067,4434
6211,6068,4435
6212,6069,4436
6213,6070,4437
6214,6071,4438
6215,6072,4439
6216,6073,4440
6217,6074,4441
6218,6075,4442
6219,6076,4443
6220,6077,4444
6221,6078,4445
6222,6079,4446
6223,6080,4447
6224,6081,4448
6225,6082,4449
6226,6083,4450
6227,6084,4450
6228,6085,4450
6229,6086,4450
6230,6087,4450
6231,6088,4450
6232,6089,4450
6233,6090,4450
6234,6091,4450
6235,6092,4450
6236,6093,4450
6237,6094,4450
6238,6095,4450
6239,6096,4450
6240,6097,4450
6241,6098,4450
6242,6099,4450
6243,6100,4450
6244,6101,4451
6245,6102,4452
6246,6103,4453
6247,6104,4454
6248,6105,4455
6249,6106,4456
6250,6107,4457
6251,6108,4458
6252,6109,4459
6253,6110,4460
6254,6111,4461
6255,6112,4462
6256,6113,4463
6257,6114,4464
6258,6115,4464
6259,6116,4464
6260,6117,4464
6261,6118,4464
6262,6119,4464
6263,6120,4464
6264,6121,4465
6265,6122,4466
6266,6123,4467
6267,6124,4468
6268,6125,4469
6269,6126,4470
6270,6127,4471
6271,6128,4472
6272,6129,4473
6273,6130,4474
6274,6131,4475
6275,6132,4476
6276,6133,4477
6277,6134,4478
6278,6135,4479
6279,6136,4480
6280,6137,4481
6281,6138,4482
6282,6139,4483
6283,6140,4484
6284,6141,4485
6285,6142,4486
6286,6143,4487
6287,6144,4488
6288,6145,4489
6289,6146,4490
6290,6147,4491
6291,6148,4492
6292,6149,4492
6293,6150,4492
6294,6151,4492
6295,6152,4492
6296,6153,4492
6297,6154,4492
6298,6155,4492
6299,6156,4492
6300,6157,4492
6301,6158,4493
6302,6159,4494
6303,6160,4495
6304,6161,4496
6305,6162,4497
6306,6163,4498
6307,6164,4499
6308,6165,4500
6309,6166,4501
6310,6167,4502
6311,6168,4503
6312,6169,4503
6313,6170,4503
6314,6171,4503
6315,6172,4503
6316,6173,4503
6317,6174,4503
6318,6175,4503
6319,6176,4503
6320,6177,4503
6321,6178,4503
6322,6179,4503
6323,6180,4504
6324,6181,4505
6325,6182,4506
6326,6183,4507
6327,6184,4508
6328,6185,4509
6329,6186,4510
6330,6187,4511
6331,6188,4512
6332,6189,4513
6333,6190,4513
6334,6191,4513
6335,6192,4513
6336,6193,4513
6337,6194,4513
6338,6195,4513
6339,6196,4513
6340,6197,4513
6341,6198,4513
6342,6199,4513
6343,6200,4513
6344,6201,4513
6345,6202,4513
6346,6203,4513
6347,6204,4513
6348,6205,4513
6349,6206,4513
6350,6207,4513
6351,6208,4514
6352,6209,4515
6353,6210,4516
6354,6211,4517
6355,6212,4518
6356,6213,4519
6357,6214,4520
6358,6215,4521
6359,6216,4522
6360,6217,4522
6361,6218,4522
6362,6219,4523
6363,6220,4524
6364,6221,4525
6365,6222,4526
6366,6223,4527
6367,6224,4528
6368,6225,4529
6369,6226,4530
6370,6227,4531
6371,6228,4532
6372,6229,4533
6373,6230,4534
6374,6231,4535
6375,6232,4536
6376,6233,4537
6377,6234,4538
6378,6235,4539
6379,6236,4540
6380,6237,4541
6381,6238,4542
6382,6239,4543
6383,6240,4544
6384,6241,4545
6385,6242,4546
6386,6243,4547
6387,6244,4547
6388,6245,4547
6389,6246,4547
6390,6247,4547
6391,6248,4547
6392,6249,4547
6393,6250,4547
6394,6251,4547
6395,6252,4547
6396,6253,4547
6397,6254,4547
6398,6255,4547
6399,6256,4547
6400,6257,4547
6401,6258,4547
6402,6259,4548
6403,6260,4549
6404,6261,4550
6405,6262,4551
6406,6263,4552
6407,6264,4553
6408,6265,4554
6409,6266,4555
6410,6267,4556
6411,6268,4557
6412,6269,4558
6413,6270,4559
6414,6271,4560
6415,6272,4561
6416,6273,4562
6417,6274,4563
6418,6275,4564
6419,6276,4565
6420,6277,4566
6421,6278,4567
6422,6279,4567
6423,6280,4568
6424,6281,4569
6425,6282,4570
6426,6283,4571
6427,6284,4572
6428,6285,4573
6429,6286,4574
6430,6287,4575
6431,6288,4576
6432,6289,4577
6433,6290,4578
6434,6291,4579
6435,6292,4580
6436,6293,4581
6437,6294,4582
6438,6295,4583
6439,6296,4584
6440,6297,4585
6441,6298,4586
6442,6299,4587
6443,6300,4588
6444,6301,4589
6445,6302,4589
6446,6303,4589
6447,6304,4589
6448,6305,4589
6449,6306,4589
6450,6307,4589
6451,6308,4589
6452,6309,4589
6453,6310,4590
6454,6311,4591
6455,6312,4592
6456,6313,4592
6457,6314,4592
6458,6315,4592
6459,6316,4592
6460,6317,4592
6461,6318,4592
6462,6319,4593
6463,6320,4594
6464,6321,4595
6465,6322,4596
6466,6323,4597
6467,6324,4598
6468,6325,4599
6469,6326,4600
6470,6327,4601
6471,6328,4602
6472,6329,4603
6473,6330,4604
6474,6331,4604
6475,6332,4604
6476,6333,4605
6477,6334,4606
6478,6335,4607
6479,6336,4608
6480,6337,4609
6481,6338,4610
6482,6339,4611
6483,6340,4612
6484,6341,4613
6485,6342,4614
6486,6343,4615
6487,6344,4616
6488,6345,4617
6489,6346,4618
6490,6347,4619
6491,6348,4620
6492,6349,4621
6493,6350,4622
6494,6351,4623
6495,6352,4624
6496,6353,4625
6497,6354,4626
6498,6355,4627
6499,6356,4628
6500,6357,4629
6501,6358,4630
6502,6359,4631
6503,6360,4632
6504,6361,4633
6505,6362,4634
6506,6363,4635
6507,6364,4636
6508,6365,4637
6509,6366,4638
6510,6367,4639
6511,6368,4640
6512,6369,4641
6513,6370,4642
6514,6371,4643
6515,6372,4643
6516,6373,4643
6517,6374,4643
6518,6375,4643
6519,6376,4643
6520,6377,4643
6521,6378,4643
6522,6379,4643
6523,6380,4644
6524,6381,4644
6525,6382,4644
6526,6383,4644
6527,6384,4644
6528,6385,4644
6529,6386,4644
6530,6387,4644
6531,6388,4644
6532,6389,4644
6533,6390,4644
6534,6391,4644
6535,6392,4644
6536,6393,4645
6537,6394,4646
6538,6395,4647
6539,6396,4648
6540,6397,4649
6541,6398,4650
6542,6399,4651
6543,6400,4652
6544,6401,4653
6545,6402,4654
6546,6403,4655
6547,6404,4656
6548,6405,4657
6549,6406,4658
6550,6407,4658
6551,6408,4658
6552,6409,4658
6553,6410,4658
6554,6411,4658
6555,6412,4658
6556,6413,4658
6557,6414,4658
6558,6415,4658
6559,6416,4658
6560,6417,4658
6561,6418,4658
6562,6419,4658
6563,6420,4658
6564,6421,4658
6565,6422,4658
6566,6423,4658
6567,6424,4658
6568,6425,4658
6569,6426,4658
6570,6427,4658
6571,6428,4658
6572,6429,4658
6573,6430,4659
6574,6431,4660
6575,6432,4661
6576,6433,4662
6577,6434,4663
6578,6435,4664
6579,6436,4665
6580,6437,4666
6581,6438,4667
6582,6439,4668
6583,6440,4669
6584,6441,4670
6585,6442,4671
6586,6443,4672
6587,6444,4673
6588,6445,4673
6589,6446,4673
6590,6447,4673
6591,6448,4673
6592,6449,4673
6593,6450,4673
6594,6451,4673
6595,6452,4673
6596,6453,4673
6597,6454,4673
6598,6455,4674
6599,6456,4675
6600,6457,4676
6601,6458,4677
6602,6459,4678
6603,6460,4679
6604,6461,4680
6605,6462,4681
6606,6463,4682
6607,6464,4683
6608,6465,4684
6609,6466,4685
6610,6467,4686
6611,6468,4687
6612,6469,4688
6613,6470,4689
6614,6471,4690
6615,6472,4691
6616,6473,4692
6617,6474,4693
6618,6475,4693
6619,6476,4694
6620,6477,4695
6621,6478,4696
6622,6479,4697
6623,6480,4698
6624,6481,4699
6625,6482,4700
6626,6483,4701
6627,6484,4702
6628,6485,4703
6629,6486,4704
6630,6487,4705
6631,6488,4706
6632,6489,4706
6633,6490,4706
6634,6491,4706
6635,6492,4706
6636,6493,4706
6637,6494,4706
6638,6495,4706
6639,6496,4707
6640,6497,4708
6641,6498,4709
6642,6499,4710
6643,6500,4711
6644,6501,4712
6645,6502,4712
6646,6503,4712
6647,6504,4712
6648,6505,4712
6649,6506,4712
6650,6507,4712
6651,6508,4712
6652,6509,4712
6653,6510,4712
6654,6511,4712
6655,6512,4712
6656,6513,4712
6657,6514,4712
6658,6515,4712
6659,6516,4712
6660,6517,4712
6661,6518,4712
6662,6519,4712
6663,6520,4712
6664,6521,4712
6665,6522,4712
6666,6523,4712
6667,6524,4712
6668,6525,4712
6669,6526,4712
6670,6527,4712
6671,6528,4712
6672,6529,4712
6673,6530,4712
6674,6531,4712
6675,6532,4712
6676,6533,4712
6677,6534,4712
6678,6535,4712
6679,6536,4713
6680,6537,4714
6681,6538,4715
6682,6539,4716
6683,6540,4717
6684,6541,4718
6685,6542,4719
6686,6543,4720
6687,6544,4721
6688,6545,4722
6689,6546,4723
6690,6547,4724
6691,6548,4725
6692,6549,4726
6693,6550,4727
6694,6551,4728
6695,6552,4729
6696,6553,4730
6697,6554,4731
6698,6555,4732
6699,6556,4733
6700,6557,4734
6701,6558,4735
6702,6559,4736
6703,6560,4737
6704,6561,4738
6705,6562,4739
6706,6563,4740
6707,6564,4741
6708,6565,4742
6709,6566,4743
6710,6567,4744
6711,6568,4745
6712,6569,4746
6713,6570,4747
6714,6571,4748
6715,6572,4749
6716,6573,4750
6717,6574,4751
6718,6575,4752
6719,6576,4753
6720,6577,4754
6721,6578,4755
6722,6579,4756
6723,6580,4757
6724,6581,4758
6725,6582,4759
6726,6583,4760
6727,6584,4761
6728,6585,4762
6729,6586,4763
6730,6587,4763
6731,6588,4763
6732,6589,4764
6733,6590,4765
6734,6591,4766
6735,6592,4767
6736,6593,4768
6737,6594,4769
6738,6595,4770
6739,6596,4771
6740,6597,4772
6741,6598,4773
6742,6599,4774
6743,6600,4775
6744,6601,4776
6745,6602,4777
6746,6603,4777
6747,6604,4777
6748,6605,4777
6749,6606,4777
6750,6607,4777
6751,6608,4777
6752,6609,4777
6753,6610,4777
6754,6611,4777
6755,6612,4777
6756,6613,4777
6757,6614,4777
6758,6615,4778
6759,6616,4779
6760,6617,4780
6761,6618,4781
6762,6619,4782
6763,6620,4783
6764,6621,4784
6765,6622,4785
6766,6623,4786
6767,6624,4787
6768,6625,4788
6769,6626,4789
6770,6627,4790
6771,6628,4791
6772,6629,4792
6773,6630,4793
6774,6631,4794
6775,6632,4795
6776,6633,4796
6777,6634,4797
6778,6635,4798
6779,6636,4799
6780,6637,4800
6781,6638,4801
6782,6639,4802
6783,6640,4803
6784,6641,4804
6785,6642,4805
6786,6643,4806
6787,6644,4807
6788,6645,4808
6789,6646,4808
6790,6647,4808
6791,6648,4808
6792,6649,4808
6793,6650,4808
6794,6651,4808
6795,6652,4808
6796,6653,4808
6797,6654,4808
6798,6655,4808
6799,6656,4808
6800,6657,4809
6801,6658,4810
6802,6659,4811
6803,6660,4812
6804,6661,4813
6805,6662,4814
6806,6663,4814
6807,6664,4814
6808,6665,4814
6809,6666,4814
6810,6667,4814
6811,6668,4814
6812,6669,4815
6813,6670,4816
6814,6671,4816
6815,6672,4816
6816,6673,4816
6817,6674,4816
6818,6675,4817
6819,6676,4818
6820,6677,4819
6821,6678,4820
6822,6679,4821
6823,6680,4822
6824,6681,4823
6825,6682,4824
6826,6683,4825
6827,6684,4826
6828,6685,4827
6829,6686,4828
6830,6687,4829
6831,6688,4830
6832,6689,4831
6833,6690,4832
6834,6691,4833
6835,6692,4834
6836,6693,4835
6837,6694,4836
6838,6695,4837
6839,6696,4837
6840,6697,4837
6841,6698,4837
6842,6699,4837
6843,6700,4837
6844,6701,4837
6845,6702,4837
6846,6703,4837
6847,6704,4837
6848,6705,4837
6849,6706,4837
6850,6707,4837
6851,6708,4837
6852,6709,4837
6853,6710,4837
6854,6711,4838
6855,6712,4839
6856,6713,4840
6857,6714,4841
6858,6715,4842
6859,6716,4843
6860,6717,4844
6861,6718,4845
6862,6719,4846
6863,6720,4847
6864,6721,4848
6865,6722,4849
6866,6723,4850
6867,6724,4851
6868,6725,4852
6869,6726,4852
6870,6727,4852
6871,6728,4852
6872,6729,4852
6873,6730,4852
6874,6731,4852
6875,6732,4852
6876,6733,4852
6877,6734,4852
6878,6735,4852
6879,6736,4852
6880,6737,4852
6881,6738,4852
6882,6739,4852
6883,6740,4852
6884,6741,4852
6885,6742,4852
6886,6743,4852
6887,6744,4852
6888,6745,4852
6889,6746,4852
6890,6747,4853
6891,6748,4854
6892,6749,4855
6893,6750,4856
6894,6751,4857
6895,6752,4858
6896,6753,4859
6897,6754,4860
6898,6755,4861
6899,6756,4862
6900,6757,4863
6901,6758,4864
6902,6759,4865
6903,6760,4866
6904,6761,4867
6905,6762,4868
6906,6763,4869
6907,6764,4870
6908,6765,4871
6909,6766,4872
6910,6767,4873
6911,6768,4874
6912,6769,4875
6913,6770,4876
6914,6771,4877
6915,6772,4878
6916,6773,4879
6917,6774,4880
6918,6775,4881
6919,6776,4882
6920,6777,4883
6921,6778,4884
6922,6779,4885
6923,6780,4886
6924,6781,4886
6925,6782,4886
6926,6783,4886
6927,6784,4886
6928,6785,4886
6929,6786,4886
6930,6787,4887
6931,6788,4888
6932,6789,4889
6933,6790,4890
6934,6791,4891
6935,6792,4892
6936,6793,4893
6937,6794,4894
6938,6795,4895
6939,6796,4896
6940,6797,4897
6941,6798,4898
6942,6799,4899
6943,6800,4900
6944,6801,4901
6945,6802,4902
6946,6803,4903
6947,6804,4904
6948,6805,4905
6949,6806,4906
6950,6807,4907
6951,6808,4908
6952,6809,4908
6953,6810,4908
6954,6811,4908
6955,6812,4908
6956,6813,4908
6957,6814,4908
6958,6815,4908
6959,6816,4908
6960,6817,4908
6961,6818,4908
6962,6819,4909
6963,6820,4910
6964,6821,4911
6965,6822,4912
6966,6823,4913
6967,6824,4914
6968,6825,4915
6969,6826,4915
6970,6827,4915
6971,6828,4915
6972,6829,4915
6973,6830,4915
6974,6831,4915
6975,6832,4915
6976,6833,4915
6977,6834,4915
6978,6835,4915
6979,6836,4915
6980,6837,4915
6981,6838,4915
6982,6839,4915
6983,6840,4916
6984,6841,4916
6985,6842,4916
6986,6843,4916
6987,6844,4916
6988,6845,4916
6989,6846,4916
6990,6847,4916
6991,6848,4916
6992,6849,4916
6993,6850,4916
6994,6851,4917
6995,6852,4918
6996,6853,4919
6997,6854,4920
6998,6855,4921
6999,6856,4922
7000,6857,4923
7001,6858,4924
7002,6859,4925
7003,6860,4926
7004,6861,4927
7005,6862,4928
7006,6863,4929
7007,6864,4930
7008,6865,4931
7009,6866,4932
7010,6867,4933
7011,6868,4934
7012,6869,4935
7013,6870,4936
7014,6871,4936
7015,6872,4936
7016,6873,4936
7017,6874,4936
7018,6875,4936
7019,6876,4936
7020,6877,4936
7021,6878,4936
7022,6879,4937
7023,6880,4938
7024,6881,4939
7025,6882,4940
7026,6883,4941
7027,6884,4942
7028,6885,4943
7029,6886,4944
7030,6887,4945
7031,6888,4946
7032,6889,4947
7033,6890,4948
7034,6891,4949
7035,6892,4950
7036,6893,4951
7037,6894,4952
7038,6895,4953
7039,6896,4954
7040,6897,4955
7041,6898,4955
7042,6899,4955
7043,6900,4955
7044,6901,4955
7045,6902,4955
7046,6903,4955
7047,6904,4955
7048,6905,4955
7049,6906,4955
7050,6907,4955
7051,6908,4955
7052,6909,4955
7053,6910,4955
7054,6911,4955
7055,6912,4955
7056,6913,4955
7057,6914,4955
7058,6915,4955
7059,6916,4955
7060,6917,4955
7061,6918,4955
7062,6919,4955
7063,6920,4955
7064,6921,4956
7065,6922,4957
7066,6923,4958
7067,6924,4959
7068,6925,4960
7069,6926,4961
7070,6927,4962
7071,6928,4963
7072,6929,4964
7073,6930,4965
7074,6931,4966
7075,6932,4967
7076,6933,4968
7077,6934,4969
7078,6935,4970
7079,6936,4971
7080,6937,4972
7081,6938,4973
7082,6939,4974
7083,6940,4975
7084,6941,4976
7085,6942,4977
7086,6943,4978
7087,6944,4979
7088,6945,4980
7089,6946,4981
7090,6947,4982
7091,6948,4983
7092,6949,4984
7093,6950,4985
7094,6951,4986
7095,6952,4987
7096,6953,4988
7097,6954,4989
7098,6955,4990
7099,6956,4991
7100,6957,4992
7101,6958,4993
7102,6959,4994
7103,6960,4995
7104,6961,4996
7105,6962,4997
7106,6963,4998
7107,6964,4999
7108,6965,5000
7109,6966,5001
7110,6967,5002
7111,6968,5003
7112,6969,5003
7113,6970,5003
7114,6971,5003
7115,6972,5003
7116,6973,5003
7117,6974,5003
7118,6975,5003
7119,6976,5003
7120,6977,5003
7121,6978,5003
7122,6979,5003
7123,6980,5003
7124,6981,5003
7125,6982,5003
7126,6983,5003
7127,6984,5003
7128,6985,5003
7129,6986,5003
7130,6987,5003
7131,6988,5003
7132,6989,5003
7133,6990,5003
7134,6991,5004
7135,6992,5005
7136,6993,5006
7137,6994,5007
7138,6995,5008
7139,6996,5009
7140,6997,5010
7141,6998,5011
7142,6999,5012
7143,7000,5013
7144,7001,5014
7145,7002,5015
7146,7003,5016
7147,7004,5017
7148,7005,5018
7149,7006,5019
7150,7007,5020
7151,7008,5021
7152,7009,5022
7153,7010,5023
7154,7011,5024
7155,7012,5025
7156,7013,5026
7157,7014,5027
7158,7015,5028
7159,7016,5029
7160,7017,5030
7161,7018,5031
7162,7019,5032
7163,7020,5033
7164,7021,5034
7165,7022,5035
7166,7023,5036
7167,7024,5037
7168,7025,5037
7169,7026,5037
7170,7027,5037
7171,7028,5037
7172,7029,5037
7173,7030,5037
7174,7031,5037
7175,7032,5037
7176,7033,5038
7177,7034,5039
7178,7035,5040
7179,7036,5041
7180,7037,5042
7181,7038,5043
7182,7039,5044
7183,7040,5045
7184,7041,5046
7185,7042,5047
7186,7043,5048
7187,7044,5049
7188,7045,5050
7189,7046,5051
7190,7047,5052
7191,7048,5053
7192,7049,5054
7193,7050,5055
7194,7051,5056
7195,7052,5057
7196,7053,5058
7197,7054,5059
7198,7055,5060
7199,7056,5061
7200,7057,5062
7201,7058,5063
7202,7059,5064
7203,7060,5065
7204,7061,5066
7205,7062,5067
7206,7063,5068
7207,7064,5069
7208,7065,5070
7209,7066,5071
7210,7067,5071
7211,7068,5071
7212,7069,5071
7213,7070,5071
7214,7071,5071
7215,7072,5071
7216,7073,5071
7217,7074,5071
7218,7075,5071
7219,7076,5072
7220,7077,5073
7221,7078,5074
7222,7079,5075
7223,7080,5076
7224,7081,5077
7225,7082,5078
7226,7083,5079
7227,7084,5079
7228,7085,5079
7229,7086,5079
7230,7087,5079
7231,7088,5079
7232,7089,5079
7233,7090,5079
7234,7091,5079
7235,7092,5079
7236,7093,5079
7237,7094,5079
7238,7095,5079
7239,7096,5079
7240,7097,5079
7241,7098,5079
7242,7099,5080
7243,7100,5081
7244,7101,5082
7245,7102,5083
7246,7103,5084
7247,7104,5085
7248,7105,5086
7249,7106,5087
7250,7107,5088
7251,7108,5089
7252,7109,5090
7253,7110,5091
7254,7111,5092
7255,7112,5093
7256,7113,5094
7257,7114,5095
7258,7115,5096
7259,7116,5097
7260,7117,5098
7261,7118,5099
7262,7119,5100
7263,7120,5101
7264,7121,5102
7265,7122,5103
7266,7123,5104
7267,7124,5105
7268,7125,5106
7269,7126,5107
7270,7127,5108
7271,7128,5109
7272,7129,5110
7273,7130,5111
7274,7131,5112
7275,7132,5113
7276,7133,5113
7277,7134,5113
7278,7135,5113
7279,7136,5113
7280,7137,5113
7281,7138,5113
7282,7139,5113
7283,7140,5113
7284,7141,5113
7285,7142,5113
7286,7143,5113
7287,7144,5113
7288,7145,5113
7289,7146,5113
7290,7147,5113
7291,7148,5113
7292,7149,5113
7293,7150,5113
7294,7151,5113
7295,7152,5113
7296,7153,5113
7297,7154,5113
7298,7155,5113
7299,7156,5113
7300,7157,5113
7301,7158,5113
7302,7159,5113
7303,7160,5113
7304,7161,5113
7305,7162,5113
7306,7163,5113
7307,7164,5113
7308,7165,5113
7309,7166,5113
7310,7167,5113
7311,7168,5113
7312,7169,5113
7313,7170,5113
7314,7171,5113
7315,7172,5113
7316,7173,5113
7317,7174,5113
7318,7175,5113
7319,7176,5113
7320,7177,5114
7321,7178,5115
7322,7179,5116
7323,7180,5117
7324,7180,5118
7325,7180,5119
7326,7180,5120
7327,7180,5121
7328,7180,5122
7329,7180,5123
7330,7180,5124
7331,7180,5125
7332,7180,5126
7333,7181,5127
7334,7182,5128
7335,7183,5129
7336,7184,5130
7337,7185,5131
7338,7186,5132
7339,7187,5133
7340,7188,5134
7341,7189,5135
7342,7190,5136
7343,7191,5137
7344,7192,5137
7345,7193,5137
7346,7194,5138
7347,7195,5139
7348,7196,5140
7349,7197,5141
7350,7198,5142
7351,7199,5143
7352,7200,5144
7353,7201,5145
7354,7202,5146
7355,7203,5146
7356,7204,5146
7357,7205,5146
7358,7206,5146
7359,7207,5146
7360,7208,5146
7361,7209,5146
7362,7210,5147
7363,7211,5148
7364,7212,5148
7365,7213,5149
7366,7214,5150
7367,7215,5151
7368,7216,5152
7369,7217,5153
7370,7218,5154
7371,7219,5155
7372,7220,5156
7373,7221,5157
7374,7222,5158
7375,7223,5159
7376,7224,5160
7377,7225,5161
7378,7226,5162
7379,7227,5162
7380,7228,5162
7381,7229,5162
7382,7230,5162
7383,7231,5162
7384,7232,5162
7385,7233,5162
7386,7234,5162
7387,7235,5162
7388,7236,5162
7389,7237,5162
7390,7238,5162
7391,7239,5162
7392,7240,5162
7393,7241,5162
7394,7242,5162
7395,7243,5162
7396,7244,5162
7397,7245,5162
7398,7246,5163
7399,7247,5164
7400,7248,5165
7401,7249,5166
7402,7250,5167
7403,7251,5168
7404,7252,5169
7405,7253,5170
7406,7254,5171
7407,7255,5172
7408,7256,5173
7409,7257,5174
7410,7258,5175
7411,7259,5176
7412,7260,5177
7413,7261,5178
7414,7262,5179
7415,7263,5180
7416,7264,5181
7417,7265,5182
7418,7266,5183
7419,7267,5184
7420,7268,5185
7421,7269,5186
7422,7270,5187
7423,7271,5188
7424,7272,5189
7425,7273,5190
7426,7274,5191
7427,7275,5192
7428,7276,5193
7429,7277,5194
7430,7278,5195
7431,7279,5196
7432,7280,5197
7433,7281,5198
7434,7282,5199
7435,7283,5200
7436,7284,5201
7437,7285,5202
7438,7286,5203
7439,7287,5204
7440,7288,5205
7441,7289,5206
7442,7290,5207
7443,7291,5208
7444,7292,5209
7445,7293,5210
7446,7294,5210
7447,7295,5210
7448,7296,5210
7449,7297,5210
7450,7298,5210
7451,7299,5211
7452,7300,5212
7453,7301,5213
7454,7302,5214
7455,7303,5215
7456,7304,5216
7457,7305,5217
7458,7306,5218
7459,7307,5219
7460,7308,5219
7461,7309,5219
7462,7310,5219
7463,7311,5219
7464,7312,5219
7465,7313,5219
7466,7314,5219
7467,7315,5219
7468,7316,5219
7469,7317,5219
7470,7318,5219
7471,7319,5219
7472,7320,5219
7473,7321,5219
7474,7322,5219
7475,7323,5219
7476,7324,5219
7477,7325,5219
7478,7326,5219
7479,7327,5219
7480,7328,5219
7481,7329,5220
7482,7330,5221
7483,7331,5222
7484,7332,5223
7485,7333,5224
7486,7334,5225
7487,7335,5226
7488,7336,5227
7489,7337,5228
7490,7338,5229
7491,7339,5230
7492,7340,5231
7493,7341,5232
7494,7342,5233
7495,7343,5234
7496,7344,5235
7497,7345,5236
7498,7346,5237
7499,7347,5238
7500,7348,5239
7501,7349,5240
7502,7350,5241
7503,7351,5242
7504,7352,5243
7505,7353,5244
7506,7354,5245
7507,7355,5246
7508,7356,5247
7509,7357,5248
7510,7358,5249
7511,7359,5250
7512,7360,5251
7513,7361,5251
7514,7362,5251
7515,7363,5251
7516,7364,5251
7517,7365,5251
7518,7366,5251
7519,7367,5251
7520,7368,5251
7521,7369,5251
7522,7370,5251
7523,7371,5251
7524,7372,5252
7525,7373,5253
7526,7374,5254
7527,7375,5255
7528,7376,5256
7529,7377,5257
7530,7378,5258
7531,7379,5259
7532,7380,5260
7533,7381,5261
7534,7382,5262
7535,7383,5263
7536,7384,5264
7537,7385,5265
7538,7386,5266
7539,7387,5267
7540,7388,5268
7541,7389,5269
7542,7390,5270
7543,7391,5271
7544,7392,5272
7545,7393,5273
7546,7394,5274
7547,7395,5275
7548,7396,5276
7549,7397,5277
7550,7398,5278
7551,7399,5279
7552,7400,5280
7553,7401,5281
7554,7402,5282
7555,7403,5283
7556,7404,5284
7557,7405,5285
7558,7406,5286
7559,7407,5287
7560,7408,5288
7561,7409,5289
7562,7410,5290
7563,7411,5291
7564,7412,5292
7565,7413,5293
7566,7414,5294
7567,7415,5295
7568,7416,5296
7569,7417,5297
7570,7418,5298
7571,7419,5298
7572,7420,5298
7573,7421,5298
7574,7422,5298
7575,7423,5298
7576,7424,5298
7577,7425,5298
7578,7426,5298
7579,7427,5298
7580,7428,5298
7581,7429,5298
7582,7430,5299
7583,7431,5299
7584,7432,5299
7585,7433,5299
7586,7434,5299
7587,7435,5299
7588,7436,5299
7589,7437,5300
7590,7438,5301
7591,7439,5302
7592,7440,5303
7593,7441,5304
7594,7442,5304
7595,7443,5304
7596,7444,5304
7597,7445,5304
7598,7446,5304
7599,7447,5304
7600,7448,5304
7601,7449,5304
7602,7450,5305
7603,7451,5305
7604,7452,5305
7605,7453,5305
7606,7454,5305
7607,7455,5305
7608,7456,5305
7609,7457,5305
7610,7458,5305
7611,7459,5306
7612,7460,5307
7613,7461,5308
7614,7462,5308
7615,7463,5308
7616,7464,5308
7617,7465,5308
7618,7466,5308
7619,7467,5308
7620,7468,5308
7621,7469,5308
7622,7470,5308
7623,7471,5308
7624,7472,5308
7625,7473,5308
7626,7474,5308
7627,7475,5308
7628,7476,5308
7629,7477,5308
7630,7478,5308
7631,7479,5309
7632,7480,5310
7633,7481,5310
7634,7482,5310
7635,7483,5310
7636,7484,5310
7637,7485,5310
7638,7486,5310
7639,7487,5310
7640,7488,5310
7641,7489,5310
7642,7490,5310
7643,7491,5310
7644,7492,5310
7645,7493,5310
7646,7494,5310
7647,7495,5310
7648,7496,5310
7649,7497,5310
7650,7498,5310
7651,7499,5310
7652,7500,5310
7653,7501,5310
7654,7502,5310
7655,7503,5310
7656,7504,5310
7657,7505,5310
7658,7506,5310
7659,7507,5310
7660,7508,5310
7661,7509,5310
7662,7510,5310
7663,7511,5310
7664,7512,5310
7665,7513,5310
7666,7514,5310
7667,7515,5310
7668,7516,5310
7669,7517,5310
7670,7518,5311
7671,7519,5312
7672,7520,5313
7673,7521,5314
7674,7522,5315
7675,7523,5316
7676,7524,5317
7677,7525,5318
7678,7526,5319
7679,7527,5320
7680,7528,5321
7681,7529,5322
7682,7530,5323
7683,7531,5324
7684,7532,5325
7685,7533,5326
7686,7534,5327
7687,7535,5328
7688,7536,5329
7689,7537,5330
7690,7538,5331
7691,7539,5332
7692,7540,5333
7693,7540,5334
7694,7540,5335
7695,7540,5336
7696,7540,5337
7697,7540,5338
7698,7540,5339
7699,7540,5340
7700,7540,5341
7701,7540,5342
7702,7540,5343
7703,7540,5344
7704,7540,5345
7705,7540,5346
7706,7540,5347
7707,7540,5348
7708,7540,5349
7709,7540,5350
7710,7540,5351
7711,7540,5352
7712,7540,5353
7713,7540,5354
7714,7541,5355
7715,7542,5356
7716,7543,5357
7717,7544,5358
7718,7545,5359
7719,7546,5360
7720,7547,5361
7721,7548,5362
7722,7549,5363
7723,7550,5364
7724,7551,5365
7725,7552,5366
7726,7553,5367
7727,7554,5368
7728,7555,5369
7729,7556,5370
7730,7557,5371
7731,7558,5372
7732,7559,5373
7733,7560,5374
7734,7561,5375
7735,7562,5376
7736,7563,5377
7737,7564,5378
7738,7565,5379
7739,7566,5380
7740,7567,5381
7741,7568,5382
7742,7569,5383
7743,7570,5384
7744,7571,5385
7745,7572,5386
7746,7573,5387
7747,7574,5388
7748,7575,5389
7749,7576,5390
7750,7577,5391
7751,7578,5392
7752,7579,5393
7753,7580,5394
7754,7581,5394
7755,7582,5394
7756,7583,5394
7757,7584,5394
7758,7585,5394
7759,7586,5394
7760,7587,5394
7761,7588,5394
7762,7589,5394
7763,7590,5395
7764,7591,5395
7765,7592,5395
7766,7593,5395
7767,7594,5395
7768,7595,5395
7769,7596,5396
7770,7597,5397
7771,7598,5398
7772,7599,5399
7773,7600,5400
7774,7601,5401
7775,7602,5402
7776,7603,5403
7777,7604,5404
7778,7605,5405
7779,7606,5406
7780,7607,5407
7781,7608,5408
7782,7609,5409
7783,7610,5410
7784,7611,5411
7785,7612,5412
7786,7613,5413
7787,7614,5414
7788,7615,5414
7789,7616,5414
7790,7617,5414
7791,7618,5414
7792,7619,5414
7793,7620,5415
7794,7621,5416
7795,7622,5417
7796,7623,5418
7797,7624,5419
7798,7625,5419
7799,7626,5419
7800,7627,5419
7801,7628,5419
7802,7629,5419
7803,7630,5419
7804,7631,5419
7805,7632,5419
7806,7633,5419
7807,7634,5419
7808,7635,5419
7809,7636,5419
7810,7637,5419
7811,7638,5419
7812,7639,5419
7813,7640,5419
7814,7641,5419
7815,7642,5419
7816,7643,5419
7817,7644,5419
7818,7645,5419
7819,7646,5419
7820,7647,5419
7821,7648,5419
7822,7649,5419
7823,7650,5420
7824,7651,5421
7825,7652,5422
7826,7653,5423
7827,7654,5424
7828,7655,5425
7829,7656,5426
7830,7657,5427
7831,7658,5428
7832,7659,5429
7833,7660,5430
7834,7661,5431
7835,7662,5432
7836,7663,5433
7837,7664,5434
7838,7665,5435
7839,7666,5436
7840,7667,5437
7841,7668,5438
7842,7669,5439
7843,7670,5440
7844,7671,5441
7845,7672,5442
7846,7673,5443
7847,7674,5444
7848,7675,5445
7849,7676,5446
7850,7677,5447
7851,7678,5448
7852,7679,5449
7853,7680,5450
7854,7681,5451
7855,7682,5452
7856,7683,5453
7857,7684,5453
7858,7685,5453
7859,7686,5453
7860,7687,5453
7861,7688,5453
7862,7689,5454
7863,7690,5455
7864,7691,5456
7865,7692,5457
7866,7693,5458
7867,7694,5458
7868,7695,5459
7869,7696,5460
7870,7697,5461
7871,7698,5462
7872,7699,5463
7873,7700,5464
7874,7701,5465
7875,7702,5465
7876,7703,5465
7877,7704,5465
7878,7705,5465
7879,7706,5465
7880,7707,5465
7881,7708,5465
7882,7709,5465
7883,7710,5465
7884,7711,5465
7885,7712,5465
7886,7713,5465
7887,7714,5465
7888,7715,5465
7889,7716,5465
7890,7717,5465
7891,7718,5465
7892,7719,5465
7893,7720,5465
7894,7721,5465
7895,7722,5465
7896,7723,5465
7897,7724,5465
7898,7725,5465
7899,7726,5465
7900,7727,5466
7901,7728,5467
7902,7729,5468
7903,7730,5469
7904,7731,5470
7905,7732,5471
7906,7733,5472
7907,7734,5473
7908,7735,5474
7909,7736,5475
7910,7737,5476
7911,7738,5477
7912,7739,5478
7913,7740,5479
7914,7741,5480
7915,7742,5481
7916,7743,5482
7917,7744,5483
7918,7745,5484
7919,7746,5485
7920,7747,5486
7921,7748,5487
7922,7749,5488
7923,7750,5489
7924,7751,5490
7925,7752,5491
7926,7753,5492
7927,7754,5493
7928,7755,5494
7929,7756,5495
7930,7757,5496
7931,7758,5497
7932,7759,5498
7933,7760,5499
7934,7761,5500
7935,7762,5501
7936,7763,5502
7937,7764,5503
7938,7765,5504
7939,7766,5505
7940,7767,5506
7941,7768,5507
7942,7769,5508
7943,7770,5509
7944,7771,5509
7945,7772,5509
7946,7773,5509
7947,7774,5510
7948,7775,5511
7949,7776,5512
7950,7777,5513
7951,7778,5514
7952,7779,5515
7953,7780,5516
7954,7781,5517
7955,7782,5518
7956,7783,5519
7957,7784,5520
7958,7785,5521
7959,7786,5522
7960,7787,5523
7961,7788,5524
7962,7789,5525
7963,7790,5526
7964,7791,5527
7965,7792,5528
7966,7793,5529
7967,7794,5530
7968,7795,5531
7969,7796,5532
7970,7797,5533
7971,7798,5534
7972,7799,5535
7973,7800,5535
7974,7801,5535
7975,7802,5535
7976,7803,5535
7977,7804,5535
7978,7805,5535
7979,7806,5535
7980,7807,5535
7981,7808,5535
7982,7809,5536
7983,7810,5537
7984,7811,5538
7985,7812,5539
7986,7813,5540
7987,7814,5541
7988,7815,5542
7989,7816,5543
7990,7817,5544
7991,7818,5545
7992,7819,5546
7993,7820,5547
7994,7821,5547
7995,7822,5547
7996,7823,5547
7997,7824,5547
7998,7825,5547
7999,7826,5547
8000,7827,5547
8001,7828,5547
8002,7829,5548
8003,7830,5549
8004,7831,5550
8005,7832,5551
8006,7833,5552
8007,7834,5553
8008,7835,5554
8009,7836,5555
8010,7837,5556
8011,7838,5557
8012,7839,5558
8013,7840,5559
8014,7841,5560
8015,7842,5561
8016,7843,5562
8017,7844,5563
8018,7845,5564
8019,7846,5565
8020,7847,5566
8021,7848,5567
8022,7849,5568
8023,7850,5569
8024,7851,5570
8025,7852,5571
8026,7853,5572
8027,7854,5573
8028,7855,5574
8029,7856,5575
8030,7857,5576
8031,7858,5577
8032,7859,5578
8033,7860,5579
8034,7861,5580
8035,7862,5581
8036,7863,5582
8037,7864,5583
8038,7865,5583
8039,7866,5583
8040,7867,5583
8041,7868,5583
8042,7869,5583
8043,7870,5583
8044,7871,5583
8045,7872,5583
8046,7873,5583
8047,7874,5583
8048,7875,5583
8049,7876,5583
8050,7877,5583
8051,7878,5583
8052,7879,5583
8053,7880,5583
8054,7881,5583
8055,7882,5583
8056,7883,5583
8057,7884,5583
8058,7885,5583
8059,7886,5583
8060,7887,5583
8061,7888,5583
8062,7889,5583
8063,7890,5583
8064,7891,5583
8065,7892,5583
8066,7893,5583
8067,7894,5583
8068,7895,5583
8069,7896,5583
8070,7897,5583
8071,7898,5583
8072,7899,5583
8073,7900,5583
8074,7901,5583
8075,7902,5583
8076,7903,5583
8077,7904,5583
8078,7905,5583
8079,7906,5584
8080,7907,5585
8081,7908,5586
8082,7909,5587
8083,7910,5588
8084,7911,5589
8085,7912,5590
8086,7913,5591
8087,7914,5592
8088,7915,5593
8089,7916,5594
8090,7917,5595
8091,7918,5596
8092,7919,5597
8093,7920,5598
8094,7921,5599
8095,7922,5600
8096,7923,5601
8097,7924,5602
8098,7925,5603
8099,7926,5604
8100,7927,5605
8101,7928,5606
8102,7929,5607
8103,7930,5607
8104,7931,5607
8105,7932,5607
8106,7933,5607
8107,7934,5607
8108,7935,5607
8109,7936,5607
8110,7937,5607
8111,7938,5607
8112,7939,5607
8113,7940,5608
8114,7941,5608
8115,7942,5608
8116,7943,5608
8117,7944,5608
8118,7945,5608
8119,7946,5608
8120,7947,5608
8121,7948,5608
8122,7949,5608
8123,7950,5608
8124,7951,5608
8125,7952,5608
8126,7953,5608
8127,7954,5608
8128,7955,5609
8129,7956,5610
8130,7957,5611
8131,7958,5612
8132,7959,5613
8133,7960,5614
8134,7961,5615
8135,7962,5616
8136,7963,5617
8137,7964,5618
8138,7965,5619
8139,7966,5620
8140,7967,5621
8141,7968,5622
8142,7969,5623
8143,7970,5624
8144,7971,5625
8145,7972,5626
8146,7973,5627
8147,7974,5628
8148,7975,5629
8149,7976,5630
8150,7977,5631
8151,7978,5632
8152,7979,5633
8153,7980,5634
8154,7981,5635
8155,7982,5635
8156,7983,5635
8157,7984,5635
8158,7985,5635
8159,7986,5635
8160,7987,5635
8161,7988,5636
8162,7989,5637
8163,7990,5638
8164,7991,5639
8165,7992,5640
8166,7993,5641
8167,7994,5642
8168,7995,5643
8169,7996,5644
8170,7997,5645
8171,7998,5646
8172,7999,5647
8173,8000,5648
8174,8001,5649
8175,8002,5650
8176,8003,5651
8177,8004,5652
8178,8005,5653
8179,8006,5654
8180,8007,5655
8181,8008,5656
8182,8009,5656
8183,8010,5656
8184,8011,5656
8185,8012,5656
8186,8013,5656
8187,8014,5656
8188,8015,5656
8189,8016,5657
8190,8017,5658
8191,8018,5659
8192,8019,5660
8193,8020,5661
8194,8021,5662
8195,8022,5663
8196,8023,5664
8197,8024,5665
8198,8025,5666
8199,8026,5667
8200,8027,5668
8201,8028,5668
8202,8029,5668
8203,8030,5668
8204,8031,5668
8205,8032,5668
8206,8033,5668
8207,8034,5668
8208,8035,5668
8209,8036,5668
8210,8037,5669
8211,8038,5670
8212,8039,5671
8213,8040,5672
8214,8041,5673
8215,8042,5674
8216,8043,5675
8217,8044,5676
8218,8045,5677
8219,8046,5678
8220,8047,5678
8221,8048,5678
8222,8049,5678
8223,8050,5678
8224,8051,5678
8225,8052,5679
8226,8053,5680
8227,8054,5681
8228,8055,5682
8229,8056,5683
8230,8057,5684
8231,8058,5685
8232,8059,5686
8233,8060,5687
8234,8061,5688
8235,8062,5689
8236,8063,5690
8237,8064,5691
8238,8065,5692
8239,8066,5692
8240,8067,5692
8241,8068,5692
8242,8069,5693
8243,8070,5694
8244,8071,5694
8245,8072,5694
8246,8073,5694
8247,8074,5694
8248,8075,5694
8249,8076,5694
8250,8077,5694
8251,8078,5695
8252,8079,5696
8253,8080,5697
8254,8081,5698
8255,8082,5699
8256,8083,5700
8257,8084,5701
8258,8085,5702
8259,8086,5703
8260,8087,5704
8261,8088,5705
8262,8089,5705
8263,8090,5706
8264,8091,5706
8265,8092,5706
8266,8093,5706
8267,8094,5706
8268,8095,5706
8269,8096,5706
8270,8097,5706
8271,8098,5707
8272,8099,5708
8273,8100,5709
8274,8101,5710
8275,8102,5711
8276,8103,5712
8277,8104,5712
8278,8105,5712
8279,8106,5712
8280,8107,5712
8281,8108,5712
8282,8109,5712
8283,8110,5712
8284,8111,5712
8285,8112,5712
8286,8113,5712
8287,8114,5712
8288,8115,5712
8289,8116,5712
8290,8117,5713
8291,8118,5714
8292,8119,5715
8293,8120,5716
8294,8121,5717
8295,8122,5718
8296,8123,5719
8297,8124,5720
8298,8125,5721
8299,8126,5722
8300,8127,5723
8301,8128,5724
8302,8129,5725
8303,8130,5726
8304,8131,5727
8305,8132,5728
8306,8133,5729
8307,8134,5730
8308,8135,5731
8309,8136,5732
8310,8137,5733
8311,8138,5734
8312,8139,5735
8313,8140,5736
8314,8141,5737
8315,8142,5737
8316,8143,5737
8317,8144,5737
8318,8145,5737
8319,8146,5737
8320,8147,5737
8321,8148,5737
8322,8149,5737
8323,8150,5737
8324,8151,5737
8325,8152,5737
8326,8153,5737
8327,8154,5737
8328,8155,5738
8329,8156,5739
8330,8157,5740
8331,8158,5741
8332,8159,5742
8333,8160,5743
8334,8161,5744
8335,8162,5745
8336,8163,5746
8337,8164,5747
8338,8165,5748
8339,8166,5749
8340,8167,5750
8341,8168,5751
8342,8169,5752
8343,8170,5753
8344,8171,5754
8345,8172,5755
8346,8173,5756
8347,8174,5757
8348,8175,5758
8349,8176,5759
8350,8177,5760
8351,8178,5761
8352,8179,5762
8353,8180,5763
8354,8181,5764
8355,8182,5765
8356,8183,5766
8357,8184,5767
8358,8185,5768
8359,8186,5769
8360,8187,5770
8361,8188,5771
8362,8189,5772
8363,8190,5773
8364,8191,5774
8365,8192,5775
8366,8193,5776
8367,8194,5777
8368,8195,5778
8369,8196,5778
8370,8197,5778
8371,8198,5778
8372,8199,5778
8373,8200,5778
8374,8201,5778
8375,8202,5778
8376,8203,5778
8377,8204,5778
8378,8205,5778
8379,8206,5778
8380,8207,5778
8381,8208,5778
8382,8209,5778
8383,8210,5778
8384,8211,5779
8385,8212,5780
8386,8213,5781
8387,8214,5782
8388,8215,5783
8389,8216,5784
8390,8217,5785
8391,8218,5786
8392,8219,5787
8393,8220,5788
8394,8221,5789
8395,8222,5789
8396,8223,5789
8397,8224,5789
8398,8225,5789
8399,8226,5789
8400,8227,5789
8401,8228,5790
8402,8229,5791
8403,8230,5792
8404,8231,5793
8405,8232,5794
8406,8233,5795
8407,8234,5796
8408,8235,5797
8409,8236,5798
8410,8237,5799
8411,8238,5800
8412,8239,5801
8413,8240,5802
8414,8241,5803
8415,8242,5804
8416,8243,5805
8417,8244,5806
8418,8245,5807
8419,8246,5808
8420,8247,5809
8421,8248,5810
8422,8249,5811
8423,8250,5811
8424,8251,5811
8425,8252,5811
8426,8253,5811
8427,8254,5811
8428,8255,5811
8429,8256,5811
8430,8257,5811
8431,8258,5811
8432,8259,5811
8433,8260,5811
8434,8261,5811
8435,8262,5811
8436,8263,5811
8437,8264,5811
8438,8265,5811
8439,8266,5811
8440,8267,5811
8441,8268,5812
8442,8269,5813
8443,8270,5814
8444,8271,5815
8445,8272,5816
8446,8273,5817
8447,8274,5818
8448,8275,5819
8449,8276,5820
8450,8277,5821
8451,8278,5822
8452,8279,5823
8453,8280,5824
8454,8281,5825
8455,8282,5826
8456,8283,5827
8457,8284,5827
8458,8285,5827
8459,8286,5827
8460,8287,5827
8461,8288,5827
8462,8289,5827
8463,8290,5827
8464,8291,5827
8465,8292,5827
8466,8293,5828
8467,8294,5829
8468,8295,5830
8469,8296,5831
8470,8297,5832
8471,8298,5833
8472,8299,5834
8473,8300,5835
8474,8301,5836
8475,8302,5837
8476,8303,5838
8477,8304,5839
8478,8305,5840
8479,8306,5841
8480,8307,5841
8481,8308,5841
8482,8309,5841
8483,8310,5841
8484,8311,5841
8485,8312,5842
8486,8313,5843
8487,8314,5844
8488,8315,5845
8489,8316,5846
8490,8317,5847
8491,8318,5848
8492,8319,5849
8493,8320,5850
8494,8321,5851
8495,8322,5852
8496,8323,5853
8497,8324,5854
8498,8325,5855
8499,8326,5856
8500,8327,5857
8501,8328,5858
8502,8329,5859
8503,8330,5860
8504,8331,5861
8505,8332,5862
8506,8333,5863
8507,8334,5864
8508,8335,5865
8509,8336,5866
8510,8337,5867
8511,8338,5868
8512,8339,5869
8513,8340,5870
8514,8341,5871
8515,8342,5872
8516,8343,5873
8517,8344,5874
8518,8345,5875
8519,8346,5876
8520,8347,5877
8521,8348,5878
8522,8349,5879
8523,8350,5880
8524,8351,5881
8525,8352,5882
8526,8353,5883
8527,8354,5884
8528,8355,5885
8529,8356,5886
8530,8357,5887
8531,8358,5888
8532,8359,5889
8533,8360,5890
8534,8361,5891
8535,8362,5892
8536,8363,5893
8537,8364,5894
8538,8365,5894
8539,8366,5894
8540,8367,5894
8541,8368,5894
8542,8369,5894
8543,8370,5894
8544,8371,5894
8545,8372,5894
8546,8373,5894
8547,8374,5894
8548,8375,5894
8549,8376,5894
8550,8377,5894
8551,8378,5894
8552,8379,5894
8553,8380,5894
8554,8381,5894
8555,8382,5894
8556,8383,5894
8557,8384,5894
8558,8385,5894
8559,8386,5894
8560,8387,5894
8561,8388,5894
8562,8389,5894
8563,8390,5894
8564,8391,5894
8565,8392,5894
8566,8393,5894
8567,8394,5895
8568,8395,5896
8569,8396,5897
8570,8397,5898
8571,8398,5899
8572,8399,5900
8573,8400,5901
8574,8401,5902
8575,8402,5903
8576,8403,5904
8577,8404,5905
8578,8405,5906
8579,8406,5907
8580,8407,5908
8581,8408,5909
8582,8409,5910
8583,8410,5911
8584,8411,5912
8585,8412,5913
8586,8413,5914
8587,8414,5915
8588,8415,5916
8589,8416,5917
8590,8417,5918
8591,8418,5919
8592,8419,5920
8593,8420,5921
8594,8421,5922
8595,8422,5923
8596,8423,5924
8597,8424,5924
8598,8425,5924
8599,8426,5924
8600,8427,5924
8601,8428,5924
8602,8429,5924
8603,8430,5924
8604,8431,5924
8605,8432,5924
8606,8433,5924
8607,8434,5924
8608,8435,5924
8609,8436,5924
8610,8437,5924
8611,8438,5924
8612,8439,5924
8613,8440,5924
8614,8441,5924
8615,8442,5924
8616,8443,5924
8617,8444,5924
8618,8445,5924
8619,8446,5924
8620,8447,5924
8621,8448,5924
8622,8449,5924
8623,8450,5924
8624,8451,5924
8625,8452,5924
8626,8453,5924
8627,8454,5924
8628,8455,5924
8629,8456,5924
8630,8457,5924
8631,8458,5924
8632,8459,5925
8633,8460,5926
8634,8461,5926
8635,8462,5926
8636,8463,5926
8637,8464,5926
8638,8465,5927
8639,8466,5928
8640,8467,5929
8641,8468,5930
8642,8469,5931
8643,8470,5932
8644,8471,5933
8645,8472,5934
8646,8473,5935
8647,8474,5936
8648,8475,5937
8649,8476,5938
8650,8477,5939
8651,8478,5940
8652,8479,5941
8653,8480,5942
8654,8481,5943
8655,8482,5944
8656,8483,5945
8657,8484,5946
8658,8485,5947
8659,8486,5947
8660,8487,5947
8661,8488,5948
8662,8489,5949
8663,8490,5950
8664,8491,5951
8665,8492,5952
8666,8493,5953
8667,8494,5954
8668,8495,5954
8669,8496,5954
8670,8497,5954
8671,8498,5955
8672,8499,5956
8673,8500,5957
8674,8501,5958
8675,8502,5959
8676,8503,5960
8677,8504,5961
8678,8505,5962
8679,8506,5963
8680,8507,5964
8681,8508,5965
8682,8509,5966
8683,8510,5967
8684,8511,5968
8685,8512,5969
8686,8513,5970
8687,8514,5971
8688,8515,5972
8689,8516,5973
8690,8517,5974
8691,8518,5975
8692,8519,5976
8693,8520,5976
8694,8521,5976
8695,8522,5976
8696,8523,5976
8697,8524,5976
8698,8525,5976
8699,8526,5976
8700,8527,5976
8701,8528,5976
8702,8529,5976
8703,8530,5976
8704,8531,5976
8705,8532,5976
8706,8533,5976
8707,8534,5977
8708,8535,5978
8709,8536,5979
8710,8537,5980
8711,8538,5981
8712,8539,5982
8713,8540,5983
8714,8541,5984
8715,8542,5985
8716,8543,5986
8717,8544,5987
8718,8545,5988
8719,8546,5989
8720,8547,5990
8721,8548,5991
8722,8549,5991
8723,8550,5991
8724,8551,5991
8725,8552,5991
8726,8553,5991
8727,8554,5991
8728,8555,5991
8729,8556,5991
8730,8557,5992
8731,8558,5993
8732,8559,5994
8733,8560,5995
8734,8561,5996
8735,8562,5997
8736,8563,5998
8737,8564,5999
8738,8565,6000
8739,8566,6001
8740,8567,6002
8741,8568,6003
8742,8569,6004
8743,8570,6005
8744,8571,6006
8745,8572,6007
8746,8573,6007
8747,8574,6007
8748,8575,6007
8749,8576,6008
8750,8577,6009
8751,8578,6010
8752,8579,6011
8753,8580,6012
8754,8581,6013
8755,8582,6014
8756,8583,6015
8757,8584,6016
8758,8585,6017
8759,8586,6018
8760,8587,6018
8761,8588,6018
8762,8589,6018
8763,8590,6018
8764,8591,6018
8765,8592,6018
8766,8593,6018
8767,8594,6018
8768,8595,6018
8769,8596,6018
8770,8597,6018
8771,8598,6018
8772,8599,6019
8773,8600,6020
8774,8601,6021
8775,8602,6022
8776,8603,6023
8777,8604,6024
8778,8605,6025
8779,8606,6026
8780,8607,6027
8781,8608,6028
8782,8609,6029
8783,8610,6030
8784,8611,6031
8785,8612,6032
8786,8613,6033
8787,8614,6034
8788,8615,6035
8789,8616,6036
8790,8617,6036
8791,8618,6036
8792,8619,6036
8793,8620,6037
8794,8621,6038
8795,8622,6038
8796,8623,6038
8797,8624,6038
8798,8625,6038
8799,8626,6038
8800,8627,6038
8801,8628,6038
8802,8629,6038
8803,8630,6039
8804,8631,6039
8805,8632,6040
8806,8633,6041
8807,8634,6042
8808,8635,6043
8809,8636,6044
8810,8637,6045
8811,8638,6046
8812,8639,6047
8813,8640,6048
8814,8641,6049
8815,8642,6049
8816,8643,6050
8817,8644,6051
8818,8645,6052
8819,8646,6053
8820,8647,6054
8821,8648,6055
8822,8649,6056
8823,8650,6057
8824,8651,6058
8825,8652,6059
8826,8653,6060
8827,8654,6061
8828,8655,6062
8829,8656,6063
8830,8657,6064
8831,8658,6065
8832,8659,6066
8833,8660,6067
8834,8661,6068
8835,8662,6069
8836,8663,6070
8837,8664,6071
8838,8665,6072
8839,8666,6073
8840,8667,6073
8841,8668,6073
8842,8669,6073
8843,8670,6073
8844,8671,6073
8845,8672,6073
8846,8673,6073
8847,8674,6073
8848,8675,6073
8849,8676,6073
8850,8677,6073
8851,8678,6073
8852,8679,6073
8853,8680,6073
8854,8681,6073
8855,8682,6073
8856,8683,6073
8857,8684,6073
8858,8685,6073
8859,8686,6073
8860,8687,6073
8861,8688,6074
8862,8689,6075
8863,8690,6076
8864,8691,6077
8865,8692,6078
8866,8693,6079
8867,8694,6080
8868,8695,6081
8869,8696,6082
8870,8697,6083
8871,8698,6084
8872,8699,6085
8873,8700,6086
8874,8701,6087
8875,8702,6088
8876,8703,6089
8877,8704,6090
8878,8705,6091
8879,8706,6092
8880,8707,6093
8881,8708,6094
8882,8709,6095
8883,8710,6096
8884,8711,6097
8885,8712,6098
8886,8713,6099
8887,8714,6100
8888,8715,6101
8889,8716,6102
8890,8717,6103
8891,8718,6104
8892,8719,6105
8893,8720,6106
8894,8721,6107
8895,8722,6108
8896,8723,6109
8897,8724,6110
8898,8725,6111
8899,8726,6112
8900,8727,6113
8901,8728,6114
8902,8729,6115
8903,8730,6116
8904,8731,6117
8905,8732,6118
8906,8733,6119
8907,8734,6120
8908,8735,6121
8909,8736,6122
8910,8737,6123
8911,8738,6124
8912,8739,6125
8913,8740,6126
8914,8741,6127
8915,8742,6127
8916,8743,6127
8917,8744,6127
8918,8745,6127
8919,8746,6127
8920,8747,6127
8921,8748,6127
8922,8749,6127
8923,8750,6127
8924,8751,6127
8925,8752,6127
8926,8753,6127
8927,8754,6127
8928,8755,6127
8929,8756,6127
8930,8757,6127
8931,8758,6127
8932,8759,6127
8933,8760,6127
8934,8761,6127
8935,8762,6127
8936,8763,6127
8937,8764,6127
8938,8765,6127
8939,8766,6127
8940,8767,6127
8941,8768,6127
8942,8769,6127
8943,8770,6127
8944,8771,6127
8945,8772,6127
8946,8773,6127
8947,8774,6127
8948,8775,6128
8949,8776,6129
8950,8777,6130
8951,8778,6131
8952,8779,6132
8953,8780,6133
8954,8781,6134
8955,8782,6134
8956,8783,6134
8957,8784,6135
8958,8785,6136
8959,8786,6137
8960,8787,6138
8961,8788,6139
8962,8789,6140
8963,8790,6141
8964,8791,6142
8965,8792,6142
8966,8793,6142
8967,8794,6142
8968,8795,6142
8969,8796,6142
8970,8797,6142
8971,8798,6142
8972,8799,6142
8973,8800,6143
8974,8801,6143
8975,8802,6143
8976,8803,6143
8977,8804,6143
8978,8805,6143
8979,8806,6143
8980,8807,6143
8981,8808,6143
8982,8809,6143
8983,8810,6143
8984,8811,6143
8985,8812,6143
8986,8813,6143
8987,8814,6143
8988,8815,6143
8989,8816,6143
8990,8817,6143
8991,8818,6143
8992,8819,6143
8993,8820,6143
8994,8821,6143
8995,8822,6143
8996,8823,6143
8997,8824,6143
8998,8825,6143
8999,8826,6143
9000,8827,6143
9001,8828,6143
9002,8829,6143
9003,8830,6143
9004,8831,6143
9005,8832,6143
9006,8833,6143
9007,8834,6143
9008,8835,6143
9009,8836,6143
9010,8837,6143
9011,8838,6143
9012,8839,6143
9013,8840,6143
9014,8841,6143
9015,8842,6143
9016,8843,6143
9017,8844,6143
9018,8845,6143
9019,8846,6143
9020,8847,6143
9021,8848,6144
9022,8849,6145
9023,8850,6146
9024,8851,6147
9025,8852,6148
9026,8853,6149
9027,8854,6150
9028,8855,6151
9029,8856,6152
9030,8857,6153
9031,8858,6154
9032,8859,6155
9033,8860,6156
9034,8860,6157
9035,8860,6158
9036,8860,6159
9037,8860,6160
9038,8860,6161
9039,8860,6162
9040,8860,6163
9041,8860,6164
9042,8860,6165
9043,8860,6166
9044,8860,6167
9045,8860,6168
9046,8860,6169
9047,8860,6170
9048,8860,6171
9049,8860,6172
9050,8860,6173
9051,8860,6174
9052,8860,6175
9053,8860,6176
9054,8860,6177
9055,8860,6178
9056,8860,6179
9057,8860,6180
9058,8860,6181
9059,8860,6182
9060,8861,6183
9061,8862,6184
9062,8863,6185
9063,8864,6186
9064,8865,6187
9065,8866,6188
9066,8867,6189
9067,8868,6190
9068,8869,6191
9069,8870,6192
9070,8871,6193
9071,8872,6193
9072,8873,6193
9073,8874,6193
9074,8875,6193
9075,8876,6193
9076,8877,6193
9077,8878,6193
9078,8879,6194
9079,8880,6195
9080,8881,6196
9081,8882,6197
9082,8883,6198
9083,8884,6198
9084,8885,6198
9085,8886,6198
9086,8887,6198
9087,8888,6198
9088,8889,6198
9089,8890,6199
9090,8891,6200
9091,8892,6201
9092,8893,6202
9093,8894,6203
9094,8895,6204
9095,8896,6205
9096,8897,6206
9097,8898,6207
9098,8899,6208
9099,8900,6209
9100,8901,6209
9101,8902,6209
9102,8903,6209
9103,8904,6209
9104,8905,6209
9105,8906,6209
9106,8907,6209
9107,8908,6209
9108,8909,6209
9109,8910,6209
9110,8911,6209
9111,8912,6209
9112,8913,6209
9113,8914,6210
9114,8915,6211
9115,8916,6212
9116,8917,6213
9117,8918,6214
9118,8919,6215
9119,8920,6216
9120,8921,6217
9121,8922,6218
9122,8923,6219
9123,8924,6220
9124,8925,6221
9125,8926,6222
9126,8927,6223
9127,8928,6224
9128,8929,6225
9129,8930,6226
9130,8931,6227
9131,8932,6228
9132,8933,6229
9133,8934,6230
9134,8935,6231
9135,8936,6232
9136,8937,6233
9137,8938,6234
9138,8939,6235
9139,8940,6236
9140,8941,6237
9141,8942,6238
9142,8943,6239
9143,8944,6240
9144,8945,6241
9145,8946,6242
9146,8947,6243
9147,8948,6244
9148,8949,6245
9149,8950,6246
9150,8951,6247
9151,8952,6248
9152,8953,6249
9153,8954,6249
9154,8955,6249
9155,8956,6249
9156,8957,6250
9157,8958,6251
9158,8959,6252
9159,8960,6253
9160,8961,6254
9161,8962,6255
9162,8963,6255
9163,8964,6255
9164,8965,6255
9165,8966,6255
9166,8967,6255
9167,8968,6255
9168,8969,6255
9169,8970,6255
9170,8971,6255
9171,8972,6255
9172,8973,6255
9173,8974,6255
9174,8975,6255
9175,8976,6255
9176,8977,6255
9177,8978,6255
9178,8979,6255
9179,8980,6255
9180,8981,6255
9181,8982,6255
9182,8983,6255
9183,8984,6255
9184,8985,6255
9185,8986,6255
9186,8987,6255
9187,8988,6255
9188,8989,6255
9189,8990,6255
9190,8991,6255
9191,8992,6255
9192,8993,6255
9193,8994,6255
9194,8995,6255
9195,8996,6255
9196,8997,6255
9197,8998,6255
9198,8999,6255
9199,9000,6255
9200,9001,6255
9201,9002,6255
9202,9003,6255
9203,9004,6255
9204,9005,6256
9205,9006,6257
9206,9007,6258
9207,9008,6259
9208,9009,6260
9209,9010,6261
9210,9011,6262
9211,9012,6263
9212,9013,6264
9213,9014,6265
9214,9015,6266
9215,9016,6267
9216,9017,6268
9217,9018,6269
9218,9019,6270
9219,9020,6271
9220,9021,6272
9221,9022,6273
9222,9023,6274
9223,9024,6275
9224,9025,6276
9225,9026,6277
9226,9027,6278
9227,9028,6279
9228,9029,6280
9229,9030,6281
9230,9031,6282
9231,9032,6283
9232,9033,6284
9233,9034,6285
9234,9035,6286
9235,9036,6287
9236,9037,6288
9237,9038,6289
9238,9039,6290
9239,9040,6291
9240,9041,6292
9241,9042,6293
9242,9043,6294
9243,9044,6295
9244,9045,6296
9245,9046,6297
9246,9047,6298
9247,9048,6299
9248,9049,6300
9249,9050,6301
9250,9051,6302
9251,9052,6303
9252,9053,6304
9253,9054,6304
9254,9055,6304
9255,9056,6304
9256,9057,6304
9257,9058,6304
9258,9059,6304
9259,9060,6304
9260,9061,6304
9261,9062,6304
9262,9063,6304
9263,9064,6304
9264,9065,6304
9265,9066,6304
9266,9067,6304
9267,9068,6304
9268,9069,6304
9269,9070,6304
9270,9071,6304
9271,9072,6304
9272,9073,6304
9273,9074,6304
9274,9075,6304
9275,9076,6304
9276,9077,6304
9277,9078,6304
9278,9079,6304
9279,9080,6304
9280,9081,6304
9281,9082,6305
9282,9083,6306
9283,9084,6307
9284,9085,6308
9285,9086,6309
9286,9087,6310
9287,9088,6311
9288,9089,6312
9289,9090,6313
9290,9091,6314
9291,9092,6315
9292,9093,6316
9293,9094,6317
9294,9095,6318
9295,9096,6319
9296,9097,6320
9297,9098,6321
9298,9099,6322
9299,9100,6323
9300,9101,6324
9301,9102,6325
9302,9103,6326
9303,9104,6327
9304,9105,6328
9305,9106,6329
9306,9107,6330
9307,9108,6331
9308,9109,6332
9309,9110,6333
9310,9111,6334
9311,9112,6335
9312,9113,6336
9313,9114,6336
9314,9115,6336
9315,9116,6336
9316,9117,6336
9317,9118,6337
9318,9119,6338
9319,9120,6339
9320,9121,6340
9321,9122,6341
9322,9123,6342
9323,9124,6343
9324,9125,6344
9325,9126,6345
9326,9127,6346
9327,9128,6347
9328,9129,6348
9329,9130,6349
9330,9130,6350
9331,9130,6351
9332,9130,6352
9333,9131,6353
9334,9132,6354
9335,9133,6355
9336,9134,6356
9337,9135,6357
9338,9136,6358
9339,9137,6359
9340,9138,6360
9341,9139,6361
9342,9140,6362
9343,9141,6363
9344,9142,6364
9345,9143,6364
9346,9144,6364
9347,9145,6364
9348,9146,6364
9349,9147,6364
9350,9148,6364
9351,9149,6364
9352,9150,6364
9353,9151,6364
9354,9152,6364
9355,9153,6364
9356,9154,6364
9357,9155,6364
9358,9156,6364
9359,9157,6364
9360,9158,6364
9361,9159,6364
9362,9160,6364
9363,9161,6364
9364,9162,6364
9365,9163,6364
9366,9164,6364
9367,9165,6365
9368,9166,6366
9369,9167,6367
9370,9168,6368
9371,9169,6369
9372,9170,6370
9373,9170,6371
9374,9171,6372
9375,9172,6373
9376,9173,6374
9377,9174,6375
9378,9175,6376
9379,9176,6377
9380,9177,6378
9381,9178,6379
9382,9179,6380
9383,9180,6381
9384,9181,6382
9385,9182,6382
9386,9183,6382
9387,9184,6382
9388,9185,6382
9389,9186,6382
9390,9187,6382
9391,9188,6383
9392,9189,6384
9393,9190,6385
9394,9191,6385
9395,9192,6385
9396,9193,6385
9397,9194,6385
9398,9195,6385
9399,9196,6385
9400,9197,6385
9401,9198,6386
9402,9199,6387
9403,9200,6388
9404,9201,6389
9405,9202,6390
9406,9203,6391
9407,9204,6392
9408,9205,6393
9409,9206,6394
9410,9207,6395
9411,9208,6396
9412,9209,6397
9413,9210,6397
9414,9211,6397
9415,9212,6397
9416,9213,6397
9417,9214,6397
9418,9215,6398
9419,9216,6399
9420,9217,6400
9421,9218,6401
9422,9219,6402
9423,9220,6403
9424,9221,6404
9425,9222,6405
9426,9223,6406
9427,9224,6407
9428,9225,6408
9429,9226,6408
9430,9227,6408
9431,9228,6408
9432,9229,6408
9433,9230,6409
9434,9231,6410
9435,9232,6410
9436,9233,6410
9437,9234,6410
9438,9235,6410
9439,9236,6410
9440,9237,6410
9441,9238,6410
9442,9239,6411
9443,9240,6412
9444,9241,6413
9445,9242,6414
9446,9243,6415
9447,9244,6416
9448,9245,6417
9449,9246,6418
9450,9247,6419
9451,9248,6420
9452,9249,6421
9453,9250,6422
9454,9251,6423
9455,9252,6424
9456,9253,6424
9457,9254,6424
9458,9255,6424
9459,9256,6424
9460,9257,6425
9461,9258,6426
9462,9259,6427
9463,9260,6428
9464,9261,6429
9465,9262,6429
9466,9263,6429
9467,9264,6429
9468,9265,6429
9469,9266,6429
9470,9267,6430
9471,9268,6431
9472,9269,6432
9473,9270,6433
9474,9271,6433
9475,9272,6433
9476,9273,6433
9477,9274,6433
9478,9275,6433
9479,9276,6433
9480,9277,6434
9481,9278,6435
9482,9279,6436
9483,9280,6437
9484,9281,6438
9485,9282,6438
9486,9283,6438
9487,9284,6438
9488,9285,6438
9489,9286,6438
9490,9287,6438
9491,9288,6438
9492,9289,6438
9493,9290,6438
9494,9291,6438
9495,9292,6439
9496,9293,6440
9497,9294,6441
9498,9295,6442
9499,9296,6443
9500,9297,6444
9501,9298,6445
9502,9299,6446
9503,9300,6447
9504,9301,6448
9505,9302,6449
9506,9303,6450
9507,9304,6451
9508,9305,6452
9509,9306,6453
9510,9307,6454
9511,9308,6455
9512,9309,6456
9513,9310,6457
9514,9311,6457
9515,9312,6457
9516,9313,6457
9517,9314,6457
9518,9315,6457
9519,9316,6457
9520,9317,6457
9521,9318,6457
9522,9319,6457
9523,9320,6457
9524,9321,6457
9525,9322,6457
9526,9323,6458
9527,9324,6459
9528,9325,6460
9529,9326,6461
9530,9327,6462
9531,9328,6463
9532,9329,6464
9533,9330,6465
9534,9331,6466
9535,9332,6467
9536,9333,6468
9537,9334,6469
9538,9335,6470
9539,9336,6471
9540,9337,6472
9541,9338,6473
9542,9339,6474
9543,9340,6475
9544,9341,6476
9545,9342,6477
9546,9343,6477
9547,9344,6477
9548,9345,6477
9549,9346,6477
9550,9347,6477
9551,9348,6478
9552,9349,6479
9553,9350,6480
9554,9351,6481
9555,9352,6481
9556,9353,6481
9557,9354,6482
9558,9355,6483
9559,9356,6484
9560,9357,6485
9561,9358,6486
9562,9359,6487
9563,9360,6488
9564,9361,6489
9565,9362,6490
9566,9363,6490
9567,9364,6490
9568,9365,6490
9569,9366,6490
9570,9367,6490
9571,9368,6490
9572,9369,6490
9573,9370,6490
9574,9371,6490
9575,9372,6490
9576,9373,6490
9577,9374,6490
9578,9375,6490
9579,9376,6490
9580,9377,6490
9581,9378,6490
9582,9379,6490
9583,9380,6490
9584,9381,6490
9585,9382,6490
9586,9383,6490
9587,9384,6490
9588,9385,6490
9589,9386,6491
9590,9387,6492
9591,9388,6493
9592,9389,6494
9593,9390,6495
9594,9391,6496
9595,9392,6497
9596,9393,6498
9597,9394,6499
9598,9395,6500
9599,9396,6501
9600,9397,6502
9601,9398,6503
9602,9399,6504
9603,9400,6505
9604,9401,6506
9605,9402,6507
9606,9403,6508
9607,9404,6509
9608,9405,6510
9609,9406,6511
9610,9407,6512
9611,9408,6513
9612,9409,6514
9613,9410,6515
9614,9411,6516
9615,9412,6517
9616,9413,6518
9617,9414,6519
9618,9415,6520
9619,9416,6521
9620,9417,6522
9621,9418,6523
9622,9419,6524
9623,9420,6525
9624,9421,6526
9625,9422,6526
9626,9423,6526
9627,9424,6526
9628,9425,6526
9629,9426,6526
9630,9427,6527
9631,9428,6528
9632,9429,6529
9633,9430,6530
9634,9431,6531
9635,9432,6532
9636,9433,6532
9637,9434,6532
9638,9435,6532
9639,9436,6532
9640,9437,6532
9641,9438,6532
9642,9439,6533
9643,9440,6534
9644,9441,6535
9645,9442,6536
9646,9443,6537
9647,9444,6537
9648,9445,6537
9649,9446,6537
9650,9447,6537
9651,9448,6537
9652,9449,6537
9653,9450,6537
9654,9451,6537
9655,9452,6537
9656,9453,6537
9657,9454,6537
9658,9455,6537
9659,9456,6537
9660,9457,6537
9661,9458,6537
9662,9459,6537
9663,9460,6537
9664,9461,6537
9665,9462,6537
9666,9463,6538
9667,9464,6539
9668,9465,6540
9669,9466,6541
9670,9467,6542
9671,9468,6543
9672,9469,6544
9673,9470,6545
9674,9471,6546
9675,9472,6547
9676,9473,6548
9677,9474,6549
9678,9475,6550
9679,9476,6551
9680,9477,6552
9681,9478,6553
9682,9479,6554
9683,9480,6555
9684,9481,6556
9685,9482,6557
9686,9483,6558
9687,9484,6559
9688,9485,6560
9689,9486,6561
9690,9487,6562
9691,9488,6563
9692,9489,6564
9693,9490,6565
9694,9491,6566
9695,9492,6567
9696,9493,6568
9697,9494,6569
9698,9495,6570
9699,9496,6571
9700,9497,6572
9701,9498,6573
9702,9499,6574
9703,9500,6575
9704,9501,6576
9705,9502,6577
9706,9503,6578
9707,9504,6579
9708,9505,6579
9709,9506,6579
9710,9507,6580
9711,9508,6581
9712,9509,6582
9713,9510,6583
9714,9511,6584
9715,9512,6585
9716,9513,6586
9717,9514,6587
9718,9515,6587
9719,9516,6587
9720,9517,6587
9721,9518,6587
9722,9519,6588
9723,9520,6589
9724,9521,6590
9725,9522,6591
9726,9523,6591
9727,9524,6591
9728,9525,6591
9729,9526,6591
9730,9527,6591
9731,9528,6592
9732,9529,6593
9733,9530,6594
9734,9531,6595
9735,9532,6596
9736,9533,6597
9737,9534,6597
9738,9535,6598
9739,9536,6599
9740,9537,6600
9741,9538,6601
9742,9539,6602
9743,9540,6603
9744,9541,6604
9745,9542,6605
9746,9543,6606
9747,9544,6607
9748,9545,6608
9749,9546,6609
9750,9547,6610
9751,9548,6611
9752,9549,6612
9753,9550,6613
9754,9551,6614
9755,9552,6615
9756,9553,6616
9757,9554,6617
9758,9555,6618
9759,9556,6619
9760,9557,6620
9761,9558,6621
9762,9559,6622
9763,9560,6623
9764,9560,6624
9765,9560,6625
9766,9560,6626
9767,9560,6627
9768,9560,6628
9769,9560,6629
9770,9560,6630
9771,9560,6631
9772,9560,6632
9773,9560,6633
9774,9561,6634
9775,9562,6635
9776,9563,6636
9777,9564,6637
9778,9565,6638
9779,9566,6639
9780,9567,6640
9781,9568,6641
9782,9569,6642
9783,9570,6643
9784,9571,6644
9785,9572,6645
9786,9573,6646
9787,9574,6647
9788,9575,6648
9789,9576,6649
9790,9577,6650
9791,9578,6651
9792,9579,6652
9793,9580,6653
9794,9581,6654
9795,9582,6655
9796,9583,6656
9797,9584,6657
9798,9585,6658
9799,9586,6659
9800,9587,6660
9801,9588,6661
9802,9589,6662
9803,9590,6663
9804,9591,6664
9805,9592,6665
9806,9593,6666
9807,9594,6667
9808,9595,6668
9809,9596,6669
9810,9597,6670
9811,9598,6671
9812,9599,6672
9813,9600,6673
9814,9601,6674
9815,9602,6675
9816,9603,6676
9817,9604,6677
9818,9605,6678
9819,9606,6679
9820,9607,6680
9821,9608,6681
9822,9609,6682
9823,9610,6683
9824,9611,6684
9825,9612,6685
9826,9613,6686
9827,9614,6686
9828,9615,6686
9829,9616,6686
9830,9617,6686
9831,9618,6686
9832,9619,6687
9833,9620,6688
9834,9621,6688
9835,9622,6688
9836,9623,6688
9837,9624,6688
9838,9625,6688
9839,9626,6688
9840,9627,6688
9841,9628,6688
9842,9629,6688
9843,9630,6688
9844,9631,6688
9845,9632,6688
9846,9633,6688
9847,9634,6688
9848,9635,6688
9849,9636,6688
9850,9637,6689
9851,9638,6690
9852,9639,6691
9853,9640,6692
9854,9641,6693
9855,9642,6694
9856,9643,6695
9857,9644,6696
9858,9645,6696
9859,9646,6697
9860,9647,6698
9861,9648,6699
9862,9649,6700
9863,9650,6701
9864,9651,6702
9865,9652,6703
9866,9653,6704
9867,9654,6705
9868,9655,6706
9869,9656,6707
9870,9657,6708
9871,9658,6709
9872,9659,6710
9873,9660,6711
9874,9661,6711
9875,9662,6711
9876,9663,6711
9877,9664,6711
9878,9665,6711
9879,9666,6711
9880,9667,6711
9881,9668,6711
9882,9669,6711
9883,9670,6711
9884,9671,6711
9885,9672,6711
9886,9673,6712
9887,9674,6713
9888,9675,6714
9889,9676,6715
9890,9677,6716
9891,9678,6717
9892,9679,6718
9893,9680,6719
9894,9681,6720
9895,9682,6721
9896,9683,6721
9897,9684,6721
9898,9685,6721
9899,9686,6721
9900,9687,6721
9901,9688,6721
9902,9689,6721
9903,9690,6721
9904,9691,6721
9905,9692,6721
9906,9693,6721
9907,9694,6721
9908,9695,6721
9909,9696,6721
9910,9697,6721
9911,9698,6721
9912,9699,6722
9913,9700,6723
9914,9701,6724
9915,9702,6725
9916,9703,6726
9917,9704,6727
9918,9705,6728
9919,9706,6729
9920,9707,6730
9921,9708,6731
9922,9709,6732
9923,9710,6732
9924,9711,6732
9925,9712,6732
9926,9713,6732
9927,9714,6733
9928,9715,6734
9929,9716,6735
9930,9717,6736
9931,9718,6737
9932,9719,6738
9933,9720,6739
9934,9720,6740
9935,9721,6741
9936,9722,6742
9937,9723,6743
9938,9724,6744
9939,9725,6745
9940,9726,6746
9941,9727,6747
9942,9728,6748
9943,9729,6749
9944,9730,6750
9945,9731,6751
9946,9732,6752
9947,9733,6753
9948,9734,6754
9949,9735,6755
9950,9736,6756
9951,9737,6757
9952,9738,6758
9953,9739,6759
9954,9740,6760
9955,9741,6761
9956,9742,6762
9957,9743,6763
9958,9744,6764
9959,9745,6765
9960,9746,6766
9961,9747,6767
9962,9748,6768
9963,9749,6769
9964,9750,6770
9965,9751,6771
9966,9752,6772
9967,9753,6773
9968,9754,6774
9969,9755,6775
9970,9756,6775
9971,9757,6775
9972,9758,6775
9973,9759,6775
9974,9760,6776
9975,9761,6777
9976,9762,6778
9977,9763,6779
9978,9764,6780
9979,9765,6781
9980,9766,6782
9981,9767,6783
9982,9768,6784
9983,9769,6785
9984,9770,6786
9985,9771,6787
9986,9772,6788
9987,9773,6789
9988,9774,6790
9989,9775,6791
9990,9776,6792
9991,9777,6792
9992,9778,6793
9993,9779,6794
9994,9780,6795
9995,9781,6795
9996,9782,6795
9997,9783,6795
9998,9784,6795
9999,9785,6795
10000,9786,6795
10001,9787,6795
10002,9788,6795
10003,9789,6795
10004,9790,6795
10005,9791,6795
10006,9792,6795
10007,9793,6795
10008,9794,6795
10009,9795,6795
10010,9796,6795
10011,9797,6795
10012,9798,6796
10013,9799,6797
10014,9800,6798
10015,9800,6799
10016,9800,6800
10017,9800,6801
10018,9800,6802
10019,9800,6803
10020,9800,6804
10021,9801,6805
10022,9802,6806
10023,9803,6807
10024,9804,6808
10025,9805,6809
10026,9806,6810
10027,9807,6811
10028,9808,6812
10029,9809,6813
10030,9810,6814
10031,9811,6815
10032,9812,6816
10033,9813,6817
10034,9814,6818
10035,9815,6819
10036,9816,6820
10037,9817,6821
10038,9818,6822
10039,9819,6823
10040,9820,6824
10041,9821,6825
10042,9822,6826
10043,9823,6827
10044,9824,6828
10045,9825,6829
10046,9826,6830
10047,9827,6831
10048,9828,6832
10049,9829,6833
10050,9830,6834
10051,9831,6835
10052,9832,6836
10053,9833,6837
10054,9834,6838
10055,9835,6839
10056,9836,6840
10057,9837,6841
10058,9838,6842
10059,9839,6843
10060,9840,6844
10061,9841,6845
10062,9842,6846
10063,9843,6847
10064,9844,6848
10065,9845,6849
10066,9846,6850
10067,9847,6851
10068,9848,6852
10069,9849,6853
10070,9850,6854
10071,9851,6854
10072,9852,6855
10073,9853,6856
10074,9854,6857
10075,9855,6858
10076,9856,6859
10077,9857,6860
10078,9858,6861
10079,9859,6862
10080,9860,6863
10081,9861,6864
10082,9862,6865
10083,9863,6865
10084,9864,6865
10085,9865,6865
10086,9866,6865
10087,9867,6865
10088,9868,6865
10089,9869,6865
10090,9870,6866
10091,9871,6867
10092,9872,6868
10093,9873,6869
10094,9874,6870
10095,9875,6871
10096,9876,6872
10097,9877,6873
10098,9878,6874
10099,9879,6875
10100,9880,6876
10101,9881,6877
10102,9882,6878
10103,9883,6879
10104,9884,6880
10105,9885,6881
10106,9886,6882
10107,9887,6883
10108,9888,6884
10109,9889,6885
10110,9890,6886
10111,9891,6887
10112,9892,6888
10113,9893,6889
10114,9894,6890
10115,9895,6891
10116,9896,6892
10117,9897,6893
10118,9898,6894
10119,9899,6895
10120,9900,6896
10121,9901,6897
10122,9902,6898
10123,9903,6899
10124,9904,6900
10125,9905,6901
10126,9906,6902
10127,9907,6903
10128,9908,6904
10129,9909,6905
10130,9910,6906
10131,9911,6907
10132,9912,6908
10133,9913,6909
10134,9914,6910
10135,9915,6911
10136,9916,6912
10137,9917,6913
10138,9918,6914
10139,9919,6915
10140,9920,6916
10141,9921,6917
10142,9922,6918
10143,9923,6919
10144,9924,6919
10145,9925,6919
10146,9926,6919
10147,9927,6919
10148,9928,6919
10149,9929,6919
10150,9930,6919
10151,9931,6919
10152,9932,6919
10153,9933,6919
10154,9934,6919
10155,9935,6919
10156,9936,6919
10157,9937,6919
10158,9938,6919
10159,9939,6919
10160,9940,6919
10161,9941,6919
10162,9942,6919
10163,9943,6919
10164,9944,6919
10165,9945,6919
10166,9946,6919
10167,9947,6919
10168,9948,6919
10169,9949,6919
10170,9950,6919
10171,9951,6919
10172,9952,6919
10173,9953,6919
10174,9954,6919
10175,9955,6919
10176,9956,6919
10177,9957,6919
10178,9958,6919
10179,9959,6919
10180,9960,6919
10181,9961,6919
10182,9962,6919
10183,9963,6919
10184,9964,6919
10185,9965,6919
10186,9966,6919
10187,9967,6919
10188,9968,6919
10189,9969,6919
10190,9970,6919
10191,9971,6919
10192,9972,6919
10193,9973,6919
10194,9974,6919
10195,9975,6919
10196,9976,6919
10197,9977,6919
10198,9978,6919
10199,9979,6919
10200,9980,6919
10201,9981,6919
10202,9982,6919
10203,9983,6919
10204,9984,6919
10205,9985,6919
10206,9986,6919
10207,9987,6919
10208,9988,6919
10209,9989,6919
10210,9990,6919
10211,9991,6919
10212,9992,6919
10213,9993,6919
10214,9994,6919
10215,9995,6919
10216,9996,6919
10217,9997,6919
10218,9998,6919
10219,9999,6919
10220,10000,6919
10221,10001,6919
10222,10002,6919
10223,10003,6919
10224,10004,6919
10225,10005,6919
10226,10006,6919
10227,10007,6919
10228,10008,6919
10229,10009,6919
10230,10010,6919
10231,10011,6919
10232,10012,6919
10233,10013,6919
10234,10014,6919
10235,10015,6919
10236,10016,6919
10237,10017,6919
10238,10018,6919
10239,10019,6919
10240,10020,6919
10241,10021,6919
10242,10022,6919
10243,10023,6919
10244,10024,6919
10245,10025,6919
10246,10026,6919
10247,10027,6919
10248,10028,6919
10249,10029,6919
10250,10030,6919
10251,10031,6919
10252,10032,6919
10253,10033,6919
10254,10034,6919
10255,10035,6919
10256,10036,6919
10257,10037,6919
10258,10038,6919
10259,10039,6919
10260,10040,6920
10261,10041,6920
10262,10042,6920
10263,10043,6920
10264,10044,6920
10265,10045,6920
10266,10046,6920
10267,10047,6920
10268,10048,6920
10269,10049,6920
10270,10050,6920
10271,10051,6920
10272,10052,6920
10273,10053,6920
10274,10054,6920
10275,10055,6920
10276,10056,6920
10277,10057,6920
10278,10058,6921
10279,10059,6922
10280,10060,6923
10281,10061,6924
10282,10062,6925
10283,10063,6925
10284,10064,6925
10285,10065,6925
10286,10066,6925
10287,10067,6925
10288,10068,6925
10289,10069,6925
10290,10070,6926
10291,10071,6927
10292,10072,6928
10293,10073,6929
10294,10074,6930
10295,10075,6931
10296,10076,6932
10297,10077,6933
10298,10078,6934
10299,10079,6935
10300,10080,6936
10301,10081,6937
10302,10082,6938
10303,10083,6939
10304,10084,6940
10305,10085,6941
10306,10086,6942
10307,10087,6943
10308,10088,6943
10309,10089,6943
10310,10090,6943
10311,10091,6943
10312,10092,6943
10313,10093,6943
10314,10094,6944
10315,10095,6945
10316,10096,6946
10317,10097,6947
10318,10098,6948
10319,10099,6949
10320,10100,6950
10321,10101,6951
10322,10102,6952
10323,10103,6953
10324,10104,6953
10325,10105,6953
10326,10106,6954
10327,10107,6955
10328,10108,6956
10329,10109,6957
10330,10110,6958
10331,10111,6959
10332,10112,6960
10333,10113,6961
10334,10114,6962
10335,10115,6963
10336,10116,6964
10337,10117,6965
10338,10118,6966
10339,10119,6967
10340,10120,6968
10341,10121,6969
10342,10122,6970
10343,10123,6971
10344,10124,6972
10345,10125,6973
10346,10126,6974
10347,10127,6975
10348,10128,6976
10349,10129,6977
10350,10130,6978
10351,10131,6979
10352,10132,6980
10353,10133,6980
10354,10134,6980
10355,10135,6980
10356,10136,6980
10357,10137,6980
10358,10138,6980
10359,10139,6981
10360,10140,6982
10361,10141,6983
10362,10142,6983
10363,10143,6983
10364,10144,6983
10365,10145,6983
10366,10146,6983
10367,10147,6983
10368,10148,6983
10369,10149,6983
10370,10150,6983
10371,10151,6983
10372,10152,6983
10373,10153,6983
10374,10154,6983
10375,10155,6983
10376,10156,6983
10377,10157,6983
10378,10158,6983
10379,10159,6983
10380,10160,6983
10381,10161,6983
10382,10162,6983
10383,10163,6983
10384,10164,6983
10385,10165,6983
10386,10166,6984
10387,10167,6985
10388,10168,6986
10389,10169,6987
10390,10170,6988
10391,10171,6989
10392,10172,6990
10393,10173,6991
10394,10174,6992
10395,10175,6993
10396,10176,6994
10397,10177,6995
10398,10178,6996
10399,10179,6997
10400,10180,6998
10401,10181,6999
10402,10182,7000
10403,10183,7001
10404,10184,7002
10405,10185,7003
10406,10186,7004
10407,10187,7005
10408,10188,7006
10409,10189,7007
10410,10190,7008
10411,10191,7009
10412,10192,7010
10413,10193,7010
10414,10194,7010
10415,10195,7010
10416,10196,7010
10417,10197,7010
10418,10198,7011
10419,10199,7012
10420,10200,7013
10421,10201,7014
10422,10202,7015
10423,10203,7016
10424,10204,7017
10425,10205,7018
10426,10206,7019
10427,10207,7019
10428,10208,7019
10429,10209,7019
10430,10210,7019
10431,10211,7019
10432,10212,7019
10433,10213,7019
10434,10214,7019
10435,10215,7020
10436,10216,7021
10437,10217,7022
10438,10218,7023
10439,10219,7024
10440,10220,7025
10441,10221,7026
10442,10222,7027
10443,10223,7028
10444,10224,7029
10445,10225,7030
10446,10226,7031
10447,10227,7032
10448,10228,7033
10449,10229,7034
10450,10230,7035
10451,10231,7036
10452,10232,7037
10453,10233,7037
10454,10234,7037
10455,10235,7037
10456,10236,7037
10457,10237,7037
10458,10238,7038
10459,10239,7039
10460,10240,7040
10461,10241,7041
10462,10242,7042
10463,10243,7043
10464,10244,7044
10465,10245,7045
10466,10246,7045
10467,10247,7045
10468,10248,7045
10469,10249,7045
10470,10250,7045
10471,10251,7045
10472,10252,7045
10473,10253,7045
10474,10254,7045
10475,10255,7045
10476,10256,7045
10477,10257,7045
10478,10258,7046
10479,10259,7047
10480,10260,7048
10481,10261,7049
10482,10262,7050
10483,10263,7051
10484,10264,7052
10485,10265,7053
10486,10266,7054
10487,10267,7055
10488,10268,7055
10489,10269,7055
10490,10270,7055
10491,10271,7055
10492,10272,7055
10493,10273,7055
10494,10274,7055
10495,10275,7055
10496,10276,7055
10497,10277,7055
10498,10278,7055
10499,10279,7055
10500,10280,7055
10501,10281,7056
10502,10282,7057
10503,10283,7058
10504,10284,7059
10505,10285,7060
10506,10286,7061
10507,10287,7062
10508,10288,7063
10509,10289,7064
10510,10290,7065
10511,10291,7066
10512,10292,7067
10513,10293,7068
10514,10294,7069
10515,10295,7070
10516,10296,7071
10517,10297,7072
10518,10298,7073
10519,10299,7074
10520,10300,7075
10521,10301,7076
10522,10302,7077
10523,10303,7078
10524,10304,7079
10525,10305,7080
10526,10306,7081
10527,10307,7082
10528,10308,7083
10529,10309,7084
10530,10310,7085
10531,10311,7086
10532,10312,7087
10533,10313,7088
10534,10314,7089
10535,10315,7090
10536,10316,7091
10537,10317,7092
10538,10318,7092
10539,10319,7092
10540,10320,7092
10541,10321,7092
10542,10322,7092
10543,10323,7092
10544,10324,7092
10545,10325,7092
10546,10326,7092
10547,10327,7092
10548,10328,7092
10549,10329,7092
10550,10330,7092
10551,10331,7092
10552,10332,7092
10553,10333,7092
10554,10334,7092
10555,10335,7092
10556,10336,7093
10557,10337,7094
10558,10338,7095
10559,10339,7096
10560,10340,7097
10561,10341,7098
10562,10342,7099
10563,10343,7100
10564,10344,7101
10565,10345,7102
10566,10346,7103
10567,10347,7104
10568,10348,7105
10569,10349,7106
10570,10350,7107
10571,10351,7108
10572,10352,7109
10573,10353,7110
10574,10354,7110
10575,10355,7110
10576,10356,7110
10577,10357,7110
10578,10358,7110
10579,10359,7110
10580,10360,7110
10581,10361,7110
10582,10362,7110
10583,10363,7110
10584,10364,7110
10585,10365,7111
10586,10366,7112
10587,10367,7113
10588,10368,7114
10589,10369,7115
10590,10370,7116
10591,10371,7117
10592,10372,7118
10593,10373,7118
10594,10374,7118
10595,10375,7118
10596,10376,7118
10597,10377,7118
10598,10378,7118
10599,10379,7118
10600,10380,7118
10601,10381,7118
10602,10382,7118
10603,10383,7118
10604,10384,7118
10605,10385,7118
10606,10386,7118
10607,10387,7118
10608,10388,7118
10609,10389,7118
10610,10390,7118
10611,10391,7119
10612,10392,7120
10613,10393,7121
10614,10394,7122
10615,10395,7123
10616,10396,7124
10617,10397,7125
10618,10398,7126
10619,10399,7127
10620,10400,7128
10621,10401,7129
10622,10402,7130
10623,10403,7131
10624,10404,7132
10625,10405,7133
10626,10406,7134
10627,10407,7135
10628,10408,7136
10629,10409,7137
10630,10410,7138
10631,10411,7139
10632,10412,7140
10633,10413,7141
10634,10414,7142
10635,10415,7143
10636,10416,7144
10637,10417,7145
10638,10418,7146
10639,10419,7147
10640,10420,7148
10641,10421,7149
10642,10422,7150
10643,10423,7151
10644,10424,7152
10645,10425,7153
10646,10426,7154
10647,10427,7155
10648,10428,7156
10649,10429,7157
10650,10430,7158
10651,10431,7159
10652,10432,7160
10653,10433,7161
10654,10434,7161
10655,10435,7161
10656,10436,7161
10657,10437,7161
10658,10438,7161
10659,10439,7161
10660,10440,7162
10661,10441,7163
10662,10442,7163
10663,10443,7163
10664,10444,7163
10665,10445,7163
10666,10446,7163
10667,10447,7163
10668,10448,7163
10669,10449,7163
10670,10450,7163
10671,10451,7163
10672,10452,7163
10673,10453,7163
10674,10454,7163
10675,10455,7163
10676,10456,7163
10677,10457,7163
10678,10458,7163
10679,10459,7163
10680,10460,7164
10681,10461,7165
10682,10462,7166
10683,10463,7167
10684,10464,7168
10685,10465,7169
10686,10466,7170
10687,10467,7171
10688,10468,7172
10689,10469,7173
10690,10470,7174
10691,10471,7175
10692,10472,7176
10693,10473,7177
10694,10474,7178
10695,10475,7179
10696,10476,7180
10697,10477,7181
10698,10478,7182
10699,10479,7183
10700,10480,7184
10701,10481,7185
10702,10482,7186
10703,10483,7187
10704,10484,7188
10705,10485,7189
10706,10486,7190
10707,10487,7191
10708,10488,7191
10709,10489,7191
10710,10490,7191
10711,10491,7191
10712,10492,7191
10713,10493,7191
10714,10494,7191
10715,10495,7191
10716,10496,7191
10717,10497,7191
10718,10498,7192
10719,10499,7193
10720,10500,7194
10721,10501,7195
10722,10502,7196
10723,10503,7197
10724,10504,7198
10725,10505,7199
10726,10506,7200
10727,10507,7201
10728,10508,7202
10729,10509,7203
10730,10510,7203
10731,10511,7203
10732,10512,7203
10733,10513,7203
10734,10514,7203
10735,10515,7203
10736,10516,7203
10737,10517,7203
10738,10518,7203
10739,10519,7203
10740,10520,7203
10741,10521,7203
10742,10522,7203
10743,10523,7203
10744,10524,7203
10745,10525,7203
10746,10526,7203
10747,10527,7203
10748,10528,7203
10749,10529,7203
10750,10530,7203
10751,10531,7203
10752,10532,7204
10753,10533,7205
10754,10534,7206
10755,10535,7207
10756,10536,7208
10757,10537,7209
10758,10538,7210
10759,10539,7211
10760,10540,7212
10761,10541,7213
10762,10542,7214
10763,10543,7215
10764,10544,7216
10765,10545,7217
10766,10546,7218
10767,10547,7219
10768,10548,7220
10769,10549,7221
10770,10550,7222
10771,10551,7223
10772,10552,7224
10773,10553,7225
10774,10554,7226
10775,10555,7227
10776,10556,7228
10777,10557,7229
10778,10558,7230
10779,10559,7231
10780,10560,7232
10781,10561,7233
10782,10562,7234
10783,10563,7235
10784,10564,7236
10785,10565,7237
10786,10566,7238
10787,10567,7239
10788,10568,7240
10789,10569,7241
10790,10570,7242
10791,10571,7243
10792,10572,7244
10793,10573,7245
10794,10574,7245
10795,10575,7245
10796,10576,7245
10797,10577,7245
10798,10578,7245
10799,10579,7245
10800,10580,7246
10801,10581,7246
10802,10582,7246
10803,10583,7246
10804,10584,7246
10805,10585,7246
10806,10586,7246
10807,10587,7246
10808,10588,7246
10809,10589,7246
10810,10590,7247
10811,10591,7248
10812,10592,7249
10813,10593,7250
10814,10594,7251
10815,10595,7252
10816,10596,7253
10817,10597,7254
10818,10598,7255
10819,10599,7256
10820,10600,7257
10821,10601,7258
10822,10602,7258
10823,10603,7258
10824,10604,7258
10825,10605,7258
10826,10606,7259
10827,10607,7260
10828,10608,7261
10829,10609,7262
10830,10610,7263
10831,10611,7264
10832,10612,7265
10833,10613,7266
10834,10614,7267
10835,10615,7268
10836,10616,7269
10837,10617,7270
10838,10618,7271
10839,10619,7272
10840,10620,7273
10841,10621,7274
10842,10622,7275
10843,10623,7275
10844,10624,7275
10845,10625,7275
10846,10626,7275
10847,10627,7275
10848,10628,7276
10849,10629,7277
10850,10630,7278
10851,10631,7279
10852,10632,7280
10853,10633,7281
10854,10634,7282
10855,10635,7283
10856,10636,7284
10857,10637,7285
10858,10638,7286
10859,10639,7287
10860,10640,7288
10861,10641,7289
10862,10642,7289
10863,10643,7289
10864,10644,7289
10865,10645,7289
10866,10646,7289
10867,10647,7289
10868,10648,7289
10869,10649,7289
10870,10650,7289
10871,10651,7289
10872,10652,7289
10873,10653,7289
10874,10654,7289
10875,10655,7289
10876,10656,7289
10877,10657,7290
10878,10658,7291
10879,10659,7292
10880,10660,7293
10881,10661,7294
10882,10662,7295
10883,10663,7296
10884,10664,7297
10885,10665,7298
10886,10666,7299
10887,10667,7300
10888,10668,7301
10889,10669,7302
10890,10670,7303
10891,10671,7304
10892,10672,7305
10893,10673,7306
10894,10674,7307
10895,10675,7308
10896,10676,7309
10897,10677,7310
10898,10678,7311
10899,10679,7312
10900,10680,7313
10901,10681,7314
10902,10682,7315
10903,10683,7316
10904,10684,7317
10905,10685,7317
10906,10686,7317
10907,10687,7317
10908,10688,7317
10909,10689,7317
10910,10690,7317
10911,10691,7317
10912,10692,7317
10913,10693,7317
10914,10694,7317
10915,10695,7317
10916,10696,7317
10917,10697,7317
10918,10698,7317
10919,10699,7317
10920,10700,7318
10921,10701,7319
10922,10702,7319
10923,10703,7319
10924,10704,7319
10925,10705,7320
10926,10706,7321
10927,10707,7322
10928,10708,7323
10929,10709,7324
10930,10710,7325
10931,10711,7326
10932,10712,7327
10933,10713,7328
10934,10714,7329
10935,10715,7330
10936,10716,7331
10937,10717,7332
10938,10718,7333
10939,10719,7334
10940,10720,7335
10941,10721,7336
10942,10722,7337
10943,10723,7338
10944,10724,7339
10945,10725,7340
10946,10726,7340
10947,10727,7340
10948,10728,7340
10949,10729,7341
10950,10730,7342
10951,10731,7343
10952,10732,7344
10953,10733,7345
10954,10734,7346
10955,10735,7347
10956,10736,7348
10957,10737,7349
10958,10738,7350
10959,10739,7351
10960,10740,7352
10961,10741,7353
10962,10742,7354
10963,10743,7355
10964,10744,7356
10965,10745,7356
10966,10746,7356
10967,10747,7356
10968,10748,7356
10969,10749,7356
10970,10750,7356
10971,10751,7356
10972,10752,7356
10973,10753,7356
10974,10754,7356
10975,10755,7356
10976,10756,7356
10977,10757,7356
10978,10758,7357
10979,10759,7358
10980,10760,7359
10981,10761,7360
10982,10762,7361
10983,10763,7362
10984,10764,7363
10985,10765,7364
10986,10766,7365
10987,10767,7366
10988,10768,7367
10989,10769,7368
10990,10770,7369
10991,10771,7370
10992,10772,7371
10993,10773,7372
10994,10774,7372
10995,10775,7372
10996,10776,7372
10997,10777,7372
10998,10778,7372
10999,10779,7372
11000,10780,7373
11001,10781,7373
11002,10782,7373
11003,10783,7373
11004,10784,7373
11005,10785,7373
11006,10786,7373
11007,10787,7373
11008,10788,7373
11009,10789,7373
11010,10790,7373
11011,10791,7373
11012,10792,7373
11013,10793,7373
11014,10794,7373
11015,10795,7373
11016,10796,7373
11017,10797,7373
11018,10798,7373
11019,10799,7373
11020,10800,7374
11021,10801,7375
11022,10802,7375
11023,10803,7375
11024,10804,7375
11025,10805,7375
11026,10806,7376
11027,10807,7377
11028,10808,7378
11029,10809,7379
11030,10810,7380
11031,10811,7381
11032,10812,7382
11033,10813,7383
11034,10814,7384
11035,10815,7385
11036,10816,7386
11037,10817,7387
11038,10818,7388
11039,10819,7389
11040,10820,7390
11041,10821,7391
11042,10822,7392
11043,10823,7393
11044,10824,7394
11045,10825,7395
11046,10826,7396
11047,10827,7397
11048,10828,7398
11049,10829,7398
11050,10830,7398
11051,10831,7398
11052,10832,7398
11053,10833,7398
11054,10834,7398
11055,10835,7398
11056,10836,7398
11057,10837,7398
11058,10838,7399
11059,10839,7400
11060,10840,7401
11061,10841,7402
11062,10842,7403
11063,10843,7404
11064,10844,7405
11065,10845,7406
11066,10846,7407
11067,10847,7408
11068,10848,7409
11069,10849,7410
11070,10850,7411
11071,10851,7412
11072,10852,7413
11073,10853,7414
11074,10854,7415
11075,10855,7416
11076,10856,7417
11077,10857,7418
11078,10858,7419
11079,10859,7420
11080,10860,7421
11081,10861,7422
11082,10862,7422
11083,10863,7422
11084,10864,7422
11085,10865,7422
11086,10866,7422
11087,10867,7422
11088,10868,7422
11089,10869,7423
11090,10870,7424
11091,10871,7425
11092,10872,7426
11093,10873,7427
11094,10874,7428
11095,10875,7429
11096,10876,7430
11097,10877,7431
11098,10878,7432
11099,10879,7433
11100,10880,7434
11101,10881,7435
11102,10882,7436
11103,10883,7437
11104,10884,7438
11105,10885,7439
11106,10886,7440
11107,10887,7441
11108,10888,7441
11109,10889,7441
11110,10890,7441
11111,10891,7441
11112,10892,7441
11113,10893,7441
11114,10894,7441
11115,10895,7441
11116,10896,7441
11117,10897,7441
11118,10898,7441
11119,10899,7442
11120,10900,7443
11121,10901,7444
11122,10902,7445
11123,10903,7446
11124,10904,7447
11125,10905,7448
11126,10906,7448
11127,10907,7448
11128,10908,7448
11129,10909,7448
11130,10910,7448
11131,10911,7448
11132,10912,7448
11133,10913,7448
11134,10914,7448
11135,10915,7448
11136,10916,7449
11137,10917,7450
11138,10918,7451
11139,10919,7452
11140,10920,7453
11141,10921,7454
11142,10922,7455
11143,10923,7456
11144,10924,7456
11145,10925,7456
11146,10926,7456
11147,10927,7456
11148,10928,7456
11149,10929,7457
11150,10930,7458
11151,10931,7459
11152,10932,7460
11153,10933,7461
11154,10934,7462
11155,10935,7463
11156,10936,7464
11157,10937,7465
11158,10938,7466
11159,10939,7467
11160,10940,7468
11161,10941,7469
11162,10942,7470
11163,10943,7471
11164,10944,7472
11165,10945,7473
11166,10946,7474
11167,10947,7475
11168,10948,7476
11169,10949,7477
11170,10950,7478
11171,10951,7479
11172,10952,7480
11173,10953,7481
11174,10954,7482
11175,10955,7483
11176,10956,7484
11177,10957,7485
11178,10958,7486
11179,10959,7487
11180,10960,7488
11181,10961,7489
11182,10962,7489
11183,10963,7489
11184,10964,7489
11185,10965,7489
11186,10966,7489
11187,10967,7489
11188,10968,7489
11189,10969,7489
11190,10970,7489
11191,10971,7489
11192,10972,7489
11193,10973,7489
11194,10974,7489
11195,10975,7489
11196,10976,7489
11197,10977,7489
11198,10978,7490
11199,10979,7491
11200,10980,7492
11201,10981,7493
11202,10982,7494
11203,10983,7495
11204,10984,7496
11205,10985,7497
11206,10986,7498
11207,10987,7499
11208,10988,7500
11209,10989,7501
11210,10990,7502
11211,10991,7503
11212,10992,7503
11213,10993,7503
11214,10994,7503
11215,10995,7503
11216,10996,7503
11217,10997,7503
11218,10998,7503
11219,10999,7503
11220,11000,7503
11221,11001,7503
11222,11002,7503
11223,11003,7503
11224,11004,7503
11225,11005,7503
11226,11006,7503
11227,11007,7503
11228,11008,7503
11229,11009,7503
11230,11010,7503
11231,11011,7504
11232,11012,7505
11233,11013,7506
11234,11014,7507
11235,11015,7508
11236,11016,7509
11237,11017,7510
11238,11018,7511
11239,11019,7512
11240,11020,7513
11241,11020,7514
11242,11020,7515
11243,11021,7516
11244,11022,7517
11245,11023,7518
11246,11024,7519
11247,11025,7520
11248,11026,7521
11249,11027,7522
11250,11028,7523
11251,11029,7524
11252,11030,7525
11253,11031,7526
11254,11032,7527
11255,11033,7528
11256,11034,7529
11257,11035,7530
11258,11036,7531
11259,11037,7532
11260,11038,7533
11261,11039,7534
11262,11040,7535
11263,11041,7536
11264,11042,7537
11265,11043,7538
11266,11044,7539
11267,11045,7540
11268,11046,7541
11269,11047,7542
11270,11048,7543
11271,11049,7544
11272,11050,7545
11273,11051,7546
11274,11052,7547
11275,11053,7548
11276,11054,7549
11277,11055,7550
11278,11056,7551
11279,11057,7552
11280,11058,7553
11281,11059,7554
11282,11060,7555
11283,11060,7556
11284,11060,7557
11285,11060,7558
11286,11060,7559
11287,11061,7560
11288,11062,7561
11289,11063,7562
11290,11064,7563
11291,11065,7564
11292,11066,7565
11293,11067,7566
11294,11068,7567
11295,11069,7568
11296,11070,7569
11297,11071,7570
11298,11072,7571
11299,11073,7572
11300,11074,7573
11301,11075,7574
11302,11076,7575
11303,11077,7576
11304,11078,7577
11305,11079,7578
11306,11080,7579
11307,11081,7580
11308,11082,7581
11309,11083,7582
11310,11084,7583
11311,11085,7584
11312,11086,7585
11313,11087,7586
11314,11088,7587
11315,11089,7588
11316,11090,7589
11317,11091,7590
11318,11092,7590
11319,11093,7590
11320,11094,7590
11321,11095,7590
11322,11096,7590
11323,11097,7590
11324,11098,7590
11325,11099,7590
11326,11100,7590
11327,11101,7590
11328,11102,7590
11329,11103,7590
11330,11104,7590
11331,11105,7590
11332,11106,7590
11333,11107,7590
11334,11108,7590
11335,11109,7590
11336,11110,7591
11337,11111,7591
11338,11112,7591
11339,11113,7591
11340,11114,7591
11341,11115,7591
11342,11116,7591
11343,11117,7591
11344,11118,7591
11345,11119,7592
11346,11120,7593
11347,11121,7594
11348,11122,7595
11349,11123,7596
11350,11124,7597
11351,11125,7598
11352,11126,7599
11353,11127,7600
11354,11128,7601
11355,11129,7602
11356,11130,7603
11357,11131,7604
11358,11132,7605
11359,11133,7605
11360,11134,7605
11361,11135,7605
11362,11136,7605
11363,11137,7606
11364,11138,7607
11365,11139,7608
11366,11140,7609
11367,11141,7609
11368,11142,7609
11369,11143,7609
11370,11144,7609
11371,11145,7609
11372,11146,7609
11373,11147,7609
11374,11148,7609
11375,11149,7609
11376,11150,7609
11377,11151,7609
11378,11152,7609
11379,11153,7609
11380,11154,7609
11381,11155,7609
11382,11156,7609
11383,11157,7609
11384,11158,7609
11385,11159,7609
11386,11160,7610
11387,11161,7611
11388,11162,7612
11389,11163,7613
11390,11164,7614
11391,11165,7615
11392,11166,7616
11393,11167,7616
11394,11168,7616
11395,11169,7616
11396,11170,7616
11397,11171,7616
11398,11172,7616
11399,11173,7616
11400,11174,7616
11401,11175,7616
11402,11176,7616
11403,11177,7616
11404,11178,7616
11405,11179,7616
11406,11180,7617
11407,11181,7617
11408,11182,7617
11409,11183,7617
11410,11184,7617
11411,11185,7618
11412,11186,7619
11413,11187,7620
11414,11188,7621
11415,11189,7622
11416,11190,7623
11417,11191,7624
11418,11192,7625
11419,11193,7626
11420,11194,7627
11421,11195,7628
11422,11196,7629
11423,11197,7630
11424,11198,7631
11425,11199,7632
11426,11200,7633
11427,11201,7634
11428,11202,7635
11429,11203,7636
11430,11204,7637
11431,11205,7638
11432,11206,7639
11433,11207,7640
11434,11208,7641
11435,11209,7641
11436,11210,7641
11437,11211,7641
11438,11212,7641
11439,11213,7641
11440,11214,7641
11441,11215,7641
11442,11216,7641
11443,11217,7642
11444,11218,7643
11445,11219,7644
11446,11220,7645
11447,11221,7646
11448,11222,7647
11449,11223,7648
11450,11224,7649
11451,11225,7650
11452,11226,7651
11453,11227,7652
11454,11228,7653
11455,11229,7654
11456,11230,7655
11457,11231,7656
11458,11232,7657
11459,11233,7658
11460,11234,7659
11461,11235,7660
11462,11236,7661
11463,11237,7662
11464,11238,7663
11465,11239,7664
11466,11240,7665
11467,11241,7666
11468,11242,7667
11469,11243,7668
11470,11244,7669
11471,11245,7670
11472,11246,7671
11473,11247,7672
11474,11248,7673
11475,11249,7674
11476,11250,7675
11477,11251,7676
11478,11252,7677
11479,11253,7678
11480,11254,7679
11481,11255,7680
11482,11256,7680
11483,11257,7680
11484,11258,7680
11485,11259,7680
11486,11260,7680
11487,11261,7680
11488,11262,7680
11489,11263,7680
11490,11264,7680
11491,11265,7680
11492,11266,7680
11493,11267,7680
11494,11268,7680
11495,11269,7680
11496,11270,7680
11497,11271,7680
11498,11272,7680
11499,11273,7680
11500,11274,7680
11501,11275,7680
11502,11276,7680
11503,11277,7680
11504,11278,7680
11505,11279,7680
11506,11280,7681
11507,11281,7682
11508,11282,7682
11509,11283,7682
11510,11284,7682
11511,11285,7682
11512,11286,7682
11513,11287,7683
11514,11288,7684
11515,11289,7685
11516,11290,7686
11517,11291,7687
11518,11292,7687
11519,11293,7687
11520,11294,7687
11521,11295,7687
11522,11296,7687
11523,11297,7687
11524,11298,7688
11525,11299,7689
11526,11300,7690
11527,11301,7691
11528,11302,7692
11529,11303,7693
11530,11304,7694
11531,11305,7695
11532,11306,7696
11533,11307,7697
11534,11308,7698
11535,11309,7699
11536,11310,7700
11537,11311,7701
11538,11312,7702
11539,11313,7703
11540,11314,7704
11541,11315,7705
11542,11316,7706
11543,11317,7707
11544,11318,7708
11545,11319,7709
11546,11320,7710
11547,11321,7711
11548,11322,7712
11549,11323,7713
11550,11324,7714
11551,11325,7715
11552,11326,7716
11553,11327,7717
11554,11328,7718
11555,11329,7719
11556,11330,7720
11557,11331,7721
11558,11332,7722
11559,11333,7723
11560,11334,7724
11561,11335,7725
11562,11336,7726
11563,11337,7727
11564,11338,7728
11565,11339,7729
11566,11340,7730
11567,11340,7731
11568,11340,7732
11569,11340,7733
11570,11341,7734
11571,11342,7735
11572,11343,7736
11573,11344,7737
11574,11345,7738
11575,11346,7739
11576,11347,7740
11577,11348,7741
11578,11349,7742
11579,11350,7743
11580,11351,7744
11581,11352,7745
11582,11353,7746
11583,11354,7747
11584,11355,7748
11585,11356,7749
11586,11357,7750
11587,11358,7751
11588,11359,7752
11589,11360,7753
11590,11361,7754
11591,11362,7755
11592,11363,7756
11593,11364,7757
11594,11365,7758
11595,11366,7759
11596,11367,7760
11597,11368,7761
11598,11369,7762
11599,11370,7763
11600,11371,7764
11601,11372,7765
11602,11373,7766
11603,11374,7767
11604,11375,7768
11605,11376,7769
11606,11377,7770
11607,11378,7771
11608,11379,7772
11609,11380,7773
11610,11381,7774
11611,11382,7775
11612,11383,7776
11613,11384,7777
11614,11385,7778
11615,11386,7779
11616,11387,7780
11617,11388,7781
11618,11389,7782
11619,11390,7783
11620,11391,7784
11621,11392,7785
11622,11393,7786
11623,11394,7787
11624,11395,7788
11625,11396,7789
11626,11397,7790
11627,11398,7790
11628,11399,7790
11629,11400,7790
11630,11401,7790
11631,11402,7790
11632,11403,7790
11633,11404,7790
11634,11405,7790
11635,11406,7790
11636,11407,7790
11637,11408,7790
11638,11409,7790
11639,11410,7790
11640,11411,7790
11641,11412,7790
11642,11413,7790
11643,11414,7790
11644,11415,7790
11645,11416,7790
11646,11417,7790
11647,11418,7791
11648,11419,7792
11649,11420,7793
11650,11421,7793
11651,11422,7793
11652,11423,7793
11653,11424,7793
11654,11425,7793
11655,11426,7794
11656,11427,7795
11657,11428,7796
11658,11429,7797
11659,11430,7798
11660,11431,7799
11661,11432,7800
11662,11433,7801
11663,11434,7802
11664,11435,7803
11665,11436,7804
11666,11437,7805
11667,11438,7806
11668,11439,7807
11669,11440,7808
11670,11441,7809
11671,11442,7810
11672,11443,7811
11673,11444,7811
11674,11445,7811
11675,11446,7811
11676,11447,7811
11677,11448,7811
11678,11449,7811
11679,11450,7811
11680,11451,7811
11681,11452,7811
11682,11453,7811
11683,11454,7811
11684,11455,7811
11685,11456,7811
11686,11457,7811
11687,11458,7811
11688,11459,7812
11689,11460,7813
11690,11461,7814
11691,11462,7815
11692,11463,7816
11693,11464,7817
11694,11465,7818
11695,11466,7819
11696,11467,7820
11697,11468,7821
11698,11469,7822
11699,11470,7823
11700,11471,7824
11701,11472,7825
11702,11473,7826
11703,11474,7827
11704,11475,7828
11705,11476,7829
11706,11477,7830
11707,11478,7831
11708,11479,7832
11709,11480,7833
11710,11481,7834
11711,11482,7834
11712,11483,7835
11713,11484,7836
11714,11485,7837
11715,11486,7838
11716,11487,7839
11717,11488,7840
11718,11489,7841
11719,11490,7842
11720,11491,7843
11721,11492,7844
11722,11493,7845
11723,11494,7846
11724,11495,7847
11725,11496,7848
11726,11497,7849
11727,11498,7850
11728,11499,7851
11729,11500,7852
11730,11501,7853
11731,11502,7854
11732,11503,7855
11733,11504,7855
11734,11505,7855
11735,11506,7855
11736,11507,7855
11737,11508,7855
11738,11509,7855
11739,11510,7855
11740,11511,7855
11741,11512,7855
11742,11513,7855
11743,11514,7855
11744,11515,7855
11745,11516,7855
11746,11517,7855
11747,11518,7856
11748,11519,7857
11749,11520,7858
11750,11521,7859
11751,11522,7860
11752,11523,7861
11753,11524,7862
11754,11525,7863
11755,11526,7864
11756,11527,7865
11757,11528,7866
11758,11529,7867
11759,11530,7867
11760,11531,7867
11761,11532,7867
11762,11533,7867
11763,11534,7867
11764,11535,7867
11765,11536,7867
11766,11537,7867
11767,11538,7867
11768,11539,7867
11769,11540,7867
11770,11541,7867
11771,11542,7867
11772,11543,7867
11773,11544,7867
11774,11545,7867
11775,11546,7867
11776,11547,7867
11777,11548,7867
11778,11549,7867
11779,11550,7867
11780,11551,7867
11781,11552,7867
11782,11553,7867
11783,11554,7867
11784,11555,7867
11785,11556,7867
11786,11557,7867
11787,11558,7867
11788,11559,7867
11789,11560,7868
11790,11561,7868
11791,11562,7868
11792,11563,7868
11793,11564,7868
11794,11565,7868
11795,11566,7868
11796,11567,7868
11797,11568,7868
11798,11569,7868
11799,11570,7868
11800,11571,7868
11801,11572,7868
11802,11573,7868
11803,11574,7868
11804,11575,7868
11805,11576,7868
11806,11577,7868
11807,11578,7868
11808,11579,7868
11809,11580,7869
11810,11581,7870
11811,11582,7870
11812,11583,7870
11813,11584,7870
11814,11585,7870
11815,11586,7870
11816,11587,7870
11817,11588,7870
11818,11589,7870
11819,11590,7870
11820,11591,7870
11821,11592,7870
11822,11593,7870
11823,11594,7870
11824,11595,7870
11825,11596,7870
11826,11597,7870
11827,11598,7870
11828,11599,7870
11829,11600,7871
11830,11601,7872
11831,11602,7872
11832,11603,7872
11833,11604,7872
11834,11605,7872
11835,11606,7872
11836,11607,7872
11837,11608,7873
11838,11609,7874
11839,11610,7875
11840,11611,7876
11841,11612,7877
11842,11613,7878
11843,11614,7879
11844,11615,7880
11845,11616,7881
11846,11617,7882
11847,11618,7883
11848,11619,7884
11849,11620,7885
11850,11621,7886
11851,11622,7886
11852,11623,7886
11853,11624,7886
11854,11625,7886
11855,11626,7886
11856,11627,7886
11857,11628,7886
11858,11629,7886
11859,11630,7886
11860,11631,7886
11861,11632,7886
11862,11633,7887
11863,11634,7888
11864,11635,7889
11865,11636,7890
11866,11637,7891
11867,11638,7892
11868,11639,7893
11869,11640,7894
11870,11641,7895
11871,11642,7896
11872,11643,7897
11873,11644,7897
11874,11645,7897
11875,11646,7897
11876,11647,7897
11877,11648,7898
11878,11649,7899
11879,11650,7900
11880,11651,7901
11881,11652,7902
11882,11653,7903
11883,11654,7904
11884,11655,7905
11885,11656,7906
11886,11657,7907
11887,11658,7908
11888,11659,7909
11889,11660,7910
11890,11661,7911
11891,11662,7912
11892,11663,7912
11893,11664,7912
11894,11665,7912
11895,11666,7913
11896,11667,7914
11897,11668,7915
11898,11669,7916
11899,11670,7917
11900,11671,7917
11901,11672,7917
11902,11673,7917
11903,11674,7917
11904,11675,7917
11905,11676,7917
11906,11677,7917
11907,11678,7918
11908,11679,7919
11909,11680,7920
11910,11681,7921
11911,11682,7922
11912,11683,7923
11913,11684,7924
11914,11685,7925
11915,11686,7926
11916,11687,7927
11917,11688,7927
11918,11689,7927
11919,11690,7927
11920,11691,7927
11921,11692,7928
11922,11693,7929
11923,11694,7930
11924,11695,7931
11925,11696,7932
11926,11697,7933
11927,11698,7934
11928,11699,7935
11929,11700,7936
11930,11701,7937
11931,11702,7938
11932,11703,7939
11933,11704,7940
11934,11705,7941
11935,11706,7942
11936,11707,7943
11937,11708,7944
11938,11709,7945
11939,11710,7946
11940,11711,7947
11941,11712,7948
11942,11713,7949
11943,11714,7950
11944,11715,7951
11945,11716,7951
11946,11717,7952
11947,11718,7953
11948,11719,7954
11949,11720,7955
11950,11721,7956
11951,11722,7957
11952,11723,7958
11953,11724,7959
11954,11725,7960
11955,11726,7961
11956,11727,7961
11957,11728,7961
11958,11729,7961
11959,11730,7961
11960,11731,7961
11961,11732,7961
11962,11733,7961
11963,11734,7961
11964,11735,7961
11965,11736,7961
11966,11737,7961
11967,11738,7961
11968,11739,7961
11969,11740,7962
11970,11741,7963
11971,11742,7964
11972,11743,7964
11973,11744,7964
11974,11745,7964
11975,11746,7964
11976,11747,7964
11977,11748,7964
11978,11749,7964
11979,11750,7964
11980,11751,7964
11981,11752,7964
11982,11753,7964
11983,11754,7964
11984,11755,7964
11985,11756,7964
11986,11757,7964
11987,11758,7965
11988,11759,7966
11989,11760,7967
11990,11761,7968
11991,11762,7969
11992,11763,7970
11993,11764,7971
11994,11765,7972
11995,11766,7973
11996,11767,7974
11997,11768,7975
11998,11769,7976
11999,11770,7977
12000,11771,7978
12001,11772,7979
12002,11773,7980
12003,11774,7981
12004,11775,7982
12005,11776,7983
12006,11777,7984
12007,11778,7984
12008,11779,7984
12009,11780,7985
12010,11781,7985
12011,11782,7985
12012,11783,7985
12013,11784,7985
12014,11785,7985
12015,11786,7985
12016,11787,7985
12017,11788,7985
12018,11789,7985
12019,11790,7985
12020,11791,7985
12021,11792,7985
12022,11793,7985
12023,11794,7985
12024,11795,7985
12025,11796,7985
12026,11797,7985
12027,11798,7985
12028,11799,7985
12029,11800,7985
12030,11801,7985
12031,11802,7985
12032,11803,7985
12033,11804,7985
12034,11805,7985
12035,11806,7985
12036,11807,7985
12037,11808,7985
12038,11809,7985
12039,11810,7985
12040,11811,7985
12041,11812,7985
12042,11813,7985
12043,11814,7985
12044,11815,7986
12045,11816,7987
12046,11817,7988
12047,11818,7989
12048,11819,7990
12049,11820,7991
12050,11821,7992
12051,11822,7993
12052,11823,7994
12053,11824,7995
12054,11825,7996
12055,11826,7997
12056,11827,7998
12057,11828,7999
12058,11829,8000
12059,11830,8001
12060,11831,8002
12061,11832,8003
12062,11833,8004
12063,11834,8005
12064,11835,8006
12065,11836,8007
12066,11837,8008
12067,11838,8009
12068,11839,8010
12069,11840,8011
12070,11841,8012
12071,11842,8013
12072,11843,8014
12073,11844,8015
12074,11845,8016
12075,11846,8017
12076,11847,8018
12077,11848,8019
12078,11849,8019
12079,11850,8019
12080,11851,8019
12081,11852,8019
12082,11853,8019
12083,11854,8019
12084,11855,8020
12085,11856,8021
12086,11857,8022
12087,11858,8023
12088,11859,8024
12089,11860,8025
12090,11861,8026
12091,11862,8026
12092,11863,8026
12093,11864,8026
12094,11865,8026
12095,11866,8026
12096,11867,8026
12097,11868,8026
12098,11869,8026
12099,11870,8026
12100,11871,8026
12101,11872,8026
12102,11873,8026
12103,11874,8026
12104,11875,8026
12105,11876,8026
12106,11877,8026
12107,11878,8026
12108,11879,8026
12109,11880,8027
12110,11881,8028
12111,11882,8029
12112,11883,8030
12113,11884,8031
12114,11885,8032
12115,11886,8033
12116,11887,8034
12117,11888,8035
12118,11889,8036
12119,11890,8037
12120,11891,8038
12121,11892,8039
12122,11893,8040
12123,11894,8041
12124,11895,8042
12125,11896,8043
12126,11897,8044
12127,11898,8045
12128,11899,8046
12129,11900,8047
12130,11901,8048
12131,11902,8049
12132,11903,8050
12133,11904,8051
12134,11905,8052
12135,11906,8053
12136,11907,8054
12137,11908,8055
12138,11909,8056
12139,11910,8057
12140,11911,8057
12141,11912,8057
12142,11913,8057
12143,11914,8058
12144,11915,8059
12145,11916,8060
12146,11917,8061
12147,11918,8062
12148,11919,8063
12149,11920,8064
12150,11921,8065
12151,11922,8066
12152,11923,8067
12153,11924,8068
12154,11925,8069
12155,11926,8070
12156,11927,8071
12157,11928,8072
12158,11929,8073
12159,11930,8073
12160,11931,8073
12161,11932,8073
12162,11933,8073
12163,11934,8073
12164,11935,8073
12165,11936,8073
12166,11937,8073
12167,11938,8073
12168,11939,8073
12169,11940,8073
12170,11941,8073
12171,11942,8073
12172,11943,8073
12173,11944,8073
12174,11945,8073
12175,11946,8073
12176,11947,8073
12177,11948,8073
12178,11949,8073
12179,11950,8073
12180,11951,8073
12181,11952,8073
12182,11953,8073
12183,11954,8073
12184,11955,8073
12185,11956,8073
12186,11957,8073
12187,11958,8074
12188,11959,8075
12189,11960,8076
12190,11961,8077
12191,11962,8078
12192,11963,8079
12193,11964,8080
12194,11965,8081
12195,11966,8082
12196,11967,8083
12197,11968,8084
12198,11969,8085
12199,11970,8086
12200,11971,8087
12201,11972,8088
12202,11973,8089
12203,11974,8090
12204,11975,8091
12205,11976,8092
12206,11977,8092
12207,11978,8092
12208,11979,8093
12209,11980,8094
12210,11981,8095
12211,11982,8096
12212,11983,8096
12213,11984,8096
12214,11985,8096
12215,11986,8096
12216,11987,8096
12217,11988,8096
12218,11989,8097
12219,11990,8098
12220,11991,8099
12221,11992,8100
12222,11993,8101
12223,11994,8102
12224,11995,8103
12225,11996,8104
12226,11997,8105
12227,11998,8106
12228,11999,8107
12229,12000,8108
12230,12001,8109
12231,12002,8110
12232,12003,8111
12233,12004,8112
12234,12005,8113
12235,12006,8114
12236,12007,8115
12237,12008,8116
12238,12009,8117
12239,12010,8118
12240,12011,8119
12241,12012,8120
12242,12013,8121
12243,12014,8122
12244,12015,8123
12245,12016,8124
12246,12017,8125
12247,12018,8126
12248,12019,8127
12249,12020,8128
12250,12021,8129
12251,12022,8130
12252,12023,8130
12253,12024,8130
12254,12025,8130
12255,12026,8130
12256,12027,8130
12257,12028,8130
12258,12029,8130
12259,12030,8130
12260,12031,8130
12261,12032,8130
12262,12033,8130
12263,12034,8130
12264,12035,8130
12265,12036,8130
12266,12037,8130
12267,12038,8130
12268,12039,8130
12269,12040,8131
12270,12041,8132
12271,12042,8133
12272,12043,8133
12273,12044,8133
12274,12045,8133
12275,12046,8133
12276,12047,8133
12277,12048,8133
12278,12049,8134
12279,12050,8135
12280,12051,8136
12281,12052,8137
12282,12053,8138
12283,12054,8139
12284,12055,8140
12285,12056,8141
12286,12057,8142
12287,12058,8143
12288,12059,8144
12289,12060,8145
12290,12061,8146
12291,12062,8147
12292,12063,8148
12293,12064,8149
12294,12065,8150
12295,12066,8151
12296,12067,8152
12297,12068,8153
12298,12069,8154
12299,12070,8155
12300,12071,8156
12301,12072,8157
12302,12073,8158
12303,12074,8159
12304,12075,8159
12305,12076,8159
12306,12077,8159
12307,12078,8159
12308,12079,8159
12309,12080,8160
12310,12081,8160
12311,12082,8160
12312,12083,8160
12313,12084,8160
12314,12085,8160
12315,12086,8160
12316,12087,8160
12317,12088,8160
12318,12089,8160
12319,12090,8160
12320,12091,8160
12321,12092,8160
12322,12093,8160
12323,12094,8160
12324,12095,8160
12325,12096,8160
12326,12097,8161
12327,12098,8162
12328,12099,8163
12329,12100,8164
12330,12101,8165
12331,12102,8166
12332,12103,8167
12333,12104,8168
12334,12105,8169
12335,12106,8170
12336,12107,8171
12337,12108,8172
12338,12109,8173
12339,12110,8174
12340,12111,8175
12341,12112,8176
12342,12113,8177
12343,12114,8178
12344,12115,8179
12345,12116,8180
12346,12117,8181
12347,12118,8182
12348,12119,8183
12349,12120,8184
12350,12121,8185
12351,12122,8186
12352,12123,8187
12353,12124,8188
12354,12125,8189
12355,12126,8190
12356,12127,8191
12357,12128,8192
12358,12129,8193
12359,12130,8194
12360,12131,8195
12361,12132,8196
12362,12133,8197
12363,12134,8198
12364,12135,8199
12365,12136,8199
12366,12137,8199
12367,12138,8199
12368,12139,8199
12369,12140,8199
12370,12141,8199
12371,12142,8199
12372,12143,8199
12373,12144,8199
12374,12145,8199
12375,12146,8199
12376,12147,8199
12377,12148,8199
12378,12149,8199
12379,12150,8199
12380,12151,8199
12381,12152,8199
12382,12153,8199
12383,12154,8200
12384,12155,8201
12385,12156,8202
12386,12157,8203
12387,12158,8204
12388,12159,8205
12389,12160,8206
12390,12161,8207
12391,12162,8208
12392,12163,8209
12393,12164,8210
12394,12165,8211
12395,12166,8212
12396,12167,8213
12397,12168,8214
12398,12169,8215
12399,12170,8216
12400,12171,8217
12401,12172,8218
12402,12173,8219
12403,12174,8220
12404,12175,8221
12405,12176,8222
12406,12177,8223
12407,12178,8224
12408,12179,8225
12409,12180,8226
12410,12181,8227
12411,12182,8228
12412,12183,8229
12413,12184,8230
12414,12185,8231
12415,12186,8231
12416,12187,8232
12417,12188,8233
12418,12189,8234
12419,12190,8235
12420,12191,8236
12421,12192,8237
12422,12193,8238
12423,12194,8239
12424,12195,8240
12425,12196,8241
12426,12197,8242
12427,12198,8243
12428,12199,8244
12429,12200,8245
12430,12201,8246
12431,12202,8246
12432,12203,8246
12433,12204,8246
12434,12205,8246
12435,12206,8246
12436,12207,8246
12437,12208,8246
12438,12209,8246
12439,12210,8246
12440,12211,8246
12441,12212,8246
12442,12213,8246
12443,12214,8246
12444,12215,8246
12445,12216,8246
12446,12217,8246
12447,12218,8246
12448,12219,8246
12449,12220,8246
12450,12221,8246
12451,12222,8246
12452,12223,8246
12453,12224,8246
12454,12225,8246
12455,12226,8246
12456,12227,8246
12457,12228,8246
12458,12229,8246
12459,12230,8246
12460,12231,8247
12461,12232,8248
12462,12233,8249
12463,12234,8250
12464,12235,8251
12465,12236,8252
12466,12237,8253
12467,12238,8254
12468,12239,8255
12469,12240,8256
12470,12241,8257
12471,12242,8258
12472,12243,8259
12473,12244,8260
12474,12245,8261
12475,12246,8262
12476,12247,8263
12477,12248,8263
12478,12249,8263
12479,12250,8263
12480,12251,8263
12481,12252,8263
12482,12253,8263
12483,12254,8263
12484,12255,8263
12485,12256,8263
12486,12257,8263
12487,12258,8263
12488,12259,8263
12489,12260,8263
12490,12261,8263
12491,12262,8263
12492,12263,8263
12493,12264,8263
12494,12265,8263
12495,12266,8263
12496,12267,8263
12497,12268,8263
12498,12269,8263
12499,12270,8263
12500,12271,8263
12501,12272,8263
12502,12273,8263
12503,12274,8263
12504,12275,8263
12505,12276,8263
12506,12277,8263
12507,12278,8263
12508,12279,8264
12509,12280,8265
12510,12281,8266
12511,12282,8266
12512,12283,8266
12513,12284,8266
12514,12285,8266
12515,12286,8266
12516,12287,8266
12517,12288,8266
12518,12289,8266
12519,12290,8266
12520,12291,8266
12521,12292,8266
12522,12293,8266
12523,12294,8266
12524,12295,8266
12525,12296,8266
12526,12297,8266
12527,12298,8267
12528,12299,8268
12529,12300,8269
12530,12301,8269
12531,12302,8269
12532,12303,8269
12533,12304,8269
12534,12305,8269
12535,12306,8269
12536,12307,8269
12537,12308,8269
12538,12309,8269
12539,12310,8269
12540,12311,8269
12541,12312,8269
12542,12313,8270
12543,12314,8271
12544,12315,8272
12545,12316,8273
12546,12317,8274
12547,12318,8275
12548,12319,8276
12549,12320,8277
12550,12321,8278
12551,12322,8279
12552,12323,8280
12553,12324,8281
12554,12325,8281
12555,12326,8282
12556,12327,8283
12557,12328,8284
12558,12329,8285
12559,12330,8286
12560,12331,8287
12561,12332,8288
12562,12333,8289
12563,12334,8290
12564,12335,8291
12565,12336,8292
12566,12337,8293
12567,12338,8294
12568,12339,8295
12569,12340,8296
12570,12341,8297
12571,12342,8298
12572,12343,8299
12573,12344,8300
12574,12345,8301
12575,12346,8302
12576,12347,8303
12577,12348,8304
12578,12349,8305
12579,12350,8305
12580,12351,8305
12581,12352,8305
12582,12353,8305
12583,12354,8305
12584,12355,8305
12585,12356,8305
12586,12357,8305
12587,12358,8305
12588,12359,8305
12589,12360,8305
12590,12361,8305
12591,12362,8305
12592,12363,8305
12593,12364,8305
12594,12365,8305
12595,12366,8306
12596,12367,8307
12597,12368,8308
12598,12369,8309
12599,12370,8310
12600,12371,8311
12601,12372,8312
12602,12373,8313
12603,12374,8314
12604,12375,8315
12605,12376,8316
12606,12377,8317
12607,12378,8318
12608,12379,8319
12609,12380,8320
12610,12381,8321
12611,12382,8322
12612,12383,8323
12613,12384,8324
12614,12385,8325
12615,12386,8326
12616,12387,8327
12617,12388,8328
12618,12389,8329
12619,12390,8330
12620,12391,8331
12621,12392,8332
12622,12393,8333
12623,12394,8334
12624,12395,8335
12625,12396,8336
12626,12397,8337
12627,12398,8338
12628,12399,8339
12629,12400,8340
12630,12401,8341
12631,12402,8341
12632,12403,8341
12633,12404,8341
12634,12405,8341
12635,12406,8341
12636,12407,8341
12637,12408,8341
12638,12409,8341
12639,12410,8341
12640,12411,8341
12641,12412,8341
12642,12413,8341
12643,12414,8341
12644,12415,8341
12645,12416,8342
12646,12417,8343
12647,12418,8344
12648,12419,8345
12649,12420,8346
12650,12421,8347
12651,12422,8348
12652,12423,8349
12653,12424,8350
12654,12425,8351
12655,12426,8352
12656,12427,8353
12657,12428,8354
12658,12429,8355
12659,12430,8356
12660,12431,8357
12661,12432,8358
12662,12433,8359
12663,12434,8360
12664,12435,8361
12665,12436,8362
12666,12437,8363
12667,12438,8364
12668,12439,8365
12669,12440,8366
12670,12441,8367
12671,12442,8368
12672,12443,8368
12673,12444,8368
12674,12445,8368
12675,12446,8368
12676,12447,8368
12677,12448,8368
12678,12449,8368
12679,12450,8368
12680,12451,8368
12681,12452,8368
12682,12453,8368
12683,12454,8368
12684,12455,8368
12685,12456,8368
12686,12457,8368
12687,12458,8368
12688,12459,8368
12689,12460,8368
12690,12461,8368
12691,12462,8368
12692,12463,8369
12693,12464,8370
12694,12465,8371
12695,12466,8372
12696,12467,8373
12697,12468,8374
12698,12469,8375
12699,12470,8376
12700,12471,8377
12701,12472,8378
12702,12473,8379
12703,12474,8380
12704,12475,8381
12705,12476,8382
12706,12477,8383
12707,12478,8384
12708,12479,8385
12709,12480,8386
12710,12480,8387
12711,12480,8388
12712,12480,8389
12713,12480,8390
12714,12480,8391
12715,12480,8392
12716,12481,8393
12717,12482,8394
12718,12483,8395
12719,12484,8396
12720,12485,8397
12721,12486,8398
12722,12487,8399
12723,12488,8400
12724,12489,8401
12725,12490,8402
12726,12491,8403
12727,12492,8404
12728,12493,8405
12729,12494,8406
12730,12495,8407
12731,12496,8408
12732,12497,8409
12733,12498,8410
12734,12499,8411
12735,12500,8412
12736,12501,8413
12737,12502,8414
12738,12503,8415
12739,12504,8416
12740,12505,8417
12741,12506,8418
12742,12507,8419
12743,12508,8420
12744,12509,8421
12745,12510,8422
12746,12511,8423
12747,12512,8424
12748,12513,8425
12749,12514,8426
12750,12515,8427
12751,12516,8428
12752,12517,8429
12753,12518,8430
12754,12519,8431
12755,12520,8432
12756,12521,8433
12757,12522,8434
12758,12523,8434
12759,12524,8434
12760,12525,8434
12761,12526,8434
12762,12527,8434
12763,12528,8434
12764,12529,8434
12765,12530,8434
12766,12531,8434
12767,12532,8434
12768,12533,8434
12769,12534,8434
12770,12535,8434
12771,12536,8434
12772,12537,8434
12773,12538,8434
12774,12539,8434
12775,12540,8434
12776,12541,8434
12777,12542,8434
12778,12543,8434
12779,12544,8434
12780,12545,8434
12781,12546,8434
12782,12547,8434
12783,12548,8434
12784,12549,8434
12785,12550,8434
12786,12551,8434
12787,12552,8434
12788,12553,8434
12789,12554,8434
12790,12555,8434
12791,12556,8434
12792,12557,8434
12793,12558,8434
12794,12559,8434
12795,12560,8434
12796,12561,8434
12797,12562,8434
12798,12563,8434
12799,12564,8434
12800,12565,8434
12801,12566,8434
12802,12567,8434
12803,12568,8434
12804,12569,8434
12805,12570,8434
12806,12571,8434
12807,12572,8434
12808,12573,8434
12809,12574,8434
12810,12575,8434
12811,12576,8434
12812,12577,8434
12813,12578,8434
12814,12579,8434
12815,12580,8434
12816,12581,8434
12817,12582,8434
12818,12583,8434
12819,12584,8434
12820,12585,8434
12821,12586,8434
12822,12587,8434
12823,12588,8434
12824,12589,8434
12825,12590,8434
12826,12591,8434
12827,12592,8434
12828,12593,8434
12829,12594,8435
12830,12595,8436
12831,12596,8437
12832,12597,8438
12833,12598,8439
12834,12599,8440
12835,12600,8441
12836,12601,8442
12837,12602,8443
12838,12603,8444
12839,12604,8445
12840,12605,8446
12841,12606,8447
12842,12607,8448
12843,12608,8449
12844,12609,8450
12845,12610,8451
12846,12611,8452
12847,12612,8453
12848,12613,8454
12849,12614,8455
12850,12615,8456
12851,12616,8457
12852,12617,8458
12853,12618,8459
12854,12619,8460
12855,12620,8461
12856,12621,8462
12857,12622,8463
12858,12623,8464
12859,12624,8465
12860,12625,8466
12861,12626,8467
12862,12627,8468
12863,12628,8469
12864,12629,8470
12865,12630,8471
12866,12631,8472
12867,12632,8473
12868,12633,8474
12869,12634,8475
12870,12635,8476
12871,12636,8477
12872,12637,8478
12873,12638,8479
12874,12639,8480
12875,12640,8481
12876,12641,8482
12877,12642,8483
12878,12643,8484
12879,12644,8485
12880,12645,8486
12881,12646,8487
12882,12647,8488
12883,12648,8489
12884,12649,8490
12885,12650,8491
12886,12651,8492
12887,12652,8493
12888,12653,8494
12889,12654,8495
12890,12655,8496
12891,12656,8497
12892,12657,8498
12893,12658,8499
12894,12659,8500
12895,12660,8501
12896,12661,8502
12897,12662,8503
12898,12663,8503
12899,12664,8503
12900,12665,8503
12901,12666,8503
12902,12667,8503
12903,12668,8503
12904,12669,8503
12905,12670,8503
12906,12671,8503
12907,12672,8503
12908,12673,8503
12909,12674,8503
12910,12675,8503
12911,12676,8503
12912,12677,8503
12913,12678,8503
12914,12679,8504
12915,12680,8505
12916,12681,8506
12917,12682,8507
12918,12683,8508
12919,12684,8509
12920,12685,8510
12921,12686,8511
12922,12687,8512
12923,12688,8513
12924,12689,8514
12925,12690,8515
12926,12691,8516
12927,12692,8517
12928,12693,8518
12929,12694,8519
12930,12695,8520
12931,12696,8521
12932,12697,8522
12933,12698,8523
12934,12699,8524
12935,12700,8525
12936,12701,8526
12937,12702,8527
12938,12703,8528
12939,12704,8529
12940,12705,8530
12941,12706,8530
12942,12707,8530
12943,12708,8530
12944,12709,8530
12945,12710,8530
12946,12711,8530
12947,12712,8530
12948,12713,8530
12949,12714,8530
12950,12715,8530
12951,12716,8530
12952,12717,8530
12953,12718,8530
12954,12719,8530
12955,12720,8530
12956,12721,8530
12957,12722,8530
12958,12723,8530
12959,12724,8530
12960,12725,8530
12961,12726,8530
12962,12727,8530
12963,12728,8530
12964,12729,8530
12965,12730,8530
12966,12731,8530
12967,12732,8530
12968,12733,8530
12969,12734,8530
12970,12735,8530
12971,12736,8530
12972,12737,8530
12973,12738,8530
12974,12739,8530
12975,12740,8531
12976,12741,8532
12977,12742,8533
12978,12743,8534
12979,12744,8535
12980,12745,8536
12981,12746,8537
12982,12747,8538
12983,12748,8539
12984,12749,8540
12985,12750,8541
12986,12751,8542
12987,12752,8543
12988,12753,8544
12989,12754,8545
12990,12755,8546
12991,12756,8547
12992,12757,8548
12993,12758,8549
12994,12759,8550
12995,12760,8551
12996,12761,8552
12997,12762,8553
12998,12763,8554
12999,12764,8555
13000,12765,8556
13001,12766,8557
13002,12767,8558
13003,12768,8559
13004,12769,8560
13005,12770,8561
13006,12771,8562
13007,12772,8563
13008,12773,8564
13009,12774,8565
13010,12775,8566
13011,12776,8567
13012,12777,8568
13013,12778,8568
13014,12779,8568
13015,12780,8568
13016,12781,8568
13017,12782,8568
13018,12783,8568
13019,12784,8568
13020,12785,8568
13021,12786,8568
13022,12787,8568
13023,12788,8568
13024,12789,8568
13025,12790,8568
13026,12791,8568
13027,12792,8568
13028,12793,8568
13029,12794,8568
13030,12795,8569
13031,12796,8570
13032,12797,8571
13033,12798,8572
13034,12799,8573
13035,12800,8574
13036,12801,8575
13037,12802,8576
13038,12803,8577
13039,12804,8578
13040,12805,8578
13041,12806,8578
13042,12807,8578
13043,12808,8578
13044,12809,8578
13045,12810,8578
13046,12811,8578
13047,12812,8578
13048,12813,8578
13049,12814,8578
13050,12815,8579
13051,12816,8580
13052,12817,8581
13053,12818,8582
13054,12819,8583
13055,12820,8584
13056,12821,8584
13057,12822,8584
13058,12823,8584
13059,12824,8584
13060,12825,8584
13061,12826,8584
13062,12827,8584
13063,12828,8584
13064,12829,8584
13065,12830,8584
13066,12831,8584
13067,12832,8584
13068,12833,8584
13069,12834,8584
13070,12835,8584
13071,12836,8584
13072,12837,8584
13073,12838,8584
13074,12839,8584
13075,12840,8584
13076,12841,8584
13077,12842,8584
13078,12843,8584
13079,12844,8584
13080,12845,8584
13081,12846,8584
13082,12847,8584
13083,12848,8584
13084,12849,8584
13085,12850,8584
13086,12851,8584
13087,12852,8584
13088,12853,8584
13089,12854,8584
13090,12855,8585
13091,12856,8586
13092,12857,8587
13093,12858,8588
13094,12859,8589
13095,12860,8590
13096,12861,8591
13097,12862,8592
13098,12863,8593
13099,12864,8594
13100,12865,8595
13101,12866,8596
13102,12867,8597
13103,12868,8598
13104,12869,8599
13105,12870,8600
13106,12871,8601
13107,12872,8602
13108,12873,8603
13109,12874,8604
13110,12875,8605
13111,12876,8606
13112,12877,8607
13113,12878,8608
13114,12879,8609
13115,12880,8610
13116,12881,8611
13117,12882,8612
13118,12883,8613
13119,12884,8614
13120,12885,8615
13121,12886,8616
13122,12887,8617
13123,12888,8618
13124,12889,8619
13125,12890,8620
13126,12891,8621
13127,12892,8622
13128,12893,8623
13129,12894,8624
13130,12895,8625
13131,12896,8626
13132,12897,8627
13133,12898,8628
13134,12899,8629
13135,12900,8630
13136,12901,8631
13137,12902,8632
13138,12903,8633
13139,12904,8634
13140,12905,8635
13141,12906,8636
13142,12907,8637
13143,12908,8638
13144,12909,8639
13145,12910,8640
13146,12911,8641
13147,12912,8642
13148,12913,8643
13149,12914,8644
13150,12915,8645
13151,12916,8646
13152,12917,8647
13153,12918,8648
13154,12919,8649
13155,12920,8650
13156,12921,8651
13157,12922,8651
13158,12923,8651
13159,12924,8651
13160,12925,8651
13161,12926,8651
13162,12927,8651
13163,12928,8651
13164,12929,8651
13165,12930,8651
13166,12931,8651
13167,12932,8651
13168,12933,8651
13169,12934,8651
13170,12935,8651
13171,12936,8651
13172,12937,8651
13173,12938,8651
13174,12939,8652
13175,12940,8653
13176,12941,8654
13177,12942,8654
13178,12943,8654
13179,12944,8654
13180,12945,8654
13181,12946,8654
13182,12947,8654
13183,12948,8655
13184,12949,8656
13185,12950,8657
13186,12951,8658
13187,12952,8659
13188,12953,8660
13189,12954,8661
13190,12955,8662
13191,12956,8663
13192,12957,8664
13193,12958,8665
13194,12959,8666
13195,12960,8667
13196,12961,8668
13197,12962,8669
13198,12963,8670
13199,12964,8671
13200,12965,8672
13201,12966,8673
13202,12967,8674
13203,12968,8675
13204,12969,8676
13205,12970,8677
13206,12971,8678
13207,12972,8679
13208,12973,8680
13209,12974,8680
13210,12975,8680
13211,12976,8680
13212,12977,8680
13213,12978,8680
13214,12979,8680
13215,12980,8681
13216,12981,8682
13217,12982,8683
13218,12983,8683
13219,12984,8683
13220,12985,8683
13221,12986,8683
13222,12987,8683
13223,12988,8683
13224,12989,8683
13225,12990,8683
13226,12991,8683
13227,12992,8683
13228,12993,8683
13229,12994,8683
13230,12995,8683
13231,12996,8684
13232,12997,8685
13233,12998,8686
13234,12999,8687
13235,13000,8688
13236,13001,8689
13237,13002,8690
13238,13003,8690
13239,13004,8690
13240,13005,8690
13241,13006,8690
13242,13007,8690
13243,13008,8690
13244,13009,8690
13245,13010,8690
13246,13011,8690
13247,13012,8691
13248,13013,8692
13249,13014,8693
13250,13015,8694
13251,13016,8695
13252,13017,8696
13253,13018,8697
13254,13019,8698
13255,13020,8699
13256,13021,8700
13257,13022,8700
13258,13023,8700
13259,13024,8700
13260,13025,8701
13261,13026,8702
13262,13027,8703
13263,13028,8704
13264,13029,8705
13265,13030,8706
13266,13031,8707
13267,13032,8708
13268,13033,8708
13269,13034,8708
13270,13035,8708
13271,13036,8708
13272,13037,8708
13273,13038,8709
13274,13039,8710
13275,13040,8711
13276,13041,8712
13277,13042,8713
13278,13043,8714
13279,13044,8715
13280,13045,8716
13281,13046,8717
13282,13047,8717
13283,13048,8717
13284,13049,8717
13285,13050,8717
13286,13051,8717
13287,13052,8718
13288,13053,8719
13289,13054,8720
13290,13055,8721
13291,13056,8722
13292,13057,8723
13293,13058,8724
13294,13059,8725
13295,13060,8726
13296,13061,8727
13297,13062,8728
13298,13063,8729
13299,13064,8730
13300,13065,8731
13301,13066,8732
13302,13067,8732
13303,13068,8732
13304,13069,8732
13305,13070,8732
13306,13071,8732
13307,13072,8732
13308,13073,8732
13309,13074,8732
13310,13075,8733
13311,13076,8734
13312,13077,8735
13313,13078,8736
13314,13079,8737
13315,13080,8738
13316,13081,8739
13317,13082,8740
13318,13083,8740
13319,13084,8740
13320,13085,8740
13321,13086,8740
13322,13087,8740
13323,13088,8740
13324,13089,8740
13325,13090,8740
13326,13091,8740
13327,13092,8740
13328,13093,8741
13329,13094,8742
13330,13095,8743
13331,13096,8744
13332,13097,8745
13333,13098,8746
13334,13099,8747
13335,13100,8748
13336,13101,8749
13337,13102,8750
13338,13103,8751
13339,13104,8752
13340,13105,8753
13341,13106,8754
13342,13107,8754
13343,13108,8754
13344,13109,8754
13345,13110,8754
13346,13111,8754
13347,13112,8754
13348,13113,8754
13349,13114,8755
13350,13115,8756
13351,13116,8757
13352,13117,8758
13353,13118,8759
13354,13119,8760
13355,13120,8761
13356,13121,8762
13357,13122,8763
13358,13123,8764
13359,13124,8765
13360,13125,8766
13361,13126,8767
13362,13127,8768
13363,13128,8769
13364,13129,8770
13365,13130,8770
13366,13131,8770
13367,13132,8770
13368,13133,8770
13369,13134,8770
13370,13135,8770
13371,13136,8770
13372,13137,8770
13373,13138,8771
13374,13139,8772
13375,13140,8773
13376,13141,8774
13377,13142,8774
13378,13143,8774
13379,13144,8774
13380,13145,8774
13381,13146,8774
13382,13147,8774
13383,13148,8774
13384,13149,8774
13385,13150,8774
13386,13151,8774
13387,13152,8775
13388,13153,8776
13389,13154,8777
13390,13155,8778
13391,13156,8779
13392,13157,8780
13393,13158,8781
13394,13159,8782
13395,13160,8783
13396,13161,8784
13397,13162,8785
13398,13163,8786
13399,13164,8787
13400,13165,8787
13401,13166,8787
13402,13167,8787
13403,13168,8787
13404,13169,8787
13405,13170,8787
13406,13171,8787
13407,13172,8787
13408,13173,8787
13409,13174,8788
13410,13175,8789
13411,13176,8790
13412,13177,8791
13413,13178,8792
13414,13179,8793
13415,13180,8794
13416,13181,8795
13417,13182,8796
13418,13183,8797
13419,13184,8798
13420,13185,8799
13421,13186,8799
13422,13187,8799
13423,13188,8799
13424,13189,8799
13425,13190,8800
13426,13191,8800
13427,13192,8800
13428,13193,8800
13429,13194,8801
13430,13195,8802
13431,13196,8803
13432,13197,8804
13433,13198,8805
13434,13199,8806
13435,13200,8807
13436,13201,8808
13437,13202,8809
13438,13203,8810
13439,13204,8811
13440,13205,8811
13441,13206,8811
13442,13207,8811
13443,13208,8811
13444,13209,8811
13445,13210,8811
13446,13211,8811
13447,13212,8811
13448,13213,8811
13449,13214,8811
13450,13215,8811
13451,13216,8811
13452,13217,8811
13453,13218,8811
13454,13219,8811
13455,13220,8811
13456,13221,8811
13457,13222,8811
13458,13223,8811
13459,13224,8811
13460,13225,8811
13461,13226,8811
13462,13227,8812
13463,13228,8813
13464,13229,8814
13465,13230,8815
13466,13231,8816
13467,13232,8817
13468,13233,8818
13469,13234,8819
13470,13235,8820
13471,13236,8821
13472,13237,8822
13473,13238,8823
13474,13239,8824
13475,13240,8825
13476,13241,8826
13477,13242,8827
13478,13243,8828
13479,13244,8829
13480,13245,8830
13481,13246,8831
13482,13247,8832
13483,13248,8833
13484,13249,8834
13485,13250,8835
13486,13251,8836
13487,13252,8837
13488,13253,8838
13489,13254,8839
13490,13255,8840
13491,13256,8840
13492,13257,8840
13493,13258,8840
13494,13259,8840
13495,13260,8840
13496,13261,8840
13497,13262,8840
13498,13263,8840
13499,13264,8840
13500,13265,8840
13501,13266,8841
13502,13267,8842
13503,13268,8843
13504,13269,8844
13505,13270,8845
13506,13271,8845
13507,13272,8846
13508,13273,8847
13509,13274,8848
13510,13275,8849
13511,13276,8850
13512,13277,8851
13513,13278,8852
13514,13279,8853
13515,13280,8854
13516,13281,8855
13517,13282,8856
13518,13283,8857
13519,13284,8858
13520,13285,8859
13521,13286,8860
13522,13287,8861
13523,13288,8861
13524,13289,8861
13525,13290,8861
13526,13291,8861
13527,13292,8862
13528,13293,8863
13529,13294,8864
13530,13295,8865
13531,13296,8866
13532,13297,8867
13533,13298,8868
13534,13299,8869
13535,13300,8870
13536,13301,8871
13537,13302,8872
13538,13303,8872
13539,13304,8872
13540,13305,8872
13541,13306,8872
13542,13307,8872
13543,13308,8872
13544,13309,8872
13545,13310,8872
13546,13311,8872
13547,13312,8872
13548,13313,8872
13549,13314,8872
13550,13315,8872
13551,13316,8872
13552,13317,8872
13553,13318,8872
13554,13319,8872
13555,13320,8873
13556,13321,8874
13557,13322,8875
13558,13323,8876
13559,13324,8877
13560,13325,8878
13561,13326,8879
13562,13327,8880
13563,13328,8881
13564,13329,8882
13565,13330,8882
13566,13331,8882
13567,13332,8882
13568,13333,8882
13569,13334,8882
13570,13335,8882
13571,13336,8883
13572,13337,8884
13573,13338,8885
13574,13339,8886
13575,13340,8887
13576,13341,8887
13577,13342,8887
13578,13343,8887
13579,13344,8887
13580,13345,8887
13581,13346,8887
13582,13347,8888
13583,13348,8889
13584,13349,8890
13585,13350,8891
13586,13351,8892
13587,13352,8893
13588,13353,8894
13589,13354,8895
13590,13355,8896
13591,13356,8897
13592,13357,8898
13593,13358,8899
13594,13359,8900
13595,13360,8901
13596,13361,8902
13597,13362,8903
13598,13363,8904
13599,13364,8904
13600,13365,8904
13601,13366,8904
13602,13367,8904
13603,13368,8904
13604,13369,8904
13605,13370,8904
13606,13371,8904
13607,13372,8904
13608,13373,8904
13609,13374,8904
13610,13375,8904
13611,13376,8904
13612,13377,8904
13613,13378,8904
13614,13379,8904
13615,13380,8905
13616,13381,8905
13617,13382,8905
13618,13383,8905
13619,13384,8905
13620,13385,8905
13621,13386,8905
13622,13387,8905
13623,13388,8905
13624,13389,8905
13625,13390,8905
13626,13391,8905
13627,13392,8905
13628,13393,8906
13629,13394,8907
13630,13395,8908
13631,13396,8909
13632,13397,8910
13633,13398,8911
13634,13399,8912
13635,13400,8913
13636,13401,8914
13637,13402,8915
13638,13403,8916
13639,13404,8917
13640,13405,8918
13641,13406,8919
13642,13407,8920
13643,13408,8921
13644,13409,8922
13645,13410,8923
13646,13411,8924
13647,13412,8925
13648,13413,8926
13649,13414,8927
13650,13415,8928
13651,13416,8929
13652,13417,8930
13653,13418,8931
13654,13419,8932
13655,13420,8933
13656,13421,8934
13657,13422,8934
13658,13423,8934
13659,13424,8934
13660,13425,8934
13661,13426,8934
13662,13427,8934
13663,13428,8935
13664,13429,8936
13665,13430,8937
13666,13431,8938
13667,13432,8939
13668,13433,8940
13669,13434,8941
13670,13435,8942
13671,13436,8943
13672,13437,8944
13673,13438,8945
13674,13439,8946
13675,13440,8947
13676,13441,8948
13677,13442,8949
13678,13443,8950
13679,13444,8951
13680,13445,8952
13681,13446,8953
13682,13447,8954
13683,13448,8955
13684,13449,8956
13685,13450,8957
13686,13451,8958
13687,13452,8959
13688,13453,8960
13689,13454,8961
13690,13455,8962
13691,13456,8963
13692,13457,8964
13693,13458,8965
13694,13459,8966
13695,13460,8967
13696,13461,8968
13697,13462,8969
13698,13463,8970
13699,13464,8971
13700,13465,8972
13701,13466,8973
13702,13467,8974
13703,13468,8975
13704,13469,8976
13705,13470,8977
13706,13471,8978
13707,13472,8979
13708,13473,8980
13709,13474,8981
13710,13475,8982
13711,13476,8983
13712,13477,8984
13713,13478,8985
13714,13479,8986
13715,13480,8987
13716,13481,8988
13717,13482,8989
13718,13483,8990
13719,13484,8991
13720,13485,8992
13721,13486,8993
13722,13487,8994
13723,13488,8995
13724,13489,8996
13725,13490,8997
13726,13491,8998
13727,13492,8999
13728,13493,9000
13729,13494,9001
13730,13495,9002
13731,13496,9003
13732,13497,9004
13733,13498,9005
13734,13499,9006
13735,13500,9007
13736,13501,9007
13737,13502,9007
13738,13503,9007
13739,13504,9007
13740,13505,9007
13741,13506,9007
13742,13507,9007
13743,13508,9007
13744,13509,9007
13745,13510,9007
13746,13511,9007
13747,13512,9007
13748,13513,9007
13749,13514,9007
13750,13515,9007
13751,13516,9007
13752,13517,9007
13753,13518,9007
13754,13519,9007
13755,13520,9007
13756,13521,9007
13757,13522,9007
13758,13523,9007
13759,13524,9007
13760,13525,9007
13761,13526,9007
13762,13527,9007
13763,13528,9007
13764,13529,9007
13765,13530,9007
13766,13531,9007
13767,13532,9007
13768,13533,9007
13769,13534,9007
13770,13535,9007
13771,13536,9007
13772,13537,9007
13773,13538,9007
13774,13539,9007
13775,13540,9007
13776,13541,9007
13777,13542,9007
13778,13543,9007
13779,13544,9007
13780,13545,9007
13781,13546,9007
13782,13547,9007
13783,13548,9007
13784,13549,9007
13785,13550,9007
13786,13551,9007
13787,13552,9007
13788,13553,9007
13789,13554,9007
13790,13555,9007
13791,13556,9007
13792,13557,9007
13793,13558,9007
13794,13559,9007
13795,13560,9008
13796,13561,9008
13797,13562,9008
13798,13563,9008
13799,13564,9008
13800,13565,9008
13801,13566,9008
13802,13567,9008
13803,13568,9008
13804,13569,9008
13805,13570,9008
13806,13571,9008
13807,13572,9008
13808,13573,9008
13809,13574,9009
13810,13575,9010
13811,13576,9011
13812,13577,9012
13813,13578,9013
13814,13579,9014
13815,13580,9015
13816,13581,9016
13817,13582,9017
13818,13583,9018
13819,13584,9019
13820,13585,9020
13821,13586,9021
13822,13587,9022
13823,13588,9023
13824,13589,9024
13825,13590,9024
13826,13591,9025
13827,13592,9026
13828,13593,9027
13829,13594,9028
13830,13595,9029
13831,13596,9030
13832,13597,9031
13833,13598,9032
13834,13599,9033
13835,13600,9034
13836,13601,9035
13837,13602,9036
13838,13603,9037
13839,13604,9038
13840,13605,9039
13841,13606,9040
13842,13607,9041
13843,13608,9042
13844,13609,9043
13845,13610,9044
13846,13611,9045
13847,13612,9046
13848,13613,9047
13849,13614,9048
13850,13615,9049
13851,13616,9050
13852,13617,9051
13853,13618,9052
13854,13619,9053
13855,13620,9054
13856,13621,9055
13857,13622,9056
13858,13623,9057
13859,13624,9057
13860,13625,9057
13861,13626,9057
13862,13627,9057
13863,13628,9057
13864,13629,9057
13865,13630,9057
13866,13631,9057
13867,13632,9057
13868,13633,9057
13869,13634,9057
13870,13635,9057
13871,13636,9057
13872,13637,9057
13873,13638,9057
13874,13639,9057
13875,13640,9057
13876,13641,9057
13877,13642,9057
13878,13643,9057
13879,13644,9057
13880,13645,9057
13881,13646,9057
13882,13647,9057
13883,13648,9057
13884,13649,9057
13885,13650,9057
13886,13651,9057
13887,13652,9057
13888,13653,9057
13889,13654,9057
13890,13655,9057
13891,13656,9057
13892,13657,9057
13893,13658,9057
13894,13659,9057
13895,13660,9057
13896,13661,9057
13897,13662,9057
13898,13663,9057
13899,13664,9057
13900,13665,9057
13901,13666,9057
13902,13667,9057
13903,13668,9057
13904,13669,9057
13905,13670,9057
13906,13671,9057
13907,13672,9057
13908,13673,9057
13909,13674,9057
13910,13675,9057
13911,13676,9057
13912,13677,9057
13913,13678,9057
13914,13679,9057
13915,13680,9057
13916,13681,9057
13917,13682,9057
13918,13683,9057
13919,13684,9057
13920,13685,9057
13921,13686,9057
13922,13687,9057
13923,13688,9057
13924,13689,9057
13925,13690,9057
13926,13691,9057
13927,13692,9057
13928,13693,9057
13929,13694,9057
13930,13695,9058
13931,13696,9059
13932,13697,9060
13933,13698,9061
13934,13699,9062
13935,13700,9063
13936,13701,9064
13937,13702,9065
13938,13703,9066
13939,13704,9067
13940,13705,9068
13941,13706,9069
13942,13707,9070
13943,13708,9071
13944,13709,9072
13945,13710,9073
13946,13711,9074
13947,13712,9075
13948,13713,9076
13949,13714,9077
13950,13715,9078
13951,13716,9079
13952,13717,9080
13953,13718,9081
13954,13719,9082
13955,13720,9083
13956,13721,9084
13957,13722,9085
13958,13723,9086
13959,13724,9087
13960,13725,9088
13961,13726,9089
13962,13727,9090
13963,13728,9091
13964,13729,9092
13965,13730,9093
13966,13731,9094
13967,13732,9095
13968,13733,9096
13969,13734,9097
13970,13735,9098
13971,13736,9099
13972,13737,9100
13973,13738,9101
13974,13739,9102
13975,13740,9103
13976,13741,9104
13977,13742,9105
13978,13743,9106
13979,13744,9107
13980,13745,9108
13981,13746,9109
13982,13747,9110
13983,13748,9111
13984,13749,9112
13985,13750,9112
13986,13751,9113
13987,13752,9114
13988,13753,9115
13989,13754,9116
13990,13755,9117
13991,13756,9118
13992,13757,9119
13993,13758,9120
13994,13759,9121
13995,13760,9122
13996,13761,9123
13997,13762,9124
13998,13763,9125
13999,13764,9126
14000,13765,9127
14001,13766,9128
14002,13767,9129
14003,13768,9130
14004,13769,9131
14005,13770,9132
14006,13771,9133
14007,13772,9134
14008,13773,9135
14009,13774,9136
14010,13775,9137
14011,13776,9138
14012,13777,9139
14013,13778,9140
14014,13779,9141
14015,13780,9142
14016,13781,9143
14017,13782,9144
14018,13783,9145
14019,13784,9146
14020,13785,9147
14021,13786,9148
14022,13787,9149
14023,13788,9150
14024,13789,9151
14025,13790,9152
14026,13791,9153
14027,13792,9154
14028,13793,9155
14029,13794,9156
14030,13795,9157
14031,13796,9158
14032,13797,9159
14033,13798,9160
14034,13799,9161
14035,13800,9162
14036,13801,9163
14037,13802,9164
14038,13803,9165
14039,13804,9166
14040,13805,9167
14041,13806,9168
14042,13807,9169
14043,13808,9170
14044,13809,9171
14045,13810,9172
14046,13811,9173
14047,13812,9174
14048,13813,9175
14049,13814,9176
14050,13815,9177
14051,13816,9178
14052,13817,9179
14053,13818,9179
14054,13819,9179
14055,13820,9179
14056,13821,9179
14057,13822,9179
14058,13823,9179
14059,13824,9179
14060,13825,9179
14061,13826,9179
14062,13827,9179
14063,13828,9179
14064,13829,9179
14065,13830,9179
14066,13831,9179
14067,13832,9179
14068,13833,9179
14069,13834,9179
14070,13835,9179
14071,13836,9179
14072,13837,9179
14073,13838,9179
14074,13839,9179
14075,13840,9179
14076,13841,9179
14077,13842,9179
14078,13843,9179
14079,13844,9179
14080,13845,9179
14081,13846,9179
14082,13847,9179
14083,13848,9179
14084,13849,9179
14085,13850,9179
14086,13851,9179
14087,13852,9179
14088,13853,9179
14089,13854,9179
14090,13855,9179
14091,13856,9179
14092,13857,9179
14093,13858,9179
14094,13859,9179
14095,13860,9179
14096,13861,9179
14097,13862,9179
14098,13863,9179
14099,13864,9179
14100,13865,9179
14101,13866,9179
14102,13867,9179
14103,13868,9179
14104,13869,9179
14105,13870,9179
14106,13871,9179
14107,13872,9179
14108,13873,9179
14109,13874,9179
14110,13875,9179
14111,13876,9179
14112,13877,9179
14113,13878,9179
14114,13879,9179
14115,13880,9179
14116,13881,9179
14117,13882,9179
14118,13883,9179
14119,13884,9179
14120,13885,9179
14121,13886,9179
14122,13887,9179
14123,13888,9179
14124,13889,9179
14125,13890,9179
14126,13891,9179
14127,13892,9179
14128,13893,9179
14129,13894,9179
14130,13895,9179
14131,13896,9179
14132,13897,9179
14133,13898,9180
14134,13899,9181
14135,13900,9182
14136,13901,9182
14137,13902,9183
14138,13903,9184
14139,13904,9185
14140,13905,9186
14141,13906,9187
14142,13907,9188
14143,13908,9189
14144,13909,9190
14145,13910,9191
14146,13911,9192
14147,13912,9193
14148,13913,9194
14149,13914,9195
14150,13915,9196
14151,13916,9197
14152,13917,9198
14153,13918,9199
14154,13919,9200
14155,13920,9201
14156,13921,9202
14157,13922,9203
14158,13923,9204
14159,13924,9205
14160,13925,9206
14161,13926,9207
14162,13927,9208
14163,13928,9209
14164,13929,9210
14165,13930,9211
14166,13931,9212
14167,13932,9213
14168,13933,9214
14169,13934,9215
14170,13935,9216
14171,13936,9217
14172,13937,9218
14173,13938,9219
14174,13939,9220
14175,13940,9221
14176,13941,9222
14177,13942,9223
14178,13943,9224
14179,13944,9225
14180,13945,9226
14181,13946,9227
14182,13947,9228
14183,13948,9229
14184,13949,9230
14185,13950,9231
14186,13951,9232
14187,13952,9233
14188,13953,9234
14189,13954,9235
14190,13955,9236
14191,13956,9237
14192,13957,9238
14193,13958,9239
14194,13959,9240
14195,13960,9241
14196,13961,9241
14197,13962,9241
14198,13963,9241
14199,13964,9241
14200,13965,9241
14201,13966,9241
14202,13967,9241
14203,13968,9241
14204,13969,9241
14205,13970,9241
14206,13971,9241
14207,13972,9241
14208,13973,9241
14209,13974,9241
14210,13975,9241
14211,13976,9241
14212,13977,9242
14213,13978,9243
14214,13979,9244
14215,13980,9245
14216,13981,9246
14217,13982,9247
14218,13983,9248
14219,13984,9249
14220,13985,9250
14221,13986,9251
14222,13987,9252
14223,13988,9253
14224,13989,9254
14225,13990,9255
14226,13991,9256
14227,13992,9257
14228,13993,9258
14229,13994,9258
14230,13995,9258
14231,13996,9258
14232,13997,9258
14233,13998,9258
14234,13999,9258
14235,14000,9258
14236,14001,9258
14237,14002,9258
14238,14003,9258
14239,14004,9258
14240,14005,9258
14241,14006,9258
14242,14007,9258
14243,14008,9258
14244,14009,9258
14245,14010,9259
14246,14011,9260
14247,14012,9261
14248,14013,9262
14249,14014,9263
14250,14015,9264
14251,14016,9265
14252,14017,9266
14253,14018,9267
14254,14019,9268
14255,14020,9269
14256,14021,9270
14257,14022,9271
14258,14023,9272
14259,14024,9272
14260,14025,9272
14261,14026,9272
14262,14027,9272
14263,14028,9272
14264,14029,9272
14265,14030,9272
14266,14031,9272
14267,14032,9272
14268,14033,9272
14269,14034,9272
14270,14035,9272
14271,14036,9272
14272,14037,9272
14273,14038,9272
14274,14039,9272
14275,14040,9273
14276,14041,9274
14277,14042,9275
14278,14043,9276
14279,14044,9277
14280,14045,9278
14281,14046,9279
14282,14047,9280
14283,14048,9281
14284,14049,9282
14285,14050,9283
14286,14051,9284
14287,14052,9285
14288,14053,9286
14289,14054,9287
14290,14055,9287
14291,14056,9287
14292,14057,9287
14293,14058,9287
14294,14059,9287
14295,14060,9288
14296,14061,9288
14297,14062,9288
14298,14063,9288
14299,14064,9288
14300,14065,9289
14301,14066,9290
14302,14067,9291
14303,14068,9292
14304,14069,9293
14305,14070,9294
14306,14071,9295
14307,14072,9296
14308,14073,9297
14309,14074,9298
14310,14075,9299
14311,14076,9300
14312,14077,9301
14313,14078,9302
14314,14079,9303
14315,14080,9304
14316,14081,9305
14317,14082,9306
14318,14083,9306
14319,14084,9306
14320,14085,9306
14321,14086,9306
14322,14087,9306
14323,14088,9306
14324,14089,9306
14325,14090,9306
14326,14091,9306
14327,14092,9306
14328,14093,9306
14329,14094,9306
14330,14095,9306
14331,14096,9306
14332,14097,9306
14333,14098,9306
14334,14099,9306
14335,14100,9306
14336,14101,9306
14337,14102,9306
14338,14103,9306
14339,14104,9306
14340,14105,9306
14341,14106,9307
14342,14107,9308
14343,14108,9309
14344,14109,9310
14345,14110,9311
14346,14111,9312
14347,14112,9313
14348,14113,9314
14349,14114,9315
14350,14115,9316
14351,14116,9317
14352,14117,9318
14353,14118,9319
14354,14119,9320
14355,14120,9321
14356,14121,9322
14357,14122,9323
14358,14123,9324
14359,14124,9325
14360,14125,9326
14361,14126,9327
14362,14127,9328
14363,14128,9329
14364,14129,9330
14365,14130,9331
14366,14131,9332
14367,14132,9333
14368,14133,9334
14369,14134,9335
14370,14135,9336
14371,14136,9337
14372,14137,9338
14373,14138,9339
14374,14139,9340
14375,14140,9341
14376,14141,9342
14377,14142,9343
14378,14143,9344
14379,14144,9345
14380,14145,9346
14381,14146,9347
14382,14147,9348
14383,14148,9349
14384,14149,9350
14385,14150,9351
14386,14151,9352
14387,14152,9353
14388,14153,9354
14389,14154,9355
14390,14155,9356
14391,14156,9357
14392,14157,9358
14393,14158,9359
14394,14159,9360
14395,14160,9361
14396,14161,9362
14397,14162,9363
14398,14163,9363
14399,14164,9363
14400,14165,9363
14401,14166,9363
14402,14167,9363
14403,14168,9363
14404,14169,9363
14405,14170,9363
14406,14171,9363
14407,14172,9363
14408,14173,9363
14409,14174,9363
14410,14175,9363
14411,14176,9363
14412,14177,9363
14413,14178,9363
14414,14179,9363
14415,14180,9363
14416,14181,9363
14417,14182,9363
14418,14183,9363
14419,14184,9363
14420,14185,9363
14421,14186,9363
14422,14187,9363
14423,14188,9363
14424,14189,9363
14425,14190,9363
14426,14191,9363
14427,14192,9363
14428,14193,9363
14429,14194,9363
14430,14195,9363
14431,14196,9363
14432,14197,9363
14433,14198,9363
14434,14199,9363
14435,14200,9363
14436,14201,9363
14437,14202,9363
14438,14203,9363
14439,14204,9363
14440,14205,9363
14441,14206,9363
14442,14207,9363
14443,14208,9363
14444,14209,9363
14445,14210,9363
14446,14211,9363
14447,14212,9363
14448,14213,9364
14449,14214,9365
14450,14215,9366
14451,14216,9367
14452,14217,9368
14453,14218,9369
14454,14219,9370
14455,14220,9371
14456,14221,9372
14457,14222,9373
14458,14223,9374
14459,14224,9375
14460,14225,9376
14461,14226,9377
14462,14227,9378
14463,14228,9379
14464,14229,9380
14465,14230,9381
14466,14231,9382
14467,14232,9383
14468,14233,9384
14469,14234,9385
14470,14235,9386
14471,14236,9387
14472,14237,9388
14473,14238,9389
14474,14239,9390
14475,14240,9391
14476,14241,9392
14477,14242,9393
14478,14243,9394
14479,14244,9395
14480,14245,9396
14481,14246,9397
14482,14247,9398
14483,14248,9399
14484,14249,9400
14485,14250,9401
14486,14251,9402
14487,14252,9403
14488,14253,9404
14489,14254,9405
14490,14255,9406
14491,14256,9407
14492,14257,9408
14493,14258,9409
14494,14259,9410
14495,14260,9411
14496,14261,9412
14497,14262,9413
14498,14263,9414
14499,14264,9415
14500,14265,9416
14501,14266,9417
14502,14267,9418
14503,14268,9419
14504,14269,9420
14505,14270,9421
14506,14271,9422
14507,14272,9423
14508,14273,9424
14509,14274,9425
14510,14275,9426
14511,14276,9427
14512,14277,9428
14513,14278,9429
14514,14279,9430
14515,14280,9431
14516,14281,9432
14517,14282,9433
14518,14283,9434
14519,14284,9435
14520,14285,9436
14521,14286,9437
14522,14287,9438
14523,14288,9439
14524,14289,9440
14525,14290,9441
14526,14291,9442
14527,14292,9443
14528,14293,9444
14529,14294,9445
14530,14295,9446
14531,14296,9447
14532,14297,9448
14533,14298,9449
14534,14299,9450
14535,14300,9451
14536,14301,9452
14537,14302,9453
14538,14303,9454
14539,14304,9455
14540,14305,9456
14541,14306,9457
14542,14307,9458
14543,14308,9459
14544,14309,9460
14545,14310,9461
14546,14311,9462
14547,14312,9463
14548,14313,9464
14549,14314,9465
14550,14315,9466
14551,14316,9467
14552,14317,9468
14553,14318,9469
14554,14319,9470
14555,14320,9471
14556,14321,9472
14557,14322,9473
14558,14323,9474
14559,14324,9475
14560,14325,9476
14561,14326,9477
14562,14327,9478
14563,14328,9479
14564,14329,9480
14565,14330,9481
14566,14331,9482
14567,14332,9483
14568,14333,9484
14569,14334,9485
14570,14335,9486
14571,14336,9487
14572,14337,9488
14573,14338,9489
14574,14339,9490
14575,14340,9491
14576,14341,9492
14577,14342,9493
14578,14343,9494
14579,14344,9495
14580,14345,9496
14581,14346,9497
14582,14347,9498
14583,14348,9499
14584,14349,9500
14585,14350,9501
14586,14351,9502
14587,14352,9503
14588,14353,9504
14589,14354,9505
14590,14355,9506
14591,14356,9507
14592,14357,9508
14593,14358,9509
14594,14359,9510
14595,14360,9511
14596,14361,9512
14597,14362,9513
14598,14363,9513
14599,14364,9513
14600,14365,9513
14601,14366,9513
14602,14367,9513
14603,14368,9513
14604,14369,9513
14605,14370,9513
14606,14371,9513
14607,14372,9514
14608,14373,9515
14609,14374,9516
14610,14375,9517
14611,14376,9518
14612,14377,9519
14613,14378,9520
14614,14379,9521
14615,14380,9522
14616,14381,9523
14617,14382,9524
14618,14383,9525
14619,14384,9526
14620,14385,9527
14621,14386,9528
14622,14387,9529
14623,14388,9530
14624,14389,9531
14625,14390,9532
14626,14391,9533
14627,14392,9534
14628,14393,9535
14629,14394,9536
14630,14395,9537
14631,14396,9538
14632,14397,9539
14633,14398,9540
14634,14399,9541
14635,14400,9542
14636,14401,9543
14637,14402,9544
14638,14403,9545
14639,14404,9546
14640,14405,9547
14641,14406,9548
14642,14407,9549
14643,14408,9550
14644,14409,9551
14645,14410,9552
14646,14411,9553
14647,14412,9554
14648,14413,9555
14649,14414,9556
14650,14415,9556
14651,14416,9556
14652,14417,9556
14653,14418,9556
14654,14419,9556
14655,14420,9556
14656,14421,9556
14657,14422,9556
14658,14423,9556
14659,14424,9556
14660,14425,9556
14661,14426,9556
14662,14427,9556
14663,14428,9556
14664,14429,9556
14665,14430,9556
14666,14431,9556
14667,14432,9556
14668,14433,9556
14669,14434,9556
14670,14435,9556
14671,14436,9556
14672,14437,9556
14673,14438,9556
14674,14439,9556
14675,14440,9556
14676,14441,9556
14677,14442,9556
14678,14443,9556
14679,14444,9556
14680,14445,9556
14681,14446,9556
14682,14447,9556
14683,14448,9556
14684,14449,9556
14685,14450,9556
14686,14451,9556
14687,14452,9556
14688,14453,9556
14689,14454,9556
14690,14455,9556
14691,14456,9556
14692,14457,9556
14693,14458,9556
14694,14459,9556
14695,14460,9556
14696,14461,9556
14697,14462,9556
14698,14463,9556
14699,14464,9556
14700,14465,9556
14701,14466,9556
14702,14467,9556
14703,14468,9556
14704,14469,9556
14705,14470,9556
14706,14471,9556
14707,14472,9556
14708,14473,9556
14709,14474,9556
14710,14475,9556
14711,14476,9556
14712,14477,9556
14713,14478,9556
14714,14479,9556
14715,14480,9556
14716,14481,9556
14717,14482,9556
14718,14483,9556
14719,14484,9556
14720,14485,9556
14721,14486,9556
14722,14487,9556
14723,14488,9556
14724,14489,9556
14725,14490,9556
14726,14491,9556
14727,14492,9556
14728,14493,9556
14729,14494,9556
14730,14495,9556
14731,14496,9556
14732,14497,9556
14733,14498,9556
14734,14499,9556
14735,14500,9556
14736,14501,9556
14737,14502,9556
14738,14503,9556
14739,14504,9556
14740,14505,9556
14741,14506,9556
14742,14507,9556
14743,14508,9556
14744,14509,9556
14745,14510,9556
14746,14511,9556
14747,14512,9556
14748,14513,9556
14749,14514,9556
14750,14515,9556
14751,14516,9556
14752,14517,9556
14753,14518,9556
14754,14519,9556
14755,14520,9556
14756,14521,9556
14757,14522,9556
14758,14523,9556
14759,14524,9556
14760,14525,9556
14761,14526,9556
14762,14527,9556
14763,14528,9556
14764,14529,9556
14765,14530,9556
14766,14531,9556
14767,14532,9556
14768,14533,9556
14769,14534,9556
14770,14535,9556
14771,14536,9556
14772,14537,9557
14773,14538,9558
14774,14539,9559
14775,14540,9560
14776,14541,9561
14777,14542,9562
14778,14543,9563
14779,14544,9564
14780,14545,9565
14781,14546,9566
14782,14547,9567
14783,14548,9568
14784,14549,9569
14785,14550,9570
14786,14551,9571
14787,14552,9572
14788,14553,9573
14789,14554,9574
14790,14555,9575
14791,14556,9576
14792,14557,9577
14793,14558,9578
14794,14559,9579
14795,14560,9580
14796,14561,9581
14797,14562,9582
14798,14563,9583
14799,14564,9583
14800,14565,9583
14801,14566,9583
14802,14567,9583
14803,14568,9583
14804,14569,9583
14805,14570,9583
14806,14571,9583
14807,14572,9583
14808,14573,9583
14809,14574,9583
14810,14575,9583
14811,14576,9583
14812,14577,9583
14813,14578,9583
14814,14579,9583
14815,14580,9583
14816,14581,9583
14817,14582,9583
14818,14583,9583
14819,14584,9583
14820,14585,9583
14821,14586,9583
14822,14587,9583
14823,14588,9583
14824,14589,9583
14825,14590,9583
14826,14591,9583
14827,14592,9583
14828,14593,9583
14829,14594,9583
14830,14595,9583
14831,14596,9583
14832,14597,9583
14833,14598,9583
14834,14599,9584
14835,14600,9585
14836,14601,9586
14837,14602,9587
14838,14603,9588
14839,14604,9589
14840,14605,9590
14841,14606,9591
14842,14607,9592
14843,14608,9593
14844,14609,9594
14845,14610,9595
14846,14611,9596
14847,14612,9597
14848,14613,9598
14849,14614,9599
14850,14615,9600
14851,14616,9601
14852,14617,9602
14853,14618,9603
14854,14619,9604
14855,14620,9605
14856,14621,9606
14857,14622,9607
14858,14623,9608
14859,14624,9609
14860,14625,9610
14861,14626,9611
14862,14627,9612
14863,14628,9613
14864,14629,9614
14865,14630,9615
14866,14631,9616
14867,14632,9617
14868,14633,9618
14869,14634,9619
14870,14635,9620
14871,14636,9621
14872,14637,9622
14873,14638,9623
14874,14639,9624
14875,14640,9624
14876,14641,9624
14877,14642,9624
14878,14643,9624
14879,14644,9624
14880,14645,9624
14881,14646,9624
14882,14647,9624
14883,14648,9624
14884,14649,9624
14885,14650,9624
14886,14651,9624
14887,14652,9624
14888,14653,9624
14889,14654,9624
14890,14655,9624
14891,14656,9624
14892,14657,9624
14893,14658,9624
14894,14659,9624
14895,14660,9624
14896,14661,9624
14897,14662,9624
14898,14663,9624
14899,14664,9624
14900,14665,9624
14901,14666,9624
14902,14667,9624
14903,14668,9624
14904,14669,9624
14905,14670,9624
14906,14671,9624
14907,14672,9624
14908,14673,9624
14909,14674,9624
14910,14675,9624
14911,14676,9625
14912,14677,9626
14913,14678,9627
14914,14679,9628
14915,14680,9629
14916,14681,9630
14917,14682,9631
14918,14683,9632
14919,14684,9633
14920,14685,9634
14921,14686,9635
14922,14687,9636
14923,14688,9637
14924,14689,9638
14925,14690,9639
14926,14691,9640
14927,14692,9641
14928,14693,9642
14929,14694,9643
14930,14695,9644
14931,14696,9645
14932,14697,9646
14933,14698,9647
14934,14699,9648
14935,14700,9649
14936,14701,9650
14937,14702,9651
14938,14703,9652
14939,14704,9653
14940,14705,9653
14941,14706,9654
14942,14707,9655
14943,14708,9656
14944,14709,9657
14945,14710,9658
14946,14711,9659
14947,14712,9660
14948,14713,9661
14949,14714,9662
14950,14715,9663
14951,14716,9664
14952,14717,9665
14953,14718,9666
14954,14719,9667
14955,14720,9668
14956,14721,9669
14957,14722,9670
14958,14723,9671
14959,14724,9672
14960,14725,9673
14961,14726,9674
14962,14727,9675
14963,14728,9676
14964,14729,9677
14965,14730,9678
14966,14731,9679
14967,14732,9680
14968,14733,9681
14969,14734,9682
14970,14735,9683
14971,14736,9684
14972,14737,9685
14973,14738,9686
14974,14739,9687
14975,14740,9688
14976,14741,9689
14977,14742,9690
14978,14743,9691
14979,14744,9692
14980,14745,9693
14981,14746,9694
14982,14747,9695
14983,14748,9696
14984,14749,9697
14985,14750,9698
14986,14751,9699
14987,14752,9700
14988,14753,9701
14989,14754,9702
14990,14755,9703
14991,14756,9704
14992,14757,9704
14993,14758,9704
14994,14759,9704
14995,14760,9704
14996,14761,9704
14997,14762,9704
14998,14763,9704
14999,14764,9704
15000,14765,9704
15001,14766,9704
15002,14767,9704
15003,14768,9704
15004,14769,9704
15005,14770,9704
15006,14771,9704
15007,14772,9704
15008,14773,9704
15009,14774,9704
15010,14775,9704
15011,14776,9704
15012,14777,9704
15013,14778,9704
15014,14779,9704
15015,14780,9704
15016,14781,9704
15017,14782,9704
15018,14783,9704
15019,14784,9704
15020,14785,9704
15021,14786,9704
15022,14787,9704
15023,14788,9704
15024,14789,9704
15025,14790,9704
15026,14791,9704
15027,14792,9704
15028,14793,9704
15029,14794,9704
15030,14795,9704
15031,14796,9704
15032,14797,9704
15033,14798,9704
15034,14799,9705
15035,14800,9706
15036,14801,9707
15037,14802,9707
15038,14803,9707
15039,14804,9707
15040,14805,9707
15041,14806,9707
15042,14807,9707
15043,14808,9707
15044,14809,9707
15045,14810,9707
15046,14811,9707
15047,14812,9707
15048,14813,9707
15049,14814,9707
15050,14815,9707
15051,14816,9707
15052,14817,9707
15053,14818,9707
15054,14819,9707
15055,14820,9707
15056,14821,9707
15057,14822,9707
15058,14823,9707
15059,14824,9707
15060,14825,9708
15061,14826,9709
15062,14827,9710
15063,14828,9711
15064,14829,9712
15065,14830,9713
15066,14831,9714
15067,14832,9715
15068,14833,9716
15069,14834,9717
15070,14835,9718
15071,14836,9719
15072,14837,9720
15073,14838,9721
15074,14839,9722
15075,14840,9723
15076,14841,9724
15077,14842,9725
15078,14843,9725
15079,14844,9725
15080,14845,9726
15081,14846,9727
15082,14847,9728
15083,14848,9729
15084,14849,9730
15085,14850,9731
15086,14851,9732
15087,14852,9733
15088,14853,9734
15089,14854,9735
15090,14855,9736
15091,14856,9737
15092,14857,9738
15093,14858,9739
15094,14859,9740
15095,14860,9741
15096,14861,9741
15097,14862,9741
15098,14863,9741
15099,14864,9741
15100,14865,9741
15101,14866,9741
15102,14867,9741
15103,14868,9741
15104,14869,9741
15105,14870,9741
15106,14871,9741
15107,14872,9741
15108,14873,9742
15109,14874,9743
15110,14875,9744
15111,14876,9745
15112,14877,9746
15113,14878,9747
15114,14879,9748
15115,14880,9749
15116,14881,9750
15117,14882,9751
15118,14883,9752
15119,14884,9753
15120,14885,9754
15121,14886,9755
15122,14887,9756
15123,14888,9757
15124,14889,9758
15125,14890,9759
15126,14891,9760
15127,14892,9761
15128,14893,9762
15129,14894,9763
15130,14895,9764
15131,14896,9765
15132,14897,9766
15133,14898,9767
15134,14899,9768
15135,14900,9769
15136,14901,9770
15137,14902,9771
15138,14903,9772
15139,14904,9773
15140,14905,9774
15141,14906,9775
15142,14907,9776
15143,14908,9777
15144,14909,9778
15145,14910,9779
15146,14911,9780
15147,14912,9781
15148,14913,9782
15149,14914,9783
15150,14915,9784
15151,14916,9785
15152,14917,9786
15153,14918,9786
15154,14919,9786
15155,14920,9786
15156,14921,9786
15157,14922,9786
15158,14923,9786
15159,14924,9786
15160,14925,9786
15161,14926,9786
15162,14927,9786
15163,14928,9786
15164,14929,9786
15165,14930,9786
15166,14931,9786
15167,14932,9786
15168,14933,9786
15169,14934,9786
15170,14935,9786
15171,14936,9787
15172,14937,9788
15173,14938,9789
15174,14939,9790
15175,14940,9791
15176,14941,9792
15177,14942,9793
15178,14943,9794
15179,14944,9794
15180,14945,9794
15181,14946,9794
15182,14947,9794
15183,14948,9794
15184,14949,9794
15185,14950,9794
15186,14951,9794
15187,14952,9794
15188,14953,9794
15189,14954,9794
15190,14955,9794
15191,14956,9794
15192,14957,9794
15193,14958,9794
15194,14959,9794
15195,14960,9794
15196,14961,9794
15197,14962,9794
15198,14963,9794
15199,14964,9794
15200,14965,9794
15201,14966,9794
15202,14967,9794
15203,14968,9794
15204,14969,9794
15205,14970,9794
15206,14971,9794
15207,14972,9794
15208,14973,9794
15209,14974,9795
15210,14975,9796
15211,14976,9797
15212,14977,9798
15213,14978,9799
15214,14979,9800
15215,14980,9801
15216,14981,9802
15217,14982,9803
15218,14983,9804
15219,14984,9805
15220,14985,9806
15221,14986,9807
15222,14987,9808
15223,14988,9809
15224,14989,9810
15225,14990,9811
15226,14991,9812
15227,14992,9813
15228,14993,9814
15229,14994,9815
15230,14995,9816
15231,14996,9817
15232,14997,9818
15233,14998,9819
15234,14999,9820
15235,15000,9821
15236,15001,9822
15237,15002,9823
15238,15003,9824
15239,15004,9825
15240,15005,9826
15241,15006,9827
15242,15007,9828
15243,15008,9829
15244,15009,9830
15245,15010,9831
15246,15011,9832
15247,15012,9833
15248,15013,9834
15249,15014,9835
15250,15015,9836
15251,15016,9837
15252,15017,9837
15253,15018,9837
15254,15019,9837
15255,15020,9837
15256,15021,9837
15257,15022,9837
15258,15023,9837
15259,15024,9838
15260,15025,9839
15261,15026,9840
15262,15027,9841
15263,15028,9842
15264,15029,9843
15265,15030,9844
15266,15031,9845
15267,15032,9846
15268,15033,9847
15269,15034,9848
15270,15035,9849
15271,15036,9850
15272,15037,9851
15273,15038,9852
15274,15039,9853
15275,15040,9854
15276,15041,9855
15277,15042,9856
15278,15043,9857
15279,15044,9858
15280,15045,9859
15281,15046,9860
15282,15047,9861
15283,15048,9862
15284,15049,9863
15285,15050,9864
15286,15051,9865
15287,15052,9866
15288,15053,9867
15289,15054,9868
15290,15055,9869
15291,15056,9870
15292,15057,9871
15293,15058,9872
15294,15059,9873
15295,15060,9874
15296,15060,9875
15297,15060,9876
15298,15060,9877
15299,15060,9878
15300,15060,9879
15301,15060,9880
15302,15060,9881
15303,15060,9882
15304,15060,9883
15305,15061,9884
15306,15062,9885
15307,15063,9886
15308,15064,9887
15309,15065,9888
15310,15066,9889
15311,15067,9890
15312,15068,9891
15313,15069,9892
15314,15070,9893
15315,15071,9894
15316,15072,9895
15317,15073,9896
15318,15074,9897
15319,15075,9898
15320,15076,9899
15321,15077,9900
15322,15078,9901
15323,15079,9902
15324,15080,9903
15325,15081,9904
15326,15082,9905
15327,15083,9906
15328,15084,9907
15329,15085,9908
15330,15086,9909
15331,15087,9910
15332,15088,9911
15333,15089,9912
15334,15090,9912
15335,15091,9912
15336,15092,9912
15337,15093,9912
15338,15094,9912
15339,15095,9912
15340,15096,9912
15341,15097,9912
15342,15098,9912
15343,15099,9912
15344,15100,9912
15345,15101,9912
15346,15102,9912
15347,15103,9912
15348,15104,9912
15349,15105,9912
15350,15106,9912
15351,15107,9912
15352,15108,9912
15353,15109,9912
15354,15110,9912
15355,15111,9912
15356,15112,9912
15357,15113,9912
15358,15114,9912
15359,15115,9912
15360,15116,9912
15361,15117,9912
15362,15118,9912
15363,15119,9912
15364,15120,9912
15365,15121,9912
15366,15122,9912
15367,15123,9912
15368,15124,9912
15369,15125,9912
15370,15126,9912
15371,15127,9912
15372,15128,9912
15373,15129,9912
15374,15130,9912
15375,15131,9912
15376,15132,9912
15377,15133,9912
15378,15134,9912
15379,15135,9912
15380,15136,9912
15381,15137,9912
15382,15138,9912
15383,15139,9913
15384,15140,9914
15385,15141,9915
15386,15142,9916
15387,15143,9917
15388,15144,9917
15389,15145,9917
15390,15146,9917
15391,15147,9917
15392,15148,9917
15393,15149,9917
15394,15150,9917
15395,15151,9917
15396,15152,9917
15397,15153,9917
15398,15154,9917
15399,15155,9917
15400,15156,9917
15401,15157,9917
15402,15158,9917
15403,15159,9917
15404,15160,9917
15405,15161,9917
15406,15162,9917
15407,15163,9917
15408,15164,9917
15409,15165,9917
15410,15166,9917
15411,15167,9917
15412,15168,9917
15413,15169,9917
15414,15170,9917
15415,15171,9917
15416,15172,9917
15417,15173,9917
15418,15174,9917
15419,15175,9917
15420,15176,9917
15421,15177,9918
15422,15178,9919
15423,15179,9920
15424,15180,9921
15425,15181,9921
15426,15182,9921
15427,15183,9922
15428,15184,9923
15429,15185,9924
15430,15186,9925
15431,15187,9926
15432,15188,9927
15433,15189,9928
15434,15190,9929
15435,15191,9930
15436,15192,9930
15437,15193,9931
15438,15194,9932
15439,15195,9933
15440,15196,9934
15441,15197,9935
15442,15198,9936
15443,15199,9937
15444,15200,9938
15445,15201,9939
15446,15202,9940
15447,15203,9941
15448,15204,9942
15449,15205,9943
15450,15206,9944
15451,15207,9945
15452,15208,9946
15453,15209,9947
15454,15210,9948
15455,15211,9949
15456,15212,9950
15457,15213,9951
15458,15214,9952
15459,15215,9952
15460,15216,9952
15461,15217,9952
15462,15218,9952
15463,15219,9953
15464,15220,9954
15465,15221,9955
15466,15222,9956
15467,15223,9957
15468,15224,9958
15469,15225,9959
15470,15226,9960
15471,15227,9961
15472,15228,9962
15473,15229,9963
15474,15230,9964
15475,15231,9965
15476,15232,9966
15477,15233,9967
15478,15234,9968
15479,15235,9969
15480,15236,9970
15481,15237,9971
15482,15238,9972
15483,15239,9973
15484,15240,9974
15485,15241,9975
15486,15242,9976
15487,15243,9977
15488,15244,9978
15489,15245,9979
15490,15246,9980
15491,15247,9981
15492,15248,9982
15493,15249,9983
15494,15250,9984
15495,15251,9985
15496,15252,9986
15497,15253,9987
15498,15254,9988
15499,15255,9989
15500,15256,9990
15501,15257,9991
15502,15258,9992
15503,15259,9993
15504,15260,9994
15505,15261,9995
15506,15262,9996
15507,15263,9997
15508,15264,9998
15509,15265,9999
15510,15266,10000
15511,15267,10000
15512,15268,10000
15513,15269,10001
15514,15270,10002
15515,15271,10003
15516,15272,10004
15517,15273,10005
15518,15274,10006
15519,15275,10007
15520,15276,10008
15521,15277,10009
15522,15278,10010
15523,15279,10011
15524,15280,10012
15525,15281,10013
15526,15282,10014
15527,15283,10015
15528,15284,10016
15529,15285,10017
15530,15286,10018
15531,15287,10019
15532,15288,10020
15533,15289,10021
15534,15290,10022
15535,15291,10023
15536,15292,10024
15537,15293,10025
15538,15294,10026
15539,15295,10027
15540,15296,10028
15541,15297,10029
15542,15298,10030
15543,15299,10031
15544,15300,10032
15545,15301,10033
15546,15302,10034
15547,15303,10035
15548,15304,10036
15549,15305,10037
15550,15306,10038
15551,15307,10039
15552,15308,10040
15553,15309,10041
15554,15310,10042
15555,15311,10043
15556,15312,10044
15557,15313,10045
15558,15314,10046
15559,15315,10047
15560,15316,10048
15561,15317,10048
15562,15318,10048
15563,15319,10048
15564,15320,10049
15565,15321,10050
15566,15322,10051
15567,15323,10052
15568,15324,10053
15569,15325,10054
15570,15326,10055
15571,15327,10056
15572,15328,10057
15573,15329,10058
15574,15330,10059
15575,15331,10060
15576,15332,10061
15577,15333,10062
15578,15334,10063
15579,15335,10064
15580,15336,10065
15581,15337,10066
15582,15338,10067
15583,15339,10068
15584,15340,10069
15585,15341,10070
15586,15342,10071
15587,15343,10072
15588,15344,10073
15589,15345,10074
15590,15346,10075
15591,15347,10075
15592,15348,10075
15593,15349,10075
15594,15350,10075
15595,15351,10075
15596,15352,10075
15597,15353,10075
15598,15354,10075
15599,15355,10075
15600,15356,10075
15601,15357,10075
15602,15358,10075
15603,15359,10075
15604,15360,10075
15605,15361,10075
15606,15362,10075
15607,15363,10075
15608,15364,10075
15609,15365,10075
15610,15366,10075
15611,15367,10075
15612,15368,10075
15613,15369,10075
15614,15370,10075
15615,15371,10075
15616,15372,10075
15617,15373,10075
15618,15374,10075
15619,15375,10075
15620,15376,10075
15621,15377,10075
15622,15378,10075
15623,15379,10075
15624,15380,10075
15625,15381,10075
15626,15382,10075
15627,15383,10075
15628,15384,10075
15629,15385,10075
15630,15386,10075
15631,15387,10075
15632,15388,10075
15633,15389,10075
15634,15390,10075
15635,15391,10075
15636,15392,10075
15637,15393,10075
15638,15394,10075
15639,15395,10075
15640,15396,10075
15641,15397,10076
15642,15398,10077
15643,15399,10078
15644,15400,10079
15645,15401,10080
15646,15402,10081
15647,15403,10082
15648,15404,10083
15649,15405,10084
15650,15406,10084
15651,15407,10084
15652,15408,10084
15653,15409,10084
15654,15410,10084
15655,15411,10084
15656,15412,10084
15657,15413,10084
15658,15414,10084
15659,15415,10084
15660,15416,10084
15661,15417,10084
15662,15418,10084
15663,15419,10084
15664,15420,10085
15665,15421,10086
15666,15422,10087
15667,15423,10087
15668,15424,10087
15669,15425,10087
15670,15426,10087
15671,15427,10087
15672,15428,10087
15673,15429,10087
15674,15430,10087
15675,15431,10087
15676,15432,10087
15677,15433,10087
15678,15434,10087
15679,15435,10087
15680,15436,10087
15681,15437,10087
15682,15438,10087
15683,15439,10087
15684,15440,10088
15685,15441,10088
15686,15442,10088
15687,15443,10088
15688,15444,10088
15689,15445,10088
15690,15446,10088
15691,15447,10088
15692,15448,10088
15693,15449,10088
15694,15450,10088
15695,15451,10088
15696,15452,10088
15697,15453,10088
15698,15454,10088
15699,15455,10088
15700,15456,10088
15701,15457,10088
15702,15458,10088
15703,15459,10089
15704,15460,10090
15705,15461,10091
15706,15462,10092
15707,15463,10093
15708,15464,10094
15709,15465,10095
15710,15466,10095
15711,15467,10095
15712,15468,10095
15713,15469,10095
15714,15470,10095
15715,15471,10095
15716,15472,10095
15717,15473,10095
15718,15474,10095
15719,15475,10095
15720,15476,10095
15721,15477,10095
15722,15478,10095
15723,15479,10095
15724,15480,10095
15725,15481,10095
15726,15482,10095
15727,15483,10095
15728,15484,10095
15729,15485,10095
15730,15486,10095
15731,15487,10096
15732,15488,10097
15733,15489,10098
15734,15490,10099
15735,15491,10100
15736,15492,10101
15737,15493,10102
15738,15494,10103
15739,15495,10104
15740,15496,10105
15741,15497,10106
15742,15498,10107
15743,15499,10108
15744,15500,10109
15745,15501,10110
15746,15502,10111
15747,15503,10111
15748,15504,10111
15749,15505,10112
15750,15506,10113
15751,15507,10114
15752,15508,10115
15753,15509,10116
15754,15510,10117
15755,15511,10118
15756,15512,10119
15757,15513,10120
15758,15514,10121
15759,15515,10122
15760,15516,10123
15761,15517,10124
15762,15518,10125
15763,15519,10126
15764,15520,10127
15765,15521,10127
15766,15522,10127
15767,15523,10127
15768,15524,10127
15769,15525,10127
15770,15526,10127
15771,15527,10127
15772,15528,10127
15773,15529,10127
15774,15530,10127
15775,15531,10127
15776,15532,10127
15777,15533,10127
15778,15534,10127
15779,15535,10127
15780,15536,10127
15781,15537,10128
15782,15538,10129
15783,15539,10130
15784,15540,10131
15785,15541,10132
15786,15542,10133
15787,15543,10134
15788,15544,10135
15789,15545,10136
15790,15546,10137
15791,15547,10138
15792,15548,10139
15793,15549,10140
15794,15550,10141
15795,15551,10141
15796,15552,10141
15797,15553,10141
15798,15554,10141
15799,15555,10141
15800,15556,10141
15801,15557,10141
15802,15558,10141
15803,15559,10142
15804,15560,10143
15805,15561,10144
15806,15562,10144
15807,15563,10144
15808,15564,10144
15809,15565,10144
15810,15566,10144
15811,15567,10144
15812,15568,10144
15813,15569,10144
15814,15570,10144
15815,15571,10144
15816,15572,10144
15817,15573,10144
15818,15574,10144
15819,15575,10144
15820,15576,10144
15821,15577,10145
15822,15578,10146
15823,15579,10147
15824,15580,10148
15825,15581,10149
15826,15582,10150
15827,15583,10151
15828,15584,10152
15829,15585,10153
15830,15586,10154
15831,15587,10155
15832,15588,10156
15833,15589,10157
15834,15590,10158
15835,15591,10159
15836,15592,10160
15837,15593,10161
15838,15594,10162
15839,15595,10163
15840,15596,10164
15841,15597,10165
15842,15598,10166
15843,15599,10167
15844,15600,10168
15845,15601,10169
15846,15602,10170
15847,15603,10171
15848,15604,10172
15849,15605,10173
15850,15606,10174
15851,15607,10175
15852,15608,10176
15853,15609,10177
15854,15610,10178
15855,15611,10179
15856,15612,10180
15857,15613,10181
15858,15614,10182
15859,15615,10183
15860,15616,10184
15861,15617,10185
15862,15618,10186
15863,15619,10187
15864,15620,10188
15865,15621,10189
15866,15622,10190
15867,15623,10191
15868,15624,10192
15869,15625,10193
15870,15626,10194
15871,15627,10195
15872,15628,10196
15873,15629,10197
15874,15630,10198
15875,15631,10199
15876,15632,10200
15877,15633,10201
15878,15634,10202
15879,15635,10203
15880,15636,10204
15881,15637,10205
15882,15638,10206
15883,15639,10207
15884,15640,10208
15885,15641,10209
15886,15642,10210
15887,15643,10211
15888,15644,10212
15889,15645,10213
15890,15646,10214
15891,15647,10215
15892,15648,10216
15893,15649,10217
15894,15650,10218
15895,15651,10219
15896,15652,10220
15897,15653,10221
15898,15654,10222
15899,15655,10223
15900,15656,10224
15901,15657,10225
15902,15658,10226
15903,15659,10227
15904,15660,10228
15905,15661,10229
15906,15662,10230
15907,15663,10231
15908,15664,10231
15909,15665,10231
15910,15666,10231
15911,15667,10231
15912,15668,10231
15913,15669,10231
15914,15670,10231
15915,15671,10231
15916,15672,10231
15917,15673,10231
15918,15674,10231
15919,15675,10231
15920,15676,10231
15921,15677,10231
15922,15678,10231
15923,15679,10231
15924,15680,10232
15925,15681,10233
15926,15682,10234
15927,15683,10235
15928,15684,10236
15929,15685,10237
15930,15686,10238
15931,15687,10239
15932,15688,10240
15933,15689,10241
15934,15690,10242
15935,15691,10243
15936,15692,10244
15937,15693,10245
15938,15694,10246
15939,15695,10247
15940,15696,10248
15941,15697,10249
15942,15698,10250
15943,15699,10251
15944,15700,10252
15945,15701,10253
15946,15702,10254
15947,15703,10255
15948,15704,10256
15949,15705,10257
15950,15706,10257
15951,15707,10257
15952,15708,10257
15953,15709,10257
15954,15710,10257
15955,15711,10257
15956,15712,10257
15957,15713,10257
15958,15714,10257
15959,15715,10257
15960,15716,10257
15961,15717,10257
15962,15718,10257
15963,15719,10257
15964,15720,10257
15965,15721,10257
15966,15722,10257
15967,15723,10257
15968,15724,10257
15969,15725,10257
15970,15726,10257
15971,15727,10257
15972,15728,10257
15973,15729,10257
15974,15730,10257
15975,15731,10257
15976,15732,10257
15977,15733,10257
15978,15734,10257
15979,15735,10257
15980,15736,10257
15981,15737,10257
15982,15738,10257
15983,15739,10257
15984,15740,10257
15985,15741,10257
15986,15742,10257
15987,15743,10257
15988,15744,10257
15989,15745,10257
15990,15746,10257
15991,15747,10257
15992,15748,10257
15993,15749,10257
15994,15750,10257
15995,15751,10257
15996,15752,10257
15997,15753,10257
15998,15754,10257
15999,15755,10258
16000,15756,10259
16001,15757,10260
16002,15758,10261
16003,15759,10262
16004,15760,10263
16005,15761,10264
16006,15762,10264
16007,15763,10264
16008,15764,10264
16009,15765,10264
16010,15766,10264
16011,15767,10264
16012,15768,10264
16013,15769,10264
16014,15770,10264
16015,15771,10264
16016,15772,10264
16017,15773,10264
16018,15774,10264
16019,15775,10264
16020,15776,10264
16021,15777,10264
16022,15778,10264
16023,15779,10264
16024,15780,10264
16025,15781,10264
16026,15782,10264
16027,15783,10264
16028,15784,10264
16029,15785,10264
16030,15786,10264
16031,15787,10264
16032,15788,10264
16033,15789,10264
16034,15790,10264
16035,15791,10264
16036,15792,10264
16037,15793,10264
16038,15794,10264
16039,15795,10264
16040,15796,10264
16041,15797,10264
16042,15798,10264
16043,15799,10264
16044,15800,10265
16045,15801,10266
16046,15802,10267
16047,15803,10268
16048,15804,10269
16049,15805,10270
16050,15806,10271
16051,15807,10272
16052,15808,10273
16053,15809,10274
16054,15810,10275
16055,15811,10276
16056,15812,10277
16057,15813,10278
16058,15814,10279
16059,15815,10280
16060,15816,10281
16061,15817,10282
16062,15818,10283
16063,15819,10284
16064,15820,10285
16065,15821,10286
16066,15822,10287
16067,15823,10288
16068,15824,10288
16069,15825,10288
16070,15826,10288
16071,15827,10288
16072,15828,10288
16073,15829,10289
16074,15830,10290
16075,15831,10291
16076,15832,10292
16077,15833,10293
16078,15834,10294
16079,15835,10295
16080,15836,10296
16081,15837,10297
16082,15838,10298
16083,15839,10299
16084,15840,10300
16085,15841,10301
16086,15842,10301
16087,15843,10301
16088,15844,10301
16089,15845,10301
16090,15846,10301
16091,15847,10301
16092,15848,10301
16093,15849,10301
16094,15850,10301
16095,15851,10301
16096,15852,10301
16097,15853,10301
16098,15854,10301
16099,15855,10301
16100,15856,10301
16101,15857,10301
16102,15858,10301
16103,15859,10301
16104,15860,10301
16105,15861,10301
16106,15862,10301
16107,15863,10301
16108,15864,10301
16109,15865,10301
16110,15866,10301
16111,15867,10301
16112,15868,10301
16113,15869,10301
16114,15870,10301
16115,15871,10301
16116,15872,10301
16117,15873,10301
16118,15874,10301
16119,15875,10301
16120,15876,10301
16121,15877,10301
16122,15878,10301
16123,15879,10301
16124,15880,10301
16125,15881,10301
16126,15882,10301
16127,15883,10301
16128,15884,10301
16129,15885,10301
16130,15886,10301
16131,15887,10301
16132,15888,10301
16133,15889,10301
16134,15890,10301
16135,15891,10301
16136,15892,10301
16137,15893,10301
16138,15894,10301
16139,15895,10301
16140,15896,10301
16141,15897,10301
16142,15898,10301
16143,15899,10301
16144,15900,10301
16145,15901,10301
16146,15902,10301
16147,15903,10301
16148,15904,10301
16149,15905,10301
16150,15906,10301
16151,15907,10301
16152,15908,10301
16153,15909,10301
16154,15910,10301
16155,15911,10301
16156,15912,10301
16157,15913,10301
16158,15914,10301
16159,15915,10301
16160,15916,10301
16161,15917,10301
16162,15918,10301
16163,15919,10301
16164,15920,10301
16165,15921,10301
16166,15922,10301
16167,15923,10301
16168,15924,10301
16169,15925,10301
16170,15926,10301
16171,15927,10301
16172,15928,10301
16173,15929,10301
16174,15930,10301
16175,15931,10301
16176,15932,10301
16177,15933,10301
16178,15934,10301
16179,15935,10301
16180,15936,10301
16181,15937,10301
16182,15938,10301
16183,15939,10301
16184,15940,10301
16185,15941,10301
16186,15942,10301
16187,15943,10301
16188,15944,10301
16189,15945,10302
16190,15946,10303
16191,15947,10304
16192,15948,10305
16193,15949,10306
16194,15950,10307
16195,15951,10308
16196,15952,10309
16197,15953,10310
16198,15954,10311
16199,15955,10312
16200,15956,10313
16201,15957,10314
16202,15958,10315
16203,15959,10316
16204,15960,10317
16205,15961,10318
16206,15962,10319
16207,15963,10320
16208,15964,10321
16209,15965,10322
16210,15966,10323
16211,15967,10324
16212,15968,10325
16213,15969,10326
16214,15970,10327
16215,15971,10328
16216,15972,10329
16217,15973,10330
16218,15974,10331
16219,15975,10332
16220,15976,10333
16221,15977,10334
16222,15978,10335
16223,15979,10336
16224,15980,10337
16225,15980,10338
16226,15980,10339
16227,15980,10340
16228,15980,10341
16229,15980,10342
16230,15980,10343
16231,15980,10344
16232,15980,10345
16233,15980,10346
16234,15980,10347
16235,15980,10348
16236,15980,10349
16237,15980,10350
16238,15980,10351
16239,15980,10352
16240,15980,10353
16241,15981,10354
16242,15982,10355
16243,15983,10356
16244,15984,10357
16245,15985,10358
16246,15986,10359
16247,15987,10360
16248,15988,10361
16249,15989,10362
16250,15990,10363
16251,15991,10364
16252,15992,10365
16253,15993,10366
16254,15994,10367
16255,15995,10368
16256,15996,10369
16257,15997,10370
16258,15998,10371
16259,15999,10372
16260,16000,10373
16261,16001,10374
16262,16002,10375
16263,16003,10376
16264,16004,10377
16265,16005,10378
16266,16006,10379
16267,16007,10380
16268,16008,10381
16269,16009,10382
16270,16010,10383
16271,16011,10384
16272,16012,10385
16273,16013,10386
16274,16014,10387
16275,16015,10388
16276,16016,10389
16277,16017,10390
16278,16018,10391
16279,16019,10392
16280,16020,10393
16281,16021,10394
16282,16022,10395
16283,16023,10396
16284,16024,10397
16285,16025,10398
16286,16026,10399
16287,16027,10400
16288,16028,10401
16289,16029,10402
16290,16030,10403
16291,16031,10404
16292,16032,10405
16293,16033,10406
16294,16034,10407
16295,16035,10408
16296,16036,10409
16297,16037,10409
16298,16038,10409
16299,16039,10409
16300,16040,10410
16301,16041,10411
16302,16042,10412
16303,16043,10413
16304,16044,10414
16305,16045,10415
16306,16046,10416
16307,16047,10417
16308,16048,10418
16309,16049,10419
16310,16050,10420
16311,16051,10421
16312,16052,10422
16313,16053,10422
16314,16054,10422
16315,16055,10422
16316,16056,10422
16317,16057,10422
16318,16058,10422
16319,16059,10422
16320,16060,10422
16321,16061,10422
16322,16062,10422
16323,16063,10422
16324,16064,10422
16325,16065,10422
16326,16066,10422
16327,16067,10422
16328,16068,10422
16329,16069,10422
16330,16070,10422
16331,16071,10422
16332,16072,10422
16333,16073,10422
16334,16074,10422
16335,16075,10422
16336,16076,10422
16337,16077,10423
16338,16078,10424
16339,16079,10425
16340,16080,10426
16341,16081,10427
16342,16082,10427
16343,16083,10427
16344,16084,10428
16345,16085,10429
16346,16086,10430
16347,16087,10431
16348,16088,10432
16349,16089,10433
16350,16090,10434
16351,16091,10435
16352,16092,10436
16353,16093,10437
16354,16094,10438
16355,16095,10439
16356,16096,10440
16357,16097,10441
16358,16098,10442
16359,16099,10443
16360,16100,10444
16361,16100,10445
16362,16100,10446
16363,16101,10447
16364,16102,10448
16365,16103,10449
16366,16104,10450
16367,16105,10451
16368,16106,10452
16369,16107,10453
16370,16108,10454
16371,16109,10455
16372,16110,10456
16373,16111,10457
16374,16112,10458
16375,16113,10459
16376,16114,10460
16377,16115,10461
16378,16116,10462
16379,16117,10463
16380,16118,10464
16381,16119,10465
16382,16120,10466
16383,16121,10466
16384,16122,10466
16385,16123,10466
16386,16124,10466
16387,16125,10466
16388,16126,10466
16389,16127,10466
16390,16128,10466
16391,16129,10466
16392,16130,10466
16393,16131,10466
16394,16132,10466
16395,16133,10466
16396,16134,10466
16397,16135,10466
16398,16136,10466
16399,16137,10466
16400,16138,10466
16401,16139,10466
16402,16140,10466
16403,16141,10466
16404,16142,10466
16405,16143,10466
16406,16144,10466
16407,16145,10466
16408,16146,10467
16409,16147,10468
16410,16148,10469
16411,16149,10470
16412,16150,10471
16413,16151,10472
16414,16152,10473
16415,16153,10474
16416,16154,10475
16417,16155,10476
16418,16156,10477
16419,16157,10478
16420,16158,10479
16421,16159,10480
16422,16160,10481
16423,16161,10482
16424,16162,10483
16425,16163,10484
16426,16164,10485
16427,16165,10486
16428,16166,10487
16429,16167,10488
16430,16168,10489
16431,16169,10490
16432,16170,10491
16433,16171,10492
16434,16172,10493
16435,16173,10494
16436,16174,10495
16437,16175,10496
16438,16176,10497
16439,16177,10498
16440,16178,10499
16441,16179,10500
16442,16180,10500
16443,16181,10500
16444,16182,10500
16445,16183,10500
16446,16184,10500
16447,16185,10500
16448,16186,10500
16449,16187,10500
16450,16188,10500
16451,16189,10500
16452,16190,10500
16453,16191,10500
16454,16192,10500
16455,16193,10500
16456,16194,10500
16457,16195,10500
16458,16196,10500
16459,16197,10501
16460,16198,10502
16461,16199,10503
16462,16200,10504
16463,16201,10505
16464,16202,10505
16465,16203,10505
16466,16204,10505
16467,16205,10505
16468,16206,10505
16469,16207,10505
16470,16208,10506
16471,16209,10507
16472,16210,10508
16473,16211,10509
16474,16212,10510
16475,16213,10511
16476,16214,10512
16477,16215,10513
16478,16216,10514
16479,16217,10515
16480,16218,10516
16481,16219,10517
16482,16220,10518
16483,16221,10518
16484,16222,10518
16485,16223,10518
16486,16224,10518
16487,16225,10518
16488,16226,10518
16489,16227,10518
16490,16228,10518
16491,16229,10518
16492,16230,10518
16493,16231,10518
16494,16232,10518
16495,16233,10518
16496,16234,10518
16497,16235,10518
16498,16236,10519
16499,16237,10520
16500,16238,10521
16501,16239,10522
16502,16240,10523
16503,16241,10524
16504,16242,10525
16505,16243,10526
16506,16244,10527
16507,16245,10528
16508,16246,10529
16509,16247,10530
16510,16248,10531
16511,16249,10532
16512,16250,10533
16513,16251,10534
16514,16252,10535
16515,16253,10536
16516,16254,10537
16517,16255,10538
16518,16256,10539
16519,16257,10540
16520,16258,10541
16521,16259,10541
16522,16260,10541
16523,16261,10541
16524,16262,10541
16525,16263,10541
16526,16264,10541
16527,16265,10541
16528,16266,10541
16529,16267,10541
16530,16268,10541
16531,16269,10541
16532,16270,10542
16533,16271,10543
16534,16272,10544
16535,16273,10545
16536,16274,10546
16537,16275,10547
16538,16276,10548
16539,16277,10549
16540,16278,10550
16541,16279,10551
16542,16280,10552
16543,16281,10553
16544,16282,10554
16545,16283,10555
16546,16284,10555
16547,16285,10555
16548,16286,10555
16549,16287,10555
16550,16288,10555
16551,16289,10555
16552,16290,10555
16553,16291,10555
16554,16292,10555
16555,16293,10555
16556,16294,10555
16557,16295,10555
16558,16296,10555
16559,16297,10555
16560,16298,10555
16561,16299,10555
16562,16300,10555
16563,16301,10555
16564,16302,10555
16565,16303,10555
16566,16304,10555
16567,16305,10556
16568,16306,10557
16569,16307,10558
16570,16308,10559
16571,16309,10560
16572,16310,10561
16573,16311,10562
16574,16312,10563
16575,16313,10564
16576,16314,10565
16577,16315,10566
16578,16316,10567
16579,16317,10568
16580,16318,10569
16581,16319,10570
16582,16320,10571
16583,16321,10572
16584,16322,10573
16585,16323,10574
16586,16324,10575
16587,16325,10576
16588,16326,10576
16589,16327,10576
16590,16328,10576
16591,16329,10576
16592,16330,10576
16593,16331,10576
16594,16332,10576
16595,16333,10576
16596,16334,10576
16597,16335,10576
16598,16336,10576
16599,16337,10576
16600,16338,10576
16601,16339,10576
16602,16340,10577
16603,16341,10577
16604,16342,10577
16605,16343,10577
16606,16344,10577
16607,16345,10577
16608,16346,10577
16609,16347,10577
16610,16348,10577
16611,16349,10577
16612,16350,10577
16613,16351,10577
16614,16352,10577
16615,16353,10577
16616,16354,10577
16617,16355,10577
16618,16356,10578
16619,16357,10579
16620,16358,10580
16621,16359,10581
16622,16360,10582
16623,16361,10583
16624,16362,10584
16625,16363,10585
16626,16364,10586
16627,16365,10587
16628,16366,10588
16629,16367,10589
16630,16368,10590
16631,16369,10591
16632,16370,10592
16633,16371,10593
16634,16372,10594
16635,16373,10594
16636,16374,10594
16637,16375,10594
16638,16376,10594
16639,16377,10594
16640,16378,10594
16641,16379,10594
16642,16380,10594
16643,16381,10594
16644,16382,10594
16645,16383,10594
16646,16384,10594
16647,16385,10594
16648,16386,10594
16649,16387,10594
16650,16388,10594
16651,16389,10594
16652,16390,10594
16653,16391,10594
16654,16392,10594
16655,16393,10594
16656,16394,10594
16657,16395,10594
16658,16396,10594
16659,16397,10594
16660,16398,10594
16661,16399,10595
16662,16400,10596
16663,16401,10597
16664,16402,10598
16665,16403,10598
16666,16404,10598
16667,16405,10598
16668,16406,10598
16669,16407,10598
16670,16408,10598
16671,16409,10598
16672,16410,10598
16673,16411,10598
16674,16412,10598
16675,16413,10598
16676,16414,10598
16677,16415,10598
16678,16416,10599
16679,16417,10600
16680,16418,10601
16681,16419,10602
16682,16420,10603
16683,16420,10604
16684,16420,10605
16685,16420,10606
16686,16420,10607
16687,16420,10608
16688,16420,10609
16689,16420,10610
16690,16420,10611
16691,16420,10612
16692,16420,10613
16693,16420,10614
16694,16420,10615
16695,16420,10616
16696,16420,10617
16697,16420,10618
16698,16420,10619
16699,16421,10620
16700,16422,10621
16701,16423,10622
16702,16424,10623
16703,16425,10624
16704,16426,10625
16705,16427,10626
16706,16428,10627
16707,16429,10628
16708,16430,10629
16709,16431,10630
16710,16432,10631
16711,16433,10632
16712,16434,10633
16713,16435,10634
16714,16436,10635
16715,16437,10636
16716,16438,10637
16717,16439,10638
16718,16440,10639
16719,16441,10640
16720,16442,10641
16721,16443,10642
16722,16444,10643
16723,16445,10644
16724,16446,10645
16725,16447,10646
16726,16448,10647
16727,16449,10648
16728,16450,10649
16729,16451,10650
16730,16452,10650
16731,16453,10650
16732,16454,10650
16733,16455,10650
16734,16456,10650
16735,16457,10650
16736,16458,10650
16737,16459,10650
16738,16460,10650
16739,16461,10650
16740,16462,10650
16741,16463,10650
16742,16464,10650
16743,16465,10650
16744,16466,10650
16745,16467,10650
16746,16468,10651
16747,16469,10652
16748,16470,10653
16749,16471,10654
16750,16472,10655
16751,16473,10656
16752,16474,10657
16753,16475,10658
16754,16476,10659
16755,16477,10660
16756,16478,10661
16757,16479,10662
16758,16480,10663
16759,16481,10664
16760,16482,10665
16761,16483,10666
16762,16484,10666
16763,16485,10666
16764,16486,10666
16765,16487,10666
16766,16488,10666
16767,16489,10666
16768,16490,10666
16769,16491,10666
16770,16492,10666
16771,16493,10666
16772,16494,10666
16773,16495,10666
16774,16496,10667
16775,16497,10668
16776,16498,10669
16777,16499,10670
16778,16500,10671
16779,16501,10672
16780,16502,10673
16781,16503,10673
16782,16504,10673
16783,16505,10673
16784,16506,10673
16785,16507,10673
16786,16508,10673
16787,16509,10673
16788,16510,10673
16789,16511,10673
16790,16512,10673
16791,16513,10673
16792,16514,10673
16793,16515,10673
16794,16516,10673
16795,16517,10673
16796,16518,10674
16797,16519,10675
16798,16520,10676
16799,16521,10676
16800,16522,10676
16801,16523,10676
16802,16524,10676
16803,16525,10676
16804,16526,10677
16805,16527,10678
16806,16528,10679
16807,16529,10680
16808,16530,10681
16809,16531,10682
16810,16532,10683
16811,16533,10684
16812,16534,10685
16813,16535,10686
16814,16536,10687
16815,16537,10688
16816,16538,10689
16817,16539,10690
16818,16540,10691
16819,16541,10692
16820,16542,10693
16821,16543,10694
16822,16544,10695
16823,16545,10696
16824,16546,10697
16825,16547,10698
16826,16548,10699
16827,16549,10700
16828,16550,10701
16829,16551,10702
16830,16552,10703
16831,16553,10704
16832,16554,10705
16833,16555,10705
16834,16556,10705
16835,16557,10705
16836,16558,10705
16837,16559,10705
16838,16560,10706
16839,16561,10706
16840,16562,10706
16841,16563,10706
16842,16564,10706
16843,16565,10706
16844,16566,10706
16845,16567,10706
16846,16568,10706
16847,16569,10706
16848,16570,10706
16849,16571,10706
16850,16572,10707
16851,16573,10708
16852,16574,10709
16853,16575,10710
16854,16576,10711
16855,16577,10712
16856,16578,10713
16857,16579,10714
16858,16580,10715
16859,16581,10716
16860,16582,10717
16861,16583,10718
16862,16584,10719
16863,16585,10719
16864,16586,10719
16865,16587,10719
16866,16588,10719
16867,16589,10719
16868,16590,10719
16869,16591,10719
16870,16592,10719
16871,16593,10720
16872,16594,10721
16873,16595,10722
16874,16596,10723
16875,16597,10724
16876,16598,10725
16877,16599,10726
16878,16600,10727
16879,16601,10728
16880,16602,10729
16881,16603,10730
16882,16604,10731
16883,16605,10732
16884,16606,10733
16885,16607,10734
16886,16608,10735
16887,16609,10736
16888,16610,10737
16889,16611,10738
16890,16612,10738
16891,16613,10738
16892,16614,10738
16893,16615,10738
16894,16616,10738
16895,16617,10738
16896,16618,10738
16897,16619,10738
16898,16620,10738
16899,16621,10738
16900,16622,10738
16901,16623,10738
16902,16624,10739
16903,16625,10740
16904,16626,10741
16905,16627,10742
16906,16628,10743
16907,16629,10744
16908,16630,10745
16909,16631,10746
16910,16632,10747
16911,16633,10748
16912,16634,10749
16913,16635,10750
16914,16636,10751
16915,16637,10752
16916,16638,10753
16917,16639,10754
16918,16640,10755
16919,16641,10756
16920,16642,10756
16921,16643,10756
16922,16644,10756
16923,16645,10756
16924,16646,10756
16925,16647,10756
16926,16648,10756
16927,16649,10756
16928,16650,10756
16929,16651,10756
16930,16652,10756
16931,16653,10756
16932,16654,10756
16933,16655,10756
16934,16656,10756
16935,16657,10756
16936,16658,10756
16937,16659,10756
16938,16660,10757
16939,16661,10757
16940,16662,10757
16941,16663,10757
16942,16664,10757
16943,16665,10757
16944,16666,10757
16945,16667,10757
16946,16668,10757
16947,16669,10757
16948,16670,10757
16949,16671,10757
16950,16672,10757
16951,16673,10757
16952,16674,10757
16953,16675,10757
16954,16676,10757
16955,16677,10757
16956,16678,10757
16957,16679,10757
16958,16680,10757
16959,16681,10757
16960,16682,10757
16961,16683,10757
16962,16684,10757
16963,16685,10757
16964,16686,10757
16965,16687,10757
16966,16688,10757
16967,16689,10757
16968,16690,10757
16969,16691,10757
16970,16692,10757
16971,16693,10757
16972,16694,10757
16973,16695,10757
16974,16696,10757
16975,16697,10757
16976,16698,10757
16977,16699,10758
16978,16700,10759
16979,16701,10760
16980,16702,10761
16981,16703,10762
16982,16704,10763
16983,16705,10764
16984,16706,10765
16985,16707,10766
16986,16708,10767
16987,16709,10768
16988,16710,10769
16989,16711,10770
16990,16712,10771
16991,16713,10772
16992,16714,10773
16993,16715,10774
16994,16716,10775
16995,16717,10776
16996,16718,10777
16997,16719,10778
16998,16720,10779
16999,16721,10780
17000,16722,10781
17001,16723,10782
17002,16724,10783
17003,16725,10784
17004,16726,10785
17005,16727,10786
17006,16728,10787
17007,16729,10788
17008,16730,10789
17009,16731,10790
17010,16732,10791
17011,16733,10792
17012,16734,10793
17013,16735,10794
17014,16736,10795
17015,16737,10796
17016,16738,10796
17017,16739,10797
17018,16740,10798
17019,16741,10799
17020,16742,10800
17021,16743,10801
17022,16744,10802
17023,16745,10803
17024,16746,10804
17025,16747,10805
17026,16748,10806
17027,16749,10807
17028,16750,10808
17029,16751,10809
17030,16752,10810
17031,16753,10811
17032,16754,10812
17033,16755,10813
17034,16756,10814
17035,16757,10815
17036,16758,10816
17037,16759,10817
17038,16760,10818
17039,16761,10819
17040,16762,10820
17041,16763,10821
17042,16764,10822
17043,16765,10823
17044,16766,10824
17045,16767,10825
17046,16768,10826
17047,16769,10827
17048,16770,10828
17049,16771,10829
17050,16772,10830
17051,16773,10831
17052,16774,10831
17053,16775,10831
17054,16776,10831
17055,16777,10831
17056,16778,10831
17057,16779,10831
17058,16780,10831
17059,16781,10831
17060,16782,10831
17061,16783,10831
17062,16784,10831
17063,16785,10831
17064,16786,10831
17065,16787,10831
17066,16788,10831
17067,16789,10832
17068,16790,10833
17069,16791,10834
17070,16792,10835
17071,16793,10835
17072,16794,10835
17073,16795,10835
17074,16796,10836
17075,16797,10837
17076,16798,10838
17077,16799,10839
17078,16800,10840
17079,16801,10841
17080,16802,10842
17081,16803,10843
17082,16804,10844
17083,16805,10845
17084,16806,10846
17085,16807,10847
17086,16808,10847
17087,16809,10847
17088,16810,10847
17089,16811,10847
17090,16812,10847
17091,16813,10847
17092,16814,10847
17093,16815,10847
17094,16816,10847
17095,16817,10847
17096,16818,10847
17097,16819,10848
17098,16820,10849
17099,16821,10850
17100,16822,10851
17101,16823,10851
17102,16824,10851
17103,16825,10851
17104,16826,10851
17105,16827,10851
17106,16828,10851
17107,16829,10851
17108,16830,10851
17109,16831,10851
17110,16832,10851
17111,16833,10851
17112,16834,10851
17113,16835,10851
17114,16836,10851
17115,16837,10851
17116,16838,10851
17117,16839,10852
17118,16840,10853
17119,16841,10854
17120,16842,10855
17121,16843,10856
17122,16844,10857
17123,16845,10858
17124,16846,10859
17125,16847,10860
17126,16848,10861
17127,16849,10862
17128,16850,10863
17129,16851,10864
17130,16852,10865
17131,16853,10866
17132,16854,10867
17133,16855,10868
17134,16856,10869
17135,16857,10870
17136,16858,10871
17137,16859,10872
17138,16860,10873
17139,16861,10874
17140,16862,10875
17141,16863,10876
17142,16864,10877
17143,16865,10878
17144,16866,10879
17145,16867,10879
17146,16868,10879
17147,16869,10879
17148,16870,10879
17149,16871,10879
17150,16872,10879
17151,16873,10879
17152,16874,10879
17153,16875,10880
17154,16876,10881
17155,16877,10882
17156,16878,10883
17157,16879,10884
17158,16880,10885
17159,16881,10886
17160,16882,10886
17161,16883,10886
17162,16884,10886
17163,16885,10886
17164,16886,10886
17165,16887,10886
17166,16888,10886
17167,16889,10886
17168,16890,10887
17169,16891,10888
17170,16892,10889
17171,16893,10890
17172,16894,10891
17173,16895,10892
17174,16896,10893
17175,16897,10894
17176,16898,10895
17177,16899,10896
17178,16900,10897
17179,16900,10898
17180,16900,10899
17181,16900,10900
17182,16900,10901
17183,16900,10902
17184,16900,10903
17185,16900,10904
17186,16900,10905
17187,16901,10906
17188,16902,10907
17189,16903,10908
17190,16904,10909
17191,16905,10910
17192,16906,10911
17193,16907,10912
17194,16908,10913
17195,16909,10914
17196,16910,10915
17197,16911,10916
17198,16912,10917
17199,16913,10918
17200,16914,10919
17201,16915,10920
17202,16916,10921
17203,16917,10922
17204,16918,10923
17205,16919,10924
17206,16920,10925
17207,16921,10926
17208,16922,10927
17209,16923,10927
17210,16924,10927
17211,16925,10927
17212,16926,10927
17213,16927,10927
17214,16928,10927
17215,16929,10927
17216,16930,10928
17217,16931,10928
17218,16932,10928
17219,16933,10928
17220,16934,10928
17221,16935,10928
17222,16936,10929
17223,16937,10930
17224,16938,10931
17225,16939,10932
17226,16940,10933
17227,16941,10933
17228,16942,10933
17229,16943,10933
17230,16944,10933
17231,16945,10933
17232,16946,10933
17233,16947,10933
17234,16948,10933
17235,16949,10933
17236,16950,10933
17237,16951,10933
17238,16952,10933
17239,16953,10933
17240,16954,10933
17241,16955,10933
17242,16956,10933
17243,16957,10933
17244,16958,10933
17245,16959,10933
17246,16960,10934
17247,16961,10935
17248,16962,10935
17249,16963,10935
17250,16964,10935
17251,16965,10935
17252,16966,10935
17253,16967,10935
17254,16968,10935
17255,16969,10935
17256,16970,10935
17257,16971,10935
17258,16972,10935
17259,16973,10935
17260,16974,10935
17261,16975,10935
17262,16976,10935
17263,16977,10936
17264,16978,10937
17265,16979,10938
17266,16980,10939
17267,16981,10940
17268,16982,10941
17269,16983,10942
17270,16984,10942
17271,16985,10942
17272,16986,10942
17273,16987,10942
17274,16988,10942
17275,16989,10942
17276,16990,10942
17277,16991,10942
17278,16992,10942
17279,16993,10942
17280,16994,10942
17281,16995,10942
17282,16996,10943
17283,16997,10944
17284,16998,10945
17285,16999,10946
17286,17000,10947
17287,17001,10948
17288,17002,10949
17289,17003,10950
17290,17004,10951
17291,17005,10951
17292,17006,10951
17293,17007,10951
17294,17008,10951
17295,17009,10951
17296,17010,10951
17297,17011,10951
17298,17012,10952
17299,17013,10953
17300,17014,10954
17301,17015,10955
17302,17016,10956
17303,17017,10957
17304,17018,10958
17305,17019,10959
17306,17020,10960
17307,17021,10961
17308,17022,10962
17309,17023,10963
17310,17024,10964
17311,17025,10965
17312,17026,10965
17313,17027,10965
17314,17028,10965
17315,17029,10965
17316,17030,10965
17317,17031,10965
17318,17032,10965
17319,17033,10965
17320,17034,10965
17321,17035,10965
17322,17036,10965
17323,17037,10966
17324,17038,10967
17325,17039,10968
17326,17040,10969
17327,17041,10969
17328,17042,10969
17329,17043,10969
17330,17044,10969
17331,17045,10969
17332,17046,10970
17333,17047,10971
17334,17048,10972
17335,17049,10973
17336,17050,10974
17337,17051,10975
17338,17052,10976
17339,17053,10977
17340,17054,10978
17341,17055,10979
17342,17056,10980
17343,17057,10981
17344,17058,10982
17345,17059,10983
17346,17060,10984
17347,17061,10985
17348,17062,10986
17349,17063,10987
17350,17064,10988
17351,17065,10989
17352,17066,10990
17353,17067,10991
17354,17068,10992
17355,17069,10992
17356,17070,10993
17357,17071,10994
17358,17072,10995
17359,17073,10996
17360,17074,10997
17361,17075,10998
17362,17076,10999
17363,17077,11000
17364,17078,11001
17365,17079,11002
17366,17080,11003
17367,17081,11004
17368,17082,11005
17369,17083,11005
17370,17084,11005
17371,17085,11005
17372,17086,11005
17373,17087,11005
17374,17088,11005
17375,17089,11005
17376,17090,11005
17377,17091,11005
17378,17092,11005
17379,17093,11005
17380,17094,11006
17381,17095,11007
17382,17096,11008
17383,17097,11009
17384,17098,11010
17385,17099,11011
17386,17100,11012
17387,17101,11013
17388,17102,11014
17389,17103,11015
17390,17104,11015
17391,17105,11015
17392,17106,11015
17393,17107,11015
17394,17108,11015
17395,17109,11015
17396,17110,11015
17397,17111,11015
17398,17112,11015
17399,17113,11015
17400,17114,11015
17401,17115,11015
17402,17116,11016
17403,17117,11017
17404,17118,11018
17405,17119,11019
17406,17120,11020
17407,17121,11021
17408,17122,11022
17409,17123,11023
17410,17124,11024
17411,17125,11025
17412,17126,11026
17413,17127,11026
17414,17128,11026
17415,17129,11026
17416,17130,11026
17417,17131,11027
17418,17132,11028
17419,17133,11029
17420,17134,11030
17421,17135,11031
17422,17136,11032
17423,17137,11033
17424,17138,11034
17425,17139,11035
17426,17140,11036
17427,17141,11037
17428,17142,11038
17429,17143,11039
17430,17144,11040
17431,17145,11041
17432,17146,11042
17433,17147,11043
17434,17148,11044
17435,17149,11045
17436,17150,11046
17437,17151,11047
17438,17152,11048
17439,17153,11049
17440,17154,11050
17441,17155,11051
17442,17156,11052
17443,17157,11053
17444,17158,11054
17445,17159,11055
17446,17160,11055
17447,17161,11055
17448,17162,11055
17449,17163,11055
17450,17164,11055
17451,17165,11055
17452,17166,11055
17453,17167,11055
17454,17168,11055
17455,17169,11055
17456,17170,11055
17457,17171,11055
17458,17172,11055
17459,17173,11055
17460,17174,11055
17461,17175,11055
17462,17176,11055
17463,17177,11055
17464,17178,11055
17465,17179,11055
17466,17180,11055
17467,17181,11055
17468,17182,11055
17469,17183,11055
17470,17184,11055
17471,17185,11055
17472,17186,11055
17473,17187,11055
17474,17188,11055
17475,17189,11055
17476,17190,11055
17477,17191,11055
17478,17192,11055
17479,17193,11055
17480,17194,11055
17481,17195,11055
17482,17196,11055
17483,17197,11055
17484,17198,11055
17485,17199,11055
17486,17200,11055
17487,17201,11055
17488,17202,11055
17489,17203,11055
17490,17204,11055
17491,17205,11055
17492,17206,11055
17493,17207,11055
17494,17208,11055
17495,17209,11055
17496,17210,11055
17497,17211,11055
17498,17212,11055
17499,17213,11055
17500,17214,11056
17501,17215,11056
17502,17216,11056
17503,17217,11056
17504,17218,11056
17505,17219,11057
17506,17220,11058
17507,17221,11059
17508,17222,11060
17509,17223,11060
17510,17224,11060
17511,17225,11060
17512,17226,11060
17513,17227,11061
17514,17228,11061
17515,17229,11061
17516,17230,11061
17517,17231,11061
17518,17232,11061
17519,17233,11061
17520,17234,11061
17521,17235,11061
17522,17236,11061
17523,17237,11061
17524,17238,11061
17525,17239,11061
17526,17240,11062
17527,17241,11062
17528,17242,11062
17529,17243,11062
17530,17244,11062
17531,17245,11062
17532,17246,11062
17533,17247,11062
17534,17248,11062
17535,17249,11062
17536,17250,11062
17537,17251,11062
17538,17252,11062
17539,17253,11062
17540,17254,11062
17541,17255,11062
17542,17256,11062
17543,17257,11062
17544,17258,11062
17545,17259,11062
17546,17260,11063
17547,17261,11063
17548,17262,11063
17549,17263,11063
17550,17264,11063
17551,17265,11063
17552,17266,11064
17553,17267,11065
17554,17268,11066
17555,17269,11067
17556,17270,11068
17557,17271,11069
17558,17272,11070
17559,17273,11071
17560,17274,11072
17561,17275,11073
17562,17276,11074
17563,17277,11075
17564,17278,11076
17565,17279,11077
17566,17280,11078
17567,17281,11079
17568,17282,11080
17569,17283,11081
17570,17284,11082
17571,17285,11083
17572,17286,11084
17573,17287,11085
17574,17288,11086
17575,17289,11087
17576,17290,11088
17577,17291,11089
17578,17292,11090
17579,17293,11091
17580,17294,11092
17581,17295,11093
17582,17296,11094
17583,17297,11095
17584,17298,11096
17585,17299,11097
17586,17300,11098
17587,17300,11099
17588,17300,11100
17589,17300,11101
17590,17300,11102
17591,17300,11103
17592,17300,11104
17593,17300,11105
17594,17300,11106
17595,17301,11107
17596,17302,11108
17597,17303,11109
17598,17304,11110
17599,17305,11111
17600,17306,11112
17601,17307,11113
17602,17308,11114
17603,17309,11115
17604,17310,11116
17605,17311,11117
17606,17312,11118
17607,17313,11119
17608,17314,11120
17609,17315,11121
17610,17316,11122
17611,17317,11123
17612,17318,11124
17613,17319,11125
17614,17320,11126
17615,17321,11127
17616,17322,11128
17617,17323,11129
17618,17324,11130
17619,17325,11131
17620,17326,11132
17621,17327,11133
17622,17328,11134
17623,17329,11135
17624,17330,11136
17625,17331,11137
17626,17332,11138
17627,17333,11139
17628,17334,11140
17629,17335,11141
17630,17336,11142
17631,17337,11143
17632,17338,11144
17633,17339,11145
17634,17340,11146
17635,17341,11147
17636,17342,11148
17637,17343,11148
17638,17344,11148
17639,17345,11148
17640,17346,11148
17641,17347,11148
17642,17348,11148
17643,17349,11148
17644,17350,11148
17645,17351,11148
17646,17352,11148
17647,17353,11149
17648,17354,11150
17649,17355,11151
17650,17356,11152
17651,17357,11153
17652,17358,11154
17653,17359,11155
17654,17360,11156
17655,17361,11157
17656,17362,11158
17657,17363,11159
17658,17364,11160
17659,17365,11161
17660,17366,11162
17661,17367,11163
17662,17368,11164
17663,17369,11165
17664,17370,11166
17665,17371,11166
17666,17372,11166
17667,17373,11166
17668,17374,11166
17669,17375,11167
17670,17376,11168
17671,17377,11169
17672,17378,11170
17673,17379,11171
17674,17380,11172
17675,17381,11173
17676,17382,11174
17677,17383,11175
17678,17384,11176
17679,17385,11177
17680,17386,11178
17681,17387,11179
17682,17388,11180
17683,17389,11181
17684,17390,11182
17685,17391,11183
17686,17392,11184
17687,17393,11185
17688,17394,11186
17689,17395,11187
17690,17396,11188
17691,17397,11189
17692,17398,11190
17693,17399,11191
17694,17400,11192
17695,17401,11193
17696,17402,11194
17697,17403,11195
17698,17404,11196
17699,17405,11197
17700,17406,11198
17701,17407,11199
17702,17408,11200
17703,17409,11200
17704,17410,11200
17705,17411,11200
17706,17412,11200
17707,17413,11200
17708,17414,11200
17709,17415,11200
17710,17416,11201
17711,17417,11202
17712,17418,11203
17713,17419,11204
17714,17420,11205
17715,17421,11206
17716,17422,11207
17717,17423,11208
17718,17424,11209
17719,17425,11210
17720,17426,11211
17721,17427,11211
17722,17428,11211
17723,17429,11211
17724,17430,11211
17725,17431,11211
17726,17432,11211
17727,17433,11211
17728,17434,11212
17729,17435,11213
17730,17436,11214
17731,17437,11215
17732,17438,11216
17733,17439,11217
17734,17440,11218
17735,17441,11219
17736,17442,11220
17737,17443,11220
17738,17444,11220
17739,17445,11220
17740,17446,11220
17741,17447,11220
17742,17448,11220
17743,17449,11220
17744,17450,11220
17745,17451,11220
17746,17452,11220
17747,17453,11220
17748,17454,11220
17749,17455,11220
17750,17456,11220
17751,17457,11220
17752,17458,11221
17753,17459,11222
17754,17460,11223
17755,17461,11224
17756,17462,11224
17757,17463,11224
17758,17464,11224
17759,17465,11224
17760,17466,11224
17761,17467,11224
17762,17468,11224
17763,17469,11224
17764,17470,11225
17765,17471,11226
17766,17472,11227
17767,17473,11228
17768,17474,11229
17769,17475,11230
17770,17476,11231
17771,17477,11232
17772,17478,11233
17773,17479,11234
17774,17480,11235
17775,17481,11236
17776,17482,11237
17777,17483,11237
17778,17484,11237
17779,17485,11237
17780,17486,11237
17781,17487,11237
17782,17488,11237
17783,17489,11237
17784,17490,11237
17785,17491,11237
17786,17492,11237
17787,17493,11237
17788,17494,11237
17789,17495,11237
17790,17496,11238
17791,17497,11239
17792,17498,11240
17793,17499,11241
17794,17500,11242
17795,17501,11243
17796,17502,11243
17797,17503,11244
17798,17504,11245
17799,17505,11246
17800,17506,11247
17801,17507,11248
17802,17508,11249
17803,17509,11250
17804,17510,11251
17805,17511,11252
17806,17512,11253
17807,17513,11254
17808,17514,11255
17809,17515,11256
17810,17516,11257
17811,17517,11258
17812,17518,11259
17813,17519,11260
17814,17520,11261
17815,17521,11262
17816,17522,11263
17817,17523,11264
17818,17524,11265
17819,17525,11266
17820,17526,11267
17821,17527,11268
17822,17528,11269
17823,17529,11270
17824,17530,11271
17825,17531,11272
17826,17532,11273
17827,17533,11274
17828,17534,11275
17829,17535,11275
17830,17536,11275
17831,17537,11275
17832,17538,11275
17833,17539,11276
17834,17540,11277
17835,17541,11278
17836,17542,11279
17837,17543,11280
17838,17544,11281
17839,17545,11282
17840,17546,11283
17841,17547,11284
17842,17548,11285
17843,17549,11286
17844,17550,11286
17845,17551,11286
17846,17552,11286
17847,17553,11286
17848,17554,11286
17849,17555,11286
17850,17556,11286
17851,17557,11286
17852,17558,11286
17853,17559,11286
17854,17560,11286
17855,17561,11286
17856,17562,11286
17857,17563,11286
17858,17564,11286
17859,17565,11286
17860,17566,11286
17861,17567,11286
17862,17568,11286
17863,17569,11286
17864,17570,11286
17865,17571,11286
17866,17572,11286
17867,17573,11286
17868,17574,11286
17869,17575,11286
17870,17576,11286
17871,17577,11286
17872,17578,11286
17873,17579,11287
17874,17580,11288
17875,17581,11289
17876,17582,11290
17877,17583,11290
17878,17584,11290
17879,17585,11290
17880,17586,11290
17881,17587,11290
17882,17588,11290
17883,17589,11290
17884,17590,11290
17885,17591,11290
17886,17592,11290
17887,17593,11290
17888,17594,11290
17889,17595,11291
17890,17596,11292
17891,17597,11293
17892,17598,11294
17893,17599,11295
17894,17600,11296
17895,17601,11296
17896,17602,11296
17897,17603,11296
17898,17604,11296
17899,17605,11296
17900,17606,11296
17901,17607,11296
17902,17608,11296
17903,17609,11296
17904,17610,11296
17905,17611,11296
17906,17612,11296
17907,17613,11296
17908,17614,11296
17909,17615,11296
17910,17616,11296
17911,17617,11296
17912,17618,11296
17913,17619,11296
17914,17620,11296
17915,17621,11296
17916,17622,11296
17917,17623,11296
17918,17624,11296
17919,17625,11296
17920,17626,11296
17921,17627,11296
17922,17628,11296
17923,17629,11296
17924,17630,11296
17925,17631,11296
17926,17632,11296
17927,17633,11296
17928,17634,11296
17929,17635,11296
17930,17636,11296
17931,17637,11296
17932,17638,11296
17933,17639,11296
17934,17640,11296
17935,17641,11296
17936,17642,11296
17937,17643,11296
17938,17644,11296
17939,17645,11296
17940,17646,11296
17941,17647,11296
17942,17648,11296
17943,17649,11296
17944,17650,11296
17945,17651,11296
17946,17652,11296
17947,17653,11296
17948,17654,11296
17949,17655,11296
17950,17656,11296
17951,17657,11296
17952,17658,11296
17953,17659,11296
17954,17660,11296
17955,17661,11296
17956,17662,11296
17957,17663,11296
17958,17664,11296
17959,17665,11296
17960,17666,11296
17961,17667,11296
17962,17668,11296
17963,17669,11296
17964,17670,11296
17965,17671,11296
17966,17672,11296
17967,17673,11296
17968,17674,11296
17969,17675,11296
17970,17676,11296
17971,17677,11296
17972,17678,11296
17973,17679,11296
17974,17680,11296
17975,17681,11296
17976,17682,11296
17977,17683,11296
17978,17684,11296
17979,17685,11296
17980,17686,11296
17981,17687,11296
17982,17688,11296
17983,17689,11296
17984,17690,11296
17985,17691,11296
17986,17692,11296
17987,17693,11296
17988,17694,11296
17989,17695,11296
17990,17696,11296
17991,17697,11296
17992,17698,11296
17993,17699,11296
17994,17700,11296
17995,17701,11296
17996,17702,11296
17997,17703,11296
17998,17704,11296
17999,17705,11296
18000,17706,11296
18001,17707,11296
18002,17708,11296
18003,17709,11296
18004,17710,11296
18005,17711,11296
18006,17712,11296
18007,17713,11296
18008,17714,11296
18009,17715,11296
18010,17716,11296
18011,17717,11296
18012,17718,11296
18013,17719,11296
18014,17720,11296
18015,17721,11296
18016,17722,11296
18017,17723,11296
18018,17724,11296
18019,17725,11296
18020,17726,11296
18021,17727,11296
18022,17728,11296
18023,17729,11296
18024,17730,11296
18025,17731,11296
18026,17732,11296
18027,17733,11296
18028,17734,11296
18029,17735,11296
18030,17736,11296
18031,17737,11296
18032,17738,11296
18033,17739,11296
18034,17740,11296
18035,17741,11296
18036,17742,11297
18037,17743,11298
18038,17744,11299
18039,17745,11300
18040,17746,11301
18041,17747,11302
18042,17748,11303
18043,17749,11304
18044,17750,11305
18045,17751,11306
18046,17752,11307
18047,17753,11308
18048,17754,11309
18049,17755,11310
18050,17756,11311
18051,17757,11312
18052,17758,11313
18053,17759,11314
18054,17760,11315
18055,17761,11316
18056,17762,11317
18057,17763,11318
18058,17764,11319
18059,17765,11320
18060,17766,11321
18061,17767,11322
18062,17768,11323
18063,17769,11324
18064,17770,11325
18065,17771,11326
18066,17772,11327
18067,17773,11328
18068,17774,11329
18069,17775,11330
18070,17776,11331
18071,17777,11332
18072,17778,11332
18073,17779,11332
18074,17780,11332
18075,17781,11332
18076,17782,11332
18077,17783,11332
18078,17784,11333
18079,17785,11334
18080,17786,11335
18081,17787,11336
18082,17788,11337
18083,17789,11338
18084,17790,11339
18085,17791,11340
18086,17792,11341
18087,17793,11342
18088,17794,11343
18089,17795,11344
18090,17796,11345
18091,17797,11346
18092,17798,11347
18093,17799,11348
18094,17800,11349
18095,17800,11350
18096,17800,11351
18097,17800,11352
18098,17800,11353
18099,17800,11354
18100,17800,11355
18101,17800,11356
18102,17800,11357
18103,17800,11358
18104,17800,11359
18105,17800,11360
18106,17800,11361
18107,17800,11362
18108,17800,11363
18109,17800,11364
18110,17800,11365
18111,17800,11366
18112,17800,11367
18113,17800,11368
18114,17800,11369
18115,17800,11370
18116,17800,11371
18117,17800,11372
18118,17800,11373
18119,17800,11374
18120,17800,11375
18121,17800,11376
18122,17800,11377
18123,17800,11378
18124,17800,11379
18125,17800,11380
18126,17800,11381
18127,17800,11382
18128,17800,11383
18129,17800,11384
18130,17800,11385
18131,17800,11386
18132,17800,11387
18133,17800,11388
18134,17800,11389
18135,17800,11390
18136,17800,11391
18137,17800,11392
18138,17800,11393
18139,17800,11394
18140,17800,11395
18141,17800,11396
18142,17800,11397
18143,17800,11398
18144,17800,11399
18145,17800,11400
18146,17800,11401
18147,17800,11402
18148,17800,11403
18149,17800,11404
18150,17800,11405
18151,17800,11406
18152,17800,11407
18153,17800,11408
18154,17800,11409
18155,17800,11410
18156,17800,11411
18157,17800,11412
18158,17800,11413
18159,17800,11414
18160,17800,11415
18161,17800,11416
18162,17800,11417
18163,17800,11418
18164,17800,11419
18165,17800,11420
18166,17800,11421
18167,17800,11422
18168,17800,11423
18169,17800,11424
18170,17800,11425
18171,17800,11426
18172,17800,11427
18173,17800,11428
18174,17800,11429
18175,17800,11430
18176,17800,11431
18177,17800,11432
18178,17800,11433
18179,17800,11434
18180,17800,11435
18181,17800,11436
18182,17800,11437
18183,17800,11438
18184,17800,11439
18185,17800,11440
18186,17800,11441
18187,17800,11442
18188,17800,11443
18189,17800,11444
18190,17800,11445
18191,17800,11446
18192,17800,11447
18193,17800,11448
18194,17800,11449
18195,17800,11450
18196,17800,11451
18197,17800,11452
18198,17800,11453
18199,17800,11454
18200,17800,11455
18201,17800,11456
18202,17800,11457
18203,17800,11458
18204,17800,11459
18205,17800,11460
18206,17800,11461
18207,17800,11462
18208,17800,11463
18209,17800,11464
18210,17800,11465
18211,17800,11466
18212,17800,11467
18213,17800,11468
18214,17800,11469
18215,17800,11470
18216,17800,11471
18217,17800,11472
18218,17800,11473
18219,17800,11474
18220,17800,11475
18221,17800,11476
18222,17800,11477
18223,17800,11478
18224,17800,11479
18225,17800,11480
18226,17800,11481
18227,17800,11482
18228,17800,11483
18229,17800,11484
18230,17800,11485
18231,17800,11486
18232,17800,11487
18233,17800,11488
18234,17800,11489
18235,17800,11490
18236,17800,11491
18237,17800,11492
18238,17800,11493
18239,17800,11494
18240,17800,11495
18241,17800,11496
18242,17800,11497
18243,17800,11498
18244,17800,11499
18245,17800,11500
18246,17800,11501
18247,17800,11502
18248,17800,11503
18249,17800,11504
18250,17800,11505
18251,17800,11506
18252,17800,11507
18253,17800,11508
18254,17800,11509
18255,17800,11510
18256,17800,11511
18257,17800,11512
18258,17800,11513
18259,17800,11514
18260,17800,11515
18261,17800,11516
18262,17800,11517
18263,17800,11518
18264,17800,11519
18265,17800,11520
18266,17800,11521
18267,17800,11522
18268,17800,11523
18269,17800,11524
18270,17800,11525
18271,17800,11526
18272,17800,11527
18273,17800,11528
18274,17800,11529
18275,17800,11530
18276,17800,11531
18277,17800,11532
18278,17800,11533
18279,17800,11534
18280,17800,11535
18281,17800,11536
18282,17800,11537
18283,17800,11538
18284,17800,11539
18285,17800,11540
18286,17800,11541
18287,17800,11542
18288,17800,11543
18289,17800,11544
18290,17800,11545
18291,17800,11546
18292,17800,11547
18293,17800,11548
18294,17800,11549
18295,17800,11550
18296,17801,11551
18297,17802,11552
18298,17803,11553
18299,17804,11554
18300,17805,11555
18301,17806,11556
18302,17807,11557
18303,17808,11558
18304,17809,11559
18305,17810,11560
18306,17811,11561
18307,17812,11562
18308,17813,11563
18309,17814,11564
18310,17815,11565
18311,17816,11566
18312,17817,11567
18313,17818,11568
18314,17819,11569
18315,17820,11570
18316,17821,11571
18317,17822,11572
18318,17823,11573
18319,17824,11574
18320,17825,11575
18321,17826,11576
18322,17827,11577
18323,17828,11578
18324,17829,11579
18325,17830,11580
18326,17831,11581
18327,17832,11582
18328,17833,11583
18329,17834,11584
18330,17835,11585
18331,17836,11586
18332,17837,11587
18333,17838,11588
18334,17839,11589
18335,17840,11590
18336,17841,11591
18337,17842,11592
18338,17843,11593
18339,17844,11594
18340,17845,11595
18341,17846,11596
18342,17847,11597
18343,17848,11598
18344,17849,11599
18345,17850,11600
18346,17851,11601
18347,17852,11602
18348,17853,11603
18349,17854,11604
18350,17855,11605
18351,17856,11606
18352,17857,11607
18353,17858,11608
18354,17859,11609
18355,17860,11610
18356,17861,11611
18357,17862,11612
18358,17863,11613
18359,17864,11614
18360,17865,11615
18361,17866,11616
18362,17867,11617
18363,17868,11618
18364,17869,11619
18365,17870,11620
18366,17871,11621
18367,17872,11622
18368,17873,11623
18369,17874,11624
18370,17875,11625
18371,17876,11626
18372,17877,11627
18373,17878,11628
18374,17879,11629
18375,17880,11630
18376,17881,11631
18377,17882,11632
18378,17883,11633
18379,17884,11634
18380,17885,11635
18381,17886,11636
18382,17887,11637
18383,17888,11638
18384,17889,11639
18385,17890,11640
18386,17891,11641
18387,17892,11642
18388,17893,11643
18389,17894,11644
18390,17895,11645
18391,17896,11645
18392,17897,11645
18393,17898,11645
18394,17899,11645
18395,17900,11645
18396,17901,11645
18397,17902,11645
18398,17903,11645
18399,17904,11645
18400,17905,11645
18401,17906,11645
18402,17907,11646
18403,17908,11647
18404,17909,11648
18405,17910,11649
18406,17911,11650
18407,17912,11651
18408,17913,11652
18409,17914,11653
18410,17915,11654
18411,17916,11655
18412,17917,11656
18413,17918,11657
18414,17919,11658
18415,17920,11659
18416,17921,11660
18417,17922,11661
18418,17923,11662
18419,17924,11663
18420,17925,11664
18421,17926,11664
18422,17927,11664
18423,17928,11664
18424,17929,11664
18425,17930,11664
18426,17931,11664
18427,17932,11664
18428,17933,11664
18429,17934,11664
18430,17935,11664
18431,17936,11664
18432,17937,11664
18433,17938,11664
18434,17939,11664
18435,17940,11664
18436,17941,11665
18437,17942,11666
18438,17943,11667
18439,17944,11668
18440,17945,11669
18441,17946,11670
18442,17947,11671
18443,17948,11672
18444,17949,11673
18445,17950,11674
18446,17951,11675
18447,17952,11676
18448,17953,11677
18449,17954,11678
18450,17955,11679
18451,17956,11680
18452,17957,11681
18453,17958,11682
18454,17959,11683
18455,17960,11684
18456,17961,11685
18457,17962,11686
18458,17963,11687
18459,17964,11688
18460,17965,11689
18461,17966,11690
18462,17967,11691
18463,17968,11691
18464,17969,11691
18465,17970,11691
18466,17971,11691
18467,17972,11691
18468,17973,11691
18469,17974,11691
18470,17975,11691
18471,17976,11691
18472,17977,11691
18473,17978,11691
18474,17979,11691
18475,17980,11691
18476,17981,11691
18477,17982,11691
18478,17983,11691
18479,17984,11691
18480,17985,11692
18481,17986,11693
18482,17987,11694
18483,17988,11695
18484,17989,11696
18485,17990,11697
18486,17991,11698
18487,17992,11699
18488,17993,11700
18489,17994,11701
18490,17995,11702
18491,17996,11703
18492,17997,11704
18493,17998,11705
18494,17999,11706
18495,18000,11707
18496,18001,11708
18497,18002,11709
18498,18003,11710
18499,18004,11711
18500,18005,11712
18501,18006,11713
18502,18007,11714
18503,18008,11715
18504,18009,11716
18505,18010,11717
18506,18011,11718
18507,18012,11719
18508,18013,11720
18509,18014,11721
18510,18015,11722
18511,18016,11723
18512,18017,11724
18513,18018,11725
18514,18019,11726
18515,18020,11727
18516,18021,11728
18517,18022,11729
18518,18023,11730
18519,18024,11731
18520,18025,11732
18521,18026,11733
18522,18027,11734
18523,18028,11735
18524,18029,11735
18525,18030,11735
18526,18031,11735
18527,18032,11736
18528,18033,11737
18529,18034,11738
18530,18035,11739
18531,18036,11740
18532,18037,11741
18533,18038,11742
18534,18039,11743
18535,18040,11744
18536,18041,11745
18537,18042,11746
18538,18043,11747
18539,18044,11747
18540,18045,11747
18541,18046,11747
18542,18047,11747
18543,18048,11747
18544,18049,11747
18545,18050,11747
18546,18051,11747
18547,18052,11747
18548,18053,11747
18549,18054,11747
18550,18055,11747
18551,18056,11747
18552,18057,11747
18553,18058,11747
18554,18059,11747
18555,18060,11747
18556,18061,11747
18557,18062,11747
18558,18063,11747
18559,18064,11747
18560,18065,11747
18561,18066,11747
18562,18067,11747
18563,18068,11747
18564,18069,11747
18565,18070,11747
18566,18071,11747
18567,18072,11747
18568,18073,11747
18569,18074,11748
18570,18075,11749
18571,18076,11750
18572,18077,11751
18573,18078,11752
18574,18079,11753
18575,18080,11754
18576,18081,11755
18577,18082,11756
18578,18083,11757
18579,18084,11758
18580,18085,11759
18581,18086,11760
18582,18087,11761
18583,18088,11762
18584,18089,11763
18585,18090,11764
18586,18091,11765
18587,18092,11766
18588,18093,11767
18589,18094,11768
18590,18095,11769
18591,18096,11769
18592,18097,11769
18593,18098,11769
18594,18099,11769
18595,18100,11769
18596,18101,11769
18597,18102,11769
18598,18103,11769
18599,18104,11769
18600,18105,11769
18601,18106,11769
18602,18107,11769
18603,18108,11769
18604,18109,11769
18605,18110,11769
18606,18111,11770
18607,18112,11771
18608,18113,11772
18609,18114,11773
18610,18115,11774
18611,18116,11775
18612,18117,11776
18613,18118,11777
18614,18119,11778
18615,18120,11779
18616,18121,11780
18617,18122,11781
18618,18123,11781
18619,18124,11781
18620,18125,11781
18621,18126,11781
18622,18127,11781
18623,18128,11781
18624,18129,11781
18625,18130,11781
18626,18131,11781
18627,18132,11781
18628,18133,11781
18629,18134,11781
18630,18135,11781
18631,18136,11781
18632,18137,11781
18633,18138,11782
18634,18139,11783
18635,18140,11784
18636,18141,11785
18637,18142,11786
18638,18143,11787
18639,18144,11788
18640,18145,11789
18641,18146,11790
18642,18147,11791
18643,18148,11792
18644,18149,11793
18645,18150,11794
18646,18151,11795
18647,18152,11796
18648,18153,11797
18649,18154,11798
18650,18155,11799
18651,18156,11800
18652,18157,11801
18653,18158,11802
18654,18159,11803
18655,18160,11804
18656,18161,11805
18657,18162,11806
18658,18163,11807
18659,18164,11808
18660,18165,11809
18661,18166,11810
18662,18167,11811
18663,18168,11812
18664,18169,11813
18665,18170,11814
18666,18171,11815
18667,18172,11816
18668,18173,11817
18669,18174,11818
18670,18175,11819
18671,18176,11820
18672,18177,11821
18673,18178,11822
18674,18179,11823
18675,18180,11823
18676,18181,11823
18677,18182,11823
18678,18183,11823
18679,18184,11823
18680,18185,11823
18681,18186,11823
18682,18187,11823
18683,18188,11823
18684,18189,11823
18685,18190,11823
18686,18191,11823
18687,18192,11823
18688,18193,11823
18689,18194,11823
18690,18195,11823
18691,18196,11823
18692,18197,11823
18693,18198,11824
18694,18199,11825
18695,18200,11826
18696,18201,11827
18697,18202,11827
18698,18203,11827
18699,18204,11827
18700,18205,11827
18701,18206,11827
18702,18207,11827
18703,18208,11827
18704,18209,11827
18705,18210,11827
18706,18211,11827
18707,18212,11827
18708,18213,11827
18709,18214,11827
18710,18215,11828
18711,18216,11829
18712,18217,11830
18713,18218,11831
18714,18219,11832
18715,18220,11833
18716,18221,11834
18717,18222,11835
18718,18223,11836
18719,18224,11837
18720,18225,11838
18721,18226,11839
18722,18227,11840
18723,18228,11841
18724,18229,11842
18725,18230,11843
18726,18231,11844
18727,18232,11845
18728,18233,11846
18729,18234,11847
18730,18235,11848
18731,18236,11849
18732,18237,11850
18733,18238,11851
18734,18239,11852
18735,18240,11853
18736,18241,11854
18737,18242,11855
18738,18243,11856
18739,18244,11857
18740,18245,11858
18741,18246,11859
18742,18247,11860
18743,18248,11861
18744,18249,11862
18745,18250,11863
18746,18251,11864
18747,18252,11865
18748,18253,11866
18749,18254,11867
18750,18255,11868
18751,18256,11869
18752,18257,11870
18753,18258,11871
18754,18259,11872
18755,18260,11873
18756,18261,11874
18757,18262,11875
18758,18263,11875
18759,18264,11875
18760,18265,11875
18761,18266,11875
18762,18267,11875
18763,18268,11875
18764,18269,11875
18765,18270,11875
18766,18271,11875
18767,18272,11875
18768,18273,11875
18769,18274,11875
18770,18275,11875
18771,18276,11875
18772,18277,11875
18773,18278,11875
18774,18279,11875
18775,18280,11875
18776,18281,11875
18777,18282,11875
18778,18283,11875
18779,18284,11875
18780,18285,11875
18781,18286,11875
18782,18287,11875
18783,18288,11875
18784,18289,11875
18785,18290,11875
18786,18291,11875
18787,18292,11875
18788,18293,11875
18789,18294,11875
18790,18295,11875
18791,18296,11875
18792,18297,11875
18793,18298,11875
18794,18299,11876
18795,18300,11877
18796,18301,11878
18797,18302,11879
18798,18303,11880
18799,18304,11881
18800,18305,11882
18801,18306,11883
18802,18307,11884
18803,18308,11885
18804,18309,11886
18805,18310,11887
18806,18311,11888
18807,18312,11889
18808,18313,11890
18809,18314,11891
18810,18315,11892
18811,18316,11893
18812,18317,11894
18813,18318,11895
18814,18319,11896
18815,18320,11897
18816,18321,11898
18817,18322,11899
18818,18323,11900
18819,18324,11901
18820,18325,11902
18821,18326,11903
18822,18327,11904
18823,18328,11904
18824,18329,11904
18825,18330,11904
18826,18331,11904
18827,18332,11904
18828,18333,11904
18829,18334,11904
18830,18335,11905
18831,18336,11906
18832,18337,11907
18833,18338,11908
18834,18339,11909
18835,18340,11910
18836,18341,11911
18837,18342,11912
18838,18343,11913
18839,18344,11914
18840,18345,11914
18841,18346,11914
18842,18347,11914
18843,18348,11914
18844,18349,11914
18845,18350,11914
18846,18351,11914
18847,18352,11914
18848,18353,11914
18849,18354,11915
18850,18355,11916
18851,18356,11917
18852,18357,11918
18853,18358,11919
18854,18359,11920
18855,18360,11921
18856,18361,11922
18857,18362,11923
18858,18363,11924
18859,18364,11924
18860,18365,11924
18861,18366,11924
18862,18367,11924
18863,18368,11924
18864,18369,11924
18865,18370,11924
18866,18371,11924
18867,18372,11924
18868,18373,11925
18869,18374,11926
18870,18375,11927
18871,18376,11928
18872,18377,11929
18873,18378,11930
18874,18379,11931
18875,18380,11932
18876,18381,11933
18877,18382,11934
18878,18383,11935
18879,18384,11936
18880,18385,11937
18881,18386,11937
18882,18387,11937
18883,18388,11937
18884,18389,11937
18885,18390,11938
18886,18390,11939
18887,18391,11940
18888,18392,11941
18889,18393,11942
18890,18394,11943
18891,18395,11944
18892,18396,11945
18893,18397,11946
18894,18398,11947
18895,18399,11948
18896,18400,11949
18897,18401,11950
18898,18402,11951
18899,18403,11952
18900,18404,11953
18901,18405,11954
18902,18406,11955
18903,18407,11956
18904,18408,11957
18905,18409,11958
18906,18410,11959
18907,18411,11960
18908,18412,11961
18909,18413,11962
18910,18414,11963
18911,18415,11964
18912,18416,11964
18913,18417,11964
18914,18418,11964
18915,18419,11964
18916,18420,11964
18917,18421,11964
18918,18422,11964
18919,18423,11964
18920,18424,11964
18921,18425,11964
18922,18426,11964
18923,18427,11964
18924,18428,11964
18925,18429,11964
18926,18430,11964
18927,18431,11964
18928,18432,11964
18929,18433,11964
18930,18434,11964
18931,18435,11964
18932,18436,11964
18933,18437,11964
18934,18438,11964
18935,18439,11965
18936,18440,11966
18937,18441,11967
18938,18442,11968
18939,18443,11969
18940,18444,11970
18941,18445,11971
18942,18446,11972
18943,18447,11973
18944,18448,11974
18945,18449,11975
18946,18450,11976
18947,18451,11977
18948,18452,11978
18949,18453,11979
18950,18454,11980
18951,18455,11981
18952,18456,11982
18953,18457,11983
18954,18458,11984
18955,18459,11985
18956,18460,11986
18957,18461,11986
18958,18462,11986
18959,18463,11986
18960,18464,11986
18961,18465,11986
18962,18466,11986
18963,18467,11986
18964,18468,11986
18965,18469,11986
18966,18470,11986
18967,18471,11986
18968,18472,11986
18969,18473,11986
18970,18474,11986
18971,18475,11986
18972,18476,11987
18973,18477,11988
18974,18478,11989
18975,18479,11990
18976,18480,11991
18977,18481,11992
18978,18482,11993
18979,18483,11994
18980,18484,11995
18981,18485,11996
18982,18486,11996
18983,18487,11996
18984,18488,11996
18985,18489,11996
18986,18490,11996
18987,18491,11996
18988,18492,11996
18989,18493,11996
18990,18494,11996
18991,18495,11996
18992,18496,11996
18993,18497,11997
18994,18498,11998
18995,18499,11999
18996,18500,12000
18997,18501,12001
18998,18502,12001
18999,18503,12001
19000,18504,12001
19001,18505,12001
19002,18506,12001
19003,18507,12001
19004,18508,12001
19005,18509,12001
19006,18510,12002
19007,18511,12003
19008,18512,12004
19009,18513,12005
19010,18514,12006
19011,18515,12007
19012,18516,12008
19013,18517,12009
19014,18518,12010
19015,18519,12011
19016,18520,12012
19017,18521,12013
19018,18522,12013
19019,18523,12013
19020,18524,12013
19021,18525,12013
19022,18526,12013
19023,18527,12014
19024,18528,12015
19025,18529,12016
19026,18530,12017
19027,18531,12018
19028,18532,12019
19029,18533,12020
19030,18534,12021
19031,18535,12022
19032,18536,12023
19033,18537,12024
19034,18538,12025
19035,18539,12026
19036,18540,12027
19037,18541,12028
19038,18542,12029
19039,18543,12030
19040,18544,12031
19041,18545,12031
19042,18546,12031
19043,18547,12031
19044,18548,12031
19045,18549,12031
19046,18550,12031
19047,18551,12031
19048,18552,12031
19049,18553,12031
19050,18554,12031
19051,18555,12031
19052,18556,12031
19053,18557,12032
19054,18558,12033
19055,18559,12034
19056,18560,12035
19057,18561,12036
19058,18562,12037
19059,18563,12038
19060,18564,12039
19061,18565,12040
19062,18566,12041
19063,18567,12042
19064,18568,12043
19065,18569,12044
19066,18570,12045
19067,18571,12046
19068,18572,12047
19069,18573,12048
19070,18574,12049
19071,18575,12049
19072,18576,12049
19073,18577,12049
19074,18578,12049
19075,18579,12049
19076,18580,12049
19077,18581,12049
19078,18582,12049
19079,18583,12049
19080,18584,12049
19081,18585,12049
19082,18586,12049
19083,18587,12049
19084,18588,12049
19085,18589,12049
19086,18590,12049
19087,18591,12049
19088,18592,12050
19089,18593,12051
19090,18594,12052
19091,18595,12053
19092,18596,12054
19093,18597,12055
19094,18598,12056
19095,18599,12057
19096,18600,12058
19097,18601,12059
19098,18602,12060
19099,18603,12061
19100,18604,12062
19101,18605,12063
19102,18606,12064
19103,18607,12065
19104,18608,12066
19105,18609,12067
19106,18610,12068
19107,18611,12069
19108,18612,12070
19109,18613,12071
19110,18614,12072
19111,18615,12073
19112,18616,12074
19113,18617,12075
19114,18618,12076
19115,18619,12076
19116,18620,12076
19117,18621,12076
19118,18622,12076
19119,18623,12076
19120,18624,12076
19121,18625,12076
19122,18626,12076
19123,18627,12076
19124,18628,12076
19125,18629,12076
19126,18630,12076
19127,18631,12076
19128,18632,12076
19129,18633,12076
19130,18634,12076
19131,18635,12076
19132,18636,12076
19133,18637,12076
19134,18638,12077
19135,18639,12078
19136,18640,12079
19137,18641,12080
19138,18642,12081
19139,18643,12082
19140,18644,12083
19141,18645,12084
19142,18646,12085
19143,18647,12086
19144,18648,12087
19145,18649,12088
19146,18650,12089
19147,18651,12090
19148,18652,12091
19149,18653,12092
19150,18654,12093
19151,18655,12094
19152,18656,12095
19153,18657,12096
19154,18658,12097
19155,18659,12098
19156,18660,12099
19157,18661,12100
19158,18662,12101
19159,18663,12102
19160,18664,12103
19161,18665,12103
19162,18666,12103
19163,18667,12103
19164,18668,12103
19165,18669,12103
19166,18670,12103
19167,18671,12103
19168,18672,12103
19169,18673,12103
19170,18674,12103
19171,18675,12103
19172,18676,12103
19173,18677,12103
19174,18678,12103
19175,18679,12104
19176,18680,12105
19177,18681,12106
19178,18682,12107
19179,18683,12107
19180,18684,12107
19181,18685,12107
19182,18686,12107
19183,18687,12107
19184,18688,12107
19185,18689,12107
19186,18690,12107
19187,18691,12107
19188,18692,12107
19189,18693,12107
19190,18694,12107
19191,18695,12107
19192,18696,12108
19193,18697,12109
19194,18698,12110
19195,18699,12111
19196,18700,12112
19197,18701,12113
19198,18702,12113
19199,18703,12113
19200,18704,12113
19201,18705,12113
19202,18706,12113
19203,18707,12113
19204,18708,12113
19205,18709,12114
19206,18710,12115
19207,18711,12116
19208,18712,12117
19209,18713,12118
19210,18714,12119
19211,18715,12120
19212,18716,12121
19213,18717,12122
19214,18718,12123
19215,18719,12124
19216,18720,12125
19217,18721,12126
19218,18722,12127
19219,18723,12128
19220,18724,12129
19221,18725,12130
19222,18726,12131
19223,18727,12132
19224,18728,12133
19225,18729,12134
19226,18730,12135
19227,18731,12136
19228,18732,12137
19229,18733,12138
19230,18734,12139
19231,18735,12140
19232,18736,12141
19233,18737,12142
19234,18738,12143
19235,18739,12144
19236,18740,12145
19237,18741,12146
19238,18742,12147
19239,18743,12148
19240,18744,12149
19241,18745,12150
19242,18746,12151
19243,18747,12152
19244,18748,12153
19245,18749,12154
19246,18750,12155
19247,18751,12156
19248,18752,12157
19249,18753,12158
19250,18754,12158
19251,18755,12158
19252,18756,12158
19253,18757,12158
19254,18758,12158
19255,18759,12158
19256,18760,12159
19257,18761,12160
19258,18762,12161
19259,18763,12161
19260,18764,12161
19261,18765,12161
19262,18766,12161
19263,18767,12161
19264,18768,12161
19265,18769,12161
19266,18770,12161
19267,18771,12161
19268,18772,12161
19269,18773,12161
19270,18774,12161
19271,18775,12161
19272,18776,12161
19273,18777,12161
19274,18778,12161
19275,18779,12161
19276,18780,12161
19277,18781,12161
19278,18782,12161
19279,18783,12161
19280,18784,12161
19281,18785,12161
19282,18786,12161
19283,18787,12161
19284,18788,12161
19285,18789,12161
19286,18790,12162
19287,18791,12163
19288,18792,12164
19289,18793,12165
19290,18794,12166
19291,18795,12167
19292,18796,12168
19293,18797,12169
19294,18798,12170
19295,18799,12171
19296,18800,12172
19297,18801,12173
19298,18802,12174
19299,18803,12175
19300,18804,12176
19301,18805,12177
19302,18806,12178
19303,18807,12179
19304,18808,12180
19305,18809,12181
19306,18810,12182
19307,18811,12183
19308,18812,12184
19309,18813,12185
19310,18814,12186
19311,18815,12187
19312,18816,12188
19313,18817,12189
19314,18818,12190
19315,18819,12190
19316,18820,12190
19317,18821,12190
19318,18822,12190
19319,18823,12190
19320,18824,12190
19321,18825,12190
19322,18826,12190
19323,18827,12190
19324,18828,12190
19325,18829,12190
19326,18830,12190
19327,18831,12190
19328,18832,12190
19329,18833,12190
19330,18834,12190
19331,18835,12190
19332,18836,12190
19333,18837,12190
19334,18838,12191
19335,18839,12192
19336,18840,12193
19337,18841,12194
19338,18842,12195
19339,18843,12196
19340,18844,12197
19341,18845,12198
19342,18846,12199
19343,18847,12200
19344,18848,12201
19345,18849,12202
19346,18850,12203
19347,18851,12204
19348,18852,12205
19349,18853,12206
19350,18854,12207
19351,18855,12208
19352,18856,12209
19353,18857,12210
19354,18858,12211
19355,18859,12212
19356,18860,12213
19357,18861,12213
19358,18862,12213
19359,18863,12213
19360,18864,12213
19361,18865,12213
19362,18866,12213
19363,18867,12213
19364,18868,12213
19365,18869,12213
19366,18870,12213
19367,18871,12213
19368,18872,12213
19369,18873,12214
19370,18874,12215
19371,18875,12216
19372,18876,12217
19373,18877,12218
19374,18878,12219
19375,18879,12220
19376,18880,12221
19377,18881,12222
19378,18882,12223
19379,18883,12224
19380,18884,12225
19381,18885,12226
19382,18886,12226
19383,18887,12226
19384,18888,12226
19385,18889,12226
19386,18890,12226
19387,18891,12226
19388,18892,12226
19389,18893,12226
19390,18894,12226
19391,18895,12226
19392,18896,12226
19393,18897,12227
19394,18898,12228
19395,18899,12229
19396,18900,12230
19397,18901,12231
19398,18902,12232
19399,18903,12232
19400,18904,12232
19401,18905,12232
19402,18906,12232
19403,18907,12232
19404,18908,12232
19405,18909,12232
19406,18910,12232
19407,18911,12232
19408,18912,12232
19409,18913,12233
19410,18914,12234
19411,18915,12235
19412,18916,12236
19413,18917,12237
19414,18918,12238
19415,18919,12239
19416,18920,12240
19417,18921,12241
19418,18922,12242
19419,18923,12243
19420,18924,12244
19421,18925,12245
19422,18926,12246
19423,18927,12247
19424,18928,12248
19425,18929,12249
19426,18930,12250
19427,18931,12250
19428,18932,12250
19429,18933,12250
19430,18934,12251
19431,18935,12252
19432,18936,12253
19433,18937,12254
19434,18938,12255
19435,18939,12256
19436,18940,12257
19437,18941,12258
19438,18942,12259
19439,18943,12260
19440,18944,12261
19441,18945,12262
19442,18946,12263
19443,18947,12264
19444,18948,12265
19445,18949,12265
19446,18950,12266
19447,18951,12266
19448,18952,12267
19449,18953,12268
19450,18954,12269
19451,18955,12270
19452,18956,12271
19453,18957,12272
19454,18958,12273
19455,18959,12274
19456,18960,12275
19457,18961,12276
19458,18962,12277
19459,18963,12278
19460,18964,12279
19461,18965,12280
19462,18966,12281
19463,18967,12282
19464,18968,12283
19465,18969,12284
19466,18970,12285
19467,18971,12285
19468,18972,12285
19469,18973,12285
19470,18974,12285
19471,18975,12286
19472,18976,12287
19473,18977,12288
19474,18978,12289
19475,18979,12290
19476,18980,12291
19477,18981,12292
19478,18982,12292
19479,18983,12292
19480,18984,12292
19481,18985,12292
19482,18986,12292
19483,18987,12292
19484,18988,12292
19485,18989,12292
19486,18990,12292
19487,18991,12292
19488,18992,12292
19489,18993,12292
19490,18994,12292
19491,18995,12292
19492,18996,12292
19493,18997,12292
19494,18998,12292
19495,18999,12292
19496,19000,12293
19497,19001,12293
19498,19002,12293
19499,19003,12293
19500,19004,12293
19501,19005,12293
19502,19006,12293
19503,19007,12293
19504,19008,12293
19505,19009,12293
19506,19010,12293
19507,19011,12293
19508,19012,12293
19509,19013,12293
19510,19014,12293
19511,19015,12293
19512,19016,12293
19513,19017,12293
19514,19018,12293
19515,19019,12293
19516,19020,12294
19517,19021,12295
19518,19022,12296
19519,19023,12297
19520,19024,12298
19521,19025,12299
19522,19026,12300
19523,19027,12301
19524,19028,12302
19525,19029,12303
19526,19030,12304
19527,19031,12305
19528,19032,12306
19529,19033,12306
19530,19034,12306
19531,19035,12306
19532,19036,12306
19533,19037,12306
19534,19038,12306
19535,19039,12307
19536,19040,12308
19537,19041,12309
19538,19042,12310
19539,19043,12310
19540,19044,12310
19541,19045,12310
19542,19046,12310
19543,19047,12310
19544,19048,12311
19545,19049,12312
19546,19050,12313
19547,19051,12314
19548,19052,12315
19549,19053,12316
19550,19054,12317
19551,19055,12318
19552,19056,12319
19553,19057,12320
19554,19058,12321
19555,19059,12322
19556,19060,12323
19557,19061,12324
19558,19062,12325
19559,19063,12326
19560,19064,12327
19561,19065,12328
19562,19066,12328
19563,19067,12328
19564,19068,12328
19565,19069,12328
19566,19070,12328
19567,19071,12328
19568,19072,12328
19569,19073,12328
19570,19074,12328
19571,19075,12328
19572,19076,12328
19573,19077,12328
19574,19078,12329
19575,19079,12330
19576,19080,12331
19577,19081,12332
19578,19082,12333
19579,19083,12334
19580,19084,12335
19581,19085,12336
19582,19086,12337
19583,19087,12338
19584,19088,12339
19585,19089,12340
19586,19090,12341
19587,19091,12342
19588,19092,12343
19589,19093,12344
19590,19094,12345
19591,19095,12346
19592,19096,12347
19593,19097,12348
19594,19098,12349
19595,19099,12350
19596,19100,12351
19597,19101,12352
19598,19102,12353
19599,19103,12354
19600,19104,12355
19601,19105,12356
19602,19106,12357
19603,19107,12357
19604,19108,12357
19605,19109,12357
19606,19110,12357
19607,19111,12357
19608,19112,12357
19609,19113,12357
19610,19114,12357
19611,19115,12357
19612,19116,12357
19613,19117,12357
19614,19118,12357
19615,19119,12358
19616,19120,12359
19617,19121,12360
19618,19122,12361
19619,19123,12362
19620,19124,12362
19621,19125,12362
19622,19126,12362
19623,19127,12362
19624,19128,12362
19625,19129,12362
19626,19130,12362
19627,19131,12362
19628,19132,12362
19629,19133,12362
19630,19134,12362
19631,19135,12362
19632,19136,12362
19633,19137,12362
19634,19138,12363
19635,19139,12364
19636,19140,12365
19637,19141,12366
19638,19142,12367
19639,19143,12368
19640,19144,12368
19641,19145,12368
19642,19146,12368
19643,19147,12368
19644,19148,12368
19645,19149,12368
19646,19150,12368
19647,19151,12368
19648,19152,12369
19649,19153,12370
19650,19154,12371
19651,19155,12372
19652,19156,12373
19653,19157,12374
19654,19158,12375
19655,19159,12376
19656,19160,12377
19657,19161,12378
19658,19162,12379
19659,19163,12380
19660,19164,12381
19661,19165,12382
19662,19166,12382
19663,19167,12382
19664,19168,12382
19665,19169,12382
19666,19170,12382
19667,19171,12382
19668,19172,12382
19669,19173,12382
19670,19174,12382
19671,19175,12382
19672,19176,12382
19673,19177,12382
19674,19178,12382
19675,19179,12382
19676,19180,12382
19677,19181,12382
19678,19182,12382
19679,19183,12382
19680,19184,12382
19681,19185,12383
19682,19186,12384
19683,19187,12385
19684,19188,12386
19685,19189,12387
19686,19190,12388
19687,19191,12389
19688,19192,12390
19689,19193,12391
19690,19194,12392
19691,19195,12393
19692,19196,12394
19693,19197,12395
19694,19198,12396
19695,19199,12397
19696,19200,12398
19697,19201,12399
19698,19202,12400
19699,19203,12401
19700,19204,12402
19701,19205,12403
19702,19206,12404
19703,19207,12405
19704,19208,12406
19705,19209,12407
19706,19210,12408
19707,19211,12409
19708,19212,12410
19709,19213,12411
19710,19214,12412
19711,19215,12413
19712,19216,12414
19713,19217,12415
19714,19218,12416
19715,19219,12417
19716,19220,12418
19717,19221,12419
19718,19222,12419
19719,19223,12419
19720,19224,12419
19721,19225,12419
19722,19226,12419
19723,19227,12419
19724,19228,12419
19725,19229,12419
19726,19230,12419
19727,19231,12419
19728,19232,12419
19729,19233,12419
19730,19234,12419
19731,19235,12419
19732,19236,12419
19733,19237,12419
19734,19238,12419
19735,19239,12419
19736,19240,12420
19737,19241,12421
19738,19242,12422
19739,19243,12423
19740,19244,12424
19741,19245,12425
19742,19246,12426
19743,19247,12427
19744,19248,12428
19745,19249,12429
19746,19250,12430
19747,19251,12431
19748,19252,12432
19749,19253,12433
19750,19254,12434
19751,19255,12435
19752,19256,12436
19753,19257,12437
19754,19258,12438
19755,19259,12439
19756,19260,12439
19757,19261,12439
19758,19262,12439
19759,19263,12439
19760,19264,12439
19761,19265,12439
19762,19266,12439
19763,19267,12439
19764,19268,12439
19765,19269,12439
19766,19270,12439
19767,19271,12439
19768,19272,12439
19769,19273,12439
19770,19274,12439
19771,19275,12439
19772,19276,12440
19773,19277,12441
19774,19278,12442
19775,19279,12443
19776,19280,12444
19777,19281,12445
19778,19282,12446
19779,19283,12447
19780,19284,12448
19781,19285,12449
19782,19286,12450
19783,19287,12451
19784,19288,12452
19785,19289,12453
19786,19290,12454
19787,19291,12454
19788,19292,12454
19789,19293,12454
19790,19294,12454
19791,19295,12454
19792,19296,12454
19793,19297,12454
19794,19298,12454
19795,19299,12454
19796,19300,12455
19797,19301,12455
19798,19302,12455
19799,19303,12455
19800,19304,12455
19801,19305,12455
19802,19306,12455
19803,19307,12455
19804,19308,12455
19805,19309,12455
19806,19310,12455
19807,19311,12456
19808,19312,12457
19809,19313,12458
19810,19314,12459
19811,19315,12460
19812,19316,12461
19813,19317,12462
19814,19318,12463
19815,19319,12464
19816,19320,12465
19817,19321,12466
19818,19322,12467
19819,19323,12468
19820,19324,12469
19821,19325,12469
19822,19326,12469
19823,19327,12469
19824,19328,12469
19825,19329,12469
19826,19330,12469
19827,19331,12469
19828,19332,12469
19829,19333,12469
19830,19334,12469
19831,19335,12469
19832,19336,12469
19833,19337,12469
19834,19338,12469
19835,19339,12469
19836,19340,12469
19837,19341,12470
19838,19342,12471
19839,19343,12472
19840,19344,12473
19841,19345,12474
19842,19346,12475
19843,19347,12476
19844,19348,12477
19845,19349,12478
19846,19350,12479
19847,19351,12480
19848,19352,12481
19849,19353,12482
19850,19354,12483
19851,19355,12484
19852,19356,12485
19853,19357,12486
19854,19358,12487
19855,19359,12488
19856,19360,12489
19857,19361,12490
19858,19362,12491
19859,19363,12492
19860,19364,12493
19861,19365,12494
19862,19366,12495
19863,19367,12496
19864,19368,12497
19865,19369,12498
19866,19370,12499
19867,19371,12500
19868,19372,12501
19869,19373,12502
19870,19374,12503
19871,19375,12504
19872,19376,12505
19873,19377,12506
19874,19378,12507
19875,19379,12508
19876,19380,12508
19877,19381,12508
19878,19382,12508
19879,19383,12508
19880,19384,12508
19881,19385,12508
19882,19386,12508
19883,19387,12508
19884,19388,12508
19885,19389,12508
19886,19390,12508
19887,19391,12508
19888,19392,12508
19889,19393,12508
19890,19394,12508
19891,19395,12508
19892,19396,12509
19893,19397,12510
19894,19398,12511
19895,19399,12512
19896,19400,12513
19897,19401,12514
19898,19402,12515
19899,19403,12516
19900,19404,12517
19901,19405,12518
19902,19406,12519
19903,19407,12520
19904,19408,12521
19905,19409,12522
19906,19410,12523
19907,19411,12524
19908,19412,12525
19909,19413,12526
19910,19414,12527
19911,19415,12528
19912,19416,12529
19913,19417,12529
19914,19418,12529
19915,19419,12529
19916,19420,12529
19917,19421,12529
19918,19422,12529
19919,19423,12529
19920,19424,12529
19921,19425,12529
19922,19426,12529
19923,19427,12529
19924,19428,12529
19925,19429,12529
19926,19430,12529
19927,19431,12529
19928,19432,12529
19929,19433,12529
19930,19434,12529
19931,19435,12530
19932,19436,12531
19933,19437,12532
19934,19438,12533
19935,19439,12534
19936,19440,12535
19937,19441,12536
19938,19442,12537
19939,19443,12538
19940,19444,12539
19941,19445,12540
19942,19446,12541
19943,19447,12542
19944,19448,12543
19945,19449,12544
19946,19450,12545
19947,19451,12546
19948,19452,12547
19949,19453,12548
19950,19454,12549
19951,19455,12550
19952,19456,12551
19953,19457,12551
19954,19458,12551
19955,19459,12551
19956,19460,12551
19957,19461,12551
19958,19462,12551
19959,19463,12551
19960,19464,12551
19961,19465,12551
19962,19466,12551
19963,19467,12551
19964,19468,12551
19965,19469,12551
19966,19470,12551
19967,19471,12551
19968,19472,12551
19969,19473,12551
19970,19474,12551
19971,19475,12552
19972,19476,12553
19973,19477,12554
19974,19478,12555
19975,19479,12556
19976,19480,12557
19977,19481,12558
19978,19482,12559
19979,19483,12560
19980,19484,12561
19981,19485,12561
19982,19486,12561
19983,19487,12561
19984,19488,12561
19985,19489,12561
19986,19490,12561
19987,19491,12561
19988,19492,12561
19989,19493,12561
19990,19494,12561
19991,19495,12561
19992,19496,12561
19993,19497,12561
19994,19498,12561
19995,19499,12561
19996,19500,12561
19997,19501,12562
19998,19502,12563
19999,19503,12564
20000,19504,12565
20001,19505,12566
20002,19506,12567
20003,19507,12568
20004,19508,12569
20005,19509,12570
20006,19510,12571
20007,19511,12572
20008,19512,12573
20009,19513,12574
20010,19514,12575
20011,19515,12576
20012,19516,12577
20013,19517,12578
20014,19518,12579
20015,19519,12580
20016,19520,12581
20017,19521,12582
20018,19522,12582
20019,19523,12582
20020,19524,12582
20021,19525,12582
20022,19526,12582
20023,19527,12582
20024,19528,12582
20025,19529,12582
20026,19530,12582
20027,19531,12583
20028,19532,12584
20029,19533,12585
20030,19534,12586
20031,19535,12587
20032,19536,12588
20033,19537,12589
20034,19538,12590
20035,19539,12591
20036,19540,12592
20037,19541,12593
20038,19542,12594
20039,19543,12595
20040,19544,12596
20041,19545,12597
20042,19546,12598
20043,19547,12599
20044,19548,12600
20045,19549,12601
20046,19550,12602
20047,19551,12603
20048,19552,12604
20049,19553,12605
20050,19554,12606
20051,19555,12607
20052,19556,12608
20053,19557,12609
20054,19558,12610
20055,19559,12611
20056,19560,12612
20057,19561,12613
20058,19562,12614
20059,19563,12615
20060,19564,12615
20061,19565,12615
20062,19566,12615
20063,19567,12615
20064,19568,12615
20065,19569,12615
20066,19570,12615
20067,19571,12615
20068,19572,12615
20069,19573,12615
20070,19574,12615
20071,19575,12615
20072,19576,12615
20073,19577,12615
20074,19578,12615
20075,19579,12615
20076,19580,12615
20077,19581,12615
20078,19582,12615
20079,19583,12615
20080,19584,12615
20081,19585,12615
20082,19586,12615
20083,19587,12615
20084,19588,12615
20085,19589,12616
20086,19590,12617
20087,19591,12618
20088,19592,12619
20089,19593,12620
20090,19594,12621
20091,19595,12622
20092,19596,12623
20093,19597,12624
20094,19598,12625
20095,19599,12626
20096,19600,12627
20097,19601,12628
20098,19602,12629
20099,19603,12630
20100,19604,12631
20101,19605,12632
20102,19606,12633
20103,19607,12633
20104,19608,12633
20105,19609,12633
20106,19610,12633
20107,19611,12633
20108,19612,12633
20109,19613,12633
20110,19614,12633
20111,19615,12633
20112,19616,12633
20113,19617,12633
20114,19618,12633
20115,19619,12634
20116,19620,12635
20117,19621,12636
20118,19622,12637
20119,19623,12638
20120,19624,12639
20121,19625,12640
20122,19626,12641
20123,19627,12642
20124,19628,12643
20125,19629,12644
20126,19630,12645
20127,19631,12646
20128,19632,12647
20129,19633,12648
20130,19634,12649
20131,19635,12650
20132,19636,12651
20133,19637,12652
20134,19638,12653
20135,19639,12654
20136,19640,12655
20137,19641,12656
20138,19642,12657
20139,19643,12658
20140,19644,12659
20141,19645,12660
20142,19646,12661
20143,19647,12661
20144,19648,12661
20145,19649,12661
20146,19650,12661
20147,19651,12661
20148,19652,12661
20149,19653,12661
20150,19654,12661
20151,19655,12661
20152,19656,12661
20153,19657,12661
20154,19658,12661
20155,19659,12661
20156,19660,12661
20157,19661,12661
20158,19662,12661
20159,19663,12661
20160,19664,12661
20161,19665,12661
20162,19666,12661
20163,19667,12661
20164,19668,12661
20165,19669,12662
20166,19670,12663
20167,19671,12664
20168,19672,12665
20169,19673,12666
20170,19674,12667
20171,19675,12668
20172,19676,12669
20173,19677,12670
20174,19678,12671
20175,19679,12672
20176,19680,12673
20177,19681,12674
20178,19682,12675
20179,19683,12676
20180,19684,12677
20181,19685,12677
20182,19686,12677
20183,19687,12677
20184,19688,12677
20185,19689,12677
20186,19690,12677
20187,19691,12677
20188,19692,12677
20189,19693,12677
20190,19694,12677
20191,19695,12677
20192,19696,12677
20193,19697,12677
20194,19698,12677
20195,19699,12677
20196,19700,12677
20197,19701,12678
20198,19702,12679
20199,19703,12680
20200,19704,12681
20201,19705,12682
20202,19706,12683
20203,19707,12684
20204,19708,12685
20205,19709,12686
20206,19710,12687
20207,19711,12688
20208,19712,12689
20209,19713,12690
20210,19714,12691
20211,19715,12692
20212,19716,12693
20213,19717,12694
20214,19718,12695
20215,19719,12696
20216,19720,12697
20217,19721,12698
20218,19722,12699
20219,19723,12700
20220,19724,12701
20221,19725,12702
20222,19726,12703
20223,19727,12704
20224,19728,12705
20225,19729,12705
20226,19730,12705
20227,19731,12705
20228,19732,12705
20229,19733,12705
20230,19734,12705
20231,19735,12705
20232,19736,12705
20233,19737,12705
20234,19738,12705
20235,19739,12705
20236,19740,12705
20237,19741,12705
20238,19742,12705
20239,19743,12705
20240,19744,12705
20241,19745,12705
20242,19746,12705
20243,19747,12706
20244,19748,12707
20245,19749,12708
20246,19750,12709
20247,19751,12710
20248,19752,12711
20249,19753,12712
20250,19754,12713
20251,19755,12714
20252,19756,12715
20253,19757,12716
20254,19758,12717
20255,19759,12718
20256,19760,12719
20257,19761,12720
20258,19762,12721
20259,19763,12722
20260,19764,12723
20261,19765,12724
20262,19766,12725
20263,19767,12726
20264,19768,12727
20265,19769,12728
20266,19770,12729
20267,19771,12730
20268,19772,12731
20269,19773,12732
20270,19774,12733
20271,19775,12734
20272,19776,12735
20273,19777,12736
20274,19778,12737
20275,19779,12738
20276,19780,12739
20277,19781,12739
20278,19782,12739
20279,19783,12739
20280,19784,12739
20281,19785,12739
20282,19786,12739
20283,19787,12739
20284,19788,12739
20285,19789,12739
20286,19790,12739
20287,19791,12739
20288,19792,12739
20289,19793,12739
20290,19794,12739
20291,19795,12739
20292,19796,12739
20293,19797,12740
20294,19798,12741
20295,19799,12742
20296,19800,12743
20297,19801,12744
20298,19802,12745
20299,19803,12746
20300,19804,12747
20301,19805,12748
20302,19806,12749
20303,19807,12750
20304,19808,12751
20305,19809,12752
20306,19810,12753
20307,19811,12754
20308,19812,12755
20309,19813,12756
20310,19814,12757
20311,19815,12758
20312,19816,12759
20313,19817,12760
20314,19818,12761
20315,19819,12762
20316,19820,12763
20317,19821,12764
20318,19822,12765
20319,19823,12766
20320,19824,12766
20321,19825,12766
20322,19826,12766
20323,19827,12766
20324,19828,12766
20325,19829,12766
20326,19830,12766
20327,19831,12766
20328,19832,12766
20329,19833,12766
20330,19834,12766
20331,19835,12766
20332,19836,12766
20333,19837,12766
20334,19838,12766
20335,19839,12767
20336,19840,12768
20337,19841,12769
20338,19842,12770
20339,19843,12771
20340,19844,12772
20341,19845,12773
20342,19846,12774
20343,19847,12775
20344,19848,12776
20345,19849,12777
20346,19850,12778
20347,19851,12779
20348,19852,12780
20349,19853,12781
20350,19854,12782
20351,19855,12783
20352,19856,12784
20353,19857,12785
20354,19858,12786
20355,19859,12786
20356,19860,12786
20357,19861,12786
20358,19862,12786
20359,19863,12786
20360,19864,12786
20361,19865,12786
20362,19866,12786
20363,19867,12786
20364,19868,12786
20365,19869,12786
20366,19870,12786
20367,19871,12786
20368,19872,12786
20369,19873,12786
20370,19874,12786
20371,19875,12786
20372,19876,12786
20373,19877,12786
20374,19878,12786
20375,19879,12787
20376,19880,12788
20377,19881,12789
20378,19882,12790
20379,19883,12791
20380,19884,12792
20381,19885,12793
20382,19886,12794
20383,19887,12794
20384,19888,12794
20385,19889,12794
20386,19890,12794
20387,19891,12794
20388,19892,12794
20389,19893,12794
20390,19894,12794
20391,19895,12794
20392,19896,12794
20393,19897,12794
20394,19898,12794
20395,19899,12794
20396,19900,12794
20397,19901,12794
20398,19902,12794
20399,19903,12794
20400,19904,12794
20401,19905,12794
20402,19906,12795
20403,19907,12796
20404,19908,12797
20405,19909,12798
20406,19910,12799
20407,19911,12800
20408,19912,12801
20409,19913,12802
20410,19914,12803
20411,19915,12804
20412,19916,12805
20413,19917,12806
20414,19918,12807
20415,19919,12808
20416,19920,12809
20417,19921,12810
20418,19922,12811
20419,19923,12812
20420,19924,12813
20421,19925,12814
20422,19926,12815
20423,19927,12816
20424,19928,12817
20425,19929,12818
20426,19930,12819
20427,19931,12820
20428,19932,12821
20429,19933,12822
20430,19934,12823
20431,19935,12824
20432,19936,12825
20433,19937,12826
20434,19938,12827
20435,19939,12828
20436,19940,12828
20437,19941,12828
20438,19942,12828
20439,19943,12828
20440,19944,12828
20441,19945,12828
20442,19946,12828
20443,19947,12828
20444,19948,12828
20445,19949,12828
20446,19950,12828
20447,19951,12828
20448,19952,12828
20449,19953,12828
20450,19954,12828
20451,19955,12828
20452,19956,12829
20453,19957,12830
20454,19958,12831
20455,19959,12832
20456,19960,12833
20457,19961,12834
20458,19962,12835
20459,19963,12836
20460,19964,12837
20461,19965,12838
20462,19966,12839
20463,19967,12840
20464,19968,12840
20465,19969,12840
20466,19970,12840
20467,19971,12840
20468,19972,12840
20469,19973,12840
20470,19974,12840
20471,19975,12840
20472,19976,12840
20473,19977,12840
20474,19978,12840
20475,19979,12840
20476,19980,12840
20477,19981,12840
20478,19982,12840
20479,19983,12840
20480,19984,12840
20481,19985,12840
20482,19986,12840
20483,19987,12841
20484,19988,12842
20485,19989,12843
20486,19990,12844
20487,19991,12845
20488,19992,12846
20489,19993,12847
20490,19994,12848
20491,19995,12849
20492,19996,12850
20493,19997,12851
20494,19998,12852
20495,19999,12853
20496,20000,12854
20497,20001,12855
20498,20002,12856
20499,20003,12857
20500,20004,12858
20501,20005,12859
20502,20006,12860
20503,20007,12861
20504,20008,12862
20505,20009,12863
20506,20010,12864
20507,20011,12865
20508,20012,12866
20509,20013,12867
20510,20014,12868
20511,20015,12869
20512,20016,12870
20513,20017,12871
20514,20018,12872
20515,20019,12873
20516,20020,12873
20517,20021,12873
20518,20022,12873
20519,20023,12873
20520,20024,12873
20521,20025,12873
20522,20026,12873
20523,20027,12873
20524,20028,12873
20525,20029,12873
20526,20030,12873
20527,20031,12873
20528,20032,12873
20529,20033,12873
20530,20034,12873
20531,20035,12874
20532,20036,12875
20533,20037,12876
20534,20038,12877
20535,20039,12878
20536,20040,12879
20537,20041,12880
20538,20042,12881
20539,20043,12882
20540,20044,12883
20541,20045,12884
20542,20046,12885
20543,20047,12886
20544,20048,12887
20545,20049,12888
20546,20050,12889
20547,20051,12890
20548,20052,12891
20549,20053,12891
20550,20054,12891
20551,20055,12891
20552,20056,12891
20553,20057,12891
20554,20058,12891
20555,20059,12891
20556,20060,12891
20557,20061,12891
20558,20062,12891
20559,20063,12891
20560,20064,12891
20561,20065,12891
20562,20066,12891
20563,20067,12892
20564,20068,12893
20565,20069,12894
20566,20070,12895
20567,20071,12896
20568,20072,12897
20569,20073,12898
20570,20074,12899
20571,20075,12900
20572,20076,12901
20573,20077,12902
20574,20078,12903
20575,20079,12904
20576,20080,12905
20577,20081,12906
20578,20082,12907
20579,20083,12908
20580,20084,12909
20581,20085,12910
20582,20086,12911
20583,20087,12912
20584,20088,12913
20585,20089,12914
20586,20090,12915
20587,20091,12915
20588,20092,12915
20589,20093,12915
20590,20094,12915
20591,20095,12915
20592,20096,12915
20593,20097,12915
20594,20098,12915
20595,20099,12915
20596,20100,12915
20597,20101,12915
20598,20102,12915
20599,20103,12915
20600,20104,12915
20601,20105,12915
20602,20106,12915
20603,20107,12915
20604,20108,12915
20605,20109,12915
20606,20110,12915
20607,20111,12915
20608,20112,12915
20609,20113,12915
20610,20114,12915
20611,20115,12916
20612,20116,12917
20613,20117,12918
20614,20118,12919
20615,20119,12920
20616,20120,12921
20617,20121,12922
20618,20122,12923
20619,20123,12924
20620,20124,12925
20621,20125,12926
20622,20126,12927
20623,20127,12928
20624,20128,12928
20625,20129,12928
20626,20130,12928
20627,20131,12928
20628,20132,12928
20629,20133,12928
20630,20134,12928
20631,20135,12929
20632,20136,12930
20633,20137,12931
20634,20138,12932
20635,20139,12933
20636,20140,12934
20637,20141,12934
20638,20142,12934
20639,20143,12934
20640,20144,12934
20641,20145,12934
20642,20146,12934
20643,20147,12934
20644,20148,12934
20645,20149,12934
20646,20150,12934
20647,20151,12935
20648,20152,12936
20649,20153,12937
20650,20154,12938
20651,20155,12939
20652,20156,12940
20653,20157,12941
20654,20158,12942
20655,20159,12943
20656,20160,12944
20657,20161,12945
20658,20162,12946
20659,20163,12947
20660,20164,12948
20661,20165,12949
20662,20166,12950
20663,20167,12951
20664,20168,12952
20665,20169,12953
20666,20170,12954
20667,20171,12955
20668,20172,12956
20669,20173,12957
20670,20174,12958
20671,20175,12959
20672,20176,12960
20673,20177,12961
20674,20178,12962
20675,20179,12963
20676,20180,12964
20677,20181,12965
20678,20182,12966
20679,20183,12966
20680,20184,12966
20681,20185,12966
20682,20186,12966
20683,20187,12966
20684,20188,12966
20685,20189,12966
20686,20190,12966
20687,20191,12966
20688,20192,12966
20689,20193,12966
20690,20194,12966
20691,20195,12966
20692,20196,12966
20693,20197,12966
20694,20198,12966
20695,20199,12967
20696,20200,12968
20697,20201,12969
20698,20202,12970
20699,20203,12971
20700,20204,12972
20701,20205,12973
20702,20206,12974
20703,20207,12975
20704,20208,12976
20705,20209,12977
20706,20210,12978
20707,20211,12979
20708,20212,12980
20709,20213,12981
20710,20214,12982
20711,20215,12983
20712,20216,12984
20713,20217,12985
20714,20218,12986
20715,20219,12987
20716,20220,12988
20717,20221,12989
20718,20222,12989
20719,20223,12989
20720,20224,12989
20721,20225,12989
20722,20226,12989
20723,20227,12989
20724,20228,12989
20725,20229,12989
20726,20230,12989
20727,20231,12989
20728,20232,12989
20729,20233,12989
20730,20234,12990
20731,20235,12991
20732,20236,12992
20733,20237,12993
20734,20238,12994
20735,20239,12995
20736,20240,12996
20737,20241,12997
20738,20242,12998
20739,20243,12999
20740,20244,13000
20741,20245,13001
20742,20246,13001
20743,20247,13001
20744,20248,13001
20745,20249,13001
20746,20250,13001
20747,20251,13001
20748,20252,13001
20749,20253,13001
20750,20254,13001
20751,20255,13001
20752,20256,13001
20753,20257,13001
20754,20258,13001
20755,20259,13001
20756,20260,13001
20757,20261,13001
20758,20262,13001
20759,20263,13001
20760,20264,13001
20761,20265,13001
20762,20266,13002
20763,20267,13003
20764,20268,13004
20765,20269,13005
20766,20270,13006
20767,20271,13007
20768,20272,13008
20769,20273,13009
20770,20274,13010
20771,20275,13011
20772,20276,13012
20773,20277,13013
20774,20278,13014
20775,20279,13015
20776,20280,13016
20777,20281,13017
20778,20282,13018
20779,20283,13019
20780,20284,13020
20781,20285,13021
20782,20286,13022
20783,20287,13023
20784,20288,13024
20785,20289,13025
20786,20290,13026
20787,20291,13027
20788,20292,13028
20789,20293,13029
20790,20294,13030
20791,20295,13031
20792,20296,13032
20793,20297,13033
20794,20298,13034
20795,20299,13034
20796,20300,13034
20797,20301,13034
20798,20302,13034
20799,20303,13034
20800,20304,13034
20801,20305,13034
20802,20306,13034
20803,20307,13034
20804,20308,13034
20805,20309,13034
20806,20310,13034
20807,20311,13034
20808,20312,13034
20809,20313,13034
20810,20314,13034
20811,20315,13034
20812,20316,13034
20813,20317,13035
20814,20318,13036
20815,20319,13037
20816,20320,13038
20817,20321,13039
20818,20322,13040
20819,20323,13041
20820,20324,13042
20821,20325,13043
20822,20326,13044
20823,20327,13045
20824,20328,13046
20825,20329,13047
20826,20330,13048
20827,20331,13049
20828,20332,13050
20829,20333,13051
20830,20334,13052
20831,20335,13053
20832,20336,13054
20833,20337,13055
20834,20338,13056
20835,20339,13057
20836,20340,13058
20837,20341,13058
20838,20342,13058
20839,20343,13058
20840,20344,13058
20841,20345,13058
20842,20346,13058
20843,20347,13058
20844,20348,13058
20845,20349,13058
20846,20350,13058
20847,20351,13058
20848,20352,13058
20849,20353,13058
20850,20354,13058
20851,20355,13058
20852,20356,13058
20853,20357,13058
20854,20358,13058
20855,20359,13059
20856,20360,13060
20857,20361,13061
20858,20362,13062
20859,20363,13063
20860,20364,13064
20861,20365,13065
20862,20366,13066
20863,20367,13067
20864,20368,13068
20865,20369,13069
20866,20370,13070
20867,20371,13071
20868,20372,13071
20869,20373,13071
20870,20374,13071
20871,20375,13071
20872,20376,13071
20873,20377,13071
20874,20378,13071
20875,20379,13071
20876,20380,13071
20877,20381,13071
20878,20382,13071
20879,20383,13071
20880,20384,13071
20881,20385,13071
20882,20386,13071
20883,20387,13071
20884,20388,13071
20885,20389,13071
20886,20390,13072
20887,20391,13073
20888,20392,13074
20889,20393,13075
20890,20394,13076
20891,20395,13077
20892,20396,13078
20893,20397,13079
20894,20398,13080
20895,20399,13081
20896,20400,13082
20897,20401,13083
20898,20402,13083
20899,20403,13083
20900,20404,13083
20901,20405,13083
20902,20406,13083
20903,20407,13083
20904,20408,13083
20905,20409,13083
20906,20410,13083
20907,20411,13083
20908,20412,13083
20909,20413,13083
20910,20414,13083
20911,20415,13083
20912,20416,13083
20913,20417,13083
20914,20418,13083
20915,20419,13083
20916,20420,13083
20917,20421,13083
20918,20422,13083
20919,20423,13083
20920,20424,13083
20921,20425,13084
20922,20426,13085
20923,20427,13086
20924,20428,13087
20925,20429,13088
20926,20430,13089
20927,20431,13090
20928,20432,13091
20929,20433,13092
20930,20434,13093
20931,20435,13094
20932,20436,13095
20933,20437,13096
20934,20438,13097
20935,20439,13098
20936,20440,13099
20937,20441,13100
20938,20442,13101
20939,20443,13102
20940,20444,13103
20941,20445,13104
20942,20446,13105
20943,20447,13105
20944,20448,13105
20945,20449,13105
20946,20450,13105
20947,20451,13105
20948,20452,13105
20949,20453,13105
20950,20454,13105
20951,20455,13105
20952,20456,13105
20953,20457,13105
20954,20458,13105
20955,20459,13105
20956,20460,13105
20957,20461,13106
20958,20462,13107
20959,20463,13108
20960,20464,13109
20961,20465,13110
20962,20466,13111
20963,20467,13112
20964,20468,13113
20965,20469,13114
20966,20470,13115
20967,20471,13116
20968,20472,13117
20969,20473,13118
20970,20474,13119
20971,20475,13120
20972,20476,13121
20973,20477,13122
20974,20478,13123
20975,20479,13124
20976,20480,13125
20977,20481,13126
20978,20482,13127
20979,20483,13128
20980,20484,13129
20981,20485,13130
20982,20486,13131
20983,20487,13132
20984,20488,13133
20985,20489,13134
20986,20490,13135
20987,20491,13136
20988,20492,13137
20989,20493,13138
20990,20494,13139
20991,20495,13140
20992,20496,13141
20993,20497,13142
20994,20498,13143
20995,20499,13144
20996,20500,13145
20997,20501,13146
20998,20502,13147
20999,20503,13148
21000,20504,13149
21001,20505,13150
21002,20506,13151
21003,20507,13152
21004,20508,13152
21005,20509,13152
21006,20510,13152
21007,20511,13152
21008,20512,13152
21009,20513,13152
21010,20514,13152
21011,20515,13152
21012,20516,13152
21013,20517,13152
21014,20518,13152
21015,20519,13153
21016,20520,13154
21017,20521,13155
21018,20522,13155
21019,20523,13155
21020,20524,13155
21021,20525,13155
21022,20526,13155
21023,20527,13155
21024,20528,13155
21025,20529,13155
21026,20530,13155
21027,20531,13155
21028,20532,13155
21029,20533,13155
21030,20534,13155
21031,20535,13155
21032,20536,13155
21033,20537,13155
21034,20538,13155
21035,20539,13155
21036,20540,13155
21037,20541,13155
21038,20542,13155
21039,20543,13155
21040,20544,13155
21041,20545,13155
21042,20546,13155
21043,20547,13156
21044,20548,13157
21045,20549,13158
21046,20550,13159
21047,20551,13160
21048,20552,13161
21049,20553,13162
21050,20554,13163
21051,20555,13164
21052,20556,13165
21053,20557,13166
21054,20558,13167
21055,20559,13168
21056,20560,13169
21057,20561,13170
21058,20562,13171
21059,20563,13172
21060,20564,13173
21061,20565,13174
21062,20566,13175
21063,20567,13175
21064,20568,13175
21065,20569,13175
21066,20570,13175
21067,20571,13175
21068,20572,13175
21069,20573,13175
21070,20574,13175
21071,20575,13175
21072,20576,13175
21073,20577,13175
21074,20578,13175
21075,20579,13176
21076,20580,13177
21077,20581,13178
21078,20582,13179
21079,20583,13180
21080,20584,13181
21081,20585,13182
21082,20586,13183
21083,20587,13184
21084,20588,13185
21085,20589,13186
21086,20590,13187
21087,20591,13188
21088,20592,13189
21089,20593,13190
21090,20594,13191
21091,20595,13192
21092,20596,13193
21093,20597,13194
21094,20598,13195
21095,20599,13196
21096,20600,13197
21097,20601,13198
21098,20602,13198
21099,20603,13198
21100,20604,13198
21101,20605,13198
21102,20606,13198
21103,20607,13198
21104,20608,13198
21105,20609,13198
21106,20610,13198
21107,20611,13198
21108,20612,13198
21109,20613,13198
21110,20614,13198
21111,20615,13198
21112,20616,13198
21113,20617,13198
21114,20618,13198
21115,20619,13198
21116,20620,13198
21117,20621,13198
21118,20622,13198
21119,20623,13198
21120,20624,13198
21121,20625,13198
21122,20626,13198
21123,20627,13198
21124,20628,13198
21125,20629,13198
21126,20630,13198
21127,20631,13198
21128,20632,13198
21129,20633,13198
21130,20634,13198
21131,20635,13199
21132,20636,13200
21133,20637,13201
21134,20638,13202
21135,20639,13203
21136,20640,13204
21137,20641,13205
21138,20642,13206
21139,20643,13207
21140,20644,13208
21141,20645,13209
21142,20646,13210
21143,20647,13211
21144,20648,13212
21145,20649,13213
21146,20650,13214
21147,20651,13215
21148,20652,13216
21149,20653,13217
21150,20654,13218
21151,20655,13219
21152,20656,13220
21153,20657,13221
21154,20658,13222
21155,20659,13223
21156,20660,13224
21157,20661,13225
21158,20662,13226
21159,20663,13227
21160,20664,13228
21161,20665,13229
21162,20666,13229
21163,20667,13229
21164,20668,13229
21165,20669,13229
21166,20670,13230
21167,20671,13231
21168,20672,13232
21169,20673,13233
21170,20674,13234
21171,20675,13235
21172,20676,13236
21173,20677,13237
21174,20678,13238
21175,20679,13239
21176,20680,13240
21177,20681,13241
21178,20682,13242
21179,20683,13243
21180,20684,13244
21181,20685,13245
21182,20686,13246
21183,20687,13247
21184,20688,13248
21185,20689,13249
21186,20690,13250
21187,20691,13250
21188,20692,13250
21189,20693,13250
21190,20694,13250
21191,20695,13250
21192,20696,13250
21193,20697,13250
21194,20698,13250
21195,20699,13250
21196,20700,13250
21197,20701,13250
21198,20702,13250
21199,20703,13250
21200,20704,13250
21201,20705,13250
21202,20706,13250
21203,20707,13250
21204,20708,13250
21205,20709,13250
21206,20710,13251
21207,20711,13252
21208,20712,13253
21209,20713,13254
21210,20714,13255
21211,20715,13256
21212,20716,13257
21213,20717,13258
21214,20718,13259
21215,20719,13260
21216,20720,13261
21217,20721,13262
21218,20722,13263
21219,20723,13264
21220,20724,13265
21221,20725,13266
21222,20726,13267
21223,20727,13268
21224,20728,13269
21225,20729,13270
21226,20730,13271
21227,20731,13272
21228,20732,13273
21229,20733,13274
21230,20734,13275
21231,20735,13276
21232,20736,13277
21233,20737,13277
21234,20738,13277
21235,20739,13277
21236,20740,13277
21237,20741,13277
21238,20742,13277
21239,20743,13277
21240,20744,13277
21241,20745,13277
21242,20746,13277
21243,20747,13277
21244,20748,13277
21245,20749,13277
21246,20750,13277
21247,20751,13277
21248,20752,13277
21249,20753,13277
21250,20754,13278
21251,20755,13279
21252,20756,13280
21253,20757,13281
21254,20758,13282
21255,20759,13283
21256,20760,13284
21257,20761,13285
21258,20762,13286
21259,20763,13287
21260,20764,13288
21261,20765,13289
21262,20766,13290
21263,20767,13291
21264,20768,13292
21265,20769,13293
21266,20770,13293
21267,20771,13293
21268,20772,13293
21269,20773,13293
21270,20774,13293
21271,20775,13293
21272,20776,13293
21273,20777,13293
21274,20778,13293
21275,20779,13293
21276,20780,13293
21277,20781,13293
21278,20782,13293
21279,20783,13293
21280,20784,13293
21281,20785,13293
21282,20786,13294
21283,20787,13295
21284,20788,13296
21285,20789,13297
21286,20790,13298
21287,20791,13299
21288,20792,13300
21289,20793,13301
21290,20794,13302
21291,20795,13303
21292,20796,13304
21293,20797,13305
21294,20798,13306
21295,20799,13307
21296,20800,13308
21297,20801,13309
21298,20802,13310
21299,20803,13311
21300,20804,13312
21301,20805,13313
21302,20806,13314
21303,20807,13315
21304,20808,13316
21305,20809,13317
21306,20810,13318
21307,20811,13319
21308,20812,13320
21309,20813,13321
21310,20814,13322
21311,20815,13323
21312,20816,13324
21313,20817,13325
21314,20818,13326
21315,20819,13327
21316,20820,13328
21317,20821,13329
21318,20822,13330
21319,20823,13331
21320,20824,13332
21321,20825,13333
21322,20826,13334
21323,20827,13335
21324,20828,13336
21325,20829,13336
21326,20830,13336
21327,20831,13336
21328,20832,13336
21329,20833,13336
21330,20834,13336
21331,20835,13336
21332,20836,13336
21333,20837,13336
21334,20838,13336
21335,20839,13336
21336,20840,13336
21337,20841,13336
21338,20842,13336
21339,20843,13336
21340,20844,13336
21341,20845,13336
21342,20846,13336
21343,20847,13336
21344,20848,13336
21345,20849,13336
21346,20850,13336
21347,20851,13336
21348,20852,13336
21349,20853,13336
21350,20854,13336
21351,20855,13336
21352,20856,13336
21353,20857,13336
21354,20858,13336
21355,20859,13336
21356,20860,13336
21357,20861,13336
21358,20862,13337
21359,20863,13338
21360,20864,13339
21361,20865,13340
21362,20866,13341
21363,20867,13342
21364,20868,13343
21365,20869,13344
21366,20870,13345
21367,20871,13346
21368,20872,13347
21369,20873,13348
21370,20874,13349
21371,20875,13350
21372,20876,13351
21373,20877,13352
21374,20878,13353
21375,20879,13354
21376,20880,13355
21377,20881,13356
21378,20882,13357
21379,20883,13358
21380,20884,13359
21381,20885,13360
21382,20886,13361
21383,20887,13362
21384,20888,13363
21385,20889,13363
21386,20890,13363
21387,20891,13363
21388,20892,13363
21389,20893,13363
21390,20894,13363
21391,20895,13363
21392,20896,13363
21393,20897,13363
21394,20898,13363
21395,20899,13363
21396,20900,13364
21397,20901,13365
21398,20902,13366
21399,20903,13367
21400,20904,13368
21401,20905,13369
21402,20906,13370
21403,20907,13371
21404,20908,13372
21405,20909,13373
21406,20910,13374
21407,20911,13375
21408,20912,13376
21409,20913,13377
21410,20914,13378
21411,20915,13379
21412,20916,13380
21413,20917,13381
21414,20918,13382
21415,20919,13383
21416,20920,13384
21417,20921,13384
21418,20922,13384
21419,20923,13384
21420,20924,13384
21421,20925,13384
21422,20926,13384
21423,20927,13384
21424,20928,13384
21425,20929,13385
21426,20930,13386
21427,20931,13387
21428,20932,13388
21429,20933,13389
21430,20934,13390
21431,20935,13391
21432,20936,13392
21433,20937,13393
21434,20938,13394
21435,20939,13395
21436,20940,13396
21437,20941,13396
21438,20942,13396
21439,20943,13396
21440,20944,13396
21441,20945,13396
21442,20946,13396
21443,20947,13396
21444,20948,13396
21445,20949,13396
21446,20950,13396
21447,20951,13396
21448,20952,13396
21449,20953,13396
21450,20954,13396
21451,20955,13396
21452,20956,13396
21453,20957,13397
21454,20958,13398
21455,20959,13399
21456,20960,13400
21457,20961,13401
21458,20962,13402
21459,20963,13403
21460,20964,13404
21461,20965,13405
21462,20966,13406
21463,20967,13407
21464,20968,13408
21465,20969,13409
21466,20970,13410
21467,20971,13411
21468,20972,13412
21469,20973,13413
21470,20974,13414
21471,20975,13415
21472,20976,13416
21473,20977,13417
21474,20978,13418
21475,20979,13419
21476,20980,13420
21477,20981,13421
21478,20982,13422
21479,20983,13423
21480,20984,13423
21481,20985,13423
21482,20986,13423
21483,20987,13423
21484,20988,13423
21485,20989,13423
21486,20990,13423
21487,20991,13423
21488,20992,13423
21489,20993,13423
21490,20994,13423
21491,20995,13423
21492,20996,13423
21493,20997,13423
21494,20998,13423
21495,20999,13423
21496,21000,13423
21497,21001,13423
21498,21002,13423
21499,21003,13423
21500,21004,13423
21501,21005,13423
21502,21006,13423
21503,21007,13423
21504,21008,13423
21505,21009,13423
21506,21010,13423
21507,21011,13423
21508,21012,13423
21509,21013,13423
21510,21014,13423
21511,21015,13423
21512,21016,13423
21513,21017,13424
21514,21018,13425
21515,21019,13426
21516,21020,13427
21517,21021,13428
21518,21022,13429
21519,21023,13430
21520,21024,13431
21521,21025,13432
21522,21026,13433
21523,21027,13434
21524,21028,13435
21525,21029,13436
21526,21030,13437
21527,21031,13438
21528,21032,13439
21529,21033,13440
21530,21034,13441
21531,21035,13442
21532,21036,13443
21533,21037,13444
21534,21038,13445
21535,21039,13446
21536,21040,13447
21537,21041,13448
21538,21042,13449
21539,21043,13450
21540,21044,13450
21541,21045,13450
21542,21046,13450
21543,21047,13450
21544,21048,13450
21545,21049,13450
21546,21050,13450
21547,21051,13450
21548,21052,13450
21549,21053,13450
21550,21054,13450
21551,21055,13450
21552,21056,13450
21553,21057,13450
21554,21058,13450
21555,21059,13450
21556,21060,13450
21557,21061,13450
21558,21062,13450
21559,21063,13450
21560,21064,13450
21561,21065,13450
21562,21066,13450
21563,21067,13450
21564,21068,13450
21565,21069,13450
21566,21070,13450
21567,21071,13450
21568,21072,13450
21569,21073,13450
21570,21074,13450
21571,21075,13451
21572,21076,13452
21573,21077,13453
21574,21078,13454
21575,21079,13455
21576,21080,13456
21577,21081,13457
21578,21082,13458
21579,21083,13459
21580,21084,13460
21581,21085,13461
21582,21086,13462
21583,21087,13463
21584,21088,13464
21585,21089,13465
21586,21090,13466
21587,21091,13467
21588,21092,13468
21589,21093,13469
21590,21094,13470
21591,21095,13471
21592,21096,13472
21593,21097,13473
21594,21098,13474
21595,21099,13475
21596,21100,13476
21597,21101,13476
21598,21102,13476
21599,21103,13476
21600,21104,13476
21601,21105,13476
21602,21106,13476
21603,21107,13476
21604,21108,13476
21605,21109,13477
21606,21110,13478
21607,21111,13479
21608,21112,13480
21609,21113,13481
21610,21114,13482
21611,21115,13483
21612,21116,13484
21613,21117,13485
21614,21118,13486
21615,21119,13487
21616,21120,13488
21617,21121,13489
21618,21122,13490
21619,21123,13491
21620,21124,13492
21621,21125,13493
21622,21126,13494
21623,21127,13495
21624,21128,13496
21625,21129,13497
21626,21130,13498
21627,21131,13499
21628,21132,13500
21629,21133,13501
21630,21134,13502
21631,21135,13503
21632,21136,13504
21633,21137,13505
21634,21138,13505
21635,21139,13505
21636,21140,13505
21637,21141,13505
21638,21142,13505
21639,21143,13505
21640,21144,13505
21641,21145,13505
21642,21146,13505
21643,21147,13505
21644,21148,13505
21645,21149,13505
21646,21150,13505
21647,21151,13505
21648,21152,13505
21649,21153,13505
21650,21154,13505
21651,21155,13505
21652,21156,13505
21653,21157,13505
21654,21158,13505
21655,21159,13505
21656,21160,13506
21657,21161,13507
21658,21162,13508
21659,21163,13508
21660,21164,13509
21661,21165,13510
21662,21166,13511
21663,21167,13512
21664,21168,13513
21665,21169,13514
21666,21170,13515
21667,21171,13516
21668,21172,13517
21669,21173,13518
21670,21174,13519
21671,21175,13520
21672,21176,13521
21673,21177,13522
21674,21178,13523
21675,21179,13524
21676,21180,13525
21677,21181,13526
21678,21182,13527
21679,21183,13527
21680,21184,13527
21681,21185,13527
21682,21186,13527
21683,21187,13527
21684,21188,13527
21685,21189,13528
21686,21190,13529
21687,21191,13530
21688,21192,13530
21689,21193,13530
21690,21194,13530
21691,21195,13530
21692,21196,13530
21693,21197,13530
21694,21198,13531
21695,21199,13532
21696,21200,13533
21697,21201,13534
21698,21202,13535
21699,21203,13536
21700,21204,13537
21701,21205,13538
21702,21206,13539
21703,21207,13540
21704,21208,13541
21705,21209,13542
21706,21210,13543
21707,21211,13544
21708,21212,13545
21709,21213,13546
21710,21214,13547
21711,21215,13547
21712,21216,13547
21713,21217,13547
21714,21218,13547
21715,21219,13547
21716,21220,13547
21717,21221,13547
21718,21222,13547
21719,21223,13547
21720,21224,13547
21721,21225,13547
21722,21226,13547
21723,21227,13548
21724,21228,13549
21725,21229,13550
21726,21230,13551
21727,21231,13552
21728,21232,13553
21729,21233,13554
21730,21234,13555
21731,21235,13556
21732,21236,13557
21733,21237,13558
21734,21238,13559
21735,21239,13560
21736,21240,13561
21737,21241,13562
21738,21242,13563
21739,21243,13563
21740,21244,13563
21741,21245,13563
21742,21246,13563
21743,21247,13563
21744,21248,13563
21745,21249,13563
21746,21250,13563
21747,21251,13563
21748,21252,13563
21749,21253,13563
21750,21254,13564
21751,21255,13565
21752,21256,13566
21753,21257,13567
21754,21258,13568
21755,21259,13569
21756,21260,13570
21757,21261,13571
21758,21262,13571
21759,21263,13571
21760,21264,13571
21761,21265,13571
21762,21266,13571
21763,21267,13571
21764,21268,13572
21765,21269,13573
21766,21270,13574
21767,21271,13575
21768,21272,13576
21769,21273,13577
21770,21274,13578
21771,21275,13579
21772,21276,13580
21773,21277,13581
21774,21278,13582
21775,21279,13583
21776,21280,13584
21777,21281,13585
21778,21282,13585
21779,21283,13585
21780,21284,13585
21781,21285,13585
21782,21286,13585
21783,21287,13585
21784,21288,13585
21785,21289,13585
21786,21290,13585
21787,21291,13585
21788,21292,13585
21789,21293,13585
21790,21294,13585
21791,21295,13585
21792,21296,13585
21793,21297,13585
21794,21298,13585
21795,21299,13585
21796,21300,13585
21797,21301,13585
21798,21302,13585
21799,21303,13585
21800,21304,13585
21801,21305,13585
21802,21306,13586
21803,21307,13587
21804,21308,13588
21805,21309,13589
21806,21310,13590
21807,21311,13591
21808,21312,13592
21809,21313,13593
21810,21314,13594
21811,21315,13595
21812,21316,13596
21813,21317,13597
21814,21318,13598
21815,21319,13599
21816,21320,13600
21817,21321,13601
21818,21322,13602
21819,21323,13603
21820,21324,13604
21821,21325,13605
21822,21326,13606
21823,21327,13607
21824,21328,13608
21825,21329,13609
21826,21330,13610
21827,21331,13611
21828,21332,13612
21829,21333,13613
21830,21334,13614
21831,21335,13615
21832,21336,13616
21833,21337,13617
21834,21338,13618
21835,21339,13619
21836,21340,13620
21837,21341,13620
21838,21342,13620
21839,21343,13620
21840,21344,13620
21841,21345,13620
21842,21346,13620
21843,21347,13620
21844,21348,13620
21845,21349,13620
21846,21350,13620
21847,21351,13620
21848,21352,13620
21849,21353,13620
21850,21354,13620
21851,21355,13621
21852,21356,13622
21853,21357,13623
21854,21358,13624
21855,21359,13625
21856,21360,13626
21857,21361,13627
21858,21362,13628
21859,21363,13629
21860,21364,13630
21861,21365,13631
21862,21366,13632
21863,21367,13633
21864,21368,13634
21865,21369,13635
21866,21370,13635
21867,21371,13635
21868,21372,13635
21869,21373,13635
21870,21374,13635
21871,21375,13635
21872,21376,13635
21873,21377,13635
21874,21378,13635
21875,21379,13635
21876,21380,13635
21877,21381,13635
21878,21382,13635
21879,21383,13635
21880,21384,13635
21881,21385,13635
21882,21386,13635
21883,21387,13635
21884,21388,13636
21885,21389,13637
21886,21390,13638
21887,21391,13639
21888,21392,13640
21889,21393,13641
21890,21394,13642
21891,21395,13643
21892,21396,13644
21893,21397,13645
21894,21398,13646
21895,21399,13647
21896,21400,13648
21897,21401,13649
21898,21402,13650
21899,21403,13651
21900,21404,13652
21901,21405,13653
21902,21406,13654
21903,21407,13655
21904,21408,13656
21905,21409,13657
21906,21410,13657
21907,21411,13657
21908,21412,13657
21909,21413,13657
21910,21414,13657
21911,21415,13657
21912,21416,13657
21913,21417,13657
21914,21418,13658
21915,21419,13659
21916,21420,13660
21917,21421,13661
21918,21422,13662
21919,21423,13662
21920,21424,13662
21921,21425,13662
21922,21426,13662
21923,21427,13662
21924,21428,13662
21925,21429,13663
21926,21430,13664
21927,21431,13665
21928,21432,13666
21929,21433,13667
21930,21434,13668
21931,21435,13669
21932,21436,13670
21933,21437,13671
21934,21438,13672
21935,21439,13673
21936,21440,13674
21937,21441,13675
21938,21442,13676
21939,21443,13677
21940,21444,13678
21941,21445,13679
21942,21446,13679
21943,21447,13679
21944,21448,13679
21945,21449,13679
21946,21450,13679
21947,21451,13679
21948,21452,13679
21949,21453,13679
21950,21454,13679
21951,21455,13679
21952,21456,13679
21953,21457,13679
21954,21458,13679
21955,21459,13679
21956,21460,13679
21957,21461,13679
21958,21462,13679
21959,21463,13679
21960,21464,13679
21961,21465,13680
21962,21466,13681
21963,21467,13682
21964,21468,13683
21965,21469,13684
21966,21470,13685
21967,21471,13686
21968,21472,13687
21969,21473,13688
21970,21474,13689
21971,21475,13690
21972,21476,13691
21973,21477,13692
21974,21478,13693
21975,21479,13694
21976,21480,13695
21977,21481,13696
21978,21482,13697
21979,21483,13698
21980,21484,13699
21981,21485,13700
21982,21486,13701
21983,21487,13702
21984,21488,13703
21985,21489,13704
21986,21490,13705
21987,21491,13705
21988,21492,13705
21989,21493,13705
21990,21494,13705
21991,21495,13705
21992,21496,13705
21993,21497,13705
21994,21498,13705
21995,21499,13705
21996,21500,13705
21997,21501,13705
21998,21502,13705
21999,21503,13705
22000,21504,13706
22001,21505,13707
22002,21506,13708
22003,21507,13709
22004,21508,13710
22005,21509,13711
22006,21510,13712
22007,21511,13713
22008,21512,13714
22009,21513,13715
22010,21514,13716
22011,21515,13717
22012,21516,13718
22013,21517,13719
22014,21518,13720
22015,21519,13721
22016,21520,13722
22017,21521,13723
22018,21522,13724
22019,21523,13725
22020,21524,13726
22021,21525,13727
22022,21526,13727
22023,21527,13727
22024,21528,13727
22025,21529,13727
22026,21530,13727
22027,21531,13727
22028,21532,13727
22029,21533,13727
22030,21534,13727
22031,21535,13727
22032,21536,13727
22033,21537,13727
22034,21538,13727
22035,21539,13727
22036,21540,13728
22037,21541,13728
22038,21542,13728
22039,21543,13728
22040,21544,13729
22041,21545,13730
22042,21546,13731
22043,21547,13732
22044,21548,13733
22045,21549,13734
22046,21550,13735
22047,21551,13736
22048,21552,13736
22049,21553,13736
22050,21554,13737
22051,21555,13738
22052,21556,13739
22053,21557,13740
22054,21558,13741
22055,21559,13742
22056,21560,13743
22057,21561,13744
22058,21562,13745
22059,21563,13746
22060,21564,13747
22061,21565,13748
22062,21566,13749
22063,21567,13750
22064,21568,13751
22065,21569,13752
22066,21570,13753
22067,21571,13754
22068,21572,13755
22069,21573,13755
22070,21574,13755
22071,21575,13755
22072,21576,13755
22073,21577,13755
22074,21578,13755
22075,21579,13755
22076,21580,13755
22077,21581,13755
22078,21582,13755
22079,21583,13755
22080,21584,13755
22081,21585,13755
22082,21586,13755
22083,21587,13755
22084,21588,13755
22085,21589,13755
22086,21590,13755
22087,21591,13755
22088,21592,13756
22089,21593,13757
22090,21594,13758
22091,21595,13759
22092,21596,13760
22093,21597,13761
22094,21598,13762
22095,21599,13763
22096,21600,13764
22097,21601,13765
22098,21602,13766
22099,21603,13767
22100,21604,13768
22101,21605,13769
22102,21606,13769
22103,21607,13769
22104,21608,13769
22105,21609,13770
22106,21610,13771
22107,21611,13772
22108,21612,13773
22109,21613,13774
22110,21614,13775
22111,21615,13776
22112,21616,13777
22113,21617,13778
22114,21618,13779
22115,21619,13780
22116,21620,13781
22117,21621,13782
22118,21622,13783
22119,21623,13784
22120,21624,13785
22121,21625,13786
22122,21626,13787
22123,21627,13788
22124,21628,13789
22125,21629,13790
22126,21630,13791
22127,21631,13792
22128,21632,13793
22129,21633,13794
22130,21634,13795
22131,21635,13796
22132,21636,13797
22133,21637,13798
22134,21638,13799
22135,21639,13800
22136,21640,13801
22137,21641,13802
22138,21642,13803
22139,21643,13804
22140,21644,13804
22141,21645,13804
22142,21646,13804
22143,21647,13804
22144,21648,13804
22145,21649,13804
22146,21650,13804
22147,21651,13804
22148,21652,13804
22149,21653,13804
22150,21654,13804
22151,21655,13804
22152,21656,13804
22153,21657,13804
22154,21658,13804
22155,21659,13804
22156,21660,13804
22157,21661,13804
22158,21662,13804
22159,21663,13804
22160,21664,13805
22161,21665,13806
22162,21666,13807
22163,21667,13808
22164,21668,13809
22165,21669,13810
22166,21670,13811
22167,21671,13812
22168,21672,13813
22169,21673,13814
22170,21674,13815
22171,21675,13816
22172,21676,13817
22173,21677,13818
22174,21678,13819
22175,21679,13820
22176,21680,13821
22177,21681,13821
22178,21682,13821
22179,21683,13821
22180,21684,13821
22181,21685,13821
22182,21686,13821
22183,21687,13821
22184,21688,13821
22185,21689,13821
22186,21690,13821
22187,21691,13821
22188,21692,13821
22189,21693,13821
22190,21694,13821
22191,21695,13821
22192,21696,13821
22193,21697,13821
22194,21698,13821
22195,21699,13821
22196,21700,13821
22197,21701,13822
22198,21702,13823
22199,21703,13824
22200,21704,13825
22201,21705,13826
22202,21706,13827
22203,21707,13828
22204,21708,13829
22205,21709,13830
22206,21710,13831
22207,21711,13832
22208,21712,13833
22209,21713,13834
22210,21714,13835
22211,21715,13836
22212,21716,13837
22213,21717,13838
22214,21718,13839
22215,21719,13840
22216,21720,13841
22217,21721,13842
22218,21722,13843
22219,21723,13844
22220,21724,13845
22221,21725,13846
22222,21726,13847
22223,21727,13848
22224,21728,13849
22225,21729,13850
22226,21730,13851
22227,21731,13852
22228,21732,13853
22229,21733,13854
22230,21734,13855
22231,21735,13856
22232,21736,13857
22233,21737,13858
22234,21738,13859
22235,21739,13860
22236,21740,13861
22237,21741,13862
22238,21742,13863
22239,21743,13864
22240,21744,13865
22241,21745,13866
22242,21746,13867
22243,21747,13868
22244,21748,13869
22245,21749,13870
22246,21750,13871
22247,21751,13872
22248,21752,13873
22249,21753,13874
22250,21754,13875
22251,21755,13876
22252,21756,13877
22253,21757,13878
22254,21758,13879
22255,21759,13880
22256,21760,13881
22257,21761,13882
22258,21762,13883
22259,21763,13884
22260,21764,13885
22261,21765,13886
22262,21766,13887
22263,21767,13888
22264,21768,13889
22265,21769,13890
22266,21770,13891
22267,21771,13892
22268,21772,13893
22269,21773,13893
22270,21774,13893
22271,21775,13893
22272,21776,13893
22273,21777,13893
22274,21778,13893
22275,21779,13893
22276,21780,13894
22277,21781,13895
22278,21782,13896
22279,21783,13897
22280,21784,13898
22281,21785,13899
22282,21786,13900
22283,21787,13901
22284,21788,13902
22285,21789,13903
22286,21790,13904
22287,21791,13905
22288,21792,13906
22289,21793,13907
22290,21794,13908
22291,21795,13909
22292,21796,13910
22293,21797,13910
22294,21798,13910
22295,21799,13910
22296,21800,13910
22297,21801,13910
22298,21802,13910
22299,21803,13910
22300,21804,13910
22301,21805,13910
22302,21806,13910
22303,21807,13910
22304,21808,13911
22305,21809,13912
22306,21810,13913
22307,21811,13914
22308,21812,13915
22309,21813,13916
22310,21814,13917
22311,21815,13918
22312,21816,13919
22313,21817,13920
22314,21818,13921
22315,21819,13922
22316,21820,13923
22317,21821,13924
22318,21822,13925
22319,21823,13926
22320,21824,13927
22321,21825,13928
22322,21826,13929
22323,21827,13930
22324,21828,13931
22325,21829,13932
22326,21830,13933
22327,21831,13934
22328,21832,13935
22329,21833,13936
22330,21834,13937
22331,21835,13938
22332,21836,13939
22333,21837,13940
22334,21838,13941
22335,21839,13942
22336,21840,13943
22337,21841,13944
22338,21842,13945
22339,21843,13946
22340,21844,13946
22341,21845,13946
22342,21846,13946
22343,21847,13946
22344,21848,13946
22345,21849,13946
22346,21850,13946
22347,21851,13946
22348,21852,13946
22349,21853,13946
22350,21854,13946
22351,21855,13946
22352,21856,13946
22353,21857,13946
22354,21858,13946
22355,21859,13946
22356,21860,13946
22357,21861,13946
22358,21862,13946
22359,21863,13946
22360,21864,13946
22361,21865,13946
22362,21866,13946
22363,21867,13946
22364,21868,13946
22365,21869,13946
22366,21870,13946
22367,21871,13946
22368,21872,13946
22369,21873,13946
22370,21874,13946
22371,21875,13946
22372,21876,13946
22373,21877,13946
22374,21878,13946
22375,21879,13946
22376,21880,13946
22377,21881,13946
22378,21882,13946
22379,21883,13946
22380,21884,13946
22381,21885,13946
22382,21886,13946
22383,21887,13946
22384,21888,13946
22385,21889,13946
22386,21890,13946
22387,21891,13946
22388,21892,13946
22389,21893,13946
22390,21894,13946
22391,21895,13946
22392,21896,13946
22393,21897,13946
22394,21898,13946
22395,21899,13946
22396,21900,13946
22397,21901,13946
22398,21902,13946
22399,21903,13946
22400,21904,13946
22401,21905,13946
22402,21906,13946
22403,21907,13946
22404,21908,13946
22405,21909,13946
22406,21910,13946
22407,21911,13946
22408,21912,13946
22409,21913,13946
22410,21914,13946
22411,21915,13946
22412,21916,13946
22413,21917,13946
22414,21918,13946
22415,21919,13946
22416,21920,13946
22417,21921,13946
22418,21922,13946
22419,21923,13946
22420,21924,13946
22421,21925,13946
22422,21926,13946
22423,21927,13946
22424,21928,13946
22425,21929,13946
22426,21930,13946
22427,21931,13946
22428,21932,13946
22429,21933,13946
22430,21934,13946
22431,21935,13946
22432,21936,13946
22433,21937,13946
22434,21938,13946
22435,21939,13946
22436,21940,13946
22437,21941,13946
22438,21942,13946
22439,21943,13946
22440,21944,13946
22441,21945,13946
22442,21946,13946
22443,21947,13946
22444,21948,13946
22445,21949,13946
22446,21950,13946
22447,21951,13946
22448,21952,13946
22449,21953,13946
22450,21954,13946
22451,21955,13946
22452,21956,13946
22453,21957,13946
22454,21958,13947
22455,21959,13948
22456,21960,13949
22457,21961,13950
22458,21962,13951
22459,21963,13952
22460,21964,13953
22461,21965,13954
22462,21966,13955
22463,21967,13956
22464,21968,13957
22465,21969,13958
22466,21970,13959
22467,21971,13960
22468,21972,13961
22469,21973,13962
22470,21974,13963
22471,21975,13964
22472,21976,13965
22473,21977,13966
22474,21978,13967
22475,21979,13968
22476,21980,13969
22477,21981,13970
22478,21982,13971
22479,21983,13972
22480,21984,13973
22481,21985,13974
22482,21986,13975
22483,21987,13976
22484,21988,13977
22485,21989,13978
22486,21990,13979
22487,21991,13980
22488,21992,13981
22489,21993,13982
22490,21994,13983
22491,21995,13984
22492,21996,13985
22493,21997,13986
22494,21998,13987
22495,21999,13988
22496,22000,13989
22497,22001,13990
22498,22002,13991
22499,22003,13992
22500,22004,13992
22501,22005,13992
22502,22006,13992
22503,22007,13992
22504,22008,13992
22505,22009,13992
22506,22010,13992
22507,22011,13992
22508,22012,13992
22509,22013,13993
22510,22014,13994
22511,22015,13995
22512,22016,13996
22513,22017,13997
22514,22018,13998
22515,22019,13999
22516,22020,14000
22517,22021,14001
22518,22022,14002
22519,22023,14003
22520,22024,14004
22521,22025,14005
22522,22026,14006
22523,22027,14007
22524,22028,14008
22525,22029,14009
22526,22030,14010
22527,22031,14011
22528,22032,14011
22529,22033,14011
22530,22034,14011
22531,22035,14011
22532,22036,14011
22533,22037,14011
22534,22038,14011
22535,22039,14012
22536,22040,14013
22537,22041,14014
22538,22042,14015
22539,22043,14016
22540,22044,14017
22541,22045,14018
22542,22046,14019
22543,22047,14020
22544,22048,14021
22545,22049,14022
22546,22050,14023
22547,22051,14024
22548,22052,14025
22549,22053,14026
22550,22054,14027
22551,22055,14028
22552,22056,14029
22553,22057,14030
22554,22058,14031
22555,22059,14032
22556,22060,14033
22557,22061,14034
22558,22062,14034
22559,22063,14034
22560,22064,14034
22561,22065,14035
22562,22066,14036
22563,22067,14037
22564,22068,14038
22565,22069,14039
22566,22070,14040
22567,22071,14041
22568,22072,14042
22569,22073,14043
22570,22074,14044
22571,22075,14045
22572,22076,14046
22573,22077,14047
22574,22078,14048
22575,22079,14049
22576,22080,14050
22577,22081,14051
22578,22082,14052
22579,22083,14053
22580,22084,14054
22581,22085,14055
22582,22086,14056
22583,22087,14057
22584,22088,14058
22585,22089,14059
22586,22090,14060
22587,22091,14061
22588,22092,14062
22589,22093,14063
22590,22094,14063
22591,22095,14063
22592,22096,14063
22593,22097,14063
22594,22098,14063
22595,22099,14063
22596,22100,14063
22597,22101,14063
22598,22102,14063
22599,22103,14063
22600,22104,14063
22601,22105,14063
22602,22106,14063
22603,22107,14063
22604,22108,14063
22605,22109,14063
22606,22110,14063
22607,22111,14063
22608,22112,14063
22609,22113,14063
22610,22114,14063
22611,22115,14063
22612,22116,14063
22613,22117,14063
22614,22118,14063
22615,22119,14063
22616,22120,14063
22617,22121,14063
22618,22122,14064
22619,22123,14065
22620,22124,14066
22621,22125,14067
22622,22126,14068
22623,22127,14069
22624,22128,14070
22625,22129,14071
22626,22130,14072
22627,22131,14073
22628,22132,14074
22629,22133,14075
22630,22134,14076
22631,22135,14077
22632,22136,14078
22633,22137,14079
22634,22138,14080
22635,22139,14081
22636,22140,14082
22637,22141,14083
22638,22142,14084
22639,22143,14085
22640,22144,14086
22641,22145,14087
22642,22146,14088
22643,22147,14089
22644,22148,14090
22645,22149,14091
22646,22150,14092
22647,22151,14093
22648,22152,14094
22649,22153,14094
22650,22154,14094
22651,22155,14094
22652,22156,14094
22653,22157,14094
22654,22158,14094
22655,22159,14094
22656,22160,14094
22657,22161,14094
22658,22162,14094
22659,22163,14094
22660,22164,14094
22661,22165,14094
22662,22166,14094
22663,22167,14094
22664,22168,14094
22665,22169,14094
22666,22170,14094
22667,22171,14094
22668,22172,14094
22669,22173,14094
22670,22174,14094
22671,22175,14094
22672,22176,14094
22673,22177,14094
22674,22178,14094
22675,22179,14094
22676,22180,14094
22677,22181,14094
22678,22182,14094
22679,22183,14094
22680,22184,14094
22681,22185,14094
22682,22186,14094
22683,22187,14094
22684,22188,14094
22685,22189,14094
22686,22190,14094
22687,22191,14095
22688,22192,14096
22689,22193,14097
22690,22194,14098
22691,22195,14099
22692,22196,14100
22693,22197,14101
22694,22198,14102
22695,22199,14103
22696,22200,14104
22697,22201,14105
22698,22202,14106
22699,22203,14106
22700,22204,14106
22701,22205,14106
22702,22206,14106
22703,22207,14106
22704,22208,14106
22705,22209,14106
22706,22210,14106
22707,22211,14106
22708,22212,14106
22709,22213,14106
22710,22214,14106
22711,22215,14106
22712,22216,14106
22713,22217,14106
22714,22218,14106
22715,22219,14106
22716,22220,14107
22717,22221,14108
22718,22222,14109
22719,22223,14110
22720,22224,14111
22721,22225,14112
22722,22226,14113
22723,22227,14114
22724,22228,14115
22725,22229,14116
22726,22230,14117
22727,22231,14118
22728,22232,14119
22729,22233,14120
22730,22234,14121
22731,22235,14122
22732,22236,14123
22733,22237,14124
22734,22238,14125
22735,22239,14126
22736,22240,14127
22737,22241,14128
22738,22242,14129
22739,22243,14130
22740,22244,14131
22741,22245,14132
22742,22246,14133
22743,22247,14134
22744,22248,14135
22745,22249,14136
22746,22250,14137
22747,22251,14138
22748,22252,14139
22749,22253,14140
22750,22254,14141
22751,22255,14142
22752,22256,14143
22753,22257,14144
22754,22258,14145
22755,22259,14146
22756,22260,14147
22757,22261,14148
22758,22262,14149
22759,22263,14150
22760,22264,14151
22761,22265,14152
22762,22266,14152
22763,22267,14152
22764,22268,14152
22765,22269,14152
22766,22270,14152
22767,22271,14152
22768,22272,14152
22769,22273,14152
22770,22274,14152
22771,22275,14152
22772,22276,14152
22773,22277,14152
22774,22278,14152
22775,22279,14152
22776,22280,14153
22777,22281,14154
22778,22282,14155
22779,22283,14156
22780,22284,14157
22781,22285,14158
22782,22286,14159
22783,22287,14160
22784,22288,14161
22785,22289,14162
22786,22290,14162
22787,22291,14162
22788,22292,14162
22789,22293,14162
22790,22294,14162
22791,22295,14162
22792,22296,14162
22793,22297,14162
22794,22298,14162
22795,22299,14162
22796,22300,14162
22797,22301,14162
22798,22302,14162
22799,22303,14162
22800,22304,14162
22801,22305,14162
22802,22306,14162
22803,22307,14162
22804,22308,14162
22805,22309,14162
22806,22310,14163
22807,22311,14164
22808,22312,14165
22809,22313,14166
22810,22314,14167
22811,22315,14168
22812,22316,14169
22813,22317,14170
22814,22318,14171
22815,22319,14172
22816,22320,14173
22817,22321,14174
22818,22322,14175
22819,22323,14176
22820,22324,14176
22821,22325,14176
22822,22326,14177
22823,22327,14178
22824,22328,14179
22825,22329,14180
22826,22330,14181
22827,22331,14182
22828,22332,14183
22829,22333,14184
22830,22334,14185
22831,22335,14186
22832,22336,14187
22833,22337,14188
22834,22338,14189
22835,22339,14190
22836,22340,14191
22837,22341,14191
22838,22342,14191
22839,22343,14191
22840,22344,14191
22841,22345,14191
22842,22346,14191
22843,22347,14191
22844,22348,14191
22845,22349,14191
22846,22350,14191
22847,22351,14191
22848,22352,14191
22849,22353,14191
22850,22354,14192
22851,22355,14193
22852,22356,14194
22853,22357,14195
22854,22358,14196
22855,22359,14197
22856,22360,14198
22857,22361,14199
22858,22362,14200
22859,22363,14200
22860,22364,14200
22861,22365,14200
22862,22366,14200
22863,22367,14200
22864,22368,14200
22865,22369,14200
22866,22370,14200
22867,22371,14200
22868,22372,14200
22869,22373,14200
22870,22374,14200
22871,22375,14200
22872,22376,14200
22873,22377,14200
22874,22378,14200
22875,22379,14201
22876,22380,14202
22877,22381,14203
22878,22382,14204
22879,22383,14205
22880,22384,14206
22881,22385,14206
22882,22386,14207
22883,22387,14208
22884,22388,14209
22885,22389,14210
22886,22390,14211
22887,22391,14212
22888,22392,14213
22889,22393,14214
22890,22394,14215
22891,22395,14216
22892,22396,14217
22893,22397,14218
22894,22398,14219
22895,22399,14220
22896,22400,14221
22897,22400,14222
22898,22400,14223
22899,22401,14224
22900,22402,14225
22901,22403,14226
22902,22404,14227
22903,22405,14228
22904,22406,14229
22905,22407,14230
22906,22408,14231
22907,22409,14232
22908,22410,14233
22909,22411,14234
22910,22412,14235
22911,22413,14236
22912,22414,14237
22913,22415,14238
22914,22416,14239
22915,22417,14240
22916,22418,14241
22917,22419,14242
22918,22420,14243
22919,22421,14244
22920,22422,14245
22921,22423,14246
22922,22424,14247
22923,22425,14248
22924,22426,14248
22925,22427,14248
22926,22428,14248
22927,22429,14248
22928,22430,14248
22929,22431,14248
22930,22432,14248
22931,22433,14248
22932,22434,14248
22933,22435,14248
22934,22436,14248
22935,22437,14248
22936,22438,14248
22937,22439,14248
22938,22440,14248
22939,22441,14248
22940,22442,14248
22941,22443,14248
22942,22444,14248
22943,22445,14248
22944,22446,14248
22945,22447,14248
22946,22448,14248
22947,22449,14248
22948,22450,14248
22949,22451,14248
22950,22452,14248
22951,22453,14248
22952,22454,14248
22953,22455,14248
22954,22456,14248
22955,22457,14248
22956,22458,14248
22957,22459,14248
22958,22460,14248
22959,22461,14249
22960,22462,14250
22961,22463,14251
22962,22464,14252
22963,22465,14253
22964,22466,14254
22965,22467,14255
22966,22468,14256
22967,22469,14257
22968,22470,14258
22969,22471,14259
22970,22472,14260
22971,22473,14261
22972,22474,14262
22973,22475,14263
22974,22476,14264
22975,22477,14265
22976,22478,14266
22977,22479,14267
22978,22480,14268
22979,22481,14269
22980,22482,14270
22981,22483,14271
22982,22484,14272
22983,22485,14273
22984,22486,14274
22985,22487,14275
22986,22488,14276
22987,22489,14277
22988,22490,14278
22989,22491,14279
22990,22492,14280
22991,22493,14281
22992,22494,14282
22993,22495,14283
22994,22496,14284
22995,22497,14285
22996,22498,14286
22997,22499,14287
22998,22500,14288
22999,22501,14289
23000,22502,14290
23001,22503,14291
23002,22504,14292
23003,22505,14293
23004,22506,14293
23005,22507,14293
23006,22508,14293
23007,22509,14293
23008,22510,14293
23009,22511,14293
23010,22512,14293
23011,22513,14293
23012,22514,14293
23013,22515,14293
23014,22516,14293
23015,22517,14293
23016,22518,14293
23017,22519,14293
23018,22520,14293
23019,22521,14293
23020,22522,14293
23021,22523,14293
23022,22524,14293
23023,22525,14293
23024,22526,14293
23025,22527,14293
23026,22528,14293
23027,22529,14293
23028,22530,14293
23029,22531,14293
23030,22532,14293
23031,22533,14293
23032,22534,14293
23033,22535,14293
23034,22536,14294
23035,22537,14295
23036,22538,14296
23037,22539,14297
23038,22540,14298
23039,22541,14299
23040,22542,14299
23041,22543,14300
23042,22544,14301
23043,22545,14302
23044,22546,14303
23045,22547,14304
23046,22548,14305
23047,22549,14306
23048,22550,14307
23049,22551,14308
23050,22552,14308
23051,22553,14308
23052,22554,14308
23053,22555,14308
23054,22556,14309
23055,22557,14310
23056,22558,14311
23057,22559,14312
23058,22560,14313
23059,22561,14314
23060,22562,14315
23061,22563,14316
23062,22564,14317
23063,22565,14318
23064,22566,14319
23065,22567,14320
23066,22568,14321
23067,22569,14321
23068,22570,14322
23069,22571,14323
23070,22572,14324
23071,22573,14325
23072,22574,14326
23073,22575,14327
23074,22576,14328
23075,22577,14329
23076,22578,14330
23077,22579,14331
23078,22580,14332
23079,22581,14333
23080,22582,14334
23081,22583,14334
23082,22584,14334
23083,22585,14334
23084,22586,14334
23085,22587,14334
23086,22588,14334
23087,22589,14334
23088,22590,14334
23089,22591,14334
23090,22592,14334
23091,22593,14334
23092,22594,14334
23093,22595,14335
23094,22596,14336
23095,22597,14337
23096,22598,14338
23097,22599,14339
23098,22600,14340
23099,22601,14341
23100,22602,14341
23101,22603,14341
23102,22604,14341
23103,22605,14341
23104,22606,14341
23105,22607,14341
23106,22608,14341
23107,22609,14341
23108,22610,14341
23109,22611,14341
23110,22612,14341
23111,22613,14342
23112,22614,14343
23113,22615,14344
23114,22616,14345
23115,22617,14346
23116,22618,14347
23117,22619,14348
23118,22620,14349
23119,22621,14350
23120,22622,14351
23121,22623,14352
23122,22624,14353
23123,22625,14354
23124,22626,14355
23125,22627,14356
23126,22628,14356
23127,22629,14356
23128,22630,14356
23129,22631,14356
23130,22632,14356
23131,22633,14356
23132,22634,14356
23133,22635,14356
23134,22636,14356
23135,22637,14356
23136,22638,14356
23137,22639,14356
23138,22640,14357
23139,22641,14357
23140,22642,14357
23141,22643,14357
23142,22644,14357
23143,22645,14357
23144,22646,14357
23145,22647,14357
23146,22648,14357
23147,22649,14357
23148,22650,14357
23149,22651,14357
23150,22652,14358
23151,22653,14359
23152,22654,14360
23153,22655,14361
23154,22656,14362
23155,22657,14363
23156,22658,14364
23157,22659,14365
23158,22660,14366
23159,22661,14367
23160,22662,14368
23161,22663,14369
23162,22664,14370
23163,22665,14371
23164,22666,14372
23165,22667,14373
23166,22668,14374
23167,22669,14375
23168,22670,14376
23169,22671,14377
23170,22672,14378
23171,22673,14379
23172,22674,14380
23173,22675,14381
23174,22676,14382
23175,22677,14383
23176,22678,14384
23177,22679,14385
23178,22680,14386
23179,22681,14387
23180,22682,14388
23181,22683,14389
23182,22684,14390
23183,22685,14391
23184,22686,14392
23185,22687,14392
23186,22688,14392
23187,22689,14392
23188,22690,14392
23189,22691,14392
23190,22692,14392
23191,22693,14392
23192,22694,14392
23193,22695,14392
23194,22696,14392
23195,22697,14392
23196,22698,14392
23197,22699,14392
23198,22700,14392
23199,22701,14392
23200,22702,14392
23201,22703,14393
23202,22704,14394
23203,22705,14395
23204,22706,14396
23205,22707,14397
23206,22708,14398
23207,22709,14398
23208,22710,14399
23209,22711,14400
23210,22712,14401
23211,22713,14402
23212,22714,14403
23213,22715,14404
23214,22716,14405
23215,22717,14406
23216,22718,14407
23217,22719,14408
23218,22720,14409
23219,22721,14410
23220,22722,14411
23221,22723,14412
23222,22724,14413
23223,22725,14413
23224,22726,14413
23225,22727,14413
23226,22728,14413
23227,22729,14413
23228,22730,14413
23229,22731,14413
23230,22732,14413
23231,22733,14413
23232,22734,14413
23233,22735,14413
23234,22736,14413
23235,22737,14413
23236,22738,14413
23237,22739,14413
23238,22740,14413
23239,22741,14414
23240,22742,14415
23241,22743,14416
23242,22744,14417
23243,22745,14418
23244,22746,14419
23245,22747,14420
23246,22748,14421
23247,22749,14422
23248,22750,14423
23249,22751,14424
23250,22752,14425
23251,22753,14426
23252,22754,14427
23253,22755,14428
23254,22756,14429
23255,22757,14430
23256,22758,14431
23257,22759,14432
23258,22760,14433
23259,22761,14434
23260,22762,14435
23261,22763,14435
23262,22764,14435
23263,22765,14435
23264,22766,14435
23265,22767,14435
23266,22768,14435
23267,22769,14435
23268,22770,14435
23269,22771,14435
23270,22772,14435
23271,22773,14435
23272,22774,14436
23273,22775,14437
23274,22776,14438
23275,22777,14439
23276,22778,14440
23277,22779,14441
23278,22780,14442
23279,22781,14443
23280,22782,14444
23281,22783,14445
23282,22784,14446
23283,22785,14447
23284,22786,14448
23285,22787,14448
23286,22788,14448
23287,22789,14448
23288,22790,14449
23289,22791,14450
23290,22792,14450
23291,22793,14450
23292,22794,14450
23293,22795,14450
23294,22796,14450
23295,22797,14450
23296,22798,14450
23297,22799,14451
23298,22800,14452
23299,22801,14453
23300,22802,14454
23301,22803,14455
23302,22804,14456
23303,22805,14457
23304,22806,14458
23305,22807,14459
23306,22808,14460
23307,22809,14461
23308,22810,14461
23309,22811,14461
23310,22812,14461
23311,22813,14461
23312,22814,14461
23313,22815,14461
23314,22816,14461
23315,22817,14461
23316,22818,14461
23317,22819,14461
23318,22820,14461
23319,22821,14461
23320,22822,14461
23321,22823,14461
23322,22824,14461
23323,22825,14461
23324,22826,14461
23325,22827,14461
23326,22828,14461
23327,22829,14461
23328,22830,14461
23329,22831,14461
23330,22832,14461
23331,22833,14461
23332,22834,14461
23333,22835,14461
23334,22836,14461
23335,22837,14461
23336,22838,14461
23337,22839,14461
23338,22840,14461
23339,22841,14461
23340,22842,14462
23341,22843,14463
23342,22844,14464
23343,22845,14465
23344,22846,14466
23345,22847,14467
23346,22848,14468
23347,22849,14469
23348,22850,14470
23349,22851,14471
23350,22852,14472
23351,22853,14473
23352,22854,14474
23353,22855,14475
23354,22856,14476
23355,22857,14477
23356,22858,14478
23357,22859,14479
23358,22860,14480
23359,22861,14481
23360,22862,14482
23361,22863,14483
23362,22864,14484
23363,22865,14485
23364,22866,14486
23365,22867,14487
23366,22868,14488
23367,22869,14489
23368,22870,14490
23369,22871,14491
23370,22872,14492
23371,22873,14493
23372,22874,14494
23373,22875,14495
23374,22876,14496
23375,22877,14497
23376,22878,14498
23377,22879,14499
23378,22880,14500
23379,22881,14501
23380,22882,14502
23381,22883,14503
23382,22884,14504
23383,22885,14505
23384,22886,14506
23385,22887,14507
23386,22888,14507
23387,22889,14507
23388,22890,14508
23389,22891,14509
23390,22892,14510
23391,22893,14511
23392,22894,14512
23393,22895,14513
23394,22896,14514
23395,22897,14515
23396,22898,14516
23397,22899,14517
23398,22900,14518
23399,22901,14519
23400,22902,14519
23401,22903,14519
23402,22904,14519
23403,22905,14519
23404,22906,14519
23405,22907,14519
23406,22908,14519
23407,22909,14519
23408,22910,14519
23409,22911,14519
23410,22912,14519
23411,22913,14519
23412,22914,14519
23413,22915,14519
23414,22916,14520
23415,22917,14521
23416,22918,14522
23417,22919,14523
23418,22920,14524
23419,22921,14525
23420,22922,14526
23421,22923,14526
23422,22924,14526
23423,22925,14526
23424,22926,14526
23425,22927,14526
23426,22928,14526
23427,22929,14526
23428,22930,14526
23429,22931,14527
23430,22932,14528
23431,22933,14529
23432,22934,14530
23433,22935,14531
23434,22936,14532
23435,22937,14533
23436,22938,14534
23437,22939,14535
23438,22940,14536
23439,22941,14537
23440,22942,14537
23441,22943,14537
23442,22944,14537
23443,22945,14537
23444,22946,14537
23445,22947,14537
23446,22948,14537
23447,22949,14537
23448,22950,14538
23449,22951,14539
23450,22952,14540
23451,22953,14541
23452,22954,14542
23453,22955,14542
23454,22956,14542
23455,22957,14542
23456,22958,14542
23457,22959,14543
23458,22960,14544
23459,22961,14545
23460,22962,14546
23461,22963,14547
23462,22964,14548
23463,22965,14549
23464,22966,14550
23465,22967,14551
23466,22968,14552
23467,22969,14552
23468,22970,14552
23469,22971,14552
23470,22972,14552
23471,22973,14552
23472,22974,14552
23473,22975,14552
23474,22976,14552
23475,22977,14552
23476,22978,14553
23477,22979,14554
23478,22980,14555
23479,22981,14556
23480,22982,14556
23481,22983,14556
23482,22984,14556
23483,22985,14557
23484,22986,14558
23485,22987,14559
23486,22988,14560
23487,22989,14561
23488,22990,14562
23489,22991,14563
23490,22992,14564
23491,22993,14565
23492,22994,14566
23493,22995,14566
23494,22996,14566
23495,22997,14566
23496,22998,14566
23497,22999,14566
23498,23000,14567
23499,23001,14568
23500,23002,14569
23501,23003,14570
23502,23004,14571
23503,23005,14572
23504,23006,14573
23505,23007,14574
23506,23008,14575
23507,23009,14576
23508,23010,14576
23509,23011,14576
23510,23012,14576
23511,23013,14576
23512,23014,14576
23513,23015,14576
23514,23016,14576
23515,23017,14576
23516,23018,14577
23517,23019,14578
23518,23020,14579
23519,23021,14580
23520,23022,14580
23521,23023,14580
23522,23024,14580
23523,23025,14580
23524,23026,14580
23525,23027,14580
23526,23028,14581
23527,23029,14582
23528,23030,14583
23529,23031,14584
23530,23032,14585
23531,23033,14586
23532,23034,14587
23533,23035,14588
23534,23036,14589
23535,23037,14590
23536,23038,14591
23537,23039,14592
23538,23040,14593
23539,23041,14594
23540,23042,14595
23541,23043,14596
23542,23044,14597
23543,23045,14598
23544,23046,14598
23545,23047,14598
23546,23048,14598
23547,23049,14598
23548,23050,14598
23549,23051,14598
23550,23052,14598
23551,23053,14598
23552,23054,14598
23553,23055,14598
23554,23056,14598
23555,23057,14598
23556,23058,14598
23557,23059,14598
23558,23060,14598
23559,23061,14598
23560,23062,14598
23561,23063,14598
23562,23064,14598
23563,23065,14598
23564,23066,14598
23565,23067,14598
23566,23068,14598
23567,23069,14598
23568,23070,14598
23569,23071,14598
23570,23072,14598
23571,23073,14598
23572,23074,14598
23573,23075,14599
23574,23076,14600
23575,23077,14601
23576,23078,14602
23577,23079,14603
23578,23080,14604
23579,23081,14605
23580,23082,14606
23581,23083,14607
23582,23084,14608
23583,23085,14609
23584,23086,14610
23585,23087,14611
23586,23088,14612
23587,23089,14613
23588,23090,14614
23589,23091,14615
23590,23092,14616
23591,23093,14616
23592,23094,14616
23593,23095,14616
23594,23096,14616
23595,23097,14616
23596,23098,14617
23597,23099,14618
23598,23100,14619
23599,23101,14620
23600,23102,14621
23601,23103,14622
23602,23104,14623
23603,23105,14624
23604,23106,14625
23605,23107,14626
23606,23108,14627
23607,23109,14628
23608,23110,14629
23609,23111,14630
23610,23112,14631
23611,23113,14632
23612,23114,14632
23613,23115,14632
23614,23116,14632
23615,23117,14633
23616,23118,14634
23617,23119,14635
23618,23120,14636
23619,23121,14637
23620,23122,14638
23621,23123,14639
23622,23124,14640
23623,23125,14641
23624,23126,14641
23625,23127,14641
23626,23128,14642
23627,23129,14643
23628,23130,14644
23629,23131,14644
23630,23132,14644
23631,23133,14644
23632,23134,14644
23633,23135,14644
23634,23136,14644
23635,23137,14644
23636,23138,14645
23637,23139,14646
23638,23140,14647
23639,23141,14648
23640,23142,14649
23641,23143,14649
23642,23144,14649
23643,23145,14649
23644,23146,14649
23645,23147,14649
23646,23148,14649
23647,23149,14649
23648,23150,14649
23649,23151,14650
23650,23152,14651
23651,23153,14652
23652,23154,14653
23653,23155,14654
23654,23156,14655
23655,23157,14656
23656,23158,14657
23657,23159,14658
23658,23160,14659
23659,23161,14660
23660,23162,14661
23661,23163,14662
23662,23164,14663
23663,23165,14664
23664,23166,14664
23665,23167,14664
23666,23168,14664
23667,23169,14664
23668,23170,14665
23669,23171,14665
23670,23172,14665
23671,23173,14665
23672,23174,14665
23673,23175,14666
23674,23176,14667
23675,23177,14668
23676,23178,14669
23677,23179,14670
23678,23180,14671
23679,23181,14672
23680,23182,14673
23681,23183,14674
23682,23184,14674
23683,23185,14674
23684,23186,14674
23685,23187,14674
23686,23188,14675
23687,23189,14676
23688,23190,14677
23689,23191,14678
23690,23192,14679
23691,23193,14679
23692,23194,14679
23693,23195,14679
23694,23196,14679
23695,23197,14679
23696,23198,14679
23697,23199,14680
23698,23200,14681
23699,23201,14682
23700,23202,14683
23701,23203,14684
23702,23204,14685
23703,23205,14686
23704,23206,14687
23705,23207,14688
23706,23208,14689
23707,23209,14689
23708,23210,14689
23709,23211,14689
23710,23212,14689
23711,23213,14689
23712,23214,14689
23713,23215,14689
23714,23216,14690
23715,23217,14691
23716,23218,14692
23717,23219,14693
23718,23220,14694
23719,23221,14695
23720,23222,14696
23721,23223,14696
23722,23224,14696
23723,23225,14697
23724,23226,14698
23725,23227,14699
23726,23228,14700
23727,23229,14701
23728,23230,14702
23729,23231,14703
23730,23232,14704
23731,23233,14705
23732,23234,14706
23733,23235,14707
23734,23236,14708
23735,23237,14709
23736,23238,14710
23737,23239,14711
23738,23240,14712
23739,23241,14713
23740,23242,14714
23741,23243,14715
23742,23244,14716
23743,23245,14717
23744,23246,14718
23745,23247,14719
23746,23248,14720
23747,23249,14721
23748,23250,14722
23749,23251,14723
23750,23252,14724
23751,23253,14725
23752,23254,14726
23753,23255,14727
23754,23256,14727
23755,23257,14727
23756,23258,14727
23757,23259,14727
23758,23260,14727
23759,23261,14727
23760,23262,14727
23761,23263,14727
23762,23264,14727
23763,23265,14727
23764,23266,14727
23765,23267,14727
23766,23268,14727
23767,23269,14727
23768,23270,14727
23769,23271,14727
23770,23272,14727
23771,23273,14727
23772,23274,14727
23773,23275,14728
23774,23276,14729
23775,23277,14730
23776,23278,14731
23777,23279,14732
23778,23280,14733
23779,23281,14734
23780,23282,14735
23781,23283,14736
23782,23284,14737
23783,23285,14738
23784,23286,14739
23785,23287,14740
23786,23288,14741
23787,23289,14742
23788,23290,14743
23789,23291,14744
23790,23292,14745
23791,23293,14746
23792,23294,14747
23793,23295,14747
23794,23296,14747
23795,23297,14747
23796,23298,14747
23797,23299,14747
23798,23300,14747
23799,23301,14747
23800,23302,14747
23801,23303,14747
23802,23304,14747
23803,23305,14747
23804,23306,14747
23805,23307,14747
23806,23308,14747
23807,23309,14747
23808,23310,14747
23809,23311,14747
23810,23312,14747
23811,23313,14747
23812,23314,14748
23813,23315,14749
23814,23316,14750
23815,23317,14751
23816,23318,14752
23817,23319,14753
23818,23320,14754
23819,23321,14755
23820,23322,14756
23821,23323,14757
23822,23324,14758
23823,23325,14759
23824,23326,14760
23825,23327,14761
23826,23328,14761
23827,23329,14761
23828,23330,14761
23829,23331,14761
23830,23332,14761
23831,23333,14761
23832,23334,14761
23833,23335,14761
23834,23336,14761
23835,23337,14761
23836,23338,14761
23837,23339,14761
23838,23340,14761
23839,23341,14761
23840,23342,14761
23841,23343,14761
23842,23344,14761
23843,23345,14762
23844,23346,14763
23845,23347,14764
23846,23348,14765
23847,23349,14766
23848,23350,14767
23849,23351,14768
23850,23352,14769
23851,23353,14770
23852,23354,14771
23853,23355,14772
23854,23356,14773
23855,23357,14774
23856,23358,14775
23857,23359,14776
23858,23360,14777
23859,23361,14778
23860,23362,14779
23861,23363,14779
23862,23364,14779
23863,23365,14779
23864,23366,14779
23865,23367,14779
23866,23368,14779
23867,23369,14779
23868,23370,14779
23869,23371,14779
23870,23372,14779
23871,23373,14779
23872,23374,14779
23873,23375,14779
23874,23376,14779
23875,23377,14779
23876,23378,14779
23877,23379,14779
23878,23380,14779
23879,23381,14779
23880,23382,14779
23881,23383,14780
23882,23384,14781
23883,23385,14782
23884,23386,14783
23885,23387,14784
23886,23388,14785
23887,23389,14786
23888,23390,14787
23889,23391,14788
23890,23392,14789
23891,23393,14790
23892,23394,14791
23893,23395,14792
23894,23396,14793
23895,23397,14794
23896,23398,14795
23897,23399,14796
23898,23400,14797
23899,23401,14798
23900,23402,14799
23901,23403,14800
23902,23404,14801
23903,23405,14802
23904,23406,14803
23905,23407,14804
23906,23408,14805
23907,23409,14806
23908,23410,14807
23909,23411,14808
23910,23412,14809
23911,23413,14810
23912,23414,14811
23913,23415,14812
23914,23416,14813
23915,23417,14814
23916,23418,14815
23917,23419,14816
23918,23420,14816
23919,23421,14816
23920,23422,14816
23921,23423,14816
23922,23424,14816
23923,23425,14816
23924,23426,14816
23925,23427,14816
23926,23428,14816
23927,23429,14816
23928,23430,14816
23929,23431,14816
23930,23432,14816
23931,23433,14816
23932,23434,14816
23933,23435,14816
23934,23436,14816
23935,23437,14817
23936,23438,14818
23937,23439,14819
23938,23440,14820
23939,23441,14821
23940,23442,14822
23941,23443,14823
23942,23444,14824
23943,23445,14825
23944,23446,14826
23945,23447,14827
23946,23448,14827
23947,23449,14827
23948,23450,14827
23949,23451,14827
23950,23452,14827
23951,23453,14827
23952,23454,14827
23953,23455,14827
23954,23456,14827
23955,23457,14828
23956,23458,14829
23957,23459,14830
23958,23460,14831
23959,23461,14832
23960,23462,14833
23961,23463,14834
23962,23464,14835
23963,23465,14836
23964,23466,14837
23965,23467,14838
23966,23468,14839
23967,23469,14840
23968,23470,14841
23969,23471,14842
23970,23472,14843
23971,23473,14843
23972,23474,14843
23973,23475,14843
23974,23476,14843
23975,23477,14843
23976,23478,14843
23977,23479,14843
23978,23480,14844
23979,23481,14845
23980,23482,14846
23981,23483,14846
23982,23484,14846
23983,23485,14846
23984,23486,14846
23985,23487,14846
23986,23488,14846
23987,23489,14846
23988,23490,14846
23989,23491,14846
23990,23492,14846
23991,23493,14846
23992,23494,14846
23993,23495,14846
23994,23496,14846
23995,23497,14846
23996,23498,14846
23997,23499,14846
23998,23500,14846
23999,23501,14846
24000,23502,14846
24001,23503,14847
24002,23504,14848
24003,23505,14849
24004,23506,14850
24005,23507,14851
24006,23508,14852
24007,23509,14853
24008,23510,14854
24009,23511,14855
24010,23512,14856
24011,23513,14857
24012,23514,14858
24013,23515,14859
24014,23516,14860
24015,23517,14861
24016,23518,14862
24017,23519,14863
24018,23520,14864
24019,23521,14865
24020,23522,14866
24021,23523,14867
24022,23524,14868
24023,23525,14869
24024,23526,14870
24025,23527,14871
24026,23528,14872
24027,23529,14873
24028,23530,14873
24029,23531,14873
24030,23532,14873
24031,23533,14873
24032,23534,14873
24033,23535,14873
24034,23536,14873
24035,23537,14873
24036,23538,14873
24037,23539,14873
24038,23540,14874
24039,23541,14874
24040,23542,14874
24041,23543,14874
24042,23544,14874
24043,23545,14874
24044,23546,14874
24045,23547,14875
24046,23548,14876
24047,23549,14877
24048,23550,14878
24049,23551,14879
24050,23552,14880
24051,23553,14881
24052,23554,14882
24053,23555,14883
24054,23556,14884
24055,23557,14885
24056,23558,14886
24057,23559,14887
24058,23560,14888
24059,23561,14889
24060,23562,14890
24061,23563,14891
24062,23564,14892
24063,23565,14893
24064,23566,14894
24065,23567,14894
24066,23568,14894
24067,23569,14894
24068,23570,14894
24069,23571,14894
24070,23572,14894
24071,23573,14894
24072,23574,14894
24073,23575,14894
24074,23576,14894
24075,23577,14894
24076,23578,14894
24077,23579,14894
24078,23580,14895
24079,23581,14896
24080,23582,14897
24081,23583,14897
24082,23584,14897
24083,23585,14897
24084,23586,14897
24085,23587,14897
24086,23588,14897
24087,23589,14898
24088,23590,14899
24089,23591,14900
24090,23592,14901
24091,23593,14902
24092,23594,14903
24093,23595,14904
24094,23596,14905
24095,23597,14906
24096,23598,14907
24097,23599,14908
24098,23600,14909
24099,23601,14910
24100,23602,14911
24101,23603,14912
24102,23604,14913
24103,23605,14914
24104,23606,14915
24105,23607,14916
24106,23608,14917
24107,23609,14918
24108,23610,14919
24109,23611,14920
24110,23612,14920
24111,23613,14920
24112,23614,14920
24113,23615,14920
24114,23616,14920
24115,23617,14920
24116,23618,14920
24117,23619,14920
24118,23620,14920
24119,23621,14920
24120,23622,14920
24121,23623,14920
24122,23624,14920
24123,23625,14920
24124,23626,14920
24125,23627,14921
24126,23628,14922
24127,23629,14923
24128,23630,14924
24129,23631,14925
24130,23632,14926
24131,23633,14927
24132,23634,14928
24133,23635,14929
24134,23636,14930
24135,23637,14931
24136,23638,14932
24137,23639,14933
24138,23640,14934
24139,23641,14935
24140,23642,14936
24141,23643,14937
24142,23644,14938
24143,23645,14939
24144,23646,14939
24145,23647,14939
24146,23648,14939
24147,23649,14939
24148,23650,14939
24149,23651,14939
24150,23652,14939
24151,23653,14939
24152,23654,14939
24153,23655,14939
24154,23656,14939
24155,23657,14939
24156,23658,14939
24157,23659,14939
24158,23660,14939
24159,23661,14939
24160,23662,14939
24161,23663,14939
24162,23664,14940
24163,23665,14941
24164,23666,14942
24165,23667,14943
24166,23668,14944
24167,23669,14945
24168,23670,14946
24169,23671,14947
24170,23672,14948
24171,23673,14949
24172,23674,14950
24173,23675,14951
24174,23676,14952
24175,23677,14953
24176,23678,14954
24177,23679,14955
24178,23680,14956
24179,23681,14957
24180,23682,14958
24181,23683,14958
24182,23684,14958
24183,23685,14958
24184,23686,14958
24185,23687,14958
24186,23688,14958
24187,23689,14958
24188,23690,14958
24189,23691,14958
24190,23692,14958
24191,23693,14958
24192,23694,14958
24193,23695,14958
24194,23696,14958
24195,23697,14959
24196,23698,14960
24197,23699,14961
24198,23700,14962
24199,23701,14963
24200,23702,14964
24201,23703,14965
24202,23704,14966
24203,23705,14967
24204,23706,14968
24205,23707,14969
24206,23708,14970
24207,23709,14970
24208,23710,14971
24209,23711,14972
24210,23712,14973
24211,23713,14974
24212,23714,14975
24213,23715,14975
24214,23716,14975
24215,23717,14976
24216,23718,14977
24217,23719,14978
24218,23720,14979
24219,23721,14980
24220,23722,14981
24221,23723,14982
24222,23724,14983
24223,23725,14984
24224,23726,14985
24225,23727,14986
24226,23728,14986
24227,23729,14986
24228,23730,14986
24229,23731,14986
24230,23732,14986
24231,23733,14986
24232,23734,14986
24233,23735,14986
24234,23736,14986
24235,23737,14986
24236,23738,14986
24237,23739,14986
24238,23740,14987
24239,23741,14987
24240,23742,14987
24241,23743,14987
24242,23744,14987
24243,23745,14987
24244,23746,14987
24245,23747,14987
24246,23748,14987
24247,23749,14987
24248,23750,14987
24249,23751,14988
24250,23752,14989
24251,23753,14990
24252,23754,14991
24253,23755,14992
24254,23756,14993
24255,23757,14994
24256,23758,14995
24257,23759,14996
24258,23760,14997
24259,23761,14998
24260,23762,14999
24261,23763,15000
24262,23764,15001
24263,23765,15002
24264,23766,15003
24265,23767,15004
24266,23768,15005
24267,23769,15006
24268,23770,15007
24269,23771,15008
24270,23772,15009
24271,23773,15010
24272,23774,15011
24273,23775,15012
24274,23776,15013
24275,23777,15013
24276,23778,15013
24277,23779,15013
24278,23780,15013
24279,23781,15013
24280,23782,15013
24281,23783,15013
24282,23784,15013
24283,23785,15013
24284,23786,15013
24285,23787,15013
24286,23788,15013
24287,23789,15013
24288,23790,15013
24289,23791,15013
24290,23792,15013
24291,23793,15013
24292,23794,15014
24293,23795,15015
24294,23796,15016
24295,23797,15017
24296,23798,15018
24297,23799,15019
24298,23800,15020
24299,23801,15021
24300,23802,15022
24301,23803,15023
24302,23804,15024
24303,23805,15025
24304,23806,15026
24305,23807,15027
24306,23808,15028
24307,23809,15029
24308,23810,15030
24309,23811,15031
24310,23812,15031
24311,23813,15031
24312,23814,15031
24313,23815,15031
24314,23816,15031
24315,23817,15031
24316,23818,15031
24317,23819,15031
24318,23820,15031
24319,23821,15031
24320,23822,15031
24321,23823,15031
24322,23824,15031
24323,23825,15031
24324,23826,15032
24325,23827,15033
24326,23828,15034
24327,23829,15035
24328,23830,15036
24329,23831,15037
24330,23832,15038
24331,23833,15039
24332,23834,15040
24333,23835,15041
24334,23836,15042
24335,23837,15043
24336,23838,15044
24337,23839,15045
24338,23840,15046
24339,23841,15047
24340,23842,15048
24341,23843,15049
24342,23844,15050
24343,23845,15051
24344,23846,15052
24345,23847,15053
24346,23848,15054
24347,23849,15055
24348,23850,15056
24349,23851,15057
24350,23852,15058
24351,23853,15059
24352,23854,15060
24353,23855,15061
24354,23856,15062
24355,23857,15063
24356,23858,15064
24357,23859,15065
24358,23860,15066
24359,23861,15067
24360,23862,15068
24361,23863,15069
24362,23864,15069
24363,23865,15069
24364,23866,15069
24365,23867,15069
24366,23868,15069
24367,23869,15069
24368,23870,15069
24369,23871,15069
24370,23872,15069
24371,23873,15069
24372,23874,15069
24373,23875,15069
24374,23876,15069
24375,23877,15069
24376,23878,15069
24377,23879,15069
24378,23880,15070
24379,23881,15071
24380,23882,15072
24381,23883,15073
24382,23884,15074
24383,23885,15075
24384,23886,15076
24385,23887,15077
24386,23888,15078
24387,23889,15079
24388,23890,15080
24389,23891,15081
24390,23892,15082
24391,23893,15083
24392,23894,15084
24393,23895,15085
24394,23896,15086
24395,23897,15087
24396,23898,15088
24397,23899,15089
24398,23900,15090
24399,23901,15090
24400,23902,15090
24401,23903,15090
24402,23904,15090
24403,23905,15090
24404,23906,15090
24405,23907,15090
24406,23908,15090
24407,23909,15090
24408,23910,15090
24409,23911,15090
24410,23912,15090
24411,23913,15090
24412,23914,15090
24413,23915,15091
24414,23916,15092
24415,23917,15093
24416,23918,15094
24417,23919,15095
24418,23920,15096
24419,23921,15097
24420,23922,15098
24421,23923,15099
24422,23924,15100
24423,23925,15101
24424,23926,15102
24425,23927,15103
24426,23928,15104
24427,23929,15105
24428,23930,15106
24429,23931,15107
24430,23932,15108
24431,23933,15109
24432,23934,15110
24433,23935,15111
24434,23936,15112
24435,23937,15113
24436,23938,15114
24437,23939,15115
24438,23940,15116
24439,23941,15117
24440,23942,15118
24441,23943,15118
24442,23944,15118
24443,23945,15118
24444,23946,15118
24445,23947,15118
24446,23948,15118
24447,23949,15118
24448,23950,15118
24449,23951,15118
24450,23952,15118
24451,23953,15118
24452,23954,15118
24453,23955,15118
24454,23956,15118
24455,23957,15118
24456,23958,15118
24457,23959,15119
24458,23960,15120
24459,23961,15121
24460,23962,15122
24461,23963,15123
24462,23964,15123
24463,23965,15123
24464,23966,15123
24465,23967,15123
24466,23968,15123
24467,23969,15123
24468,23970,15124
24469,23971,15124
24470,23972,15124
24471,23973,15124
24472,23974,15124
24473,23975,15124
24474,23976,15124
24475,23977,15124
24476,23978,15125
24477,23979,15126
24478,23980,15127
24479,23981,15128
24480,23982,15128
24481,23983,15128
24482,23984,15128
24483,23985,15128
24484,23986,15128
24485,23987,15128
24486,23988,15128
24487,23989,15128
24488,23990,15128
24489,23991,15128
24490,23992,15128
24491,23993,15128
24492,23994,15129
24493,23995,15130
24494,23996,15131
24495,23997,15132
24496,23998,15133
24497,23999,15134
24498,24000,15135
24499,24001,15136
24500,24002,15137
24501,24003,15138
24502,24004,15139
24503,24005,15140
24504,24006,15141
24505,24007,15141
24506,24008,15141
24507,24009,15141
24508,24010,15141
24509,24011,15141
24510,24012,15141
24511,24013,15141
24512,24014,15141
24513,24015,15141
24514,24016,15141
24515,24017,15141
24516,24018,15141
24517,24019,15141
24518,24020,15141
24519,24021,15141
24520,24022,15141
24521,24023,15141
24522,24024,15142
24523,24025,15143
24524,24026,15144
24525,24027,15145
24526,24028,15146
24527,24029,15147
24528,24030,15148
24529,24031,15149
24530,24032,15150
24531,24033,15151
24532,24034,15152
24533,24035,15153
24534,24036,15154
24535,24037,15155
24536,24038,15156
24537,24039,15157
24538,24040,15158
24539,24041,15159
24540,24042,15160
24541,24043,15160
24542,24044,15160
24543,24045,15160
24544,24046,15160
24545,24047,15160
24546,24048,15160
24547,24049,15160
24548,24050,15160
24549,24051,15160
24550,24052,15160
24551,24053,15160
24552,24054,15160
24553,24055,15160
24554,24056,15160
24555,24057,15160
24556,24058,15160
24557,24059,15160
24558,24060,15161
24559,24061,15162
24560,24062,15163
24561,24063,15164
24562,24064,15165
24563,24065,15166
24564,24066,15167
24565,24067,15168
24566,24068,15169
24567,24069,15170
24568,24070,15171
24569,24071,15172
24570,24072,15173
24571,24073,15174
24572,24074,15175
24573,24075,15176
24574,24076,15177
24575,24077,15178
24576,24078,15179
24577,24079,15180
24578,24080,15181
24579,24081,15182
24580,24082,15183
24581,24083,15184
24582,24084,15185
24583,24085,15186
24584,24086,15187
24585,24087,15188
24586,24088,15189
24587,24089,15190
24588,24090,15191
24589,24091,15192
24590,24092,15192
24591,24093,15192
24592,24094,15192
24593,24095,15192
24594,24096,15192
24595,24097,15192
24596,24098,15192
24597,24099,15192
24598,24100,15192
24599,24101,15192
24600,24102,15192
24601,24103,15192
24602,24104,15192
24603,24105,15192
24604,24106,15192
24605,24107,15192
24606,24108,15192
24607,24109,15192
24608,24110,15192
24609,24111,15193
24610,24112,15194
24611,24113,15195
24612,24114,15196
24613,24115,15197
24614,24116,15198
24615,24117,15199
24616,24118,15200
24617,24119,15201
24618,24120,15202
24619,24121,15203
24620,24122,15204
24621,24123,15205
24622,24124,15206
24623,24125,15206
24624,24126,15206
24625,24127,15206
24626,24128,15206
24627,24129,15206
24628,24130,15206
24629,24131,15206
24630,24132,15206
24631,24133,15206
24632,24134,15206
24633,24135,15206
24634,24136,15206
24635,24137,15206
24636,24138,15206
24637,24139,15206
24638,24140,15206
24639,24141,15206
24640,24142,15207
24641,24143,15208
24642,24144,15209
24643,24145,15210
24644,24146,15211
24645,24147,15212
24646,24148,15213
24647,24149,15214
24648,24150,15215
24649,24151,15216
24650,24152,15217
24651,24153,15218
24652,24154,15219
24653,24155,15220
24654,24156,15221
24655,24157,15222
24656,24158,15223
24657,24159,15224
24658,24160,15225
24659,24161,15226
24660,24162,15227
24661,24163,15228
24662,24164,15229
24663,24165,15230
24664,24166,15231
24665,24167,15232
24666,24168,15233
24667,24169,15234
24668,24170,15235
24669,24171,15235
24670,24172,15235
24671,24173,15235
24672,24174,15235
24673,24175,15235
24674,24176,15235
24675,24177,15235
24676,24178,15235
24677,24179,15235
24678,24180,15236
24679,24181,15237
24680,24182,15238
24681,24183,15238
24682,24184,15238
24683,24185,15238
24684,24186,15238
24685,24187,15238
24686,24188,15239
24687,24189,15240
24688,24190,15241
24689,24191,15242
24690,24192,15243
24691,24193,15244
24692,24194,15245
24693,24195,15246
24694,24196,15247
24695,24197,15248
24696,24198,15249
24697,24199,15250
24698,24200,15251
24699,24201,15252
24700,24202,15253
24701,24203,15254
24702,24204,15255
24703,24205,15256
24704,24206,15257
24705,24207,15257
24706,24208,15257
24707,24209,15257
24708,24210,15257
24709,24211,15257
24710,24212,15257
24711,24213,15257
24712,24214,15257
24713,24215,15257
24714,24216,15257
24715,24217,15257
24716,24218,15257
24717,24219,15257
24718,24220,15257
24719,24221,15257
24720,24222,15257
24721,24223,15257
24722,24224,15257
24723,24225,15258
24724,24226,15259
24725,24227,15260
24726,24228,15261
24727,24229,15262
24728,24230,15263
24729,24231,15264
24730,24232,15265
24731,24233,15266
24732,24234,15267
24733,24235,15268
24734,24236,15269
24735,24237,15270
24736,24238,15271
24737,24239,15272
24738,24240,15273
24739,24241,15274
24740,24242,15275
24741,24243,15276
24742,24244,15277
24743,24245,15278
24744,24246,15279
24745,24247,15280
24746,24248,15281
24747,24249,15282
24748,24250,15283
24749,24251,15284
24750,24252,15284
24751,24253,15284
24752,24254,15284
24753,24255,15284
24754,24256,15284
24755,24257,15284
24756,24258,15284
24757,24259,15284
24758,24260,15284
24759,24261,15284
24760,24262,15284
24761,24263,15284
24762,24264,15284
24763,24265,15284
24764,24266,15284
24765,24267,15285
24766,24268,15286
24767,24269,15287
24768,24270,15288
24769,24271,15289
24770,24272,15290
24771,24273,15291
24772,24274,15292
24773,24275,15293
24774,24276,15294
24775,24277,15295
24776,24278,15296
24777,24279,15297
24778,24280,15298
24779,24281,15299
24780,24282,15300
24781,24283,15301
24782,24284,15302
24783,24285,15303
24784,24286,15304
24785,24287,15305
24786,24288,15305
24787,24289,15305
24788,24290,15305
24789,24291,15305
24790,24292,15305
24791,24293,15305
24792,24294,15305
24793,24295,15305
24794,24296,15305
24795,24297,15305
24796,24298,15305
24797,24299,15305
24798,24300,15305
24799,24301,15305
24800,24302,15305
24801,24303,15305
24802,24304,15305
24803,24305,15305
24804,24306,15305
24805,24307,15306
24806,24308,15307
24807,24309,15308
24808,24310,15309
24809,24311,15310
24810,24312,15311
24811,24313,15312
24812,24314,15313
24813,24315,15314
24814,24316,15315
24815,24317,15316
24816,24318,15317
24817,24319,15318
24818,24320,15319
24819,24321,15320
24820,24322,15321
24821,24323,15322
24822,24324,15323
24823,24325,15324
24824,24326,15325
24825,24327,15325
24826,24328,15325
24827,24329,15325
24828,24330,15325
24829,24331,15325
24830,24332,15325
24831,24333,15325
24832,24334,15325
24833,24335,15325
24834,24336,15325
24835,24337,15325
24836,24338,15325
24837,24339,15325
24838,24340,15325
24839,24341,15325
24840,24342,15325
24841,24343,15325
24842,24344,15325
24843,24345,15325
24844,24346,15325
24845,24347,15326
24846,24348,15327
24847,24349,15328
24848,24350,15329
24849,24351,15330
24850,24352,15331
24851,24353,15332
24852,24354,15333
24853,24355,15334
24854,24356,15335
24855,24357,15336
24856,24358,15337
24857,24359,15338
24858,24360,15339
24859,24361,15340
24860,24362,15341
24861,24363,15342
24862,24364,15343
24863,24365,15344
24864,24366,15345
24865,24367,15346
24866,24368,15347
24867,24369,15347
24868,24370,15347
24869,24371,15347
24870,24372,15347
24871,24373,15347
24872,24374,15347
24873,24375,15347
24874,24376,15347
24875,24377,15347
24876,24378,15347
24877,24379,15347
24878,24380,15347
24879,24381,15347
24880,24382,15347
24881,24383,15347
24882,24384,15347
24883,24385,15348
24884,24386,15349
24885,24387,15350
24886,24388,15351
24887,24389,15352
24888,24390,15353
24889,24391,15354
24890,24392,15355
24891,24393,15356
24892,24394,15357
24893,24395,15358
24894,24396,15359
24895,24397,15360
24896,24398,15361
24897,24399,15362
24898,24400,15363
24899,24401,15364
24900,24402,15365
24901,24403,15366
24902,24404,15367
24903,24405,15368
24904,24406,15369
24905,24407,15370
24906,24408,15370
24907,24409,15370
24908,24410,15370
24909,24411,15370
24910,24412,15370
24911,24413,15370
24912,24414,15370
24913,24415,15370
24914,24416,15370
24915,24417,15370
24916,24418,15370
24917,24419,15370
24918,24420,15370
24919,24421,15370
24920,24422,15370
24921,24423,15371
24922,24424,15372
24923,24425,15373
24924,24426,15374
24925,24427,15375
24926,24428,15376
24927,24429,15377
24928,24430,15378
24929,24431,15379
24930,24432,15380
24931,24433,15381
24932,24434,15382
24933,24435,15383
24934,24436,15384
24935,24437,15385
24936,24438,15386
24937,24439,15387
24938,24440,15388
24939,24441,15389
24940,24442,15390
24941,24443,15390
24942,24444,15390
24943,24445,15390
24944,24446,15390
24945,24447,15390
24946,24448,15390
24947,24449,15390
24948,24450,15390
24949,24451,15390
24950,24452,15390
24951,24453,15390
24952,24454,15391
24953,24455,15392
24954,24456,15393
24955,24457,15394
24956,24458,15395
24957,24459,15396
24958,24460,15397
24959,24461,15398
24960,24462,15399
24961,24463,15399
24962,24464,15399
24963,24465,15399
24964,24466,15399
24965,24467,15399
24966,24468,15400
24967,24469,15401
24968,24470,15402
24969,24471,15403
24970,24472,15404
24971,24473,15405
24972,24474,15406
24973,24475,15407
24974,24476,15408
24975,24477,15409
24976,24478,15410
24977,24479,15411
24978,24480,15412
24979,24481,15413
24980,24482,15414
24981,24483,15415
24982,24484,15416
24983,24485,15417
24984,24486,15417
24985,24487,15417
24986,24488,15417
24987,24489,15417
24988,24490,15417
24989,24491,15417
24990,24492,15417
24991,24493,15417
24992,24494,15417
24993,24495,15417
24994,24496,15417
24995,24497,15417
24996,24498,15417
24997,24499,15417
24998,24500,15417
24999,24501,15417
25000,24502,15417
25001,24503,15417
25002,24504,15417
25003,24505,15417
25004,24506,15417
25005,24507,15417
25006,24508,15418
25007,24509,15419
25008,24510,15420
25009,24511,15421
25010,24512,15422
25011,24513,15423
25012,24514,15424
25013,24515,15425
25014,24516,15426
25015,24517,15427
25016,24518,15428
25017,24519,15429
25018,24520,15430
25019,24521,15431
25020,24522,15432
25021,24523,15433
25022,24524,15434
25023,24525,15435
25024,24526,15436
25025,24527,15437
25026,24528,15438
25027,24529,15438
25028,24530,15438
25029,24531,15438
25030,24532,15438
25031,24533,15438
25032,24534,15438
25033,24535,15438
25034,24536,15438
25035,24537,15438
25036,24538,15438
25037,24539,15438
25038,24540,15438
25039,24541,15438
25040,24542,15438
25041,24543,15438
25042,24544,15438
25043,24545,15438
25044,24546,15438
25045,24547,15438
25046,24548,15438
25047,24549,15438
25048,24550,15439
25049,24551,15440
25050,24552,15441
25051,24553,15442
25052,24554,15443
25053,24555,15444
25054,24556,15445
25055,24557,15446
25056,24558,15447
25057,24559,15448
25058,24560,15449
25059,24561,15450
25060,24562,15451
25061,24563,15452
25062,24564,15453
25063,24565,15454
25064,24566,15455
25065,24567,15456
25066,24568,15457
25067,24569,15458
25068,24570,15459
25069,24571,15460
25070,24572,15461
25071,24573,15462
25072,24574,15463
25073,24575,15464
25074,24576,15465
25075,24577,15466
25076,24578,15467
25077,24579,15468
25078,24580,15468
25079,24581,15468
25080,24582,15468
25081,24583,15468
25082,24584,15468
25083,24585,15468
25084,24586,15468
25085,24587,15468
25086,24588,15468
25087,24589,15468
25088,24590,15468
25089,24591,15468
25090,24592,15469
25091,24593,15470
25092,24594,15471
25093,24595,15472
25094,24596,15473
25095,24597,15474
25096,24598,15475
25097,24599,15476
25098,24600,15477
25099,24601,15478
25100,24602,15479
25101,24603,15480
25102,24604,15481
25103,24605,15482
25104,24606,15482
25105,24607,15482
25106,24608,15482
25107,24609,15482
25108,24610,15482
25109,24611,15482
25110,24612,15482
25111,24613,15482
25112,24614,15482
25113,24615,15482
25114,24616,15482
25115,24617,15482
25116,24618,15482
25117,24619,15483
25118,24620,15484
25119,24621,15485
25120,24622,15486
25121,24623,15487
25122,24624,15488
25123,24625,15489
25124,24626,15490
25125,24627,15491
25126,24628,15492
25127,24629,15493
25128,24630,15494
25129,24631,15495
25130,24632,15496
25131,24633,15497
25132,24634,15498
25133,24635,15499
25134,24636,15500
25135,24637,15501
25136,24638,15502
25137,24639,15503
25138,24640,15504
25139,24641,15505
25140,24642,15506
25141,24643,15506
25142,24644,15506
25143,24645,15506
25144,24646,15506
25145,24647,15506
25146,24648,15506
25147,24649,15506
25148,24650,15506
25149,24651,15506
25150,24652,15506
25151,24653,15506
25152,24654,15506
25153,24655,15506
25154,24656,15506
25155,24657,15506
25156,24658,15507
25157,24659,15508
25158,24660,15509
25159,24661,15510
25160,24662,15510
25161,24663,15510
25162,24664,15510
25163,24665,15510
25164,24666,15510
25165,24667,15510
25166,24668,15510
25167,24669,15510
25168,24670,15510
25169,24671,15510
25170,24672,15510
25171,24673,15510
25172,24674,15510
25173,24675,15510
25174,24676,15510
25175,24677,15511
25176,24678,15512
25177,24679,15513
25178,24680,15514
25179,24681,15515
25180,24682,15516
25181,24683,15517
25182,24684,15518
25183,24685,15519
25184,24686,15520
25185,24687,15521
25186,24688,15522
25187,24689,15523
25188,24690,15524
25189,24691,15525
25190,24692,15526
25191,24693,15527
25192,24694,15528
25193,24695,15529
25194,24696,15530
25195,24697,15531
25196,24698,15532
25197,24699,15533
25198,24700,15534
25199,24701,15535
25200,24702,15536
25201,24703,15537
25202,24704,15538
25203,24705,15539
25204,24706,15540
25205,24707,15541
25206,24708,15542
25207,24709,15543
25208,24710,15544
25209,24711,15545
25210,24712,15546
25211,24713,15547
25212,24714,15548
25213,24715,15549
25214,24716,15550
25215,24717,15551
25216,24718,15552
25217,24719,15553
25218,24720,15554
25219,24721,15555
25220,24722,15556
25221,24723,15557
25222,24724,15558
25223,24725,15559
25224,24726,15560
25225,24727,15561
25226,24728,15562
25227,24729,15563
25228,24730,15564
25229,24731,15565
25230,24732,15566
25231,24733,15567
25232,24734,15568
25233,24735,15568
25234,24736,15568
25235,24737,15568
25236,24738,15568
25237,24739,15568
25238,24740,15568
25239,24741,15568
25240,24742,15568
25241,24743,15568
25242,24744,15568
25243,24745,15568
25244,24746,15568
25245,24747,15568
25246,24748,15568
25247,24749,15568
25248,24750,15568
25249,24751,15568
25250,24752,15568
25251,24753,15568
25252,24754,15568
25253,24755,15568
25254,24756,15568
25255,24757,15568
25256,24758,15569
25257,24759,15570
25258,24760,15571
25259,24761,15572
25260,24762,15573
25261,24763,15574
25262,24764,15575
25263,24765,15576
25264,24766,15577
25265,24767,15578
25266,24768,15579
25267,24769,15580
25268,24770,15581
25269,24771,15582
25270,24772,15583
25271,24773,15584
25272,24774,15585
25273,24775,15586
25274,24776,15587
25275,24777,15588
25276,24778,15588
25277,24779,15588
25278,24780,15588
25279,24781,15588
25280,24782,15588
25281,24783,15588
25282,24784,15588
25283,24785,15588
25284,24786,15588
25285,24787,15588
25286,24788,15588
25287,24789,15588
25288,24790,15588
25289,24791,15588
25290,24792,15588
25291,24793,15588
25292,24794,15588
25293,24795,15588
25294,24796,15588
25295,24797,15588
25296,24798,15589
25297,24799,15590
25298,24800,15591
25299,24801,15592
25300,24802,15593
25301,24803,15594
25302,24804,15595
25303,24805,15596
25304,24806,15597
25305,24807,15598
25306,24808,15599
25307,24809,15599
25308,24810,15599
25309,24811,15599
25310,24812,15599
25311,24813,15599
25312,24814,15599
25313,24815,15599
25314,24816,15599
25315,24817,15599
25316,24818,15599
25317,24819,15599
25318,24820,15600
25319,24821,15601
25320,24822,15602
25321,24823,15603
25322,24824,15604
25323,24825,15605
25324,24826,15605
25325,24827,15605
25326,24828,15605
25327,24829,15605
25328,24830,15605
25329,24831,15605
25330,24832,15606
25331,24833,15607
25332,24834,15608
25333,24835,15609
25334,24836,15610
25335,24837,15611
25336,24838,15612
25337,24839,15613
25338,24840,15614
25339,24841,15615
25340,24842,15616
25341,24843,15617
25342,24844,15618
25343,24845,15619
25344,24846,15620
25345,24847,15621
25346,24848,15622
25347,24849,15623
25348,24850,15624
25349,24851,15625
25350,24852,15626
25351,24853,15627
25352,24854,15628
25353,24855,15629
25354,24856,15630
25355,24857,15631
25356,24858,15632
25357,24859,15633
25358,24860,15634
25359,24861,15634
25360,24862,15634
25361,24863,15634
25362,24864,15634
25363,24865,15634
25364,24866,15634
25365,24867,15634
25366,24868,15634
25367,24869,15634
25368,24870,15634
25369,24871,15634
25370,24872,15634
25371,24873,15634
25372,24874,15634
25373,24875,15634
25374,24876,15634
25375,24877,15634
25376,24878,15635
25377,24879,15636
25378,24880,15637
25379,24881,15638
25380,24882,15639
25381,24883,15640
25382,24884,15641
25383,24885,15642
25384,24886,15643
25385,24887,15644
25386,24888,15645
25387,24889,15645
25388,24890,15645
25389,24891,15645
25390,24892,15645
25391,24893,15645
25392,24894,15645
25393,24895,15645
25394,24896,15645
25395,24897,15645
25396,24898,15645
25397,24899,15646
25398,24900,15647
25399,24901,15648
25400,24902,15648
25401,24903,15648
25402,24904,15648
25403,24905,15648
25404,24906,15648
25405,24907,15648
25406,24908,15648
25407,24909,15648
25408,24910,15648
25409,24911,15648
25410,24912,15648
25411,24913,15648
25412,24914,15648
25413,24915,15648
25414,24916,15649
25415,24917,15650
25416,24918,15651
25417,24919,15652
25418,24920,15653
25419,24921,15654
25420,24922,15655
25421,24923,15656
25422,24924,15657
25423,24925,15658
25424,24926,15659
25425,24927,15660
25426,24928,15661
25427,24929,15662
25428,24930,15663
25429,24931,15663
25430,24932,15663
25431,24933,15663
25432,24934,15663
25433,24935,15663
25434,24936,15663
25435,24937,15663
25436,24938,15663
25437,24939,15663
25438,24940,15663
25439,24941,15663
25440,24942,15663
25441,24943,15664
25442,24944,15665
25443,24945,15666
25444,24946,15667
25445,24947,15668
25446,24948,15669
25447,24949,15670
25448,24950,15671
25449,24951,15672
25450,24952,15673
25451,24953,15674
25452,24954,15675
25453,24955,15676
25454,24956,15677
25455,24957,15678
25456,24958,15679
25457,24959,15680
25458,24960,15681
25459,24961,15682
25460,24962,15683
25461,24963,15684
25462,24964,15685
25463,24965,15686
25464,24966,15687
25465,24967,15688
25466,24968,15689
25467,24969,15690
25468,24970,15690
25469,24971,15690
25470,24972,15690
25471,24973,15691
25472,24974,15692
25473,24975,15693
25474,24976,15694
25475,24977,15695
25476,24978,15696
25477,24979,15697
25478,24980,15698
25479,24981,15698
25480,24982,15698
25481,24983,15698
25482,24984,15698
25483,24985,15698
25484,24986,15698
25485,24987,15698
25486,24988,15698
25487,24989,15698
25488,24990,15698
25489,24991,15698
25490,24992,15698
25491,24993,15698
25492,24994,15698
25493,24995,15698
25494,24996,15698
25495,24997,15698
25496,24998,15698
25497,24999,15698
25498,25000,15698
25499,25001,15698
25500,25002,15699
25501,25003,15700
25502,25004,15701
25503,25005,15702
25504,25006,15703
25505,25007,15704
25506,25008,15705
25507,25009,15706
25508,25010,15707
25509,25011,15708
25510,25012,15709
25511,25013,15710
25512,25014,15711
25513,25015,15712
25514,25016,15713
25515,25017,15714
25516,25018,15715
25517,25019,15716
25518,25020,15717
25519,25021,15718
25520,25022,15719
25521,25023,15720
25522,25024,15721
25523,25025,15722
25524,25026,15723
25525,25027,15724
25526,25028,15725
25527,25029,15726
25528,25030,15727
25529,25031,15728
25530,25032,15729
25531,25033,15730
25532,25034,15730
25533,25035,15730
25534,25036,15730
25535,25037,15730
25536,25038,15730
25537,25039,15730
25538,25040,15730
25539,25041,15730
25540,25042,15730
25541,25043,15730
25542,25044,15730
25543,25045,15730
25544,25046,15730
25545,25047,15730
25546,25048,15730
25547,25049,15730
25548,25050,15730
25549,25051,15730
25550,25052,15730
25551,25053,15730
25552,25054,15730
25553,25055,15730
25554,25056,15730
25555,25057,15730
25556,25058,15730
25557,25059,15730
25558,25060,15731
25559,25061,15731
25560,25062,15732
25561,25063,15733
25562,25064,15734
25563,25065,15735
25564,25066,15736
25565,25067,15737
25566,25068,15738
25567,25069,15739
25568,25070,15740
25569,25071,15740
25570,25072,15740
25571,25073,15740
25572,25074,15741
25573,25075,15742
25574,25076,15743
25575,25077,15744
25576,25078,15745
25577,25079,15746
25578,25080,15747
25579,25081,15748
25580,25082,15749
25581,25083,15750
25582,25084,15751
25583,25085,15752
25584,25086,15753
25585,25087,15754
25586,25088,15755
25587,25089,15756
25588,25090,15757
25589,25091,15758
25590,25092,15759
25591,25093,15760
25592,25094,15761
25593,25095,15762
25594,25096,15763
25595,25097,15764
25596,25098,15765
25597,25099,15766
25598,25100,15767
25599,25101,15767
25600,25102,15767
25601,25103,15767
25602,25104,15767
25603,25105,15767
25604,25106,15767
25605,25107,15767
25606,25108,15767
25607,25109,15767
25608,25110,15767
25609,25111,15767
25610,25112,15767
25611,25113,15767
25612,25114,15767
25613,25115,15768
25614,25116,15769
25615,25117,15770
25616,25118,15771
25617,25119,15772
25618,25120,15773
25619,25121,15774
25620,25122,15775
25621,25123,15776
25622,25124,15777
25623,25125,15778
25624,25126,15779
25625,25127,15780
25626,25128,15781
25627,25129,15782
25628,25130,15783
25629,25131,15784
25630,25132,15785
25631,25133,15786
25632,25134,15787
25633,25135,15788
25634,25136,15789
25635,25137,15790
25636,25138,15791
25637,25139,15792
25638,25140,15793
25639,25141,15794
25640,25142,15795
25641,25143,15796
25642,25144,15797
25643,25145,15798
25644,25146,15799
25645,25147,15800
25646,25148,15801
25647,25149,15801
25648,25150,15801
25649,25151,15801
25650,25152,15801
25651,25153,15801
25652,25154,15801
25653,25155,15801
25654,25156,15801
25655,25157,15802
25656,25158,15803
25657,25159,15804
25658,25160,15805
25659,25161,15806
25660,25162,15807
25661,25163,15808
25662,25164,15808
25663,25165,15808
25664,25166,15808
25665,25167,15808
25666,25168,15808
25667,25169,15808
25668,25170,15808
25669,25171,15808
25670,25172,15808
25671,25173,15808
25672,25174,15808
25673,25175,15808
25674,25176,15808
25675,25177,15808
25676,25178,15808
25677,25179,15808
25678,25180,15808
25679,25181,15808
25680,25182,15808
25681,25183,15808
25682,25184,15808
25683,25185,15808
25684,25186,15808
25685,25187,15808
25686,25188,15808
25687,25189,15808
25688,25190,15808
25689,25191,15808
25690,25192,15808
25691,25193,15809
25692,25194,15810
25693,25195,15811
25694,25196,15812
25695,25197,15813
25696,25198,15814
25697,25199,15815
25698,25200,15816
25699,25201,15817
25700,25202,15818
25701,25203,15819
25702,25204,15819
25703,25205,15819
25704,25206,15819
25705,25207,15819
25706,25208,15819
25707,25209,15819
25708,25210,15819
25709,25211,15819
25710,25212,15819
25711,25213,15819
25712,25214,15819
25713,25215,15819
25714,25216,15819
25715,25217,15819
25716,25218,15819
25717,25219,15819
25718,25220,15819
25719,25221,15819
25720,25222,15819
25721,25223,15820
25722,25224,15821
25723,25225,15822
25724,25226,15823
25725,25227,15824
25726,25228,15825
25727,25229,15826
25728,25230,15827
25729,25231,15828
25730,25232,15829
25731,25233,15830
25732,25234,15831
25733,25235,15832
25734,25236,15833
25735,25237,15834
25736,25238,15835
25737,25239,15836
25738,25240,15837
25739,25241,15838
25740,25242,15839
25741,25243,15840
25742,25244,15840
25743,25245,15840
25744,25246,15840
25745,25247,15840
25746,25248,15840
25747,25249,15840
25748,25250,15840
25749,25251,15841
25750,25252,15842
25751,25253,15843
25752,25254,15844
25753,25255,15845
25754,25256,15846
25755,25257,15847
25756,25258,15848
25757,25259,15849
25758,25260,15850
25759,25261,15851
25760,25262,15852
25761,25263,15853
25762,25264,15854
25763,25265,15855
25764,25266,15855
25765,25267,15855
25766,25268,15855
25767,25269,15855
25768,25270,15856
25769,25271,15856
25770,25272,15856
25771,25273,15856
25772,25274,15856
25773,25275,15856
25774,25276,15856
25775,25277,15857
25776,25278,15858
25777,25279,15859
25778,25280,15860
25779,25281,15861
25780,25282,15862
25781,25283,15863
25782,25284,15864
25783,25285,15865
25784,25286,15866
25785,25287,15867
25786,25288,15868
25787,25289,15868
25788,25290,15868
25789,25291,15868
25790,25292,15868
25791,25293,15868
25792,25294,15868
25793,25295,15868
25794,25296,15868
25795,25297,15868
25796,25298,15868
25797,25299,15868
25798,25300,15868
25799,25301,15868
25800,25302,15868
25801,25303,15868
25802,25304,15868
25803,25305,15868
25804,25306,15868
25805,25307,15868
25806,25308,15869
25807,25309,15870
25808,25310,15871
25809,25311,15872
25810,25312,15873
25811,25313,15874
25812,25314,15875
25813,25315,15876
25814,25316,15877
25815,25317,15878
25816,25318,15879
25817,25319,15880
25818,25320,15881
25819,25321,15882
25820,25322,15883
25821,25323,15884
25822,25324,15885
25823,25325,15886
25824,25326,15887
25825,25327,15888
25826,25328,15889
25827,25329,15890
25828,25330,15891
25829,25331,15892
25830,25332,15893
25831,25333,15893
25832,25334,15893
25833,25335,15893
25834,25336,15893
25835,25337,15893
25836,25338,15893
25837,25339,15893
25838,25340,15894
25839,25341,15895
25840,25342,15896
25841,25343,15897
25842,25344,15897
25843,25345,15897
25844,25346,15897
25845,25347,15897
25846,25348,15897
25847,25349,15897
25848,25350,15897
25849,25351,15897
25850,25352,15897
25851,25353,15897
25852,25354,15898
25853,25355,15899
25854,25356,15900
25855,25357,15901
25856,25358,15902
25857,25359,15903
25858,25360,15904
25859,25361,15905
25860,25362,15906
25861,25363,15907
25862,25364,15908
25863,25365,15909
25864,25366,15910
25865,25367,15911
25866,25368,15912
25867,25369,15913
25868,25370,15914
25869,25371,15915
25870,25372,15916
25871,25373,15917
25872,25374,15918
25873,25375,15919
25874,25376,15920
25875,25377,15921
25876,25378,15922
25877,25379,15923
25878,25380,15923
25879,25381,15923
25880,25382,15923
25881,25383,15923
25882,25384,15923
25883,25385,15923
25884,25386,15923
25885,25387,15923
25886,25388,15923
25887,25389,15923
25888,25390,15923
25889,25391,15923
25890,25392,15923
25891,25393,15923
25892,25394,15923
25893,25395,15923
25894,25396,15923
25895,25397,15923
25896,25398,15924
25897,25399,15925
25898,25400,15926
25899,25401,15927
25900,25402,15928
25901,25403,15929
25902,25404,15930
25903,25405,15930
25904,25406,15930
25905,25407,15930
25906,25408,15930
25907,25409,15930
25908,25410,15930
25909,25411,15930
25910,25412,15930
25911,25413,15930
25912,25414,15930
25913,25415,15930
25914,25416,15930
25915,25417,15931
25916,25418,15932
25917,25419,15933
25918,25420,15934
25919,25421,15935
25920,25422,15936
25921,25423,15937
25922,25424,15938
25923,25425,15939
25924,25426,15940
25925,25427,15941
25926,25428,15942
25927,25429,15943
25928,25430,15944
25929,25431,15945
25930,25432,15946
25931,25433,15947
25932,25434,15948
25933,25435,15949
25934,25436,15950
25935,25437,15951
25936,25438,15952
25937,25439,15953
25938,25440,15954
25939,25441,15955
25940,25442,15956
25941,25443,15957
25942,25444,15958
25943,25445,15959
25944,25446,15960
25945,25447,15961
25946,25448,15962
25947,25449,15963
25948,25450,15964
25949,25451,15965
25950,25452,15966
25951,25453,15967
25952,25454,15968
25953,25455,15969
25954,25456,15969
25955,25457,15969
25956,25458,15969
25957,25459,15969
25958,25460,15969
25959,25461,15969
25960,25462,15969
25961,25463,15969
25962,25464,15969
25963,25465,15969
25964,25466,15969
25965,25467,15969
25966,25468,15969
25967,25469,15969
25968,25470,15969
25969,25471,15969
25970,25472,15969
25971,25473,15969
25972,25474,15969
25973,25475,15969
25974,25476,15969
25975,25477,15970
25976,25478,15971
25977,25479,15972
25978,25480,15973
25979,25481,15974
25980,25482,15975
25981,25483,15976
25982,25484,15977
25983,25485,15978
25984,25486,15979
25985,25487,15980
25986,25488,15981
25987,25489,15982
25988,25490,15982
25989,25491,15982
25990,25492,15982
25991,25493,15982
25992,25494,15982
25993,25495,15982
25994,25496,15982
25995,25497,15982
25996,25498,15983
25997,25499,15984
25998,25500,15985
25999,25501,15986
26000,25502,15987
26001,25503,15988
26002,25504,15989
26003,25505,15990
26004,25506,15991
26005,25507,15992
26006,25508,15993
26007,25509,15994
26008,25510,15995
26009,25511,15996
26010,25512,15997
26011,25513,15998
26012,25514,15999
26013,25515,16000
26014,25516,16001
26015,25517,16002
26016,25518,16003
26017,25519,16004
26018,25520,16005
26019,25521,16006
26020,25522,16007
26021,25523,16007
26022,25524,16007
26023,25525,16007
26024,25526,16007
26025,25527,16007
26026,25528,16007
26027,25529,16007
26028,25530,16007
26029,25531,16007
26030,25532,16007
26031,25533,16007
26032,25534,16007
26033,25535,16007
26034,25536,16007
26035,25537,16007
26036,25538,16007
26037,25539,16007
26038,25540,16007
26039,25541,16007
26040,25542,16007
26041,25543,16007
26042,25544,16008
26043,25545,16009
26044,25546,16010
26045,25547,16011
26046,25548,16012
26047,25549,16013
26048,25550,16014
26049,25551,16014
26050,25552,16014
26051,25553,16014
26052,25554,16015
26053,25555,16016
26054,25556,16017
26055,25557,16018
26056,25558,16019
26057,25559,16020
26058,25560,16021
26059,25561,16022
26060,25562,16023
26061,25563,16024
26062,25564,16025
26063,25565,16026
26064,25566,16027
26065,25567,16028
26066,25568,16029
26067,25569,16030
26068,25570,16031
26069,25571,16032
26070,25572,16033
26071,25573,16034
26072,25574,16035
26073,25575,16035
26074,25576,16035
26075,25577,16035
26076,25578,16035
26077,25579,16035
26078,25580,16035
26079,25581,16035
26080,25582,16035
26081,25583,16035
26082,25584,16035
26083,25585,16035
26084,25586,16035
26085,25587,16035
26086,25588,16035
26087,25589,16035
26088,25590,16035
26089,25591,16035
26090,25592,16035
26091,25593,16035
26092,25594,16036
26093,25595,16037
26094,25596,16038
26095,25597,16039
26096,25598,16040
26097,25599,16041
26098,25600,16042
26099,25601,16043
26100,25602,16044
26101,25603,16045
26102,25604,16046
26103,25605,16047
26104,25606,16048
26105,25607,16049
26106,25608,16050
26107,25609,16051
26108,25610,16051
26109,25611,16051
26110,25612,16051
26111,25613,16051
26112,25614,16051
26113,25615,16051
26114,25616,16051
26115,25617,16051
26116,25618,16051
26117,25619,16051
26118,25620,16051
26119,25621,16051
26120,25622,16051
26121,25623,16051
26122,25624,16051
26123,25625,16051
26124,25626,16051
26125,25627,16051
26126,25628,16051
26127,25629,16051
26128,25630,16051
26129,25631,16051
26130,25632,16051
26131,25633,16051
26132,25634,16051
26133,25635,16051
26134,25636,16051
26135,25637,16051
26136,25638,16051
26137,25639,16051
26138,25640,16051
26139,25641,16051
26140,25642,16051
26141,25643,16051
26142,25644,16051
26143,25645,16052
26144,25646,16053
26145,25647,16054
26146,25648,16055
26147,25649,16056
26148,25650,16057
26149,25651,16058
26150,25652,16059
26151,25653,16060
26152,25654,16061
26153,25655,16062
26154,25656,16063
26155,25657,16064
26156,25658,16065
26157,25659,16066
26158,25660,16067
26159,25661,16068
26160,25662,16069
26161,25663,16070
26162,25664,16071
26163,25665,16072
26164,25666,16073
26165,25667,16074
26166,25668,16075
26167,25669,16076
26168,25670,16077
26169,25671,16078
26170,25672,16079
26171,25673,16080
26172,25674,16081
26173,25675,16082
26174,25676,16083
26175,25677,16084
26176,25678,16085
26177,25679,16086
26178,25680,16087
26179,25681,16088
26180,25682,16089
26181,25683,16090
26182,25684,16091
26183,25685,16092
26184,25686,16093
26185,25687,16094
26186,25688,16095
26187,25689,16096
26188,25690,16097
26189,25691,16098
26190,25692,16099
26191,25693,16099
26192,25694,16099
26193,25695,16099
26194,25696,16099
26195,25697,16099
26196,25698,16099
26197,25699,16099
26198,25700,16099
26199,25701,16099
26200,25702,16099
26201,25703,16100
26202,25704,16101
26203,25705,16102
26204,25706,16103
26205,25707,16104
26206,25708,16105
26207,25709,16106
26208,25710,16107
26209,25711,16108
26210,25712,16109
26211,25713,16110
26212,25714,16111
26213,25715,16112
26214,25716,16113
26215,25717,16114
26216,25718,16115
26217,25719,16116
26218,25720,16117
26219,25721,16118
26220,25722,16119
26221,25723,16120
26222,25724,16121
26223,25725,16121
26224,25726,16121
26225,25727,16121
26226,25728,16121
26227,25729,16121
26228,25730,16121
26229,25731,16121
26230,25732,16121
26231,25733,16121
26232,25734,16121
26233,25735,16122
26234,25736,16123
26235,25737,16124
26236,25738,16125
26237,25739,16126
26238,25740,16127
26239,25741,16128
26240,25742,16129
26241,25743,16130
26242,25744,16131
26243,25745,16132
26244,25746,16133
26245,25747,16134
26246,25748,16135
26247,25749,16136
26248,25750,16137
26249,25751,16138
26250,25752,16139
26251,25753,16140
26252,25754,16141
26253,25755,16142
26254,25756,16143
26255,25757,16144
26256,25758,16145
26257,25759,16146
26258,25760,16147
26259,25761,16148
26260,25762,16149
26261,25763,16150
26262,25764,16151
26263,25765,16152
26264,25766,16153
26265,25767,16154
26266,25768,16155
26267,25769,16156
26268,25770,16157
26269,25771,16158
26270,25772,16159
26271,25773,16160
26272,25774,16161
26273,25775,16162
26274,25776,16163
26275,25777,16164
26276,25778,16165
26277,25779,16166
26278,25780,16167
26279,25781,16168
26280,25782,16169
26281,25783,16170
26282,25784,16171
26283,25785,16172
26284,25786,16173
26285,25787,16174
26286,25788,16175
26287,25789,16176
26288,25790,16177
26289,25791,16178
26290,25792,16179
26291,25793,16180
26292,25794,16181
26293,25795,16182
26294,25796,16183
26295,25797,16184
26296,25798,16185
26297,25799,16186
26298,25800,16187
26299,25801,16188
26300,25802,16189
26301,25803,16190
26302,25804,16191
26303,25805,16192
26304,25806,16193
26305,25807,16194
26306,25808,16195
26307,25809,16195
26308,25810,16195
26309,25811,16195
26310,25812,16195
26311,25813,16195
26312,25814,16195
26313,25815,16195
26314,25816,16195
26315,25817,16195
26316,25818,16195
26317,25819,16195
26318,25820,16195
26319,25821,16195
26320,25822,16195
26321,25823,16195
26322,25824,16195
26323,25825,16195
26324,25826,16195
26325,25827,16195
26326,25828,16195
26327,25829,16195
26328,25830,16195
26329,25831,16195
26330,25832,16195
26331,25833,16195
26332,25834,16195
26333,25835,16195
26334,25836,16195
26335,25837,16195
26336,25838,16195
26337,25839,16195
26338,25840,16195
26339,25841,16195
26340,25842,16195
26341,25843,16195
26342,25844,16195
26343,25845,16195
26344,25846,16195
26345,25847,16195
26346,25848,16195
26347,25849,16195
26348,25850,16195
26349,25851,16195
26350,25852,16195
26351,25853,16195
26352,25854,16195
26353,25855,16195
26354,25856,16195
26355,25857,16195
26356,25858,16195
26357,25859,16195
26358,25860,16195
26359,25861,16195
26360,25862,16195
26361,25863,16195
26362,25864,16195
26363,25865,16195
26364,25866,16195
26365,25867,16195
26366,25868,16195
26367,25869,16195
26368,25870,16195
26369,25871,16195
26370,25872,16195
26371,25873,16195
26372,25874,16195
26373,25875,16195
26374,25876,16195
26375,25877,16195
26376,25878,16195
26377,25879,16196
26378,25880,16197
26379,25881,16198
26380,25882,16199
26381,25883,16200
26382,25884,16201
26383,25885,16202
26384,25886,16203
26385,25887,16204
26386,25888,16205
26387,25889,16206
26388,25890,16207
26389,25891,16208
26390,25892,16209
26391,25893,16210
26392,25894,16211
26393,25895,16212
26394,25896,16213
26395,25897,16214
26396,25898,16215
26397,25899,16216
26398,25900,16217
26399,25901,16218
26400,25902,16219
26401,25903,16220
26402,25904,16221
26403,25905,16222
26404,25906,16223
26405,25907,16224
26406,25908,16225
26407,25909,16226
26408,25910,16227
26409,25911,16228
26410,25912,16229
26411,25913,16230
26412,25914,16231
26413,25915,16232
26414,25916,16233
26415,25917,16234
26416,25918,16235
26417,25919,16236
26418,25920,16237
26419,25921,16238
26420,25922,16239
26421,25923,16240
26422,25924,16241
26423,25925,16242
26424,25926,16243
26425,25927,16244
26426,25928,16245
26427,25929,16246
26428,25930,16247
26429,25931,16248
26430,25932,16249
26431,25933,16250
26432,25934,16251
26433,25935,16252
26434,25936,16253
26435,25937,16254
26436,25938,16255
26437,25939,16256
26438,25940,16257
26439,25941,16258
26440,25942,16259
26441,25943,16260
26442,25944,16261
26443,25945,16262
26444,25946,16263
26445,25947,16264
26446,25948,16265
26447,25949,16266
26448,25950,16267
26449,25951,16268
26450,25952,16269
26451,25953,16270
26452,25954,16271
26453,25955,16272
26454,25956,16273
26455,25957,16274
26456,25958,16275
26457,25959,16276
26458,25960,16277
26459,25961,16278
26460,25962,16279
26461,25963,16280
26462,25964,16281
26463,25965,16282
26464,25966,16283
26465,25967,16284
26466,25968,16285
26467,25969,16286
26468,25970,16287
26469,25971,16288
26470,25972,16289
26471,25973,16290
26472,25974,16291
26473,25975,16292
26474,25976,16293
26475,25977,16294
26476,25978,16295
26477,25979,16296
26478,25980,16297
26479,25981,16298
26480,25982,16299
26481,25983,16300
26482,25984,16301
26483,25985,16302
26484,25986,16303
26485,25987,16304
26486,25988,16305
26487,25989,16306
26488,25990,16307
26489,25991,16308
26490,25992,16309
26491,25993,16310
26492,25994,16311
26493,25995,16312
26494,25996,16313
26495,25997,16314
26496,25998,16315
26497,25999,16316
26498,26000,16317
26499,26001,16318
26500,26002,16319
26501,26003,16320
26502,26004,16321
26503,26005,16322
26504,26006,16323
26505,26007,16324
26506,26008,16325
26507,26009,16326
26508,26010,16327
26509,26011,16328
26510,26012,16329
26511,26013,16330
26512,26014,16331
26513,26015,16332
26514,26016,16333
26515,26017,16334
26516,26018,16335
26517,26019,16336
26518,26020,16337
26519,26021,16338
26520,26022,16339
26521,26023,16340
26522,26024,16341
26523,26025,16342
26524,26026,16343
26525,26027,16344
26526,26028,16345
26527,26029,16346
26528,26030,16347
26529,26031,16348
26530,26032,16349
26531,26033,16350
26532,26034,16351
26533,26035,16352
26534,26036,16353
26535,26037,16354
26536,26038,16355
26537,26039,16356
26538,26040,16357
26539,26041,16358
26540,26042,16359
26541,26043,16360
26542,26044,16361
26543,26045,16362
26544,26046,16363
26545,26047,16364
26546,26048,16365
26547,26049,16366
26548,26050,16367
26549,26051,16368
26550,26052,16369
26551,26053,16370
26552,26054,16371
26553,26055,16372
26554,26056,16373
26555,26057,16374
26556,26058,16375
26557,26059,16376
26558,26060,16377
26559,26061,16378
26560,26062,16379
26561,26063,16380
26562,26064,16381
26563,26065,16382
26564,26066,16383
26565,26067,16384
26566,26068,16385
26567,26069,16386
26568,26070,16387
26569,26071,16387
26570,26072,16387
26571,26073,16387
26572,26074,16387
26573,26075,16387
26574,26076,16387
26575,26077,16387
26576,26078,16387
26577,26079,16387
26578,26080,16388
26579,26081,16388
26580,26082,16388
26581,26083,16388
26582,26084,16388
26583,26085,16389
26584,26086,16390
26585,26087,16391
26586,26088,16392
26587,26089,16393
26588,26090,16394
26589,26091,16395
26590,26092,16396
26591,26093,16397
26592,26094,16398
26593,26095,16399
26594,26096,16400
26595,26097,16401
26596,26098,16402
26597,26099,16403
26598,26100,16404
26599,26101,16405
26600,26102,16406
26601,26103,16407
26602,26104,16408
26603,26105,16409
26604,26106,16410
26605,26107,16411
26606,26108,16412
26607,26109,16413
26608,26110,16414
26609,26111,16415
26610,26112,16416
26611,26113,16417
26612,26114,16418
26613,26115,16419
26614,26116,16420
26615,26117,16421
26616,26118,16422
26617,26119,16423
26618,26120,16424
26619,26121,16425
26620,26122,16426
26621,26123,16427
26622,26124,16428
26623,26125,16429
26624,26126,16430
26625,26127,16431
26626,26128,16432
26627,26129,16433
26628,26130,16434
26629,26131,16435
26630,26132,16436
26631,26133,16437
26632,26134,16438
26633,26135,16439
26634,26136,16440
26635,26137,16441
26636,26138,16441
26637,26139,16441
26638,26140,16441
26639,26141,16441
26640,26142,16441
26641,26143,16441
26642,26144,16441
26643,26145,16441
26644,26146,16441
26645,26147,16441
26646,26148,16441
26647,26149,16441
26648,26150,16441
26649,26151,16441
26650,26152,16441
26651,26153,16441
26652,26154,16441
26653,26155,16441
26654,26156,16441
26655,26157,16441
26656,26158,16441
26657,26159,16441
26658,26160,16441
26659,26161,16441
26660,26162,16441
26661,26163,16441
26662,26164,16441
26663,26165,16441
26664,26166,16441
26665,26167,16441
26666,26168,16441
26667,26169,16441
26668,26170,16441
26669,26171,16441
26670,26172,16441
26671,26173,16441
26672,26174,16441
26673,26175,16441
26674,26176,16441
26675,26177,16441
26676,26178,16441
26677,26179,16441
26678,26180,16441
26679,26181,16441
26680,26182,16442
26681,26183,16443
26682,26184,16444
26683,26185,16445
26684,26186,16446
26685,26187,16447
26686,26188,16448
26687,26189,16449
26688,26190,16450
26689,26191,16451
26690,26192,16452
26691,26193,16453
26692,26194,16454
26693,26195,16455
26694,26196,16456
26695,26197,16457
26696,26198,16458
26697,26199,16459
26698,26200,16460
26699,26201,16461
26700,26202,16462
26701,26203,16463
26702,26204,16464
26703,26205,16465
26704,26206,16466
26705,26207,16467
26706,26208,16468
26707,26209,16469
26708,26210,16470
26709,26211,16471
26710,26212,16472
26711,26213,16473
26712,26214,16474
26713,26215,16475
26714,26216,16476
26715,26217,16477
26716,26218,16478
26717,26219,16479
26718,26220,16480
26719,26221,16481
26720,26222,16482
26721,26223,16483
26722,26224,16484
26723,26225,16485
26724,26226,16486
26725,26227,16487
26726,26228,16488
26727,26229,16489
26728,26230,16490
26729,26231,16491
26730,26232,16492
26731,26233,16493
26732,26234,16494
26733,26235,16495
26734,26236,16496
26735,26237,16497
26736,26238,16498
26737,26239,16499
26738,26240,16500
26739,26241,16501
26740,26242,16502
26741,26243,16503
26742,26244,16504
26743,26245,16505
26744,26246,16506
26745,26247,16507
26746,26248,16508
26747,26249,16509
26748,26250,16510
26749,26251,16511
26750,26252,16512
26751,26253,16513
26752,26254,16514
26753,26255,16515
26754,26256,16516
26755,26257,16517
26756,26258,16518
26757,26259,16519
26758,26260,16520
26759,26261,16521
26760,26262,16522
26761,26263,16523
26762,26264,16524
26763,26265,16525
26764,26266,16526
26765,26267,16527
26766,26268,16528
26767,26269,16529
26768,26270,16530
26769,26271,16531
26770,26272,16532
26771,26273,16533
26772,26274,16534
26773,26275,16535
26774,26276,16536
26775,26277,16537
26776,26278,16537
26777,26279,16537
26778,26280,16537
26779,26281,16537
26780,26282,16537
26781,26283,16537
26782,26284,16537
26783,26285,16537
26784,26286,16537
26785,26287,16537
26786,26288,16537
26787,26289,16537
26788,26290,16537
26789,26291,16537
26790,26292,16537
26791,26293,16537
26792,26294,16537
26793,26295,16537
26794,26296,16537
26795,26297,16537
26796,26298,16537
26797,26299,16537
26798,26300,16537
26799,26301,16537
26800,26302,16537
26801,26303,16537
26802,26304,16537
26803,26305,16537
26804,26306,16537
26805,26307,16537
26806,26308,16538
26807,26309,16539
26808,26310,16540
26809,26311,16541
26810,26312,16542
26811,26313,16543
26812,26314,16544
26813,26315,16545
26814,26316,16546
26815,26317,16547
26816,26318,16548
26817,26319,16549
26818,26320,16550
26819,26321,16551
26820,26322,16552
26821,26323,16553
26822,26324,16554
26823,26325,16555
26824,26326,16556
26825,26327,16557
26826,26328,16558
26827,26329,16559
26828,26330,16560
26829,26331,16561
26830,26332,16562
26831,26333,16563
26832,26334,16564
26833,26335,16565
26834,26336,16566
26835,26337,16567
26836,26338,16568
26837,26339,16569
26838,26340,16570
26839,26341,16571
26840,26342,16572
26841,26343,16573
26842,26344,16574
26843,26345,16575
26844,26346,16576
26845,26347,16577
26846,26348,16578
26847,26349,16579
26848,26350,16580
26849,26351,16581
26850,26352,16582
26851,26353,16583
26852,26354,16584
26853,26355,16585
26854,26356,16586
26855,26357,16587
26856,26358,16588
26857,26359,16589
26858,26360,16590
26859,26361,16591
26860,26362,16592
26861,26363,16593
26862,26364,16594
26863,26365,16595
26864,26366,16596
26865,26367,16597
26866,26368,16598
26867,26369,16599
26868,26370,16600
26869,26371,16601
26870,26372,16602
26871,26373,16603
26872,26374,16604
26873,26375,16605
26874,26376,16606
26875,26377,16607
26876,26378,16608
26877,26379,16609
26878,26380,16610
26879,26381,16611
26880,26382,16612
26881,26383,16613
26882,26384,16614
26883,26385,16615
26884,26386,16616
26885,26387,16617
26886,26388,16618
26887,26389,16619
26888,26390,16620
26889,26391,16621
26890,26392,16622
26891,26393,16623
26892,26394,16624
26893,26395,16625
26894,26396,16626
26895,26397,16627
26896,26398,16628
26897,26399,16629
26898,26400,16630
26899,26401,16631
26900,26402,16631
26901,26403,16631
26902,26404,16631
26903,26405,16631
26904,26406,16631
26905,26407,16631
26906,26408,16631
26907,26409,16631
26908,26410,16631
26909,26411,16631
26910,26412,16631
26911,26413,16631
26912,26414,16631
26913,26415,16631
26914,26416,16631
26915,26417,16631
26916,26418,16631
26917,26419,16631
26918,26420,16632
26919,26421,16633
26920,26422,16634
26921,26423,16635
26922,26424,16636
26923,26425,16637
26924,26426,16638
26925,26427,16639
26926,26428,16640
26927,26429,16641
26928,26430,16642
26929,26431,16643
26930,26432,16644
26931,26433,16645
26932,26434,16646
26933,26435,16647
26934,26436,16648
26935,26437,16649
26936,26438,16650
26937,26439,16651
26938,26440,16652
26939,26441,16653
26940,26442,16654
26941,26443,16655
26942,26444,16656
26943,26445,16657
26944,26446,16658
26945,26447,16659
26946,26448,16660
26947,26449,16661
26948,26450,16662
26949,26451,16663
26950,26452,16664
26951,26453,16665
26952,26454,16666
26953,26455,16667
26954,26456,16668
26955,26457,16669
26956,26458,16670
26957,26459,16671
26958,26460,16672
26959,26461,16673
26960,26462,16674
26961,26463,16675
26962,26464,16676
26963,26465,16677
26964,26466,16678
26965,26467,16679
26966,26468,16680
26967,26469,16681
26968,26470,16682
26969,26471,16683
26970,26472,16684
26971,26473,16685
26972,26474,16686
26973,26475,16687
26974,26476,16688
26975,26477,16689
26976,26478,16690
26977,26479,16691
26978,26480,16692
26979,26481,16693
26980,26482,16694
26981,26483,16695
26982,26484,16696
26983,26485,16697
26984,26486,16698
26985,26487,16699
26986,26488,16700
26987,26489,16701
26988,26490,16702
26989,26491,16703
26990,26492,16704
26991,26493,16705
26992,26494,16705
26993,26495,16706
26994,26496,16707
26995,26497,16708
26996,26498,16709
26997,26499,16710
26998,26500,16711
26999,26501,16712
27000,26502,16713
27001,26503,16714
27002,26504,16715
27003,26505,16716
27004,26506,16717
27005,26507,16718
27006,26508,16719
27007,26509,16720
27008,26510,16721
27009,26511,16722
27010,26512,16723
27011,26513,16724
27012,26514,16725
27013,26515,16726
27014,26516,16727
27015,26517,16728
27016,26518,16729
27017,26519,16730
27018,26520,16731
27019,26521,16731
27020,26522,16731
27021,26523,16731
27022,26524,16731
27023,26525,16731
27024,26526,16731
27025,26527,16731
27026,26528,16731
27027,26529,16731
27028,26530,16731
27029,26531,16731
27030,26532,16731
27031,26533,16731
27032,26534,16731
27033,26535,16731
27034,26536,16731
27035,26537,16731
27036,26538,16731
27037,26539,16731
27038,26540,16731
27039,26541,16731
27040,26542,16731
27041,26543,16731
27042,26544,16731
27043,26545,16731
27044,26546,16731
27045,26547,16731
27046,26548,16731
27047,26549,16731
27048,26550,16731
27049,26551,16731
27050,26552,16731
27051,26553,16731
27052,26554,16731
27053,26555,16731
27054,26556,16731
27055,26557,16731
27056,26558,16731
27057,26559,16732
27058,26560,16733
27059,26561,16734
27060,26562,16735
27061,26563,16736
27062,26564,16737
27063,26565,16738
27064,26566,16739
27065,26567,16740
27066,26568,16741
27067,26569,16742
27068,26570,16743
27069,26571,16744
27070,26572,16745
27071,26573,16746
27072,26574,16747
27073,26575,16748
27074,26576,16749
27075,26577,16750
27076,26578,16751
27077,26579,16752
27078,26580,16753
27079,26581,16754
27080,26582,16755
27081,26583,16756
27082,26584,16757
27083,26585,16758
27084,26586,16759
27085,26587,16760
27086,26588,16761
27087,26589,16762
27088,26590,16763
27089,26591,16764
27090,26592,16765
27091,26593,16766
27092,26594,16767
27093,26595,16768
27094,26596,16769
27095,26597,16770
27096,26598,16771
27097,26599,16772
27098,26600,16773
27099,26601,16774
27100,26602,16775
27101,26603,16776
27102,26604,16777
27103,26605,16778
27104,26606,16779
27105,26607,16780
27106,26608,16781
27107,26609,16782
27108,26610,16783
27109,26611,16784
27110,26612,16785
27111,26613,16786
27112,26614,16787
27113,26615,16788
27114,26616,16789
27115,26617,16790
27116,26618,16791
27117,26619,16792
27118,26620,16793
27119,26621,16794
27120,26622,16795
27121,26623,16796
27122,26624,16797
27123,26625,16798
27124,26626,16799
27125,26627,16800
27126,26628,16801
27127,26629,16802
27128,26630,16803
27129,26631,16804
27130,26632,16805
27131,26633,16806
27132,26634,16807
27133,26635,16808
27134,26636,16809
27135,26637,16810
27136,26638,16811
27137,26639,16812
27138,26640,16813
27139,26641,16814
27140,26642,16815
27141,26643,16816
27142,26644,16817
27143,26645,16818
27144,26646,16819
27145,26647,16820
27146,26648,16821
27147,26649,16822
27148,26650,16823
27149,26651,16824
27150,26652,16825
27151,26653,16826
27152,26654,16827
27153,26655,16828
27154,26656,16829
27155,26657,16830
27156,26658,16831
27157,26659,16832
27158,26660,16833
27159,26661,16834
27160,26662,16835
27161,26663,16836
27162,26664,16837
27163,26665,16838
27164,26666,16839
27165,26667,16840
27166,26668,16841
27167,26669,16842
27168,26670,16843
27169,26671,16844
27170,26672,16845
27171,26673,16846
27172,26674,16847
27173,26675,16848
27174,26676,16849
27175,26677,16850
27176,26678,16851
27177,26679,16852
27178,26680,16853
27179,26681,16854
27180,26682,16855
27181,26683,16856
27182,26684,16857
27183,26685,16858
27184,26686,16858
27185,26687,16858
27186,26688,16858
27187,26689,16858
27188,26690,16858
27189,26691,16858
27190,26692,16858
27191,26693,16858
27192,26694,16858
27193,26695,16858
27194,26696,16858
27195,26697,16858
27196,26698,16858
27197,26699,16858
27198,26700,16858
27199,26701,16858
27200,26702,16858
27201,26703,16858
27202,26704,16858
27203,26705,16858
27204,26706,16858
27205,26707,16859
27206,26708,16860
27207,26709,16861
27208,26710,16862
27209,26711,16863
27210,26712,16864
27211,26713,16865
27212,26714,16866
27213,26715,16867
27214,26716,16868
27215,26717,16869
27216,26718,16870
27217,26719,16871
27218,26720,16872
27219,26721,16873
27220,26722,16874
27221,26723,16875
27222,26724,16876
27223,26725,16877
27224,26726,16878
27225,26727,16879
27226,26728,16880
27227,26729,16881
27228,26730,16882
27229,26731,16883
27230,26732,16884
27231,26733,16885
27232,26734,16886
27233,26735,16887
27234,26736,16888
27235,26737,16889
27236,26738,16890
27237,26739,16891
27238,26740,16892
27239,26741,16893
27240,26742,16894
27241,26743,16895
27242,26744,16896
27243,26745,16897
27244,26746,16898
27245,26747,16899
27246,26748,16900
27247,26749,16901
27248,26750,16902
27249,26751,16903
27250,26752,16904
27251,26753,16905
27252,26754,16906
27253,26755,16907
27254,26756,16908
27255,26757,16909
27256,26758,16910
27257,26759,16911
27258,26760,16911
27259,26761,16911
27260,26762,16911
27261,26763,16911
27262,26764,16911
27263,26765,16911
27264,26766,16911
27265,26767,16911
27266,26768,16911
27267,26769,16911
27268,26770,16911
27269,26771,16911
27270,26772,16911
27271,26773,16911
27272,26774,16911
27273,26775,16911
27274,26776,16911
27275,26777,16911
27276,26778,16911
27277,26779,16911
27278,26780,16911
27279,26781,16911
27280,26782,16911
27281,26783,16911
27282,26784,16911
27283,26785,16911
27284,26786,16911
27285,26787,16911
27286,26788,16911
27287,26789,16911
27288,26790,16911
27289,26791,16911
27290,26792,16911
27291,26793,16911
27292,26794,16911
27293,26795,16911
27294,26796,16911
27295,26797,16911
27296,26798,16912
27297,26799,16913
27298,26800,16914
27299,26801,16915
27300,26802,16916
27301,26803,16917
27302,26804,16918
27303,26805,16919
27304,26806,16920
27305,26807,16921
27306,26808,16922
27307,26809,16923
27308,26810,16924
27309,26811,16925
27310,26812,16926
27311,26813,16927
27312,26814,16928
27313,26815,16929
27314,26816,16930
27315,26817,16931
27316,26818,16932
27317,26819,16933
27318,26820,16934
27319,26821,16935
27320,26822,16936
27321,26823,16937
27322,26824,16938
27323,26825,16939
27324,26826,16940
27325,26827,16941
27326,26828,16942
27327,26829,16943
27328,26830,16944
27329,26831,16945
27330,26832,16946
27331,26833,16947
27332,26834,16948
27333,26835,16949
27334,26836,16950
27335,26837,16951
27336,26838,16952
27337,26839,16953
27338,26840,16954
27339,26841,16955
27340,26842,16956
27341,26843,16957
27342,26844,16958
27343,26845,16959
27344,26846,16960
27345,26847,16961
27346,26848,16962
27347,26849,16963
27348,26850,16964
27349,26851,16965
27350,26852,16966
27351,26853,16967
27352,26854,16968
27353,26855,16969
27354,26856,16970
27355,26857,16971
27356,26858,16972
27357,26859,16973
27358,26860,16974
27359,26861,16975
27360,26862,16976
27361,26863,16977
27362,26864,16978
27363,26865,16979
27364,26866,16980
27365,26867,16981
27366,26868,16982
27367,26869,16983
27368,26870,16984
27369,26871,16985
27370,26872,16986
27371,26873,16987
27372,26874,16988
27373,26875,16989
27374,26876,16990
27375,26877,16991
27376,26878,16992
27377,26879,16993
27378,26880,16994
27379,26881,16995
27380,26882,16996
27381,26883,16997
27382,26884,16998
27383,26885,16998
27384,26886,16998
27385,26887,16998
27386,26888,16998
27387,26889,16998
27388,26890,16998
27389,26891,16998
27390,26892,16998
27391,26893,16998
27392,26894,16998
27393,26895,16998
27394,26896,16998
27395,26897,16998
27396,26898,16998
27397,26899,16998
27398,26900,16998
27399,26901,16998
27400,26902,16998
27401,26903,16998
27402,26904,16998
27403,26905,16998
27404,26906,16998
27405,26907,16998
27406,26908,16998
27407,26909,16998
27408,26910,16998
27409,26911,16998
27410,26912,16998
27411,26913,16998
27412,26914,16998
27413,26915,16998
27414,26916,16998
27415,26917,16998
27416,26918,16998
27417,26919,16998
27418,26920,16999
27419,26921,17000
27420,26922,17001
27421,26923,17002
27422,26924,17003
27423,26925,17004
27424,26926,17005
27425,26927,17006
27426,26928,17007
27427,26929,17008
27428,26930,17009
27429,26931,17010
27430,26932,17011
27431,26933,17012
27432,26934,17013
27433,26935,17014
27434,26936,17015
27435,26937,17016
27436,26938,17017
27437,26939,17018
27438,26940,17019
27439,26941,17020
27440,26942,17021
27441,26943,17022
27442,26944,17023
27443,26945,17024
27444,26946,17025
27445,26947,17026
27446,26948,17027
27447,26949,17028
27448,26950,17029
27449,26951,17030
27450,26952,17031
27451,26953,17032
27452,26954,17033
27453,26955,17034
27454,26956,17035
27455,26957,17036
27456,26958,17037
27457,26959,17038
27458,26960,17039
27459,26961,17040
27460,26962,17041
27461,26963,17042
27462,26964,17043
27463,26965,17044
27464,26966,17045
27465,26967,17046
27466,26968,17047
27467,26969,17048
27468,26970,17049
27469,26971,17050
27470,26972,17051
27471,26973,17052
27472,26974,17053
27473,26975,17054
27474,26976,17055
27475,26977,17056
27476,26978,17057
27477,26979,17058
27478,26980,17059
27479,26981,17060
27480,26982,17061
27481,26983,17062
27482,26984,17063
27483,26985,17064
27484,26986,17065
27485,26987,17066
27486,26988,17067
27487,26989,17068
27488,26990,17069
27489,26991,17070
27490,26992,17071
27491,26993,17072
27492,26994,17073
27493,26995,17074
27494,26996,17075
27495,26997,17076
27496,26998,17077
27497,26999,17078
27498,27000,17079
27499,27001,17080
27500,27002,17081
27501,27003,17082
27502,27004,17083
27503,27005,17084
27504,27006,17085
27505,27007,17086
27506,27008,17087
27507,27009,17088
27508,27010,17089
27509,27011,17090
27510,27012,17091
27511,27013,17092
27512,27014,17093
27513,27015,17094
27514,27016,17095
27515,27017,17096
27516,27018,17097
27517,27019,17098
27518,27020,17099
27519,27021,17100
27520,27022,17101
27521,27023,17102
27522,27024,17103
27523,27025,17104
27524,27026,17105
27525,27027,17106
27526,27028,17107
27527,27029,17108
27528,27030,17109
27529,27031,17110
27530,27032,17111
27531,27033,17112
27532,27034,17113
27533,27035,17114
27534,27036,17115
27535,27037,17116
27536,27038,17117
27537,27039,17118
27538,27040,17119
27539,27041,17120
27540,27042,17121
27541,27043,17122
27542,27044,17123
27543,27045,17124
27544,27046,17125
27545,27047,17126
27546,27048,17127
27547,27049,17128
27548,27050,17129
27549,27051,17130
27550,27052,17131
27551,27053,17132
27552,27054,17133
27553,27055,17134
27554,27056,17135
27555,27057,17136
27556,27058,17137
27557,27059,17138
27558,27060,17139
27559,27061,17140
27560,27062,17141
27561,27063,17142
27562,27064,17143
27563,27065,17144
27564,27066,17145
27565,27067,17146
27566,27068,17147
27567,27069,17148
27568,27070,17149
27569,27071,17150
27570,27072,17151
27571,27073,17152
27572,27074,17153
27573,27075,17154
27574,27076,17155
27575,27077,17156
27576,27078,17157
27577,27079,17158
27578,27080,17159
27579,27081,17160
27580,27082,17161
27581,27083,17162
27582,27084,17163
27583,27085,17164
27584,27086,17165
27585,27087,17166
27586,27088,17167
27587,27089,17168
27588,27090,17169
27589,27091,17170
27590,27092,17171
27591,27093,17172
27592,27094,17173
27593,27095,17174
27594,27096,17175
27595,27097,17176
27596,27098,17177
27597,27099,17178
27598,27100,17179
27599,27101,17180
27600,27102,17181
27601,27103,17182
27602,27104,17183
27603,27105,17184
27604,27106,17185
27605,27107,17186
27606,27108,17187
27607,27109,17188
27608,27110,17189
27609,27111,17190
27610,27112,17191
27611,27113,17192
27612,27114,17193
27613,27115,17194
27614,27116,17195
27615,27117,17196
27616,27118,17197
27617,27119,17198
27618,27120,17199
27619,27121,17200
27620,27122,17201
27621,27123,17202
27622,27124,17203
27623,27125,17204
27624,27126,17205
27625,27127,17206
27626,27128,17207
27627,27129,17208
27628,27130,17209
27629,27131,17210
27630,27132,17211
27631,27133,17212
27632,27134,17213
27633,27135,17214
27634,27136,17215
27635,27137,17216
27636,27138,17217
27637,27139,17218
27638,27140,17219
27639,27141,17220
27640,27142,17221
27641,27143,17222
27642,27144,17223
27643,27145,17224
27644,27146,17225
27645,27147,17226
27646,27148,17227
27647,27149,17228
27648,27150,17229
27649,27151,17230
27650,27152,17231
27651,27153,17232
27652,27154,17233
27653,27155,17234
27654,27156,17235
27655,27157,17236
27656,27158,17237
27657,27159,17238
27658,27160,17239
27659,27161,17240
27660,27162,17241
27661,27163,17242
27662,27164,17243
27663,27165,17244
27664,27166,17245
27665,27167,17246
27666,27168,17247
27667,27169,17248
27668,27170,17249
27669,27171,17250
27670,27172,17251
27671,27173,17252
27672,27174,17253
27673,27175,17254
27674,27176,17255
27675,27177,17256
27676,27178,17257
27677,27179,17258
27678,27180,17259
27679,27181,17260
27680,27182,17261
27681,27183,17262
27682,27184,17263
27683,27185,17264
27684,27186,17265
27685,27187,17266
27686,27188,17267
27687,27189,17268
27688,27190,17268
27689,27191,17268
27690,27192,17268
27691,27193,17268
27692,27194,17268
27693,27195,17268
27694,27196,17268
27695,27197,17268
27696,27198,17268
27697,27199,17268
27698,27200,17268
27699,27201,17268
27700,27202,17268
27701,27203,17269
27702,27204,17270
27703,27205,17271
27704,27206,17272
27705,27207,17273
27706,27208,17274
27707,27209,17275
27708,27210,17276
27709,27211,17277
27710,27212,17278
27711,27213,17279
27712,27214,17280
27713,27215,17281
27714,27216,17282
27715,27217,17283
27716,27218,17284
27717,27219,17285
27718,27220,17286
27719,27221,17287
27720,27222,17288
27721,27223,17289
27722,27224,17290
27723,27225,17291
27724,27226,17292
27725,27227,17293
27726,27228,17294
27727,27229,17295
27728,27230,17296
27729,27231,17297
27730,27232,17298
27731,27233,17299
27732,27234,17300
27733,27235,17301
27734,27236,17302
27735,27237,17303
27736,27238,17304
27737,27239,17305
27738,27240,17306
27739,27241,17307
27740,27242,17308
27741,27243,17309
27742,27244,17310
27743,27245,17311
27744,27246,17312
27745,27247,17313
27746,27248,17314
27747,27249,17315
27748,27250,17316
27749,27251,17317
27750,27252,17318
27751,27253,17319
27752,27254,17320
27753,27255,17321
27754,27256,17322
27755,27257,17323
27756,27258,17324
27757,27259,17325
27758,27260,17326
27759,27261,17327
27760,27262,17328
27761,27263,17329
27762,27264,17330
27763,27265,17331
27764,27266,17332
27765,27267,17333
27766,27268,17334
27767,27269,17335
27768,27270,17336
27769,27271,17337
27770,27272,17338
27771,27273,17339
27772,27274,17340
27773,27275,17341
27774,27276,17342
27775,27277,17343
27776,27278,17344
27777,27279,17345
27778,27280,17346
27779,27281,17347
27780,27282,17348
27781,27283,17349
27782,27284,17350
27783,27285,17351
27784,27286,17352
27785,27287,17353
27786,27288,17354
27787,27289,17355
27788,27290,17356
27789,27291,17357
27790,27292,17358
27791,27293,17359
27792,27294,17360
27793,27295,17361
27794,27296,17362
27795,27297,17363
27796,27298,17364
27797,27299,17365
27798,27300,17366
27799,27301,17367
27800,27302,17368
27801,27303,17369
27802,27304,17370
27803,27305,17371
27804,27306,17372
27805,27307,17373
27806,27308,17374
27807,27309,17375
27808,27310,17376
27809,27311,17377
27810,27312,17378
27811,27313,17379
27812,27314,17380
27813,27315,17381
27814,27316,17382
27815,27317,17383
27816,27318,17384
27817,27319,17385
27818,27320,17386
27819,27320,17387
27820,27320,17388
27821,27320,17389
27822,27320,17390
27823,27320,17391
27824,27320,17392
27825,27320,17393
27826,27320,17394
27827,27320,17395
27828,27321,17396
27829,27322,17397
27830,27323,17398
27831,27324,17399
27832,27325,17400
27833,27326,17401
27834,27327,17402
27835,27328,17403
27836,27329,17404
27837,27330,17405
27838,27331,17406
27839,27332,17407
27840,27333,17408
27841,27334,17409
27842,27335,17410
27843,27336,17411
27844,27337,17412
27845,27338,17413
27846,27339,17414
27847,27340,17415
27848,27340,17416
27849,27340,17417
27850,27340,17418
27851,27340,17419
27852,27341,17420
27853,27342,17421
27854,27343,17422
27855,27344,17423
27856,27345,17424
27857,27346,17425
27858,27347,17426
27859,27348,17427
27860,27349,17428
27861,27350,17429
27862,27351,17430
27863,27352,17431
27864,27353,17432
27865,27354,17433
27866,27355,17434
27867,27356,17435
27868,27357,17436
27869,27358,17437
27870,27359,17438
27871,27360,17439
27872,27360,17440
27873,27360,17441
27874,27360,17442
27875,27360,17443
27876,27360,17444
27877,27360,17445
27878,27360,17446
27879,27360,17447
27880,27360,17448
27881,27360,17449
27882,27361,17450
27883,27362,17451
27884,27363,17452
27885,27364,17453
27886,27365,17454
27887,27366,17455
27888,27367,17456
27889,27368,17457
27890,27369,17458
27891,27370,17459
27892,27371,17460
27893,27372,17461
27894,27373,17462
27895,27374,17463
27896,27375,17464
27897,27376,17465
27898,27377,17466
27899,27378,17467
27900,27379,17468
27901,27380,17469
27902,27381,17470
27903,27382,17471
27904,27383,17472
27905,27384,17473
27906,27385,17474
27907,27386,17475
27908,27387,17476
27909,27388,17477
27910,27389,17478
27911,27390,17479
27912,27391,17480
27913,27392,17481
27914,27393,17482
27915,27394,17483
27916,27395,17484
27917,27396,17485
27918,27397,17486
27919,27398,17487
27920,27399,17488
27921,27400,17489
27922,27400,17490
27923,27400,17491
27924,27400,17492
27925,27400,17493
27926,27400,17494
27927,27400,17495
27928,27400,17496
27929,27400,17497
27930,27400,17498
27931,27400,17499
27932,27400,17500
27933,27400,17501
27934,27400,17502
27935,27400,17503
27936,27400,17504
27937,27401,17505
27938,27402,17506
27939,27403,17507
27940,27404,17508
27941,27405,17509
27942,27406,17510
27943,27407,17511
27944,27408,17512
27945,27409,17513
27946,27410,17514
27947,27411,17515
27948,27412,17516
27949,27413,17517
27950,27414,17518
27951,27415,17519
27952,27416,17520
27953,27417,17521
27954,27418,17522
27955,27419,17523
27956,27420,17524
27957,27421,17525
27958,27422,17526
27959,27423,17527
27960,27424,17528
27961,27425,17529
27962,27426,17530
27963,27427,17531
27964,27428,17532
27965,27429,17533
27966,27430,17534
27967,27431,17535
27968,27432,17536
27969,27433,17537
27970,27434,17538
27971,27435,17539
27972,27436,17540
27973,27437,17541
27974,27438,17542
27975,27439,17543
27976,27440,17544
27977,27440,17545
27978,27440,17546
27979,27440,17547
27980,27440,17548
27981,27440,17549
27982,27440,17550
27983,27440,17551
27984,27440,17552
27985,27440,17553
27986,27440,17554
27987,27440,17555
27988,27441,17556
27989,27442,17557
27990,27443,17558
27991,27444,17559
27992,27445,17560
27993,27446,17561
27994,27447,17562
27995,27448,17563
27996,27449,17564
27997,27450,17565
27998,27451,17566
27999,27452,17567
28000,27453,17568
28001,27454,17569
28002,27455,17570
28003,27456,17571
28004,27457,17572
28005,27458,17573
28006,27459,17574
28007,27460,17575
28008,27461,17576
28009,27462,17577
28010,27463,17578
28011,27464,17579
28012,27465,17580
28013,27466,17581
28014,27467,17582
28015,27468,17583
28016,27469,17584
28017,27470,17585
28018,27471,17586
28019,27472,17587
28020,27473,17588
28021,27474,17589
28022,27475,17590
28023,27476,17591
28024,27477,17592
28025,27478,17593
28026,27479,17594
28027,27480,17595
28028,27480,17596
28029,27480,17597
28030,27480,17598
28031,27480,17599
28032,27480,17600
28033,27480,17601
28034,27480,17602
28035,27480,17603
28036,27480,17604
28037,27480,17605
28038,27480,17606
28039,27480,17607
28040,27480,17608
28041,27480,17609
28042,27480,17610
28043,27480,17611
28044,27480,17612
28045,27480,17613
28046,27480,17614
28047,27480,17615
28048,27480,17616
28049,27480,17617
28050,27480,17618
28051,27480,17619
28052,27481,17620
28053,27482,17621
28054,27483,17622
28055,27484,17623
28056,27485,17624
28057,27486,17625
28058,27487,17626
28059,27488,17627
28060,27489,17628
28061,27490,17629
28062,27491,17630
28063,27492,17631
28064,27493,17632
28065,27494,17633
28066,27495,17634
28067,27496,17635
28068,27497,17636
28069,27498,17637
28070,27499,17638
28071,27500,17639
28072,27501,17640
28073,27502,17641
28074,27503,17642
28075,27504,17643
28076,27505,17644
28077,27506,17645
28078,27507,17646
28079,27508,17647
28080,27509,17648
28081,27510,17649
28082,27511,17650
28083,27512,17651
28084,27513,17652
28085,27514,17653
28086,27515,17654
28087,27516,17655
28088,27517,17656
28089,27518,17657
28090,27519,17658
28091,27520,17659
28092,27521,17660
28093,27522,17661
28094,27523,17662
28095,27524,17663
28096,27525,17664
28097,27526,17664
28098,27527,17664
28099,27528,17664
28100,27529,17664
28101,27530,17664
28102,27531,17664
28103,27532,17664
28104,27533,17664
28105,27534,17664
28106,27535,17664
28107,27536,17664
28108,27537,17664
28109,27538,17664
28110,27539,17664
28111,27540,17664
28112,27541,17664
28113,27542,17664
28114,27543,17664
28115,27544,17664
28116,27545,17664
28117,27546,17664
28118,27547,17664
28119,27548,17664
28120,27549,17664
28121,27550,17664
28122,27551,17664
28123,27552,17664
28124,27553,17664
28125,27554,17664
28126,27555,17664
28127,27556,17664
28128,27557,17664
28129,27558,17664
28130,27559,17664
28131,27560,17664
28132,27561,17664
28133,27562,17664
28134,27563,17664
28135,27564,17664
28136,27565,17664
28137,27566,17664
28138,27567,17664
28139,27568,17664
28140,27569,17664
28141,27570,17664
28142,27571,17665
28143,27572,17666
28144,27573,17667
28145,27574,17668
28146,27575,17669
28147,27576,17670
28148,27577,17671
28149,27578,17672
28150,27579,17673
28151,27580,17674
28152,27581,17675
28153,27582,17676
28154,27583,17677
28155,27584,17678
28156,27585,17679
28157,27586,17680
28158,27587,17681
28159,27588,17682
28160,27589,17683
28161,27590,17684
28162,27591,17685
28163,27592,17686
28164,27593,17687
28165,27594,17688
28166,27595,17689
28167,27596,17690
28168,27597,17691
28169,27598,17692
28170,27599,17693
28171,27600,17694
28172,27601,17695
28173,27602,17696
28174,27603,17697
28175,27604,17698
28176,27605,17699
28177,27606,17700
28178,27607,17701
28179,27608,17702
28180,27609,17703
28181,27610,17704
28182,27611,17705
28183,27612,17706
28184,27613,17707
28185,27614,17708
28186,27615,17709
28187,27616,17710
28188,27617,17711
28189,27618,17712
28190,27619,17713
28191,27620,17714
28192,27621,17715
28193,27622,17716
28194,27623,17717
28195,27624,17718
28196,27625,17719
28197,27626,17720
28198,27627,17721
28199,27628,17722
28200,27629,17723
28201,27630,17724
28202,27631,17725
28203,27632,17726
28204,27633,17727
28205,27634,17728
28206,27635,17729
28207,27636,17730
28208,27637,17731
28209,27638,17732
28210,27639,17733
28211,27640,17734
28212,27641,17735
28213,27642,17736
28214,27643,17737
28215,27644,17738
28216,27645,17739
28217,27646,17740
28218,27647,17741
28219,27648,17742
28220,27649,17743
28221,27650,17744
28222,27651,17745
28223,27652,17746
28224,27653,17747
28225,27654,17748
28226,27655,17749
28227,27656,17750
28228,27657,17751
28229,27658,17752
28230,27659,17753
28231,27660,17754
28232,27661,17755
28233,27662,17756
28234,27663,17757
28235,27664,17758
28236,27665,17759
28237,27666,17760
28238,27667,17761
28239,27668,17762
28240,27669,17763
28241,27670,17764
28242,27671,17765
28243,27672,17766
28244,27673,17767
28245,27674,17768
28246,27675,17769
28247,27676,17770
28248,27677,17771
28249,27678,17772
28250,27679,17773
28251,27680,17774
